encounter_key,source_system,source_record_id,facility_id,facility_name,facility_type,patient_key,age_band,sex,patient_zip3,admit_date,discharge_date,length_of_stay_days,encounter_type,primary_dx_code,dx_description,chronic_category,attending_npi,attending_specialty_at_encounter,attending_employment_status_at_encounter,payer_category,billed_amount_usd,claim_status,readmit_30d_flag,version_count,source_batch_id,source_file_name,source_row_number
86e719957d0d569769d6f3b9c7a2e2134044662d63e56fe9200091e5957c6955,EPIC_NORTH,E2629222,FAC001,Lakeshore General Hospital,Acute Care Hospital,aaac25b97f7d2c80c945d7b70f1d945b4c86f5138c6b5c62b6a3b0d737fc5d0f,40-64,M,541,2024-01-02,2024-01-13,11,INPATIENT,E11.65,Type 2 diabetes mellitus with hyperglycemia,DIABETES,1440029787,Internal Medicine,Affiliated,COMMERCIAL,55884.50,PAID,0,1,batch_001,encounters_epic_north.csv,245
30029188d8bcf808a129916b5d6a0675eaa84f6e15e41a4faa15e03a7fbf94ff,LEGACY_MEDITECH,138925,FAC004,Riverbend Community Hospital,Critical Access Hospital,4b492259c5107414ecfbbf2be8c55f58bef784998a118c7e2e9dac542852b4cd,40-64,F,524,2024-01-03,2024-01-12,9,INPATIENT,J44.1,Chronic obstructive pulmonary disease with (acute) exacerbation,COPD,1406925663,Hospitalist,Affiliated,COMMERCIAL,52712.93,PAID,0,1,batch_002,encounters_legacy_meditech.csv,243
e4ee34ab9a9b80b8a0f698dfdf536681d5fa7c168b524ffbe8b807e6ad49aca9,EPIC_NORTH,E5712835,FAC002,St. Brendan Medical Center,Acute Care Hospital,d769b914a48be6700dd87466837ffb3dc8165fdc4533df41d2693e516938d158,40-64,F,537,2024-01-04,2024-01-06,2,INPATIENT,I50.22,Chronic systolic (congestive) heart failure,HEART_FAILURE,1642524775,Internal Medicine,Employed,COMMERCIAL,13811.63,PAID,1,1,batch_001,encounters_epic_north.csv,375
b30d830dce96887b5856fdde8c514191fd2cc48ec8f5eb7dddacdf939cb52139,EPIC_NORTH,E4785753,FAC001,Lakeshore General Hospital,Acute Care Hospital,bfd1fa374b8aff71041201fd7937a30a58259a25500af659474a80a0e3819bc5,40-64,M,537,2024-01-11,2024-01-13,2,INPATIENT,J44.1,Chronic obstructive pulmonary disease with (acute) exacerbation,COPD,1309114175,Hospitalist,Employed,MEDICAID,31594.81,PAID,1,2,batch_002,encounters_epic_north.csv,105
0d09b41a8d0f57ed9791f63d63ed6233573127cc7e91b7c6cdb6e6f2af4d04a3,EPIC_NORTH,E9602578,FAC002,St. Brendan Medical Center,Acute Care Hospital,150642d47854cf4162ee711aa094405850b5707053915daae2448963a9e113aa,40-64,F,537,2024-01-11,2024-01-11,0,EMERGENCY,J44.1,Chronic obstructive pulmonary disease with (acute) exacerbation,COPD,1028382228,Emergency Medicine,Employed,COMMERCIAL,8038.86,PAID,,1,batch_001,encounters_epic_north.csv,1270
d64220d642b2f3e527986f658428546b3c95aee5558f19955f3a089a3197ec5f,EPIC_NORTH,E1936288,FAC001,Lakeshore General Hospital,Acute Care Hospital,ad28ed378e05a5a26c123f97e79b3b2744a46ddafc8a0f54aae8366e57ef0bb1,40-64,M,537,2024-01-14,2024-01-19,5,INPATIENT,E11.65,Type 2 diabetes mellitus with hyperglycemia,DIABETES,1701079810,Pulmonology,Employed,MEDICAID,8299.29,PAID,0,1,batch_001,encounters_epic_north.csv,900
93b32aa693fe28a2cd3cfe2743f35c096b792c61fb6b092e2d1989ad1b151cb7,LEGACY_MEDITECH,113421,FAC004,Riverbend Community Hospital,Critical Access Hospital,2dc0c62f98d40397a72762fb259f66700df6c5f10e581c9a36b155beef5a24cb,40-64,M,520,2024-01-15,2024-01-23,8,INPATIENT,I50.9,"Heart failure, unspecified",HEART_FAILURE,1585003704,Internal Medicine,Affiliated,OTHER,19228.91,PAID,0,1,batch_002,encounters_legacy_meditech.csv,48
4efbdc0207ae665473106e509794cc991e1087f91a018e42449ab6847a69e12c,LEGACY_MEDITECH,122681,FAC004,Riverbend Community Hospital,Critical Access Hospital,9011221dcfc658d0a938717af02c54fca52524b527ac9e7946dbde2ab7b3c608,40-64,M,520,2024-01-16,2024-01-20,4,INPATIENT,N18.6,End stage renal disease,CKD,1585003704,Internal Medicine,Affiliated,SELF_PAY,9256.93,DENIED,0,1,batch_002,encounters_legacy_meditech.csv,109
26a3c49ac6a4247d7343a02da32f2fe1ac66d7e73ab9e26aa42a520751d7cb2f,EPIC_NORTH,E7146065,FAC002,St. Brendan Medical Center,Acute Care Hospital,d7747976dbae590d4f8864ec50a1eeaa5433fa9c628e31d3e20139d9ceb27506,40-64,F,531,2024-01-21,2024-02-02,12,INPATIENT,J44.1,Chronic obstructive pulmonary disease with (acute) exacerbation,COPD,1642524775,Internal Medicine,Employed,COMMERCIAL,38512.67,PAID,0,1,batch_001,encounters_epic_north.csv,843
18d9a1c9712fe2bb069bdcaf4639218320ca4380d67c0ca8f995187c26d016a8,EPIC_NORTH,E9337833,FAC002,St. Brendan Medical Center,Acute Care Hospital,d769b914a48be6700dd87466837ffb3dc8165fdc4533df41d2693e516938d158,40-64,F,537,2024-01-22,2024-01-30,8,INPATIENT,I50.9,"Heart failure, unspecified",HEART_FAILURE,1105218543,Nephrology,Employed,COMMERCIAL,21172.72,PAID,1,1,batch_001,encounters_epic_north.csv,650
e0a2689cde8975f0ae3f66a0cf45af988165aeb27d0b371bb429cb3f5899c8d4,EPIC_NORTH,E6414511,FAC001,Lakeshore General Hospital,Acute Care Hospital,bfd1fa374b8aff71041201fd7937a30a58259a25500af659474a80a0e3819bc5,40-64,M,537,2024-01-25,2024-02-04,10,INPATIENT,J44.1,Chronic obstructive pulmonary disease with (acute) exacerbation,COPD,1778486484,Internal Medicine,Employed,MEDICAID,43789.90,PAID,1,1,batch_001,encounters_epic_north.csv,551
aa6c8b3b457529d1fd5d9f30e131c16e2db21acbb6d74a0e5dffcab7baeaccac,EPIC_NORTH,E3018070,FAC002,St. Brendan Medical Center,Acute Care Hospital,42e17e1c55b01b32cf5d68a559a46888d17c3e4793e6c75cc9646c42187ffd0f,18-39,F,543,2024-01-30,2024-01-31,1,EMERGENCY,E11.65,Type 2 diabetes mellitus with hyperglycemia,DIABETES,1028382228,Emergency Medicine,Employed,COMMERCIAL,5000.00,PAID,,1,batch_001,encounters_epic_north.csv,272
efa06a53f0f93515f73c3a5f5f004e3ce8b85bbad780e36e8ec8de89b1cae1fa,EPIC_NORTH,E4552215,FAC002,St. Brendan Medical Center,Acute Care Hospital,e20e94c379775d102e7a0c5899517413004be9a8137011b0be547e8c9b713da5,40-64,F,537,2024-01-31,2024-02-08,8,INPATIENT,I10,Essential (primary) hypertension,HYPERTENSION,1008754750,Hospitalist,Employed,MEDICAID,45183.06,PAID,0,1,batch_001,encounters_epic_north.csv,1424
35ce40486e9d0a3e613c94cd5303393e5afb176a79143e34fdf8347b527e0b72,EPIC_NORTH,E9242053,FAC002,St. Brendan Medical Center,Acute Care Hospital,3be5563a8fdc16588804f17b48b1a14723df0ce42a9b44e09dcabb1554f1e124,65+,M,531,2024-01-31,2024-02-02,2,INPATIENT,N18.6,End stage renal disease,CKD,1939494823,Pulmonology,Employed,MEDICARE,10857.20,DENIED,0,1,batch_001,encounters_epic_north.csv,901
6cb4f718cff7d10b222fdfb6e3fdc723a4cbd5c3293c85f61c69990467ebd0d7,EPIC_NORTH,E6874762,FAC002,St. Brendan Medical Center,Acute Care Hospital,d769b914a48be6700dd87466837ffb3dc8165fdc4533df41d2693e516938d158,40-64,F,537,2024-02-02,2024-02-11,9,INPATIENT,I50.22,Chronic systolic (congestive) heart failure,HEART_FAILURE,1836016109,Hospitalist,Employed,COMMERCIAL,10720.01,PAID,0,1,batch_001,encounters_epic_north.csv,1272
e27ccd42f8e50bb88e2a39bb06188a95a21331c95b7c50519288cf2846087660,EPIC_NORTH,E8674071,FAC002,St. Brendan Medical Center,Acute Care Hospital,3be5563a8fdc16588804f17b48b1a14723df0ce42a9b44e09dcabb1554f1e124,65+,M,531,2024-02-02,2024-02-11,9,INPATIENT,N18.6,End stage renal disease,CKD,1008754750,Hospitalist,Employed,MEDICARE,41590.61,PAID,0,1,batch_001,encounters_epic_north.csv,60
b951a2f3a7054c2fc4fd73b2eabcd005ccea4f67b3b695daebbd8d74e8de61c8,EPIC_NORTH,E6688063,FAC001,Lakeshore General Hospital,Acute Care Hospital,bfd1fa374b8aff71041201fd7937a30a58259a25500af659474a80a0e3819bc5,40-64,M,537,2024-02-05,2024-02-06,1,INPATIENT,J44.1,Chronic obstructive pulmonary disease with (acute) exacerbation,COPD,1472671472,Cardiology,Affiliated,MEDICAID,17281.45,PAID,0,1,batch_001,encounters_epic_north.csv,198
a5ef19464faf0a2aaf0bc502433bce2a44219498a835b77fe99854b017194bc7,EPIC_NORTH,E8129864,FAC001,Lakeshore General Hospital,Acute Care Hospital,e0d1a66ce5ff46b9e3c77932de49fb8fa8d7ac6c7ca9fbf801c40f3b13e0082f,40-64,M,531,2024-02-05,2024-02-09,4,INPATIENT,E11.65,Type 2 diabetes mellitus with hyperglycemia,DIABETES,1139986982,Hospitalist,Employed,COMMERCIAL,16893.83,PAID,0,1,batch_001,encounters_epic_north.csv,1129
57881cfc35c92584c33b7b6335f9864a50de0a185ada0f32962f890c0e4e8fbd,LEGACY_MEDITECH,126126,FAC004,Riverbend Community Hospital,Critical Access Hospital,2b2578c943d7024b532d2802d1b3bc88d5f32db9aa63890e359b943535b35b1e,18-39,F,524,2024-02-07,2024-02-07,0,OBSERVATION,J44.1,Chronic obstructive pulmonary disease with (acute) exacerbation,COPD,1129110288,Hospitalist,Affiliated,SELF_PAY,7390.10,PAID,,1,batch_002,encounters_legacy_meditech.csv,121
f554952c2eb1e728ab62cd6dab17043e9ad4c497914376d9ad1b42495aed2b5f,EPIC_NORTH,E4045437,FAC002,St. Brendan Medical Center,Acute Care Hospital,3335d4c0d55cfd5360eb911653a987f6c5241803378dd97f0ed7d84af3e65b67,40-64,M,531,2024-02-10,2024-02-10,0,EMERGENCY,N18.6,End stage renal disease,CKD,1229836956,Emergency Medicine,Affiliated,COMMERCIAL,6667.99,PAID,,1,batch_001,encounters_epic_north.csv,755
a7b585dbd41e5ab248c210d5642e3cf815ed00555b19eb1c62fe48b1f9df6434,EPIC_NORTH,E4418536,FAC001,Lakeshore General Hospital,Acute Care Hospital,0e63056066bf850f7d8e188ea22aa28a3767c8b4ca46046e08068e7cf0b03837,40-64,F,531,2024-02-13,2024-02-13,0,OBSERVATION,I50.22,Chronic systolic (congestive) heart failure,HEART_FAILURE,1536455680,Hospitalist,Affiliated,OTHER,15839.20,PAID,,1,batch_001,encounters_epic_north.csv,456
97351719b7ca4c2b9b2b7458a7112dfc43142b6f33c325cdcfd3af600b03c1b1,EPIC_NORTH,E2798430,FAC002,St. Brendan Medical Center,Acute Care Hospital,90036f0185398658a774e980f5a1dd4af508463c97b0ea104c40d056675c49ff,40-64,M,543,2024-02-16,2024-02-24,8,INPATIENT,J44.1,Chronic obstructive pulmonary disease with (acute) exacerbation,COPD,1836016109,Hospitalist,Employed,MEDICAID,22416.88,PAID,1,1,batch_001,encounters_epic_north.csv,1315
868fc6279e09ead5b6b95c03121c3b194a6a27acafffbd18ae482b02787adc25,EPIC_NORTH,E2855509,FAC001,Lakeshore General Hospital,Acute Care Hospital,8f11fdb20a4839302341be96d687bb9ea2bf37a4de11eeee544cc6fede5b7e12,40-64,F,532,2024-02-17,2024-02-20,3,INPATIENT,E11.65,Type 2 diabetes mellitus with hyperglycemia,DIABETES,1778486484,Internal Medicine,Employed,COMMERCIAL,19492.99,PAID,0,1,batch_001,encounters_epic_north.csv,1234
348b1c1f07c41f5cddf50ac2bf344f180b358cb896a2619b026c959f99230f53,EPIC_NORTH,E1023983,FAC002,St. Brendan Medical Center,Acute Care Hospital,dd682a3c2228d33123bf15472922c9df4a44eb43ecaf75be50e09a6b09115379,18-39,F,541,2024-02-19,2024-02-19,0,OBSERVATION,J45.901,Unspecified asthma with (acute) exacerbation,ASTHMA,1642524775,Internal Medicine,Employed,COMMERCIAL,13577.82,PAID,,1,batch_001,encounters_epic_north.csv,399
5504405d377ec2d1af1e99dd46cf1c335e5adb066e1f592ed0d399ed2bc3b23c,EPIC_NORTH,E2675682,FAC002,St. Brendan Medical Center,Acute Care Hospital,b41393795511818cebc5d881a5d130c41d04a3817acd298a5f00c13cab3a974f,65+,M,531,2024-02-19,2024-02-20,1,INPATIENT,I10,Essential (primary) hypertension,HYPERTENSION,1682052588,Cardiology,Affiliated,COMMERCIAL,18699.67,PAID,0,1,batch_001,encounters_epic_north.csv,396
698790db6b0b15f2c4ccefaa98139e1eed464c72dd9eebda04b16994f35cd5b6,EPIC_NORTH,E5025126,FAC002,St. Brendan Medical Center,Acute Care Hospital,90036f0185398658a774e980f5a1dd4af508463c97b0ea104c40d056675c49ff,40-64,M,543,2024-02-22,2024-02-28,6,INPATIENT,E11.65,Type 2 diabetes mellitus with hyperglycemia,DIABETES,1105218543,Nephrology,Employed,MEDICAID,65126.28,PAID,0,1,batch_001,encounters_epic_north.csv,652
2381bdd721b83c5a04ec69b5c4b5aa7b7d6e1399900572c970de3995bfd6358f,EPIC_NORTH,E6164562,FAC001,Lakeshore General Hospital,Acute Care Hospital,e52b39d4dec5735d23a20fdbb8710f2ab61b17c67fe0e1b669703961fdba74a0,40-64,M,532,2024-02-22,2024-02-22,0,EMERGENCY,J44.1,Chronic obstructive pulmonary disease with (acute) exacerbation,COPD,1447294053,Emergency Medicine,Employed,MEDICARE,5234.41,PAID,,1,batch_001,encounters_epic_north.csv,1413
55416de702671f8e1a1483875de49a48e19f8a8edcafa0e2e5c33f43683898c3,EPIC_NORTH,E3955940,FAC001,Lakeshore General Hospital,Acute Care Hospital,6cb7f36b555c6a5d930d584934faf89d2b4deb118fcdb66e971ecb2d94645f62,40-64,F,531,2024-02-27,2024-03-01,3,INPATIENT,J44.1,Chronic obstructive pulmonary disease with (acute) exacerbation,COPD,1440029787,Internal Medicine,Affiliated,COMMERCIAL,10550.26,PAID,0,1,batch_001,encounters_epic_north.csv,472
134f233f53500d67d5b8b54057c5d28f274ac382d18263bc08b815e0f6f58bdb,EPIC_NORTH,E9183428,FAC002,St. Brendan Medical Center,Acute Care Hospital,e52db20e869c2aba3b6b5f4e780bba2bd7624541e0d87ce30256e35ab99602ec,40-64,M,541,2024-02-27,2024-02-28,1,INPATIENT,I10,Essential (primary) hypertension,HYPERTENSION,1771884131,Internal Medicine,Employed,COMMERCIAL,76844.70,PAID,0,1,batch_001,encounters_epic_north.csv,859
6e022111bcccd7d688c8cdc45ed84eb766b2a5d25f4d0e4946dff6a4e1a72be1,EPIC_NORTH,E6167813,FAC001,Lakeshore General Hospital,Acute Care Hospital,90036f0185398658a774e980f5a1dd4af508463c97b0ea104c40d056675c49ff,40-64,M,543,2024-02-28,2024-03-07,8,INPATIENT,E11.65,Type 2 diabetes mellitus with hyperglycemia,DIABETES,1452059979,Nephrology,Employed,MEDICAID,10144.43,PAID,0,1,batch_001,encounters_epic_north.csv,1425
12f70a9dc52232f566ca75e09a4091feb6b297c2f1c31c06db6ef2f10e5a76e7,EPIC_NORTH,E1136149,FAC002,St. Brendan Medical Center,Acute Care Hospital,7020d62fd3ac91af45f82e04d78564cd4660dc95904559da9812a21ed4b15b8d,40-64,F,537,2024-03-02,2024-03-05,3,INPATIENT,I10,Essential (primary) hypertension,HYPERTENSION,1836016109,Hospitalist,Employed,COMMERCIAL,38828.21,PAID,0,1,batch_001,encounters_epic_north.csv,493
838fd49ff13870a8487856f9da6cf3b62c608a5c1b4cff4a0d16055fed9c0f64,EPIC_NORTH,E9269843,FAC001,Lakeshore General Hospital,Acute Care Hospital,1c88649def79030b7bcaeb352364a2250fa235edfa6b261662c5447e275cb8dc,40-64,F,532,2024-03-02,2024-03-02,0,EMERGENCY,J44.1,Chronic obstructive pulmonary disease with (acute) exacerbation,COPD,1809320819,Emergency Medicine,Employed,MEDICARE,8775.54,PAID,,1,batch_001,encounters_epic_north.csv,579
cde222b6ae5baa2facfb676a1237e4d60fb9dc1cf4a8681f0337521679c1f609,EPIC_NORTH,E3827188,FAC002,St. Brendan Medical Center,Acute Care Hospital,53c4461ba7222897ed82fe91b0edf7375a901ed6b0eed8df349c850eda5784a7,18-39,F,531,2024-03-04,2024-03-05,1,INPATIENT,I10,Essential (primary) hypertension,HYPERTENSION,1836016109,Hospitalist,Employed,MEDICAID,92469.56,PAID,0,1,batch_001,encounters_epic_north.csv,666
cba0796341f979cc271b383274eed9e2ef9f0020e9db97ee3b3b6c94a732aaf8,EPIC_NORTH,E9176645,FAC001,Lakeshore General Hospital,Acute Care Hospital,bf3bb69ca37d4879474f1cff09f14e776cfbb759732855e7e718b954a2fa0306,65+,F,531,2024-03-06,2024-03-14,8,INPATIENT,I10,Essential (primary) hypertension,HYPERTENSION,1472671472,Cardiology,Affiliated,MEDICARE,9872.48,PAID,0,1,batch_001,encounters_epic_north.csv,1180
d844f269c5a2f9e85119ece5747d4976946a1865a801f0486b2f09a2ec4d0c9e,LEGACY_MEDITECH,105340,FAC004,Riverbend Community Hospital,Critical Access Hospital,a3dd71bcc327b10fe1b25839ee2adcb81ce2069953a2d096ed6a3e205c15fb49,18-39,F,537,2024-03-06,2024-03-12,6,INPATIENT,I10,Essential (primary) hypertension,HYPERTENSION,1406925663,Hospitalist,Affiliated,OTHER,14052.89,PAID,0,2,batch_002,encounters_legacy_meditech.csv,175
45dcff6c3f272dc21788f8f5c693b43b17def374e706e3187adf5bc1040c5bbb,EPIC_NORTH,E2625974,FAC001,Lakeshore General Hospital,Acute Care Hospital,9d8fb802a09dbe3c7637474b1d8bea017f6c25558da649e6cd5646d7b2f9851d,40-64,M,541,2024-03-09,2024-03-20,11,INPATIENT,I50.9,"Heart failure, unspecified",HEART_FAILURE,1701079810,Pulmonology,Employed,COMMERCIAL,20332.93,PAID,0,1,batch_001,encounters_epic_north.csv,340
029bbd798cf1c2c66119122f77516241392622afddc7cbe5dbe61dda367a9e42,LEGACY_MEDITECH,105771,FAC004,Riverbend Community Hospital,Critical Access Hospital,f64579cbae85c724afee09cab512178d5825c45cf51d2d9266a30c011f542732,40-64,M,520,2024-03-09,2024-03-14,5,INPATIENT,E11.65,Type 2 diabetes mellitus with hyperglycemia,DIABETES,1406925663,Hospitalist,Affiliated,COMMERCIAL,46307.20,PAID,0,1,batch_001,encounters_legacy_meditech.csv,39
b13042fe8af94a2a24ef1d838cc9e4a66e6ddd8f7eb82b08c849967d1e7ea249,LEGACY_MEDITECH,114474,FAC004,Riverbend Community Hospital,Critical Access Hospital,ac5ee46ea0f4df37b2a1e078064e310be8162d8479e910816797e99b2d446f50,40-64,F,531,2024-03-10,2024-03-17,7,INPATIENT,I10,Essential (primary) hypertension,HYPERTENSION,1585003704,Internal Medicine,Affiliated,MEDICAID,21270.23,PAID,0,1,batch_001,encounters_legacy_meditech.csv,85
9909902feef0d479ae6638cfcba1260f0286b22310da29efd13f2c5f5937b70b,LEGACY_MEDITECH,107263,FAC004,Riverbend Community Hospital,Critical Access Hospital,b067572502003964263cc878cd23ac1cbfa379c7ac3593a2ee417827ad5c327b,40-64,F,520,2024-03-12,2024-03-20,8,INPATIENT,I50.22,Chronic systolic (congestive) heart failure,HEART_FAILURE,1129110288,Hospitalist,Affiliated,COMMERCIAL,33865.68,PAID,0,1,batch_001,encounters_legacy_meditech.csv,214
32f0b61cc1dfe98a5dd78dfb9d21974ace6ccc6ff7d23871678e29b3242f787d,EPIC_NORTH,E7668183,FAC001,Lakeshore General Hospital,Acute Care Hospital,06bf7a1d03ddebabb1547089018afcf769861c2a1c07eb4c3234771be410b89b,40-64,F,524,2024-03-13,2024-03-15,2,OBSERVATION,I10,Essential (primary) hypertension,HYPERTENSION,1440029787,Internal Medicine,Affiliated,COMMERCIAL,15787.08,PAID,,1,batch_001,encounters_epic_north.csv,886
94c7b41f033df831c4eb39898f114827005d23357be836ac0f4442ba584cb59c,EPIC_NORTH,E9563242,FAC001,Lakeshore General Hospital,Acute Care Hospital,483f06416eb921a01656a02123c3cc02482e2d233173d4d13369fb552fdad39a,40-64,M,531,2024-03-19,2024-03-20,1,INPATIENT,I50.9,"Heart failure, unspecified",HEART_FAILURE,1440029787,Internal Medicine,Affiliated,COMMERCIAL,74777.17,PAID,1,1,batch_001,encounters_epic_north.csv,328
e232a71509781132e049e6805e75243c32e4b8da627240c3fe9360551a803c96,EPIC_NORTH,E2813606,FAC001,Lakeshore General Hospital,Acute Care Hospital,2fa9feb07c752cb50504e1aea9987c31d3b3d9bba66a9d580224bdf15fbdcca6,40-64,M,541,2024-03-20,2024-03-29,9,INPATIENT,E11.65,Type 2 diabetes mellitus with hyperglycemia,DIABETES,1701079810,Pulmonology,Employed,COMMERCIAL,40953.78,PAID,0,1,batch_001,encounters_epic_north.csv,1351
37fdd93e98641c8efea7e9267b072c3cf7e2663f01ed4da58b7a40987b24fed2,EPIC_NORTH,E4704538,FAC001,Lakeshore General Hospital,Acute Care Hospital,e042e54cec215372dae85698ecbdbbd9e1f08af3c66786a13532da53271b472a,65+,F,537,2024-03-23,2024-04-01,9,INPATIENT,I50.9,"Heart failure, unspecified",HEART_FAILURE,1452059979,Nephrology,Employed,MEDICARE,9602.24,PAID,1,1,batch_001,encounters_epic_north.csv,910
f8b2d259eb4eff768e4c8119b292f233febeafadc46ef6f4b5f7cb1aa99111ef,EPIC_NORTH,E6776742,FAC001,Lakeshore General Hospital,Acute Care Hospital,dc5abe9414c3f76925d8323742bf57522478adbb15f5ed4f00929f37ee6d3928,40-64,F,537,2024-03-23,2024-03-24,1,OBSERVATION,I10,Essential (primary) hypertension,HYPERTENSION,1536455680,Hospitalist,Affiliated,COMMERCIAL,6332.30,PAID,,1,batch_001,encounters_epic_north.csv,21
158a79923f36f7611faed7456c967fed6c0d2a4ede9c3caad40b7b100183cd18,EPIC_NORTH,E7216397,FAC002,St. Brendan Medical Center,Acute Care Hospital,87e5964bcb3d3bf0bb78962d932134aa3a16c67a7c444144a7161bb57845b598,40-64,M,524,2024-03-23,2024-03-25,2,OBSERVATION,I10,Essential (primary) hypertension,HYPERTENSION,1771884131,Internal Medicine,Employed,MEDICAID,6270.49,PAID,,1,batch_001,encounters_epic_north.csv,834
28da22511780a36a8288123de67e849f1506900d61d2d5401d3f596b63edc755,LEGACY_MEDITECH,104011,FAC004,Riverbend Community Hospital,Critical Access Hospital,e9c2b9bf3a0e5e36d03db907fd4f63ecdbb3941b3ed1b60584758466b4c2ca9f,40-64,M,524,2024-03-23,2024-03-23,0,OBSERVATION,E11.65,Type 2 diabetes mellitus with hyperglycemia,DIABETES,1585003704,Internal Medicine,Affiliated,COMMERCIAL,10847.75,DENIED,,1,batch_001,encounters_legacy_meditech.csv,17
79c39e3e9044d0350e78ac65970a2a8afa1d89e8a4687d749a2b2e05eecf8cfd,EPIC_NORTH,E7969478,FAC002,St. Brendan Medical Center,Acute Care Hospital,cb746b04f2f4c31d37d6d76f6e9436c06e42a610b4f7f9d3966ca2a3dea0cb0f,40-64,F,531,2024-03-25,2024-03-27,2,INPATIENT,N18.6,End stage renal disease,CKD,1939494823,Pulmonology,Employed,COMMERCIAL,48388.80,PAID,0,1,batch_001,encounters_epic_north.csv,921
06e0e28729643bb72ddade8695a1ef48100daa135b5fea2af190b8a5a4e40077,EPIC_NORTH,E1341690,FAC001,Lakeshore General Hospital,Acute Care Hospital,d57325493f8bc235279ad48271bad3e374a5d58d3368e082d5b5a6379a86fa67,65+,M,531,2024-03-29,2024-04-06,8,INPATIENT,I10,Essential (primary) hypertension,HYPERTENSION,1139986982,Hospitalist,Employed,MEDICAID,16836.71,PAID,0,2,batch_002,encounters_epic_north.csv,91
08080af2e7fba852e09f30842e6af129d4c79ff8e4eff1794804c8dee8f0fa14,LEGACY_MEDITECH,124364,FAC004,Riverbend Community Hospital,Critical Access Hospital,72660abdbd0cce5b16851fd1884c64322f03bd44df5082bfa9105a7bef1cd090,40-64,M,524,2024-03-29,2024-03-29,0,EMERGENCY,N18.6,End stage renal disease,CKD,1228088641,Emergency Medicine,Affiliated,COMMERCIAL,9912.94,PAID,,1,batch_001,encounters_legacy_meditech.csv,132
d2f52ef4612dea46714f1292bc619617dd34b1ca99b2e48ece46ee548c604a1f,EPIC_NORTH,E2491276,FAC002,St. Brendan Medical Center,Acute Care Hospital,43c374e5ab9784e9995da33a6f2cc08b0f70943fb644befc5e771dc00f1be065,40-64,M,531,2024-03-30,2024-04-09,10,INPATIENT,E11.65,Type 2 diabetes mellitus with hyperglycemia,DIABETES,1771884131,Internal Medicine,Employed,MEDICARE,27644.38,PAID,0,1,batch_001,encounters_epic_north.csv,1282
d0bad52c0b7e0102978165bc2522fd9bbc077e8d4fa13d6076b0a84a06d49d33,EPIC_NORTH,E5009710,FAC002,St. Brendan Medical Center,Acute Care Hospital,188dd40007588bcedb56d17acb84eaea5654839132f45aca2f88d17fdcd53a80,40-64,M,531,2024-03-31,2024-04-04,4,INPATIENT,N18.6,End stage renal disease,CKD,1642524775,Internal Medicine,Employed,OTHER,85637.87,PAID,0,1,batch_001,encounters_epic_north.csv,881
d3e10323ce51cf53aa8640e1493ecd95bfa131c3b6bf85f8a8f43954028e507c,EPIC_NORTH,E1625611,FAC002,St. Brendan Medical Center,Acute Care Hospital,d4ac4a2201b4cda0bc9ed1e745bbe07bab54fe79bae69a585ef941bf492fe1ba,40-64,F,531,2024-04-06,2024-04-10,4,INPATIENT,I10,Essential (primary) hypertension,HYPERTENSION,1771884131,Internal Medicine,Employed,COMMERCIAL,34683.70,PAID,0,1,batch_001,encounters_epic_north.csv,728
068430cab045de97d8f3bc88e8d458177016c91a6352e8a1d54bd8d66c11f7c8,EPIC_NORTH,E2403946,FAC001,Lakeshore General Hospital,Acute Care Hospital,47c49b27f3a861a28e215a3e4f795f546f8a551e7476e7517797ccd0500b1cf4,40-64,M,541,2024-04-09,2024-04-11,2,OBSERVATION,E11.65,Type 2 diabetes mellitus with hyperglycemia,DIABETES,1536455680,Hospitalist,Affiliated,COMMERCIAL,14152.06,PAID,,1,batch_001,encounters_epic_north.csv,1343
18cb82cc1c07d522cbfed2c0544f70f5be1d0f1f4afb2be508ce979e087b0d4f,LEGACY_MEDITECH,110226,FAC004,Riverbend Community Hospital,Critical Access Hospital,1d5d42b0ecdde098ff700719f2d840bd1e4138fa41ccd3ed45c2d67272dda403,65+,F,520,2024-04-09,2024-04-13,4,INPATIENT,I50.9,"Heart failure, unspecified",HEART_FAILURE,1585003704,Internal Medicine,Affiliated,MEDICARE,23429.46,PAID,0,1,batch_001,encounters_legacy_meditech.csv,122
ff3abfedb7fd6c132d344280ca518a74d5aac11d31abbdda94130ddcc160cefb,LEGACY_MEDITECH,123063,FAC004,Riverbend Community Hospital,Critical Access Hospital,483f06416eb921a01656a02123c3cc02482e2d233173d4d13369fb552fdad39a,40-64,M,531,2024-04-09,2024-04-16,7,INPATIENT,I50.22,Chronic systolic (congestive) heart failure,HEART_FAILURE,1406925663,Hospitalist,Affiliated,COMMERCIAL,23488.92,PAID,0,1,batch_001,encounters_legacy_meditech.csv,215
5e507068174aa4d2832180ae836c2084aa2c338c870492a2c63461dcf2061daf,EPIC_NORTH,E4828676,FAC001,Lakeshore General Hospital,Acute Care Hospital,0f7f5d7c1749ca863f445a2dfaaf0d7417abc6b64b6f3eac37510389447f2c20,18-39,M,532,2024-04-11,2024-04-20,9,INPATIENT,J45.901,Unspecified asthma with (acute) exacerbation,ASTHMA,1472671472,Cardiology,Affiliated,OTHER,27320.51,PAID,0,1,batch_001,encounters_epic_north.csv,555
bf342838fee2e699d5d0ac59a87306c07254f37f366eb53a34210aae276eccf6,LEGACY_MEDITECH,124198,FAC004,Riverbend Community Hospital,Critical Access Hospital,1d5d42b0ecdde098ff700719f2d840bd1e4138fa41ccd3ed45c2d67272dda403,65+,F,520,2024-04-11,2024-04-13,2,OBSERVATION,I50.22,Chronic systolic (congestive) heart failure,HEART_FAILURE,1585003704,Internal Medicine,Affiliated,MEDICARE,5762.67,PAID,,1,batch_001,encounters_legacy_meditech.csv,292
cb4819c474748975c6c98ddde59788225d9c12ebeda0138a6adae252359deec8,EPIC_NORTH,E3527377,FAC002,St. Brendan Medical Center,Acute Care Hospital,bc4a1d4887a939eb53473475c221d8b202f432259cd8fb8e0448b3c9e7d202f3,18-39,F,543,2024-04-12,2024-04-19,7,INPATIENT,J44.1,Chronic obstructive pulmonary disease with (acute) exacerbation,COPD,1836016109,Hospitalist,Employed,SELF_PAY,11573.77,PAID,0,1,batch_001,encounters_epic_north.csv,817
495ada9761e884a184ed2dc160c8b8a4ca6333d38840213571a072c3b1d3c2d5,EPIC_NORTH,E1659978,FAC001,Lakeshore General Hospital,Acute Care Hospital,e0de0a104b1cf528cf4be9edb4c0b8bf95847c91daa5fa75f41b8ebdfc27208d,65+,F,541,2024-04-13,2024-04-14,1,OBSERVATION,E11.65,Type 2 diabetes mellitus with hyperglycemia,DIABETES,1472671472,Cardiology,Affiliated,MEDICARE,7219.99,PAID,,1,batch_001,encounters_epic_north.csv,718
e505185168e24dccb2b5c7231ae24b872658a970ecad10c319dbb4ac3017ee38,LEGACY_MEDITECH,119157,FAC004,Riverbend Community Hospital,Critical Access Hospital,a7f223845466607e102e168dc1230181299231ec8de36fd9e64b335616fdfd01,40-64,M,520,2024-04-16,2024-04-20,4,INPATIENT,E11.65,Type 2 diabetes mellitus with hyperglycemia,DIABETES,1406925663,Hospitalist,Affiliated,MEDICAID,49681.54,DENIED,1,1,batch_001,encounters_legacy_meditech.csv,147
9daf5a35d3c5be44f0e6307f6c317ec51b75eb13e3b31371a5ffaf794ee02f74,EPIC_NORTH,E1287440,FAC001,Lakeshore General Hospital,Acute Care Hospital,2fa9feb07c752cb50504e1aea9987c31d3b3d9bba66a9d580224bdf15fbdcca6,40-64,M,541,2024-04-17,2024-04-17,0,EMERGENCY,E11.65,Type 2 diabetes mellitus with hyperglycemia,DIABETES,1447294053,Emergency Medicine,Employed,COMMERCIAL,9347.22,DENIED,,1,batch_001,encounters_epic_north.csv,445
c12b4a7189c222a3e54ac3400fceb8b207e7fa0c6e260163fe13a0bbaa6fd317,EPIC_NORTH,E3509297,FAC001,Lakeshore General Hospital,Acute Care Hospital,dbb0495e507cda61581c5ee8c267dcd974674fdabbb4c6a394a4f573c854f4f8,65+,F,531,2024-04-17,2024-04-17,0,EMERGENCY,J44.1,Chronic obstructive pulmonary disease with (acute) exacerbation,COPD,1809320819,Emergency Medicine,Employed,MEDICARE,5255.43,PAID,,1,batch_001,encounters_epic_north.csv,1197
ac6ffa249c4f871e4f59a6e5e09d9bd7486e5602cc2b8ac480f26ef2868424d5,LEGACY_MEDITECH,138394,FAC004,Riverbend Community Hospital,Critical Access Hospital,ac952d448bf2175a6ad45e2dee82d1cbb089430cce0b733e98651c08d296461b,65+,M,524,2024-04-17,2024-04-18,1,EMERGENCY,I10,Essential (primary) hypertension,HYPERTENSION,1228088641,Emergency Medicine,Affiliated,COMMERCIAL,5388.83,PAID,,1,batch_001,encounters_legacy_meditech.csv,332
bc46880eb6308937b20d41e2f101aca9bf4693a9a94e45f493b706c66047ea3e,EPIC_NORTH,E3663103,FAC002,St. Brendan Medical Center,Acute Care Hospital,e042e54cec215372dae85698ecbdbbd9e1f08af3c66786a13532da53271b472a,65+,F,537,2024-04-19,2024-04-26,7,INPATIENT,I50.22,Chronic systolic (congestive) heart failure,HEART_FAILURE,1771884131,Internal Medicine,Employed,MEDICARE,11533.98,PAID,0,1,batch_001,encounters_epic_north.csv,540
e674ce9829bac787bff342cc9537e1adad44b886dac1df14addef5f42408f8c4,EPIC_NORTH,E7895494,FAC001,Lakeshore General Hospital,Acute Care Hospital,bc4a1d4887a939eb53473475c221d8b202f432259cd8fb8e0448b3c9e7d202f3,18-39,F,543,2024-04-19,2024-04-24,5,INPATIENT,J44.1,Chronic obstructive pulmonary disease with (acute) exacerbation,COPD,1778486484,Internal Medicine,Employed,SELF_PAY,11913.07,PAID,0,1,batch_001,encounters_epic_north.csv,621
ca685f69e398452d3916442b68250fee546ca856f1f0c67f232009f2c5d275f2,EPIC_NORTH,E7434457,FAC001,Lakeshore General Hospital,Acute Care Hospital,9d8fb802a09dbe3c7637474b1d8bea017f6c25558da649e6cd5646d7b2f9851d,40-64,M,541,2024-04-20,2024-04-29,9,INPATIENT,I50.22,Chronic systolic (congestive) heart failure,HEART_FAILURE,1452059979,Nephrology,Employed,COMMERCIAL,18590.74,PAID,0,1,batch_001,encounters_epic_north.csv,1314
8659e559ef2c9c44b9facc52d3b12b374032f59fbf3203387cd76109da98bac7,EPIC_NORTH,E8207596,FAC002,St. Brendan Medical Center,Acute Care Hospital,d769b914a48be6700dd87466837ffb3dc8165fdc4533df41d2693e516938d158,40-64,F,537,2024-04-20,2024-04-21,1,INPATIENT,I50.22,Chronic systolic (congestive) heart failure,HEART_FAILURE,1642524775,Internal Medicine,Employed,COMMERCIAL,14456.48,PAID,0,1,batch_001,encounters_epic_north.csv,1167
f261e09b0af1e58700473543f339048322028372342b3ca2fb0887d2055b15aa,EPIC_NORTH,E8852457,FAC002,St. Brendan Medical Center,Acute Care Hospital,ac528e4d4797af86e133c763f389cfa8977cce5ab493338c04c0814e2820fb30,65+,F,541,2024-04-25,2024-04-25,0,OBSERVATION,E11.65,Type 2 diabetes mellitus with hyperglycemia,DIABETES,1682052588,Cardiology,Affiliated,MEDICARE,9010.00,PAID,,1,batch_001,encounters_epic_north.csv,204
572b7aa22d875899161b7d94c83007cbbd37ffbd8579becd63c8b12d36b8f5d4,EPIC_NORTH,E8254632,FAC001,Lakeshore General Hospital,Acute Care Hospital,be414ffe3c2f819a76e5e562582deea35a29d50a85d367e44ca53ce843a20686,40-64,F,532,2024-04-27,2024-05-07,10,INPATIENT,J44.1,Chronic obstructive pulmonary disease with (acute) exacerbation,COPD,1472671472,Cardiology,Affiliated,OTHER,36336.69,PAID,0,1,batch_001,encounters_epic_north.csv,742
3f218bdd52f2e5f7bdfb528de38c6a7cf5a50e08d4d10b28afc9ae369689d564,EPIC_NORTH,E9123134,FAC001,Lakeshore General Hospital,Acute Care Hospital,d78f73074071a54e4153d1b916eeee0174cdb31a0866f96c0e4a1c7f98e263dd,18-39,M,541,2024-04-27,2024-04-29,2,INPATIENT,J45.901,Unspecified asthma with (acute) exacerbation,ASTHMA,1440029787,Internal Medicine,Affiliated,OTHER,16794.85,PAID,0,1,batch_001,encounters_epic_north.csv,841
48ffd704e453adb817f060c573ae77da113fa0d4a96721fae782ee025d967555,EPIC_NORTH,E6178981,FAC001,Lakeshore General Hospital,Acute Care Hospital,1c88649def79030b7bcaeb352364a2250fa235edfa6b261662c5447e275cb8dc,40-64,F,532,2024-04-28,2024-05-10,12,INPATIENT,J44.1,Chronic obstructive pulmonary disease with (acute) exacerbation,COPD,1778486484,Internal Medicine,Employed,MEDICARE,42442.68,PAID,0,1,batch_001,encounters_epic_north.csv,369
f3b5d8f6ad5b72c7aa29995b92ed4bec93874b754ee12f808256e434fb2c2828,EPIC_NORTH,E4570171,FAC001,Lakeshore General Hospital,Acute Care Hospital,d4d3b5d684a38c5bbe7452187abdbf0327df4073063737a159352c4adb14afe1,65+,M,531,2024-04-29,2024-04-29,0,OBSERVATION,E11.65,Type 2 diabetes mellitus with hyperglycemia,DIABETES,1787680457,Cardiology,Affiliated,MEDICARE,10319.70,PAID,,1,batch_001,encounters_epic_north.csv,759
c5b91536c66d2c569ff94104757705ec4a37d9d7399442309b414985374df3af,LEGACY_MEDITECH,123584,FAC004,Riverbend Community Hospital,Critical Access Hospital,ac952d448bf2175a6ad45e2dee82d1cbb089430cce0b733e98651c08d296461b,65+,M,524,2024-05-01,2024-05-02,1,EMERGENCY,I10,Essential (primary) hypertension,HYPERTENSION,1764529123,Emergency Medicine,Employed,COMMERCIAL,7735.33,PAID,,1,batch_001,encounters_legacy_meditech.csv,283
1930694a0bd121ae49ccc4479ae3f21b5774b5640822455fe076d7c9a9c495f1,EPIC_NORTH,E1112042,FAC001,Lakeshore General Hospital,Acute Care Hospital,813b3419df502081d272c15ab83a0c44edc991f340d5a0fd477971b551274c5e,40-64,M,541,2024-05-03,2024-05-14,11,INPATIENT,I50.9,"Heart failure, unspecified",HEART_FAILURE,1787680457,Cardiology,Affiliated,COMMERCIAL,28116.38,PAID,0,1,batch_001,encounters_epic_north.csv,1245
8e7d518e7f41c9d3890bb626f2880949427a86b9958437c3d10d3e188740d5b5,EPIC_NORTH,E1211070,FAC001,Lakeshore General Hospital,Acute Care Hospital,02ab3f71347900543f01f8062dbb8c86a8898e7b5153f931fab19e2354f7b622,40-64,M,537,2024-05-03,2024-05-04,1,EMERGENCY,E11.65,Type 2 diabetes mellitus with hyperglycemia,DIABETES,1447294053,Emergency Medicine,Employed,UNKNOWN,8825.74,PAID,,1,batch_001,encounters_epic_north.csv,868
0bb5deade9d2aacd4a3d2b29e5c131561d9357ff51d28f89d1223760b45e387f,EPIC_NORTH,E5969639,FAC001,Lakeshore General Hospital,Acute Care Hospital,a9d201e8c82c33aaa972e9ebe17546e8fdc89f14ebab1a9c6dbc087b18ac7696,65+,F,537,2024-05-06,2024-05-08,2,OBSERVATION,I10,Essential (primary) hypertension,HYPERTENSION,1139986982,Hospitalist,Employed,COMMERCIAL,9279.98,PAID,,1,batch_003,encounters_epic_north.csv,33
537db542cfed6e2a3a290014b04f91307f40f47d9868105f2ed210c6a340f3f4,EPIC_NORTH,E4065799,FAC001,Lakeshore General Hospital,Acute Care Hospital,dc5abe9414c3f76925d8323742bf57522478adbb15f5ed4f00929f37ee6d3928,40-64,F,537,2024-05-08,2024-05-17,9,INPATIENT,I10,Essential (primary) hypertension,HYPERTENSION,1778486484,Internal Medicine,Employed,COMMERCIAL,21375.76,PAID,1,1,batch_001,encounters_epic_north.csv,647
e9bf14192c000f6a12580c61ab3545e281d9a44b1726f8d3607de7bc206a4a62,EPIC_NORTH,E4276885,FAC002,St. Brendan Medical Center,Acute Care Hospital,dd682a3c2228d33123bf15472922c9df4a44eb43ecaf75be50e09a6b09115379,18-39,F,541,2024-05-10,2024-05-14,4,INPATIENT,J45.901,Unspecified asthma with (acute) exacerbation,ASTHMA,1682052588,Cardiology,Affiliated,COMMERCIAL,8171.08,DENIED,0,1,batch_001,encounters_epic_north.csv,965
510fd4940d6f088ccd8915d009b81a64a2fabef1359d0fb5379085e931ebc617,EPIC_NORTH,E6624627,FAC001,Lakeshore General Hospital,Acute Care Hospital,b8ec2662d46975c97d2b25f93e226ab772f84abe7abb14ffdaf8c7b8bb3a416a,40-64,M,537,2024-05-12,2024-05-24,12,INPATIENT,J44.1,Chronic obstructive pulmonary disease with (acute) exacerbation,COPD,1536455680,Hospitalist,Affiliated,COMMERCIAL,28718.50,PAID,0,1,batch_001,encounters_epic_north.csv,940
9651020ba902ea724698dce48d0dc0173d7f437045ea295132f6c17554309b01,LEGACY_MEDITECH,138967,FAC004,Riverbend Community Hospital,Critical Access Hospital,53db71a12fa42a390e14850254cf2c6430eec8c76932fd26a1c737d3e6ed3bc6,18-39,F,520,2024-05-15,2024-05-23,8,INPATIENT,J45.901,Unspecified asthma with (acute) exacerbation,ASTHMA,1129110288,Hospitalist,Affiliated,COMMERCIAL,12236.67,PAID,1,1,batch_001,encounters_legacy_meditech.csv,195
ae36d5a1db2832d804c232c9dd513daf6f972935ee41574550a4e0a94e4028cc,LEGACY_MEDITECH,133262,FAC004,Riverbend Community Hospital,Critical Access Hospital,1d5d42b0ecdde098ff700719f2d840bd1e4138fa41ccd3ed45c2d67272dda403,65+,F,520,2024-05-16,2024-05-17,1,INPATIENT,I50.22,Chronic systolic (congestive) heart failure,HEART_FAILURE,1406925663,Hospitalist,Affiliated,MEDICARE,9548.48,PAID,1,1,batch_001,encounters_legacy_meditech.csv,193
f43d16b2a68f665e27b09bf28797ed127788be277763773bb77a7063c502860d,EPIC_NORTH,E1303865,FAC001,Lakeshore General Hospital,Acute Care Hospital,1d5d42b0ecdde098ff700719f2d840bd1e4138fa41ccd3ed45c2d67272dda403,65+,F,520,2024-05-18,2024-05-28,10,INPATIENT,J44.1,Chronic obstructive pulmonary disease with (acute) exacerbation,COPD,1472671472,Cardiology,Affiliated,MEDICARE,89077.36,PAID,1,1,batch_001,encounters_epic_north.csv,511
57d4c6616e83fe836d950d6cf7cc7ea93b9108e906f42b136bd57b35dbbbe183,EPIC_NORTH,E4380402,FAC002,St. Brendan Medical Center,Acute Care Hospital,04364891e476e4ec912883077cd352ab4b3903383f968f15e65ea04b947b71b7,65+,M,531,2024-05-18,2024-05-27,9,INPATIENT,N18.6,End stage renal disease,CKD,1008754750,Hospitalist,Employed,COMMERCIAL,26306.15,PAID,0,1,batch_001,encounters_epic_north.csv,253
7768b9e8ac68943cdd46ed8de5a87547dd5dcf6c8d6692d23f13ffb820491028,EPIC_NORTH,E7260349,FAC001,Lakeshore General Hospital,Acute Care Hospital,a0256808192c25de35cc8267db501fefb8314c3edb35be3598cefa0ffd7c82b5,40-64,M,537,2024-05-18,2024-05-26,8,INPATIENT,N18.6,End stage renal disease,CKD,1309114175,Hospitalist,Employed,COMMERCIAL,55981.63,PAID,0,1,batch_001,encounters_epic_north.csv,801
111be1409931b4ebb1bb62beaa7ad051ade47c0567f859b23c1e21c11e95e2a3,EPIC_NORTH,E7766784,FAC001,Lakeshore General Hospital,Acute Care Hospital,e0d1a66ce5ff46b9e3c77932de49fb8fa8d7ac6c7ca9fbf801c40f3b13e0082f,40-64,M,531,2024-05-22,2024-05-26,4,INPATIENT,E11.65,Type 2 diabetes mellitus with hyperglycemia,DIABETES,1139986982,Hospitalist,Employed,COMMERCIAL,24722.65,PAID,1,1,batch_001,encounters_epic_north.csv,206
29a943d61dcadb53f091f567264d248c102d77147296b8494c78a314d02100ab,EPIC_NORTH,E5130937,FAC001,Lakeshore General Hospital,Acute Care Hospital,2fa9feb07c752cb50504e1aea9987c31d3b3d9bba66a9d580224bdf15fbdcca6,40-64,M,541,2024-05-25,2024-06-04,10,INPATIENT,N18.6,End stage renal disease,CKD,1309114175,Hospitalist,Employed,COMMERCIAL,14248.99,PAID,0,1,batch_001,encounters_epic_north.csv,315
8a38bd34a14c1edbeedd920ded20a6f118be95b6f8672de11397f8c60a2b859d,LEGACY_MEDITECH,104050,FAC004,Riverbend Community Hospital,Critical Access Hospital,ac5ee46ea0f4df37b2a1e078064e310be8162d8479e910816797e99b2d446f50,40-64,F,531,2024-05-26,2024-06-04,9,INPATIENT,I10,Essential (primary) hypertension,HYPERTENSION,1406925663,Hospitalist,Affiliated,MEDICAID,28084.96,PAID,0,1,batch_001,encounters_legacy_meditech.csv,282
6f77a76b109e43e96f43c96f2b15109ec48825c5c00d643c4f9ce515a55d1aa1,LEGACY_MEDITECH,119357,FAC004,Riverbend Community Hospital,Critical Access Hospital,dc5abe9414c3f76925d8323742bf57522478adbb15f5ed4f00929f37ee6d3928,40-64,F,537,2024-05-30,2024-06-02,3,INPATIENT,I10,Essential (primary) hypertension,HYPERTENSION,1406925663,Hospitalist,Affiliated,COMMERCIAL,17846.17,PAID,0,1,batch_001,encounters_legacy_meditech.csv,235
b87c4c07ef963370006a6afb2f88a0103a349229f45b5ecdac5845125cba23a8,LEGACY_MEDITECH,124987,FAC004,Riverbend Community Hospital,Critical Access Hospital,8acb28bb834e88da24c7c6e4a26bf5648b427256a9d9f24253dcd938e614265a,40-64,M,520,2024-05-30,2024-06-10,11,INPATIENT,I50.22,Chronic systolic (congestive) heart failure,HEART_FAILURE,1129110288,Hospitalist,Affiliated,MEDICAID,19126.56,PAID,0,1,batch_001,encounters_legacy_meditech.csv,287
e8ad361c42d51a6a3124e3dde18d1fa5eeaa252556984e63ae19dd071060e444,EPIC_NORTH,E8916420,FAC002,St. Brendan Medical Center,Acute Care Hospital,a3dd71bcc327b10fe1b25839ee2adcb81ce2069953a2d096ed6a3e205c15fb49,18-39,F,537,2024-05-31,2024-06-08,8,INPATIENT,I10,Essential (primary) hypertension,HYPERTENSION,1836016109,Hospitalist,Employed,OTHER,15513.62,PAID,1,1,batch_001,encounters_epic_north.csv,656
c41f92b203b703a0a490fac75c85f4e0c79969e3d01f1076a41dee2c8e892a80,EPIC_NORTH,E8458442,FAC002,St. Brendan Medical Center,Acute Care Hospital,5918f7127e5604aef42c25773b75b06b86136c41a6d50e4c89d59224ffec0341,40-64,M,543,2024-06-01,2024-06-02,1,OBSERVATION,I50.9,"Heart failure, unspecified",HEART_FAILURE,1771884131,Internal Medicine,Employed,COMMERCIAL,6967.68,DENIED,,1,batch_001,encounters_epic_north.csv,1362
5ef302654c93be2616a1e7a8f72ac4de3c12055b0d0a468fe24c2a15f1afc220,EPIC_NORTH,E3638391,FAC001,Lakeshore General Hospital,Acute Care Hospital,f5809453db9a16ce910623d488f59d5c333a80c5e992300dc70e408f5fb9fc54,40-64,M,541,2024-06-02,2024-06-05,3,INPATIENT,E11.65,Type 2 diabetes mellitus with hyperglycemia,DIABETES,1701079810,Pulmonology,Employed,COMMERCIAL,11703.85,PAID,0,1,batch_001,encounters_epic_north.csv,934
c496618f17ca25592026412e460de8843cba7bcc55ab2cc90de8b0d2b5789d74,EPIC_NORTH,E8108473,FAC001,Lakeshore General Hospital,Acute Care Hospital,31375476920765617e3d2819aa1f7062f8f1089686927e3a522163c9977604b3,40-64,M,537,2024-06-02,2024-06-09,7,INPATIENT,I10,Essential (primary) hypertension,HYPERTENSION,1309114175,Hospitalist,Employed,MEDICAID,67427.75,PAID,1,1,batch_001,encounters_epic_north.csv,324
da7b074802915b762124fcd5c943f506a6aa6a708c4dc0cc687005354275920b,EPIC_NORTH,E7824966,FAC002,St. Brendan Medical Center,Acute Care Hospital,5382e5494801fafe4725dd6440511dfbbb1f8b2492e0cb40b5eb286443e2268e,40-64,F,532,2024-06-03,2024-06-07,4,INPATIENT,E11.65,Type 2 diabetes mellitus with hyperglycemia,DIABETES,1682052588,Cardiology,Affiliated,COMMERCIAL,37476.44,PAID,0,1,batch_001,encounters_epic_north.csv,1081
532820dc7db6a0cfa6b69bc2f36cb73147a277b6f53f58094916d5b8d335d261,LEGACY_MEDITECH,117121,FAC004,Riverbend Community Hospital,Critical Access Hospital,6145956b2424bdc2ee1eec94ac222971d402526e328b54dbe202b4bc21aecefb,40-64,M,520,2024-06-03,2024-06-10,7,INPATIENT,N18.6,End stage renal disease,CKD,1129110288,Hospitalist,Affiliated,COMMERCIAL,17118.95,PAID,0,1,batch_001,encounters_legacy_meditech.csv,312
07d16ef1c0d5f148afa0a34492e1600a22e634ba9a73b46a7046190dc1ca8319,EPIC_NORTH,E2343053,FAC001,Lakeshore General Hospital,Acute Care Hospital,6ec178353f8af4b1138e09acfd6c796891ff34fe2469ab7fcccbbe7eff150ca7,40-64,M,537,2024-06-05,2024-06-15,10,INPATIENT,I10,Essential (primary) hypertension,HYPERTENSION,1139986982,Hospitalist,Employed,COMMERCIAL,53600.56,PAID,0,1,batch_001,encounters_epic_north.csv,203
bd75b8ad0a015164d503edc6660c7c2dda837fe266eb92a2aac43aea5a8f4c00,EPIC_NORTH,E5528842,FAC001,Lakeshore General Hospital,Acute Care Hospital,738377045e400f14a5a552b93244c34b603392dfa3890a08f08fc5a4892b89e1,65+,M,532,2024-06-05,2024-06-12,7,INPATIENT,N18.6,End stage renal disease,CKD,1452059979,Nephrology,Employed,MEDICARE,40203.99,PAID,0,1,batch_001,encounters_epic_north.csv,1023
f21796574622e280029eb41369bf092ecf628643fe70b8574600d60cf6ed18fd,EPIC_NORTH,E7863594,FAC001,Lakeshore General Hospital,Acute Care Hospital,ce569b5860104cd71f133b23ebce62af52c1820d942b7b81660ac4089b32c925,40-64,M,532,2024-06-05,2024-06-14,9,INPATIENT,N18.6,End stage renal disease,CKD,1440029787,Internal Medicine,Affiliated,COMMERCIAL,60402.92,PAID,0,1,batch_001,encounters_epic_north.csv,1210
a846fa3a44106294d5bf89ad5490a50c5a6ffc119b3b700417101c27ba09defa,EPIC_NORTH,E8074818,FAC002,St. Brendan Medical Center,Acute Care Hospital,434530db34a4df0b94a8b1c23f7195ae291f03827b1d66e6e8544535d4c20f4c,40-64,M,541,2024-06-06,2024-06-08,2,OBSERVATION,J44.1,Chronic obstructive pulmonary disease with (acute) exacerbation,COPD,1008754750,Hospitalist,Employed,COMMERCIAL,15133.72,DENIED,,1,batch_001,encounters_epic_north.csv,44
5ea4b91eafeb1f8361d66de2711fd98103aeb78d31932ed0457348f7f7b27439,LEGACY_MEDITECH,117351,FAC004,Riverbend Community Hospital,Critical Access Hospital,bfdfda9f198d0f86282d4e94e381d9bb3426ca9b50b062fa61ded8a4db7064a1,40-64,F,520,2024-06-06,2024-06-10,4,INPATIENT,J44.1,Chronic obstructive pulmonary disease with (acute) exacerbation,COPD,1406925663,Hospitalist,Affiliated,COMMERCIAL,24664.93,PAID,0,1,batch_001,encounters_legacy_meditech.csv,178
9d4404813b6e6f4311eea32f110fab44e5a4ebbd1fe1fd6aba450d24ba8f9966,EPIC_NORTH,E9598091,FAC002,St. Brendan Medical Center,Acute Care Hospital,9e57d7d57941acc13f77eee84fc82fa53bdf44f769f97ae937d13ef68eb55edd,40-64,M,532,2024-06-07,2024-06-07,0,EMERGENCY,N18.6,End stage renal disease,CKD,1028382228,Emergency Medicine,Employed,MEDICAID,7623.92,PAID,,1,batch_001,encounters_epic_north.csv,116
41d168c202fea8413512984c5914422b71c951b44af61dc3bb7d74b56b0bc52d,EPIC_NORTH,E7537719,FAC001,Lakeshore General Hospital,Acute Care Hospital,e0d1a66ce5ff46b9e3c77932de49fb8fa8d7ac6c7ca9fbf801c40f3b13e0082f,40-64,M,531,2024-06-11,2024-06-17,6,INPATIENT,N18.6,End stage renal disease,CKD,1472671472,Cardiology,Affiliated,COMMERCIAL,26061.03,PAID,1,1,batch_001,encounters_epic_north.csv,260
145212ad3d90d1f7128bee457b431473ab539c7959502c10f981e98f3e70b0cc,EPIC_NORTH,E4765832,FAC002,St. Brendan Medical Center,Acute Care Hospital,a3dd71bcc327b10fe1b25839ee2adcb81ce2069953a2d096ed6a3e205c15fb49,18-39,F,537,2024-06-13,2024-06-21,8,INPATIENT,I10,Essential (primary) hypertension,HYPERTENSION,1105218543,Nephrology,Employed,OTHER,85332.24,PAID,0,1,batch_001,encounters_epic_north.csv,1415
f13969996e1ba9336315eddb5b8658e87717985686a6646e765723285cb458fc,LEGACY_MEDITECH,127220,FAC004,Riverbend Community Hospital,Critical Access Hospital,4451d7e2dd2fddb5700969528dfa07179efd56b95de27827f90161fd64d59a1c,40-64,M,524,2024-06-13,2024-06-22,9,INPATIENT,J44.1,Chronic obstructive pulmonary disease with (acute) exacerbation,COPD,1585003704,Internal Medicine,Affiliated,MEDICAID,21023.77,PAID,0,1,batch_001,encounters_legacy_meditech.csv,150
c378006202d9aa029f2c4dd0d2e7ea46186b80676b1b3f0f820df018933617e2,EPIC_NORTH,E2427695,FAC001,Lakeshore General Hospital,Acute Care Hospital,9bc283ee96c8c76eec86faaefca60b90f4fcfa21785fe76bc25ef5c9d9b3c23d,40-64,M,541,2024-06-14,2024-06-26,12,INPATIENT,I50.9,"Heart failure, unspecified",HEART_FAILURE,1701079810,Pulmonology,Employed,COMMERCIAL,59130.33,PAID,0,1,batch_001,encounters_epic_north.csv,1070
0904ec1d31bd855cb0276bf5f92329fb77307c3c745fbf3b2a222551f9a65b4d,EPIC_NORTH,E6484436,FAC001,Lakeshore General Hospital,Acute Care Hospital,80158a2c56a1a76ffb945ce101c70ff29b5eacaf1cd05295b99d66c53015de69,40-64,F,541,2024-06-16,2024-06-20,4,INPATIENT,I50.9,"Heart failure, unspecified",HEART_FAILURE,1139986982,Hospitalist,Employed,COMMERCIAL,94901.18,PAID,1,1,batch_001,encounters_epic_north.csv,628
0bf38662e78f317cfed8682a05d7fee89582dbdbb31954d099da6bff5c108740,EPIC_NORTH,E5559923,FAC001,Lakeshore General Hospital,Acute Care Hospital,b067572502003964263cc878cd23ac1cbfa379c7ac3593a2ee417827ad5c327b,40-64,F,520,2024-06-18,2024-06-29,11,INPATIENT,N18.6,End stage renal disease,CKD,1778486484,Internal Medicine,Employed,COMMERCIAL,72220.55,PAID,0,1,batch_001,encounters_epic_north.csv,701
1f8d0fcc2b53062853d8dc37ee6cb9c939adb9266538cb7dc56c03eedbec1ac2,EPIC_NORTH,E1862886,FAC002,St. Brendan Medical Center,Acute Care Hospital,53db71a12fa42a390e14850254cf2c6430eec8c76932fd26a1c737d3e6ed3bc6,18-39,F,520,2024-06-22,2024-06-29,7,INPATIENT,J45.901,Unspecified asthma with (acute) exacerbation,ASTHMA,1682052588,Cardiology,Affiliated,COMMERCIAL,14660.59,PAID,0,1,batch_001,encounters_epic_north.csv,745
8dacd50c7137a47f7e7946cb62f4bde4fc4834da847ed498d45341b145767996,EPIC_NORTH,E3012899,FAC001,Lakeshore General Hospital,Acute Care Hospital,e0d1a66ce5ff46b9e3c77932de49fb8fa8d7ac6c7ca9fbf801c40f3b13e0082f,40-64,M,531,2024-06-24,2024-07-06,12,INPATIENT,N18.6,End stage renal disease,CKD,1787680457,Cardiology,Affiliated,COMMERCIAL,25142.83,PAID,0,1,batch_001,encounters_epic_north.csv,1402
99c14830b018d6fd44c9183f61db03cb890df8b93892f203af3d457287ac7112,EPIC_NORTH,E7810269,FAC001,Lakeshore General Hospital,Acute Care Hospital,80158a2c56a1a76ffb945ce101c70ff29b5eacaf1cd05295b99d66c53015de69,40-64,F,541,2024-06-24,2024-06-29,5,INPATIENT,I50.22,Chronic systolic (congestive) heart failure,HEART_FAILURE,1778486484,Internal Medicine,Employed,COMMERCIAL,91831.57,PAID,0,1,batch_001,encounters_epic_north.csv,1248
f55df6de2eceb3c253ae910b055c97864ee416059973e8702a5302b4f55de81c,EPIC_NORTH,E1794959,FAC002,St. Brendan Medical Center,Acute Care Hospital,9b589a9b180bfb4257abd0ed75a86d50f7f4aee07498ec967460fbde7ec72d33,40-64,M,543,2024-06-27,2024-07-03,6,INPATIENT,N18.6,End stage renal disease,CKD,1642524775,Internal Medicine,Employed,OTHER,64992.31,PAID,0,1,batch_001,encounters_epic_north.csv,1019
3f246eda586460dd98f444ac4f3ead804088065cf78d374c858268c591613c20,EPIC_NORTH,E3529572,FAC002,St. Brendan Medical Center,Acute Care Hospital,42e17e1c55b01b32cf5d68a559a46888d17c3e4793e6c75cc9646c42187ffd0f,18-39,F,543,2024-06-28,2024-06-28,0,OBSERVATION,E11.65,Type 2 diabetes mellitus with hyperglycemia,DIABETES,1682052588,Cardiology,Affiliated,COMMERCIAL,5796.06,PAID,,1,batch_001,encounters_epic_north.csv,971
ddf41e3e955cc4b3ab75ffcfd1535237f2816d9cc05614523cd04f3982b94363,EPIC_NORTH,E5640774,FAC002,St. Brendan Medical Center,Acute Care Hospital,434530db34a4df0b94a8b1c23f7195ae291f03827b1d66e6e8544535d4c20f4c,40-64,M,541,2024-06-28,2024-06-28,0,EMERGENCY,J44.1,Chronic obstructive pulmonary disease with (acute) exacerbation,COPD,1229836956,Emergency Medicine,Affiliated,COMMERCIAL,6659.52,PAID,,1,batch_001,encounters_epic_north.csv,1224
258aee0fabc4459b0e8b68b5cd0315ee9355aeab2d9b02e3bd05e37c7bfa0a71,LEGACY_MEDITECH,111377,FAC004,Riverbend Community Hospital,Critical Access Hospital,bfdfda9f198d0f86282d4e94e381d9bb3426ca9b50b062fa61ded8a4db7064a1,40-64,F,520,2024-06-29,2024-06-29,0,EMERGENCY,J44.1,Chronic obstructive pulmonary disease with (acute) exacerbation,COPD,1228088641,Emergency Medicine,Affiliated,COMMERCIAL,9450.79,PAID,,1,batch_001,encounters_legacy_meditech.csv,201
90796ff7f14998f3ffa175f73c60d65ea15d775bfebe44d9fe4e7c09a9ab1e2b,EPIC_NORTH,E8067904,FAC002,St. Brendan Medical Center,Acute Care Hospital,800432d0d4752056e2f49bfa1816e231f853488582715d57e533bfc043b7bd49,65+,F,531,2024-07-01,2024-07-13,12,INPATIENT,E11.65,Type 2 diabetes mellitus with hyperglycemia,DIABETES,1129110288,Hospitalist,Affiliated,MEDICARE,30389.51,PAID,0,1,batch_001,encounters_epic_north.csv,373
1f01f93fd63b5964d13a34501c4dc8cc70ff553ae9c3e88cd343342df13f7e78,EPIC_NORTH,E8430543,FAC001,Lakeshore General Hospital,Acute Care Hospital,94968b079abd7ed530e653ff63999ba5aa59e50436be73bf8433c8657f88a1f4,65+,F,532,2024-07-01,2024-07-07,6,INPATIENT,I50.9,"Heart failure, unspecified",HEART_FAILURE,1139986982,Hospitalist,Employed,MEDICARE,69376.04,PAID,0,1,batch_001,encounters_epic_north.csv,944
79b347f82d22219a8ab8029f7c8f70fc0782d60a29d391b4d3d20d6f951ced5f,EPIC_NORTH,E2540543,FAC001,Lakeshore General Hospital,Acute Care Hospital,31375476920765617e3d2819aa1f7062f8f1089686927e3a522163c9977604b3,40-64,M,537,2024-07-02,2024-07-06,4,INPATIENT,I10,Essential (primary) hypertension,HYPERTENSION,,,,MEDICAID,9140.00,PAID,0,1,batch_001,encounters_epic_north.csv,167
7e418651c711249ac0f1ba70ab7a2d50d2c1097eadfd5e0373e14253cb0044b6,EPIC_NORTH,E6183055,FAC002,St. Brendan Medical Center,Acute Care Hospital,5918f7127e5604aef42c25773b75b06b86136c41a6d50e4c89d59224ffec0341,40-64,M,543,2024-07-03,2024-07-03,0,OBSERVATION,I50.22,Chronic systolic (congestive) heart failure,HEART_FAILURE,1008754750,Hospitalist,Employed,COMMERCIAL,11219.16,PAID,,1,batch_001,encounters_epic_north.csv,1292
54deb00349a4d32d922f8bebe87399bf50a73b0aa48077c6958981408b5095e9,EPIC_NORTH,E2893427,FAC001,Lakeshore General Hospital,Acute Care Hospital,b4ec76e1d99119759313e88f3bbf05685e4426ed8f28955ce24e125b094a73b3,18-39,M,541,2024-07-04,2024-07-16,12,INPATIENT,I50.22,Chronic systolic (congestive) heart failure,HEART_FAILURE,1139986982,Hospitalist,Employed,COMMERCIAL,11442.90,DENIED,0,1,batch_001,encounters_epic_north.csv,1058
0024809d79fe46292d6c81f1cf578120e84447e652b1c3646618dc6b03d4f0ea,LEGACY_MEDITECH,103034,FAC004,Riverbend Community Hospital,Critical Access Hospital,ac5ee46ea0f4df37b2a1e078064e310be8162d8479e910816797e99b2d446f50,40-64,F,531,2024-07-05,2024-07-08,3,INPATIENT,E11.65,Type 2 diabetes mellitus with hyperglycemia,DIABETES,1585003704,Internal Medicine,Affiliated,MEDICAID,81661.17,PAID,0,1,batch_001,encounters_legacy_meditech.csv,279
d033865b13d96176b801f4a3495dc21eecb1952489b719e26554293f219b5fbc,EPIC_NORTH,E1689751,FAC002,St. Brendan Medical Center,Acute Care Hospital,ba010830c295621b27120018976afc4b2179e7e99cc67ff98f6a5f46546a8846,40-64,F,537,2024-07-06,2024-07-14,8,INPATIENT,N18.6,End stage renal disease,CKD,1105218543,Nephrology,Employed,SELF_PAY,10605.37,PAID,0,1,batch_001,encounters_epic_north.csv,1108
57999c4ba3d0b625275ca2ce63adea4c2965ab1020f6e685b207497bcbe8422c,EPIC_NORTH,E4182149,FAC001,Lakeshore General Hospital,Acute Care Hospital,cd259b2fc7c311d006938137139bb590d943ba9af6aab56f48118d78922d85eb,40-64,F,531,2024-07-06,2024-07-14,8,INPATIENT,I10,Essential (primary) hypertension,HYPERTENSION,1536455680,Hospitalist,Affiliated,MEDICAID,17118.19,PAID,0,1,batch_001,encounters_epic_north.csv,494
0568827d6c0afac0070bcc0284fdb455f51e5a94377bc4ce35c48075b1dea8ce,EPIC_NORTH,E2879699,FAC002,St. Brendan Medical Center,Acute Care Hospital,2f4b375c10e8963fb3c6437840112057faf145c2748f18c610870f3b0c49a6b4,UNKNOWN,F,532,2024-07-09,2024-07-09,0,OBSERVATION,I10,Essential (primary) hypertension,HYPERTENSION,1352866754,,,COMMERCIAL,12937.70,DENIED,,1,batch_001,encounters_epic_north.csv,809
e1c31c510f80c51de265ad27a5d878634a0d09296bb4510fee006175cf1f31db,EPIC_NORTH,E4426066,FAC002,St. Brendan Medical Center,Acute Care Hospital,d901f84a928eae0a25149361a9f77113389ef2d5c28dc52a8b78ccd69def85d7,18-39,M,524,2024-07-11,2024-07-12,1,INPATIENT,I50.22,Chronic systolic (congestive) heart failure,HEART_FAILURE,1129110288,Hospitalist,Affiliated,COMMERCIAL,44713.19,PAID,0,1,batch_001,encounters_epic_north.csv,161
2ab475f911583bfdc6d1ffe2081f34f07a4c6c6e0f2b70d1eca149c158a0ea66,EPIC_NORTH,E5873258,FAC002,St. Brendan Medical Center,Acute Care Hospital,9b589a9b180bfb4257abd0ed75a86d50f7f4aee07498ec967460fbde7ec72d33,40-64,M,543,2024-07-11,2024-07-11,0,EMERGENCY,N18.6,End stage renal disease,CKD,1229836956,Emergency Medicine,Affiliated,OTHER,5424.76,PAID,,1,batch_001,encounters_epic_north.csv,174
a1fa63895fb1dbe0854a630d804ca66febf81819da8aba8546c1fcd393a317af,EPIC_NORTH,E6482007,FAC002,St. Brendan Medical Center,Acute Care Hospital,205d6b68738273bc08abec65c96bfe98a16bb327da7f7f5434176f3deb6a26fb,40-64,F,520,2024-07-11,2024-07-17,6,INPATIENT,J44.1,Chronic obstructive pulmonary disease with (acute) exacerbation,COPD,1939494823,Pulmonology,Employed,COMMERCIAL,71763.87,PAID,0,1,batch_001,encounters_epic_north.csv,102
6f6e0f4d6fb9cd8fe7369be87ddcec37d94323e01064e33628aba69e6beaff17,EPIC_NORTH,E8603875,FAC001,Lakeshore General Hospital,Acute Care Hospital,e69df4f6a6cd96d4787f2b2dd1c9dc4785f5bbabf2784512f6c75912b0cffc1f,40-64,F,541,2024-07-12,2024-07-17,5,INPATIENT,J44.1,Chronic obstructive pulmonary disease with (acute) exacerbation,COPD,1139986982,Hospitalist,Employed,MEDICAID,83023.14,PAID,0,1,batch_001,encounters_epic_north.csv,52
bc66d2187142b4f99833475a7ab535e7ea8a368d9615a57f17a91b2dd922fb9f,LEGACY_MEDITECH,136241,FAC004,Riverbend Community Hospital,Critical Access Hospital,6145956b2424bdc2ee1eec94ac222971d402526e328b54dbe202b4bc21aecefb,40-64,M,520,2024-07-15,2024-07-15,0,EMERGENCY,N18.6,End stage renal disease,CKD,1930733682,Emergency Medicine,Affiliated,COMMERCIAL,6357.20,PAID,,1,batch_001,encounters_legacy_meditech.csv,239
d87d53f05bbd80087d2230e67e8a566bcb0c03f547463a3c5fbe6236a56913bb,EPIC_NORTH,E9427404,FAC002,St. Brendan Medical Center,Acute Care Hospital,f86690d8992be0a5024bbd7d2a95e6a60a19b452279c9929c56ee5a350181910,65+,F,520,2024-07-16,2024-07-24,8,INPATIENT,I10,Essential (primary) hypertension,HYPERTENSION,1836016109,Hospitalist,Employed,COMMERCIAL,47956.87,PAID,0,1,batch_001,encounters_epic_north.csv,365
8bd5e176ff1444819ed507f5bb0838e2d3c89991b4ecfb4fc6790112f9270a67,EPIC_NORTH,E8876545,FAC001,Lakeshore General Hospital,Acute Care Hospital,ce569b5860104cd71f133b23ebce62af52c1820d942b7b81660ac4089b32c925,40-64,M,532,2024-07-18,2024-07-21,3,INPATIENT,N18.6,End stage renal disease,CKD,1472671472,Cardiology,Employed,COMMERCIAL,23296.27,PAID,0,2,batch_002,encounters_epic_north.csv,106
acbdb38b78f11cac758e2607bd51b9e9d526a8e1ab9e1aebce986c15b6c34333,EPIC_NORTH,E4600103,FAC002,St. Brendan Medical Center,Acute Care Hospital,08b1ddc539912437931a1adef3921a3f074b6464e31aa7b2dd75ea07d703aa02,40-64,M,543,2024-07-23,2024-07-30,7,INPATIENT,I50.9,"Heart failure, unspecified",HEART_FAILURE,1771884131,Internal Medicine,Employed,COMMERCIAL,9068.23,PAID,0,1,batch_001,encounters_epic_north.csv,1383
c713bd6ebcff3deae9eaddd47220c913e3d57961981e6568fc15bd29fb28e13f,EPIC_NORTH,E6395696,FAC001,Lakeshore General Hospital,Acute Care Hospital,099da97de3d38fb91aad387be43c850d52f71cadfe3f6aba0636e66155be0a23,40-64,M,541,2024-07-23,2024-07-24,1,EMERGENCY,I10,Essential (primary) hypertension,HYPERTENSION,1447294053,Emergency Medicine,Employed,COMMERCIAL,8630.54,PAID,,1,batch_001,encounters_epic_north.csv,744
8e2331b2c4f0ca53eddfb967c751ac81a2944eb75337d6ebff3c974d8b97a9cd,EPIC_NORTH,E8219776,FAC002,St. Brendan Medical Center,Acute Care Hospital,8ce51f1a6dfa4e42a50a694268e017575b539eeb471735f9d072746a2be8c018,65+,M,541,2024-07-25,2024-07-25,0,EMERGENCY,J44.1,Chronic obstructive pulmonary disease with (acute) exacerbation,COPD,1229836956,Emergency Medicine,Affiliated,MEDICARE,7806.31,PAID,,1,batch_001,encounters_epic_north.csv,874
cfb9248fbee81e8baf5df44adb2017b777207167b5fa2eb674fa65016823e282,EPIC_NORTH,E8476105,FAC002,St. Brendan Medical Center,Acute Care Hospital,61102afa32e383542c68573489141676b44dee554cb90079cc9974edbce39f76,40-64,M,531,2024-07-28,2024-08-06,9,INPATIENT,E11.65,Type 2 diabetes mellitus with hyperglycemia,DIABETES,1008754750,Hospitalist,Employed,COMMERCIAL,17782.68,PAID,0,1,batch_001,encounters_epic_north.csv,1089
d996d8741babcfcde42aec5a7166b58b53b67bc5d46fe71926cbdd560a77f55e,EPIC_NORTH,E2600248,FAC001,Lakeshore General Hospital,Acute Care Hospital,9bc283ee96c8c76eec86faaefca60b90f4fcfa21785fe76bc25ef5c9d9b3c23d,40-64,M,541,2024-07-29,2024-08-08,10,INPATIENT,J44.1,Chronic obstructive pulmonary disease with (acute) exacerbation,COPD,1139986982,Hospitalist,Employed,COMMERCIAL,68229.70,PAID,0,1,batch_001,encounters_epic_north.csv,318
720ecb5d4d1ce04c5550864d8524f747b221ba59543507f7ec41da688f39446d,LEGACY_MEDITECH,103456,FAC004,Riverbend Community Hospital,Critical Access Hospital,8acb28bb834e88da24c7c6e4a26bf5648b427256a9d9f24253dcd938e614265a,40-64,M,520,2024-08-01,2024-08-06,5,INPATIENT,I50.9,"Heart failure, unspecified",HEART_FAILURE,1585003704,Internal Medicine,Affiliated,MEDICAID,17256.37,PAID,0,1,batch_001,encounters_legacy_meditech.csv,291
d63a28d31637a57f1fd9d9c648f99949bfa118ed8177db1c929286ee4aa9c0be,EPIC_NORTH,E5771544,FAC002,St. Brendan Medical Center,Acute Care Hospital,30350d51f4ebb324bdf6ed7331012797a3356618266c5584f972c0a42f12bb8d,18-39,M,532,2024-08-02,2024-08-05,3,INPATIENT,J45.901,Unspecified asthma with (acute) exacerbation,ASTHMA,1939494823,Pulmonology,Employed,COMMERCIAL,8668.45,PAID,0,2,batch_002,encounters_epic_north.csv,62
cfc0d2ddccec9b2b905363b9e7b4ecddebc8e36d5b0e6045c10bd66438808418,EPIC_NORTH,E6100850,FAC002,St. Brendan Medical Center,Acute Care Hospital,b067572502003964263cc878cd23ac1cbfa379c7ac3593a2ee417827ad5c327b,40-64,F,520,2024-08-02,2024-08-08,6,INPATIENT,N18.6,End stage renal disease,CKD,1939494823,Pulmonology,Employed,COMMERCIAL,20126.01,PAID,0,1,batch_001,encounters_epic_north.csv,1319
a9e8343bcf22a3739d2fb360f918fa8cbaa27fd72d1a64bc2a488d806f866c42,LEGACY_MEDITECH,107017,FAC004,Riverbend Community Hospital,Critical Access Hospital,aebb7fe9617212f8170756848ce24da8e4e83c57e28519c251d402b8e63d1f04,65+,M,524,2024-08-03,2024-08-04,1,EMERGENCY,N18.6,End stage renal disease,CKD,1228088641,Emergency Medicine,Employed,MEDICARE,8689.06,PAID,,1,batch_003,encounters_legacy_meditech.csv,26
ec540ddf007f33db6b5d5cc574be0b5ddc2371974a969b10c65a9b7314b21075,EPIC_NORTH,E3347874,FAC002,St. Brendan Medical Center,Acute Care Hospital,8aeb8894d420c3e30434e550fe0e8fa5d7acabf0e066f9c29cee410c82e1a1b4,40-64,M,543,2024-08-04,2024-08-08,4,INPATIENT,J44.1,Chronic obstructive pulmonary disease with (acute) exacerbation,COPD,1129110288,Hospitalist,Affiliated,MEDICAID,86717.87,PAID,1,1,batch_001,encounters_epic_north.csv,1286
a98e80a1da54b3fc2338a2bebee4cee3c83c9df44ef7cae91d41dc7d0239ee78,EPIC_NORTH,E2003675,FAC002,St. Brendan Medical Center,Acute Care Hospital,44db6ec93bbfabc6e97ebcdb2aa03674714d029499cc436403843dd195a7cbb4,40-64,M,543,2024-08-06,2024-08-17,11,INPATIENT,I50.22,Chronic systolic (congestive) heart failure,HEART_FAILURE,1939494823,Pulmonology,Employed,COMMERCIAL,11584.73,PAID,1,1,batch_001,encounters_epic_north.csv,361
45cfe4423d11bb104ee51ab060b626cbb5190242c1600ed965ad68c1e5ed5775,EPIC_NORTH,E8512475,FAC001,Lakeshore General Hospital,Acute Care Hospital,815c6338a13bf3590195fd3382dbcaedf3c5361887fe60efe77d13c8aee7fddb,40-64,F,543,2024-08-07,2024-08-08,1,INPATIENT,E11.65,Type 2 diabetes mellitus with hyperglycemia,DIABETES,1552182481,Hospitalist,Employed,COMMERCIAL,21757.72,PAID,0,1,batch_001,encounters_epic_north.csv,1088
dc420f8ec9deb8f1e5c5f693070169998fc6499b2f5852875a6929a92b628c10,EPIC_NORTH,E5185413,FAC001,Lakeshore General Hospital,Acute Care Hospital,30cddb33bb4e32bee0e81c89b92c932bbbe1cddd75c67bf135c8f0b4bf7a23f7,18-39,F,531,2024-08-11,2024-08-12,1,OBSERVATION,J44.1,Chronic obstructive pulmonary disease with (acute) exacerbation,COPD,1472671472,Cardiology,Employed,COMMERCIAL,10937.28,PAID,,1,batch_001,encounters_epic_north.csv,840
3cd3f9ef74a06920155ba753266b20513291ea73714bd51772df7ff7f2cb3fbc,EPIC_NORTH,E9575614,FAC001,Lakeshore General Hospital,Acute Care Hospital,3c1609d2404df9e633be9faccacc215b1bd76f12afbc23a9d7d27a3cd1f39e94,40-64,M,532,2024-08-18,2024-08-18,0,EMERGENCY,N18.6,End stage renal disease,CKD,1447294053,Emergency Medicine,Employed,COMMERCIAL,6084.75,DENIED,,1,batch_001,encounters_epic_north.csv,838
1b1eb1de9d8e3750d595052b6fcadffad5d87f03ffe3f95fb3f7efa77d4c99fa,LEGACY_MEDITECH,124458,FAC004,Riverbend Community Hospital,Critical Access Hospital,9a1732afd60c2b981add11c0b34fa08c2abbe1b86b49f060141b8b6a37a3651e,65+,M,537,2024-08-19,2024-08-21,2,OBSERVATION,I50.22,Chronic systolic (congestive) heart failure,HEART_FAILURE,1406925663,Hospitalist,Affiliated,MEDICARE,6426.85,PAID,,1,batch_001,encounters_legacy_meditech.csv,3
dac64e903e7d645831a3927a5176f7972501c62cfd782eef62447457655f2d43,EPIC_NORTH,E3411661,FAC001,Lakeshore General Hospital,Acute Care Hospital,a0256808192c25de35cc8267db501fefb8314c3edb35be3598cefa0ffd7c82b5,40-64,M,537,2024-08-20,2024-08-28,8,INPATIENT,N18.6,End stage renal disease,CKD,1472671472,Cardiology,Employed,COMMERCIAL,21011.65,PAID,0,1,batch_001,encounters_epic_north.csv,1371
b90b1ef0da12b0479a59bce025f8c7de959a5218e146535b9ece779c3d8bc4ab,EPIC_NORTH,E4054325,FAC001,Lakeshore General Hospital,Acute Care Hospital,44db6ec93bbfabc6e97ebcdb2aa03674714d029499cc436403843dd195a7cbb4,40-64,M,543,2024-08-27,2024-09-05,9,INPATIENT,I10,Essential (primary) hypertension,HYPERTENSION,1472671472,Cardiology,Employed,COMMERCIAL,13446.69,PAID,0,1,batch_001,encounters_epic_north.csv,1200
698b9492ebfb851f9e3b9a2d7c1745017ff05b1d4048a3b86ce4b69bc893de3d,EPIC_NORTH,E6108066,FAC001,Lakeshore General Hospital,Acute Care Hospital,2eea1356e78289f646c92f008043c87625eade794cc3ab578730c4a694e0b823,18-39,M,532,2024-08-27,2024-09-02,6,INPATIENT,N18.6,End stage renal disease,CKD,1472671472,Cardiology,Employed,COMMERCIAL,16619.66,PAID,0,1,batch_001,encounters_epic_north.csv,1008
22bbe5861d7bcb20a784bf0dbdfc565096bb6ade18beb05675d44c9565a5c4dc,LEGACY_MEDITECH,133691,FAC004,Riverbend Community Hospital,Critical Access Hospital,e230286001362cf71b5f5510499147d6a06ca8d9ac3c598428518d29c5b61296,40-64,F,520,2024-08-27,2024-09-03,7,INPATIENT,E11.65,Type 2 diabetes mellitus with hyperglycemia,DIABETES,1585003704,Internal Medicine,Affiliated,MEDICAID,14555.01,PAID,0,1,batch_001,encounters_legacy_meditech.csv,227
9743473afa9bf03df227c64a4bad7609af45340f8a6cce8039b6e2b7faae8eca,EPIC_NORTH,E2628417,FAC002,St. Brendan Medical Center,Acute Care Hospital,dd682a3c2228d33123bf15472922c9df4a44eb43ecaf75be50e09a6b09115379,18-39,F,541,2024-08-28,2024-09-06,9,INPATIENT,J45.901,Unspecified asthma with (acute) exacerbation,ASTHMA,1008754750,Hospitalist,Employed,COMMERCIAL,15315.56,PAID,1,1,batch_001,encounters_epic_north.csv,485
4e6e0d615e17f36b6b2de007136b4d02c4100dfb5203e2add9d31353ea4caaf4,EPIC_NORTH,E2874141,FAC002,St. Brendan Medical Center,Acute Care Hospital,32a345bb3d9f84578453861c295fd624efc712257d7208dffe139d7a73cf2787,40-64,M,541,2024-08-29,2024-08-29,0,EMERGENCY,I50.9,"Heart failure, unspecified",HEART_FAILURE,1229836956,Emergency Medicine,Affiliated,COMMERCIAL,11320.05,PAID,,1,batch_001,encounters_epic_north.csv,532
9989ddc4800eae2b0df970ea2458cac56f0194b7dfd83f7045b82d3f7362b9d0,EPIC_NORTH,E1707661,FAC001,Lakeshore General Hospital,Acute Care Hospital,813b3419df502081d272c15ab83a0c44edc991f340d5a0fd477971b551274c5e,65+,M,541,2024-08-31,2024-08-31,0,EMERGENCY,I50.22,Chronic systolic (congestive) heart failure,HEART_FAILURE,1860320807,Emergency Medicine,Employed,COMMERCIAL,5891.90,PAID,,1,batch_001,encounters_epic_north.csv,580
9465073f4c73c8b3621892200b34af3df09ddc552599ffcec18e93a75c202ef3,EPIC_NORTH,E4839285,FAC002,St. Brendan Medical Center,Acute Care Hospital,4abd2a1394e43cd857407bbbd71f5e9ff42266fa4c097dae2c2df0c189256760,65+,F,532,2024-08-31,2024-09-01,1,OBSERVATION,E11.65,Type 2 diabetes mellitus with hyperglycemia,DIABETES,1682052588,Cardiology,Affiliated,COMMERCIAL,13906.54,PAID,,1,batch_001,encounters_epic_north.csv,74
1eb89b53952d83a4b5457f3ce72250ddca83d4a10c00ed1cb75ad3088784627d,EPIC_NORTH,E8409592,FAC001,Lakeshore General Hospital,Acute Care Hospital,8aeb8894d420c3e30434e550fe0e8fa5d7acabf0e066f9c29cee410c82e1a1b4,40-64,M,543,2024-08-31,2024-09-04,4,INPATIENT,J44.1,Chronic obstructive pulmonary disease with (acute) exacerbation,COPD,1440029787,Internal Medicine,Employed,MEDICAID,29793.24,PAID,0,1,batch_001,encounters_epic_north.csv,1430
c439568f6875d27c29a333611c31c6acf5d90fcf73954f26cc6f6c2c3fdbf009,EPIC_NORTH,E1348191,FAC001,Lakeshore General Hospital,Acute Care Hospital,38512853850d9584157e790d4786f5b6cfd37d64b6f09bbd4f7037c64b006b85,18-39,M,537,2024-09-02,2024-09-12,10,INPATIENT,I10,Essential (primary) hypertension,HYPERTENSION,1552182481,Hospitalist,Employed,COMMERCIAL,87256.60,PAID,0,1,batch_001,encounters_epic_north.csv,1211
f8505c60669f020b1aca6936cd836dfb9ee4cfc2850e19ed6fac96127ad6ad1f,EPIC_NORTH,E9934961,FAC001,Lakeshore General Hospital,Acute Care Hospital,b4ec76e1d99119759313e88f3bbf05685e4426ed8f28955ce24e125b094a73b3,18-39,M,541,2024-09-03,2024-09-11,8,INPATIENT,I50.9,"Heart failure, unspecified",HEART_FAILURE,1472671472,Cardiology,Employed,COMMERCIAL,35937.16,DENIED,1,1,batch_001,encounters_epic_north.csv,1225
96347ea4be7f78440a5b411c2eaf6d3926e9c5d1193aced3d9fb84aae9f67c76,EPIC_NORTH,E3016046,FAC001,Lakeshore General Hospital,Acute Care Hospital,099da97de3d38fb91aad387be43c850d52f71cadfe3f6aba0636e66155be0a23,40-64,M,541,2024-09-04,2024-09-06,2,OBSERVATION,I10,Essential (primary) hypertension,HYPERTENSION,1309114175,Hospitalist,Employed,COMMERCIAL,7807.92,PAID,,1,batch_001,encounters_epic_north.csv,278
76cb11bc334d83e621cd783fce729561e3504396406a267d8c81216ad039cc5a,EPIC_NORTH,E6310869,FAC002,St. Brendan Medical Center,Acute Care Hospital,ba4ffe8c621f5215c7b8e544df0d1740deccc6054e362a6daeb1acb3d9fc905f,18-39,M,537,2024-09-04,2024-09-06,2,INPATIENT,E11.65,Type 2 diabetes mellitus with hyperglycemia,DIABETES,1771884131,Internal Medicine,Employed,MEDICAID,77667.97,PAID,0,1,batch_001,encounters_epic_north.csv,741
055705d1aaf59219bf1d4708c239f379901b64412aefe038e59231471df4fce5,LEGACY_MEDITECH,110820,FAC004,Riverbend Community Hospital,Critical Access Hospital,26dfe60dd85b0c466457ed8ad7611f8786b10e31c7e6bf667db801b005bad5f5,65+,F,524,2024-09-04,2024-09-06,2,OBSERVATION,E11.65,Type 2 diabetes mellitus with hyperglycemia,DIABETES,1585003704,Internal Medicine,Affiliated,MEDICARE,15678.17,PAID,,1,batch_001,encounters_legacy_meditech.csv,89
6d602f1d85379da15c26f33b2ae15883169853f56b27e1e66af0a924c4912995,EPIC_NORTH,E3790803,FAC002,St. Brendan Medical Center,Acute Care Hospital,30350d51f4ebb324bdf6ed7331012797a3356618266c5584f972c0a42f12bb8d,18-39,M,532,2024-09-05,2024-09-09,4,INPATIENT,J45.901,Unspecified asthma with (acute) exacerbation,ASTHMA,1105218543,Nephrology,Employed,COMMERCIAL,9112.76,PAID,0,1,batch_001,encounters_epic_north.csv,1010
fee236fbd3a14163ca410ff047b5aa20b9ad7562a7faf83ee7423e22f56def90,LEGACY_MEDITECH,100019,FAC004,Riverbend Community Hospital,Critical Access Hospital,1092619ee8f2b8671f0db5c85ae2dc7184eb91ed7427f9c19a83bbee6c593874,65+,F,520,2024-09-06,2024-09-07,1,OBSERVATION,E11.65,Type 2 diabetes mellitus with hyperglycemia,DIABETES,1585003704,Internal Medicine,Affiliated,MEDICARE,15158.74,PAID,,1,batch_001,encounters_legacy_meditech.csv,136
f48397d80bf87d9754550c90f3cc5b565128e7e1f6b7bfe20e21eafe3c30d66f,EPIC_NORTH,E1688362,FAC001,Lakeshore General Hospital,Acute Care Hospital,815c6338a13bf3590195fd3382dbcaedf3c5361887fe60efe77d13c8aee7fddb,40-64,F,543,2024-09-08,2024-09-11,3,INPATIENT,E11.65,Type 2 diabetes mellitus with hyperglycemia,DIABETES,1536455680,Hospitalist,Affiliated,COMMERCIAL,19454.49,PAID,0,1,batch_001,encounters_epic_north.csv,1346
8da3e3886b7e85679de680b941f23b78ae309b42de2fb2e655ec1ddc57476fcd,LEGACY_MEDITECH,116868,FAC004,Riverbend Community Hospital,Critical Access Hospital,c9cf057abc289ae1b426d918c6fb8d13b2aa03774c678be797d7348a69ad180f,65+,F,543,2024-09-13,2024-09-15,2,OBSERVATION,I10,Essential (primary) hypertension,HYPERTENSION,1585003704,Internal Medicine,Affiliated,COMMERCIAL,10459.42,PAID,,1,batch_001,encounters_legacy_meditech.csv,53
74600184ed8a074b729a75f4a0a98927bf744380bc68abc9f7455a1a30fb8cae,LEGACY_MEDITECH,125013,FAC004,Riverbend Community Hospital,Critical Access Hospital,89843194047ef6815dd7879eb3e34941079a9193ed8f668733da0e6d0f14fd6e,40-64,M,543,2024-09-17,2024-09-29,12,INPATIENT,I10,Essential (primary) hypertension,HYPERTENSION,1585003704,Internal Medicine,Affiliated,COMMERCIAL,10311.15,PAID,0,1,batch_001,encounters_legacy_meditech.csv,341
db4d8ed701b67db4e960f24b0b3378ade5109d9843a6392428a56abafde2d8f5,EPIC_NORTH,E4540969,FAC001,Lakeshore General Hospital,Acute Care Hospital,2fa9feb07c752cb50504e1aea9987c31d3b3d9bba66a9d580224bdf15fbdcca6,40-64,M,541,2024-09-19,2024-09-20,1,OBSERVATION,E11.65,Type 2 diabetes mellitus with hyperglycemia,DIABETES,1440029787,Internal Medicine,Employed,COMMERCIAL,6944.60,DENIED,,1,batch_001,encounters_epic_north.csv,530
439fd7c3aee350636a2c4d029f43de2c6720a455ec4f488215b797874bacfafa,EPIC_NORTH,E5508915,FAC002,St. Brendan Medical Center,Acute Care Hospital,53c4461ba7222897ed82fe91b0edf7375a901ed6b0eed8df349c850eda5784a7,18-39,F,531,2024-09-19,2024-09-26,7,INPATIENT,I10,Essential (primary) hypertension,HYPERTENSION,1771884131,Internal Medicine,Employed,MEDICAID,15754.36,PAID,0,1,batch_001,encounters_epic_north.csv,356
d766ae7b4e83e6bb39f81775c650713c24bf3b187b9047f2157cf3f3fa55253f,LEGACY_MEDITECH,108034,FAC004,Riverbend Community Hospital,Critical Access Hospital,6549108b576c1b57178e332cb6e7c9edc23dafe4fcd139907c80f16e8493fdef,65+,M,520,2024-09-23,2024-09-23,0,EMERGENCY,I10,Essential (primary) hypertension,HYPERTENSION,1228088641,Emergency Medicine,Employed,MEDICARE,5876.52,PAID,,1,batch_001,encounters_legacy_meditech.csv,69
97bf261356cfee75db4d5f4f36e2b6e9ed064c39d592f8427ecc52323d67a1bb,EPIC_NORTH,E4208459,FAC002,St. Brendan Medical Center,Acute Care Hospital,bc4a1d4887a939eb53473475c221d8b202f432259cd8fb8e0448b3c9e7d202f3,18-39,F,543,2024-09-24,2024-10-02,8,INPATIENT,J44.1,Chronic obstructive pulmonary disease with (acute) exacerbation,COPD,1008754750,Hospitalist,Employed,SELF_PAY,10230.00,PAID,0,1,batch_002,encounters_epic_north.csv,86
996f2804e06b083b212e8c6650b5210b9ae15030c5d4f66ea63ff9ca89fbf7cc,EPIC_NORTH,E6325068,FAC001,Lakeshore General Hospital,Acute Care Hospital,3d883fbffdf10234ebdafef3b5b09769ebefe32bde1d318bd070132e7bdeef7b,40-64,M,543,2024-09-27,2024-09-27,0,OBSERVATION,I10,Essential (primary) hypertension,HYPERTENSION,1309114175,Hospitalist,Employed,MEDICAID,5781.43,DENIED,,1,batch_001,encounters_epic_north.csv,1026
1e10cfdfb3631e61f1b4b84b65f145c388ea89528215c022ce2733155a844bdf,EPIC_NORTH,E1663250,FAC002,St. Brendan Medical Center,Acute Care Hospital,dd682a3c2228d33123bf15472922c9df4a44eb43ecaf75be50e09a6b09115379,18-39,F,541,2024-09-28,2024-10-06,8,INPATIENT,J45.901,Unspecified asthma with (acute) exacerbation,ASTHMA,1939494823,Pulmonology,Employed,COMMERCIAL,49758.66,PAID,0,1,batch_001,encounters_epic_north.csv,928
4e944314ff3aee04d76f5a361adb76bf5b5fbd3cf094080e834d8e637e5f0387,EPIC_NORTH,E2708249,FAC002,St. Brendan Medical Center,Acute Care Hospital,68a5c60fb262a1835b394e6d40104c7d75f3e4725d85e4e6118f6cd8ef015ee9,65+,F,524,2024-09-28,2024-10-05,7,INPATIENT,J44.1,Chronic obstructive pulmonary disease with (acute) exacerbation,COPD,1836016109,Hospitalist,Employed,MEDICARE,34128.66,PAID,0,1,batch_001,encounters_epic_north.csv,392
17ec438b8e056a97de73d38bd77fbc2109386e8a433bf559cbb12a970298d2e3,EPIC_NORTH,E2107082,FAC002,St. Brendan Medical Center,Acute Care Hospital,d901f84a928eae0a25149361a9f77113389ef2d5c28dc52a8b78ccd69def85d7,18-39,M,524,2024-09-29,2024-09-29,0,EMERGENCY,N18.6,End stage renal disease,CKD,1028382228,Emergency Medicine,Employed,COMMERCIAL,5454.53,PAID,,1,batch_001,encounters_epic_north.csv,1237
8e8d76242056dc4e034f4574e105346ad5cba92ffd9fdd9b83a25d66ca613cff,EPIC_NORTH,E7028718,FAC002,St. Brendan Medical Center,Acute Care Hospital,b41393795511818cebc5d881a5d130c41d04a3817acd298a5f00c13cab3a974f,65+,M,531,2024-09-30,2024-10-06,6,INPATIENT,I10,Essential (primary) hypertension,HYPERTENSION,1771884131,Internal Medicine,Employed,COMMERCIAL,27156.71,PAID,0,1,batch_001,encounters_epic_north.csv,1110
331af49e199d06861ccebf0fdf471b6316247e8fc5021767034122e097fbabcd,EPIC_NORTH,E9711915,FAC001,Lakeshore General Hospital,Acute Care Hospital,e0d1a66ce5ff46b9e3c77932de49fb8fa8d7ac6c7ca9fbf801c40f3b13e0082f,40-64,M,531,2024-09-30,2024-10-01,1,INPATIENT,E11.65,Type 2 diabetes mellitus with hyperglycemia,DIABETES,1139986982,Hospitalist,Employed,COMMERCIAL,36106.57,PAID,0,1,batch_001,encounters_epic_north.csv,1118
43096887e55bb6a125480f3a1673e94fb17ac4fc54b072aadd5613c0cb1ef957,LEGACY_MEDITECH,128873,FAC004,Riverbend Community Hospital,Critical Access Hospital,8acb28bb834e88da24c7c6e4a26bf5648b427256a9d9f24253dcd938e614265a,40-64,M,520,2024-10-01,2024-10-02,1,OBSERVATION,I50.9,"Heart failure, unspecified",HEART_FAILURE,1406925663,Hospitalist,Affiliated,MEDICAID,17134.90,DENIED,,1,batch_001,encounters_legacy_meditech.csv,26
96f8f850a375189f827aea2ae8e1996d6a3af89cff8f51c92acdda407e4d4892,EPIC_NORTH,E6761363,FAC002,St. Brendan Medical Center,Acute Care Hospital,851caa579b0e9823589a30f289f428ee1d980c7346378c13b675903cb1547b94,40-64,F,537,2024-10-03,2024-10-10,7,INPATIENT,I10,Essential (primary) hypertension,HYPERTENSION,1682052588,Cardiology,Affiliated,OTHER,30386.65,PAID,0,2,batch_002,encounters_epic_north.csv,153
5e0f16e1075b28f2650cd7f30584583bf6f5450e769d54558f40d68b28966e98,LEGACY_MEDITECH,134813,FAC004,Riverbend Community Hospital,Critical Access Hospital,72936083e9785c0003975d1e6eb380dbdd05ba7799701d7fe30a9f7759457267,40-64,M,543,2024-10-03,2024-10-15,12,INPATIENT,J44.1,Chronic obstructive pulmonary disease with (acute) exacerbation,COPD,1406925663,Hospitalist,Affiliated,COMMERCIAL,16362.39,PAID,0,1,batch_001,encounters_legacy_meditech.csv,20
20998121f8b5160b40ac8489ea988ee01e605c48d1d49f66173d554aa2ca2da3,EPIC_NORTH,E3153477,FAC001,Lakeshore General Hospital,Acute Care Hospital,dfb27b08edc8eb275190740407a295c3786d5cf221504c422e6143683bbc5fd9,18-39,F,531,2024-10-05,2024-10-06,1,OBSERVATION,I50.22,Chronic systolic (congestive) heart failure,HEART_FAILURE,1309114175,Hospitalist,Employed,SELF_PAY,12046.29,PAID,,1,batch_001,encounters_epic_north.csv,894
2f3b61209cc42298dcb9e93a8322838177124f82570ff7ef9a15f1fe45d22673,EPIC_NORTH,E3361949,FAC002,St. Brendan Medical Center,Acute Care Hospital,68a5c60fb262a1835b394e6d40104c7d75f3e4725d85e4e6118f6cd8ef015ee9,65+,F,524,2024-10-05,2024-10-13,8,INPATIENT,J44.1,Chronic obstructive pulmonary disease with (acute) exacerbation,COPD,1129110288,Hospitalist,Affiliated,MEDICARE,50964.36,PAID,0,1,batch_001,encounters_epic_north.csv,393
d025c38bc9c43b7c96a8bba1191a76661b12fa153ccb83e5cc9055339c207a35,EPIC_NORTH,E2017706,FAC002,St. Brendan Medical Center,Acute Care Hospital,b524ef8794b4f0bf7dd6d9d3102e3655915793d28baac6d9b7dd124f0bf881e8,40-64,F,532,2024-10-06,2024-10-08,2,INPATIENT,J44.1,Chronic obstructive pulmonary disease with (acute) exacerbation,COPD,1939494823,Pulmonology,Employed,SELF_PAY,46710.14,PAID,0,1,batch_001,encounters_epic_north.csv,386
200d0fe380ffb65e1735ba29adf78622426f073b4c8b0664fef3564e26f169c8,EPIC_NORTH,E7381513,FAC001,Lakeshore General Hospital,Acute Care Hospital,4b1c82d0d130620b04e44fc19646d206b6e7d5804290083abd4b701b9a4a6c71,40-64,M,520,2024-10-07,2024-10-17,10,INPATIENT,I10,Essential (primary) hypertension,HYPERTENSION,1472671472,Cardiology,Employed,COMMERCIAL,13096.38,PAID,1,1,batch_001,encounters_epic_north.csv,195
40e6d123b008b2ca806397c05cebdc4d71c60e9d44d28955dc603bbed52875f5,EPIC_NORTH,E1427914,FAC001,Lakeshore General Hospital,Acute Care Hospital,b4ec76e1d99119759313e88f3bbf05685e4426ed8f28955ce24e125b094a73b3,18-39,M,541,2024-10-10,2024-10-22,12,INPATIENT,I50.22,Chronic systolic (congestive) heart failure,HEART_FAILURE,1440029787,Internal Medicine,Employed,COMMERCIAL,54053.93,PAID,0,1,batch_001,encounters_epic_north.csv,1262
2752478f4988844028cea0b60e45ee9c1ae7477b9f1624a51d4699e2d1041e94,EPIC_NORTH,E3400529,FAC001,Lakeshore General Hospital,Acute Care Hospital,38512853850d9584157e790d4786f5b6cfd37d64b6f09bbd4f7037c64b006b85,18-39,M,537,2024-10-14,2024-10-18,4,INPATIENT,I10,Essential (primary) hypertension,HYPERTENSION,1778486484,Internal Medicine,Employed,COMMERCIAL,34986.88,PAID,0,1,batch_001,encounters_epic_north.csv,740
1e62ed8e2d849e750f9c076c1afbb78a579d935e58eb58121fe7a472ac11b33c,EPIC_NORTH,E9419659,FAC002,St. Brendan Medical Center,Acute Care Hospital,71231416b5f175f23b43ad39d2840999d891421d2e04bf14e99dedbc1bbdc29b,65+,F,543,2024-10-14,2024-10-18,4,INPATIENT,I50.22,Chronic systolic (congestive) heart failure,HEART_FAILURE,1105218543,Nephrology,Employed,MEDICARE,54024.11,PAID,0,1,batch_001,encounters_epic_north.csv,1242
ad42bbf2518092b600f9d10f088d510c2d8eb17513a4780c01b34d11364a0071,EPIC_NORTH,E6398699,FAC001,Lakeshore General Hospital,Acute Care Hospital,30cddb33bb4e32bee0e81c89b92c932bbbe1cddd75c67bf135c8f0b4bf7a23f7,18-39,F,531,2024-10-17,2024-10-28,11,INPATIENT,J44.1,Chronic obstructive pulmonary disease with (acute) exacerbation,COPD,1701079810,Pulmonology,Employed,COMMERCIAL,59203.94,PAID,0,1,batch_001,encounters_epic_north.csv,16
40c5009997d49cfd11115afabfeb086413e3e7169d2367d779aec73340fe1a8e,EPIC_NORTH,E7698215,FAC002,St. Brendan Medical Center,Acute Care Hospital,2e9bf27e182836698f04dcdba38336d83babf2fa0a72bc270a7d62f684c384d6,40-64,M,532,2024-10-17,2024-10-23,6,INPATIENT,N18.6,End stage renal disease,CKD,1771884131,Internal Medicine,Employed,COMMERCIAL,11532.98,PAID,0,1,batch_001,encounters_epic_north.csv,249
84ac1dccbfd7744d382515eadb5e35b7c951d387523770fc084fee4fbdd63d6f,EPIC_NORTH,E2723317,FAC001,Lakeshore General Hospital,Acute Care Hospital,4b1c82d0d130620b04e44fc19646d206b6e7d5804290083abd4b701b9a4a6c71,40-64,M,520,2024-10-19,2024-10-31,12,INPATIENT,N18.6,End stage renal disease,CKD,1440029787,Internal Medicine,Employed,COMMERCIAL,57501.45,PAID,0,1,batch_001,encounters_epic_north.csv,119
c814acb95ec64cafda76e63843af3680d6e5e3d7a3586bb8abf26d178e808ce8,LEGACY_MEDITECH,100293,FAC004,Riverbend Community Hospital,Critical Access Hospital,cd5f3dea1f578df2af474bca5a7034b7de9956c68512f7effb90bbee6a4d1a70,65+,M,524,2024-10-19,2024-10-21,2,OBSERVATION,N18.6,End stage renal disease,CKD,1585003704,Internal Medicine,Affiliated,MEDICARE,6638.21,PAID,,1,batch_003,encounters_legacy_meditech.csv,10
ec6c159055d92991233c7d214b9d2b9da9b85700a8daaf06a850713feda080ea,EPIC_NORTH,E6309075,FAC002,St. Brendan Medical Center,Acute Care Hospital,434530db34a4df0b94a8b1c23f7195ae291f03827b1d66e6e8544535d4c20f4c,40-64,M,541,2024-10-20,2024-10-22,2,INPATIENT,J44.1,Chronic obstructive pulmonary disease with (acute) exacerbation,COPD,1008754750,Hospitalist,Employed,COMMERCIAL,51956.25,PAID,0,1,batch_001,encounters_epic_north.csv,820
a76026786da51033280a086914ebc336350e6122a5f2bdb0d12548074ac0dcf1,EPIC_NORTH,E7255968,FAC002,St. Brendan Medical Center,Acute Care Hospital,db5ab582169043f70a0286e4f9282b6c2e24f0baf4cce8f64e3ee33d8e1235d0,65+,F,541,2024-10-20,2024-10-21,1,INPATIENT,I10,Essential (primary) hypertension,HYPERTENSION,1129110288,Hospitalist,Affiliated,MEDICARE,40474.89,DENIED,0,1,batch_001,encounters_epic_north.csv,589
ad03dc723a8cd0425d2aea1d759a3880efdd6b7b42fc8becba659c39e39831f3,EPIC_NORTH,E2011289,FAC002,St. Brendan Medical Center,Acute Care Hospital,91e6ddd2f7da2165e22cb7723792d32cc4c7b6c6cbd657fbb6d7a4bd0b43c611,65+,F,541,2024-10-26,2024-11-01,6,INPATIENT,I50.9,"Heart failure, unspecified",HEART_FAILURE,1836016109,Hospitalist,Employed,MEDICARE,22348.20,PAID,1,1,batch_001,encounters_epic_north.csv,610
f2630896830899ffb8aaeb2bcf782420590f8391e21bd4c66a3b67e8598c57ff,LEGACY_MEDITECH,122640,FAC004,Riverbend Community Hospital,Critical Access Hospital,aebb7fe9617212f8170756848ce24da8e4e83c57e28519c251d402b8e63d1f04,65+,M,524,2024-10-26,2024-10-28,2,INPATIENT,N18.6,End stage renal disease,CKD,1406925663,Hospitalist,Affiliated,MEDICARE,14487.32,PAID,0,1,batch_001,encounters_legacy_meditech.csv,296
8adc18d42528ded806a746c1781f9efe14c9936577b2d0b70522868b7d010a37,EPIC_NORTH,E4993425,FAC001,Lakeshore General Hospital,Acute Care Hospital,f492d538bf6a54ef0b698a47506c3888e42f81fcded2af04573a8a867f010f61,40-64,F,537,2024-10-27,2024-10-28,1,EMERGENCY,J44.1,Chronic obstructive pulmonary disease with (acute) exacerbation,COPD,1860320807,Emergency Medicine,Employed,COMMERCIAL,5000.01,PAID,,1,batch_001,encounters_epic_north.csv,1096
1ea548248da7435d869a3910481fe16c96ce0286438a418873210ff93cc1fc13,EPIC_NORTH,E9264356,FAC002,St. Brendan Medical Center,Acute Care Hospital,d7747976dbae590d4f8864ec50a1eeaa5433fa9c628e31d3e20139d9ceb27506,40-64,F,531,2024-10-27,2024-11-08,12,INPATIENT,J44.1,Chronic obstructive pulmonary disease with (acute) exacerbation,COPD,1129110288,Hospitalist,Affiliated,COMMERCIAL,21785.96,PAID,0,1,batch_001,encounters_epic_north.csv,636
2500b769bae86989ebc8f9ebdff8111eb8f54282c8c2f67dc6da55d072cc2aa2,LEGACY_MEDITECH,123300,FAC004,Riverbend Community Hospital,Critical Access Hospital,b8ceb2af98ef027130eb67ac68fe48b48aa9267b4be92cd39ba67ac5736c002e,65+,F,520,2024-10-28,2024-10-29,1,INPATIENT,N18.6,End stage renal disease,CKD,1585003704,Internal Medicine,Affiliated,MEDICARE,9060.74,PAID,0,1,batch_001,encounters_legacy_meditech.csv,70
f764979bfc3a8aeec6b5b26efb301d7f6b59059b5eb8de9a8d92e802b4da24fa,EPIC_NORTH,E4119712,FAC001,Lakeshore General Hospital,Acute Care Hospital,617b08f8676d0943c3820a707eedd7423e74a199f73aced3c89e11fc1b7710a2,65+,M,541,2024-11-02,2024-11-12,10,INPATIENT,J44.1,Chronic obstructive pulmonary disease with (acute) exacerbation,COPD,1309114175,Hospitalist,Employed,MEDICARE,12327.05,PAID,0,1,batch_001,encounters_epic_north.csv,767
2599f7fbaa85e3301bdc30378e58ba054bcea118d875c6db5126cd43d6438bc5,EPIC_NORTH,E3116736,FAC002,St. Brendan Medical Center,Acute Care Hospital,71231416b5f175f23b43ad39d2840999d891421d2e04bf14e99dedbc1bbdc29b,65+,F,543,2024-11-07,2024-11-08,1,OBSERVATION,I50.22,Chronic systolic (congestive) heart failure,HEART_FAILURE,1771884131,Internal Medicine,Employed,MEDICARE,14976.82,PAID,,2,batch_002,encounters_epic_north.csv,83
674d6e3eaf5efd19646f5f2cc5ff1e7c2f0101effd74215c3f77d162e13973a4,EPIC_NORTH,E4255304,FAC001,Lakeshore General Hospital,Acute Care Hospital,2eca19066dc5e73ae8462bd4aaa95f938d599d793022d2343be1afcc636dc9c0,65+,F,537,2024-11-08,2024-11-08,0,EMERGENCY,I50.22,Chronic systolic (congestive) heart failure,HEART_FAILURE,1871689760,Emergency Medicine,Employed,MEDICAID,6801.44,PAID,,1,batch_001,encounters_epic_north.csv,608
67d84e193908c3ad4a935c28d2ccba88c6dc364bd17f8c4a1e78d7913078a134,LEGACY_MEDITECH,125660,FAC004,Riverbend Community Hospital,Critical Access Hospital,94284ba0820917646b13b3c08f8ae29cf2a515bd3000a0a5bb2092c7ebdc54e6,40-64,F,531,2024-11-09,2024-11-14,5,INPATIENT,J44.1,Chronic obstructive pulmonary disease with (acute) exacerbation,COPD,1585003704,Internal Medicine,Affiliated,COMMERCIAL,53261.08,PAID,0,1,batch_001,encounters_legacy_meditech.csv,60
c9454a5804209e12fb5bfc612c5728d6ae59ff6295bac79b62ee8ff017991e76,EPIC_NORTH,E2778940,FAC001,Lakeshore General Hospital,Acute Care Hospital,738377045e400f14a5a552b93244c34b603392dfa3890a08f08fc5a4892b89e1,65+,M,532,2024-11-12,2024-11-22,10,INPATIENT,N18.6,End stage renal disease,CKD,1440029787,Internal Medicine,Employed,MEDICARE,14320.00,PAID,0,2,batch_002,encounters_epic_north.csv,120
1140a6434543dc559e10249402f822ed8dd23a229797e3e0b65ad21cdb74cd10,EPIC_NORTH,E9597020,FAC002,St. Brendan Medical Center,Acute Care Hospital,9d143cccc1cc4f1c3d70b00f865a68fbfe5981f01df16fc529091d08f4f5e3c9,40-64,M,531,2024-11-14,2024-11-21,7,INPATIENT,E11.65,Type 2 diabetes mellitus with hyperglycemia,DIABETES,1129110288,Hospitalist,Affiliated,MEDICAID,68279.87,PAID,1,1,batch_001,encounters_epic_north.csv,1154
60de36b0e471a8378bb4adae81f8f7f9a594855129e716e031b618739576bf36,LEGACY_MEDITECH,117361,FAC004,Riverbend Community Hospital,Critical Access Hospital,b0b6b45fe052e8515aca8551ef58a50fec1b6e2d2416305949cffe7dacc20c0c,65+,M,531,2024-11-15,2024-11-20,5,INPATIENT,E11.65,Type 2 diabetes mellitus with hyperglycemia,DIABETES,1406925663,Hospitalist,Affiliated,MEDICARE,57408.95,PAID,0,2,batch_002,encounters_legacy_meditech.csv,218
c30c58a7a82e8a0dbdc72878e048453ded6ff972675336a8c38b86ec5d2f5694,EPIC_NORTH,E8176636,FAC001,Lakeshore General Hospital,Acute Care Hospital,b8ec2662d46975c97d2b25f93e226ab772f84abe7abb14ffdaf8c7b8bb3a416a,40-64,M,537,2024-11-16,2024-11-17,1,INPATIENT,J44.1,Chronic obstructive pulmonary disease with (acute) exacerbation,COPD,1309114175,Hospitalist,Employed,COMMERCIAL,20105.34,PAID,0,1,batch_001,encounters_epic_north.csv,630
84ae7e26906168b9b3c87402c401e9da7d36c1635872904b242ae982cbf84e88,LEGACY_MEDITECH,116056,FAC004,Riverbend Community Hospital,Critical Access Hospital,03d2b325ce753bae04cdc11eb5a43de04f827d19e6216edff9a4f2cf0e4a3fa7,40-64,M,520,2024-11-17,2024-11-28,11,INPATIENT,I50.9,"Heart failure, unspecified",HEART_FAILURE,1585003704,Internal Medicine,Affiliated,COMMERCIAL,33008.49,PAID,0,2,batch_002,encounters_legacy_meditech.csv,189
637ded505bdbd1299d7bcd151ab0dfc2b257c92048837d6ff310b3e4b2a8528a,EPIC_NORTH,E2087019,FAC002,St. Brendan Medical Center,Acute Care Hospital,d4ac4a2201b4cda0bc9ed1e745bbe07bab54fe79bae69a585ef941bf492fe1ba,40-64,F,531,2024-11-19,2024-11-19,0,OBSERVATION,I10,Essential (primary) hypertension,HYPERTENSION,1771884131,Internal Medicine,Employed,COMMERCIAL,9984.22,PAID,,1,batch_001,encounters_epic_north.csv,1342
8adb413bb4d1195a91bf60e42dc62a4bf2a1edc00a103636685581995f4a6571,EPIC_NORTH,E7704778,FAC001,Lakeshore General Hospital,Acute Care Hospital,91e6ddd2f7da2165e22cb7723792d32cc4c7b6c6cbd657fbb6d7a4bd0b43c611,65+,F,541,2024-11-19,2024-11-21,2,INPATIENT,I50.9,"Heart failure, unspecified",HEART_FAILURE,1552182481,Hospitalist,Employed,MEDICARE,11437.77,PAID,0,1,batch_001,encounters_epic_north.csv,246
bf5ec2625f3f1e92b5000ec454b903615fcc7f7de1e72314be349ff263f18b47,EPIC_NORTH,E8575374,FAC002,St. Brendan Medical Center,Acute Care Hospital,71231416b5f175f23b43ad39d2840999d891421d2e04bf14e99dedbc1bbdc29b,65+,F,543,2024-11-20,2024-11-23,3,INPATIENT,I50.22,Chronic systolic (congestive) heart failure,HEART_FAILURE,1642524775,Internal Medicine,Employed,MEDICARE,21472.28,PAID,0,2,batch_002,encounters_epic_north.csv,15
ffcf06674ebec8c1cc118b0dbd6cd0179a72f977ec525c2defff9647dca70dc2,LEGACY_MEDITECH,137265,FAC004,Riverbend Community Hospital,Critical Access Hospital,d4c0ca5900d82eda6eb5aa68e0795f7601560db759745e32d12aafd931423301,65+,F,524,2024-11-22,2024-11-24,2,INPATIENT,J44.1,Chronic obstructive pulmonary disease with (acute) exacerbation,COPD,1585003704,Internal Medicine,Affiliated,MEDICARE,54189.82,PAID,0,2,batch_002,encounters_legacy_meditech.csv,65
70226a25a50c5e0ecbfdb748d635d0eefa3f9b95577833a5a43a39a890fd2042,EPIC_NORTH,E5615911,FAC002,St. Brendan Medical Center,Acute Care Hospital,04364891e476e4ec912883077cd352ab4b3903383f968f15e65ea04b947b71b7,65+,M,531,2024-11-23,2024-12-01,8,INPATIENT,N18.6,End stage renal disease,CKD,1682052588,Cardiology,Affiliated,COMMERCIAL,19403.04,SUBMITTED,0,1,batch_001,encounters_epic_north.csv,1149
80243b20d2c2de149d7bc4efb47b20fc5ac23d37c459b00170404fc0ea3a0407,EPIC_NORTH,E9617201,FAC001,Lakeshore General Hospital,Acute Care Hospital,5486170f58053522005445b2094d0d4f9222aba7d1e23a8b1818c1be70317131,40-64,M,531,2024-11-23,2024-11-24,1,INPATIENT,I50.22,Chronic systolic (congestive) heart failure,HEART_FAILURE,1472671472,Cardiology,Employed,COMMERCIAL,61202.39,PAID,0,2,batch_002,encounters_epic_north.csv,96
9efdcb73372ff79c032cca150ac8a0c02e1a02175b3971c2654ccd6aaae8a900,EPIC_NORTH,E2463574,FAC002,St. Brendan Medical Center,Acute Care Hospital,d769b914a48be6700dd87466837ffb3dc8165fdc4533df41d2693e516938d158,40-64,F,537,2024-11-24,2024-12-04,10,INPATIENT,I50.22,Chronic systolic (congestive) heart failure,HEART_FAILURE,1771884131,Internal Medicine,Employed,COMMERCIAL,68055.40,PAID,0,2,batch_002,encounters_epic_north.csv,160
cfca4f29478bff4da9864c34e0cf36aabe8d3b79740cc88f6050b4064c17cc79,EPIC_NORTH,E9740432,FAC001,Lakeshore General Hospital,Acute Care Hospital,5486170f58053522005445b2094d0d4f9222aba7d1e23a8b1818c1be70317131,40-64,M,531,2024-11-24,2024-11-26,2,INPATIENT,I50.22,Chronic systolic (congestive) heart failure,HEART_FAILURE,1452059979,Nephrology,Employed,COMMERCIAL,91497.31,PAID,0,2,batch_002,encounters_epic_north.csv,137
a42682869537f84e6ba6986fa9c4d0d76e41c2da32aef5036276f238a2f5b4a6,EPIC_NORTH,E5667383,FAC001,Lakeshore General Hospital,Acute Care Hospital,813b3419df502081d272c15ab83a0c44edc991f340d5a0fd477971b551274c5e,65+,M,541,2024-11-29,2024-12-07,8,INPATIENT,I50.22,Chronic systolic (congestive) heart failure,HEART_FAILURE,1440029787,Internal Medicine,Employed,COMMERCIAL,10579.91,PAID,0,2,batch_002,encounters_epic_north.csv,113
622f1512ea5a395f14ed4342b6a71702f50898b577021b5d1dad7cf5ac65fb9f,EPIC_NORTH,E5725508,FAC002,St. Brendan Medical Center,Acute Care Hospital,ed8b94b4923132f6e4b0fa4af6c1e4f8d0e5c677114cbba5ee9845b601e8d6c8,40-64,F,537,2024-11-29,2024-12-04,5,INPATIENT,I50.22,Chronic systolic (congestive) heart failure,HEART_FAILURE,1682052588,Cardiology,Affiliated,COMMERCIAL,17135.72,SUBMITTED,0,1,batch_001,encounters_epic_north.csv,1015
dacf5be1bfa931b7b6fcfc73f24cc1a62ec16e7a9be10a3ed076ec446cfdb41d,EPIC_NORTH,E7357651,FAC002,St. Brendan Medical Center,Acute Care Hospital,dbb0495e507cda61581c5ee8c267dcd974674fdabbb4c6a394a4f573c854f4f8,65+,F,531,2024-11-29,2024-12-04,5,INPATIENT,J44.1,Chronic obstructive pulmonary disease with (acute) exacerbation,COPD,1105218543,Nephrology,Employed,MEDICARE,29117.49,SUBMITTED,0,1,batch_001,encounters_epic_north.csv,794
a3692173108378be77014fe4d5550f1e1cbc50fc6e0c32621de13b252c1cfa72,EPIC_NORTH,E8485422,FAC002,St. Brendan Medical Center,Acute Care Hospital,9d143cccc1cc4f1c3d70b00f865a68fbfe5981f01df16fc529091d08f4f5e3c9,40-64,M,531,2024-11-30,2024-12-07,7,INPATIENT,E11.65,Type 2 diabetes mellitus with hyperglycemia,DIABETES,1129110288,Hospitalist,Affiliated,MEDICAID,37458.67,SUBMITTED,0,1,batch_001,encounters_epic_north.csv,667
469bad226d5f5703737672ab683ad5a22e530c241c93122644b3dc1b0cab4dee,LEGACY_MEDITECH,131873,FAC004,Riverbend Community Hospital,Critical Access Hospital,b8ceb2af98ef027130eb67ac68fe48b48aa9267b4be92cd39ba67ac5736c002e,65+,F,520,2024-11-30,2024-12-06,6,INPATIENT,N18.6,End stage renal disease,CKD,1585003704,Internal Medicine,Affiliated,MEDICARE,28362.15,PAID,0,2,batch_002,encounters_legacy_meditech.csv,71
ce66bf5b1df0bc75b571cc8d37c0c31f1d18a663c8ffeb4ef8290379dcb2b0ab,EPIC_NORTH,E9566372,FAC001,Lakeshore General Hospital,Acute Care Hospital,426f47473a38e51553a01869fb06c87c7cdb1d4a7d2f5f0408c3cd539c5e47ee,40-64,F,524,2024-12-02,2024-12-06,4,INPATIENT,E11.65,Type 2 diabetes mellitus with hyperglycemia,DIABETES,1472671472,Cardiology,Employed,COMMERCIAL,14644.23,PAID,0,2,batch_003,encounters_epic_north.csv,79
cf38cac70e2de13e991fa16dc6e6323f32b30eed6ae2d8edd73dc3259956f858,EPIC_NORTH,E4756315,FAC001,Lakeshore General Hospital,Acute Care Hospital,815c6338a13bf3590195fd3382dbcaedf3c5361887fe60efe77d13c8aee7fddb,40-64,F,543,2024-12-05,2024-12-14,9,INPATIENT,E11.65,Type 2 diabetes mellitus with hyperglycemia,DIABETES,1701079810,Pulmonology,Employed,COMMERCIAL,57411.81,SUBMITTED,1,1,batch_002,encounters_epic_north.csv,172
1f21033f3467724e2be609976ffc94da66903339c795955745bb46bceb4136b2,EPIC_NORTH,E8952212,FAC001,Lakeshore General Hospital,Acute Care Hospital,0e63056066bf850f7d8e188ea22aa28a3767c8b4ca46046e08068e7cf0b03837,40-64,F,531,2024-12-06,2024-12-13,7,INPATIENT,I50.22,Chronic systolic (congestive) heart failure,HEART_FAILURE,1452059979,Nephrology,Employed,OTHER,33645.42,PAID,0,2,batch_003,encounters_epic_north.csv,64
16b936a010e880562cc5365cc0d7efde56802943cf25fe0abf754747f696a884,LEGACY_MEDITECH,112636,FAC004,Riverbend Community Hospital,Critical Access Hospital,c34f784830e4261a3fb071dc6144cab19ce87b221eb2a10189f482ab557a0d9d,65+,F,520,2024-12-07,2024-12-13,6,INPATIENT,I50.22,Chronic systolic (congestive) heart failure,HEART_FAILURE,1585003704,Internal Medicine,Affiliated,MEDICARE,24641.86,SUBMITTED,0,1,batch_002,encounters_legacy_meditech.csv,224
654768028a4562dbfdb52e4095f6bac84d764bad6291ec4a14a87a3f9cab335e,LEGACY_MEDITECH,107158,FAC004,Riverbend Community Hospital,Critical Access Hospital,1092619ee8f2b8671f0db5c85ae2dc7184eb91ed7427f9c19a83bbee6c593874,65+,F,520,2024-12-08,2024-12-10,2,INPATIENT,E11.65,Type 2 diabetes mellitus with hyperglycemia,DIABETES,1585003704,Internal Medicine,Affiliated,MEDICARE,23051.31,PAID,0,2,batch_003,encounters_legacy_meditech.csv,12
0de2a86729211ccdf9b502108cf6370256a5c81624f24f924f0928635e844bb3,EPIC_NORTH,E7935318,FAC002,St. Brendan Medical Center,Acute Care Hospital,d901f84a928eae0a25149361a9f77113389ef2d5c28dc52a8b78ccd69def85d7,18-39,M,524,2024-12-10,2024-12-13,3,INPATIENT,N18.6,End stage renal disease,CKD,1771884131,Internal Medicine,Employed,COMMERCIAL,91551.56,SUBMITTED,0,1,batch_002,encounters_epic_north.csv,14
be3dfdec9f3028c9bff06cda0cfbe10d9c5efa5f8c89587346bc4011ef2d58fa,EPIC_NORTH,E7204104,FAC002,St. Brendan Medical Center,Acute Care Hospital,d7747976dbae590d4f8864ec50a1eeaa5433fa9c628e31d3e20139d9ceb27506,40-64,F,531,2024-12-11,2024-12-20,9,INPATIENT,J44.1,Chronic obstructive pulmonary disease with (acute) exacerbation,COPD,1939494823,Pulmonology,Employed,COMMERCIAL,49577.18,DENIED,0,2,batch_003,encounters_epic_north.csv,59
703597f1fee876b2d1ba73d03d209e0763ece6a6b3ef1c46cd7f3ae79f879f4f,EPIC_NORTH,E7321153,FAC002,St. Brendan Medical Center,Acute Care Hospital,5a37e630b49fe710722c85116872d3a8fff2d1d284a92d673dea79619bcd1c1e,40-64,F,543,2024-12-11,2024-12-20,9,INPATIENT,I50.22,Chronic systolic (congestive) heart failure,HEART_FAILURE,1682052588,Cardiology,Affiliated,COMMERCIAL,8348.42,PAID,0,2,batch_003,encounters_epic_north.csv,45
73d6ccfccdd226e49e72bf28107677400c1d1c94bbe8daa2437d30515dc4e44f,EPIC_NORTH,E9213543,FAC001,Lakeshore General Hospital,Acute Care Hospital,ce569b5860104cd71f133b23ebce62af52c1820d942b7b81660ac4089b32c925,40-64,M,532,2024-12-14,2024-12-14,0,EMERGENCY,N18.6,End stage renal disease,CKD,1447294053,Emergency Medicine,Employed,COMMERCIAL,5653.28,SUBMITTED,,1,batch_002,encounters_epic_north.csv,47
750d4c489eac1fd7fb2287356f6951b7405786f17f68a1f1811c37a564987014,EPIC_NORTH,E5539654,FAC001,Lakeshore General Hospital,Acute Care Hospital,a55399b48544ca7efec47d85a6cd1b6f6956019b6e292a6e34bfcab20e07551d,65+,F,531,2024-12-15,2024-12-20,5,INPATIENT,I50.9,"Heart failure, unspecified",HEART_FAILURE,1139986982,Hospitalist,Employed,MEDICARE,11291.00,DENIED,0,2,batch_003,encounters_epic_north.csv,73
92a1f19053d36cd27fb413f48a9ce51de67cca957819a571bb6c2527d1361743,EPIC_NORTH,E4113536,FAC002,St. Brendan Medical Center,Acute Care Hospital,42e17e1c55b01b32cf5d68a559a46888d17c3e4793e6c75cc9646c42187ffd0f,18-39,F,543,2024-12-16,2024-12-18,2,INPATIENT,E11.65,Type 2 diabetes mellitus with hyperglycemia,DIABETES,1771884131,Internal Medicine,Employed,COMMERCIAL,63695.37,PAID,0,2,batch_003,encounters_epic_north.csv,13
5636abb520f2a364e042ec968d15791c8b224d5f065ddd440d99b3fe46b8226e,EPIC_NORTH,E6812954,FAC001,Lakeshore General Hospital,Acute Care Hospital,815c6338a13bf3590195fd3382dbcaedf3c5361887fe60efe77d13c8aee7fddb,40-64,F,543,2024-12-16,2024-12-28,12,INPATIENT,E11.65,Type 2 diabetes mellitus with hyperglycemia,DIABETES,1452059979,Nephrology,Employed,COMMERCIAL,10709.05,PAID,0,2,batch_003,encounters_epic_north.csv,4
063b5d4cdb23575ca15619578f938cb682a8aa3e3ee1cbd7698a3c45aa812222,EPIC_NORTH,E6325405,FAC001,Lakeshore General Hospital,Acute Care Hospital,3cb0596898386d86044b9247ef92febf69afa4beccc8bf00af650a15e44cc7eb,40-64,F,541,2024-12-19,2024-12-20,1,OBSERVATION,J44.1,Chronic obstructive pulmonary disease with (acute) exacerbation,COPD,1787680457,Cardiology,Affiliated,COMMERCIAL,14924.71,DENIED,,2,batch_003,encounters_epic_north.csv,29
b8e8c5f9ec680562b28058dcb702fa3a4b6b1898d0d305b53e13cfb8513a1ad8,EPIC_NORTH,E3865085,FAC002,St. Brendan Medical Center,Acute Care Hospital,42e17e1c55b01b32cf5d68a559a46888d17c3e4793e6c75cc9646c42187ffd0f,18-39,F,543,2024-12-20,2024-12-20,0,EMERGENCY,E11.65,Type 2 diabetes mellitus with hyperglycemia,DIABETES,1229836956,Emergency Medicine,Affiliated,COMMERCIAL,6631.44,PAID,,2,batch_003,encounters_epic_north.csv,39
05432e06901e162433b6a419ad84323cd31c233894b4e2e834453431a4c78a30,EPIC_NORTH,E7194183,FAC001,Lakeshore General Hospital,Acute Care Hospital,5a37e630b49fe710722c85116872d3a8fff2d1d284a92d673dea79619bcd1c1e,40-64,F,543,2024-12-20,2024-12-21,1,INPATIENT,I50.9,"Heart failure, unspecified",HEART_FAILURE,1472671472,Cardiology,Employed,COMMERCIAL,65787.34,SUBMITTED,0,1,batch_002,encounters_epic_north.csv,112
c5f1e5a6ff8a6097d91ca5c2cb3f7c3964704655e5d23de444c9994043c3590a,EPIC_NORTH,E9154808,FAC002,St. Brendan Medical Center,Acute Care Hospital,a9dd26dd53453f661b3bfb137b25da4102c8ba5f09cab992a6268ef7af3931c8,65+,F,531,2024-12-20,2024-12-31,11,INPATIENT,E11.65,Type 2 diabetes mellitus with hyperglycemia,DIABETES,1129110288,Hospitalist,Affiliated,MEDICARE,16197.28,PAID,0,2,batch_003,encounters_epic_north.csv,23
1cfed15aa0ab6f7e4f213d3b2875195d4accf3042af2076de30e1a8722d83472,LEGACY_MEDITECH,107988,FAC004,Riverbend Community Hospital,Critical Access Hospital,4a9bcf7754d99628dabfe108c43cb33d1b6c37b41df0194442dcb015f561a36f,65+,F,532,2024-12-21,2025-01-01,11,INPATIENT,E11.65,Type 2 diabetes mellitus with hyperglycemia,DIABETES,1585003704,Internal Medicine,Affiliated,MEDICARE,23479.89,SUBMITTED,0,1,batch_003,encounters_legacy_meditech.csv,14
ad0080d5ef94838b93250ab15c4dbbaa3dee2795cd4121c861ba11c3717e89a3,LEGACY_MEDITECH,105311,FAC004,Riverbend Community Hospital,Critical Access Hospital,a319036656ca0ccc960347a6bb567254c6143e40870a9490d63085f682661eca,65+,M,524,2024-12-22,2024-12-23,1,EMERGENCY,J44.1,Chronic obstructive pulmonary disease with (acute) exacerbation,COPD,1930733682,Emergency Medicine,Affiliated,MEDICARE,11302.09,SUBMITTED,,1,batch_003,encounters_legacy_meditech.csv,30
d74cfd2ff08fc320ae7a01501cd5bdaa29a72f9ac896915bfc919c083d90bfb1,EPIC_NORTH,E4916633,FAC002,St. Brendan Medical Center,Acute Care Hospital,738377045e400f14a5a552b93244c34b603392dfa3890a08f08fc5a4892b89e1,65+,M,532,2024-12-23,2024-12-30,7,INPATIENT,N18.6,End stage renal disease,CKD,1939494823,Pulmonology,Employed,MEDICARE,93091.02,SUBMITTED,0,1,batch_003,encounters_epic_north.csv,72
4580c4afc0a233391a71bfa4378fcbb1c92a00e9bd9ae97badc7ff605907c72a,LEGACY_MEDITECH,125398,FAC004,Riverbend Community Hospital,Critical Access Hospital,7cc33c0e43829b06cff6c6d8d4adef1f7f51fc0aeb42299898a1d14486d6ead1,40-64,M,532,2024-12-23,2024-12-25,2,INPATIENT,N18.6,End stage renal disease,CKD,1406925663,Hospitalist,Affiliated,COMMERCIAL,44309.17,SUBMITTED,0,1,batch_003,encounters_legacy_meditech.csv,5
2b7a77ee4b799b5b394c5872f7a9280c180d1c8cdb389df761d668d1a508c1ad,EPIC_NORTH,E7942880,FAC001,Lakeshore General Hospital,Acute Care Hospital,738377045e400f14a5a552b93244c34b603392dfa3890a08f08fc5a4892b89e1,65+,M,532,2024-12-24,2024-12-25,1,OBSERVATION,N18.6,End stage renal disease,CKD,1309114175,Hospitalist,Employed,MEDICARE,9065.10,SUBMITTED,,1,batch_003,encounters_epic_north.csv,70
2a0b2a5353ce7e2f4011730cac1a2d709705441f2f13f3ba73d3bd821299fd3d,LEGACY_MEDITECH,128505,FAC004,Riverbend Community Hospital,Critical Access Hospital,d4c0ca5900d82eda6eb5aa68e0795f7601560db759745e32d12aafd931423301,65+,F,524,2024-12-24,2024-12-25,1,EMERGENCY,J44.1,Chronic obstructive pulmonary disease with (acute) exacerbation,COPD,1764529123,Emergency Medicine,Employed,MEDICARE,7072.88,SUBMITTED,,1,batch_003,encounters_legacy_meditech.csv,15
9bc8b834d39e6649d6248ed0dd5921487d6f83d7819aba5539e27513440f9673,EPIC_NORTH,E2274352,FAC002,St. Brendan Medical Center,Acute Care Hospital,546dc16e27bd347a138709133c3ed5e374a4a517278d3e6265d284eee3f2c4b4,40-64,F,532,2024-12-25,2024-12-25,0,EMERGENCY,J44.1,Chronic obstructive pulmonary disease with (acute) exacerbation,COPD,1229836956,Emergency Medicine,Affiliated,COMMERCIAL,5000.00,SUBMITTED,,1,batch_003,encounters_epic_north.csv,36
4aee23f454e9ec7102e94fbbf358fb56f994a3a1dcb9e5e0078b279ceccbb841,EPIC_NORTH,E9004176,FAC001,Lakeshore General Hospital,Acute Care Hospital,11f5f8d04a20e769f9ad324e92b976e2bd64f3ea8ffaaa7f21330fdaee7fab23,65+,M,532,2024-12-26,2025-01-06,11,INPATIENT,E11.65,Type 2 diabetes mellitus with hyperglycemia,DIABETES,1787680457,Cardiology,Affiliated,MEDICARE,26153.08,SUBMITTED,0,1,batch_003,encounters_epic_north.csv,1
8ec8dfdd46436ada06d472be5f0318d1a1cf184de8ef41d1bd86b4e37b064f32,EPIC_NORTH,E3828641,FAC002,St. Brendan Medical Center,Acute Care Hospital,2f4b375c10e8963fb3c6437840112057faf145c2748f18c610870f3b0c49a6b4,UNKNOWN,F,532,2024-12-27,2024-12-31,4,INPATIENT,I10,Essential (primary) hypertension,HYPERTENSION,1939494823,Pulmonology,Employed,COMMERCIAL,22934.88,SUBMITTED,0,1,batch_003,encounters_epic_north.csv,81
d7bd036d0c9a454fb15290e1364d085e98c6e6d7a8fe74a2ce1354bb532103d0,EPIC_NORTH,E5700568,FAC001,Lakeshore General Hospital,Acute Care Hospital,2cb78e81c4a38c50a5a5b6cdb65d0a934b3c0f517f26d92e88313a003537c671,40-64,F,543,2024-12-27,2025-01-01,5,INPATIENT,I10,Essential (primary) hypertension,HYPERTENSION,1139986982,Hospitalist,Employed,MEDICARE,13813.53,SUBMITTED,0,1,batch_003,encounters_epic_north.csv,47
193ded19ad552a237f0b1994417a0bc52850b10e8cb8158a67336b7f3c49e491,EPIC_NORTH,E8472483,FAC001,Lakeshore General Hospital,Acute Care Hospital,6ec178353f8af4b1138e09acfd6c796891ff34fe2469ab7fcccbbe7eff150ca7,40-64,M,537,2024-12-27,2024-12-31,4,INPATIENT,I10,Essential (primary) hypertension,HYPERTENSION,1778486484,Internal Medicine,Employed,COMMERCIAL,28113.23,SUBMITTED,0,1,batch_003,encounters_epic_north.csv,7
f7f079eb3d82966d5daae228ae5855bf4710d621e428ca5dd2b2434c62c2e47d,EPIC_NORTH,E3497042,FAC002,St. Brendan Medical Center,Acute Care Hospital,db5ab582169043f70a0286e4f9282b6c2e24f0baf4cce8f64e3ee33d8e1235d0,65+,F,541,2024-12-28,2025-01-04,7,INPATIENT,I10,Essential (primary) hypertension,HYPERTENSION,1836016109,Hospitalist,Employed,MEDICARE,10181.34,SUBMITTED,0,1,batch_003,encounters_epic_north.csv,44
1ada825b539b59a40e1ef43b3eabd86d643afc3b23ba288280724f26cd595c9d,EPIC_NORTH,E4548266,FAC001,Lakeshore General Hospital,Acute Care Hospital,b0d2cb0efbc3fd700ade65a07807cfc83f45061f9d59075d4fbaebdefa424899,40-64,F,541,2024-12-28,2024-12-29,1,EMERGENCY,I50.9,"Heart failure, unspecified",HEART_FAILURE,1447294053,Emergency Medicine,Employed,COMMERCIAL,11177.42,SUBMITTED,,1,batch_003,encounters_epic_north.csv,50
4876f7b560399b8eb920cc8b971db06d90ab2ec4df937c595dac53b5d50e49b8,EPIC_NORTH,E7983743,FAC002,St. Brendan Medical Center,Acute Care Hospital,8ce51f1a6dfa4e42a50a694268e017575b539eeb471735f9d072746a2be8c018,65+,M,541,2024-12-30,2024-12-31,1,INPATIENT,N18.6,End stage renal disease,CKD,1008754750,Hospitalist,Employed,MEDICARE,36485.26,SUBMITTED,0,1,batch_003,encounters_epic_north.csv,78
