patient_key,patient_link_status,patient_link_reason,sex,sex_reason,zip3,zip3_reason,attributes_vary,source_batch_id,source_file_name,source_row_number
003e64ae8b440016c42adf866d5567d2cfc5cc5a588e530563fc9e0a58c4e3c0,LINKED,,F,,611,,false,batch_001,encounters_legacy_meditech.csv,301
0212899c91769ba50568b6eb1cf6c6edabe330673155ae8c5305d8382e7e518a,LINKED,,M,,537,,false,batch_001,encounters_epic_north.csv,209
022ca5e29860b93259cf6bffaa4202a327015a375a9204daad751de23f2dde40,LINKED,,M,,537,,false,batch_001,encounters_athena_clinics.csv,547
029d0094b9e0e8a8485ebf61933b5f7ffa91a75fdf4a54f0f77ca183812205b1,LINKED,,F,,531,,false,batch_001,encounters_athena_clinics.csv,1002
02a22b2970293fb1b4e11193fc17b8d6b095bf08e2b9b64afc1e59eb84b862f0,UNLINKED,PATIENT_UNLINKED_NO_DOB,F,,543,,false,batch_001,encounters_epic_north.csv,595
02ab3f71347900543f01f8062dbb8c86a8898e7b5153f931fab19e2354f7b622,LINKED,,M,,537,,false,batch_002,encounters_epic_north.csv,33
02b72ffad8c74249be20f7abf1100f1b008dcc310f2194bf255dba494ee0e923,LINKED,,F,,532,,false,batch_002,encounters_epic_north.csv,56
0307f1c5e61f1f8c0b3cc902dd433d13b247fff81a08381aedd18192b8297d73,LINKED,,M,,610,,false,batch_001,encounters_legacy_meditech.csv,200
03d2b325ce753bae04cdc11eb5a43de04f827d19e6216edff9a4f2cf0e4a3fa7,LINKED,,M,,520,,false,batch_003,encounters_legacy_meditech.csv,28
0421e7cd42bfdbd98e7ad407427947465d7c3e7192dfb36604b47c3ea722c292,LINKED,,F,,532,,false,batch_001,encounters_athena_clinics.csv,680
04364891e476e4ec912883077cd352ab4b3903383f968f15e65ea04b947b71b7,LINKED,,M,,531,,false,batch_001,encounters_epic_north.csv,1149
04896ee3429176acb6dd3ec578593718847094962c7abfbb179189fe0d0228a2,LINKED,,M,,541,,false,batch_001,encounters_epic_north.csv,872
04eae54b845479d39498c9fcdd3ffa2804b303988d8000faffb91c5656bf0d92,LINKED,,F,,532,,false,batch_001,encounters_epic_north.csv,916
05333e39b965450513f7f2d6198c7e6f42dac14231aa73e40ae8e8f9c8b1675d,LINKED,,F,,541,,false,batch_003,encounters_epic_north.csv,41
0579551e1dc1eed130a78c3c799bb230ff49e8a9751cc873999c23345961d560,LINKED,,M,,524,,false,batch_001,encounters_athena_clinics.csv,916
058e8de912a1634193e2c881fe76f515b824b2ff0ffd8b5bc4e1cb68a5bf5e88,LINKED,,M,,531,,false,batch_002,encounters_epic_north.csv,26
05e2b3702028ee0a402f224780732c9dc25001971d6489282f0a0fb9ce77a6b2,LINKED,,M,,541,,false,batch_001,encounters_athena_clinics.csv,166
0609b9d3e16009197003f6bc8ddb7c1c71bf99d3054880cdf88e938746464966,LINKED,,M,,541,,false,batch_003,encounters_epic_north.csv,48
06bf7a1d03ddebabb1547089018afcf769861c2a1c07eb4c3234771be410b89b,LINKED,,F,,524,,false,batch_001,encounters_athena_clinics.csv,142
070f07d7c5442552cf56c22d45203a66c7b5768f87c64d04620246b75d50da89,LINKED,,M,,532,,false,batch_001,encounters_athena_clinics.csv,113
0732716fea8968d41904e071b06ba72544981c9cc816644b3a80499a9f9f6223,LINKED,,F,,537,,false,batch_001,encounters_epic_north.csv,398
07d747618b34229606bf156b2b0639f9a8ec7cc7195fd6b005986964e6c3d381,LINKED,,M,,537,,false,batch_001,encounters_epic_north.csv,1414
083caca25d54f92a35ac66adb5edc9f2bc7bb389f8f040d0fbd5b77a9c3ac8fe,LINKED,,M,,532,,false,batch_001,encounters_epic_north.csv,290
085d5ee432064987cf014b7715c748688299ff2806c7930249ae139bea9b52cf,LINKED,,F,,524,,false,batch_001,encounters_athena_clinics.csv,278
0860e70327789c69bf0533fd18e15dddbb6ed6550f420ddbb6c159da10feb966,LINKED,,F,,537,,false,batch_001,encounters_legacy_meditech.csv,322
089b6063da67249a20b58d32cec5c60aa40820bb4b75deb20b7155f225332598,LINKED,,M,,531,,false,batch_001,encounters_epic_north.csv,877
08a452cf80b72a9f291ab28e3d2c6bb15feca827a8f46c0818842b9507229f07,LINKED,,F,,524,,false,batch_002,encounters_legacy_meditech.csv,55
08b1ddc539912437931a1adef3921a3f074b6464e31aa7b2dd75ea07d703aa02,LINKED,,M,,543,,false,batch_001,encounters_epic_north.csv,1383
09095ebdd94104ef353fd321483b416b8afb41e9167416427d1a1972b5f6ba62,LINKED,,F,,543,,false,batch_001,encounters_athena_clinics.csv,189
099400706dca79b202e094226d2043483c35472ad270e976fb3793b7bd1f3d27,LINKED,,M,,520,,false,batch_002,encounters_legacy_meditech.csv,63
099da97de3d38fb91aad387be43c850d52f71cadfe3f6aba0636e66155be0a23,LINKED,,M,,541,,false,batch_001,encounters_epic_north.csv,278
09c23ae6972fd0376593c27b8c26f1d04ec891a6cf373b3909ca264d6372dc62,LINKED,,F,,543,,false,batch_001,encounters_epic_north.csv,816
09cdd36d935baf44ba42ef3b0c24a3f058df221a160833ed99f8b6e43c3f1d72,LINKED,,F,,532,,false,batch_001,encounters_epic_north.csv,211
09f5e6422bb825504a419b21d710fb7687e1b755f9b4123f46a6fcbf8262c62c,LINKED,,F,,543,,false,batch_002,encounters_athena_clinics.csv,79
0aa2222486c0c28c19cfdea675daa41763b8811290bc6a12ab021489ef5b9e77,LINKED,,F,,543,,false,batch_001,encounters_epic_north.csv,13
0b9fd7b2a5cb75fdd327d624ecb981cd47934abba78b8349a6a733ece36be8cf,LINKED,,F,,541,,false,batch_001,encounters_athena_clinics.csv,162
0bc4c24c06e79332bedaa5d38ceab8d0812c15b03893e88542fa3e468f87c412,LINKED,,M,,524,,false,batch_001,encounters_athena_clinics.csv,288
0bc91a41a4fb472639a8de2b9382e2dc90f88246011d3f4622224b61b925b042,LINKED,,M,,532,,false,batch_001,encounters_epic_north.csv,1336
0bd53c602dd14429b5a34ba989d186e76149b367eb3fb99dfe7a4da950ed2c1c,LINKED,,F,,541,,false,batch_001,encounters_athena_clinics.csv,545
0be3023bc4bf30cef78ec0cb989240698002c2e5cdd973a2bc8f138243253627,LINKED,,M,,531,,false,batch_003,encounters_epic_north.csv,30
0c0e5676124cc1619eeeae5fb0c5005b2f8af91fbc648aaa314899abab840648,LINKED,,F,,532,,false,batch_001,encounters_epic_north.csv,205
0c1f8b36002c0f5cc2f477ca8a7fe129c4a76139efb95504e56a745291d82f8a,LINKED,,F,,543,,false,batch_001,encounters_epic_north.csv,716
0c4ecb2e9381365caf3a2d96f22368da71f8c0776664fde4991f85f4b47d42cc,LINKED,,F,,541,,false,batch_002,encounters_epic_north.csv,16
0c66cd7b759ecc5116cb4b65c95ddde9e3d2d40c038e92398967a14dc8855dee,LINKED,,F,,543,,false,batch_002,encounters_athena_clinics.csv,101
0ce98835b88ecf89dcd9e3dec84a8a18ef6d05ea13af406474ce91030311cce4,LINKED,,M,,543,,false,batch_002,encounters_epic_north.csv,61
0d141c4ec9f6a6884d0b639d69ad98c9be2bd5ab1f053105e011b91fc8011421,LINKED,,M,,531,,false,batch_001,encounters_epic_north.csv,455
0dc4e8fff52d4c2f34bd252948456008dc0fede8280ac3f33bd68f3d7f1b0c3b,LINKED,,F,,520,,false,batch_002,encounters_athena_clinics.csv,132
0e19ae035e4a3e928c20ff46b12e06bafbc2cdd48da16b509f409d26425b7426,LINKED,,M,,543,,false,batch_001,encounters_epic_north.csv,836
0e28e4c9bab710224d629271d49906460c24931b4c479783935100de20873206,LINKED,,F,,520,,false,batch_001,encounters_athena_clinics.csv,197
0e63056066bf850f7d8e188ea22aa28a3767c8b4ca46046e08068e7cf0b03837,LINKED,,F,,531,,false,batch_003,encounters_epic_north.csv,64
0eebbe5a676ba469eca856b63f12b7864b6e630e0e2f15d980ccf3a03bdd1e7b,LINKED,,M,,532,,false,batch_002,encounters_epic_north.csv,119
0f1d424cfc5fc0c47e8fbd0c3ef8841e85e312f2043db2a2270f41792a0ed426,LINKED,,M,,541,,false,batch_002,encounters_athena_clinics.csv,96
0f7f5d7c1749ca863f445a2dfaaf0d7417abc6b64b6f3eac37510389447f2c20,LINKED,,M,,532,,false,batch_001,encounters_epic_north.csv,861
0fb83ec0cb5e902222c5bd5cb73b1de9d2b08002b9c139659d14df763a3bc30f,LINKED,,F,,531,,false,batch_001,encounters_epic_north.csv,274
0ff2a16cdd3b7ab0e5d0c73eb4c1e94774344164eaa565610d9ec9edfc2b810b,LINKED,,F,,543,,false,batch_002,encounters_athena_clinics.csv,42
1050fc7fb090c451ab4d0aba72c0e33c0768d3eeca50a2d631393c3b4a74005d,LINKED,,M,,611,,false,batch_002,encounters_legacy_meditech.csv,73
1074400d9cafcf74cf5c336b816c99e166f4babfc8568dd9aa183a01278998f2,LINKED,,M,,541,,false,batch_001,encounters_athena_clinics.csv,903
1092619ee8f2b8671f0db5c85ae2dc7184eb91ed7427f9c19a83bbee6c593874,LINKED,,F,,520,,false,batch_003,encounters_legacy_meditech.csv,12
109e6565abb18b1bb40deeea9e5d1ae9eee55a860c45a232c6e946b3785d19bd,LINKED,,M,,543,,false,batch_001,encounters_epic_north.csv,125
10eb9da1d5162633a6ca00efe8bb83d99bd85fa6e721dab1ad3749e21d7b3c0d,LINKED,,M,,520,,false,batch_003,encounters_legacy_meditech.csv,2
10f20efe63a1c684e23da46f36e5c74783aaf6901470060d5d5f979fa06115e8,LINKED,,M,,610,,false,batch_001,encounters_legacy_meditech.csv,230
113b7d01a9f8bf39da97fcf34b54a1defadc4fda5ae463049436c84b85800c44,LINKED,,F,,524,,false,batch_003,encounters_athena_clinics.csv,16
11cd28a8207840b9ba78b4db96cff0a18d5d07f88535218ee50dbca0138e5f85,LINKED,,M,,537,,false,batch_001,encounters_athena_clinics.csv,479
11f5f8d04a20e769f9ad324e92b976e2bd64f3ea8ffaaa7f21330fdaee7fab23,LINKED,,M,,532,,false,batch_003,encounters_epic_north.csv,1
11fc40929a5259c604419fef304ce9acd556d7fdd4bfa5bdb613ea24901a4e67,LINKED,,F,,520,,false,batch_001,encounters_legacy_meditech.csv,28
122590f8c824518613d82d289264c5d58cb69ad9f2da4fdfc81a2d65ed3e5255,LINKED,,M,,537,,false,batch_002,encounters_epic_north.csv,161
12418dd51691ef1d3f95c867c5b80c83ed65b9202322886ff64ea28b2894619e,LINKED,,F,,531,,false,batch_001,encounters_epic_north.csv,58
129401aaaede89e5a1799147747099c96706f733801efe7245c3793a78214e83,LINKED,,M,,524,,false,batch_003,encounters_athena_clinics.csv,10
12ae6252ddb488a9fb0cfce529e375e602082656165eb86bb90a6cc68b3db501,LINKED,,F,,541,,false,batch_003,encounters_epic_north.csv,62
1344f6eed13487c79bb994011029de5e1d79e9a175671d8bfa700b9debc7715a,LINKED,,M,,532,,false,batch_001,encounters_epic_north.csv,364
137b4845b61a94acf520be3e35a18529cba90860a42be6f92d8afcf5a838c078,LINKED,,F,,537,,false,batch_001,encounters_epic_north.csv,1271
148f056c0a3a22941d49410605537216177395333a47132678fd98d8d41d60b6,LINKED,,M,,532,,false,batch_001,encounters_epic_north.csv,1022
14da5717f81afaa68b151fbc8a4d045525743270cbf9b4a04b4b11a88b280779,LINKED,,F,,537,,false,batch_001,encounters_epic_north.csv,91
14dff83b6edbf6dfecd582223ff362f165985d8f9df3cbca6c8264c8a5c2b121,LINKED,,F,,531,,false,batch_001,encounters_epic_north.csv,323
150642d47854cf4162ee711aa094405850b5707053915daae2448963a9e113aa,LINKED,,F,,537,,false,batch_001,encounters_epic_north.csv,1270
15b4878f3d2d3673a2b482c8992e807728e84b20738e10b294e433a674a697cc,LINKED,,F,,520,,false,batch_001,encounters_athena_clinics.csv,686
16a7c4ccb5b9e46323f76f1a5450ade612a99d3c996554b3892269fda19dde99,LINKED,,F,,524,,false,batch_001,encounters_athena_clinics.csv,556
16b6df1e88ad0651e7ff7c63227e0ab6274344028b8f86ae0bb6d5536702d6c5,LINKED,,F,,537,,false,batch_001,encounters_athena_clinics.csv,152
16cb899d74a6d6f0f0d50c767d6d365584e43f7a4fbea7296aa120586cc086da,LINKED,,F,,541,,false,batch_001,encounters_epic_north.csv,343
1746b8550de16a020206bd5374a50646e1686d58a9f234783ec2fbc522bf0ab5,LINKED,,M,,520,,false,batch_001,encounters_athena_clinics.csv,457
174fafff90d4bd269a97e3967cfdcf71c040af1e7cfd213515a925774c50ba4f,LINKED,,F,,541,,false,batch_001,encounters_epic_north.csv,638
17a97024e7ad02ab93f7e1afe8c708deb540023967bc7de4b0f755f831c59569,LINKED,,F,,543,,false,batch_001,encounters_epic_north.csv,265
1807ca46c711d58ac96c8a59571002bec4a6935735182d9731f233a04b568f75,LINKED,,F,,524,,false,batch_003,encounters_athena_clinics.csv,20
188dd40007588bcedb56d17acb84eaea5654839132f45aca2f88d17fdcd53a80,LINKED,,M,,531,,false,batch_001,encounters_epic_north.csv,881
195c5beac9dd15e07b606828ce98461bc622a9518aadd3339423118d81db99e8,LINKED,,F,,543,,false,batch_003,encounters_athena_clinics.csv,12
196719db9583fefdf68acdf0e9351a411457721af4daa715226a8294f0eb3157,LINKED,,F,,532,,false,batch_001,encounters_epic_north.csv,463
198ac13c0a74f35ec91d823d3363c48091fc59309f34709f0b3f11b297c82ede,LINKED,,F,,543,,false,batch_002,encounters_epic_north.csv,77
19c66882db7b7d8b26efd3b7e3bbf6e446a7df3507ecaf165eb87675ccae9f4f,LINKED,,M,,532,,false,batch_001,encounters_athena_clinics.csv,81
1ac5a1fe69f4928319161dd5655e811d1dfb080ba5e7fa3fdcef00c37456a1d5,LINKED,,M,,532,,false,batch_001,encounters_athena_clinics.csv,36
1b4c2e569c081514bde15e67ac2d4ff4d715b333c493a9f1be54a9be071d8359,LINKED,,F,,520,,false,batch_002,encounters_legacy_meditech.csv,165
1bf75f4e9f5aa616136eca4258bc4d3d6665df4ceade3bb973eddd750f993e2e,LINKED,,M,,543,,false,batch_001,encounters_epic_north.csv,847
1c58e1e9e554418afd2af9b2d006df185dbaf0bf5e831339fd93168305687498,LINKED,,M,,524,,false,batch_001,encounters_athena_clinics.csv,950
1c6876e19534a4f1ff53cb42f1a2cfb2d71fa0bb3f893b865c61404df06df03c,LINKED,,M,,537,,false,batch_001,encounters_athena_clinics.csv,980
1c88649def79030b7bcaeb352364a2250fa235edfa6b261662c5447e275cb8dc,LINKED,,F,,532,,false,batch_001,encounters_epic_north.csv,369
1cc786a8960d461179015fe0da25e8a60dcc5a7cbc44e96f97631359cbdd9708,LINKED,,F,,537,,false,batch_001,encounters_epic_north.csv,168
1d5d42b0ecdde098ff700719f2d840bd1e4138fa41ccd3ed45c2d67272dda403,LINKED,,F,,520,,false,batch_001,encounters_legacy_meditech.csv,21
1dbeb9fcf131756a47f7a165624783247596e8b745c7468abee216edefb1dd1a,LINKED,,M,,520,,false,batch_001,encounters_athena_clinics.csv,812
1dd09dfc784a0735b5869e8d4d35bda26e5d7778b86b93f986998dcec40bdda2,LINKED,,F,,532,,false,batch_001,encounters_epic_north.csv,469
1ea95288e5c5c229c784565c804e239f7d433b22325488681aa5a1892d52baa4,LINKED,,M,,543,,false,batch_001,encounters_athena_clinics.csv,158
1ec8f79d559229843e03cb9f68cd320295cab41a3f93e12b5de1d3384e4b8955,LINKED,,M,,520,,false,batch_001,encounters_athena_clinics.csv,514
1f1d4406a6f38fa6b7ff4f3f70fbe8a3abc83407120ccb10848d31c6f6625183,LINKED,,M,,524,,false,batch_002,encounters_athena_clinics.csv,144
1f4a2f586131b07195a6c72332fd9aa240069de3316c240cedd1af842d12305b,LINKED,,F,,610,,false,batch_001,encounters_legacy_meditech.csv,259
205d6b68738273bc08abec65c96bfe98a16bb327da7f7f5434176f3deb6a26fb,LINKED,,F,,520,,false,batch_001,encounters_epic_north.csv,102
21439a374e64e85119012e15501447dc88cc142252a90771d62d5c27ae2c51d1,LINKED,,M,,532,,false,batch_003,encounters_epic_north.csv,20
21b66ff05fad2bb24f9fdbf7729e550e2df61a566f3b534dd0e0e767dad3cdc4,LINKED,,M,,531,,false,batch_001,encounters_epic_north.csv,1031
22353df0b0815388e6f1923c134a1daa16c41610cd2dd5547ba8b03dc4db3437,LINKED,,F,,531,,false,batch_001,encounters_epic_north.csv,912
2291d45abdf5ae64efe5bbfe170178aa5a507d9a921b83d0cc9ddf8c852849ef,LINKED,,F,,543,,false,batch_002,encounters_athena_clinics.csv,113
22e8f91b9d24c3a2fc30cf3e94445fe3ffeb2232189b04334caea23dfa75fa2b,LINKED,,M,,520,,false,batch_001,encounters_athena_clinics.csv,309
230fbc1b77af562ceec3f3c3b8bf506adae1357be817fae1efaecf7e417adccf,LINKED,,M,,531,,false,batch_001,encounters_epic_north.csv,927
2329d862ab69dc5028034cb22c45357693cc817f2203f9dd2e6649079fa75692,LINKED,,M,,520,,false,batch_002,encounters_athena_clinics.csv,14
23b3558cc023055f65025db67ce80bee37e15a4954a7f38ff716b218f7fde9d9,LINKED,,M,,520,,false,batch_001,encounters_athena_clinics.csv,850
23d2f97d35af43cdb35ed8b1a45e6c02c805db9383f34836b4e47932173d8e29,LINKED,,F,,524,,false,batch_002,encounters_athena_clinics.csv,38
23fab7a7c81e002f0e38788af745a2ca2cab9d6cfd0e8333f8c83898b7cead03,LINKED,,M,,524,,false,batch_001,encounters_legacy_meditech.csv,311
24a08a12e944b023f62ff99bd6b44b4e755cdac33a4d516784f233542683a76a,LINKED,,F,,524,,false,batch_001,encounters_legacy_meditech.csv,323
24c750f70ea3213ad7035331b78c0a0d060bb3b3b3b5c0b53db64af92d020385,LINKED,,F,,543,,false,batch_001,encounters_epic_north.csv,1258
24d08dd48aeef8ee87ffcec2a1b8d7ea2b5fc9704f08d38877ca0812a0195021,LINKED,,M,,543,,false,batch_001,encounters_epic_north.csv,1269
24f343919e67f80ecef63893b4a3b170ea12745fe934148d736661af1a3eae15,LINKED,,F,,537,,false,batch_001,encounters_athena_clinics.csv,583
25436349dd0a51c0a19cd16a7cbc0fccdb3cd06e0cc21f5b2d5c542fd2828348,LINKED,,M,,537,,false,batch_001,encounters_epic_north.csv,799
254a2928bd35f999d4c5bf2835dc0a593cf85698cb3fc98fa30699fbc0a2e170,LINKED,,F,,532,,false,batch_003,encounters_epic_north.csv,28
256b78fe828e21011b80b64a850521811e576eb258914b3429a30b92453e2675,LINKED,,M,,543,,false,batch_001,encounters_athena_clinics.csv,4
2592620a76de18a8d43cc912bfdc488beccdb1e1f6a55174a2c0dddd1e1f991e,LINKED,,M,,541,,false,batch_001,encounters_athena_clinics.csv,318
25c0d26abbc25a8366228c7fc693105832e23fda7d5551109b3d525526b2607d,LINKED,,M,,541,,false,batch_001,encounters_athena_clinics.csv,553
262801407bc8e93b840fa60edefb02d14bc94def87a85d443dc595fe01b2e7d1,LINKED,,M,,524,,false,batch_001,encounters_athena_clinics.csv,918
262ab4aaf8654d8d94bf6631f5304e2ee391042d81e0c8f3ab139aa6b38b4706,LINKED,,M,,537,,false,batch_002,encounters_athena_clinics.csv,13
266bd7248b61174aaf79aba80f1691860d52925358df4aa21852b09784496e59,LINKED,,F,,520,,false,batch_002,encounters_athena_clinics.csv,119
26b9401e64d6929d229a651cc995e7155d5ba1216a2bfe65d4666c92fbc345d1,LINKED,,F,,520,,false,batch_003,encounters_athena_clinics.csv,56
26c09b500b993c23e2f51529ef5efa1c2af155d3d13f6554cdf42d0a2c9377c6,LINKED,,F,,531,,false,batch_001,encounters_athena_clinics.csv,1008
26dfe60dd85b0c466457ed8ad7611f8786b10e31c7e6bf667db801b005bad5f5,LINKED,,F,,524,,false,batch_001,encounters_legacy_meditech.csv,269
2759a7d5b4e3d0737c4fa349162246eaee7796a5c38572e9462b5b87c1746aea,LINKED,,F,,531,,false,batch_003,encounters_athena_clinics.csv,1
278bd76827a461172533f171ad7e2224edb463a809bce04aaa416afc680318f7,LINKED,,F,,524,,false,batch_002,encounters_legacy_meditech.csv,198
28895bd8f2a30c7930d391fdc80fa85256a6efa83fef4429f78de916e21b2452,LINKED,,M,,541,,false,batch_001,encounters_epic_north.csv,761
2897cf81620486f88b977f064ab10dded1926873a96f3bcd6157fda7af5bb738,LINKED,,M,,532,,false,batch_001,encounters_athena_clinics.csv,964
2913a5696723f4057d5c6f98f3c1deef3cfdfa7b4043dd389e5537f510cc7d99,LINKED,,M,,531,,false,batch_001,encounters_athena_clinics.csv,564
299671250848007454b3509d2f569df22c934c847709b2787ad3ab81b26a5549,LINKED,,M,,520,,false,batch_003,encounters_legacy_meditech.csv,23
2aba48da8bdb0ba888c05d77d86538f0db8ecab577020f96fe32424e7ba531c2,LINKED,,M,,537,,false,batch_002,encounters_athena_clinics.csv,65
2b2578c943d7024b532d2802d1b3bc88d5f32db9aa63890e359b943535b35b1e,LINKED,,F,,524,,false,batch_001,encounters_legacy_meditech.csv,194
2b297d39efe1860edbe0b241258c0885460206a72ce9cc79bfc8805138477393,LINKED,,F,,532,,false,batch_001,encounters_epic_north.csv,276
2b728364d5a0e437315abead1b2dbf241f763f6ed561b1f4742204573763e3cb,LINKED,,F,,537,,false,batch_001,encounters_epic_north.csv,812
2c38c0dbfa8f129e846d8f6b5e0045baf6bd830648fa6f9add5e7aacb80226b8,LINKED,,M,,543,,false,batch_001,encounters_epic_north.csv,1126
2c546ef54127ea5b3393a29699ffaf8f59c71a1497743992bd2025e4a7f83896,LINKED,,M,,520,,false,batch_001,encounters_legacy_meditech.csv,274
2cb78e81c4a38c50a5a5b6cdb65d0a934b3c0f517f26d92e88313a003537c671,LINKED,,F,,543,,false,batch_003,encounters_epic_north.csv,47
2cdc77e081b6ed4baac21dafad6d9899d178918b9e570879129308190726bee1,LINKED,,F,,543,,false,batch_001,encounters_epic_north.csv,3
2d20d7a4801f56756fe6d99cb9c39c94b67b8ed3b69d27fa8f57c35c8687d58e,UNLINKED,PATIENT_UNLINKED_NO_DOB,F,,541,,false,batch_002,encounters_epic_north.csv,114
2d4183637d516b18f00575e5b97a6954571043ffe667685bf9585671938f9aeb,LINKED,,F,,524,,false,batch_001,encounters_legacy_meditech.csv,100
2dc0c62f98d40397a72762fb259f66700df6c5f10e581c9a36b155beef5a24cb,LINKED,,M,,520,,false,batch_001,encounters_legacy_meditech.csv,11
2e05584e2ef3378b0e5a4f9d1c39138b2f4a6fd7c2f303f60457347c45babc75,LINKED,,M,,524,,false,batch_001,encounters_legacy_meditech.csv,255
2e9bf27e182836698f04dcdba38336d83babf2fa0a72bc270a7d62f684c384d6,LINKED,,M,,532,,false,batch_003,encounters_epic_north.csv,53
2e9fa96e93120047ec7cd219ede45dde9c35d0cd512a2e9c1267a8b206d08634,LINKED,,M,,532,,false,batch_003,encounters_athena_clinics.csv,5
2eba60342c7fb7715d0e1dcff20ce2554dd2ac311855cb21cdef597e805b538f,LINKED,,F,,532,,false,batch_001,encounters_epic_north.csv,1214
2ebd788be7dfc3f9fe037affa31b3965d06cae0be1e1a6da33f519627ec85ba7,LINKED,,F,,537,,false,batch_001,encounters_epic_north.csv,1113
2eca19066dc5e73ae8462bd4aaa95f938d599d793022d2343be1afcc636dc9c0,LINKED,,F,,537,,false,batch_003,encounters_epic_north.csv,69
2eea1356e78289f646c92f008043c87625eade794cc3ab578730c4a694e0b823,LINKED,,M,,532,,false,batch_002,encounters_epic_north.csv,72
2efac508d18a4be54dcec96322b6c67d01f12adee27bd8549b0fcfeac5756b90,LINKED,,M,,532,,false,batch_001,encounters_epic_north.csv,193
2f4b375c10e8963fb3c6437840112057faf145c2748f18c610870f3b0c49a6b4,UNLINKED,PATIENT_UNLINKED_NO_DOB,F,,532,,false,batch_003,encounters_epic_north.csv,81
2fa9feb07c752cb50504e1aea9987c31d3b3d9bba66a9d580224bdf15fbdcca6,LINKED,,M,,541,,false,batch_001,encounters_epic_north.csv,530
2fc9c481dfb99fd19728bc9c4a9f8955d3fe669f51febcab6b80b28e8644b5ad,LINKED,,F,,520,,false,batch_001,encounters_athena_clinics.csv,981
3004b568acd972536053f848555820cccbb4bc1bee3a75e1495f78b6891b5ac2,LINKED,,F,,520,,false,batch_001,encounters_legacy_meditech.csv,97
3033e551586db7588177c3b72949f9ea315415a4e58ac163ea5f97a80dfd7d0f,LINKED,,F,,524,,false,batch_002,encounters_athena_clinics.csv,78
30350d51f4ebb324bdf6ed7331012797a3356618266c5584f972c0a42f12bb8d,LINKED,,M,,532,,false,batch_002,encounters_epic_north.csv,71
30685b11f6e8fa14c3949e87a52aaa32fc62a1f78694adf03fa8717833bc10a0,LINKED,,M,,531,,false,batch_001,encounters_athena_clinics.csv,967
308de212542056892a11c6a36686b41af9f420d46547871bb9c840cca89861d9,LINKED,,F,,520,,false,batch_001,encounters_athena_clinics.csv,578
308f4e7c3ae3498dae223475f28d37c7c4f6d90b23cc0f1b86bec961ea7def47,LINKED,,F,,537,,false,batch_001,encounters_athena_clinics.csv,42
30cddb33bb4e32bee0e81c89b92c932bbbe1cddd75c67bf135c8f0b4bf7a23f7,LINKED,,F,,531,,false,batch_001,encounters_epic_north.csv,1169
30d21eaba733e6bf8476fb948c24c5216e6c8c1f5a225e6b869aba4aa05a137e,LINKED,,F,,537,,false,batch_001,encounters_epic_north.csv,283
31375476920765617e3d2819aa1f7062f8f1089686927e3a522163c9977604b3,LINKED,,M,,537,,false,batch_001,encounters_epic_north.csv,167
3165a42d7520404062f945d13a020e37bff2bf6f2f844dadb0cca9399e015936,LINKED,,M,,541,,false,batch_001,encounters_epic_north.csv,1067
319effc4efec991dc825cb857f3e260b5fcf6f67e968d6ead745869bee1d2034,LINKED,,M,,532,,false,batch_001,encounters_epic_north.csv,441
31aba787fac60247818de5cfd970e3510bbeb82b83ce5d01bed1536bfc235d68,LINKED,,M,,543,,false,batch_001,encounters_epic_north.csv,826
32a345bb3d9f84578453861c295fd624efc712257d7208dffe139d7a73cf2787,LINKED,,M,,541,,false,batch_002,encounters_epic_north.csv,34
3335d4c0d55cfd5360eb911653a987f6c5241803378dd97f0ed7d84af3e65b67,LINKED,,M,,531,,false,batch_001,encounters_athena_clinics.csv,163
33ff16553e1b1178c3405a7be5ba8e9d9640af65fdedca44fc6d8be86edaca40,LINKED,,M,,610,,false,batch_001,encounters_legacy_meditech.csv,14
3461593a686e57b9a180ae7129fe1c9666ded87150562403b2b6f6f54231e4ab,LINKED,,F,,541,,false,batch_001,encounters_athena_clinics.csv,1029
349bb29751a6e360becf6b1c751f1eeba724069314475b15c88f1a508ecb6144,LINKED,,F,,524,,false,batch_001,encounters_athena_clinics.csv,109
3500c0b1a280d91dc42ee503ce571dcf9b059859f2e0c5a692c16378822562d6,LINKED,,F,,532,,false,batch_001,encounters_epic_north.csv,536
3509a2f3241f57ac57fb7c463e7701f09e60c453cf7a87b4ed472c793767815f,LINKED,,M,,532,,false,batch_001,encounters_epic_north.csv,310
352532b8bc2196693b12ef7db9d712af8b87b479691a6cecc7cf500a14887766,LINKED,,F,,537,,false,batch_002,encounters_athena_clinics.csv,46
36b051c3c7106353caf8223ba2e2410daddc2126bddc154f4a0ba49ec17bb538,LINKED,,M,,541,,false,batch_001,encounters_athena_clinics.csv,434
3724b97f1bb80f808bd9b9f2c88c4d8f9bc6c5e0e191842f93d57e80f7d6ccb7,LINKED,,M,,543,,false,batch_001,encounters_epic_north.csv,1172
37371f42695b9494b39c8f4ad69daceacb7f442c503d9d20320cb18b75a0788f,LINKED,,M,,532,,false,batch_001,encounters_athena_clinics.csv,295
3768405b63275076d921fcbd56d6c11d570cb9016596a2acb75bd9c270e1e25e,LINKED,,M,,537,,false,batch_002,encounters_epic_north.csv,45
378e02be9e020eefdaba9cd34c6e1517a2880c87da2beb6ce17c33e670519bc3,LINKED,,F,,537,,false,batch_001,encounters_epic_north.csv,495
37d868cca5011c81dc48eeef33164d967c599b87716f4ee824edca342419a631,LINKED,,M,,524,,false,batch_001,encounters_athena_clinics.csv,144
37de2be0a17549dd421fb7ec6b10f919ff60a75ad550c2be222819c95adac520,LINKED,,F,,531,,false,batch_003,encounters_athena_clinics.csv,42
37f7f919ed9b2a276b265da3305c0ca67079c56d3ddd564b112d09dc8cc39da7,LINKED,,F,,532,,false,batch_001,encounters_epic_north.csv,1017
38512853850d9584157e790d4786f5b6cfd37d64b6f09bbd4f7037c64b006b85,LINKED,,M,,537,,false,batch_001,encounters_epic_north.csv,740
38527ff4370c9911600ba70cad4fc2386c0bff8e08aefaf2f72d86f04199a52c,LINKED,,F,,532,,false,batch_001,encounters_athena_clinics.csv,164
3896ba8fb97187d9e4482fbb2e7b659929ece6a4564179968f9567ee7fb2415f,LINKED,,F,,541,,false,batch_001,encounters_epic_north.csv,12
38f212d44ef11dcdcb1ac316b3944ae98d69ae6ef2c9e4a6f9d22b6ae6694f28,LINKED,,M,,541,,false,batch_001,encounters_athena_clinics.csv,57
3ae1d0b6cc9591eda30e64dbf64473f4e11890d11443b7e459a6d494e3ee7e36,LINKED,,F,,532,,false,batch_003,encounters_epic_north.csv,25
3ae6c88576943ea96b7ced9c1876ab50ef947ef47152e56017f616f1fe0b68ad,LINKED,,F,,543,,false,batch_001,encounters_epic_north.csv,1264
3b2aed0ef2dd16109e07fe8d2c346466a85f58b1fb3d1bef8fd1cb2716432f8f,LINKED,,M,,531,,false,batch_001,encounters_epic_north.csv,1109
3b7b739c2fbd1fcb4516b0d58b06344cfdbc3a1934f714a429c1e9bc73915257,LINKED,,F,,532,,false,batch_001,encounters_epic_north.csv,749
3bb0711f00a0818689e2384fd30ebdd9c5851de1fdbbda417a2b38baa3643544,LINKED,,M,,537,,false,batch_001,encounters_epic_north.csv,1045
3be5563a8fdc16588804f17b48b1a14723df0ce42a9b44e09dcabb1554f1e124,LINKED,,M,,531,,false,batch_001,encounters_athena_clinics.csv,735
3c1609d2404df9e633be9faccacc215b1bd76f12afbc23a9d7d27a3cd1f39e94,LINKED,,M,,532,,false,batch_003,encounters_athena_clinics.csv,32
3c796c88f5884fe6ed2a9f92331b5e6b2e91d73358540e8eddbb2209f5025212,LINKED,,F,,610,,false,batch_001,encounters_legacy_meditech.csv,251
3ca3cdb0636f1ecf0806752ab2bb68a44af7523b1005a20af33aa0026d88e151,LINKED,,F,,532,,false,batch_002,encounters_athena_clinics.csv,30
3cb0596898386d86044b9247ef92febf69afa4beccc8bf00af650a15e44cc7eb,LINKED,,F,,541,,false,batch_003,encounters_epic_north.csv,29
3cc482660bc942a6861dca779ef1e034da17a6dbc29891fae137401432738e6d,LINKED,,M,,531,,false,batch_001,encounters_athena_clinics.csv,897
3ccacfc4f1ac0841a029b39d27a38905d925a07eae118bdfea9620f563968294,LINKED,,M,,541,,false,batch_002,encounters_athena_clinics.csv,141
3d068c1bcb0ecbf0296917b2ccfe1758bd617cc2e1115cab4643582cbd15f0bf,LINKED,,F,,543,,false,batch_001,encounters_epic_north.csv,376
3d35dc63252f4bf470d6eb939d6447cba9edb48175991fa5fb7b1d2c271a6320,LINKED,,F,,541,,false,batch_001,encounters_epic_north.csv,1131
3d617f962cc89cf47e39a5a793deef48309341e5a1f17d7a866ef913dd94e85c,LINKED,,F,,541,,false,batch_001,encounters_athena_clinics.csv,1027
3d883fbffdf10234ebdafef3b5b09769ebefe32bde1d318bd070132e7bdeef7b,LINKED,,M,,543,,false,batch_001,encounters_epic_north.csv,1026
3de9acdc92923e57bc29b3984318ed204f00da0b7233b99d036a6fbf0b5203b4,LINKED,,F,,537,,false,batch_001,encounters_athena_clinics.csv,920
3e0f2a9376d93b7a1935e008b24e22f1f5a86b67ef8bd2de9645b92a30ea8322,LINKED,,M,,611,,false,batch_001,encounters_legacy_meditech.csv,82
3e4b37c9f1d91ab19a60cd63c4daacb7fde3e968de13ef56d299a8dd15e1ef61,LINKED,,F,,537,,false,batch_001,encounters_epic_north.csv,1428
3e99300e828067d375d97274db1df7c5dc6f6197867320791ca2871054b902ea,LINKED,,M,,611,,false,batch_002,encounters_legacy_meditech.csv,11
3eb0be7bf0f06bfe1891886df62fe9a6081c0b3b3eeb6fa460509ac60fe0b3eb,LINKED,,F,,520,,false,batch_002,encounters_athena_clinics.csv,15
3eb522c3632943655b93587ea0ef7b3d765d1e4287115a88ee24528d3fec0b3e,LINKED,,F,,520,,false,batch_001,encounters_athena_clinics.csv,210
3efbbab0772c7a018c5bc3ea0dbaef3fbec3dfc51148e0ec14973fcf7bab85a8,LINKED,,F,,537,,false,batch_002,encounters_athena_clinics.csv,74
3f2ae8c5da48f6cb2a5f80edae553e7e8cc203f8b344e7d63d081d892ff88fbd,LINKED,,M,,541,,false,batch_003,encounters_athena_clinics.csv,17
3f5540eefa94b20ec80033ed3f1d57ee7547c512f8f252b696c2449eb3d95268,LINKED,,M,,537,,false,batch_002,encounters_athena_clinics.csv,17
3f56fd44b0bd1d85eb09a46ae6bedd8560e94d9466990ea0475592fa805b8c6b,LINKED,,F,,524,,false,batch_001,encounters_legacy_meditech.csv,310
3f614ce4d6edb585db6c3a486cd66aeefff13b446da7249a9588e3b8c02703e6,LINKED,,F,,543,,false,batch_001,encounters_epic_north.csv,388
3fa851421a8b51be7ce66acba511b59ef40a543021cebfc4625f7e363ba3a4cd,LINKED,,F,,541,,false,batch_002,encounters_athena_clinics.csv,5
3fd7ab441f5bd0b78d9a8a11dd903da5db8565b1ac9b6deb734aee71cb6c9561,LINKED,,F,,524,,false,batch_001,encounters_athena_clinics.csv,810
402e27938409db6a09deb17520b41e6edf116e8b9910da7e893e54c7ffdb2955,LINKED,,F,,532,,false,batch_001,encounters_athena_clinics.csv,380
4139ea7d02e53ce005be0388b8e440ce2478f3e0eba580a00a86e151c7a0807b,LINKED,,F,,532,,false,batch_001,encounters_epic_north.csv,837
416fca805a1008ae038cae12b6834ad81817339dbb5bf512bc88c538199aace2,LINKED,,F,,541,,false,batch_001,encounters_epic_north.csv,31
42274b5158098db1895c6f928cf243484c313b7321fd79b3dfb8f8784a4f3456,LINKED,,F,,532,,false,batch_001,encounters_athena_clinics.csv,728
426f47473a38e51553a01869fb06c87c7cdb1d4a7d2f5f0408c3cd539c5e47ee,LINKED,,F,,524,,false,batch_003,encounters_epic_north.csv,79
429169a71497c63347149651014c9df5233b5877edc92ecd85af5b9cf729f479,LINKED,,F,,532,,false,batch_001,encounters_epic_north.csv,711
42abc802a7d49602b5224f92666cdc38efb67dbf53448a9274bd0f758836b9cd,LINKED,,F,,524,,false,batch_002,encounters_athena_clinics.csv,71
42e17e1c55b01b32cf5d68a559a46888d17c3e4793e6c75cc9646c42187ffd0f,LINKED,,F,,543,,false,batch_003,encounters_epic_north.csv,39
42e83e53c9a1fc6560add369cb129db37e1a5e8619fd52ca1885b4dd332f11ae,LINKED,,F,,520,,false,batch_001,encounters_athena_clinics.csv,674
434530db34a4df0b94a8b1c23f7195ae291f03827b1d66e6e8544535d4c20f4c,LINKED,,M,,541,,false,batch_001,encounters_epic_north.csv,448
4353b61d9379d7b5f8f876fa4e1875bc1221caf001f9023f614c27b381591959,LINKED,,M,,520,,false,batch_002,encounters_legacy_meditech.csv,236
438f3bce4eb6e5c422bbd27edb44235e9259375aa05207d1f1f5eaad72fda065,LINKED,,F,,541,,false,batch_001,encounters_epic_north.csv,1412
43b3f009fa0201fd8d8216e30fa1552c37056453a3a3e63226f14586ffe176da,LINKED,,F,,537,,false,batch_001,encounters_athena_clinics.csv,593
43c374e5ab9784e9995da33a6f2cc08b0f70943fb644befc5e771dc00f1be065,LINKED,,M,,531,,false,batch_001,encounters_epic_north.csv,1420
43eb85e84d6e02d90e6aa84f8b84b39b22811307f08316a60ae7c777b1f017e9,LINKED,,F,,524,,false,batch_002,encounters_athena_clinics.csv,29
43f8f727a088b7f0350713fee20053b360dcc94ff01bd1bfe7fe6f8a91430813,LINKED,,F,,524,,false,batch_001,encounters_legacy_meditech.csv,252
443a0a5388a7054493416e927ba8df9496f1355b67cdf89a84e7dae192a6d7c5,LINKED,,M,,524,,false,batch_001,encounters_athena_clinics.csv,94
4451d7e2dd2fddb5700969528dfa07179efd56b95de27827f90161fd64d59a1c,LINKED,,M,,524,,false,batch_001,encounters_legacy_meditech.csv,167
44db6ec93bbfabc6e97ebcdb2aa03674714d029499cc436403843dd195a7cbb4,LINKED,,M,,543,,false,batch_001,encounters_epic_north.csv,491
450cdc42b73d59b53852252ff4bf8c73aa836bd74a70d04538496ff88681b6b6,LINKED,,F,,524,,false,batch_002,encounters_epic_north.csv,162
45281aa5880b6a51fea693e66e141b071248af52512b5bfbaedc07ff75bc9e6b,LINKED,,M,,532,,false,batch_001,encounters_athena_clinics.csv,658
456bf7c1b2e9ed4b049dec352783f9254d89dcf6475a62acf1c6e598ce6b532a,LINKED,,F,,532,,false,batch_001,encounters_epic_north.csv,439
46231891c47573b4fc107a2b652a76e9d080e9b920554f828ca58407a43d8b2a,LINKED,,M,,543,,false,batch_001,encounters_epic_north.csv,1388
4627dafad734617f6d088f7a6b47eb34e3f7dafae55a585078b66bf4f502f5f2,LINKED,,F,,541,,false,batch_001,encounters_athena_clinics.csv,766
469000cc7eceff751707ebb9793762b19b20ea8d74e076461b6f428ba33c3644,LINKED,,M,,531,,false,batch_001,encounters_athena_clinics.csv,464
469c16633203dc0e3973786506ea1a3fe4b879617dcf6555446f735d2af8b9df,LINKED,,M,,537,,false,batch_001,encounters_epic_north.csv,1003
46ca4dc96f019bc5536dc1a060373f2c355325c0f0eb1c7314bbcc09f6bb66e5,LINKED,,M,,537,,false,batch_001,encounters_athena_clinics.csv,626
46e0bde6b8ed9335eb33fd5647bad3c21e0816e6f50fdff0a69622056dccfe44,LINKED,,F,,541,,false,batch_001,encounters_athena_clinics.csv,180
47724b62c80532b0c437fc8ff5d6d74d4102445b4bfffff476fd7efd6c357109,LINKED,,M,,541,,false,batch_001,encounters_epic_north.csv,803
477da3b970ac879849997a2753d9a19643a5bb12f2b8f6387159a693ba16ba79,LINKED,,M,,543,,false,batch_001,encounters_athena_clinics.csv,973
478b51c4efa1ad3cd87bf72d2e5ee2134852862fda73450e569c19bef3f13702,LINKED,,M,,532,,false,batch_003,encounters_athena_clinics.csv,60
47c49b27f3a861a28e215a3e4f795f546f8a551e7476e7517797ccd0500b1cf4,LINKED,,M,,541,,false,batch_001,encounters_epic_north.csv,1317
483f06416eb921a01656a02123c3cc02482e2d233173d4d13369fb552fdad39a,LINKED,,M,,531,,false,batch_003,encounters_athena_clinics.csv,28
48756528aa945e43e9812a45eaef265f61d951cf45144ebe34e926de372944ca,LINKED,,F,,541,,false,batch_001,encounters_athena_clinics.csv,894
48fe411171ac083cfe6a18a25051267e9d03d5761c0c404a6fee19b784efcf10,LINKED,,M,,520,,false,batch_003,encounters_legacy_meditech.csv,17
494174e1f442831defbdd46d349923ea5958648953267ac18c57541cdae1d952,LINKED,,M,,543,,false,batch_001,encounters_athena_clinics.csv,846
4a55920d8de52a0a1c3559691bd5a0e63bba71d6932fb07b80eeb24d9d49edfd,LINKED,,M,,611,,false,batch_001,encounters_legacy_meditech.csv,245
4a9bcf7754d99628dabfe108c43cb33d1b6c37b41df0194442dcb015f561a36f,LINKED,,F,,532,,false,batch_003,encounters_legacy_meditech.csv,14
4abd2a1394e43cd857407bbbd71f5e9ff42266fa4c097dae2c2df0c189256760,LINKED,,F,,532,,false,batch_002,encounters_epic_north.csv,18
4b1c82d0d130620b04e44fc19646d206b6e7d5804290083abd4b701b9a4a6c71,LINKED,,M,,520,,false,batch_002,encounters_athena_clinics.csv,59
4b2879539f735ede231dd6b636c3c6e8e53e3b3ebc6761adf5f31290d4144c97,LINKED,,F,,543,,false,batch_002,encounters_athena_clinics.csv,61
4b492259c5107414ecfbbf2be8c55f58bef784998a118c7e2e9dac542852b4cd,LINKED,,F,,524,,false,batch_001,encounters_legacy_meditech.csv,191
4b585397b7687c88503e8c1dc0cd90d1996300b4da48c0072690022b0ddf3f29,LINKED,,F,,537,,false,batch_003,encounters_athena_clinics.csv,44
4b7f8ac5ddd4beef440598599328d90d3681fd7025213590a1f4ada57c91890a,LINKED,,M,,541,,false,batch_001,encounters_epic_north.csv,1329
4b8b41609edd2fee32cdd4b92662f93bd0790b6068bcee9db2591b5500e741b0,LINKED,,M,,541,,false,batch_001,encounters_epic_north.csv,467
4be35dc267356777d72b51cf9a1336a5d4375cbdfb86fb0c3ba43f565984f27c,LINKED,,F,,531,,false,batch_001,encounters_athena_clinics.csv,234
4bf8096383aa07d345f03b14f043e72889f5a07adeef0e3bb83fb6f649668495,LINKED,,F,,524,,false,batch_001,encounters_athena_clinics.csv,63
4d45ee70c93ae9dcaaa8a0ab4e92f0b22cdf905efdb103ce91a055926e0d9fde,LINKED,,F,,537,,false,batch_003,encounters_epic_north.csv,46
4d6aaa0a933cc65b60b9c3cc5fc9a9d02471a0089a9b937fff3a37cb43a5cbeb,LINKED,,M,,532,,false,batch_001,encounters_athena_clinics.csv,329
4d9484d9b6e83d25471e8f29c3fe1decdfa616a9d9a6720c70125d6dd9ed6281,LINKED,,M,,537,,false,batch_001,encounters_athena_clinics.csv,387
4df96eaeb07074706a7386451f3e4a3a616dd1100f7aa4aba93f5fbee95e2bde,LINKED,,F,,531,,false,batch_001,encounters_epic_north.csv,138
4ee83bb8fcd4aca6b7afccffdc111b71d79a351a91a08ab48b77a881ee036aa5,LINKED,,F,,520,,false,batch_003,encounters_athena_clinics.csv,62
4fddc0238298c5d4228bb597c97a4545b2e203d838a11b1f85d343b15583ed37,LINKED,,F,,532,,false,batch_001,encounters_athena_clinics.csv,473
50316e7bcad0865dd01e574907387e2377ef7a1064a4e31b5588b05636269029,LINKED,,F,,541,,false,batch_003,encounters_athena_clinics.csv,31
50428e056f5b303b0f584f01f9478a9f5377e47227f229ae939778cb8dc86891,LINKED,,M,,531,,false,batch_002,encounters_epic_north.csv,20
506291ba65d88dd708becb86bb304dc59a57f0f53c43e0e9295f63ea51265011,LINKED,,M,,611,,false,batch_001,encounters_legacy_meditech.csv,256
516d82572d1ae68e4d3d399b85ab6746c3600bca11eef2cad4c4898c7eeb25e5,LINKED,,M,,610,,false,batch_003,encounters_legacy_meditech.csv,16
51795f678008129a9ad0a54945f17ee260ea8791d3bf8a3600d3c32356246c96,UNLINKED,PATIENT_UNLINKED_NO_DOB,F,,531,,false,batch_003,encounters_athena_clinics.csv,4
5199c53b89ccc0bfce13f1d5740cbd42bf02a5f3854429249373db9e94886a48,LINKED,,M,,543,,false,batch_001,encounters_epic_north.csv,54
5237677bab6f4673493a5f817e617ea5005159ca2567dbcebd56dab3b2174abe,LINKED,,M,,531,,false,batch_001,encounters_epic_north.csv,171
52410ab94c0920e3c547e3ff188f004fb2c15bab98d6de6f280a35740e001ebc,LINKED,,M,,532,,false,batch_003,encounters_epic_north.csv,15
528700dfce0920a4e9684f6a1c45435e3ae439c552c0d89c15a46a4fc6d8a849,LINKED,,F,,541,,false,batch_001,encounters_epic_north.csv,862
530c68ce5d486ee81305f358343ceec150439d0a08607dbb264dd4058bfd1770,LINKED,,M,,541,,false,batch_003,encounters_athena_clinics.csv,58
532c917143e2cbdaf2488d5f8444e60112699cfcddcc15908e08c0e151e7ca3c,LINKED,,M,,543,,false,batch_001,encounters_athena_clinics.csv,424
53463cbb1b1e44e280d69b8af52f8f9b802c4adb6b0bc06e7d44a40ab22038a6,LINKED,,M,,520,,false,batch_001,encounters_athena_clinics.csv,282
5370683797f88cf87301435a5828da5d84cb3757eee80416ca6155ce841f78ca,LINKED,,F,,524,,false,batch_002,encounters_legacy_meditech.csv,201
5377356d5d63269d2a27ad21e544bf986b6fa84df35283c29f2dfd79eab85e3f,LINKED,,F,,531,,false,batch_003,encounters_athena_clinics.csv,51
5382e5494801fafe4725dd6440511dfbbb1f8b2492e0cb40b5eb286443e2268e,LINKED,,F,,532,,false,batch_001,encounters_epic_north.csv,252
53b4424fc6aef56f841ff6becce1d3f893f06e7980918e474656c6b8a7032ce0,LINKED,,F,,532,,false,batch_001,encounters_athena_clinics.csv,610
53c4461ba7222897ed82fe91b0edf7375a901ed6b0eed8df349c850eda5784a7,LINKED,,F,,531,,false,batch_001,encounters_epic_north.csv,1132
53cf740aa2f1e5ddc68cebfaccb2e005d26c4a39b164b010e06e8457cc11494f,LINKED,,F,,541,,false,batch_002,encounters_athena_clinics.csv,84
53db71a12fa42a390e14850254cf2c6430eec8c76932fd26a1c737d3e6ed3bc6,LINKED,,F,,520,,false,batch_001,encounters_epic_north.csv,745
54010521a33c2cfe7dda8b3b9aed554d0686eda7551271a689136f6e12d86ec1,LINKED,,F,,524,,false,batch_002,encounters_legacy_meditech.csv,118
544a9ae3e885dabc41f1b174ea5a5c58b36ac868efa21c4cb5f2e98fbc7234cd,LINKED,,M,,524,,false,batch_001,encounters_athena_clinics.csv,232
546dc16e27bd347a138709133c3ed5e374a4a517278d3e6265d284eee3f2c4b4,LINKED,,F,,532,,false,batch_003,encounters_epic_north.csv,36
5486170f58053522005445b2094d0d4f9222aba7d1e23a8b1818c1be70317131,LINKED,,M,,531,,false,batch_002,encounters_epic_north.csv,137
54e454435328ce0cff4914e9f519fd00942f5e046240e6399063944cc90976b0,LINKED,,F,,520,,false,batch_001,encounters_legacy_meditech.csv,95
54eac4d9331eb2fe57f27aa4f91b413952e551c0bf2288f4ab298f151ce054e3,LINKED,,F,,520,,false,batch_001,encounters_legacy_meditech.csv,262
54fef6e88a3230a6acc47c509a4c081fa836475432a86f82496d69899b32daa2,LINKED,,M,,541,,false,batch_001,encounters_athena_clinics.csv,1035
5542c9570f0c4f7bd064bd89eba5780322c29d807feba7677f75a875a6909f5a,LINKED,,M,,524,,false,batch_001,encounters_athena_clinics.csv,913
55917b1cb33d206446973565e21f1dcccfafa467973e158cbfea73c40124845a,LINKED,,M,,543,,false,batch_001,encounters_athena_clinics.csv,571
55b8cc26c5bc4645629e72d1b13b72f12c79a96b242b06143eafa54616dd0a9c,LINKED,,F,,532,,false,batch_001,encounters_athena_clinics.csv,1036
55dd2549392e94f6b2a6420492f0524e571096c16cb836e1cd5ad7f2360db742,LINKED,,M,,543,,false,batch_001,encounters_epic_north.csv,1250
566ada5751bf721ede60e06691bd3d52e546a52a58ee201fdecd27d6e2ddf054,LINKED,,M,,610,,false,batch_001,encounters_legacy_meditech.csv,303
56a05ebec02e2cb2a0a9969e866b49b3fea7b859f515fd8e56d37c887a70457d,LINKED,,F,,543,,false,batch_001,encounters_epic_north.csv,1405
570798d3c4121f6f62f5a1511be16e8ceb673e5d5fca8c3c8057e9b8ceaf9bc4,LINKED,,M,,531,,false,batch_001,encounters_epic_north.csv,1246
572ddb7e887bbda96150658616c86e5320020cf0e57772cc27521c6005db791f,LINKED,,F,,532,,false,batch_003,encounters_athena_clinics.csv,67
5751c0c47256e4ee768b3bcec10eac6418540f10b8697e9f0d2ee6d70745d511,LINKED,,M,,532,,false,batch_001,encounters_athena_clinics.csv,251
57a21b849cb9dc8863fa8727099e9412fa55d7bf4104c6b6d99dcb88d82ab1f6,LINKED,,M,,524,,false,batch_001,encounters_athena_clinics.csv,342
58208b064156d237e41af805008d085de19dfcc212f7900e0f63e8588e2d1867,LINKED,,F,,541,,false,batch_002,encounters_epic_north.csv,122
58327c6451b248a69e3f95d069ebef4d42efe88bfc0acc3945a5f2232856a3db,LINKED,,F,,531,,false,batch_001,encounters_epic_north.csv,762
5854706554c1fe1f00b6745b3e0cee1c466a8ee63a787294bdc9474451d5e1a0,LINKED,,F,,520,,false,batch_001,encounters_athena_clinics.csv,1088
58bfe94f274a22eebfc02cdbebd4b4cc9b1652be1e139fc25a8277ee2e59cd2a,LINKED,,M,,531,,false,batch_001,encounters_athena_clinics.csv,1033
58c76fd23e59f9516873361bb22e0b78a6ed1010b7466872f446126a0e54db5a,LINKED,,M,,524,,false,batch_002,encounters_legacy_meditech.csv,204
5918f7127e5604aef42c25773b75b06b86136c41a6d50e4c89d59224ffec0341,LINKED,,M,,543,,false,batch_001,encounters_epic_north.csv,1292
5919a5626adcb0bdb05751a99c88dfd6be765a6c3e29c2d4b2a0dc8407b0912f,LINKED,,F,,520,,false,batch_001,encounters_athena_clinics.csv,813
599469c521be9b9087152c59acffae4797cffb8ed02e87ab43c292ca1ea680f0,LINKED,,F,,531,,false,batch_001,encounters_athena_clinics.csv,365
59e1925247801fcf4e1e449943a2cb3aac0562a5f386dacde39867febd970059,LINKED,,M,,537,,false,batch_001,encounters_epic_north.csv,832
5a37e630b49fe710722c85116872d3a8fff2d1d284a92d673dea79619bcd1c1e,LINKED,,F,,543,,false,batch_003,encounters_epic_north.csv,45
5a91ccafcfeb2ed4be55e9e5d90368e9d75e80044625dc33e289cdd30e8571b2,LINKED,,F,,524,,false,batch_001,encounters_athena_clinics.csv,956
5aa5c198865edabd2e0e76d4b25003e00d52c65ba28c9e3e0c91b398f59ec0e3,LINKED,,M,,531,,false,batch_002,encounters_athena_clinics.csv,58
5ac37e35d53d2ed29a1e649e7dc26df810fbcc91f640ed84b7ea9219dc1797fa,LINKED,,M,,543,,false,batch_001,encounters_athena_clinics.csv,398
5ae22d4e1014608f349b7c6a58d2f310579d8219b53b7f52347b73585ad9983a,LINKED,,F,,541,,false,batch_003,encounters_athena_clinics.csv,2
5aee3a3f186d51e81cf0dd16d3af75492c3ef0ce2361fc925abf2d62177002f9,UNLINKED,PATIENT_UNLINKED_NO_DOB,F,,611,,false,batch_001,encounters_legacy_meditech.csv,91
5b421a814ec84bdc2b54f40f68ad36e028297ce848b588399c995be222deeefd,LINKED,,F,,610,,false,batch_002,encounters_epic_north.csv,10
5b6192cb7e843e44a76b5397d71e9edc9f9861c1741ac8a07c1a436caf037631,LINKED,,M,,537,,false,batch_001,encounters_epic_north.csv,778
5c70776197c2ce304b68aa47dbed033a1b224d62dd561f4b5c7c271df5d106f0,LINKED,,F,,524,,false,batch_002,encounters_athena_clinics.csv,114
5d8806d882c961df870145c68b428ba613e97ac5477142ecc698c3bdec6af325,LINKED,,F,,524,,false,batch_001,encounters_athena_clinics.csv,469
5d9d7e13d599ce1b3d6cd8bb8ba11caeac42751bc94b6b1733ce313f2b3aea54,LINKED,,M,,537,,false,batch_003,encounters_athena_clinics.csv,69
5e01f44f3b26bf3e67c1a0926cac26138e1fc0dbcc2a7b7f6bc863c0b33be39d,LINKED,,M,,531,,false,batch_002,encounters_epic_north.csv,8
5e12e521b877024ff6d129b91217b2ff50a57e24e0df8f1543455d2b5c35be75,LINKED,,F,,531,,false,batch_001,encounters_epic_north.csv,75
5e134e87449aa429e8b3e8c0017c5f36503cf6c3576209969f1a4da0fa5e1ecd,LINKED,,F,,537,,false,batch_001,encounters_epic_north.csv,326
5e4d67d8aa4035bc853eb464313f1da480267ae9beb22e2f09dcce96367feef2,LINKED,,M,,532,,false,batch_001,encounters_athena_clinics.csv,79
5e8bd4bc55caf663523845fb253e2c90eb0936163c557f95038db5e8ed9cc1b6,LINKED,,F,,531,,false,batch_001,encounters_epic_north.csv,588
5eabaa8a217a32f0309f8a62ae43a0fa710fffee3ae3108278cc64c9510c7fa1,LINKED,,M,,541,,false,batch_001,encounters_athena_clinics.csv,291
5f7f3974bf02593eaac647c5c01721f0c9c5a4b5fb81d5a19a871923f9e1fd6b,LINKED,,F,,543,,false,batch_001,encounters_athena_clinics.csv,990
5f8a4aa7b9da7a763e4f4663663aff3cd40941881e1a661c3f58c199f508009f,LINKED,,M,,537,,false,batch_003,encounters_epic_north.csv,83
5fe5164f5ad37dd95fc1ef94dde6b8bf28a9c571bcf48c0797f73ba625899430,LINKED,,F,,531,,false,batch_001,encounters_epic_north.csv,1168
6009ca7d43f97b10b1d7e1c9d7c58df502771fe8b7d57fa97dee79b24a659921,LINKED,,F,,531,,false,batch_001,encounters_athena_clinics.csv,827
61051b8c88c4090a425f9bc53c4aef53b640ed2a755f8e3f60545e2a651db025,LINKED,,M,,524,,false,batch_001,encounters_athena_clinics.csv,825
61102afa32e383542c68573489141676b44dee554cb90079cc9974edbce39f76,LINKED,,M,,531,,false,batch_003,encounters_legacy_meditech.csv,27
6145956b2424bdc2ee1eec94ac222971d402526e328b54dbe202b4bc21aecefb,LINKED,,M,,520,,false,batch_001,encounters_legacy_meditech.csv,239
61794afeed15b8a968cf86d21fca8c2aa47760069659fd7e4a53dc291a886676,LINKED,,F,,537,,false,batch_001,encounters_epic_north.csv,1316
617b08f8676d0943c3820a707eedd7423e74a199f73aced3c89e11fc1b7710a2,LINKED,,M,,541,,false,batch_001,encounters_epic_north.csv,767
61e644e99a559025b4ee286beecffc28643b46bff036482b0f9c7a9098bc90c7,LINKED,,M,,531,,false,batch_001,encounters_epic_north.csv,95
622b758cba797910cf82495a185ad312075001a3ef5bad15c363a0f425720fba,LINKED,,F,,543,,false,batch_001,encounters_athena_clinics.csv,806
6270e8b43fcd6d606ade2182c9a40fd3cd59bfe686dbfcceda4e092a375d6a80,LINKED,,M,,524,,false,batch_001,encounters_legacy_meditech.csv,331
62883d25832fca001f9a7f696bfa52a5e76a0ee542fa1da3cdf397db7e14cda8,LINKED,,F,,541,,false,batch_001,encounters_epic_north.csv,411
629e9138580091cf5ca65937b357d173c8e838c38d205dbfcafb4b754e2fc19c,LINKED,,F,,531,,false,batch_001,encounters_athena_clinics.csv,43
62d42cbdb94af5f252bd6e49376e5401dec133f0a0f5787e745329ec588ee1a0,LINKED,,F,,541,,false,batch_002,encounters_athena_clinics.csv,12
63782d819b30874b508e9919b70205395620cc4c75b63c7cc6506255bcd655ad,LINKED,,M,,524,,false,batch_001,encounters_athena_clinics.csv,785
63ccc29662685af7628c3f80d5cd659c718532acc6f1196742b3c7f830940ee4,LINKED,,F,,537,,false,batch_001,encounters_epic_north.csv,876
648c1977d75c7c6edd7299edede4eb41b9c39ec6ceba6abc6f36414223ab8b04,LINKED,,F,,524,,false,batch_002,encounters_athena_clinics.csv,108
64c62679643df28bf20c975c61917f2513a6350c88112cb8205f35acf0f7bb53,LINKED,,M,,537,,false,batch_003,encounters_athena_clinics.csv,34
64caff9212f30b06b03d80809d16bae76efcff03773232912d70febe4b28d70d,LINKED,,M,,531,,false,batch_001,encounters_epic_north.csv,51
65366fa93430ae2a110d243632584fd55a146781fde37bb3ece4b9bfb8d2c1f4,LINKED,,F,,610,,false,batch_001,encounters_legacy_meditech.csv,144
6549108b576c1b57178e332cb6e7c9edc23dafe4fcd139907c80f16e8493fdef,LINKED,,M,,520,,false,batch_003,encounters_athena_clinics.csv,55
6579d88d605b7ef4b1fd0f0c08c975853804c5a969ba330b38e1fb138bb87fb2,LINKED,,F,,537,,false,batch_001,encounters_athena_clinics.csv,325
659acc43b742f0f34340e882257ca5fba4565eb4bc1649e2116069ff3e97831a,LINKED,,F,,543,,false,batch_003,encounters_epic_north.csv,58
66017a60ebb5199ec76f568ed7bc12c35b0d097001262aadc0d7fcdda3d48eb4,LINKED,,F,,531,,false,batch_003,encounters_athena_clinics.csv,37
6614df5c6afb67586fdb8194e59a43e06de0f397b3dd06aecac0da43bcbc4378,LINKED,,F,,520,,false,batch_002,encounters_legacy_meditech.csv,183
664f3be12f6185c007df190379b12642e4566fb0e8eb866b749c903d8269f976,LINKED,,M,,524,,false,batch_001,encounters_athena_clinics.csv,584
66503c799ad9b789eb446f7bb90cf525d1a0ae5ea0d906ac05915a860ab5725f,LINKED,,F,,543,,false,batch_002,encounters_athena_clinics.csv,52
666f68bca704e5cdf884793a8554791e29216fb63f0c6c7b8637c99dc9ad02f2,LINKED,,M,,524,,false,batch_003,encounters_athena_clinics.csv,27
673dcff3830ab3aac2ad8983d854e93ba117265fdc5253f5b740f067966817b9,LINKED,,M,,531,,false,batch_001,encounters_athena_clinics.csv,338
6741c5a803e4a7a42b75a5a53ee0638ddd8dd67476b032efcb5ef03583cef252,LINKED,,M,,524,,false,batch_001,encounters_athena_clinics.csv,899
674ad8e1fefc07f6a5596c4ed655bb588c3f90146e5f41b451656895b91d7ee2,LINKED,,M,,537,,false,batch_001,encounters_athena_clinics.csv,952
67b67b8914203ce41eeaec8f23c14bd3deda226390d143110d304315c776cad0,LINKED,,F,,532,,false,batch_001,encounters_epic_north.csv,143
6831a6559126ad79efffb24f26c392a643635615e3ee323964c95b3c7794dd41,LINKED,,M,,532,,false,batch_001,encounters_athena_clinics.csv,176
6867003adaf972632132ac999d999da05341090285896c7bde64d65a12d11b5a,LINKED,,M,,520,,false,batch_001,encounters_athena_clinics.csv,302
68a5c60fb262a1835b394e6d40104c7d75f3e4725d85e4e6118f6cd8ef015ee9,LINKED,,F,,524,,false,batch_001,encounters_epic_north.csv,393
68e5dc34a1e9db80e02c2acaf31e8db2b9c1f30f766c6641e973dcc63efdc76f,LINKED,,F,,537,,false,batch_001,encounters_epic_north.csv,1080
6944ee8572a26232abd3fd58f026ad329d0437e2efdacb2595212d341c2eea58,LINKED,,M,,543,,false,batch_001,encounters_athena_clinics.csv,1018
696d03cc46407937c3985ce09256ee89aea80aa4730f7e8c94fd323951f78839,LINKED,,M,,537,,false,batch_001,encounters_athena_clinics.csv,831
6983d30d10318a29807e68a4144a48a19e42aecf77b51e71180f30077435f64f,LINKED,,M,,543,,false,batch_001,encounters_athena_clinics.csv,284
69b923954d9776af01e02bfaf254c77c928883aedc899c98e11f3f36c4c90d9e,LINKED,,M,,532,,false,batch_001,encounters_epic_north.csv,789
6aa9235adac83e8556d9e7042f9fb9c68bbd86a727ffdea50b9ec452b5708761,LINKED,,M,,541,,false,batch_001,encounters_epic_north.csv,601
6b81c0cd99f1aa1dfd4bf5bcaa672962c474083db07c49a0a959215934e92420,LINKED,,M,,520,,false,batch_001,encounters_athena_clinics.csv,56
6bb5f322f82ba8f52d959c0e499efa77149bc6ed9976828dcab67a51291ac066,LINKED,,F,,520,,false,batch_003,encounters_athena_clinics.csv,3
6bc66684247ab455962506e6061e596b40cfcdc0e7904b2557944a076cf4acf0,LINKED,,F,,610,,false,batch_001,encounters_legacy_meditech.csv,35
6c0e5303eaf144ad77cc3faf748e1f0c12707ddedba16c9a30e3882cc8d1507c,LINKED,,M,,524,,false,batch_002,encounters_athena_clinics.csv,70
6cab6e09b41461d70b59e677fd88bbf4015e715dcfdaf7374ebfe4c76a79265c,LINKED,,M,,531,,false,batch_001,encounters_epic_north.csv,651
6cb7f36b555c6a5d930d584934faf89d2b4deb118fcdb66e971ecb2d94645f62,LINKED,,F,,531,,false,batch_001,encounters_epic_north.csv,262
6cd6bd54ee245a199c2b103730e6047d1dc7bcf1d291ed6fef02b3b2c6b1a7fe,LINKED,,M,,537,,false,batch_001,encounters_epic_north.csv,1374
6cfc06117bd33199bcb69bce39b6901425339dca903c832332d705752b1fa0bf,LINKED,,M,,541,,false,batch_001,encounters_epic_north.csv,162
6d96b705159a0dd7b48d349dcf6e1e536c861e17daa3a7dd3b881bec0a2ff9f5,LINKED,,F,,520,,false,batch_001,encounters_athena_clinics.csv,378
6e11edcafed8b19cdc2767e205f0fd735940060e66cfc7794cd60ef168e294ee,UNLINKED,PATIENT_UNLINKED_NO_DOB,M,,611,,false,batch_001,encounters_legacy_meditech.csv,129
6e460d8e09d8294e688eebf828ccdbc758f8afc411d480f024a352565fcabc45,LINKED,,F,,531,,false,batch_001,encounters_athena_clinics.csv,307
6e4ec85bd7d5e718e718000854f975d189c231e5fcf6b4a9ec3f90bf6789e82b,LINKED,,F,,532,,false,batch_001,encounters_epic_north.csv,566
6eb5d417bf909a42c18a9b3425b899ef36d7f7a654a4fffa6cecadd5536d56c2,LINKED,,M,,543,,false,batch_001,encounters_epic_north.csv,503
6ec178353f8af4b1138e09acfd6c796891ff34fe2469ab7fcccbbe7eff150ca7,LINKED,,M,,537,,false,batch_003,encounters_epic_north.csv,7
6f6b849670d22e7a76652dcdf1c75be2816dad3bcd9bf3ba07fb54f6c5143751,LINKED,,F,,543,,false,batch_001,encounters_epic_north.csv,983
6feba8256cb2e7ebf9482699bd2206b54a34b01f17bfb8b99c347edc80a60627,LINKED,,M,,531,,false,batch_001,encounters_legacy_meditech.csv,111
7020d62fd3ac91af45f82e04d78564cd4660dc95904559da9812a21ed4b15b8d,LINKED,,F,,537,,false,batch_001,encounters_epic_north.csv,539
7026a774414b765d987d38f40984391543cb6b79debb1aa02bbe691ba48d97fb,LINKED,,M,,520,,false,batch_001,encounters_athena_clinics.csv,192
7027ada72b82f66f30d9d80d883a43c6034cf57fc20323a7aa405318a595faa3,LINKED,,M,,520,,false,batch_002,encounters_legacy_meditech.csv,138
705cf44c985e1e4f377bb5769c0207def56a84dd04aaefacdc035cbd8f7d71dc,LINKED,,M,,531,,false,batch_001,encounters_athena_clinics.csv,795
70d23d78b5c2962372b765f321abb22abda3833d1f49217ede6d01fbf9e2e384,LINKED,,F,,532,,false,batch_001,encounters_athena_clinics.csv,461
71231416b5f175f23b43ad39d2840999d891421d2e04bf14e99dedbc1bbdc29b,LINKED,,F,,543,,false,batch_002,encounters_epic_north.csv,83
714ea9eb09915b44ca74948ecbe1fddf7ead5c0d0d8c886167486fe81a5a8479,LINKED,,M,,520,,false,batch_001,encounters_athena_clinics.csv,259
71b7fbf9621e88c13ac9dff85700cd3daf4984bdb1ba07e0ba90324626eab9ba,LINKED,,F,,537,,false,batch_001,encounters_epic_north.csv,178
71c95a3b76de8739dd59691d1e7d15afceadf7f67f9eb57e6fe9a88e94e42923,LINKED,,M,,537,,false,batch_001,encounters_epic_north.csv,1047
72660abdbd0cce5b16851fd1884c64322f03bd44df5082bfa9105a7bef1cd090,LINKED,,M,,524,,false,batch_001,encounters_legacy_meditech.csv,273
72936083e9785c0003975d1e6eb380dbdd05ba7799701d7fe30a9f7759457267,LINKED,,M,,543,,false,batch_002,encounters_epic_north.csv,116
72a3e4724033f9fbdb08987c2fff6e6f6773e26311938d27f7041ab77c4a911c,LINKED,,F,,532,,false,batch_001,encounters_legacy_meditech.csv,13
72dbca5990a7d7ce32eb81d3f15596ffc57f7b23c7d12f9bad49392d1034effd,LINKED,,F,,532,,false,batch_001,encounters_epic_north.csv,1052
738377045e400f14a5a552b93244c34b603392dfa3890a08f08fc5a4892b89e1,LINKED,,M,,532,,false,batch_003,encounters_epic_north.csv,70
739a9454efb02f4023f1c412875410f155b8bbfbae5290e963e6d9006f839090,LINKED,,M,,520,,false,batch_002,encounters_legacy_meditech.csv,31
73b0159886a92d7e1faf6057306c6a9ffc3b7d6d54c81b851e106a44319a180f,LINKED,,M,,531,,false,batch_002,encounters_epic_north.csv,88
74469dd6d66a0a5b2f730b581ef5331f41164ed83db6f36e5d4b34c2d1f02757,LINKED,,M,,610,,false,batch_001,encounters_legacy_meditech.csv,213
746585bb213c778d456b9453dce603fc41c8d379f0d4902d9dddd2d1193fe4d5,LINKED,,F,,541,,false,batch_001,encounters_epic_north.csv,207
7484ea6f5d67bde833e59c8919e6d238a7fff2f3356ae906966406c66dbf3c96,LINKED,,F,,520,,false,batch_001,encounters_athena_clinics.csv,538
75ae9276b82558220259e8c9cf4c74ba6acc8a5c1e6387006ab0b0d85aaf4ca3,LINKED,,M,,520,,false,batch_001,encounters_legacy_meditech.csv,192
75cf13576a56f35baeae0b2ab5de79d4f8d9cc24364cad389000587d57ef5c8c,LINKED,,F,,524,,false,batch_001,encounters_athena_clinics.csv,565
7606b44faee793109404e605af8c4b09a79c12564ff76be3c88abbd23fb55ddc,LINKED,,F,,520,,false,batch_001,encounters_athena_clinics.csv,572
76ba7b720cf1a7fe0e5ad307a164fdf0dd2328cee7a2fe04682199925adbdf76,LINKED,,F,,524,,false,batch_001,encounters_athena_clinics.csv,507
774510af7e697d2f275112648e928456ea7c9d7c28fb899790135ea9ba813dec,LINKED,,F,,520,,false,batch_001,encounters_athena_clinics.csv,926
77a9ad54dfc7d081b99ad0bedc94384ef0c47aace31273c976a49dd827aff195,LINKED,,M,,520,,false,batch_002,encounters_legacy_meditech.csv,32
77abc77fb95a5d1562dcf17d97f7a17c1bc0a6ce7a2879c46bdf6750b5bed1e9,LINKED,,F,,524,,false,batch_002,encounters_athena_clinics.csv,21
7881693f80164c579ad51baa33c6f0698321df63a1095b5b6971c4cc235871f3,LINKED,,M,,532,,false,batch_002,encounters_epic_north.csv,157
78c40befafdccbeb2b7ba4933e10ccad74446907b3dd909d41c9d3b781324f1c,LINKED,,M,,541,,false,batch_001,encounters_athena_clinics.csv,185
78e45f0a7184759025c720321173d99ffa476f4d2b30a01f18649baede771045,LINKED,,F,,537,,false,batch_003,encounters_athena_clinics.csv,73
7903f134368bb9863666ee9a72f216646d64b3d5a8296572011019305245012a,LINKED,,M,,520,,false,batch_001,encounters_athena_clinics.csv,996
79078f68a644f3023b37b384e4399ef0e466a56ae2417a8f1c5fa642939e855a,LINKED,,M,,524,,false,batch_001,encounters_athena_clinics.csv,880
79689f8915d89a037acb0e4eac8e79a7806553be0c0e46c764d70828d87439c2,LINKED,,M,,520,,false,batch_003,encounters_athena_clinics.csv,36
796b386baa38ee9d0dcda33873f9bc5be98a08fc0de12cce32b9db9cba0430e3,LINKED,,M,,524,,false,batch_001,encounters_legacy_meditech.csv,44
7a5b47d84e364e8f64e69527752bcce1584aa8800c5235f79385fc92423eb927,LINKED,,M,,520,,false,batch_001,encounters_athena_clinics.csv,308
7a935dac7e7d868c988ab720a908d5b83199df186199b6e407264d649a5abcc8,LINKED,,M,,543,,false,batch_001,encounters_athena_clinics.csv,1084
7aaf3d7f375ec8a2dcd40d8bbe8df45559cd6afa552ce76c2ff20d85ff1e87e7,LINKED,,M,,532,,false,batch_001,encounters_epic_north.csv,757
7b1f7bd2e660791c4317cda7e1c571fc905e88476ff138c9f30cf2a330411dc3,LINKED,,F,,532,,false,batch_001,encounters_epic_north.csv,1060
7b247182695667b0dccfc06d4739f22d89d7fb80375b0ce4b7ba9df7370f1510,LINKED,,F,,532,,false,batch_001,encounters_athena_clinics.csv,1063
7b3777721223b93d78975e7279a1a459296d0586a77a1a3495aae86b058c9af8,LINKED,,M,,537,,false,batch_003,encounters_athena_clinics.csv,30
7b566a651b8f28d90d3d6f5dd452f8bc61c17413373c1dc993fae73c5d2fc8a7,LINKED,,M,,537,,false,batch_001,encounters_epic_north.csv,1266
7ba6723bfbbbf742739b393aafbfc8fb3754a0ccda5d1187cce0577dc933df4e,LINKED,,M,,531,,false,batch_002,encounters_epic_north.csv,129
7bbc5c55f1974c9c6639f41f3f523bee5024310bdeb6c4382d2bf099a1d1d3ab,LINKED,,M,,611,,false,batch_001,encounters_legacy_meditech.csv,217
7bbe007d8bebdcba3f3c8b7301998d0bcef7215924fd4c5e4288da46060b0abc,UNLINKED,PATIENT_UNLINKED_NO_DOB,M,,520,,false,batch_002,encounters_legacy_meditech.csv,251
7c084b3a726d3c8df305240df205690b5c4f4b688cfb7c5f6c37f4d6b312cc89,LINKED,,F,,610,,false,batch_002,encounters_legacy_meditech.csv,135
7c62df9dec993746e52585f0a17d0ed2aed7e1e0048568135d169076524602c0,LINKED,,F,,611,,false,batch_001,encounters_legacy_meditech.csv,143
7cc33c0e43829b06cff6c6d8d4adef1f7f51fc0aeb42299898a1d14486d6ead1,LINKED,,M,,532,,false,batch_003,encounters_legacy_meditech.csv,5
7d4b8210f537977ab06f2364ff5b0d84c2f53a2b703bdabef2d9b24397f20d50,LINKED,,M,,532,,false,batch_001,encounters_epic_north.csv,813
7daeaf80bcee1636229c15d1d86721406fa2d74545011ca944055abc19f94093,LINKED,,M,,537,,false,batch_003,encounters_epic_north.csv,75
7e247fc0f999687b7cbd2b17acd4fe6813af2f1b41c64f3737b4a0f013e87151,LINKED,,M,,524,,false,batch_002,encounters_legacy_meditech.csv,134
7e5934a1ee2e31d6c4fcc95a106cef1446c222e8afc0d89775cbfbe1fdac0e97,LINKED,,M,,532,,false,batch_001,encounters_epic_north.csv,570
7e7c835a2b8fef1d18a339e9f65d4a1dbd88aa7ea5d6a2a6827e747fd494b787,LINKED,,M,,524,,false,batch_001,encounters_athena_clinics.csv,861
7eeae86c35604f96de1c929b57350a6e43bc16579d705217044af50c69b1b8c4,LINKED,,F,,532,,false,batch_003,encounters_athena_clinics.csv,41
7fab81bf2fc51810b2ed2f5fa0eebfa458f54dacc2c35377af5c3167f492f841,LINKED,,M,,532,,false,batch_002,encounters_epic_north.csv,42
7fe1d7d60e623b106e54167eaa1e1a29d495d94a5018066aa04a20f0c51ee57a,LINKED,,M,,520,,false,batch_001,encounters_athena_clinics.csv,835
800432d0d4752056e2f49bfa1816e231f853488582715d57e533bfc043b7bd49,LINKED,,F,,531,,false,batch_002,encounters_epic_north.csv,28
800e1903284e5b92e4d0c551e4490a3917ba291f81d460572e18cf84bd203505,LINKED,,F,,524,,false,batch_001,encounters_athena_clinics.csv,663
80158a2c56a1a76ffb945ce101c70ff29b5eacaf1cd05295b99d66c53015de69,LINKED,,F,,541,,false,batch_001,encounters_epic_north.csv,1248
8093be7fd89fde21420fb18a15b9a5b4c1bad9dcfab2f85a12d9f2cd49ac585f,LINKED,,F,,541,,false,batch_001,encounters_epic_north.csv,582
80f37bcbdcfe29fbb534735dc8e0c7002147e6f5423dcc0d918d25a9245fae54,LINKED,,F,,524,,false,batch_001,encounters_legacy_meditech.csv,109
810a5b512ad03dd61568f57377b6f86cb04f853073f07c3eb6a3dadc1a9624d5,LINKED,,F,,524,,false,batch_002,encounters_legacy_meditech.csv,217
8117f5f26e4411b536fc1e43978af5abd443d46e75550f96f27dc4b59112bf56,LINKED,,M,,524,,false,batch_001,encounters_athena_clinics.csv,576
8119b92be7f959699cf47c1d13b2bc58e015d8d38ca8f2d8ab008753566d9ddd,LINKED,,F,,537,,false,batch_001,encounters_epic_north.csv,1014
813b3419df502081d272c15ab83a0c44edc991f340d5a0fd477971b551274c5e,LINKED,,M,,541,,false,batch_002,encounters_epic_north.csv,113
815c6338a13bf3590195fd3382dbcaedf3c5361887fe60efe77d13c8aee7fddb,LINKED,,F,,543,,false,batch_003,encounters_epic_north.csv,4
8310671cbc59938ffaf6b659e7b79a87027640a57c93bc39e4a6fa1329dbda5e,LINKED,,F,,532,,false,batch_001,encounters_epic_north.csv,1243
8342ecb05f439b9fde39ed5c1a5dd565f991d94682a6e161e4b3e6b0546fd0fe,LINKED,,F,,531,,false,batch_003,encounters_athena_clinics.csv,13
834beead6fa4459a6b857c8b342f5ef06ffb0814601ed5f8fde8c3d26abab232,LINKED,,F,,537,,false,batch_001,encounters_legacy_meditech.csv,90
837f414619a4f3820f000da41a8d54007bca6d185e4e9e941fdb97f1c460fbc1,LINKED,,M,,537,,false,batch_001,encounters_athena_clinics.csv,746
83c4da077fc574fc9d2e4c60ac80716a6325f4595687801f25408575ff449e78,LINKED,,F,,537,,false,batch_001,encounters_epic_north.csv,775
83f5c1a73176b6c0fee1a9a63e33e8a8c8718bd0fbf6f98d8e28a47deac8abdb,LINKED,,M,,537,,false,batch_001,encounters_epic_north.csv,510
842c328e306dad1b4f1617e5f42b6c028a6f6c4bdadf40be2c82c80d8e10d417,LINKED,,F,,524,,false,batch_001,encounters_athena_clinics.csv,1065
844156e61826aa835eb6485d0f4875708dfdbde1a179a0f9009dd19ca5427dbe,LINKED,,F,,531,,false,batch_003,encounters_epic_north.csv,16
8442a212d438a4217cbf544566025a77fbb09f0a8da99b32370a5c40c645768f,LINKED,,F,,524,,false,batch_001,encounters_athena_clinics.csv,743
845b0265a28dd42536c1092e6b32220456cf167b4b0a83b115fc32d343e96166,LINKED,,F,,524,,false,batch_002,encounters_legacy_meditech.csv,125
849065fa072d86e939345ef87270658aff0f71f9fc13609929066dcb9b295866,LINKED,,M,,537,,false,batch_001,encounters_epic_north.csv,374
84caad72d37228c28d70999b0e62f77b3c8e3636571369db262fa406d2bbe3ef,LINKED,,F,,532,,false,batch_001,encounters_epic_north.csv,1164
84e146d9eb672180a4e87434f588a235322cc7fc9349bad85c3380c594b3a83d,LINKED,,F,,541,,false,batch_003,encounters_epic_north.csv,42
851caa579b0e9823589a30f289f428ee1d980c7346378c13b675903cb1547b94,LINKED,,F,,537,,false,batch_002,encounters_epic_north.csv,153
8524d8dbb6da4efddfa8ee2b53ec005f52c350b6c6a0ef4dd83dc50399f3e015,LINKED,,M,,520,,false,batch_002,encounters_legacy_meditech.csv,213
85b7036214b1cf999cd775a8565d4c80d10628aa2c16e073f89053f51db06970,LINKED,,F,,610,,false,batch_001,encounters_legacy_meditech.csv,48
85be5ecf196e3b225cd769a5f4a1ab36a9515c481ca99034ed078af7346ced35,LINKED,,F,,541,,false,batch_001,encounters_epic_north.csv,454
8654a1b5b5a1a0222f05f032eade4b9e4a6f8b5fa9a69679099cdfa890f1d07b,LINKED,,F,,537,,false,batch_002,encounters_epic_north.csv,25
86c1271c2fc8bea6972ada73194adc1caf0907d3bb2eea00c4e05d9efb7bc411,LINKED,,F,,541,,false,batch_001,encounters_epic_north.csv,1348
874c105288fd327ecace323079259e4abd7b86a963bc54189cb7c6cce1cd3b82,LINKED,,F,,543,,false,batch_001,encounters_epic_north.csv,1300
8792cfed4029f720cf24e6eeefb85d5a25deee118737849017c57eea47e4fd31,UNLINKED,PATIENT_UNLINKED_NO_DOB,M,,537,,false,batch_001,encounters_epic_north.csv,89
87e5964bcb3d3bf0bb78962d932134aa3a16c67a7c444144a7161bb57845b598,LINKED,,M,,524,,false,batch_001,encounters_athena_clinics.csv,580
881163f9595761cfe73e86800eadad3182bee37aff890f4f50b995779a01d6c0,LINKED,,M,,520,,false,batch_003,encounters_athena_clinics.csv,50
88850b91d71566ca1edf8c6c23c40a35121c5e958734b79561729fdef14a1716,LINKED,,F,,537,,false,batch_001,encounters_epic_north.csv,1162
8914f5856698eb0ea83ebd4a5d6065b45b1bd41660a36588c7cc72ec53c20468,LINKED,,F,,541,,false,batch_001,encounters_legacy_meditech.csv,32
89843194047ef6815dd7879eb3e34941079a9193ed8f668733da0e6d0f14fd6e,LINKED,,M,,543,,false,batch_001,encounters_legacy_meditech.csv,341
89e3882760db1ae6cb6db67fe5cf89781f22f5bb1c0ac19fdff76b3c1ae34b1d,LINKED,,M,,543,,false,batch_001,encounters_athena_clinics.csv,321
8a366c4213df2f67677d4b43c1a9b7e3c371ce019e6df7b855ff3ed314383d87,LINKED,,F,,520,,false,batch_002,encounters_athena_clinics.csv,11
8a6458ab2827c9c7a42b7ba341a5ea77ba9d2d38383df11afe68a504243e67f0,LINKED,,M,,537,,false,batch_001,encounters_athena_clinics.csv,526
8acb28bb834e88da24c7c6e4a26bf5648b427256a9d9f24253dcd938e614265a,LINKED,,M,,520,,false,batch_001,encounters_legacy_meditech.csv,26
8aeb8894d420c3e30434e550fe0e8fa5d7acabf0e066f9c29cee410c82e1a1b4,LINKED,,M,,543,,false,batch_003,encounters_legacy_meditech.csv,25
8bb7128f8023d7cd1fb2210e3047bc14b8ff6d4ebae90c370b7f621d227ec743,LINKED,,F,,543,,false,batch_001,encounters_epic_north.csv,175
8be1aafe5b2e10613a15032182d754b53e1e3eb23d9ea203081b198002f5b551,LINKED,,F,,537,,false,batch_001,encounters_epic_north.csv,330
8cdb15fc65eac68d302f6c966f8f4b432548d921187d04b42a992ceec1b07ccd,LINKED,,M,,537,,false,batch_001,encounters_epic_north.csv,550
8ce51f1a6dfa4e42a50a694268e017575b539eeb471735f9d072746a2be8c018,LINKED,,M,,541,,false,batch_003,encounters_epic_north.csv,78
8d37dee3dcdfdbe8f879033cb7c14c7d20735785a9b35a8b245006aac924f18a,LINKED,,M,,531,,false,batch_001,encounters_athena_clinics.csv,994
8d9e99725ca8477c0408d3fb8d084d05d78fab7ba6ec2d453aa73f6a9383abfe,LINKED,,M,,520,,false,batch_001,encounters_legacy_meditech.csv,199
8dc5f08e008ae42ee167515d5276abd069329f4a135d8229ed259010f533e3c6,LINKED,,F,,611,,false,batch_001,encounters_legacy_meditech.csv,118
8e6b4aa20253df9ecebde672ff41c9025c19916b0610c8483872cff2bee6998e,LINKED,,F,,610,,false,batch_002,encounters_legacy_meditech.csv,257
8eeb379ee90e89d00a8cadf3d67eb33a7073c51c60e24b74a83f6568cd67a520,LINKED,,M,,541,,false,batch_002,encounters_epic_north.csv,145
8f03c52ad5397e9c65680b79d4e93c5923bf9dc80570f57f0eaeadef04601768,LINKED,,M,,532,,false,batch_002,encounters_epic_north.csv,44
8f11fdb20a4839302341be96d687bb9ea2bf37a4de11eeee544cc6fede5b7e12,LINKED,,F,,532,,false,batch_001,encounters_epic_north.csv,1087
8f30ede75572c5d80932b199ec7611c9aa46d2aeab0497c26ac10f30453db542,LINKED,,M,,524,,false,batch_002,encounters_legacy_meditech.csv,216
8f6d0792bdbcf774562bebd8df4d0d009a6376fd3d79695bab4ae7ab02beb2d4,LINKED,,F,,537,,false,batch_001,encounters_legacy_meditech.csv,76
8ff6e8e2702ba401e6a26a913de2dfb046bd54218d830d77b0e1f2a05b2e2f4e,LINKED,,M,,541,,false,batch_002,encounters_athena_clinics.csv,72
90036f0185398658a774e980f5a1dd4af508463c97b0ea104c40d056675c49ff,LINKED,,M,,543,,false,batch_001,encounters_epic_north.csv,1425
9011221dcfc658d0a938717af02c54fca52524b527ac9e7946dbde2ab7b3c608,LINKED,,M,,520,,false,batch_002,encounters_athena_clinics.csv,50
90373733ed0b2bf42cd50cd5802178279cd760fc4caa1c87851571163b949aa7,LINKED,,M,,543,,false,batch_001,encounters_epic_north.csv,573
904afd186d6b8e22842157009f2e2af13a7bb9365ca9b1bb6e660a9ccbe71826,LINKED,,M,,531,,false,batch_001,encounters_epic_north.csv,821
908e805eb08531dda98f6e53a4fa1ac9476988cb60ad77d075f97628c99794fb,LINKED,,M,,541,,false,batch_001,encounters_legacy_meditech.csv,130
90fa84d48dcd503d839c60b0f4a82f23b1148195e77bae6cad238d24250a91cb,LINKED,,F,,531,,false,batch_001,encounters_epic_north.csv,502
91117720cd888392947510ebbc415314e2f8bc0f5eda6da607aaeb272574ce05,LINKED,,M,,611,,false,batch_001,encounters_legacy_meditech.csv,295
9146080bb614548699a3fb02827e8f53cc8ed154401f03c7be08b0aece854c3d,LINKED,,F,,531,,false,batch_001,encounters_epic_north.csv,575
91651bbba556c05c6b63963927a27a99e18fe41db1b9e569d88c4afe135d8a92,LINKED,,M,,531,,false,batch_001,encounters_epic_north.csv,1274
9168191159e6d8165a4ec7a13fd6464a091efad0bb2b32ac05b68cab9d42d18d,LINKED,,F,,543,,false,batch_002,encounters_epic_north.csv,136
91e6ddd2f7da2165e22cb7723792d32cc4c7b6c6cbd657fbb6d7a4bd0b43c611,LINKED,,F,,541,,false,batch_001,encounters_epic_north.csv,246
9223095ca9667fcd181bcb72b4da2f1516078f1375a9ae67a5ef6f6b00bbc747,LINKED,,M,,520,,false,batch_002,encounters_legacy_meditech.csv,119
92354bb51f0f76e034b72123b12ba5f47dc5c88b62a724f2b05cdadfb0534b9f,LINKED,,M,,524,,false,batch_002,encounters_legacy_meditech.csv,67
9332a4f11fc48c6a14f2b50c11e4d42b387c5c220e2b401432ea26b3e05cd0bd,LINKED,,M,,537,,false,batch_001,encounters_epic_north.csv,768
9341a2ceaaca52f807b879f5d1e789cecc3d672ba4cf85c24309456026178aa2,LINKED,,F,,611,,false,batch_001,encounters_legacy_meditech.csv,333
937a3b98575215e7a9e2919e80c71913dd5cc364afbcfab5249e7deb886be337,LINKED,,M,,531,,false,batch_003,encounters_epic_north.csv,56
9395ad15788b8f6622797dd73869fe2ed6de5edfe09ff80b1cdddd3524be9f61,LINKED,,M,,520,,false,batch_002,encounters_athena_clinics.csv,53
94284ba0820917646b13b3c08f8ae29cf2a515bd3000a0a5bb2092c7ebdc54e6,LINKED,,F,,531,,false,batch_001,encounters_legacy_meditech.csv,60
94680336df005534b187f27f0bf83e86803f2c452836d204f9494377096455d1,LINKED,,M,,532,,false,batch_001,encounters_epic_north.csv,991
94968b079abd7ed530e653ff63999ba5aa59e50436be73bf8433c8657f88a1f4,LINKED,,F,,532,,false,batch_001,encounters_epic_north.csv,944
94e26e72bafe0550f6b46ee6746237cee38b9abe20b0d52f00c1803a2ba5854f,LINKED,,M,,541,,false,batch_001,encounters_epic_north.csv,497
94ff0285343f317c535add8ff191700e44bb9a82bc3a92e6606426b2527636ec,LINKED,,F,,531,,false,batch_002,encounters_epic_north.csv,66
9549c7736b148a5dbcc904234381799033a72f0c5bc0f74138ec2544969317c3,LINKED,,F,,520,,false,batch_002,encounters_athena_clinics.csv,49
9592ee7a7ab682d853b9f592669376293848ed85b1153fcc84b71656705a131c,LINKED,,M,,531,,false,batch_001,encounters_epic_north.csv,948
965e299a45f96e7e9693e30edeb4482df3ba4de9561e25281682bcf4465bb59d,LINKED,,F,,611,,false,batch_001,encounters_legacy_meditech.csv,66
9693d1986e504e97255f036a9e18319a58ccfb686b6ecfced23c7d779365ef93,LINKED,,M,,531,,false,batch_003,encounters_epic_north.csv,82
97291e3a5432d8014203f60f15421d8636fa8b7893719b5b78763c4bad84066d,LINKED,,F,,520,,false,batch_001,encounters_legacy_meditech.csv,1
974b11ed568cd8259d1404237a67fbe4e56591f2e9023dc9ecc10984ca061a5a,LINKED,,M,,541,,false,batch_001,encounters_epic_north.csv,66
975f531adf619a3dd1b01c904d7240916b6b8afd8f53589c6d36e7c4d40c2850,LINKED,,F,,531,,false,batch_001,encounters_epic_north.csv,1294
977131ebaff2c77211f8cfee1d52b3972931e2750b6cf206b7eb7467e937e939,LINKED,,F,,520,,false,batch_001,encounters_athena_clinics.csv,725
97902dbd6e4d6d4bb24a308776274ff52e1b15367ab109984de20f68e2b5b12d,LINKED,,M,,543,,false,batch_002,encounters_athena_clinics.csv,66
984ffc626e39aaa484600024dfb8a65c5cbdce9991eeb9c6412d31b0b817f5a5,LINKED,,M,,541,,false,batch_003,encounters_athena_clinics.csv,40
98b551b78ed918cca743895c7b9dde37a83eb69a5162727b07afb34bf483da18,LINKED,,M,,543,,false,batch_001,encounters_athena_clinics.csv,919
98c20960e19b1f2d679f4c2ab7a57a2aa400c68720770011e0e4f66cfa39acb3,LINKED,,F,,524,,false,batch_001,encounters_legacy_meditech.csv,340
99763ba3c2eb89ee777f898662e4bbdfec6658245498f016576a521cfcb92375,LINKED,,F,,524,,false,batch_002,encounters_athena_clinics.csv,33
99d7f43b02b9fd4fc003b4364f48754b94e7ad4f4dd2c247b05ef01618c28a04,LINKED,,M,,532,,false,batch_001,encounters_athena_clinics.csv,62
99d88222026fa40f6a73016db191b42cff2574650ea5533d1d61f2158124ef3f,LINKED,,M,,531,,false,batch_001,encounters_athena_clinics.csv,369
9a0046f39751996b9d3be975139643aecc160b4d263f126963f9943a6f9e7890,LINKED,,M,,524,,false,batch_002,encounters_legacy_meditech.csv,100
9a1663305d5d19f03d1b0443d13c4d56bd0a8d2a8860560f477c37775b5da5f0,LINKED,,F,,532,,false,batch_001,encounters_epic_north.csv,57
9a1732afd60c2b981add11c0b34fa08c2abbe1b86b49f060141b8b6a37a3651e,LINKED,,M,,537,,false,batch_003,encounters_athena_clinics.csv,33
9a5f574473a67eca784ba91e0e6d6ae207ea3cfc361f20d15f243b8161ea03d2,LINKED,,M,,531,,false,batch_001,encounters_athena_clinics.csv,544
9a88745c488a77b562312c8ba689d73d3e640dc404b102a644a691cb9655e2d6,LINKED,,F,,531,,false,batch_001,encounters_epic_north.csv,1013
9a95c3a7b00c99a30f27de0ba4661ec91030e1b6a442b3cdf09a385419c1ce9c,LINKED,,M,,524,,false,batch_001,encounters_athena_clinics.csv,237
9b3d1db9eb1e7d2042c4a1c71bce3c673913877d1a20fc73d4e8a08d7cdc9a28,LINKED,,F,,611,,false,batch_003,encounters_legacy_meditech.csv,18
9b498ffd439bfeb4e25697ff10082d0d8e93c8cc1ba58665f92f365ab8e14d6b,LINKED,,M,,541,,false,batch_002,encounters_athena_clinics.csv,31
9b589a9b180bfb4257abd0ed75a86d50f7f4aee07498ec967460fbde7ec72d33,LINKED,,M,,543,,false,batch_003,encounters_epic_north.csv,60
9b811e1b3cc32a15c7f094829a0aece23a598dd9d655f71ddbce07662fbd3b89,LINKED,,M,,543,,false,batch_001,encounters_athena_clinics.csv,1007
9b98f5f3bd8668e8c89b69b31503692767953e891f9b77f19684110f073af89a,LINKED,,F,,532,,false,batch_003,encounters_epic_north.csv,76
9ba752c75a7e62d0c76815ef76334da94d9687659bf7c145d9397c6bf1caf1f2,LINKED,,M,,537,,false,batch_001,encounters_epic_north.csv,818
9bc283ee96c8c76eec86faaefca60b90f4fcfa21785fe76bc25ef5c9d9b3c23d,LINKED,,M,,541,,false,batch_001,encounters_epic_north.csv,1407
9c652655f89d53bf11230dbe906c66456095008dad81ccacb6db2193c079be4c,LINKED,,M,,537,,false,batch_003,encounters_athena_clinics.csv,74
9c664b5bcef9ad2b8196429d540fc4e28acd5d466ded1c37b51d1e1f3983336f,LINKED,,F,,537,,false,batch_001,encounters_epic_north.csv,1073
9ce5d1040cf62ea25d8c29785a63d65d3f9493b02e44aca65e930e304f635df1,LINKED,,M,,531,,false,batch_001,encounters_epic_north.csv,863
9d143cccc1cc4f1c3d70b00f865a68fbfe5981f01df16fc529091d08f4f5e3c9,LINKED,,M,,531,,false,batch_001,encounters_epic_north.csv,667
9d3919502b2f5cc86510411fe63bab71eb47c6cfd5cf64e429c7b051cb1cf646,LINKED,,F,,532,,false,batch_002,encounters_athena_clinics.csv,24
9d8fb802a09dbe3c7637474b1d8bea017f6c25558da649e6cd5646d7b2f9851d,LINKED,,M,,541,,false,batch_001,encounters_epic_north.csv,1314
9e16988a1d984cc9696be9ccc8a2caf09dda86c00274f283f8df91f429d4d2bd,LINKED,,F,,537,,false,batch_001,encounters_athena_clinics.csv,333
9e57d7d57941acc13f77eee84fc82fa53bdf44f769f97ae937d13ef68eb55edd,LINKED,,M,,532,,false,batch_001,encounters_epic_north.csv,32
9e60969ca059707139c86fc2416c5cdd22a3eed6e9ff6ebba3774622cf6f9877,LINKED,,M,,537,,false,batch_001,encounters_epic_north.csv,926
9ec5a2ce7d0165d043f75382d341b66a5a9d4455cd701be572afbf70db753cd5,LINKED,,M,,532,,false,batch_002,encounters_epic_north.csv,121
9edef373beba02061d9a12f948d68c3e6b97a594373ac1f39eab29f6f663f591,LINKED,,F,,541,,false,batch_001,encounters_athena_clinics.csv,979
9fa4eb6718254bb47ab6120be00b66c75f1c179768951afa0d08c971feee88c5,LINKED,,F,,537,,false,batch_002,encounters_epic_north.csv,11
9fcffe0f36dab02e1d17403e88bc344a22729e016ad96f6da31ce87025450f4a,LINKED,,M,,537,,false,batch_001,encounters_athena_clinics.csv,750
a0256808192c25de35cc8267db501fefb8314c3edb35be3598cefa0ffd7c82b5,LINKED,,M,,537,,false,batch_001,encounters_epic_north.csv,1079
a076f450c42b8391e489709701291e06fe83e449579df7407573570ee4541d04,LINKED,,F,,524,,false,batch_001,encounters_legacy_meditech.csv,160
a0b9918a3b90db6c7c7bd22075cb66669c3df8a2c0d60f48b549fedf053b2750,LINKED,,M,,520,,false,batch_002,encounters_legacy_meditech.csv,66
a112803519cb3555ea2722e8ed9ff16730f27a7f0ae0e012ca22f9f134e0d78b,LINKED,,F,,611,,false,batch_001,encounters_legacy_meditech.csv,51
a11c2d07db81b21b40be043b4d689640ed99ba6c6af0abe83fba200b380abef3,LINKED,,F,,520,,false,batch_003,encounters_athena_clinics.csv,65
a18a4680404dbede215c6b7e5b98be7553a99f8a64adc73c619a80c00f2470f5,LINKED,,F,,531,,false,batch_001,encounters_epic_north.csv,1325
a18f349cb2a32e8dfefb69ec4d99a315f05f19d2844b494c83e8da27188c3178,LINKED,,F,,541,,false,batch_001,encounters_epic_north.csv,1173
a1e1dd9a52d763f3cf740d345b0b6972dd3a296d350199a80274a158a0bc3d47,LINKED,,M,,541,,false,batch_003,encounters_epic_north.csv,66
a2066fdbe0913f6a09fbfdc4c7b687bab993b21bd1d3b108f577f33d8f3dfb1c,LINKED,,M,,543,,false,batch_001,encounters_athena_clinics.csv,568
a229e56574aee3e0f23af28ef55056a042c589a470bfe0fdc295bc0e45eb428a,LINKED,,M,,532,,false,batch_001,encounters_athena_clinics.csv,141
a2c419f7c446bf3c2d34ac243a56b406c67b0e9c85090311c06b314765fa8a7a,LINKED,,F,,610,,false,batch_003,encounters_legacy_meditech.csv,13
a2ed36e0fddd6dede2cc5d168780fda1485b50553b5779cd2bee4617dd6c8588,LINKED,,M,,524,,false,batch_001,encounters_athena_clinics.csv,749
a319036656ca0ccc960347a6bb567254c6143e40870a9490d63085f682661eca,LINKED,,M,,524,,false,batch_002,encounters_athena_clinics.csv,134
a34128f3c476600aab2a1b6680d2285b9cadc4d9bd145ee8d92f18df0da4e046,LINKED,,M,,532,,false,batch_002,encounters_epic_north.csv,124
a38a13598c19806a3714d4235a4d6c7a6c048452b1b22a3dae8fc46f2e07a46d,LINKED,,M,,524,,false,batch_001,encounters_athena_clinics.csv,86
a3dd71bcc327b10fe1b25839ee2adcb81ce2069953a2d096ed6a3e205c15fb49,LINKED,,F,,537,,false,batch_002,encounters_epic_north.csv,94
a55399b48544ca7efec47d85a6cd1b6f6956019b6e292a6e34bfcab20e07551d,LINKED,,F,,531,,false,batch_003,encounters_epic_north.csv,73
a55a1aa204b425edb32d43c13944088b229e6ff1995f90d42c061c0a602312ae,LINKED,,F,,537,,false,batch_001,encounters_epic_north.csv,1125
a5d76967db5151037b947daa0a1c9e9abaff6e8daaa6daa0983a916c1f393c60,LINKED,,M,,537,,false,batch_001,encounters_epic_north.csv,218
a63e9c1c10fa4ab30db12902a85fb546a488bb9eec41da5abb28891345c0058c,LINKED,,F,,532,,false,batch_002,encounters_epic_north.csv,82
a655c8fdc272fe31bc3bdfcd05e72c04b992c84b22c0867d3e5fd0648614a0bf,LINKED,,F,,520,,false,batch_001,encounters_athena_clinics.csv,762
a7448e87f70b78b5122ebe56679843f586b45b53375764504d8d5005134e6da2,LINKED,,F,,543,,false,batch_001,encounters_epic_north.csv,352
a796ce18eca256cd8b36df934dfaf15cfa4766bec0bb3ede24b7383903147ea6,LINKED,,F,,532,,false,batch_001,encounters_athena_clinics.csv,460
a7dab7bb227d326b13d5b50419870826aeab63d6ace803b04d5f612f1dad43e9,LINKED,,F,,524,,false,batch_001,encounters_athena_clinics.csv,1003
a7f223845466607e102e168dc1230181299231ec8de36fd9e64b335616fdfd01,LINKED,,M,,520,,false,batch_001,encounters_legacy_meditech.csv,36
a8395f139212be054f58ffeaed07c1a2e4c969ea37f783f893adb98e093c6af3,LINKED,,M,,524,,false,batch_002,encounters_athena_clinics.csv,111
a8ee66efd66260bbfb8feef8c980c46e39ec6e47f68408f25e353b529b84c9bb,LINKED,,M,,531,,false,batch_001,encounters_athena_clinics.csv,175
a8fd4e19eb0ee07fce107838bc9f07e73b3dd783b12c96e707ac84a4ffacb68a,LINKED,,M,,541,,false,batch_001,encounters_legacy_meditech.csv,223
a8fed55f3327927a721b6e1385a013bd0171e19849fa54fd4a62c2b819326de8,LINKED,,F,,532,,false,batch_001,encounters_epic_north.csv,665
a925d5fb47865187b187646ef092f93f0ccb3dbd87bb7dee8ab3f8d29afd79dd,LINKED,,F,,543,,false,batch_002,encounters_epic_north.csv,21
a93aeef597f1fa17baaf3ccbe7bb61a593ef5693ea11dc1a1b91077e40a84ce3,LINKED,,F,,524,,false,batch_003,encounters_athena_clinics.csv,8
a9af510d83f17d62872c019b3151558a89d979530dc6437396d9d44bc2281a07,LINKED,,F,,531,,false,batch_002,encounters_athena_clinics.csv,143
a9c1bc5fc186f32d0a5b51c1d4140d856159c516745b138192876b055dfff5a0,LINKED,,F,,531,,false,batch_001,encounters_epic_north.csv,1397
a9d201e8c82c33aaa972e9ebe17546e8fdc89f14ebab1a9c6dbc087b18ac7696,LINKED,,F,,537,,false,batch_003,encounters_epic_north.csv,33
a9dd26dd53453f661b3bfb137b25da4102c8ba5f09cab992a6268ef7af3931c8,LINKED,,F,,531,,false,batch_003,encounters_epic_north.csv,23
aa38a1c923eb364a7519c4c6b5cc470f7e07e1ca18a1706ae4184683cf82bf96,LINKED,,M,,520,,false,batch_001,encounters_athena_clinics.csv,709
aa5bcad0bef583fc4b0911751f2841bd3545b5fe648d4ea47d896a86d9953399,LINKED,,M,,532,,false,batch_001,encounters_epic_north.csv,1298
aaac25b97f7d2c80c945d7b70f1d945b4c86f5138c6b5c62b6a3b0d737fc5d0f,LINKED,,M,,541,,false,batch_003,encounters_legacy_meditech.csv,7
ab0e33adacfe8da271a9c3927233ead39a5df710dabf573e1f812d705c0b6e28,LINKED,,M,,537,,false,batch_001,encounters_epic_north.csv,937
ab327b3c8f20f155823b6d5eb478a4ab0166a97f55a27b6c6eb64a373e13e150,LINKED,,M,,520,,false,batch_002,encounters_legacy_meditech.csv,193
ab3d96512590ffef63ae24ede5a69208f055357125ab274e6b3b1b12e85ebc7b,LINKED,,M,,543,,false,batch_001,encounters_epic_north.csv,194
aba729e1e0024e42970e2555b4485ce0d0ad8211d98c089e35c3ff7ab035b3d4,LINKED,,M,,543,,false,batch_001,encounters_epic_north.csv,603
ac528e4d4797af86e133c763f389cfa8977cce5ab493338c04c0814e2820fb30,LINKED,,F,,541,,false,batch_001,encounters_athena_clinics.csv,466
ac5ee46ea0f4df37b2a1e078064e310be8162d8479e910816797e99b2d446f50,LINKED,,F,,531,,false,batch_003,encounters_athena_clinics.csv,7
ac7d6323d1ba190920973e65d3d1a01170893e17bf5ad3bb58cd0899adfe8a5e,LINKED,,F,,611,,false,batch_001,encounters_athena_clinics.csv,260
ac952d448bf2175a6ad45e2dee82d1cbb089430cce0b733e98651c08d296461b,LINKED,,M,,524,,false,batch_003,encounters_legacy_meditech.csv,24
acb8114961bd9a072dbe86ee231974b5ff47bc396d8be980f8b04e7be16756c8,LINKED,,F,,610,,false,batch_001,encounters_legacy_meditech.csv,62
ad28ed378e05a5a26c123f97e79b3b2744a46ddafc8a0f54aae8366e57ef0bb1,LINKED,,M,,537,,false,batch_001,encounters_epic_north.csv,900
ad762673861a47183a41924844c5fdd767c88009d9d507c16e2a465b5122a526,LINKED,,F,,541,,false,batch_001,encounters_epic_north.csv,1384
adbdd251d0276ec26d4251c45251919363b448bc9a5abd6d524d86a3fad91081,LINKED,,F,,537,,false,batch_001,encounters_epic_north.csv,1119
ae7e75d3a7f6adec7854feb27de9a29ce3f6ad8417a20bd7b7ca5fa5fb064dd2,LINKED,,M,,537,,false,batch_001,encounters_epic_north.csv,1004
aebb7fe9617212f8170756848ce24da8e4e83c57e28519c251d402b8e63d1f04,LINKED,,M,,524,,false,batch_001,encounters_legacy_meditech.csv,8
aefd18d7ef9e040ad89d734dd1f9226bef389719496b5277f9626930f7febaad,LINKED,,M,,532,,false,batch_002,encounters_athena_clinics.csv,116
af209cde404f61480ed25d9a4857d7afd44a32d677e8f8cfa1e09d43592fd2fa,LINKED,,M,,537,,false,batch_001,encounters_athena_clinics.csv,252
afa9eb6675839d1a26ee2d31d1b5b555899cd8b96150c9d6990017667814747a,LINKED,,M,,531,,false,batch_002,encounters_epic_north.csv,41
afe4e90c76d6a3c3dfb0b6d6666b841d0d88fc54dfa3851b7f65e183bdedd46c,LINKED,,F,,520,,false,batch_002,encounters_athena_clinics.csv,19
b00fc8986bef2a410fedb9d8ed147f25cfb04f592bd443c1eb27fedceed1d35d,LINKED,,M,,531,,false,batch_001,encounters_athena_clinics.csv,311
b067572502003964263cc878cd23ac1cbfa379c7ac3593a2ee417827ad5c327b,LINKED,,F,,520,,false,batch_001,encounters_epic_north.csv,1319
b0b6b45fe052e8515aca8551ef58a50fec1b6e2d2416305949cffe7dacc20c0c,LINKED,,M,,531,,false,batch_002,encounters_legacy_meditech.csv,218
b0d2cb0efbc3fd700ade65a07807cfc83f45061f9d59075d4fbaebdefa424899,LINKED,,F,,541,,false,batch_003,encounters_epic_north.csv,50
b1420f5851caa1585e8fa51924fc712673c179d547d283876cf33417f3307dfe,LINKED,,F,,541,,false,batch_001,encounters_epic_north.csv,1163
b17c81858447170620f306540864aa820abde444c50e39b951bc8d386d795ce0,LINKED,,M,,532,,false,batch_002,encounters_epic_north.csv,173
b1d3b6823abd231621e8328d94075fce8532ec7c2193ea6bce7e29ed45a50ef5,LINKED,,M,,543,,false,batch_001,encounters_athena_clinics.csv,157
b1ed8805adefa0c03ca81112ffcef9cb6e3844e8c0e492a7f0ebf8521ff7a414,LINKED,,F,,611,,false,batch_001,encounters_legacy_meditech.csv,238
b22ce737b029857154c14d573e441907e18b56bdf49d14e684e4330c63359e6a,LINKED,,F,,537,,false,batch_003,encounters_epic_north.csv,68
b25e123a9833ada527568c914dc9f7cdf8348a8170d518508da138274c176404,LINKED,,M,,537,,false,batch_001,encounters_epic_north.csv,1127
b278465f5956d118397f32bee7ec253a3affb6c0193d08512e2120e1dd25a5d9,LINKED,,F,,532,,false,batch_001,encounters_athena_clinics.csv,649
b2f3ae098859f7334a79af2653176e459148ea68ac19af9c6debf0fc4636147f,LINKED,,M,,532,,false,batch_001,encounters_athena_clinics.csv,665
b2fd10bb11a248fa51d142c0894c2303c190965468acdd1a79caf4e98ed02ce1,LINKED,,F,,524,,false,batch_002,encounters_legacy_meditech.csv,245
b3009dca730eb011c8859201f7f4570367d6bbaeea2b9ff25157afd99d31a17a,LINKED,,F,,524,,false,batch_001,encounters_athena_clinics.csv,624
b41393795511818cebc5d881a5d130c41d04a3817acd298a5f00c13cab3a974f,LINKED,,M,,531,,false,batch_002,encounters_epic_north.csv,49
b417eb821ca27d02625520d1fb62e39224838d52035f20a42ba379f0e408ff7f,LINKED,,F,,531,,false,batch_003,encounters_athena_clinics.csv,59
b41d3acfd994ec7b9ff92afdd04265d5df88f810574c2abd642e814630b3f19e,LINKED,,F,,543,,false,batch_001,encounters_epic_north.csv,704
b42bdef234e6571531583e77d3edbb3c23e987069ebfc633a39978146328fec4,LINKED,,M,,531,,false,batch_001,encounters_epic_north.csv,1195
b456dd1a776f9050d09c7cb845b2b34263f9bfd6e0bee2643d852b24424d3a09,LINKED,,M,,541,,false,batch_002,encounters_athena_clinics.csv,82
b45b03f3a074b3dd6cf8f94c1040bdeceee130b0499eb7fd62a08fbef749c191,LINKED,,F,,532,,false,batch_001,encounters_epic_north.csv,985
b496a8c65e7f18580ed2ea44b296f33d50e6e317be04f8fbdd04ba0455c92e8c,LINKED,,M,,531,,false,batch_001,encounters_athena_clinics.csv,1073
b4ec76e1d99119759313e88f3bbf05685e4426ed8f28955ce24e125b094a73b3,LINKED,,M,,541,,true,batch_001,encounters_epic_north.csv,754
b50ca191409a9406e6fbab759b7782508d3c20185dadcbc110d977b6be689fd5,LINKED,,M,,543,,false,batch_001,encounters_athena_clinics.csv,645
b524ef8794b4f0bf7dd6d9d3102e3655915793d28baac6d9b7dd124f0bf881e8,LINKED,,F,,532,,false,batch_001,encounters_epic_north.csv,386
b559d791acef85ba45e3f233a1f36b3dbcdf9cf0f23267eae198b185f70eab24,LINKED,,F,,610,,false,batch_001,encounters_legacy_meditech.csv,40
b56c8d909bedbd222a0e17bd49319815e292608b8a624dca8c41e712b9f13031,LINKED,,M,,524,,false,batch_003,encounters_athena_clinics.csv,64
b5ec2ada86674cfd8f6505f3516d491d7ead091de49f9f887e6ecd13331f354c,LINKED,,F,,543,,false,batch_002,encounters_epic_north.csv,54
b5fb37fdc0e2e784d57d75eb50cca2a022732e295eb26b2e0be9cb3aef60d3b1,LINKED,,F,,543,,false,batch_003,encounters_epic_north.csv,43
b5fc69de531ff8ba4ce5eb823d83bc9931bfd3294d7c8716ecca7b2d2578dcbb,LINKED,,M,,520,,false,batch_001,encounters_athena_clinics.csv,306
b6800daf931d842716a44f7ceb8353f45007fe468eeb9b3728d3c7a928c2062d,LINKED,,F,,532,,false,batch_003,encounters_epic_north.csv,38
b6d09926d148bff949cfe46266eea8c41434111fed9e18594110f6889361a7ed,LINKED,,F,,610,,false,batch_003,encounters_legacy_meditech.csv,3
b7ae86928e011ee56c0a4cecbd737a7360648376ed3c254ed59ab77227fb6127,LINKED,,F,,543,,false,batch_001,encounters_epic_north.csv,722
b7ce90c36ca7af915df9ebef36cf2aec84dbec4dee743bf492541793fd205310,LINKED,,M,,537,,false,batch_001,encounters_epic_north.csv,1027
b7fe8f26e79879921cde1e113f7413f45f9b50a5bfd4928d485d72e7870f340f,UNLINKED,PATIENT_UNLINKED_NO_DOB,F,,541,,false,batch_001,encounters_athena_clinics.csv,1080
b821af7372f351212514d6476da9e64e4b1cca070593d60f1fd3d1e55062cd68,LINKED,,F,,532,,false,batch_001,encounters_athena_clinics.csv,534
b8ceb2af98ef027130eb67ac68fe48b48aa9267b4be92cd39ba67ac5736c002e,LINKED,,F,,520,,false,batch_002,encounters_legacy_meditech.csv,71
b8ec2662d46975c97d2b25f93e226ab772f84abe7abb14ffdaf8c7b8bb3a416a,LINKED,,M,,537,,false,batch_001,encounters_epic_north.csv,630
b964860af8b7bd10b6127f012c4ec5dc2285a0d4d2c4a3adbeaef172fb3c4d09,LINKED,,M,,532,,false,batch_001,encounters_athena_clinics.csv,548
b9beb6bc261af85d14f7578004bd3f6be6e408f93c7a93954eda0d067a5dfd67,LINKED,,M,,520,,false,batch_001,encounters_athena_clinics.csv,804
b9c818ea8e27ad546e8111acfc5d6e5432aff122faa9f5c9f60d975d7c3addeb,LINKED,,M,,537,,false,batch_001,encounters_athena_clinics.csv,653
b9ce4a7ec13ff1f4bd3886f55445e3a68935c31df617f99df1a93c83198e9350,LINKED,,F,,524,,false,batch_002,encounters_legacy_meditech.csv,123
ba010830c295621b27120018976afc4b2179e7e99cc67ff98f6a5f46546a8846,LINKED,,F,,537,,false,batch_001,encounters_epic_north.csv,1108
ba4ffe8c621f5215c7b8e544df0d1740deccc6054e362a6daeb1acb3d9fc905f,LINKED,,M,,537,,false,batch_001,encounters_athena_clinics.csv,402
ba797391ce666242564d74c3a6892aebf0277b4679494e458e77c8f904cf531b,LINKED,,M,,532,,false,batch_002,encounters_athena_clinics.csv,100
baf35add2c86a20030e4f9e4649d985c73985c574d5a5b775c766d2092a34c54,LINKED,,F,,524,,false,batch_001,encounters_athena_clinics.csv,706
bb71add7ca0e7df7feec6c7b608cac38643d91d94848b5d4ca78057ecc74490b,LINKED,,F,,524,,false,batch_003,encounters_athena_clinics.csv,71
bb8b03172cf4a57e3c050513ab6a0b435adfb02d175a6bc4377f9f108e76d78f,LINKED,,F,,537,,false,batch_001,encounters_athena_clinics.csv,849
bbf42954ffc4b4300297db301a2326e41ffdfb7f617352aac7e0232180f466f4,LINKED,,F,,543,,false,batch_001,encounters_epic_north.csv,1205
bc18662028955124c31b196b2c9a2fdb4295f8d459e010a8735ef3ddea4012ab,LINKED,,F,,541,,false,batch_002,encounters_legacy_meditech.csv,90
bc4a1d4887a939eb53473475c221d8b202f432259cd8fb8e0448b3c9e7d202f3,LINKED,,F,,543,,false,batch_002,encounters_epic_north.csv,86
bc53f8ad53d017150478fe8e6def53bfeaf58e1a4313eb4d019892aaa7cba4f9,LINKED,,F,,610,,false,batch_002,encounters_legacy_meditech.csv,206
bcd75a502f539f9ffe590c905464fd8960eb9efc87332855848f64409ee434b1,LINKED,,F,,611,,false,batch_003,encounters_athena_clinics.csv,68
bd67e3946b7b85469caec716925d41f4a5ce9df7d03a47292ecdd104f34694c2,LINKED,,F,,524,,false,batch_001,encounters_legacy_meditech.csv,224
bd8306d5ec8cc88318a48f19552cf39c51c3e2bfc9a09de7c24aecbaa70cf15a,LINKED,,F,,531,,false,batch_002,encounters_athena_clinics.csv,22
bdeccfbc6a6bbabed9c26dd2c21d5e8beb8281b0b16296cbd72e14b819df9f2c,LINKED,,F,,543,,false,batch_001,encounters_epic_north.csv,1238
bdfbcfdd81de4959d42661f0a2e782e2bb390cc070192cfdf864e76e557c1c1b,LINKED,,M,,531,,false,batch_002,encounters_epic_north.csv,60
be3b5286b7c1f158295b0171889197b581686cce8129d0f28f9d379f1c3b4671,LINKED,,M,,524,,false,batch_003,encounters_athena_clinics.csv,22
be414ffe3c2f819a76e5e562582deea35a29d50a85d367e44ca53ce843a20686,LINKED,,F,,532,,false,batch_001,encounters_epic_north.csv,742
be4655bf6e60bf7b2c5226540822aa2c26cde40425ba620947c843e557eff16b,LINKED,,F,,531,,false,batch_002,encounters_athena_clinics.csv,118
be5a267e2634745e6453ba04fa15bdf47cb3ddee720581bf9b56c063eb4b1527,LINKED,,F,,541,,false,batch_003,encounters_epic_north.csv,21
be8a5d36f607e5d49752d35f77b578c35a0ba6a075bc9db99e6dfa7ba6d698a4,LINKED,,F,,520,,false,batch_003,encounters_epic_north.csv,22
bf27543cf6b0d7ac4a9b51761299d882a440747fede92100b5c1f8b163b69c2d,LINKED,,M,,537,,false,batch_001,encounters_epic_north.csv,351
bf3bb69ca37d4879474f1cff09f14e776cfbb759732855e7e718b954a2fa0306,LINKED,,F,,531,,false,batch_001,encounters_epic_north.csv,1180
bf78298b0e07c9e029a725a277fd2ca635e7f785e3273ef341e51fa562ac310c,LINKED,,F,,520,,false,batch_001,encounters_athena_clinics.csv,760
bfd1fa374b8aff71041201fd7937a30a58259a25500af659474a80a0e3819bc5,LINKED,,M,,537,,false,batch_002,encounters_epic_north.csv,105
bfdfda9f198d0f86282d4e94e381d9bb3426ca9b50b062fa61ded8a4db7064a1,LINKED,,F,,520,,false,batch_003,encounters_athena_clinics.csv,6
c071e58413bc858e9670fbd4e7e28c982e49ed65020124e0b2926d7c64c499d4,LINKED,,F,,541,,false,batch_001,encounters_epic_north.csv,706
c12449d4a4d06d9ea10bd0d5ca3069668f1ee8e5b65e08fc71df2d7e04a48679,LINKED,,F,,524,,false,batch_001,encounters_legacy_meditech.csv,6
c14b0ab46bd84e2e73235c2a02aa42f238ee49711f252edc1edb4b6f57196b45,LINKED,,M,,543,,false,batch_001,encounters_athena_clinics.csv,518
c1e11f355feac2a276d0fc3f6a768b8e95c87f108beb2750b25fcae2d1f14bec,LINKED,,F,,532,,false,batch_001,encounters_athena_clinics.csv,317
c1e9fce2edadfff2fe7ea5c64362edc20b4058aba13c82556726adf9fc127b7b,LINKED,,F,,610,,false,batch_001,encounters_legacy_meditech.csv,240
c231867be1eb141b7b2bfd0270c16a38dff697f179e2ea67c9e8e3f5e9f568c6,LINKED,,F,,524,,false,batch_001,encounters_legacy_meditech.csv,212
c26dee8bc813ec8e3ccd63fd35e242705ff87d56d5dfccc9d23a94af666293c0,LINKED,,F,,532,,false,batch_001,encounters_epic_north.csv,1157
c2e230a89cf12f477377ffcb711a7880665743d9f0471b1f48134c73d7d59ae6,LINKED,,F,,532,,false,batch_001,encounters_epic_north.csv,807
c34f784830e4261a3fb071dc6144cab19ce87b221eb2a10189f482ab557a0d9d,LINKED,,F,,520,,false,batch_002,encounters_legacy_meditech.csv,224
c3a67dd1d82c98fed88b7625cd3681c7066325b9d428b382026e5a6ae5c80585,LINKED,,M,,524,,false,batch_001,encounters_legacy_meditech.csv,134
c43d5c79bb78d82de892adeac9b8d0a06b1b76236ea2ce2f7451fa4eb96e6ae0,LINKED,,F,,541,,false,batch_001,encounters_epic_north.csv,1256
c47dbf897847f449b06939e2af5a5eae58b4e50620404602d9a7b20f0e9bbaaf,LINKED,,F,,532,,false,batch_002,encounters_epic_north.csv,5
c4a84863d0e9628342a33c382001221eef9c1a21eb5e7890dda4fe9697e1b810,LINKED,,M,,524,,false,batch_001,encounters_athena_clinics.csv,480
c4b661b705d951ddf65b919eb43636a693b895cc813567d3efc53f339f8c67c7,LINKED,,M,,543,,false,batch_002,encounters_epic_north.csv,109
c4cbd69f739eed19b24c126c8cb752a8576bac3c3edd32a223d5b1815bdc05d5,LINKED,,F,,543,,false,batch_001,encounters_athena_clinics.csv,851
c516752918383e9d47018fab3c90947be3b896cf2c7f7d7d648c23a7b2878ad6,LINKED,,M,,532,,false,batch_001,encounters_epic_north.csv,670
c52aa25820e65263d50057b0248aa0bf8079a13584bfdc23902f775a2336672a,LINKED,,F,,524,,false,batch_001,encounters_legacy_meditech.csv,55
c53d3b2e0585205d791b31e92ef1c38f4b5cbf9c0d70b7959ff67c9a640d7a8a,LINKED,,M,,520,,false,batch_002,encounters_athena_clinics.csv,117
c55795c58727d94974ec5c7b33fcabc6c78b7c4b9d6c4833272ec6b1007a41bc,LINKED,,M,,524,,false,batch_001,encounters_athena_clinics.csv,968
c55f2053b79f1480de137ff8448f72a6fc6ffbb59ebf75af76a9340107ce1d8d,LINKED,,F,,541,,false,batch_001,encounters_epic_north.csv,1323
c5f1c8e03de93de3ee7c065dc1fff92348f2430a8ffd7ed0dbbbd2742d73ffd2,LINKED,,F,,541,,false,batch_001,encounters_athena_clinics.csv,331
c6ba0f7666c6fb5d276ed29fe9b2d790c0ca8264e4b32cb9a09ddcec0e62095a,LINKED,,M,,524,,false,batch_003,encounters_athena_clinics.csv,54
c6cda1df38827a4d7a71172e935e5af853a8914605dc8e25e3944b2c5cb40039,LINKED,,F,,531,,false,batch_002,encounters_athena_clinics.csv,122
c75c33a8304a013456e510314eff11134358992cd2111eac79e0b5c10d151885,LINKED,,M,,524,,false,batch_003,encounters_epic_north.csv,74
c7ab164f3578bf6b729a101b9a5895a603f2f13e2176815b4630060b568f4927,LINKED,,M,,524,,false,batch_002,encounters_athena_clinics.csv,133
c7d695d7c44f0d6ab6d97cc34754fcff267ae4b697d26b27dabf7a17030c736f,LINKED,,F,,520,,false,batch_003,encounters_legacy_meditech.csv,21
c81d25f472a3ac0c8aae4ece60d793b2669c00a88a8ebe4626e03011b11bbbf3,LINKED,,M,,524,,false,batch_002,encounters_athena_clinics.csv,136
c833fb7ef8f37850196c1b8ccf159998ceedd7b5a94494ffff86d8e0c1616b60,LINKED,,M,,611,,false,batch_002,encounters_legacy_meditech.csv,41
c87c9dbed473892fe54f0a41a275244afc42bd10d3dec0cac58c754e5c3bcd42,LINKED,,F,,611,,false,batch_001,encounters_legacy_meditech.csv,25
c8f621d06e50f99f36d6be6472f7c7011c2329721307df5f05189d84e03850f4,LINKED,,F,,610,,false,batch_001,encounters_legacy_meditech.csv,294
c8fb18a17837832c1dbf12c1d419c6a7dde73345ccc348b5a523f5a8aa1bf5b6,LINKED,,M,,610,,false,batch_001,encounters_legacy_meditech.csv,162
c8fec0e4ec12d698859cd440439bd05e2b5af312408c8b55b8668a3c36b9ce6e,LINKED,,F,,520,,false,batch_002,encounters_legacy_meditech.csv,20
c96db337938787615f2f5858d38d2d89f1bebfe9286aca6dff9c96f6ec7e29c9,LINKED,,F,,524,,false,batch_001,encounters_athena_clinics.csv,202
c9772e2ee80ff59713115b86a27fb0196b0e407e9d190c4db2d4c46b809fa367,LINKED,,F,,531,,false,batch_001,encounters_epic_north.csv,851
c9b008e81e0a55242d5ed712bd591b3824c2c5fd2c71821ecae6882aae1c57bc,LINKED,,F,,537,,false,batch_001,encounters_epic_north.csv,1093
c9b22aef6a859f88ae3452862a5a9411c94107552a4bcd6258269aa48c59c40a,LINKED,,F,,537,,false,batch_003,encounters_epic_north.csv,26
c9cf057abc289ae1b426d918c6fb8d13b2aa03774c678be797d7348a69ad180f,LINKED,,F,,543,,false,batch_002,encounters_epic_north.csv,171
cb746b04f2f4c31d37d6d76f6e9436c06e42a610b4f7f9d3966ca2a3dea0cb0f,LINKED,,F,,531,,false,batch_001,encounters_epic_north.csv,1235
cb851dccdb8ad34207859422f309223cc2acde1cd4066ade00f1d40e39fab77f,UNLINKED,PATIENT_UNLINKED_NO_DOB,F,,537,,false,batch_001,encounters_epic_north.csv,830
cbcd639e4401894b795542f8a8fb3fd7a44911bfdf2f737affd249c5bdc03f2a,LINKED,,M,,610,,false,batch_001,encounters_legacy_meditech.csv,232
cc430c5cd31eb4c072de98fa37973ae121583db22b75cbde8ce06fe97ad14e20,LINKED,,M,,543,,false,batch_001,encounters_athena_clinics.csv,970
cc4fc1e66f04830986463f19a22e6f358f2fad373d2f7aa94707ec5ac83d1366,LINKED,,F,,537,,false,batch_001,encounters_epic_north.csv,709
cc95360b10ebfca8d1f205d64eb5716ab40e21e9193c0059170cda59558cbbcf,LINKED,,F,,541,,false,batch_002,encounters_epic_north.csv,76
cd259b2fc7c311d006938137139bb590d943ba9af6aab56f48118d78922d85eb,LINKED,,F,,531,,false,batch_001,encounters_epic_north.csv,150
cd39db3ac2ad4f1aa4a619210c5904576448f07df6ee2eddf9f5987784515cf6,LINKED,,M,,537,,false,batch_001,encounters_athena_clinics.csv,263
cd5f3dea1f578df2af474bca5a7034b7de9956c68512f7effb90bbee6a4d1a70,LINKED,,M,,524,,false,batch_003,encounters_legacy_meditech.csv,10
cddd00b29ab16cd4474996d3a0a72e5a35b6b03598a0c596335f86ba487c3884,LINKED,,M,,531,,false,batch_002,encounters_epic_north.csv,165
ce569b5860104cd71f133b23ebce62af52c1820d942b7b81660ac4089b32c925,LINKED,,M,,532,,false,batch_002,encounters_epic_north.csv,106
ce9e1bdb93041ded2df31dc87450e4a6719f2f5da59a5b3ad35ab72574b66ae9,LINKED,,M,,610,,false,batch_001,encounters_legacy_meditech.csv,45
cee805d68c23ffbf4c0715bb3d0d9c294a96ae448982334bdb08ecc1e90eecf6,LINKED,,M,,537,,false,batch_001,encounters_athena_clinics.csv,758
cf5fc472278d8a653ea6f92151a6fd9d57ae01a47e2df8991239498a6da82e2b,LINKED,,F,,543,,false,batch_001,encounters_epic_north.csv,9
d034a0bac13c0532ef3d034f58ad04a03727675fa36ffbb079bcefda7a1f0436,LINKED,,M,,537,,false,batch_002,encounters_epic_north.csv,92
d08961e848045c46e7f7d06762dcff6d73baf7a61c09deeb6afdd5a35fcd152d,LINKED,,M,,532,,false,batch_002,encounters_epic_north.csv,3
d0de2df9e4e3af3c7f0ad722d771aca98dd0d730c40eb7e88b7d91bd8ced97df,UNLINKED,PATIENT_UNLINKED_NO_DOB,M,,541,,false,batch_001,encounters_epic_north.csv,133
d0ea8f3ec12466543d442e1db91af3f296900d431abebc0ee5c4a169c3639836,LINKED,,M,,537,,false,batch_001,encounters_epic_north.csv,440
d109b0a9eb38f02197cd98663199c3d3df790a9cd2d32a4dab6a3d3fce976460,LINKED,,M,,541,,false,batch_001,encounters_athena_clinics.csv,116
d17b5fa7773a5243f35cda0ba6311896cd3af8815df6f5c2143af87f897ac4e6,LINKED,,F,,537,,false,batch_001,encounters_athena_clinics.csv,257
d1eaad60c011202954286668d4baef77e878df0471fc36115f2105863360fd01,LINKED,,F,,537,,false,batch_001,encounters_athena_clinics.csv,522
d243ffeccc7554237b8da4eb44df3623d47c70c5895f194411537199e5f3ecd6,LINKED,,M,,532,,false,batch_001,encounters_epic_north.csv,71
d287bc64c2cd5a218e8f9ec1a317fdeaf5ae6943210c3f73063b15a7267ab176,LINKED,,F,,537,,false,batch_001,encounters_epic_north.csv,814
d3d8022e2cdaf38e4bd701b3feb65038c24cba0fd7ec0ce6334f73a0c6c03920,LINKED,,F,,524,,false,batch_003,encounters_athena_clinics.csv,14
d3e4fb51c23f65fd605ab758fac31afa844126131978d9587712e91754139906,LINKED,,F,,537,,false,batch_001,encounters_epic_north.csv,1320
d4217112e493d8859bef8a13de4eb0ed383f18901dfe0a954c5738e4d0e9b442,LINKED,,M,,524,,false,batch_001,encounters_athena_clinics.csv,878
d4297abdec31a01475860dd5fda0380e7b06bc4cd3aca26b0ee371febdfe7913,LINKED,,F,,537,,false,batch_001,encounters_athena_clinics.csv,755
d444e0c0543f6886465a349b8dc0616c3e87d6b48f01fde9cc7d0ad5669c9fd2,LINKED,,F,,610,,false,batch_001,encounters_legacy_meditech.csv,250
d46b8652d2794c645fadde4142b547fc961fd73d32f708f39232e0def4ebd2c3,LINKED,,M,,532,,false,batch_001,encounters_legacy_meditech.csv,50
d4ac4a2201b4cda0bc9ed1e745bbe07bab54fe79bae69a585ef941bf492fe1ba,LINKED,,F,,531,,false,batch_001,encounters_epic_north.csv,1342
d4b625a9732393a95e86664a5a7b2f35dfc66078045a4b731a8647b8ebbdacd4,LINKED,,M,,532,,false,batch_001,encounters_epic_north.csv,632
d4c0ca5900d82eda6eb5aa68e0795f7601560db759745e32d12aafd931423301,LINKED,,F,,524,,false,batch_003,encounters_legacy_meditech.csv,15
d4d3b5d684a38c5bbe7452187abdbf0327df4073063737a159352c4adb14afe1,LINKED,,M,,531,,false,batch_003,encounters_epic_north.csv,34
d50f0d16c7e7b0e00074ccc4ac22bee8ae4fec299425aa8e4404244b0eddf190,LINKED,,M,,611,,false,batch_001,encounters_legacy_meditech.csv,124
d51d7603666275b524b36df6117396fb1b1d9e3782d245878d28337bad21aa51,LINKED,,M,,532,,false,batch_001,encounters_athena_clinics.csv,39
d52b1de7e0792880412524f821a38d0851fdb5b140ac2c9c41a762025a69cd3a,LINKED,,M,,537,,false,batch_003,encounters_epic_north.csv,40
d57325493f8bc235279ad48271bad3e374a5d58d3368e082d5b5a6379a86fa67,LINKED,,M,,531,,false,batch_003,encounters_athena_clinics.csv,72
d58ddd0ea11694ae0263eec69cbf1690b67d5f0ecc10372276f4ab11f155958f,LINKED,,F,,524,,false,batch_002,encounters_legacy_meditech.csv,170
d6368cebfdb34f4c2853ce658efdd6d76e090b0bfe77333de1844c0f18fb0262,LINKED,,F,,520,,false,batch_001,encounters_athena_clinics.csv,940
d691ebea8335d72e130452de245029d83768e5577a03b6a341d536e5d1212054,LINKED,,F,,532,,false,batch_001,encounters_athena_clinics.csv,694
d6d99145ea67a4492aac593b342819caa9985597d50188e1d53d7dc907a97309,LINKED,,M,,543,,false,batch_002,encounters_athena_clinics.csv,32
d71bb365a1a8a4bf6a918153a547ea435b4dd1acdb79906cc69e365b88b45d07,LINKED,,M,,610,,false,batch_001,encounters_legacy_meditech.csv,188
d74bc5f20692778acd6257601c7198bc657cd818d604d30ef399f0fc02ddb78b,LINKED,,M,,524,,false,batch_003,encounters_athena_clinics.csv,53
d769b914a48be6700dd87466837ffb3dc8165fdc4533df41d2693e516938d158,LINKED,,F,,537,,false,batch_002,encounters_epic_north.csv,160
d7747976dbae590d4f8864ec50a1eeaa5433fa9c628e31d3e20139d9ceb27506,LINKED,,F,,531,,false,batch_003,encounters_epic_north.csv,59
d77baec3d3d46603e755faffed1396827490cb6df4c9e15367e065d130a3df34,LINKED,,M,,543,,false,batch_001,encounters_epic_north.csv,346
d78f73074071a54e4153d1b916eeee0174cdb31a0866f96c0e4a1c7f98e263dd,LINKED,,M,,541,,false,batch_001,encounters_epic_north.csv,841
d7d1801caf4ddbe43bfa4f44f7627e3da038a262dd58b5501c9974a3b0cb2c3a,LINKED,,M,,532,,false,batch_003,encounters_epic_north.csv,71
d7f2707c3b9b050989d481cefcbf0ca91eeac0bc60de60a81b768436664ae0dd,LINKED,,F,,610,,false,batch_001,encounters_legacy_meditech.csv,202
d865ed20a0473c445b118192aa1b9911ed28dfb6620e7039eb4002898175833c,LINKED,,M,,537,,false,batch_001,encounters_epic_north.csv,531
d88350bf72116ea9e0281f1c183e9744dcf4f34616672f6c2249da0b1a3a55b6,LINKED,,M,,524,,false,batch_001,encounters_legacy_meditech.csv,189
d8891a58982499f1e92ce525be412f6227c43d3d9eda71d579dc9dac7c84078d,LINKED,,M,,524,,false,batch_001,encounters_athena_clinics.csv,335
d8ac1909f93ac77c6f18e0d172bbe6def2611d1283c791b2656cd6a26096fddf,LINKED,,F,,531,,false,batch_001,encounters_epic_north.csv,659
d8ca5cf6bb657edea65718d42e550c7d4cc70b8566e3172419064a85826ee7db,LINKED,,M,,531,,false,batch_003,encounters_epic_north.csv,35
d8f6db0ceea761a1001f08f1a99277c18e28a62661e2269f9471bafc938e7136,LINKED,,M,,531,,false,batch_002,encounters_athena_clinics.csv,138
d901f84a928eae0a25149361a9f77113389ef2d5c28dc52a8b78ccd69def85d7,LINKED,,M,,524,,false,batch_003,encounters_epic_north.csv,37
d9c8c4023d335ad6bfded1948706404413443833e4820eb253071cf19c30802c,LINKED,,F,,520,,false,batch_003,encounters_athena_clinics.csv,26
da802ea81d2536b3421e85cfbddd0fb45723e4baf24ece39af5b96449d3e6ca2,LINKED,,F,,543,,false,batch_002,encounters_epic_north.csv,12
dad26770882e1efaef4127bdf5e277c3b97662f601165f142bdc7e61154cbede,LINKED,,F,,543,,false,batch_002,encounters_epic_north.csv,27
db3503afeacd33c7003281c14bc647dc972e66dc01d36247bbbbf7e7218c251f,LINKED,,M,,520,,false,batch_001,encounters_epic_north.csv,974
db563b7cd2e906c0abe528f4ddb5af65c1686b9c50e788cc62a7f59f9b1fa671,LINKED,,F,,543,,false,batch_001,encounters_epic_north.csv,29
db5ab582169043f70a0286e4f9282b6c2e24f0baf4cce8f64e3ee33d8e1235d0,LINKED,,F,,541,,false,batch_003,encounters_epic_north.csv,44
db64bd54d41359cf45f6114f22c0ffd2493ff8d11cccb65eb131254042118fd7,LINKED,,M,,541,,false,batch_001,encounters_epic_north.csv,34
db97aa49a709b9252335a66b0fde9c722ee46dd2376d87650e3df4b8c994305f,LINKED,,F,,524,,false,batch_001,encounters_athena_clinics.csv,1034
dbb0495e507cda61581c5ee8c267dcd974674fdabbb4c6a394a4f573c854f4f8,LINKED,,F,,531,,false,batch_001,encounters_epic_north.csv,794
dc120446d5ea3af85755fb3bd260eaeefbca10827d20eecd4ff0c2c3609fff18,LINKED,,M,,520,,false,batch_001,encounters_legacy_meditech.csv,225
dc24a57c51dd8f9c402c597e7f66cd3320d57ffe136144b3dd875596de4ea8c3,LINKED,,F,,524,,false,batch_001,encounters_athena_clinics.csv,245
dc5abe9414c3f76925d8323742bf57522478adbb15f5ed4f00929f37ee6d3928,LINKED,,F,,537,,false,batch_001,encounters_epic_north.csv,504
dc9e6d52c28e6899808850c26c7a5fc15f142755f97fc2798f902cf058d8096e,LINKED,,F,,531,,false,batch_001,encounters_epic_north.csv,785
dcfe2f58622bbbbedf986b67c7dd1c082862dc3a7fe9b190609db17f4ca28c1b,LINKED,,F,,537,,false,batch_002,encounters_athena_clinics.csv,20
dd3ce21816a4a032fa73995979aed68969e2100c8b671fd351e687892cc3cf4a,LINKED,,M,,532,,false,batch_003,encounters_athena_clinics.csv,38
dd682a3c2228d33123bf15472922c9df4a44eb43ecaf75be50e09a6b09115379,LINKED,,F,,541,,false,batch_002,encounters_epic_north.csv,159
dd7797a871ca9f0f062f216660eb36441026ccbbe2256ba62a34881bdedef583,LINKED,,M,,532,,false,batch_002,encounters_athena_clinics.csv,47
dd88479364dd32b54b0222d105ef6e64e3fae43ff39f0bf43320eba3113e772e,LINKED,,M,,537,,false,batch_002,encounters_epic_north.csv,123
ddbae9686c495888259f67dc159a714affc18b6abae91c3438605f993ab595c7,LINKED,,F,,531,,false,batch_001,encounters_legacy_meditech.csv,5
de1e2a1a3f8091f1f455ec1b54d6a9bc16cddf20f0ce3157dffdb217ff11579a,LINKED,,F,,532,,false,batch_001,encounters_epic_north.csv,752
de66b7b204b27f887c44755de5ba734a44e8c923a7d45319e1a222fbf9635269,LINKED,,M,,531,,false,batch_001,encounters_epic_north.csv,583
de9012fcf9e23cffe58ee300cf009889c2a403c4b36fa437351152e51c211e49,LINKED,,M,,531,,false,batch_001,encounters_epic_north.csv,1024
de905c512f1e3dd7ba574197a2532ad5a40c909c4d86171b8ce6190a5feed55f,LINKED,,F,,520,,false,batch_001,encounters_legacy_meditech.csv,180
df7ce2a1a3b7c0986c53b7d8fe084f437ec80496594ea0272b537c36f5e795d8,LINKED,,F,,524,,false,batch_001,encounters_athena_clinics.csv,303
dfab70661578255cb5eaf7c50858275062a24297f99d988c02036532994bca76,LINKED,,F,,537,,false,batch_003,encounters_athena_clinics.csv,49
dfb27b08edc8eb275190740407a295c3786d5cf221504c422e6143683bbc5fd9,LINKED,,F,,531,,false,batch_003,encounters_epic_north.csv,3
dfcc638e5ccfab2b9fa8808f5cced082d9b32404e16f1256aa146764edff3c61,LINKED,,M,,532,,false,batch_001,encounters_athena_clinics.csv,871
e042e2ccb0ad7fca26413d84b1b491952ebf6258c38a264700d06ae646ccc87b,LINKED,,M,,541,,false,batch_001,encounters_athena_clinics.csv,261
e042e54cec215372dae85698ecbdbbd9e1f08af3c66786a13532da53271b472a,LINKED,,F,,537,,false,batch_001,encounters_epic_north.csv,312
e0541b79238c4040a6bae3bd1e7ee789d6e64cfc59a444502fd4492d298ce872,LINKED,,M,,520,,false,batch_001,encounters_legacy_meditech.csv,244
e0780a9821ba382c1001741cbd275f8258291e2f24dbe2cb37deeb8257a5b7fe,LINKED,,F,,532,,false,batch_001,encounters_epic_north.csv,653
e0ac13edc1861d955ee34dd503a5e4855f35bcbb52fa730ff5a6355ff6855eea,LINKED,,F,,531,,false,batch_001,encounters_athena_clinics.csv,931
e0d1a66ce5ff46b9e3c77932de49fb8fa8d7ac6c7ca9fbf801c40f3b13e0082f,LINKED,,M,,531,,false,batch_002,encounters_epic_north.csv,13
e0de0a104b1cf528cf4be9edb4c0b8bf95847c91daa5fa75f41b8ebdfc27208d,LINKED,,F,,541,,false,batch_002,encounters_epic_north.csv,148
e158aea01f8bda4b1ae73fe9deb61a86e8ecca73bf9eef1c069b0efc56b6285a,LINKED,,M,,524,,false,batch_001,encounters_athena_clinics.csv,71
e20e94c379775d102e7a0c5899517413004be9a8137011b0be547e8c9b713da5,LINKED,,F,,537,,false,batch_002,encounters_epic_north.csv,166
e22be6d955e0abaf2c1a3d9663f60ea03bbbf29ae2317458a6a62e085e819941,LINKED,,M,,543,,false,batch_001,encounters_epic_north.csv,935
e230286001362cf71b5f5510499147d6a06ca8d9ac3c598428518d29c5b61296,LINKED,,F,,520,,false,batch_002,encounters_legacy_meditech.csv,163
e244c0ead0af8a7ea186a2e831c3505cf7c95e344c01c0bb0fe302248cb1cdba,LINKED,,F,,520,,false,batch_001,encounters_epic_north.csv,261
e26fd4dad8b1821099ab8bad9fc0188e270031dc4fe5cd440d89395d52379ca9,LINKED,,F,,541,,false,batch_001,encounters_epic_north.csv,545
e2d592d303e2c2cdd282ab4f60da9d3bca1361bd6b154a955013a58b5c0da938,LINKED,,M,,610,,false,batch_001,encounters_legacy_meditech.csv,276
e414593bcbd3251d986027c5d8d6e8de03ba47d22e87ba9140bc3931f3bbddbe,LINKED,,M,,531,,false,batch_001,encounters_epic_north.csv,839
e426fce13a226d88feb7fb758b56554467b34d0c89128950f72a92fe851789f4,LINKED,,F,,611,,false,batch_001,encounters_legacy_meditech.csv,29
e4e1dc1d19dbba1e9be26117c64817a33e4cd29ef7a6cd40622cb5fae0031c21,LINKED,,F,,541,,false,batch_001,encounters_athena_clinics.csv,430
e4e5acf3112b8aee492a71ce95dda71b53d67f9c82e7bdae6c30085b7cb6bfdf,LINKED,,F,,532,,false,batch_001,encounters_athena_clinics.csv,1024
e52b39d4dec5735d23a20fdbb8710f2ab61b17c67fe0e1b669703961fdba74a0,LINKED,,M,,532,,false,batch_001,encounters_epic_north.csv,1257
e52db20e869c2aba3b6b5f4e780bba2bd7624541e0d87ce30256e35ab99602ec,LINKED,,M,,541,,false,batch_001,encounters_epic_north.csv,1155
e621da8242c95c4eafe23be160ad6917889972aabee7a29fbfbe42e22ee1bdea,LINKED,,M,,543,,false,batch_001,encounters_epic_north.csv,1226
e6317f1d0a5da024bdff704f025b74e1e7c8b2bf73ff365389619b92083839e6,LINKED,,M,,537,,false,batch_001,encounters_epic_north.csv,997
e65466716147124a15ceb78304a512eb323b9431cff6145829f9dca44ce17258,LINKED,,M,,541,,false,batch_001,encounters_athena_clinics.csv,498
e654c1ba9a7fd2eb1578e19a5e2af23a797a38b0579c5e15b285c009e2015b05,LINKED,,F,,541,,false,batch_001,encounters_epic_north.csv,1170
e675c29592dc57db66c1b42ffcd5521ade0f0e3a9e0bfb9820d4b85201bf807e,LINKED,,M,,537,,false,batch_003,encounters_athena_clinics.csv,63
e68312caa9a11eb2d55ac957aeecd5e7d7228f9bd10cc4d2738e1f98bd9f60bc,LINKED,,M,,543,,false,batch_001,encounters_epic_north.csv,748
e69df4f6a6cd96d4787f2b2dd1c9dc4785f5bbabf2784512f6c75912b0cffc1f,LINKED,,F,,541,,false,batch_001,encounters_epic_north.csv,860
e75f28601c06b5e8c38c4720ce25908961aecefb4d15be6a49f14385df418856,LINKED,,F,,520,,false,batch_001,encounters_athena_clinics.csv,31
e777566353b8553a1412160d3f275dd8af763e619ee158bd581572dfb3b61201,LINKED,,F,,537,,false,batch_003,encounters_epic_north.csv,32
e78fac0ece883cf6667d22b7b1ed863d827fe000061c3be1ead4db9f0f0ee991,LINKED,,M,,531,,false,batch_002,encounters_athena_clinics.csv,106
e7b022e30ea6f720241dd5d58e5ca9de7f1c9928f77d8360842629c2845dcd5d,LINKED,,M,,532,,false,batch_001,encounters_athena_clinics.csv,226
e89f4653e825dadd34491eb6390e9820a598ec0e2ecd1064d9ed1a02f25405d7,LINKED,,M,,524,,false,batch_001,encounters_athena_clinics.csv,1079
e906da9effc9d39fac4947e88992996aefc508e332c6b7e29f39ed6c951f6f24,LINKED,,M,,532,,false,batch_001,encounters_epic_north.csv,1307
e9c2b9bf3a0e5e36d03db907fd4f63ecdbb3941b3ed1b60584758466b4c2ca9f,LINKED,,M,,524,,false,batch_001,encounters_legacy_meditech.csv,16
eb7243157519414877cfaf7bf879f30c6e8e310f373a4fe5bc9f9540a72c91c1,LINKED,,F,,541,,false,batch_001,encounters_epic_north.csv,911
ebd4d32af40561122385e593369019e73948bdd52a20597a7b40a24601be1d23,LINKED,,F,,537,,false,batch_001,encounters_epic_north.csv,421
ebe3664c7678582fe1b01a194be447176b2e694731525c6c18e22056f0ca266b,LINKED,,F,,537,,false,batch_001,encounters_athena_clinics.csv,1071
ecd8c226fbf01ae9d8bbb17f0da405f65e890aefff29f077ad013a2a8438e0b7,LINKED,,M,,531,,false,batch_001,encounters_epic_north.csv,1061
ed8b94b4923132f6e4b0fa4af6c1e4f8d0e5c677114cbba5ee9845b601e8d6c8,LINKED,,F,,537,,false,batch_002,encounters_epic_north.csv,48
edc1f365e856e6127a1da7661f6496998857b53c96fb96c703c3ca7cb40fa840,LINKED,,M,,541,,false,batch_001,encounters_epic_north.csv,1077
ee19c746d92d0d6d4e33fffc9c6757f61119597274fa9a544763232b391fc206,LINKED,,M,,524,,false,batch_001,encounters_athena_clinics.csv,277
ee228bb47517ad15f72ed2acdcffd1cfd3d2c3de01f2a219613be9f81d038880,LINKED,,M,,537,,false,batch_002,encounters_epic_north.csv,98
ee5ad00ae737e5bdd28446832ea2fdbbebcccb803d091983a249c9ecb5c94293,LINKED,,F,,541,,false,batch_001,encounters_epic_north.csv,1352
ef5cdd6998cd2b085758e2491cecedb71134acf64a398059dbfe9a2d91d9ce9b,LINKED,,F,,524,,false,batch_001,encounters_athena_clinics.csv,904
ef9c941fb386c93d90e7c5afd2a8f7d417aca9cd5b6940a117ea8f0ae9276671,LINKED,,M,,610,,false,batch_002,encounters_legacy_meditech.csv,202
efbe9c52360b2f11500309e01cbd648ed5f5a954d70e7c3506a8047a05431f5d,LINKED,,F,,541,,false,batch_002,encounters_athena_clinics.csv,62
efc7581de7ab4bed5f068371a674820351cc089f9c0ded4364a3cfbb1e236359,LINKED,,M,,531,,false,batch_001,encounters_epic_north.csv,28
f045953609def2282480ae1453cf44a6ee658e728d8a1f12da4b359db91d9b8e,LINKED,,F,,537,,false,batch_002,encounters_epic_north.csv,32
f051f4d3efc89eec2eca9516bac0b226fe333fe58964eefd1921c27e86242d2c,LINKED,,F,,611,,false,batch_001,encounters_legacy_meditech.csv,158
f0982df256debf7aca88ddeb10312fd27d68d5050bfd2b9dfb32d8fec812ffc4,LINKED,,M,,541,,false,batch_002,encounters_athena_clinics.csv,104
f0a6fa0aa4b4a26187c517fdf425cf5cbe7cb4ec7f07854a21e069e4d4f147b2,LINKED,,F,,531,,false,batch_001,encounters_athena_clinics.csv,655
f15cc702edf348ed365196dfc1867dc58c6c7f60183278b65242eb8de793a0f2,LINKED,,M,,520,,false,batch_001,encounters_legacy_meditech.csv,243
f173a285380f4e74417211340185298758c78ee0225bf4eaf5f3571a9188526f,LINKED,,M,,543,,false,batch_001,encounters_athena_clinics.csv,752
f24418c3177d997c0ebdab7de44cade20a160add46e1535486f4fbc8023e4fa6,LINKED,,M,,532,,false,batch_001,encounters_athena_clinics.csv,713
f2e89195508e040cd3347ad38c76927c7f00bea7bf1dab1ba8e23cac28575bef,LINKED,,F,,520,,false,batch_003,encounters_legacy_meditech.csv,8
f3297ba3555ce4ca06eeec237f59fc868378257e39574c196145a6b05d993d68,LINKED,,F,,541,,false,batch_001,encounters_epic_north.csv,337
f33c24ffccfd58a05c4417b023a45f8bae50d9cd5a77a61bdda1ac33b7077ae9,LINKED,,M,,531,,false,batch_001,encounters_epic_north.csv,776
f38e1ceb558e859831c369e50b2a548de9b7c49b15ee40618863db4a82568a8a,LINKED,,M,,543,,false,batch_001,encounters_epic_north.csv,1066
f3a18fc05f964fd186abc400fa8e26c6d1270f9abe4410b8736a4494e274a1ac,LINKED,,F,,531,,false,batch_001,encounters_epic_north.csv,368
f3d867eba4de75fd5035e8a0e6c1f977684f4f49d09d9f57f5f0cbc7f05e8666,LINKED,,F,,531,,false,batch_002,encounters_athena_clinics.csv,68
f3e88a71f34c0742164f6e211e1748a09c00d2724029d3f12bfd2af43ccde044,LINKED,,M,,537,,false,batch_002,encounters_athena_clinics.csv,35
f47fa1489b9621d0164cceef7b6753be8d8bf455b322a01a5bdea83a75204439,UNLINKED,PATIENT_UNLINKED_NO_DOB,M,,524,,false,batch_001,encounters_athena_clinics.csv,182
f492d538bf6a54ef0b698a47506c3888e42f81fcded2af04573a8a867f010f61,LINKED,,F,,537,,false,batch_001,encounters_epic_north.csv,1096
f4ad134efe0fdeb49617ab08f38a36bda789da8abaff0913490db4a4de126872,LINKED,,F,,531,,false,batch_001,encounters_athena_clinics.csv,954
f4da818385a1a4fe7ebc5af302f5988aafd8d8a92baf1bce47ef9da4112ae91d,LINKED,,F,,541,,false,batch_003,encounters_epic_north.csv,52
f4febf1dcb0d31a3dd6ddea04b3289a81c9ccf1abadc37b6fd1c5054e71c871a,LINKED,,F,,524,,false,batch_001,encounters_legacy_meditech.csv,141
f5809453db9a16ce910623d488f59d5c333a80c5e992300dc70e408f5fb9fc54,LINKED,,M,,541,,false,batch_001,encounters_epic_north.csv,769
f5b698bbf3ebfb6e0f4c9d173fd90c457b1224cad24b8d2ef6a791b94a533009,LINKED,,F,,524,,false,batch_003,encounters_legacy_meditech.csv,19
f5e3a0211e9e9b40daaa446bf7a23a4ac9c20be386253e42882281d1f117e0b5,LINKED,,M,,543,,false,batch_001,encounters_epic_north.csv,905
f64579cbae85c724afee09cab512178d5825c45cf51d2d9266a30c011f542732,LINKED,,M,,520,,false,batch_001,encounters_legacy_meditech.csv,116
f69a23027dd2a555ef148bef46cbab90f6cbbe255b053f61c04d272d1697f083,LINKED,,M,,611,,false,batch_001,encounters_legacy_meditech.csv,57
f6e55bbef1cfb37d307229372711c5a062ec5dfd7d86486890bd6471f7a93d5f,LINKED,,M,,541,,false,batch_002,encounters_epic_north.csv,170
f70d82d6421f314f39dda0149b4c5c4d30ed52a586d68c68ca73f5f22a5db845,LINKED,,F,,611,,false,batch_001,encounters_legacy_meditech.csv,52
f7725788effe15c56301cfa6962284417c0ed9b020a0a04317ba8485c9beccd4,LINKED,,F,,532,,false,batch_003,encounters_athena_clinics.csv,52
f7d2f488ff254b82e858f13b38eaf9d10973ea7d591932b568a7b867e98251fb,LINKED,,M,,543,,false,batch_001,encounters_athena_clinics.csv,294
f814dcc3e4e8ce741fa7da439b21f6a88967a527778d8d6764dead423333dec9,LINKED,,M,,541,,false,batch_001,encounters_epic_north.csv,1150
f83d042a3f20a67ab33eec027d4e5a4731562cd0e552efbe44cab8d269839cf2,LINKED,,F,,532,,false,batch_002,encounters_epic_north.csv,65
f8646c416abcf1545117748f5cbd30539164b7810362d232f7d2f46cf59c9681,LINKED,,F,,520,,false,batch_001,encounters_athena_clinics.csv,946
f86690d8992be0a5024bbd7d2a95e6a60a19b452279c9929c56ee5a350181910,LINKED,,F,,520,,false,batch_002,encounters_epic_north.csv,51
f89c1c5394609ce33479303d4ba49fff60437814a48425a4d5d298b88123a0cb,LINKED,,M,,541,,false,batch_001,encounters_athena_clinics.csv,697
f8a15f4fdb7c060e84e6831f90cadd9e6f3b0550a7ea9fcfaeece5322ba632ea,LINKED,,M,,537,,false,batch_001,encounters_epic_north.csv,593
f8d988df1f2683a6c6e1f64b585c6b9178bbf1222c3bacb164807e8f9569be56,LINKED,,M,,531,,false,batch_002,encounters_epic_north.csv,29
f92c8735c95179cfa95c22fce22c6cebe244f2d3c22737c4c41a5dae6137c299,LINKED,,M,,531,,false,batch_001,encounters_epic_north.csv,663
f9520f0c105ee45966820137d0cff7749a6bf4d783baf311dc1bef2ad5b849dc,LINKED,,M,,524,,false,batch_001,encounters_legacy_meditech.csv,115
fa9194b5950c118c33c910138fe3c66dd66e93bdfb181e684a3fed726820c3c9,LINKED,,F,,541,,false,batch_001,encounters_athena_clinics.csv,13
fab9c6946d3a9cf2b3f953fdeab5c3e39441124491298767f6f17be2a07f216f,LINKED,,F,,531,,false,batch_001,encounters_epic_north.csv,523
fae18e88d908ece782d90e4b1ee5086b03a6b76cc9a6aced57438854898c7f5f,LINKED,,M,,531,,false,batch_001,encounters_athena_clinics.csv,212
faf60aaef82f9fce0f4f101aabc9c9f9e5acf00d17b9cd921376f5f1fc1e520e,LINKED,,M,,543,,false,batch_001,encounters_legacy_meditech.csv,74
fb241f3bd2569f3a673e4a21cecfc15475ff517615cd2e8d13a683b1268179e7,LINKED,,F,,531,,false,batch_001,encounters_athena_clinics.csv,751
fb2d1909e03cd78bcd7124ef4ff243e585c0588adcd608a6e2cae88278aa84c4,LINKED,,M,,532,,false,batch_001,encounters_epic_north.csv,85
fb3c0b721a288fd722dd7b738b57f9dd02b5cb3a258db406d3060d278788ad47,LINKED,,M,,543,,false,batch_002,encounters_epic_north.csv,158
fb63c31909cb207589c26f34b58d43dd5728cce75cd279d6110fccecab0f6c71,LINKED,,M,,520,,false,batch_001,encounters_athena_clinics.csv,508
fbaa9bdfdf56714c6df4675873bd1bb230153725da365dfa8342638a757b5db2,LINKED,,F,,524,,false,batch_003,encounters_athena_clinics.csv,21
fc918094b2678d201129bbffef2ec4c7291fc53d7fa90a51b100a6e75d405742,LINKED,,M,,531,,false,batch_001,encounters_athena_clinics.csv,161
fd00f630227d705879670e8edffa1b29cb37dda60e08c3b4af6d653e8809757a,LINKED,,M,,541,,false,batch_001,encounters_epic_north.csv,1092
fdac3d58762abb434b74ca735ec4d4d2275cfeb4f121169f4f8de57eb6720efb,LINKED,,F,,531,,false,batch_001,encounters_athena_clinics.csv,310
fe0cc1b35c8c45a57e72fb7a5fead9a3f6b10ff9d6763e015f8791f915e9402e,LINKED,,M,,537,,false,batch_003,encounters_epic_north.csv,80
fe469902f05b3b39c38c4dd979cc54c6f4cca1a899db9f51298e30f0e7f9c4f9,LINKED,,F,,532,,false,batch_001,encounters_athena_clinics.csv,315
ff1eef223c4ae758e173fbb0a46bec04547b2262a9696e4dfdbdcc1197eadb01,LINKED,,F,,541,,false,batch_001,encounters_athena_clinics.csv,29
ff7806b2c50e04d2a0c896a74060ad4bd959ffbe52263f7274eb6bb3018b9638,LINKED,,M,,532,,false,batch_001,encounters_epic_north.csv,1332
ff8181d6b69cca90984cd03f2bde7f855e24210951c2cbc21edff3e3a0557f76,LINKED,,F,,543,,false,batch_001,encounters_athena_clinics.csv,646
ffe2c1654d41deaa850e07f6839e8641cd64b66c471a79918866cf563dcaed03,LINKED,,F,,532,,false,batch_001,encounters_epic_north.csv,1188
fff455ff80881fa2ffc2e2765fcfd775d1d4ea4c3b2a9a91943c9abd1f70a2cf,LINKED,,F,,524,,false,batch_001,encounters_athena_clinics.csv,1023
