batch_id,file_name,source_row_number,source_system,source_record_id,encounter_key,version_key,last_updated_ts_utc,outcome,outcome_reason,match_type,held_current_version_key
batch_001,encounters_athena_clinics.csv,1,ATHENA_CLINICS,125198,e265e48ec5a48a6d5d8cb12dff2a591300a7c0319bae3313595583194c0cf26f,d5bab8fc352199a9ba2fdb7dc967ac09157c1a8f38b018b509ba2e6d9c4f3fbb,2023-04-28T18:57:59Z,NEW_ENCOUNTER,,,
batch_001,encounters_athena_clinics.csv,2,ATHENA_CLINICS,139876,7d6468e64fd350da5468f97d4353bcd89e0e6b4a3bc5a62ce6c5ed4a95a046be,1cba11e2fc809a2589d5aa21a1644b41bec646ee71bd9c22d10330dfa8f3b6ec,2024-11-25T07:18:39Z,NEW_ENCOUNTER,,,
batch_001,encounters_athena_clinics.csv,3,ATHENA_CLINICS,136520,a1f44c50517a78c43ab3fc28eb021fb69ef0efc9512541890a7ea739cce01d2c,c7b0dafc037e1ff9d9438803b956b71292d8ed9e2c6a7b6d947ebe1ae271c983,2024-01-27T09:30:28Z,NEW_ENCOUNTER,,,
batch_001,encounters_athena_clinics.csv,4,ATHENA_CLINICS,120496,efed482a35b49219bc9bb0ef2839fec66743bcb4714996315b9ac54cd3e77971,a53c340f9db9b27335ebd464c33432896903ff7242fa489e5fff02621b20c168,2024-07-01T04:05:34Z,NEW_ENCOUNTER,,,
batch_001,encounters_athena_clinics.csv,5,ATHENA_CLINICS,138014,a13ca0276c9c5b8a9585ab87ae453c3df5c12224ce6feb910dd41a6d9879f4a8,a69f2cce96bea758ca5b5bc789dded7c27847499886b766ceaa0693ce16373b4,2024-08-21T18:43:55Z,NEW_ENCOUNTER,,,
batch_001,encounters_athena_clinics.csv,6,ATHENA_CLINICS,138769,7158ecb1645615cde92c80d4b678d0c1d57a37fcec7e4655c7c98bfc316310a4,ee1d2305580e0f4d39e18cbe99bdf71ae65c5f558fcc84aef2663e2d798b529c,2024-05-11T06:28:18Z,NEW_ENCOUNTER,,,
batch_001,encounters_athena_clinics.csv,7,ATHENA_CLINICS,108105,f22d94345002347338a30abea582bb150ecb0fd75288ef057487ccb8085d4d9b,3c8d79c6b4cf62817ecb879c1b0c523ea3539bb658d76156b11c0cdf5d8fc689,2024-10-12T02:13:16Z,NEW_ENCOUNTER,,,
batch_001,encounters_athena_clinics.csv,8,ATHENA_CLINICS,113675,25040b3b7e602f2f1516825f59b1b22ab7cc1425afb63805268c87cb87cb74dd,34e711178fb81a887934da8dca95a298d426602d8a61d728f288614ab874351f,2023-09-05T14:29:30Z,NEW_ENCOUNTER,,,
batch_001,encounters_athena_clinics.csv,9,ATHENA_CLINICS,132219,2d495d5e6681520e0182bab5b58e4a191e293d98a88e1db7b3273cf4090edbf4,f583e884bbc61dc22e1d549dddee0575b54a2345bc366ea32225eb9730c48ed3,2024-05-06T11:34:29Z,NEW_ENCOUNTER,,,
batch_001,encounters_athena_clinics.csv,10,ATHENA_CLINICS,113590,386f42bd7dfc3eb64e5e31b4608c7e5a2f62c79429252efbf3438bde321507c6,677b33163b124b6e8efaaba4ce38c4d30ae6e2ef6d487b25885e27709192834b,2023-01-17T21:13:49Z,NEW_ENCOUNTER,,,
batch_001,encounters_athena_clinics.csv,11,ATHENA_CLINICS,107124,385c0a1248e56f2ec1576a6bc5ae8e7d858bf3ae615a676037564b67051a5982,c4dd0f91190b3b6f8a9272f3dc7593d114ed8f5ed43e94d7960e5cf8b8a72fde,2024-03-14T01:33:32Z,NEW_ENCOUNTER,,,
batch_001,encounters_athena_clinics.csv,12,ATHENA_CLINICS,138169,74514bc331a8feb88fd97ba1e570d7f244345ddd29929cc4b44c6ea03bde699a,bd4254b25fe5f5c2e52d9584b2d0daa0f214450bc21e8c810a4d5860dcee44f5,2024-06-24T19:19:28Z,NEW_ENCOUNTER,,,
batch_001,encounters_athena_clinics.csv,13,ATHENA_CLINICS,136552,d9358b9f925934b6547bf8b4c880ee577786e4f16e5cb555cfd8d01df87348c0,8247f7a4d128e6a40cd686edc97a1ec8a6694f91734864bf5df45f2b9d960702,2024-11-18T22:26:31Z,NEW_ENCOUNTER,,,
batch_001,encounters_athena_clinics.csv,14,ATHENA_CLINICS,108821,6085f428eac487c16022bbb7232677f0244bcf011ebbce6aba13a8f199cb756a,2ec2cba8912a814e43fd985f9b32ee2ab664abd5ea14cdba2c24fc9bcc6629a3,2023-12-27T21:34:02Z,NEW_ENCOUNTER,,,
batch_001,encounters_athena_clinics.csv,15,ATHENA_CLINICS,121060,6c2f3cbdf3b52405b242157ff04f11b3f9ea870905630254637a4c1bbe5a7910,05e506fbefaecb9fd7e4000a5ec23dc28126386db91a9121a2b62231a077607e,2023-08-13T17:53:40Z,NEW_ENCOUNTER,,,
batch_001,encounters_athena_clinics.csv,16,ATHENA_CLINICS,135268,c3b8f19c8b46ee1b6342607905ab9fc4b6f4b318e06ff6f68e7fb0cdb93bc057,3e98894375fdfd6acd64234a0b42836f05648d0a02698af7d5979cb17ad11459,2023-05-17T10:19:16Z,NEW_ENCOUNTER,,,
batch_001,encounters_athena_clinics.csv,17,ATHENA_CLINICS,105537,ca55f33d723e4802b14c231f7d25fa9bb64138f66fb7d9856ed12ad6cc442ef4,07b93e2d4d06ae7a99ce8a885412c49153f22acad5b7ce4ca4587b64b80b87a3,2023-04-03T18:16:17Z,NEW_ENCOUNTER,,,
batch_001,encounters_athena_clinics.csv,18,ATHENA_CLINICS,133910,fbd2fb4ceba0a8633e784c5238cfbac11ba769be5d75cefe41c9f5ea484a3550,f41b961c3d127c5d9bf8d4f54fd896db4bf45317ace0ad255eae5694023a5f1f,2024-05-28T11:58:45Z,NEW_ENCOUNTER,,,
batch_001,encounters_athena_clinics.csv,19,ATHENA_CLINICS,100439,48b19d9677e491272216d5077b2d92e344f219eb51e25db17c36586ea9dc1bf5,a003b91f39a72814ab16aedd3eac0f49631e2d712aab2c57a8b699d5a1a09e26,2024-06-11T14:25:36Z,NEW_ENCOUNTER,,,
batch_001,encounters_athena_clinics.csv,20,ATHENA_CLINICS,124915,8e486605163f83ccab13afb6f35b7dee04091f9a13e38cd26780a3c5788cf7e1,5276a22994d19cb1dfdcd8067a6ed45ab8dc2720ecfe4e73ec4a71604bdadf80,2024-06-20T01:03:11Z,NEW_ENCOUNTER,,,
batch_001,encounters_athena_clinics.csv,21,ATHENA_CLINICS,130495,71d666f181fc888a55c31646d72eb4d4692023abb4bf2738860cf6677991d228,b4b1101fbdc7e2f7599a652bea07dde913d68a068976fda6873f5172c89b8845,2023-02-15T21:53:26Z,NEW_ENCOUNTER,,,
batch_001,encounters_athena_clinics.csv,22,ATHENA_CLINICS,101711,7bdb75b0807b4504bc80aa13c6b6e16f9b79f604f727a5bc7166e35ec3b169dc,b03c7aea1da9f40f3b663f613d23f39b4b99c8d1e4a99b713a908a1ab733fff7,2024-06-09T15:23:55Z,NEW_ENCOUNTER,,,
batch_001,encounters_athena_clinics.csv,23,ATHENA_CLINICS,104773,49f30c6fd516427890e8a3f2ab11a73eed45c30539eb69498064f9cfdd0fdfc6,475afb1e3ac71f45c79f3097db1972b95171047137cc11374d09bd2897ed90d9,2023-06-06T14:11:58Z,NEW_ENCOUNTER,,,
batch_001,encounters_athena_clinics.csv,24,ATHENA_CLINICS,132228,c6858640a4ab1589cdc9c23576ac5b26e7bc847f6ab5fce870f71ab913d4c291,d44910b4496a2254eb233fa1ecdad3276981ecac70d848662ff989b0b2e78c17,2024-08-16T02:28:34Z,NEW_ENCOUNTER,,,
batch_001,encounters_athena_clinics.csv,25,ATHENA_CLINICS,130647,d28c96a2adda11619ebe45939dff02de401eaf074a38b126dec917ac2cbd9bce,706623c37787094f50efa868ec4eefe65018234c2a0260c8a1b8a43a0c37c8b6,2023-02-05T18:12:19Z,NEW_ENCOUNTER,,,
batch_001,encounters_athena_clinics.csv,26,ATHENA_CLINICS,126147,0d6d31c76a360b3181047e7747ba9bed4166b1bc0f1c428b100188bac3d77524,be0958795f6d3a2833fb07bf001f22e98dd15172f9dad81561572d2cd1b7ec6a,2023-02-03T20:10:40Z,NEW_ENCOUNTER,,,
batch_001,encounters_athena_clinics.csv,27,ATHENA_CLINICS,112538,4244d832b6c093e2fb8b2f97fd54a81592766985b4489f5c399f7c49256faa14,bf1aa081c20d58cb8cb12ad17e685e50a651790e6f7be22f5f02c09a89d88faf,2023-06-14T01:05:50Z,NEW_ENCOUNTER,,,
batch_001,encounters_athena_clinics.csv,28,ATHENA_CLINICS,108895,027aa824b4b565719fd91f2b091af6d3114eb20b5620cc9170b90c9ce9a9021a,199033e3d8115d1743101813e2506ae76d0915983376d385976eb4ed575a2fc7,2023-08-21T13:09:38Z,NEW_ENCOUNTER,,,
batch_001,encounters_athena_clinics.csv,29,ATHENA_CLINICS,128679,4f84185c8eadc8b39879530429a0d4b470e1fe26dca4a5966d9230fa381b6f81,308c21c34210b989be77fba1db5f2cb68e6a360d3e3bc1675af4a484bbf29413,2023-01-25T03:54:11Z,NEW_ENCOUNTER,,,
batch_001,encounters_athena_clinics.csv,30,ATHENA_CLINICS,130184,d71ec230305c12dce82b8efe5f5b6d5e44207e5616ca3c767924b11c4b00bca5,c4d0b75e9b9d2057fb4778a7da3bcd69997d63c682980822192f2798f10cd621,2024-11-02T13:44:13Z,NEW_ENCOUNTER,,,
batch_001,encounters_athena_clinics.csv,31,ATHENA_CLINICS,106893,00b24eb8cd15c505b881d59ec192d9ebe3db1736b6a0d0d5763da04cc42d82ef,3f92d07df4fea5dfc61dae4d9ae3e4bf4a4428c26ce49af6113b093dbc970c56,2024-10-02T04:53:44Z,NEW_ENCOUNTER,,,
batch_001,encounters_athena_clinics.csv,32,ATHENA_CLINICS,113228,eccd722a909c12c9649a89fa548a35fef0f5a5f23e3a8b8e8a67327a18e736d1,401b792b86b3b45d413abf3a3a6582b59cc31aa5e18d4fd255abb1952f5a07a4,2024-07-25T10:47:07Z,NEW_ENCOUNTER,,,
batch_001,encounters_athena_clinics.csv,33,ATHENA_CLINICS,100001,fd0d85e42fd7d0bb666de31df30b82e7531b53578a7d44da114e2af34f08cded,78dbd90a1aa2c715cf64143a749540f41fcd8eaf3dcdc5fc3689c61993a83d6f,2023-08-23T03:25:38Z,NEW_ENCOUNTER,,,
batch_001,encounters_athena_clinics.csv,34,ATHENA_CLINICS,102413,0a4909a6ffbad7cda0e52a91c0d5551bd47b824e3a4a22bb535dd0a72f24cd97,958cb8add0ef4c3a11fe780e2be3554c4b430a0eb720a0894ad99309d99a9eeb,2023-02-26T03:37:17Z,NEW_ENCOUNTER,,,
batch_001,encounters_athena_clinics.csv,35,ATHENA_CLINICS,104459,1acd22a28afa4b311243b38e9fb22a185d3f3938c9de810233f52639928d4a53,1ea29a33d8815b2452a6f3fd39f4633430945475ef2142662b1a6473dd05a924,2023-10-03T18:37:34Z,NEW_ENCOUNTER,,,
batch_001,encounters_athena_clinics.csv,36,ATHENA_CLINICS,130434,02e5e08999f0f8582ac73101f2ce6e1b66e7d5a77eef802fa3ee02f2a3d53610,7091913cba6d3554d4caf21a97d37211d87071551f6e40338803461d3f12833c,2023-08-15T21:57:12Z,NEW_ENCOUNTER,,,
batch_001,encounters_athena_clinics.csv,37,ATHENA_CLINICS,109450,dae505f5c65e8865b646a25e87212a20d691646d448165f298db6d2b87f415cd,f64a9b7fa27891573e4f036baf949a835996d5725fdbc921b193e7ac5da81545,2023-03-04T00:16:31Z,NEW_ENCOUNTER,,,
batch_001,encounters_athena_clinics.csv,38,ATHENA_CLINICS,103185,4ca34b197d7a960603a01a737ec985a67bc69bc9e695b5ed1b1aa7e287ee2e12,855ee32e55ddcc2ba1611975ebcdf7bdc7fe0766b0341c09ded494a51448b051,2023-05-08T16:27:02Z,NEW_ENCOUNTER,,,
batch_001,encounters_athena_clinics.csv,39,ATHENA_CLINICS,132529,877ab06ba5c276482bc16c7db947ebcf6cf5c42432a78e0ed56f0175c476dab6,9143e5729c4bdbf26448c95b2d3eb6e1b62a5dbbaecd1be3610d010b289f8f42,2024-11-27T16:17:16Z,NEW_ENCOUNTER,,,
batch_001,encounters_athena_clinics.csv,40,ATHENA_CLINICS,100102,23484aa4db8f01c5209cececdf98f3484f9ba6b4b57378cb22669a1b89421648,b30b3061e8b89eb5a626d8784044ac911c29325de8a495a7644d398e0786a887,2023-12-14T00:25:45Z,NEW_ENCOUNTER,,,
batch_001,encounters_athena_clinics.csv,41,ATHENA_CLINICS,125278,e192a1a3e0d0ae66b4eafcfabe22a8fbc4c9863c99acb8270dc6c56a8c4ba4be,222b37c8512f899d62c4b21e79a33bbcdf63c7ebff4ab17cea3f38756863f221,2023-01-26T06:40:18Z,NEW_ENCOUNTER,,,
batch_001,encounters_athena_clinics.csv,42,ATHENA_CLINICS,132449,b151b1ec8b2efb895d7d118b2fe865e17877ffcdb50b948b1e3944b27dd3fd64,ce9b919267fd5f868acf7c1dcc707c561628290c5fb3536eb22d7bf8ff97680c,2023-01-29T14:24:21Z,NEW_ENCOUNTER,,,
batch_001,encounters_athena_clinics.csv,43,ATHENA_CLINICS,124001,a4b9e29ae351effb74abded8268e597e20f9ffccce5d27a11374038bf9c37364,edc2a4aadaaf7131ebb101e908ec68f01e3e05c8c69b6de662f586ab54f4e9d2,2023-12-23T01:39:28Z,NEW_ENCOUNTER,,,
batch_001,encounters_athena_clinics.csv,44,ATHENA_CLINICS,117253,c1f0b787ba3e4fe78cc836b8f683c6d08ab8c7f5f97cbe0ff10aff27e0647d56,364415776ba3c5c9ab531af65b1405ddd66867e1d163dd81f57048fd70dc1bcd,2023-04-29T04:12:53Z,NEW_ENCOUNTER,,,
batch_001,encounters_athena_clinics.csv,45,ATHENA_CLINICS,121959,879d8650f593a690283b3365dd8fd58ebf74ab004a82e2b52eac6aa6abad1946,a9b58d670f1228f949e5ce1578fdf0c517c8e2bb46555d566bde5191049e43a1,2023-01-29T19:47:08Z,NEW_ENCOUNTER,,,
batch_001,encounters_athena_clinics.csv,46,ATHENA_CLINICS,102380,3c69fe9e4074f7817e17e1e094d30f06ab9fc321c53464f9b1be4585b1585024,2e5e34cf64d49c11d08e581e2c4fa7f387d2695afc03c0995a212e6b8875b22e,2023-03-05T19:16:24Z,NEW_ENCOUNTER,,,
batch_001,encounters_athena_clinics.csv,47,ATHENA_CLINICS,109283,e26ab10bfe8bc2fae2d29e915c97169f67767c6ed6b40430fdc6135737b3d463,9612c3a27a937a0c34c67a4e9baeb7af33a5fd0f1df27b3df814017be9ca117d,2023-07-05T08:33:54Z,NEW_ENCOUNTER,,,
batch_001,encounters_athena_clinics.csv,48,ATHENA_CLINICS,103580,48b642c804d15e39f6c93ea97d8670368af89c9f11ea2d430f7956750b41e119,82d9744cb4aa2ccab7f68478528e8eba0577fc8b5b15399dea8f6f08afa28a6f,2024-02-26T00:15:30Z,NEW_ENCOUNTER,,,
batch_001,encounters_athena_clinics.csv,49,ATHENA_CLINICS,120231,94303d5afaabe84db6171838485e1fd8f95de996bd941c89434d444ce21725bd,6700ade32cb4978da58f403dbbb6c6432a79b37dc0dfea650f78fffbdf8b30bd,2023-05-04T12:57:44Z,NEW_ENCOUNTER,,,
batch_001,encounters_athena_clinics.csv,50,ATHENA_CLINICS,112212,699c923adc19d346f0a9efb684b46bda2421cb26e83c0ee8e03a6e6900b5b1bb,75a6976ba24168e5ee4bed21f9a9b5529a83a4aacfeb2ff800b7b45167f56057,2023-06-09T14:30:26Z,NEW_ENCOUNTER,,,
batch_001,encounters_athena_clinics.csv,51,ATHENA_CLINICS,116704,3ea19bf76cc79eeec9c87cc729d5a2307100854b77c6ca877d52582d73424131,47a1eff579bff318184ad71cd4ba42cbecbbabf43b5e575fdc5a77b18b505d5f,2024-12-15T03:46:53Z,NEW_ENCOUNTER,,,
batch_001,encounters_athena_clinics.csv,52,ATHENA_CLINICS,115623,1c18eed9e98aa0b4f9293a3b1931220818fb0da4db7b9ff1384eeab000509cbe,1937e89e60a42793aaf2e8a71190d974e7bf3598a6f2605255b38732a7d84455,2024-10-10T23:02:36Z,NEW_ENCOUNTER,,,
batch_001,encounters_athena_clinics.csv,53,ATHENA_CLINICS,110079,38065c0525298acf1e49ae860be48b9b917df6f443eaa23d4c77a03374359d18,cdd57e0930708d4a98a072af9c80ca3f9d1074395ccaffd32996e08fadaddd87,2023-02-15T21:46:49Z,NEW_ENCOUNTER,,,
batch_001,encounters_athena_clinics.csv,54,ATHENA_CLINICS,135545,e9274a5f8eb32b0637a0f7a79b8f79e1a5dd31cd2985bfa35d2e74455e0cae76,a6cc954508b34572650141890e54cb6bd386833b139f3e5356196f2a95367f05,2023-12-29T08:29:28Z,NEW_ENCOUNTER,,,
batch_001,encounters_athena_clinics.csv,55,ATHENA_CLINICS,100862,a6ff67487fff5afe6f200f2a1c371372846bbfe33b6dcd6b898609c37c83a6e9,b1e8d7bcc985a29ded6d315d23a00c31bb420d06390de4097670aa7f6a448673,2023-08-13T18:13:55Z,NEW_ENCOUNTER,,,
batch_001,encounters_athena_clinics.csv,56,ATHENA_CLINICS,111307,b606375d056455383f2d7d2ffbefbcc2008d5940f7827b3f73ab6069a2f3ad88,796ab4a7f3d764188a5ac096deb2f663e20fe7a4c36b2fdfcf2622800cc99659,2023-10-06T21:15:36Z,NEW_ENCOUNTER,,,
batch_001,encounters_athena_clinics.csv,57,ATHENA_CLINICS,111611,953da023c4559d4cf4ae51fb59b783ca6ddf7a8b1d6546f931b86e7102dbf95b,66ce3eb991732b10d66614631d80173b0f738d9248a52694ca7d81818395f9e0,2024-04-05T23:03:29Z,NEW_ENCOUNTER,,,
batch_001,encounters_athena_clinics.csv,58,ATHENA_CLINICS,128111,91b2c4f219aaf43fc09bc6bec11539535b5085977fa95fbd04ae8036592ed997,8219e9023e6a6143d56f3d9a7d536a0bef6084955db8f6654fe2a9cce134c2c7,2023-06-08T10:02:10Z,NEW_ENCOUNTER,,,
batch_001,encounters_athena_clinics.csv,59,ATHENA_CLINICS,104463,5c86039441aa9e544d0b50e948d36928497648750144e8e3de9e2f845b0e2f3f,67329b6ab7818de9df879fde1bd59cd6395c74c5225184413af09485b4d68ab4,2023-03-03T10:27:30Z,NEW_ENCOUNTER,,,
batch_001,encounters_athena_clinics.csv,60,ATHENA_CLINICS,128340,1c41d0b1e2fecbe3bef9311a631ef57a15b6567b99d4fc49d7a9e1e82ef6ec68,d99856497c4dfc05fa081da2b9131233de39b535765915565126322b1b463c1b,2024-01-30T08:13:08Z,NEW_ENCOUNTER,,,
batch_001,encounters_athena_clinics.csv,61,ATHENA_CLINICS,134806,7e39e097f13ec25daa971890db5b837c01d2ba4da408b01373d6fc5774513969,d7042468028f4c012758e23c9dbfdecea69fbc072d75427678c4c7e27f8f1fa5,2023-02-22T16:14:00Z,NEW_ENCOUNTER,,,
batch_001,encounters_athena_clinics.csv,62,ATHENA_CLINICS,136078,32fbe24d29e632fa50ea24a232844e99db2d9c527544fd82d8364a0506e210f6,f62b0407f2dd15e79446634691ab5fa08043ff69519713f277c9712bf5daa3bb,2024-12-16T16:25:31Z,NEW_ENCOUNTER,,,
batch_001,encounters_athena_clinics.csv,63,ATHENA_CLINICS,104916,76c0ba26c0ce60c42c40586665dacafa8aed2934f888427dc42c77edb48c5b1c,964dae23b4b155cdf147822f3dfdbdb39d13ea60cacb26952c262e0795b931c5,2023-04-14T05:43:10Z,NEW_ENCOUNTER,,,
batch_001,encounters_athena_clinics.csv,64,ATHENA_CLINICS,104097,b7fd58f54d63d01bd9afb8ce8bc51c926164d08a00772b12912bed81d3807bdc,caac5e244f887cd24d3a303c1a00ce955e8515c562036680c04ca9ff69989935,2023-03-21T09:17:31Z,NEW_ENCOUNTER,,,
batch_001,encounters_athena_clinics.csv,65,ATHENA_CLINICS,114039,13246c5e8cd23497db4ea64f3b071ca7cf010982354d67a0e00e1b43fb77ae5b,b0979b035f40a3ab53ac8662041180e603b878bd97e4f64a7e113310977501b5,2023-06-24T05:42:41Z,NEW_ENCOUNTER,,,
batch_001,encounters_athena_clinics.csv,66,ATHENA_CLINICS,113264,854a0e38de76b41a2f787533c142a2595e32ce93f6355329f59f1d9542479f65,ca2b931827b8c563d540fc818ef5104ba06ca646ed95d3ca3484a48f078dab57,2023-02-13T20:13:55Z,NEW_ENCOUNTER,,,
batch_001,encounters_athena_clinics.csv,67,ATHENA_CLINICS,123011,5165525c36117f989ba415b0f08b9a7b81b89be70da8ad2c2cbf165d8da80c52,f5ed713a790e7e457936cdce005eeb45ffa683854cdf4c9d0ecda7acf9375763,2023-07-25T22:15:54Z,NEW_ENCOUNTER,,,
batch_001,encounters_athena_clinics.csv,68,ATHENA_CLINICS,138079,816026a66a1ad6f700b26d81c74d87349b1050b46a019f473be5df706bb1c47b,40c3ab487eab82df7f677c4fd813d0b9c50eacdd41d8bca1f386d5d2b26a5881,2023-05-25T10:35:56Z,NEW_ENCOUNTER,,,
batch_001,encounters_athena_clinics.csv,69,ATHENA_CLINICS,100644,e051885bf9f46ccab073ff287fa4f74b716f12a97f424e58308dc330cff9ff4e,ffa32f6d1ec6128a6dd2c93bbd9a59f708ac4c3f29d16cdf29cdf97e9b785994,2024-04-28T16:22:29Z,NEW_ENCOUNTER,,,
batch_001,encounters_athena_clinics.csv,70,ATHENA_CLINICS,122937,ff614ae464d3ce8270e56d3d775560ae358052faab585b37d0622fa44ec23023,1a3bbbe9f2ed7760745bb53cd0e7fe817f7d717b832e55f180ccc48c3f43eeac,2024-08-24T07:50:17Z,NEW_ENCOUNTER,,,
batch_001,encounters_athena_clinics.csv,71,ATHENA_CLINICS,133985,e3a0c9b989f07904ceb1bbe9cedf190cc705f5c0bc564c7e090a6974620351ea,04732424590a6e8f1ee8c7244fc0a0f8d4ef0453e0f60d6621005704fe66d5eb,2024-02-16T20:01:16Z,NEW_ENCOUNTER,,,
batch_001,encounters_athena_clinics.csv,72,ATHENA_CLINICS,136682,874e606d763bdc8f56e1c460ad7ce52566bb749bfba9fa2749547a579f7e516d,907bd77126defed8adf86fb38ba9c29fbf8f70db3b0dde2e7a64d976c0a89e64,2024-05-29T16:18:21Z,NEW_ENCOUNTER,,,
batch_001,encounters_athena_clinics.csv,73,ATHENA_CLINICS,133319,3fe6034ae783ec3dce3e611b28b7f8de52da5bec8a976f63de55d669313055ff,57118cee11a33e900b7da4d2e0ca0d3141bf62ef78ebdc98d6fc90a891ebc717,2024-02-08T18:00:37Z,NEW_ENCOUNTER,,,
batch_001,encounters_athena_clinics.csv,74,ATHENA_CLINICS,101869,a7d923e1ece1998f049225acc95d511bb8abd05521d6a7f98205aec4d168ad25,ac73a4daa082cf3203e324bcf3a183d3a5de5ed83b7fa4eaaa2ff9e6c7126a6c,2023-11-13T16:48:37Z,NEW_ENCOUNTER,,,
batch_001,encounters_athena_clinics.csv,75,ATHENA_CLINICS,136298,8fd51400817805c65cc06ba2e8cc0394f121f93d57b4465910ab79b08c9fa6ca,c5c01ed4496d8725f53cb802f6b7e27aab52eeecfcbdbf5cc6a5a07cf50f0387,2024-07-14T08:10:16Z,NEW_ENCOUNTER,,,
batch_001,encounters_athena_clinics.csv,76,ATHENA_CLINICS,117429,62972b8017305da9f354efca45f16a1eca632d938625eff2bee8c173eae1e267,3710349d39240a4c99c2bc4d41ba582f756e68c1a6e95086a2351428dc4d73c3,2023-08-24T10:17:40Z,NEW_ENCOUNTER,,,
batch_001,encounters_athena_clinics.csv,77,ATHENA_CLINICS,101537,3113c6d2c32196a0990b6e30a979540155831d5e69d697a6234131350e6b87b1,19a68797310c54f70518b7e38e1c2fe9aae5989acf674573e980aaa8bd0ae427,2024-08-06T19:59:19Z,NEW_ENCOUNTER,,,
batch_001,encounters_athena_clinics.csv,78,ATHENA_CLINICS,135878,922c43be72ee257f311e53a3b544df24b099b51253650145725dc6ea424c3226,364c329a90709c817ebd1e15e771f3c0cf3b6b14ab777f4638af34947bbd051c,2023-07-11T00:12:55Z,NEW_ENCOUNTER,,,
batch_001,encounters_athena_clinics.csv,79,ATHENA_CLINICS,120889,4123f58e02318f15889821506b7271589682e7cabd29994e0b6703d8c254e826,eea045584987c25131d2dc00e2ed9728f0a8edcc6f32bb4e75854affc1ab68d2,2023-12-14T03:11:15Z,NEW_ENCOUNTER,,,
batch_001,encounters_athena_clinics.csv,80,ATHENA_CLINICS,135168,61d3602e41f7956636634deb40ad694758b9abb1c1e135593c6d7995442bee2a,13e66bc917928ead9c5dc1ee04aff6b39e744b6745afef13334b1dd4469f7ca5,2023-08-22T01:37:19Z,NEW_ENCOUNTER,,,
batch_001,encounters_athena_clinics.csv,81,ATHENA_CLINICS,117935,c0173cf3abd55d3dc7dd14c5ec2a68f81b7335b66d31bd2b97b7868066f1d604,d8b97867cb5aeb38fa60e87361a164b0a7932f12992cbc8234d6af439e5a385e,2024-08-28T19:05:07Z,NEW_ENCOUNTER,,,
batch_001,encounters_athena_clinics.csv,82,ATHENA_CLINICS,116930,2d910b64068bb043fabda2264b8e718889fffdbd6bcab0d20323eafcd98374de,896352de510f40b6b893ec1634b224618a51a1da6bb69e326d5120d96c142a12,2023-03-30T08:19:42Z,NEW_ENCOUNTER,,,
batch_001,encounters_athena_clinics.csv,83,ATHENA_CLINICS,121190,530fdce0ddb011e25a179f897f9c22acd6f30aa02b96b94293f97f595fc371d9,304bb69b89c6a7630a2b7bd0ad3d9498dbf4051fe95c278458c4a3bfd790e31d,2023-07-21T12:47:21Z,NEW_ENCOUNTER,,,
batch_001,encounters_athena_clinics.csv,84,ATHENA_CLINICS,123969,b100aa302108be37faefb6b472e22214691cc986599ef49f8a80ea4bfadd90b9,23c259c0a379350f6d55659071942265ec40f699e8ce4c28c003c4e262b25788,2023-06-13T22:51:42Z,NEW_ENCOUNTER,,,
batch_001,encounters_athena_clinics.csv,85,ATHENA_CLINICS,113614,067595939a1bc748ef6e3c910e977bb437ade13330e70596b1ea07b8ac0d4c8c,96d9388a1c6900fce2deef9d640c989021e7f01ee78ef711a0708601e5103504,2024-05-22T10:55:29Z,NEW_ENCOUNTER,,,
batch_001,encounters_athena_clinics.csv,86,ATHENA_CLINICS,104370,193d331a8b119dced043006d01c310d0a67e80def4b7c91d0e09ff54c43c4440,ebb743cdf45da8332220ae58639c3fb24b13d7b00f016f7123aa181f86c39322,2023-08-19T21:28:57Z,NEW_ENCOUNTER,,,
batch_001,encounters_athena_clinics.csv,87,ATHENA_CLINICS,139755,336d611aa1afd78f57ba88aa86f276ca6269e4f5a586021496b9f8fc3eb10c0b,1b58db029378006fd2cd3142e95e471d0e9086d9923651d6ce795d89e4265681,2023-06-24T10:34:14Z,NEW_ENCOUNTER,,,
batch_001,encounters_athena_clinics.csv,88,ATHENA_CLINICS,117148,0163eabfac4e6cb5b55bbd7c960c6ed839ad78e371c725c1f004001d8997d616,39a70e66e6d8bad6e943505dce97395115fd925473873acd81609b3fcc386af3,2023-10-02T03:36:21Z,NEW_ENCOUNTER,,,
batch_001,encounters_athena_clinics.csv,89,ATHENA_CLINICS,110594,a020c58004e9f03c72ca77b66049d790e64a717fdcc71fbf8e38d8d36fb2329a,9c231dcedb67fc1c97f12c9fd7a823be38073f6d89f78528a1b62830fe22eb6e,2023-09-01T03:41:24Z,NEW_ENCOUNTER,,,
batch_001,encounters_athena_clinics.csv,90,ATHENA_CLINICS,127319,f4de7da7805ddf2ba8b5091587e8afe99c0b9e5589fc582db102961c98af3782,7d73a950e62d9a7b6942497d7b0c11807ddeeba95ea093b501a94a61a5bfea08,2023-09-27T07:13:07Z,NEW_ENCOUNTER,,,
batch_001,encounters_athena_clinics.csv,91,ATHENA_CLINICS,102353,d37e508e8882e8f76b932291514919a5da9ffa88dd8f839b6df471e634e20b6e,e94377f827e792e7c4bec8c1fe72387264d43e27506ad905c401ecbcb226fc92,2024-02-11T16:42:23Z,NEW_ENCOUNTER,,,
batch_001,encounters_athena_clinics.csv,92,ATHENA_CLINICS,101794,6fa9a4279b9415e8039d179f7278f0b9ab97d2053d008403429dbf2f73722373,11bec323ebd7504dcccd575bfb5f9337cec19fd5fa389c476e6567a158bdee3a,2024-06-27T05:58:37Z,NEW_ENCOUNTER,,,
batch_001,encounters_athena_clinics.csv,93,ATHENA_CLINICS,115707,19a3b7bb3be44b01e73e5808bd5c2ce03e36529a17cb72e5b63d3a0a8bd67ba8,b663ed2630a77e76917a73b1f284b853698c05999aea675fa1dd9ed133c80119,2023-10-26T21:53:29Z,NEW_ENCOUNTER,,,
batch_001,encounters_athena_clinics.csv,94,ATHENA_CLINICS,119641,3d83472c4835840af2693138930d7e6e12902f011ebd39a281d15291f1d0ef75,b71348e41fc6f524ea5efab1dc363cb76258ad1e488cff67ef0d1e2baa4c2005,2024-10-11T13:26:05Z,NEW_ENCOUNTER,,,
batch_001,encounters_athena_clinics.csv,95,ATHENA_CLINICS,115044,59213771454fa5b85b699b0439a0ec0cd2b98fe4efc0d7153f0594e07328e81e,df614200d4780a86f3dcb2e5c4d94f57968d16572ea8a7eaa626d1d15dffe87c,2023-12-22T20:31:09Z,NEW_ENCOUNTER,,,
batch_001,encounters_athena_clinics.csv,96,ATHENA_CLINICS,127687,f763620e122ea861b517c00fb3551103f5fc932f682799a800217f72810a5fe2,ec566cfec59f733ff5bbce73b7d57244cb6dfb56927946c37c47837ca17e74ea,2023-08-22T19:17:45Z,NEW_ENCOUNTER,,,
batch_001,encounters_athena_clinics.csv,97,ATHENA_CLINICS,131191,a7f9d04fb1a9c0db9b7d539e9f1c2ed48ccd2022fd43b0b72e708169eb0574c6,63ac0ed41d6233728a89012e30d9b73bca9beee014a88ef55cf75e10484154e9,2024-01-01T09:40:07Z,NEW_ENCOUNTER,,,
batch_001,encounters_athena_clinics.csv,98,ATHENA_CLINICS,131891,1b77e726d5e4dae608965df5ff631a37ae6fa6b92ff462fc459b4e3cd7a82062,cffe1b0633dfa79a330250d95f46a64bed09d6a934b9bfc93724c6bb309f1096,2023-01-18T15:33:43Z,NEW_ENCOUNTER,,,
batch_001,encounters_athena_clinics.csv,99,ATHENA_CLINICS,124690,c30297d6bccb6bc0fec47228c76150b357d7be5ac4b8eaa1401f6852151103a4,8d71592b76d0e1ec84ddddb42a4e8c6d75133cea97fb50a6606db6105d5e546d,2023-11-30T19:00:21Z,NEW_ENCOUNTER,,,
batch_001,encounters_athena_clinics.csv,100,ATHENA_CLINICS,113045,2a8dd9d452969bdc9dd328400888c0e7ff2a39e5679dc08b64f7174cab05a6a4,7ef253f4177663c800f65ba1584dc8a40a1684585bb41d786d91d74ad5eb827a,2023-12-08T04:38:35Z,NEW_ENCOUNTER,,,
batch_001,encounters_athena_clinics.csv,101,ATHENA_CLINICS,108000,9c1045489c27824fb07f6221daaf3f3a21dfb4fdec59d1508fc1d122f5ed06ee,9df7b5a4f14077363576e4f300dbf0e2bf3c6d01365e36ceafd330740b676f58,2023-03-26T22:52:26Z,NEW_ENCOUNTER,,,
batch_001,encounters_athena_clinics.csv,102,ATHENA_CLINICS,139273,61db8061e3c7a4f9a1cdc40516d48cb05313786affe60d3d84b9a984ac0ba7fc,c983dbdc3332654afe55632bc47ebb437b24ed8fe2e4022b617465a45ec951b5,2024-06-27T10:35:35Z,NEW_ENCOUNTER,,,
batch_001,encounters_athena_clinics.csv,103,ATHENA_CLINICS,114177,545ee23085185c88925be76c1ae14205588d3a21bdd40e355b8bd71af05a6960,5d9f349cab95695a81253627b98a7cc0dc39f46baa855605e98dfdd968959c2b,2023-04-18T14:32:18Z,NEW_ENCOUNTER,,,
batch_001,encounters_athena_clinics.csv,104,ATHENA_CLINICS,103089,d773137f15777d285016cac5e1446f88f1df3084aa7e88ba11c6052d083cb3fd,ac04bb547592e384dba669a8885be4c76d0b29fceca30fc5f92826858555ff3c,2024-09-24T06:13:27Z,NEW_ENCOUNTER,,,
batch_001,encounters_athena_clinics.csv,105,ATHENA_CLINICS,105597,ae593e798e5cabe087de972ba87d48d4b07ca39b6853e6415b02d5e990b17559,5e5264280bb0d4ae914cf898d1346e3701b51df5de70a725f310f9d7a9e9a367,2023-10-30T19:51:07Z,NEW_ENCOUNTER,,,
batch_001,encounters_athena_clinics.csv,106,ATHENA_CLINICS,100920,004cfb48d81996e07edf8d48e9a14764b700d0135e3076bb44745b2ba260c0f9,41b80666802a8a62a31794eafeaafd3132d85fabe90638e2bb3926540692b6de,2024-08-24T12:08:41Z,NEW_ENCOUNTER,,,
batch_001,encounters_athena_clinics.csv,107,ATHENA_CLINICS,100915,87dd84ed15b2171c287a8209c99d3805a78859769c24665e5942281a5eb0a0aa,57baa3c052f353163f1241702255a24d68821b27fd3c1b987a4a8f1c2a650513,2023-11-18T20:17:15Z,NEW_ENCOUNTER,,,
batch_001,encounters_athena_clinics.csv,108,ATHENA_CLINICS,122598,0fabf59b8994dc15f698673ed1f0b24a3fbace5af796c8e429e7efa720f13238,4e1576b88d60909ba07ec65ee1831e96eb813788d529127d3ba4935de718d5c3,2023-03-15T07:57:34Z,NEW_ENCOUNTER,,,
batch_001,encounters_athena_clinics.csv,109,ATHENA_CLINICS,122725,7f73bdc891de79d2b528ffa853336c7e450e578eb333cbefda263e574daac542,9a9b7da83856ad18a89d485f909f3fdb5d0d20e449e2955600f2d434275341cb,2024-02-18T08:08:17Z,NEW_ENCOUNTER,,,
batch_001,encounters_athena_clinics.csv,110,ATHENA_CLINICS,125376,c154ac5c558f6f5be9fb6571f9f0a34e574349d402722aeaac74042b87a92461,2a965c556f0086fc803d3f8a7422b0ec0dd1cde23ca530ed983f7d2911ebc380,2024-10-14T22:07:54Z,NEW_ENCOUNTER,,,
batch_001,encounters_athena_clinics.csv,111,ATHENA_CLINICS,126629,034d9288a10c62cbad8a2dfe8667b19b4f668a80f0bcc48b6d77462012449bde,c4592f68f490b4e55227bd2a0b952410f2b2c140d17a28c7be202d7dca230cf4,2023-10-24T07:05:53Z,NEW_ENCOUNTER,,,
batch_001,encounters_athena_clinics.csv,112,ATHENA_CLINICS,133769,ec725d128fd239644259b26547ae62a77c309c427075519e284a2954140da2a8,4d42afeeb2180e5161caf4a721ec7fcb94562c683734e481774b1311d22e1d11,2023-02-23T21:36:51Z,NEW_ENCOUNTER,,,
batch_001,encounters_athena_clinics.csv,113,ATHENA_CLINICS,105982,2026d8115b7d0c010211fe57df2404830f581bedcca33d10e356751d9c06db69,a70693a6aed695299a9bdf7cfb43fa1e22f1d026ee71f19263b52afa201dada5,2024-11-21T06:23:10Z,NEW_ENCOUNTER,,,
batch_001,encounters_athena_clinics.csv,114,ATHENA_CLINICS,114152,7750a37b1c1c233a84587cc41d6f762ca82f4b27871711f5bfa76a9fe10d4d1e,0481ad0216635e474b11607b6c28dc27d8d83e2f26a007939d37ad0252beae44,2023-11-23T15:33:37Z,NEW_ENCOUNTER,,,
batch_001,encounters_athena_clinics.csv,115,ATHENA_CLINICS,131150,370f95244c4433d6e0bb3c7cff55e138c3efdd489002e8698ba1ed7ea3c53b75,9677cbe5f8ee586c0d7677e7db9e33b1bb317b7b57c616f87002043e78618a81,2024-09-26T15:07:01Z,NEW_ENCOUNTER,,,
batch_001,encounters_athena_clinics.csv,116,ATHENA_CLINICS,109543,305b7d1011af62b2eb4622471914a99edeaa99baeb3d60a828d3b8905546f4a5,4eb59070ccf1d613d15ec6c7a1a81a27f920eb950f4b1620dd306e575061f134,2023-12-06T05:07:19Z,NEW_ENCOUNTER,,,
batch_001,encounters_athena_clinics.csv,117,ATHENA_CLINICS,105859,e5900052d965793b9adde096b1384ab675160b40ee902a3fc65bf76f3cfefbba,7105937d8371346a1c856adacf23eddf5e97181b81f9c6be2bdc5edc5a44c6ab,2024-04-10T11:17:59Z,NEW_ENCOUNTER,,,
batch_001,encounters_athena_clinics.csv,118,ATHENA_CLINICS,102056,952d3f2a0eb890f157d6f8984245070cf9c215b9334d81fa7c538be70e240599,5cd09a80e5e8b9b9531603be922fd2c8ab17462af03be3a59db4cf89a29b77ef,2023-01-19T08:09:44Z,NEW_ENCOUNTER,,,
batch_001,encounters_athena_clinics.csv,119,ATHENA_CLINICS,120091,1c3ec09006a1001f0af875740f5addc68d917eab80f58efc6010315d5b9a1564,ceeedf05f98482648db9f5d975f417ece455693c53a833ade719f5c86d8f080e,2023-06-17T19:53:14Z,NEW_ENCOUNTER,,,
batch_001,encounters_athena_clinics.csv,120,ATHENA_CLINICS,107065,a17449ba90387e1b8735b3836a1230c2f2c4d5cdb3788d9a81d2c68fcd23e5c6,0ef017cd25c09bec3f81c37ff68965b6aef012b683cc70e1ce59696febbef6a6,2024-01-31T13:15:21Z,NEW_ENCOUNTER,,,
batch_001,encounters_athena_clinics.csv,121,ATHENA_CLINICS,106179,5d2c99d3bf2f3183943c6b8cf2256def026c8ed0722c78d821c5a1086cd65832,66e35184f7eccc25c4d238feda3be4572a314f7c161654de4754bccfcdea23bb,2023-12-31T05:26:34Z,NEW_ENCOUNTER,,,
batch_001,encounters_athena_clinics.csv,122,ATHENA_CLINICS,113122,c0c932263913abfdf8e96dad2b89d4887f3b3ba82d1788b67c630f306c6312f0,5c7b93e5711337adfa5c70a3bad078424bdf9fd402efb8efb6d61bc2e04f8033,2024-11-06T03:18:48Z,NEW_ENCOUNTER,,,
batch_001,encounters_athena_clinics.csv,123,ATHENA_CLINICS,103284,f05caf983927d28699e585ca63b0036c6d57c63a254b3ca859a5127c5b8436c4,560d1537e5a88be20275aecb6458c183c7969bb7099ec4ec78714e4a1e551850,2023-01-24T01:19:19Z,NEW_ENCOUNTER,,,
batch_001,encounters_athena_clinics.csv,124,ATHENA_CLINICS,111710,a1fe240353af5a07096c3dc6e4eeba6b85b2465b37425965c7f108f886f71ea8,be3a7dbf59d26fe6060d259ac900ed1f102f097fcfd23417df6360bfd8a6fa9b,2024-06-20T06:20:25Z,NEW_ENCOUNTER,,,
batch_001,encounters_athena_clinics.csv,125,ATHENA_CLINICS,132055,68c68b8aaca428822d1ec2cbe6aef6213f6c75b30113871be030034bb06500e1,afd1b4e1fc672b6c292b985ea4f8790295ee0be2d6649651ef08a4d9dc800fe4,2024-02-26T21:16:26Z,NEW_ENCOUNTER,,,
batch_001,encounters_athena_clinics.csv,126,ATHENA_CLINICS,128133,2946e1beed9b3aa11291177eedc2df096065cd7018795e16a0d0032c2bb9f2b4,7d75083ca01a49f9194aae3d56f887119a6d70cf17ade82c703721719d2df74b,2023-06-24T22:03:13Z,NEW_ENCOUNTER,,,
batch_001,encounters_athena_clinics.csv,127,ATHENA_CLINICS,139746,43a1bc2a3dbf709051cc3b2ecc2a418126ed1d58d1d9ae82a3597ce0293ec62d,ac18f0a39d4bd4dfe9438e5c70bf556cb3ab3395b2252e417c1adbe8108842c5,2023-08-02T03:57:11Z,NEW_ENCOUNTER,,,
batch_001,encounters_athena_clinics.csv,128,ATHENA_CLINICS,102361,243d509622dc934f3d02f6111a43e0e1f973534dc75ab3f59b9805d7a1bda5cb,c412ce85e7969289ac4ca77016c87ca577a184f7303a0bbd8139f6ad13c668d3,2024-06-05T08:46:38Z,NEW_ENCOUNTER,,,
batch_001,encounters_athena_clinics.csv,129,ATHENA_CLINICS,138328,a9805a65b4801eece1fd3b566dbbdc9282927848772636621f124a1bb48472fd,452cf0b82ff1c8bbd20ce3284a6e826cc4ea48cd635c38ac8faa378ac8bc7766,2023-10-16T07:24:09Z,NEW_ENCOUNTER,,,
batch_001,encounters_athena_clinics.csv,130,ATHENA_CLINICS,135032,b93d173ec317647d62e954bf7edfbe640647f98ef8f8f55ddfa0e0dea247c2fa,904f0a1516dd4d0817d599e47e9bf1c8dc64818951a02bb7107e499d6d1f8a1c,2024-01-04T09:49:03Z,NEW_ENCOUNTER,,,
batch_001,encounters_athena_clinics.csv,131,ATHENA_CLINICS,109831,9638461922d4bd877c4a90fffda24f4d5427457abb54312219f74260a3615399,c7eb862bb9f0ed46db0b4e8bad3137f9c27ce893c5261774580ff2dede10858d,2023-08-18T07:28:29Z,NEW_ENCOUNTER,,,
batch_001,encounters_athena_clinics.csv,132,ATHENA_CLINICS,128491,ed7ed747037f982a5a1ad47b21e434f6d5c9190fb8b2a00d3ef28c51a5676513,17a321c1e4ea4cd0fe39444c23c09f7eea6a6d7a10688f8c712a9188338a9e99,2023-06-02T21:07:52Z,NEW_ENCOUNTER,,,
batch_001,encounters_athena_clinics.csv,133,ATHENA_CLINICS,101967,61469b21780d58111ad064c42d571fb3dbeee5dabbb86cb1d40c939bb679cb08,7c830b49dc16cdaf73e1f2bb28daf594cdea1cf5216e259d7d75ef14a0db599f,2024-01-11T11:18:31Z,NEW_ENCOUNTER,,,
batch_001,encounters_athena_clinics.csv,134,ATHENA_CLINICS,112039,c1d79c71d6b56e6c175222cf64e87fb890ae699cf2a439b1d25f9d989412c185,955f141024e123b5f088123a468004d470d69e741973e3eb5feb2198d781ac5c,2024-01-06T16:01:07Z,NEW_ENCOUNTER,,,
batch_001,encounters_athena_clinics.csv,135,ATHENA_CLINICS,122132,c7074c710626cfa6a5fb81c15997b607eb871323c4752684d53d7532a7e9a3a4,a05022e07537ca03a1d1592fabc2c38cd78c400d559243f6576d8748ea40114c,2023-09-05T14:38:37Z,NEW_ENCOUNTER,,,
batch_001,encounters_athena_clinics.csv,136,ATHENA_CLINICS,109845,4da5ac54218598a7fb48237f8c87936a18364509857ea8f32f6e6676c4f2fa0d,d06526bb7d15fa3971d91fab1144d0ccb8007740e91df777c1af80f1a7ec511f,2023-02-08T21:41:55Z,NEW_ENCOUNTER,,,
batch_001,encounters_athena_clinics.csv,137,ATHENA_CLINICS,131596,104c5d4772e91823a36f4fc2acd0d39e651573825c0f49c64c67a2211f961774,3cf77dcae85477e973ce2a090a205af782e667f8c08629ffd382136aa2980fb6,2024-09-03T20:53:27Z,NEW_ENCOUNTER,,,
batch_001,encounters_athena_clinics.csv,138,ATHENA_CLINICS,117138,8041643df5d30dfb1184e20687694d0e17ed7849fb9ad5344cad9bcfc41c23bf,640110847502f4613847dcd02903cffbd4857df2a5b1e7f9df4d2ca7d0428daf,2023-07-03T12:19:49Z,NEW_ENCOUNTER,,,
batch_001,encounters_athena_clinics.csv,139,ATHENA_CLINICS,100346,057598654ddb6ca94f0f828976b3320f298252c0b47815cc02b0aff6a51b614d,dbc8c329d652d4666136dd0867517a27517b8347f7ce93814a6b51544a319770,2024-03-13T08:05:26Z,NEW_ENCOUNTER,,,
batch_001,encounters_athena_clinics.csv,140,ATHENA_CLINICS,101169,efa022311f50dad5b4d9a97e894605b042087c9d7d71533cf0e29b5f1e4a4929,ed83f2ee30f7b5498ca879acafefab1c249d9bd45a86199bdffa9c671100be12,2024-05-28T07:01:15Z,NEW_ENCOUNTER,,,
batch_001,encounters_athena_clinics.csv,141,ATHENA_CLINICS,114589,417aa19709f23cd41a081d2d9ec9452a82e67b3d17e9cff8207f08f6bf920847,98e8803a02220b29db0eca82343f6dcb77b2d3634f0e191c4a7d05ac100c5b08,2024-07-16T09:05:40Z,NEW_ENCOUNTER,,,
batch_001,encounters_athena_clinics.csv,142,ATHENA_CLINICS,139107,ff97cd3ffe8dfca0059870b3045b2d0ab0cd683a27a5a04e7c2c96f9503a4aa2,0bcb1cead9f7fc6d4edefbf3976b031810837e7f3700158237302c3956e675aa,2024-09-14T15:34:21Z,NEW_ENCOUNTER,,,
batch_001,encounters_athena_clinics.csv,143,ATHENA_CLINICS,112067,70c86288f536ba4515f0a442baea07f1febd9bb9ebd80dc27580cae9fd982a0f,2263e885f49173e81c3bff587f1eaf87d9e6837a1de4c424a3a1dac7224aae51,2023-11-28T16:37:09Z,NEW_ENCOUNTER,,,
batch_001,encounters_athena_clinics.csv,144,ATHENA_CLINICS,139824,6a4842280a097a691c029055ca4d842d279cabc351e7e9d7cce20b243807a805,c3fca831b8ef9f3e9796f39505d31ccb17944ed1b873fc222d2145237381dc44,2024-09-21T16:13:11Z,NEW_ENCOUNTER,,,
batch_001,encounters_athena_clinics.csv,145,ATHENA_CLINICS,102892,e4e95c366679537749e2dbe9cafcf9c3f23d93f027556c4afb81d1af2f9736a6,a13f9834140e0b0c66ffebb573856e7572b3d11e578bc4f6809bc0f8268c935a,2024-11-10T14:50:38Z,NEW_ENCOUNTER,,,
batch_001,encounters_athena_clinics.csv,146,ATHENA_CLINICS,113613,2f7cd27d519ea5dd2ff73f21a8ddf72ee87f802cad8772b8709bb119cade498f,2209554c0e3cb976673cdd407d5bb85a04fd15e96fb898b82898bb73afad2e7e,2024-04-03T20:38:15Z,NEW_ENCOUNTER,,,
batch_001,encounters_athena_clinics.csv,147,ATHENA_CLINICS,120847,a53e6bcd3c8726126e4d1b91cfc771a0dd8a458074e27a9b274136cfad72f374,a29ee5ea38732dac36e18a50ef34dd9791002fb0523c87cad9a67f4a2745ba72,2024-08-02T18:37:10Z,NEW_ENCOUNTER,,,
batch_001,encounters_athena_clinics.csv,148,ATHENA_CLINICS,116802,66a32227fb789c70226a02db58100e00f113132d0da766fd93ed7f37d7df7471,cf889afd9f5c55f571019bf5b1f362ec5e7ef25a45d494d97607f7c3fe5fb547,2024-08-03T07:47:37Z,NEW_ENCOUNTER,,,
batch_001,encounters_athena_clinics.csv,149,ATHENA_CLINICS,129038,6a4054ade1975017c1686ac1a6bfd03506deea3ad21ce9cd64b44d3f79791d7e,bf751946ba0cadba7fdf06b5bfa2943aad4c065fab2d90391674576712240f2d,2023-06-22T05:38:00Z,NEW_ENCOUNTER,,,
batch_001,encounters_athena_clinics.csv,150,ATHENA_CLINICS,110969,2297544cc1c7b35ef8f24ce6290972f90ed7367f6e106955e629cd6a8015e92e,c2e32f3adde3e4753a576a045be8f113836c3966d5f626209eeaa490a049bed6,2023-07-13T00:53:12Z,NEW_ENCOUNTER,,,
batch_001,encounters_athena_clinics.csv,151,ATHENA_CLINICS,102072,683bff155333207ce7783280831bc45b0c21fb75f27caedb0ceb3dc361f4ec5a,bd817666ae7ac5770db653b1c4d7de66ec58c8956d3bea8ea97de3370b9e7377,2023-03-26T19:13:10Z,NEW_ENCOUNTER,,,
batch_001,encounters_athena_clinics.csv,152,ATHENA_CLINICS,109737,180bf4fc0f5a3fd01bb122ff5e5b32bc1dc166dae258ef753ff569fa281c7535,871621172a48cd59b56db881e1e6fdadf4e4b36a8ad86dd63b2be4b664a3288e,2024-10-06T03:18:33Z,NEW_ENCOUNTER,,,
batch_001,encounters_athena_clinics.csv,153,ATHENA_CLINICS,105785,64b90aab08a0c2939b5fcefa1ce97e08e5dc513aaebe0c55283052552906d9c0,f8742a82285f413dae0eaa2182f79afd609132508e0ea07d4122be93c5a07aca,2024-05-15T18:04:24Z,NEW_ENCOUNTER,,,
batch_001,encounters_athena_clinics.csv,154,ATHENA_CLINICS,113424,6e623639100bfa2f061eaf40ee17ecd71b701e861bd38fe6d071f88a833df4a2,bbd660ea820058f9ce2cc7f262c25e218908a009a485d5efec3ed4d3788fb357,2023-05-21T05:51:45Z,NEW_ENCOUNTER,,,
batch_001,encounters_athena_clinics.csv,155,ATHENA_CLINICS,117575,0c58d8270a59b4eba87841ee78f08d10a18c85e37e7b3cb092ee74e34ea1755b,a76f43d2e6efdb61bc47ed921e0087fb65154182cd45ee7235d66d4ce00d1b4d,2024-07-06T05:45:58Z,NEW_ENCOUNTER,,,
batch_001,encounters_athena_clinics.csv,156,ATHENA_CLINICS,106871,0333856d9db5f6c90da33c3b22265990677dfae580972ac87f9c701864fd2062,4ef1e2157c084330ec07ea48d6bd825894623b702c0eaa64f1a1a2280cff706d,2024-07-28T18:50:49Z,NEW_ENCOUNTER,,,
batch_001,encounters_athena_clinics.csv,157,ATHENA_CLINICS,122203,5066e8622e67bf6f63ed3f9b454cb729ab7f9096c26b56b8545159f197fdeb2f,553b50af8bd169f77bb14c270b8be9399f4dcb9894dd03c87861879946034c05,2024-07-13T04:47:15Z,NEW_ENCOUNTER,,,
batch_001,encounters_athena_clinics.csv,158,ATHENA_CLINICS,104667,1cce85a53c5ace1d39fe32fa6e33b26ac649db3cc3422a57bfa21f0d93a95ecb,2516458900b78d1d5789eb40eb4cd7e01c9a53b76b171d0d9e4b4e9fbd885f48,2024-08-27T17:13:40Z,NEW_ENCOUNTER,,,
batch_001,encounters_athena_clinics.csv,159,ATHENA_CLINICS,108603,b15ad07f2a26b2f07085f584244ea142e8c85fe1881e2da438b12cb909ac811b,0ff60f77c976f78cf9736b7e3521f7e1be0f9838b73b04347fa9234a97cc88c2,2024-02-22T19:38:56Z,NEW_ENCOUNTER,,,
batch_001,encounters_athena_clinics.csv,160,ATHENA_CLINICS,112911,024579b762a76b2212f23d0a84c2afbb75dd2b93a63899cfb9bbd67aa63d9714,7c267c0812c741eb78938a4fa9f1b789245f691f777e33fadf46db4b5ed89c7b,2023-06-21T18:21:00Z,NEW_ENCOUNTER,,,
batch_001,encounters_athena_clinics.csv,161,ATHENA_CLINICS,108581,ab4e432c3be43c4557d5e1ef55de736f1f4d4c9a117f4bcd1a3ca03543d4c4c2,83c54fe52fa7c3d943e2c68b24b2b3abc7e1b1b6182d598b0f1af99f9b7c6da8,2024-09-21T15:28:08Z,NEW_ENCOUNTER,,,
batch_001,encounters_athena_clinics.csv,162,ATHENA_CLINICS,109393,ed21b01fbc6eb52462c150ad5e567c7517f02822dfd86178492f87b3381bf302,6d032cb0853b43a9dd7abb734d77cb1209242dd33f17498beee388cc69dcc65a,2023-12-28T04:54:50Z,NEW_ENCOUNTER,,,
batch_001,encounters_athena_clinics.csv,163,ATHENA_CLINICS,125458,6d5d6f3df6f91e21088f46ab9caab9827fd9692b24084ef3246e2d7fc37aa524,6674bd6f181758a090c7cafd1f5d8e58d5f7361abacdd1f5227a402aee4a19d9,2024-10-23T08:00:24Z,NEW_ENCOUNTER,,,
batch_001,encounters_athena_clinics.csv,164,ATHENA_CLINICS,133905,cea75a853c399d651baafd285214c028e8929e996510a4f46d7359cf883ac6be,377dad701f39ac745e736548845a99f0bcf1f82c5aa44b2fdda770622347d812,2024-11-13T03:43:07Z,NEW_ENCOUNTER,,,
batch_001,encounters_athena_clinics.csv,165,ATHENA_CLINICS,138592,b1391e5bb139bd021e41d2381a907deb7c95f37aa9776b5049f7935267e6d91e,d330bc201090f06f8db30bf8d22bc6d722c07eb9c413361db050564cc44db804,2024-08-27T14:38:34Z,NEW_ENCOUNTER,,,
batch_001,encounters_athena_clinics.csv,166,ATHENA_CLINICS,110125,aba587a5da9e3771cbc35109bdc8e7f86122cfe33e378bf2bef42bc91f103861,08345875fe1f014f18aa69bfc351730cef8c631f05500f28c83aebb1ad59bba2,2024-10-18T10:39:29Z,NEW_ENCOUNTER,,,
batch_001,encounters_athena_clinics.csv,167,ATHENA_CLINICS,134688,2fbab57c938357cf855480b579b4c74093c458ff8fad1a0e7b81c2179e166362,007ee15b4292569927766f5cbba5d1446e15beae2f1b9818d3096c0fd7bc56b3,2023-01-28T12:10:45Z,NEW_ENCOUNTER,,,
batch_001,encounters_athena_clinics.csv,168,ATHENA_CLINICS,102409,f37bb82ec458b6bf1f339a3fcc5839dc015f638331b7980ff4ac2dca4136bbc5,bad9978d11e45f089b212c2e28349da5b468bb8bf88e34c94d020bcc23a07aca,2023-10-12T03:05:00Z,NEW_ENCOUNTER,,,
batch_001,encounters_athena_clinics.csv,169,ATHENA_CLINICS,130844,8b3bed3b74813bb7d46d33d3fbf1934960f24fa30683803b6a4ec212c2fc97f3,b0a2820fd8ac861667c7e714d0a31aec87a71a8f3962056ba2aee76eb3dc2855,2024-02-01T23:14:41Z,NEW_ENCOUNTER,,,
batch_001,encounters_athena_clinics.csv,170,ATHENA_CLINICS,109426,29b0f144cc6c78bc34b83b7346625668d6f36f4922deef692552c3e2d3c95e7e,6f66e70463d8c4e82a890ef9bd661bf55a6aac7112608607789f3925f6a1b940,2024-06-19T15:21:33Z,NEW_ENCOUNTER,,,
batch_001,encounters_athena_clinics.csv,171,ATHENA_CLINICS,128536,0a1489801237c8031552279e2be76361ac3a389505e5e218ff7e9fd5a0396922,2aad9dd7627228ef63e15ff33489c91dd4f82946ed8d8e5f2c8dd0eca2943329,2023-11-02T02:20:25Z,NEW_ENCOUNTER,,,
batch_001,encounters_athena_clinics.csv,172,ATHENA_CLINICS,112654,bfa3c456082322f381f7bc0e69efcc6a6bed027673a375038901fcf70cb73ca7,1104909df4165008c4b34a46a8438b41b345d61d0a6d5e10449a6490104990f4,2024-10-18T05:06:10Z,NEW_ENCOUNTER,,,
batch_001,encounters_athena_clinics.csv,173,ATHENA_CLINICS,119667,59e9666723b6e8c41dbb933fa800ecf71402ca23c98b763b0ee951e1172ada8a,7284f4805e018964d26b4c51531864bf664519f4a1cb4b5d86f20dec8ee97035,2023-06-01T08:09:32Z,NEW_ENCOUNTER,,,
batch_001,encounters_athena_clinics.csv,174,ATHENA_CLINICS,122808,d9faea1748b5e7319fcf6e3e3aa6c035fe6a2283508a1049c163063149164954,dc350014be6cb69babaa07869cafdc97621c7310ceab3fbc4edfbd8aae2fde55,2024-01-14T06:39:45Z,NEW_ENCOUNTER,,,
batch_001,encounters_athena_clinics.csv,175,ATHENA_CLINICS,136713,ab15d1862fb6c8fb3b78479734f67a929a643b3b9cc6d87f52a6a86276b6027d,d7a8cae9cd9a7e4bab444e9999781021551d948faa52759e61efd9fb86cafa38,2023-12-22T22:33:45Z,NEW_ENCOUNTER,,,
batch_001,encounters_athena_clinics.csv,176,ATHENA_CLINICS,123937,7b91df544789d6d65b3614f16904a646346fc3aea163d4eb5c00f0bb46a7173d,92d7b89cc3943d5c5013064d800ccb05b0ac7a901fd2561b10f90eb7ab226398,2024-10-26T18:51:16Z,NEW_ENCOUNTER,,,
batch_001,encounters_athena_clinics.csv,177,ATHENA_CLINICS,136903,78766c1407065c8dd9f33e63f065943895d62b31d5960f4f856c61769e7868a9,5b72e046d16d3c3fcdb8ac957daee7f3c47bee4011254e1285d42e4d12be03fd,2023-06-12T05:23:14Z,NEW_ENCOUNTER,,,
batch_001,encounters_athena_clinics.csv,178,ATHENA_CLINICS,104624,76a6daeede27b93816faa75853238bbf50f82ca0c4974fc154c92850306837a3,9b4cd5a7382b4ddaf0762aa01d1ec43025d066936dd977c1a09416eaa35909ef,2023-03-15T00:20:34Z,NEW_ENCOUNTER,,,
batch_001,encounters_athena_clinics.csv,179,ATHENA_CLINICS,117058,b4b44e794149eb3394148ab087ceea1020884d48f4b9d3bb5d5fa3366a57d66b,9208fdb6f4bac66425c3a1b29c79a3fb869fda3bb063e518a6077079316768f5,2024-05-11T09:02:52Z,NEW_ENCOUNTER,,,
batch_001,encounters_athena_clinics.csv,180,ATHENA_CLINICS,115859,cc848a10d8078b81452962277c4fa1c9650e343bc0fcc01620daecc64fb9655a,30b1f8df16b03dae0b678d138f19e0e7d9dd47398dac38becf29b94bcb73b035,2023-07-27T09:39:51Z,NEW_ENCOUNTER,,,
batch_001,encounters_athena_clinics.csv,181,ATHENA_CLINICS,139507,18f7c48ac6948d5049640f125970f5fd034c934c5ea10397b288fc3854078b7e,37b5d42517fc6d62c68df903eb5a89ccb4ffa7cc8816f58a560b6b506a300a6a,2024-10-29T19:52:47Z,NEW_ENCOUNTER,,,
batch_001,encounters_athena_clinics.csv,182,ATHENA_CLINICS,134975,0a9802d0b2585d14995c8a630cbfc81fffcf1f2c5f8279a147de4caa4ae7189c,f379f35acd6bedb8ea1ea2ac755449946c38b76bc896d2981d241c7e68d5acce,2024-10-26T11:15:30Z,NEW_ENCOUNTER,,,
batch_001,encounters_athena_clinics.csv,183,ATHENA_CLINICS,122342,e2901b0dbfe307ef101fd186a617c7f0c4327220167e8ff847f63f68e939831b,38302a020e35062ab375ae907c1144a158d0e4fde8c5195f44afe038bd74eff4,2023-03-23T09:36:38Z,NEW_ENCOUNTER,,,
batch_001,encounters_athena_clinics.csv,184,ATHENA_CLINICS,136259,2368029e9db2d1f252d40e753aa4a97ebac2b7a6423f617b7a5e1b75e55fcabb,0b8e11bf270237eb32a46c98529e0c924754acc6264c0ca1f96add431ee44f1a,2023-06-03T00:44:44Z,NEW_ENCOUNTER,,,
batch_001,encounters_athena_clinics.csv,185,ATHENA_CLINICS,137487,5dd25ec5146b9694a779d276695e35b12f87c5d040b377e01f67f383ed48c348,7736fabb7ad4863987b4083f03381066ba2d49fe2d4a00aec60f05964e6d271f,2024-10-05T08:40:05Z,NEW_ENCOUNTER,,,
batch_001,encounters_athena_clinics.csv,186,ATHENA_CLINICS,112385,9481c2034caa6a8f0d0ea27ee7833ae60d18fa87400d69b0223c831cb94885a8,af3fa70165b25bebac30e2d9846777b5ec3e15e60c3d6cde88da443874182db0,2023-05-18T00:01:19Z,NEW_ENCOUNTER,,,
batch_001,encounters_athena_clinics.csv,187,ATHENA_CLINICS,110926,9b4516ad9acd6f3c67fc3bb992a1f4f6328ebf020d72a97715fe72bcc1e48bb7,8e6b91f93f21398b6b4fb5b4780d777c157d47856f1797148d99cc38c8a27286,2023-09-03T05:15:05Z,NEW_ENCOUNTER,,,
batch_001,encounters_athena_clinics.csv,188,ATHENA_CLINICS,110400,673d5ec4d484654634f807f9b91ce3bdf20682d13db2349777278fe44afe25f7,4cc258926eb68a2e76b1bc83cde0c5e130f766e10bf8bda5e3b0a3f52d63235b,2023-12-08T05:16:31Z,NEW_ENCOUNTER,,,
batch_001,encounters_athena_clinics.csv,189,ATHENA_CLINICS,120482,af5efd8fa53e442d39f78f21b91b7a162568d26e6ebabed68ff7b68b5414a16b,dad5dab46eb85655c05526b5e13061fac0ce7102dbf5a87fcb98a29b70154547,2023-08-10T19:27:43Z,NEW_ENCOUNTER,,,
batch_001,encounters_athena_clinics.csv,190,ATHENA_CLINICS,118796,8e4b17459a07bc54a4e44b3850e407cca35dca4effba3b8801f107e3c9b4b2ab,c65888a622ee203313f1a5ddb3130d9aed2c56ddd5c0777e56eea70f547b902f,2023-03-10T12:22:37Z,NEW_ENCOUNTER,,,
batch_001,encounters_athena_clinics.csv,191,ATHENA_CLINICS,133261,7daed585c839a8ce6772fd0b7140d86884c0bae93bb83c24c138f8bcabe451d5,518e513e80206929a552a1f22680f255c5cab261706b72d731f6d76b2daeefc8,2023-06-14T22:30:07Z,NEW_ENCOUNTER,,,
batch_001,encounters_athena_clinics.csv,192,ATHENA_CLINICS,111988,c56db34b881637b909d23ae9bdac2add0fe4eb88fc43cbd7fa1827f8a93028df,34537caef4147366586ab43489d3dfd7ac4d77622459741730350e4e0a073bcc,2024-07-11T11:00:57Z,NEW_ENCOUNTER,,,
batch_001,encounters_athena_clinics.csv,193,ATHENA_CLINICS,130523,c041e905475b12e42bfb1f41f45d6302bf747d47e11be9f75efeb02b14bf4e0a,cd184d8c7092e85d7219ecb6a460f7e0c421066e6896a573febd183f9e286d6f,2023-05-02T01:17:57Z,NEW_ENCOUNTER,,,
batch_001,encounters_athena_clinics.csv,194,ATHENA_CLINICS,127571,15fbc90dd5bb76a49bb4823cff19eef63eed441a4e31a861a968f2921bdd0ef1,56d90e8156c9758f9a75c38018799d6c5d2fc012b111b97481a7d2e336389ddd,2024-07-20T17:50:10Z,NEW_ENCOUNTER,,,
batch_001,encounters_athena_clinics.csv,195,ATHENA_CLINICS,116417,0c77e6a7264827b0d87d4066bdd00a08248e33365ac652e53335dedaf497a319,e6b9b878800d9acd6dbf8b7e9f37f2d7415925a35be1ae1c668f9f9d79575f5b,2023-07-06T16:25:43Z,NEW_ENCOUNTER,,,
batch_001,encounters_athena_clinics.csv,196,ATHENA_CLINICS,131970,25532c0d48a42c615af2a1d595a456bc0869f16cb20f1d0450d489d88ed30499,40aa0ecfe4221eba443b1a7b15016c1af86c3eb8e0c4ad51619f149267b68f54,2023-04-01T03:20:03Z,NEW_ENCOUNTER,,,
batch_001,encounters_athena_clinics.csv,197,ATHENA_CLINICS,133141,829c68bee3df45f7071faf6562e3cff965ba11010b9e6a56cbbab025784401ad,ea330fd82243b70601554a41a09fb1198b497c737fbb5c447ea630af3a28be58,2024-09-21T23:21:47Z,NEW_ENCOUNTER,,,
batch_001,encounters_athena_clinics.csv,198,ATHENA_CLINICS,118243,d3264e9d3818383a57f6dae0ef7f9d4ebcb0a3ff4f6be4978e5d6bacb633910c,48ff20b81e395416f8e8aa52eeae425544a77ac16f1ac95d80de68a891e29494,2023-07-28T02:04:44Z,NEW_ENCOUNTER,,,
batch_001,encounters_athena_clinics.csv,199,ATHENA_CLINICS,108001,f0bc8c102a5da478b958821c92056c2267e09970addf44b2c1d1e9095130e68a,b741b5d2507d9baf25704019265e5c3a7eb31c30a426a9c2eca4bbf58f2c53b2,2023-04-19T15:04:21Z,NEW_ENCOUNTER,,,
batch_001,encounters_athena_clinics.csv,200,ATHENA_CLINICS,133006,ca34a0e93eb648ab6a9e6412be7e97973c803da2c46227798bb9bb248e680a1c,e6e0fb4536307309755db8b2370be2f719bd53a31ff82502e151cb76a77d4fa8,2023-12-30T04:00:08Z,NEW_ENCOUNTER,,,
batch_001,encounters_athena_clinics.csv,201,ATHENA_CLINICS,120270,4b6e4a00ec6a85c3bacab647d8d25402749cdb5fcff23b8096930c20a966f43e,50bc8b0d6ba7f5a34ea61e6ac67a246b5ba7eb5078bd0e945285945c7358ace8,2023-09-21T17:08:18Z,NEW_ENCOUNTER,,,
batch_001,encounters_athena_clinics.csv,202,ATHENA_CLINICS,116523,3e9d004b338663545f5706fc082eb9f5c0459b514b49b127422b9b5fe1fb054c,33463480e957dc4e7bab22986afe2459b500649bfae94fa8fe6a0cd5fbe7f9b5,2024-09-24T01:35:12Z,NEW_ENCOUNTER,,,
batch_001,encounters_athena_clinics.csv,203,ATHENA_CLINICS,125758,ae97bce432d015549eaa02944e996de9856fa170ad99cb0879972b1568c342cb,097f4c4952be8061aa7cc30e78312822732af77a34150238cb99278d2eb3a562,2024-07-27T16:00:23Z,NEW_ENCOUNTER,,,
batch_001,encounters_athena_clinics.csv,204,ATHENA_CLINICS,103537,9f4833a6bd8e148cfd4da9020027f02331ece45526e7eb1cceb2ca84d82223e7,5066d7b42cfbe379f951482ac306d04433e74e7b77768331e1ab0be3eada3dfc,2023-12-01T14:55:18Z,NEW_ENCOUNTER,,,
batch_001,encounters_athena_clinics.csv,205,ATHENA_CLINICS,119322,1e9a1a7eb7e4743e02b27faedf6c5bdcf7ac55856f3ce5d6e7cacac72f79ef3a,ffbec4e234d558bfca6f0c20e78ed7dce35b52cc57894724788845c32744ad80,2023-09-03T04:52:34Z,NEW_ENCOUNTER,,,
batch_001,encounters_athena_clinics.csv,206,ATHENA_CLINICS,139779,f63e67207a66771431d39894116979b653ff9cfbd8e9a4d58ef8631298c66a18,24cca3eb3057c4603b5c165a3f8dea0a000c8cbbc02f4e8ac97e815e966905ad,2023-11-03T05:04:29Z,NEW_ENCOUNTER,,,
batch_001,encounters_athena_clinics.csv,207,ATHENA_CLINICS,129884,1b07d5b9981a200662241c5e9f764b7a87e46f227ff5d99802aac38ecdd78cb1,4cce7a0a6cc9c3e6d167c28c4913d093b40c2b256098b524e8113dec59f5735f,2023-03-21T22:55:47Z,NEW_ENCOUNTER,,,
batch_001,encounters_athena_clinics.csv,208,ATHENA_CLINICS,136679,2441d3d4faaa099b56c91b5aea1a286f010ee763cce0b3fa24cd1dec0b87a4c1,264187624b554f930bc1a199bbf77ac356a40f16fb967b8e8114edaad896caa0,2023-02-15T11:30:00Z,NEW_ENCOUNTER,,,
batch_001,encounters_athena_clinics.csv,209,ATHENA_CLINICS,115949,bd51d34d4856020f8c910839770d3953adbd901f09b22394dcb0c95ee7df14a0,e865f5d9c2da7af25d5408014b9498f4644c568c59f050d25a99ea085408b539,2023-01-28T11:31:03Z,NEW_ENCOUNTER,,,
batch_001,encounters_athena_clinics.csv,210,ATHENA_CLINICS,136233,48f69e8d4130eab88d096a1d32c62f412cee37b01215f8e5c8a316541ac5e762,77958a9d3c2e1a1557bcd72b03461b52f1d1230ed02e89c3f0a6aa3c79800fcf,2024-04-19T19:15:03Z,NEW_ENCOUNTER,,,
batch_001,encounters_athena_clinics.csv,211,ATHENA_CLINICS,123608,d7417028e3d75de28a80387ff2bc3b32a03248a787579f20bbdd09aacbbd6b4e,ea60e3739863adb08d9f5633529721519d60702c46d3b7abf4634b93bc1d3327,2023-06-01T11:57:02Z,NEW_ENCOUNTER,,,
batch_001,encounters_athena_clinics.csv,212,ATHENA_CLINICS,125068,c6ae6de8e9a19bc73da6fd6618ddb23bce668905ea4cd099d95be02202ae698b,6d3c4339d2181bfebd3eec25799395bada3923053d948b4051ad37a17197f64f,2024-02-10T15:35:30Z,NEW_ENCOUNTER,,,
batch_001,encounters_athena_clinics.csv,213,ATHENA_CLINICS,120348,61000ae2bd371b55fb5bc65b40bef92d43998bb4cd186c90253223d53a38b393,ade61108a9e8dcd304d1e8227815bb6fdb011640cb1bd398309bd153ff080933,2024-09-22T23:36:03Z,NEW_ENCOUNTER,,,
batch_001,encounters_athena_clinics.csv,214,ATHENA_CLINICS,109491,ddd13a7dcccb559c8fedb3e092687388e4024a696782376b631b4473cf214141,fcdf9fd4bf93328096b2470bdc947812c4af38c4337ee580cb644ace55fe0286,2024-08-21T13:15:15Z,NEW_ENCOUNTER,,,
batch_001,encounters_athena_clinics.csv,215,ATHENA_CLINICS,103659,a8602a7f0c26275ea03bf8788ef776969140e91c95d3c04313c710037978daba,fc4268bbdc9dcb1bd57229bfe3a007fde74d401966a42b82cae0b799c681476b,2024-08-09T17:03:50Z,NEW_ENCOUNTER,,,
batch_001,encounters_athena_clinics.csv,216,ATHENA_CLINICS,132285,cc538792d37a7df795252e3225e38359cc2a642d6f54ae0048d5c41535321ce6,157e022c949b9df072caeb7a995944c5ece8dcf104a4fb565911f7143f5a4ba0,2024-01-29T13:53:38Z,NEW_ENCOUNTER,,,
batch_001,encounters_athena_clinics.csv,217,ATHENA_CLINICS,128728,749ee6adc08c6ac96a271b6a4bbebf00abc5c747030aef5ab530763099c89905,af5cb1d66c660a05e250948e03e93087c05fb675ec08ffffdf9bcf14d649956c,2024-03-18T11:47:57Z,NEW_ENCOUNTER,,,
batch_001,encounters_athena_clinics.csv,218,ATHENA_CLINICS,117968,bae93ee1676f5e95f1e5232456c0fa3c51380ae8d56d2ecc1a4265a28e9fe690,7f277d567182b55dd0fc0939eb3ff91be61039767c5d7b292d98189de8ca3254,2024-11-08T15:12:34Z,NEW_ENCOUNTER,,,
batch_001,encounters_athena_clinics.csv,219,ATHENA_CLINICS,109334,e79c7a94d2e90f8402e29475c188e2123908d2f021c89b08c10e4f1ce1708fa9,1f873596bbf5f8adb0eb5345d9b08f61455870cfbf67f191521aabeecf5b877d,2023-05-29T11:23:45Z,NEW_ENCOUNTER,,,
batch_001,encounters_athena_clinics.csv,220,ATHENA_CLINICS,135137,cb8bbf1152270c287b72d05965ac6fab1ee00eeceff52d1346f57d555b126bf7,97df67d717dc01601a6d3f9dc848ee68c69547f11973934f4ec04077d0b99b17,2024-05-07T13:34:46Z,NEW_ENCOUNTER,,,
batch_001,encounters_athena_clinics.csv,221,ATHENA_CLINICS,123011,5165525c36117f989ba415b0f08b9a7b81b89be70da8ad2c2cbf165d8da80c52,f5ed713a790e7e457936cdce005eeb45ffa683854cdf4c9d0ecda7acf9375763,2023-07-25T22:15:54Z,DUPLICATE,DUPLICATE_IN_BATCH,EXACT,
batch_001,encounters_athena_clinics.csv,222,ATHENA_CLINICS,126288,1c8fb11a1b885f5afc16fdcac1fd78beeb87b9eda0140a19b16be3b6c341c8ec,52e4e415f5eba1d8fdec79c89731c35fc8b9210676e2dbdda26da76bc2941b96,2024-08-04T15:30:35Z,NEW_ENCOUNTER,,,
batch_001,encounters_athena_clinics.csv,223,ATHENA_CLINICS,136233,48f69e8d4130eab88d096a1d32c62f412cee37b01215f8e5c8a316541ac5e762,77958a9d3c2e1a1557bcd72b03461b52f1d1230ed02e89c3f0a6aa3c79800fcf,2024-04-19T19:15:03Z,DUPLICATE,DUPLICATE_IN_BATCH,EXACT,
batch_001,encounters_athena_clinics.csv,224,ATHENA_CLINICS,120117,3c3ad41fc8c02525588a253be59b8a1be0d3cca4d22f8f2818a362268567bc07,66d20cebaf56e865d4b88be6de56a8126c3edaee2ed26e1448656171c1d89d6d,2024-10-12T06:05:27Z,NEW_ENCOUNTER,,,
batch_001,encounters_athena_clinics.csv,225,ATHENA_CLINICS,116474,2dac16b36a3a61f0affd9659959f5208f4af3cd9e2d416039cabe6d113c3b9a8,d8c26cd36458016bdbde5a7beb8cc6e181b064067bd02ffb00c47edfe50de566,2023-02-10T15:53:19Z,NEW_ENCOUNTER,,,
batch_001,encounters_athena_clinics.csv,226,ATHENA_CLINICS,135986,6f3204a727e60df57ec9e7f2de40e981bb0d0b268daac1cb431d8a98c36699af,1d1f6c6ed8b5f0c5be234988364c10b91d8427aec1a2448fd0fa3f949dd3e9fe,2024-09-05T17:37:48Z,NEW_ENCOUNTER,,,
batch_001,encounters_athena_clinics.csv,227,ATHENA_CLINICS,134129,9cda40c9925a13e9850e637384d72067f418ec6ef9e888025ab3e3a5cd128b5c,2292de15012e0b1aca11265d8dc7302b03ab4ef386c9ca51d4043cf541af84fa,2024-08-28T13:28:32Z,NEW_ENCOUNTER,,,
batch_001,encounters_athena_clinics.csv,228,ATHENA_CLINICS,120564,a5011ad9eae65598acab3d93906e6690df9dac2d0e2e9c6c39d8c5edd0f07b17,26b2c5d2519335a26e94c2153e7855dd4d064575e5ffe19410c033922ac9a3a6,2024-01-23T02:14:35Z,NEW_ENCOUNTER,,,
batch_001,encounters_athena_clinics.csv,229,ATHENA_CLINICS,128927,f2965faf7b669d5c18f59dbb603be9f1af38cdba01c0b341d5b1cb37863ddc81,681b8626aa373e17eb9f711ed1d37ffa511e06213a74b833491c726f1d441896,2023-11-14T22:39:40Z,NEW_ENCOUNTER,,,
batch_001,encounters_athena_clinics.csv,230,ATHENA_CLINICS,138976,3347404bde3d10055783482d42e643d2e63cd0d3d1258e102108d52bdb230181,487f0d0696b92bad35c047768ddc39f234c96401d0e516fbf68c084421e7593f,2024-11-20T06:00:19Z,NEW_ENCOUNTER,,,
batch_001,encounters_athena_clinics.csv,231,ATHENA_CLINICS,100274,9925bc1346756f982fc3564bd27bf304db4fcbaf2d7ddc7daa72f9f941b68954,2c0dfa1bba29217479049bc46a53c2fb5f600e7fde6ec984728778652a3187b4,2024-11-18T05:46:15Z,NEW_ENCOUNTER,,,
batch_001,encounters_athena_clinics.csv,232,ATHENA_CLINICS,122059,4ffc42b6ac6016b6a87d5329ec09ade4eb3c549f2674488bbb5852f902295263,d3702ca77c5796c7f0abca42287f81aaf0887eb5f43e5874780b21c9151d5352,2024-05-05T02:41:08Z,NEW_ENCOUNTER,,,
batch_001,encounters_athena_clinics.csv,233,ATHENA_CLINICS,112478,cc6389760f8a4d6bba38178ba7d74e9543989507f4e0043179b7d38462cffe21,9f8e7006c734aeb3dfc12375439f2abb2a50bc953e7841ea1b8d092d4082cfb0,2024-08-01T04:42:06Z,NEW_ENCOUNTER,,,
batch_001,encounters_athena_clinics.csv,234,ATHENA_CLINICS,115667,8a0e53572977caeeb433af8f12e7538133da7fa767aef3c7a185fff549ec14a2,ade33d3082f5c08e51c76f2f1cd8464d9f856c4cce4dbc136529c0a587ce04ff,2024-10-15T15:33:29Z,NEW_ENCOUNTER,,,
batch_001,encounters_athena_clinics.csv,235,ATHENA_CLINICS,128315,b40f1ab2026851ea641a6d7a5c9f0eb542598303d3813ea8e37b08477e503540,87f574739fb6040a464c0d6f66ffc9fdf9dbbeb0bdf2626a855f0cc02df4bb8f,2024-11-06T16:53:37Z,NEW_ENCOUNTER,,,
batch_001,encounters_athena_clinics.csv,236,ATHENA_CLINICS,114492,0bd900d19991da9358322f6926cbdfbd66a59fbee064222bdc1aec94b0bc814c,5327d6022e2980270a28048915de3ce8e21506013bcc351c848c406e087646ee,2024-09-30T05:11:12Z,NEW_ENCOUNTER,,,
batch_001,encounters_athena_clinics.csv,237,ATHENA_CLINICS,131745,dc1917ba7864cc180c1a788ad12f5b7e281a187de023e09011d7047a2fe9df75,e8d502bf29529aa57f8ef2e641e1494a6ae007f83580371d02bef0a17e78e8ca,2024-01-17T22:42:32Z,NEW_ENCOUNTER,,,
batch_001,encounters_athena_clinics.csv,238,ATHENA_CLINICS,118601,cde62423a404d14054b00e1d0f4867fd6ec61bc01b371360ecd9cae892599fa2,c0e05a04e5548c1bc4fc99c7ff071a82f8dbc23f89cc1d2d3c20a7ee5d4b77c4,2023-06-09T08:53:55Z,NEW_ENCOUNTER,,,
batch_001,encounters_athena_clinics.csv,239,ATHENA_CLINICS,106759,61847851eaff36ac69a9f9ba045810b0542995ffb7ce996d249ad17088dc9593,5aaddf923b8b57d5367faf12877218fa410da4dff8dc25d45e5f3d05309bcda2,2024-09-01T12:59:24Z,NEW_ENCOUNTER,,,
batch_001,encounters_athena_clinics.csv,240,ATHENA_CLINICS,126808,98781afa7a11a130f2a6dfbdf63650dce7a58dd89631cd9f587338350d617a22,6d5343dad9acce5f82cafcc77353a6be490e314dc557a14d394c97f7ddb0dd2c,2024-05-27T03:21:00Z,NEW_ENCOUNTER,,,
batch_001,encounters_athena_clinics.csv,241,ATHENA_CLINICS,138245,254799f22c2ee1e18bca9d173a0dd7b0c68f1b030db0949a4e75eb0322884dde,3badc71404799eb44a22aa1d93f49b8100cf6568cfee83e4561fb824c729dde5,2024-05-23T13:20:56Z,NEW_ENCOUNTER,,,
batch_001,encounters_athena_clinics.csv,242,ATHENA_CLINICS,121793,7d451e9321c678876b40bcc3fe4d51bea5c30082d6107d8ff8627fcefc2f3a83,1b9160e3cb6da83c83026303407f7847786f61529ffa6f5d5d67d4d27ec7f9e6,2023-08-04T12:48:51Z,NEW_ENCOUNTER,,,
batch_001,encounters_athena_clinics.csv,243,ATHENA_CLINICS,105771,fcc808aa75f0a1cd58d89ff0dbcafded92c6125aacee78f34bc168ddd4d30efc,76d9f9f6ee844f7c426999757dcbfba6f45c95f3464eff3cb5485b87d0e0d96e,2023-10-02T17:28:44Z,NEW_ENCOUNTER,,,
batch_001,encounters_athena_clinics.csv,244,ATHENA_CLINICS,139087,257d7b58b4d18e6381a90d995104b3daf38c43b4471c0b07a8842d68429d538d,4bed54ec6eb61ff727d85e6b8b25efb03becebd38b4f4a3d0c320f061a96ee35,2023-05-21T00:54:42Z,NEW_ENCOUNTER,,,
batch_001,encounters_athena_clinics.csv,245,ATHENA_CLINICS,112640,fa96dfa120ace7c748af191069704c61c81f15965575ee876844ff79afcd8849,53b53f05576c0b66051378a389cfafd8da0ed3f27662dad6100ce727243b6ab4,2024-09-03T18:31:14Z,NEW_ENCOUNTER,,,
batch_001,encounters_athena_clinics.csv,246,ATHENA_CLINICS,115317,0144a3ae86ee0d2f8381422236f0339ba2711502edc718d6cb6e36a277d382c8,20f69ed8069198d6e3b4f6c2cd4fad9775e3a3425303e47300e503ce9a2aa767,2023-02-18T15:13:51Z,NEW_ENCOUNTER,,,
batch_001,encounters_athena_clinics.csv,247,ATHENA_CLINICS,121340,38b78634a0bcc8b3413450ea29fdb38af5c05b379067b915dd8f5679a0746b70,4befd9bffc11fdeb34cf3f8c2cbdbdf1101b8f586e812ed15ae60e3fdd53a31d,2023-02-02T04:00:50Z,NEW_ENCOUNTER,,,
batch_001,encounters_athena_clinics.csv,248,ATHENA_CLINICS,125266,e5cca378bdb0c31ffa86ddc96f305dac651d0dda021d027e5f47a0a8075672a3,a24a627e15e527f30ca4b0c8daaa313685faaa34ef6ece4b6c8de61868e26e20,2023-02-13T01:15:53Z,NEW_ENCOUNTER,,,
batch_001,encounters_athena_clinics.csv,249,ATHENA_CLINICS,127031,abe43f7d9b6e00518ecf8c8dbffdcf4e803e68701197bf00936db26456394879,6453c8eba378f89eda005a6bd79fda7f6df60e5dccee33af665481cef2d290a4,2024-04-22T00:24:16Z,NEW_ENCOUNTER,,,
batch_001,encounters_athena_clinics.csv,250,ATHENA_CLINICS,111463,f3d15bd10d1788b250dda7959d3ec8f3d5edb307b1185d65d5862b3501b12768,42a5b9bd4d6973fe0b24ae68c4bc96c83c3c8d7a0b7fda8991352b2ad5613314,2023-09-28T20:47:53Z,NEW_ENCOUNTER,,,
batch_001,encounters_athena_clinics.csv,251,ATHENA_CLINICS,116470,a00135df2917862e3a093dcbd8bd089460ead98c272d6e7a683ef5ab2f01b1af,d309c74bdc2858b4a77f6777954d62735e436bec2a28e65fdf0f3567aeaf477d,2023-07-21T19:01:52Z,NEW_ENCOUNTER,,,
batch_001,encounters_athena_clinics.csv,252,ATHENA_CLINICS,139119,52decfa56d40cb3b3a118a0c1faa98968f853d02e5f28f3ab429a12fcc1ee03a,275f3046714ceec73fe33fed77e0b88fc07122c98d606477f308e87a8a84ecbd,2024-10-07T19:52:00Z,NEW_ENCOUNTER,,,
batch_001,encounters_athena_clinics.csv,253,ATHENA_CLINICS,137189,60983890295a79e921cbc7dafe525668b92b4344ee9eaa8d73ca1ced24b4fab7,e92a287bf532acc3d33cdaf2f2b5ad92eb4988f9c1b7c5591a1daaad61d8fc02,2023-09-28T00:02:06Z,NEW_ENCOUNTER,,,
batch_001,encounters_athena_clinics.csv,254,ATHENA_CLINICS,130184,d71ec230305c12dce82b8efe5f5b6d5e44207e5616ca3c767924b11c4b00bca5,c4d0b75e9b9d2057fb4778a7da3bcd69997d63c682980822192f2798f10cd621,2024-11-02T13:44:13Z,DUPLICATE,DUPLICATE_IN_BATCH,EXACT,
batch_001,encounters_athena_clinics.csv,255,ATHENA_CLINICS,112353,145d6cfe9b78531f7fd0b80ac9ee71879eb7cc55663e59f0c1f04e238144f4e9,a962823ef1e3031d1a9e59d1156206e5381a992a1e519ded3c1456a3a158b8de,2024-12-03T14:58:14Z,NEW_ENCOUNTER,,,
batch_001,encounters_athena_clinics.csv,256,ATHENA_CLINICS,130552,0380c5e8f9cfaf1074a75cd66ef04e276849600516a7becb430e8a7268cc875e,577613481f5ced6a6e609153b5edbe9ef714bf2ac7a58c23882f7c98fa66ff73,2023-07-08T20:42:42Z,NEW_ENCOUNTER,,,
batch_001,encounters_athena_clinics.csv,257,ATHENA_CLINICS,112204,3d8e056c2f19de6e479f9ade8c3b3e48ea818878ada2bb8890b7af25ead0414c,9093975d34f513f390d9ecb15bdc8f11d295cf09b4b81450f1516f3d0a51b5af,2024-01-31T06:50:08Z,NEW_ENCOUNTER,,,
batch_001,encounters_athena_clinics.csv,258,ATHENA_CLINICS,132397,1aaed03632fe284db852d47328ab8243fe476f9c08a406041ae2db651635de55,5e0ea0ea2fc01618269216d7bc6c9a44c75bf8bd4e08b067306d10825beb6214,2024-09-28T21:30:07Z,NEW_ENCOUNTER,,,
batch_001,encounters_athena_clinics.csv,259,ATHENA_CLINICS,139777,d9624a403ac504b9b208b4a2f6056111a692c3da137a3a590e984dd0b7f66a2c,d6119d0e70b9241bd318b8d2aa48fb6a7bcc183f20c472d9bbf28607d76c384a,2023-10-28T00:28:36Z,NEW_ENCOUNTER,,,
batch_001,encounters_athena_clinics.csv,260,ATHENA_CLINICS,124180,2f078fbe7cb4addaa98c4bf1b62d084bc0a8ea9d12624c2dd4aa5810acd3a4bd,ff618fb540458022081328fd3e3dd716d8334b1fee5b29d73c8c55407b6a0818,2024-01-28T12:01:26Z,NEW_ENCOUNTER,,,
batch_001,encounters_athena_clinics.csv,261,ATHENA_CLINICS,115863,2d76dac13f4ab2f559250c89b1d1bba70c02603414abe175e7766c467461470b,2439aa60731a015c9628229ce0886fb7a2b645df279ca4ad862b25dd207eb93a,2024-10-05T04:48:04Z,NEW_ENCOUNTER,,,
batch_001,encounters_athena_clinics.csv,262,ATHENA_CLINICS,129943,6d580766df1db5498a486179e47757c14fe57ec4d0b63e349103885ef71bcc2f,8d4eb990618aacefbd59fa9abe776d249e14cbaf9e405c01bcc820d9a666e3ff,2023-08-20T02:16:59Z,NEW_ENCOUNTER,,,
batch_001,encounters_athena_clinics.csv,263,ATHENA_CLINICS,127400,c659dcc74a380fe450324b290b512663efd9476a52404689ea21cc91f8fa5c14,adb5a509b02b8862de0b0d510752cbeffad40645d83115e033c2da3c76d9e158,2023-12-29T06:55:25Z,NEW_ENCOUNTER,,,
batch_001,encounters_athena_clinics.csv,264,ATHENA_CLINICS,130084,2993b0bd71827cc993b3ff9dc6c03c9149f3fb08c9aaebb004f51c3d3584e4c8,d6574f633f540e472e0977a0a56f4855c9b15cdd72497be54d565ce25310fe84,2024-09-06T18:45:07Z,NEW_ENCOUNTER,,,
batch_001,encounters_athena_clinics.csv,265,ATHENA_CLINICS,106307,d915c59413889950c10b10c16b1f86f0c1729b9ece875cbc01b7277c05776682,4813341010719f43afc5bc246c850387b32da8509e52f214f2dfcf50d11499d7,2023-09-08T05:32:28Z,NEW_ENCOUNTER,,,
batch_001,encounters_athena_clinics.csv,266,ATHENA_CLINICS,129407,32f3373c12982fdd11ef4fbd4a3ac6e4972645a18b7f302c61ee9f8fbd6300f1,13daa976d07add9b12c8175322954cf82e894895e61cc9f160f035579bf4f146,2024-08-31T06:08:35Z,NEW_ENCOUNTER,,,
batch_001,encounters_athena_clinics.csv,267,ATHENA_CLINICS,120080,783a1d4ef477f2c6dc4738eceb30e0bb3be686db98d1e4ab1a1cc5e34146654a,fe092dd20cce0d52b6d4b56346c527f96dc3b4b7b251f9ab66d87a88b58f8d21,2023-07-22T08:08:55Z,NEW_ENCOUNTER,,,
batch_001,encounters_athena_clinics.csv,268,ATHENA_CLINICS,103073,3050dd1b8c10011084f144334914ede3592bfba665c9a4fbe1e471d1af53d5b2,8e924a81b983b325df65b796cc35c549330f9e17675f2ef9f9a31b951dd93df6,2024-07-15T21:40:29Z,NEW_ENCOUNTER,,,
batch_001,encounters_athena_clinics.csv,269,ATHENA_CLINICS,117135,4cd53157fcbf0f605067f5e71b5323c9c11da4a3e421fc39c4314b6c7eb09cfd,44fa1fc9d58fda409747ca0225fb7dd67b1b3af2cea6f271ea028b8084f4536d,2023-02-06T08:34:03Z,NEW_ENCOUNTER,,,
batch_001,encounters_athena_clinics.csv,270,ATHENA_CLINICS,128234,a43162e7779018f9496c47bf78349426b5637be9cd221ae956526ae25ee8d8c8,6ab05006527a75eee5faea1ab3eb7f8357fe04860f5ebcdb2a916f4098a437b3,2023-02-02T10:00:17Z,NEW_ENCOUNTER,,,
batch_001,encounters_athena_clinics.csv,271,ATHENA_CLINICS,117631,2a00a403ab534cc8b06d2255e3dc74df18f7e58e200866b276a0348089b4b7ec,699d99e937729a926832b7db425e93852c0332a6f74b7023cabea78b9275d0d4,2024-02-12T00:16:49Z,NEW_ENCOUNTER,,,
batch_001,encounters_athena_clinics.csv,272,ATHENA_CLINICS,123464,d00d7526bffed54fb5a282565cfe2b92f4d2683b54eeab1e9a5f456a34368860,6f866812cf31c14803bb9a60f0a7371fc9d01a618923b46c1e434c390b788a97,2023-09-14T19:55:13Z,NEW_ENCOUNTER,,,
batch_001,encounters_athena_clinics.csv,273,ATHENA_CLINICS,115682,0a780b6f031c007c1c5344eb12467cf6de149ff7598b3c439e10dd303f8fe21d,8633748f73d4de04259d88502ac3a119f961b60848ced2f966d3e284b13cd124,2023-12-17T17:31:37Z,NEW_ENCOUNTER,,,
batch_001,encounters_athena_clinics.csv,274,ATHENA_CLINICS,118390,f0e825463cf54d57e9fef9367e43202cb5242c8ee066b672794268e5e7138628,b75c370047be7e5ba7480291c0fc56c8a33efc5ba010acfb43192b838bafcf97,2023-08-29T12:21:36Z,NEW_ENCOUNTER,,,
batch_001,encounters_athena_clinics.csv,275,ATHENA_CLINICS,112418,2d5a40332fe1089d366664856770b538ddd471ad522f9ecc754fc8216c799191,d71e98f41435bdb0ab3d16568e61a50903440cf6d0d402ee5c9961b56105c16b,2023-04-18T04:17:03Z,NEW_ENCOUNTER,,,
batch_001,encounters_athena_clinics.csv,276,ATHENA_CLINICS,110455,8bbddcb039d4ecd5fbee61efed21c910509023c7ca83d7a281e0ce33ba7bffcd,e442193f5027b7ccd73136ce8f5ed84199766f31ee4a1c15a471af0ec296ffdd,2023-10-30T17:24:58Z,NEW_ENCOUNTER,,,
batch_001,encounters_athena_clinics.csv,277,ATHENA_CLINICS,113429,bbef16137bc0fffed25793808cc9c0d0dd25983a3aa8706f6d6d9a3ccf14f076,a4b1172e117fb9070643713608e770a02a43094c2ce4a4610c03630618ac593a,2024-11-10T13:52:13Z,NEW_ENCOUNTER,,,
batch_001,encounters_athena_clinics.csv,278,ATHENA_CLINICS,105203,857cf190d22e61a8bcabcc3fd22c8feebbc8fcbbb277dd35cd219ba01a476025,a4a00f5bd1eee69c01d509d1575c50f6335c5a2adeb5f589ba7800d5866c3070,2024-11-09T13:45:41Z,NEW_ENCOUNTER,,,
batch_001,encounters_athena_clinics.csv,279,ATHENA_CLINICS,117238,e8ab087cd3cec57a60e9a4ef5c266fa1b0ffb297f6ff57b18232b54b7d6003bc,0eb0e4d02c1251702a002204ac3bce285ab6e56bbd5d3b401e2ae1e3c11e54b5,2023-01-30T03:39:52Z,NEW_ENCOUNTER,,,
batch_001,encounters_athena_clinics.csv,280,ATHENA_CLINICS,105004,e08dff7881c18a77cc75d007e93df3d7ccb62d98e662b449aef9d0c31c0b4c15,a6e5a16f79e4fd9c45c5f1a9fad46d6e512cd3900550122e01b6c4dbbeb4e9b7,2024-08-09T13:00:41Z,NEW_ENCOUNTER,,,
batch_001,encounters_athena_clinics.csv,281,ATHENA_CLINICS,107748,520665237ff7801f77da59882017e4daa24693eebfd5f5f8b63b21f1b6489922,55ec6032c3b646382163a0591ac3ed117a3b08428f3669da500d6cf85a53f8de,2023-02-08T10:13:19Z,NEW_ENCOUNTER,,,
batch_001,encounters_athena_clinics.csv,282,ATHENA_CLINICS,117568,b9f03d6fa4a6908714ea024c14816e615f9873dd94e5346510906ad8f5c85771,019431414fe07157069e5357c00c939e5e2cb887adb76aa38e4d859bc27a9d81,2024-08-12T03:46:45Z,NEW_ENCOUNTER,,,
batch_001,encounters_athena_clinics.csv,283,ATHENA_CLINICS,110594,a020c58004e9f03c72ca77b66049d790e64a717fdcc71fbf8e38d8d36fb2329a,9c231dcedb67fc1c97f12c9fd7a823be38073f6d89f78528a1b62830fe22eb6e,2023-09-01T03:41:24Z,DUPLICATE,DUPLICATE_IN_BATCH,EXACT,
batch_001,encounters_athena_clinics.csv,284,ATHENA_CLINICS,131651,3d0f220a3cd15acc43ad5a2d468c572347fe7a408ca394a417ef833dce4539b7,b7ad32b28d65537d31caa0741533b1ec58abc0faae674647ac4cc3f608e0ea06,2023-08-10T09:07:53Z,NEW_ENCOUNTER,,,
batch_001,encounters_athena_clinics.csv,285,ATHENA_CLINICS,139393,e2ac4f36c1cf886bd1a18ffbea74be130c02626f07d36e16bf327d2dc2a450ca,c2112bea495f0ae8dd1959f601e4bd0132d473749d1f3b590f4d79ceecdf117e,2024-06-10T04:26:43Z,NEW_ENCOUNTER,,,
batch_001,encounters_athena_clinics.csv,286,ATHENA_CLINICS,103978,d4449f4068360abb4872cd2bf65bdb19a41ac397760fdca4bdc4b5173cf766dc,c171204020134b3bdb6b0db22716f1bfa103272f37b2735fecbba95294439ce8,2024-11-25T03:55:58Z,NEW_ENCOUNTER,,,
batch_001,encounters_athena_clinics.csv,287,ATHENA_CLINICS,118881,95842cf6c69718995cefbd917213577a7ccc33e50537a222d7c7bf6ccf066b2d,62958b1a26514522b7bfb5951e5b8a819692600011c390fd1b54ea0b693c40f7,2023-11-16T11:17:09Z,NEW_ENCOUNTER,,,
batch_001,encounters_athena_clinics.csv,288,ATHENA_CLINICS,134384,9b0f11ff7d272a3a95111de42ee995997dd8103a9d5400467623e5e1bf18a9cc,6f6018149fad036b781bd8b72f7095a68fbbc3a718fc8259657e0b38bd7c0531,2024-09-05T13:02:27Z,NEW_ENCOUNTER,,,
batch_001,encounters_athena_clinics.csv,289,ATHENA_CLINICS,137217,f1708ffd0fc806ebab8bc126a340787e8ccc98308388300d79175745dd4b3f61,e93ffa4cda4433d0dcd5c0e3ccde8b4ee6b19994349756b3b5ab1fc8428ca0a2,2023-06-26T03:37:41Z,NEW_ENCOUNTER,,,
batch_001,encounters_athena_clinics.csv,290,ATHENA_CLINICS,121089,829054e3c53693cbbccda95628e68b849a45e6b47c848f1cc714bf503bc1a22f,85f398502ecc6c2d964a793b6eefa25ee131fe7b2396bb60c1140fc74d702e97,2024-01-24T05:52:09Z,NEW_ENCOUNTER,,,
batch_001,encounters_athena_clinics.csv,291,ATHENA_CLINICS,132795,ff8925ffa6960a1e624904ba244f23861bd4ef80d067701460d22cecf68cc71b,aefc6c72316be601d3e1f8f2e280c02b331c589ff93a2633ff487b35689ed696,2024-08-28T10:59:23Z,NEW_ENCOUNTER,,,
batch_001,encounters_athena_clinics.csv,292,ATHENA_CLINICS,101096,c9fe8bba24b76e76667161cf53457ee6a04e6b938542a6e87e49624cb49f953a,684882bb41d66b27880d7f8a557a4f3bebf8f237a8d651d8f6e2c5a0666b73a4,2024-01-10T07:51:02Z,NEW_ENCOUNTER,,,
batch_001,encounters_athena_clinics.csv,293,ATHENA_CLINICS,106157,c07a68b48c7662b4bdf87d4d9ce0ddd13eb9968ee53e19de3f9a92b9cfba3095,d851d736072d56beced733d662c616ecc5770912b60763ee348434817638c8e9,2023-08-12T14:13:08Z,NEW_ENCOUNTER,,,
batch_001,encounters_athena_clinics.csv,294,ATHENA_CLINICS,130965,9c6f90a6fdf7dc929071d238cbe7109616ba639545748ad9f8cc687d242d59e0,346f0ce3cc23cb9069702096d31dd6e98c5f29635bef8ee1054fe6610a8dbc41,2024-07-04T08:10:20Z,NEW_ENCOUNTER,,,
batch_001,encounters_athena_clinics.csv,295,ATHENA_CLINICS,134501,89edcf57e9cefecd692dcccc49ca74620b18e68e51e58fca1c1533dd96806324,d10c5e89c9ad9080067b05f8759a413db196bca80942367d616a99ab7788bc27,2024-05-14T13:58:43Z,NEW_ENCOUNTER,,,
batch_001,encounters_athena_clinics.csv,296,ATHENA_CLINICS,124338,e45c516ca4a22056e673d1a226f2a7a31ce321de7635cd74192d64fb91fcf07b,07cc9a8c41bce1e97b7ae363687d64eaabf7c3852e57cb34dccecc3e98b98f42,2023-02-14T22:47:33Z,NEW_ENCOUNTER,,,
batch_001,encounters_athena_clinics.csv,297,ATHENA_CLINICS,111231,352f145ca85729de094474fc1ead4b5ae6a7027a39f2482c6add937b62426a1a,ded1d1282d5683ee4592173e64b9c7e1f463064f79899566d0022e934948cc9c,2023-03-13T05:23:53Z,NEW_ENCOUNTER,,,
batch_001,encounters_athena_clinics.csv,298,ATHENA_CLINICS,123642,605998bd3516f79f2803779ca6f4de7bf798f7267579894ba3845d15febd7d84,0709eb37e25c8945287b50321cc4a958c11d849f3982e590accd2cfc466d70b8,2023-02-20T12:44:15Z,NEW_ENCOUNTER,,,
batch_001,encounters_athena_clinics.csv,299,ATHENA_CLINICS,128640,6220d7169abc5d0149fe148f834544a18d1985c4ebeadb5bdbf9a35e63957b93,5ac62812461cd9f239d901c9e303a82b46861b87f750c6a52f2539e2f654071e,2023-07-09T18:46:42Z,NEW_ENCOUNTER,,,
batch_001,encounters_athena_clinics.csv,300,ATHENA_CLINICS,106848,c46006c3a55d029d424d148bc444083ade7c8b05c110e59f52be5e64e9f9347f,7d880448be2546218401821ef36b458c9dac923d8d416a8cd7bd41f9ee4c3bef,2023-02-14T14:30:39Z,NEW_ENCOUNTER,,,
batch_001,encounters_athena_clinics.csv,301,ATHENA_CLINICS,127800,fd3ddee2e101794d27639b32ce178ced56f6c59ed42beb92195676e8787dfd9e,c5271ec5dfd56b42c92213320fdb31656a37ccd891e09712cf60fe6cccf73bd4,2023-04-15T19:21:14Z,NEW_ENCOUNTER,,,
batch_001,encounters_athena_clinics.csv,302,ATHENA_CLINICS,123744,60336ad14a287aa10d69e07189802be0b689fa01f0cd8825b9bd2a3c4915782a,345e8814d32a253f4b25fc5048187ae7d0d41f617d3330fa662933916b573c1a,2023-06-03T03:12:37Z,NEW_ENCOUNTER,,,
batch_001,encounters_athena_clinics.csv,303,ATHENA_CLINICS,129209,5c1e66e30999fe353ee1334c4587be67e7d641c1fe97f8eb9eb4e61d1a4db960,5b7075f8bab26dc54b744eb480ba047684d178e7f5bccb1b74690fa3db1c4470,2024-06-09T13:26:05Z,NEW_ENCOUNTER,,,
batch_001,encounters_athena_clinics.csv,304,ATHENA_CLINICS,113502,60d384b1de5ce998f252bd73568b4619bcf6a41a6ad26083d60a7a3d189d1248,0defd4ea0de2895dbd67ffe132f61e8bbc446f49731e4bc8cf8e6f607dfecfd5,2024-02-08T04:21:20Z,NEW_ENCOUNTER,,,
batch_001,encounters_athena_clinics.csv,305,ATHENA_CLINICS,103162,e47beed71c57118162c1a69c06838a6a087c1b5866961cd7e62ce6f2355461a2,c52e8ce175781c8a403a5fd7a7e07e4ba13f2b70a17a142c0eefb166ac71a352,2024-05-15T22:46:51Z,NEW_ENCOUNTER,,,
batch_001,encounters_athena_clinics.csv,306,ATHENA_CLINICS,133133,c2921863c7cd027f803973a75c059b8c76e46317b79ab9337a1a062dec0041d8,8f3522fa6f3071f463d2fcc1da1d4c4dc53a6b6d8e50fa865c1acc1af3696648,2024-07-03T15:28:29Z,NEW_ENCOUNTER,,,
batch_001,encounters_athena_clinics.csv,307,ATHENA_CLINICS,118802,2c9258ed9358af334270f5ae02783f665009a37fa4bcdc1bf415834e3ee72763,af83c8cac9d0f25670e7d5e8488cef116d91106e780f3da4f02b87bb52c0da1b,2023-07-07T09:46:47Z,NEW_ENCOUNTER,,,
batch_001,encounters_athena_clinics.csv,308,ATHENA_CLINICS,103332,ae31cb0a1bb1b5b3939bb33fb10dea85e6411643e1c3532b370954add7684820,51cc1d938c5fc5865b9d9887b14d3baf56da8e8605f807ea0e2c3112130be2aa,2024-08-11T17:42:53Z,NEW_ENCOUNTER,,,
batch_001,encounters_athena_clinics.csv,309,ATHENA_CLINICS,127109,1428c7733625d931acd75078fabc73f11cc8f61a0c1785595bfb9f7143072249,0c639bb914de6e56a99780af9510b9cb26e27f66fbd8c1186df2eddf44fbf18c,2024-07-27T20:58:16Z,NEW_ENCOUNTER,,,
batch_001,encounters_athena_clinics.csv,310,ATHENA_CLINICS,134586,06349965efeaedbbfe9612f19db64b75087f08386c5a92ed2d93057cc6fc440c,4241d2605d04140637e9be4997493d3c94a0eca34caa7e7640f7113573fc6aa8,2024-05-21T18:54:28Z,NEW_ENCOUNTER,,,
batch_001,encounters_athena_clinics.csv,311,ATHENA_CLINICS,102394,5b6092461b86c56e80649bf185c7fa6cf4906016c5a7a593d581357e421cec95,fc54e0d08d426e8ef1a65aa8dccec1da33c8d4f19751460ae7c33fe99cc7577e,2024-01-24T05:48:31Z,NEW_ENCOUNTER,,,
batch_001,encounters_athena_clinics.csv,312,ATHENA_CLINICS,135088,3b76566010a8ae0eb30943a34b09e0987d88adb558940a6d72d5051066748987,7c2701d9a626a7b0dea040fe73a816e738608c8c0b0c917583a4adc7328ad83c,2024-10-05T03:18:12Z,NEW_ENCOUNTER,,,
batch_001,encounters_athena_clinics.csv,313,ATHENA_CLINICS,122833,c657151bec8dfd517249839464da4f79ce60fa73cb4ba4ba419efc4d55274f1a,71c9a99148115af3160ce46459ef7655047fdb23f89ce86b81a0fb24557bbb56,2023-01-18T02:23:44Z,NEW_ENCOUNTER,,,
batch_001,encounters_athena_clinics.csv,314,ATHENA_CLINICS,137300,53d7179b31df7f9f4c54224b9b69b3331f6868b707b20449bd791e3482bf8235,851ffcf124b54da861a12c31b5225cb00ed0a197ee0f002ff40e26b1859f727b,2024-11-15T08:47:51Z,NEW_ENCOUNTER,,,
batch_001,encounters_athena_clinics.csv,315,ATHENA_CLINICS,111431,8943e28ef708a025947fab65fd5677e904d5fdc6e4556fdc2f552f4af04e2ab1,9ecba74bfe60b154d722398888a87ac3559391a91ecea49a98f3e355408768c8,2023-11-20T12:12:20Z,NEW_ENCOUNTER,,,
batch_001,encounters_athena_clinics.csv,316,ATHENA_CLINICS,106932,d3f35281649c603917a809ae4dbdd64cc0c202698cd56f1c5674f287bd5cad2b,9379556cddafc5c11361a426db00c111e6b656be0d78063999d6522cc0d552e0,2023-11-13T11:51:08Z,NEW_ENCOUNTER,,,
batch_001,encounters_athena_clinics.csv,317,ATHENA_CLINICS,116431,3f536f69f03fee1be5a09ab117759549db4b515febc35a7b0cc1da3612217779,b8ccac0f069277aed547c028feb0eedf759a2bd215087c4675e640667764a46c,2024-05-28T10:45:38Z,NEW_ENCOUNTER,,,
batch_001,encounters_athena_clinics.csv,318,ATHENA_CLINICS,124930,9fe5bf668894353ec510ddca83e47867ae844825814747748852c70a973e5b16,5418391a02d11c68afbd6ec8bc42660ecf2693d649cc0a5c80422998e9b6819b,2023-11-12T08:10:53Z,NEW_ENCOUNTER,,,
batch_001,encounters_athena_clinics.csv,319,ATHENA_CLINICS,102546,07ce59a8b4c869fc0c9cde1078311659011f3a588a4b681e4469c6f44d645f07,bcaee22a821a44f9fe5655ceab0ad8f9d4f11426972fd45503c526cdca333b49,2024-06-13T09:17:33Z,NEW_ENCOUNTER,,,
batch_001,encounters_athena_clinics.csv,320,ATHENA_CLINICS,100408,d6ac25c5892e076073dd3f81ae6e6f4cb44cdeb05e232798e9caa2980d4ab228,a99b597f926e0b501378eeae439dfbbc9b7a08fe78e87176f5defa21be316e01,2024-03-09T10:04:49Z,NEW_ENCOUNTER,,,
batch_001,encounters_athena_clinics.csv,321,ATHENA_CLINICS,113727,72fafbaafb414b4e778e28c8df2f31bbe4c67dca8b6b8c7d2f096b84acabc673,2d67084b669a6950203466ca4b6449174c48b339d903bcbfeaf8c1ed11eed92a,2024-01-12T11:46:14Z,NEW_ENCOUNTER,,,
batch_001,encounters_athena_clinics.csv,322,ATHENA_CLINICS,120657,22c8b34ed03888fec516a52f814bfa6aac1cf2abcd59d106ad27653bd99d51c5,84bf3f13ca179cd4e49be3db8ca6b2e503c5eee09d6dc7ae5ddb819479d4fe3c,2023-10-01T07:50:48Z,NEW_ENCOUNTER,,,
batch_001,encounters_athena_clinics.csv,323,ATHENA_CLINICS,131963,1c2dfa3bb470a8623144702157310513086ccef39cd0f8c19b17862c58175ea1,75ca3b89e7923e26da4f36beb5b858ce5e38d05dd429425625824d471dda0683,2023-03-21T08:14:21Z,NEW_ENCOUNTER,,,
batch_001,encounters_athena_clinics.csv,324,ATHENA_CLINICS,103836,fa052100176a4d8938f9206bb9ab329971edb30b9abb7884c9b4c90b0d243d33,7ca48890399de8590dca5026a41e124a08cb7abb518a937b7e0c0d56ba4daa5d,2023-09-09T05:47:24Z,NEW_ENCOUNTER,,,
batch_001,encounters_athena_clinics.csv,325,ATHENA_CLINICS,102312,2e96b3e31166ed08dbda72b223cfede9f6a7012bec120064b6b45bfa55e7290f,26d4a1465dbb10ed847bcdfbf76c16490b6124cb837181f3eb0e55479c053c97,2024-07-22T20:15:45Z,NEW_ENCOUNTER,,,
batch_001,encounters_athena_clinics.csv,326,ATHENA_CLINICS,104925,fdca90bf2667d379eff1597b63c81058a27732b3dd4d36ef0e0659f9482dd645,363d2af4137dc8b6fa462f57c0ef4f42e8631cc8745b23fbb12eef48c38353e6,2023-12-16T22:56:02Z,NEW_ENCOUNTER,,,
batch_001,encounters_athena_clinics.csv,327,ATHENA_CLINICS,133275,a9a28440a5908f7be9cf516698c8385b8190204ba8881d29dfe217d50cf5a92b,49d85ad10e60233427e6f4132752b937931f36ecc5bc6876c52cbf695b32471b,2023-11-12T17:19:22Z,NEW_ENCOUNTER,,,
batch_001,encounters_athena_clinics.csv,328,ATHENA_CLINICS,135512,f60f858e2f6a19130b7e6c55ac746ee0095ba9a7c5cc9d304e1b259a340ef253,c3a92e09eb35f6605c8e309f31030c0e2ca7f1d8ea992474955447cdffcbd4c5,2023-05-13T21:44:25Z,NEW_ENCOUNTER,,,
batch_001,encounters_athena_clinics.csv,329,ATHENA_CLINICS,106811,ac44ad35685493463da628c07ed5fea6387830befbaab0e942d1ba53c3e8af3c,5fedea78166d1a3b84979b10270fc77e5c909f54aacc78f7dcb82a1076f37a56,2024-06-06T07:55:08Z,NEW_ENCOUNTER,,,
batch_001,encounters_athena_clinics.csv,330,ATHENA_CLINICS,136270,9f8909b79421611c5d073774aa08f8ebdadbb2b10418039cc2849f6d05e2aacb,b7917b83841f080ef7dd96cd0cb0d41bc598574d3e61c1646c7ff9092304f1c5,2023-07-01T15:00:36Z,NEW_ENCOUNTER,,,
batch_001,encounters_athena_clinics.csv,331,ATHENA_CLINICS,108372,a41f20beb621b20abec01411afcf899d1a352ed634379b03afee9d8e094f940e,d30ed360811ea292bf2075419f0bd70ebd8a280a47ac8dab3f1be0dc19e91bfe,2023-12-18T17:01:47Z,NEW_ENCOUNTER,,,
batch_001,encounters_athena_clinics.csv,332,ATHENA_CLINICS,115133,d444eca50e7f270eedb25daa349d0cebcddaa18febd8ef7dfe25d1119ed47bef,2e7f3532603d86ab147a9af7ddab414fac1088fea5ec218132451ec9ea431eab,2024-10-02T06:52:42Z,NEW_ENCOUNTER,,,
batch_001,encounters_athena_clinics.csv,333,ATHENA_CLINICS,131886,99daa5f1cd3eff8f9e4eeb1a6cb539730a1beea747aa5a0933334e55f69e32ce,10d056ef0efdbdc6cb1e6e4712b8953e87b4fc08b9b980d27a7dd35832908b7b,2024-09-25T13:52:28Z,NEW_ENCOUNTER,,,
batch_001,encounters_athena_clinics.csv,334,ATHENA_CLINICS,137129,0f5d133f3231d8d4f520e4631c2930eeb5d814197636269d397b7f899b54b60a,8f8291866e59b832888f21aeac2c3958435f7b7767b1e32c297659d5ff8b2253,2023-06-15T08:16:11Z,NEW_ENCOUNTER,,,
batch_001,encounters_athena_clinics.csv,335,ATHENA_CLINICS,124731,aa48a9e79139b4687495b697b41f5306837918d99751b7596f150758797a3db6,45e1a4f5bba32a04ab23b940b6c83c971d7fc317fd7b02dead5a9e3998f79f2c,2024-06-15T18:53:48Z,NEW_ENCOUNTER,,,
batch_001,encounters_athena_clinics.csv,336,ATHENA_CLINICS,105104,34de741beb62cfb62a44fc51fe88dfdcb44549084d201ef467a410609d514fec,06fc397bd9d28b1e6f3292ae2659fdcd96e930d1dd0bb990e3e8e21d588b91c5,2024-06-02T14:32:42Z,NEW_ENCOUNTER,,,
batch_001,encounters_athena_clinics.csv,337,ATHENA_CLINICS,123505,149771291302bdd0583031f9a470a9262b8b789340caed864b6635b9bb9e9e56,f367882484acdc5e4b1fdaf1e109a51f8ff9e112e377264e3bf634552073f663,2023-08-09T19:07:39Z,NEW_ENCOUNTER,,,
batch_001,encounters_athena_clinics.csv,338,ATHENA_CLINICS,120516,29099a9f5e12db02becb6c62292eb5e6ef38ed411eacbdec958e71b5bc628472,ed24d70104acdbc1085571e29aea1fe65d77187cfea066c850378cfcf3a5db6e,2024-09-22T15:53:22Z,NEW_ENCOUNTER,,,
batch_001,encounters_athena_clinics.csv,339,ATHENA_CLINICS,119263,ef4ccabdbb4991e8b0f7a017da34fb0a39babade4b7bedd8532cbbec0af1c8fd,3ba3311558e6fbf50f1591bb833e8db66b153d1144e541d5635c663e7c5afed7,2023-07-21T06:02:37Z,NEW_ENCOUNTER,,,
batch_001,encounters_athena_clinics.csv,340,ATHENA_CLINICS,127954,dea21a992cbb0ee9ebb7c2e5a59198c54b39b690adabed43b2bd986f1e578b30,57d090fcaf2554b74da555894d1dd83b8b5434618df1e44770739e3fd950990b,2024-10-04T23:26:23Z,NEW_ENCOUNTER,,,
batch_001,encounters_athena_clinics.csv,341,ATHENA_CLINICS,133969,6311e34706306f68773b781b40ac82fac754846bad992c2832469087020f3604,5354e9f9a15fe0420b0fda7e836d9d53aaa9d0bddd1762155f70157d31fe96c3,2024-09-04T19:15:19Z,NEW_ENCOUNTER,,,
batch_001,encounters_athena_clinics.csv,342,ATHENA_CLINICS,126861,7bbbc6891a1615f2fc2903de8652214ed299607fba88dc6dec8c2b4005ace8a7,505f2d97089900aea4f4c4b7dc1c7c01affa4485a9d550195a513f9dfedac9ff,2024-06-20T19:12:59Z,NEW_ENCOUNTER,,,
batch_001,encounters_athena_clinics.csv,343,ATHENA_CLINICS,102686,49dcbc7ee1f47e2c54fedc3ce4be77071c10c05f4d282a98ff36a9d160fa34d0,d3fc3a90565ee7eebaddf74365f2e6e24e4bc242b2321d6d63ba3dd335fefdec,2023-08-08T20:04:58Z,NEW_ENCOUNTER,,,
batch_001,encounters_athena_clinics.csv,344,ATHENA_CLINICS,132060,c622eeec93d17b86dc2ca511193cddc8f71841b8f1f0ff31aed12876c2f12a30,c94ebcec8492873686310649bc5b3005c74d737b75d41e2f465f47eca0b622ff,2023-05-09T07:01:42Z,NEW_ENCOUNTER,,,
batch_001,encounters_athena_clinics.csv,345,ATHENA_CLINICS,102034,3950293ddfacc1f4af6b22a11fd3597cde911cf3ff96279ecf068d68289e76d8,39a1b3b8bd9a120c1df5680ba7006e99605d324647692e3bb77db4fd0229ce19,2023-08-27T12:18:06Z,NEW_ENCOUNTER,,,
batch_001,encounters_athena_clinics.csv,346,ATHENA_CLINICS,106873,a440a77ffa80511032e5a13d6081a0f53ab9936603e3d42c7554aa00fddde22f,192ccddbe5fa167dccf1a343dac43c39c307d2c6afb33afa491c12b0aad741a5,2024-07-16T21:18:05Z,NEW_ENCOUNTER,,,
batch_001,encounters_athena_clinics.csv,347,ATHENA_CLINICS,132528,7e5ba412518ec4e84c6906149ca35ab93aaa09a2000148d885c9309ea8979ea2,6f63d0e8ac1c4426d02a6663d0bb2a1fda19ca59a3c3d1b0724e50879a90bc4d,2023-04-10T10:40:48Z,NEW_ENCOUNTER,,,
batch_001,encounters_athena_clinics.csv,348,ATHENA_CLINICS,118315,aba3682b796974c7ba5ec7b2e515d1e4d7bd3ecf4f4eb6a465798e4e4ba4e076,6ba67b215cea933431f4c38685b10eef4b400ee2fea482a8e502284e51b4e729,2024-05-25T18:59:20Z,NEW_ENCOUNTER,,,
batch_001,encounters_athena_clinics.csv,349,ATHENA_CLINICS,132217,be5c656d98d72f55c39f9fdf0614cb0e86aff23d1620dc9e01ddf61b052a30e1,3a15f5410e0f0f77022132e67c7366dcff1a294b14862e4f2038838470934d02,2023-07-05T05:10:34Z,NEW_ENCOUNTER,,,
batch_001,encounters_athena_clinics.csv,350,ATHENA_CLINICS,116039,cc7177391611f03d227759fe4c3e3d3d56cf5c6a3f2a8b12b79f98e4bc34ad62,bc7ec286ef6c7c05f58dd0a1a20e0a0db70e952e096be8f6f744cebc966dbe8a,2023-06-28T23:10:56Z,NEW_ENCOUNTER,,,
batch_001,encounters_athena_clinics.csv,351,ATHENA_CLINICS,102960,b1d8924de15567678adb70ec5dc79cacfbf9c30043fcb70b0b0f1415d2c163ff,3f4386adce172fe3cc9f39b2ad57db1af97834065a72a06b628c58aee1b94c53,2024-09-04T01:31:13Z,NEW_ENCOUNTER,,,
batch_001,encounters_athena_clinics.csv,352,ATHENA_CLINICS,104241,ebcb68b8517fa6d50618cff252a5f1f5cc76aebc4cc6a0462083653eefd5ee67,0ba14b33cc49d6ded869d52b7ef1f6fcd77132537d4ff88ff9ded8f347c25790,2023-04-26T13:54:34Z,NEW_ENCOUNTER,,,
batch_001,encounters_athena_clinics.csv,353,ATHENA_CLINICS,130741,081560b6fc1f0c069d4578701fc3e2dc555731daeeb75fb9b3b54b0224e21909,4f9d905d0d0cd1a3c04d8805d01ea1e35b16413297447450b7a51efd27bd7404,2023-03-04T15:08:03Z,NEW_ENCOUNTER,,,
batch_001,encounters_athena_clinics.csv,354,ATHENA_CLINICS,137962,20bf2e42447dd4deda76b049f16cfd32d58e622c5457afcfdbbf3e7117834328,a17e8a7e5e7affde6c7aa101b5fb7cc4e30d971c550ee8a8ae7f0efed6ec1fe6,2024-01-27T08:04:04Z,NEW_ENCOUNTER,,,
batch_001,encounters_athena_clinics.csv,355,ATHENA_CLINICS,110659,19db9951560d2520469b8bfb495fe709041ed095e0032a5a0a78aa993e5e117c,e88e5aadfb1c0a69af63ae0baff667f240e0803f8324fd26cae8db342fd26eb3,2023-02-02T21:13:21Z,NEW_ENCOUNTER,,,
batch_001,encounters_athena_clinics.csv,356,ATHENA_CLINICS,100503,d5df960ce9c3d302a58faecf4e09d28dc1d38ed4eaa121e836dfbb42d2d476ff,208c7bf7c485d930584f1d159affe73d1b2a5ab1535d630fb02cf245a30a6b52,2023-04-25T05:18:28Z,NEW_ENCOUNTER,,,
batch_001,encounters_athena_clinics.csv,357,ATHENA_CLINICS,137355,2af23134ed25d762ccfd6fe7c9c4683adfaff8b6d4e1e165901873a2810086fb,3fdcbcdb86af221c04116002e058d6d4ab1f617fd880c33832a4f26ef8ab01ae,2023-09-17T15:32:32Z,NEW_ENCOUNTER,,,
batch_001,encounters_athena_clinics.csv,358,ATHENA_CLINICS,103610,015319f24933eaf15675923ab1b80cf4966065d07541c0bd672c500055e4dc4e,114243691af6ba3a6205a56fd0a108e322419716c09130fe3d0b08a7399cf8a3,2023-08-04T20:56:12Z,NEW_ENCOUNTER,,,
batch_001,encounters_athena_clinics.csv,359,ATHENA_CLINICS,112291,d00b021ae4610b138422bce5adaa32ed97b139be8d8d51913af12060cd1ba4f2,5a1d446fbdd51ca6bbb1402e3aa474033ec67499b2ed025ab3239be9a83e0d24,2023-10-09T09:42:44Z,NEW_ENCOUNTER,,,
batch_001,encounters_athena_clinics.csv,360,ATHENA_CLINICS,101167,b467720248f84f9d81ae3d78cc60dd9411545355d96e70f2f5a7454c147d994c,bf814b94e7fa0a6712df45b71bb180d7e68c2e5d49fa3dfe97f4ba82c92713c9,2023-12-08T09:33:20Z,NEW_ENCOUNTER,,,
batch_001,encounters_athena_clinics.csv,361,ATHENA_CLINICS,125327,60111e466b20ccaf634141ce0aa6f29a0a5ddb0823db7aec25d5f89d2b7635c0,3861aba5df8428e316dd9bba54c5c2ef64007416bea184b7e13c57277652340c,2024-03-31T09:08:47Z,NEW_ENCOUNTER,,,
batch_001,encounters_athena_clinics.csv,362,ATHENA_CLINICS,130821,6feeb8d596c6587965cfeaf2d70e99e74be4fdf571c263e45c3fe3a24419876b,409b93648ce16fb1d5c791959a543d7322360ec3eca0778273f54e4d48653ed3,2024-05-01T02:36:02Z,NEW_ENCOUNTER,,,
batch_001,encounters_athena_clinics.csv,363,ATHENA_CLINICS,108808,0ead15edf7b30a670bcd587fb29c1fcdf999c34a3b65d5de740601897a0f1fda,3176f5c20f8d8ab2228977b94eedb5351f071db49a4cf2b1b267e4d69f74054f,2023-03-31T17:24:25Z,NEW_ENCOUNTER,,,
batch_001,encounters_athena_clinics.csv,364,ATHENA_CLINICS,102604,e1b43d18a6d626bce2f1d6de568008b174e8afcfdd6181357ac9246fb16a26c3,79653081ee514e91ca950029efd44888eed496903662b39103b02b5b96c974af,2023-02-22T07:04:45Z,NEW_ENCOUNTER,,,
batch_001,encounters_athena_clinics.csv,365,ATHENA_CLINICS,112411,16f1572077f910f41fde0d2db9285b287c22629183412595c882b56283b64adf,d33114c8d085a8ffc40be102aa256724c9374e166a722ef6a1cf24ed4ab0c991,2023-10-07T02:49:05Z,NEW_ENCOUNTER,,,
batch_001,encounters_athena_clinics.csv,366,ATHENA_CLINICS,104451,70f44b564b8bac01f5cfd8e38a1cdef2d5facaba73f984142c8863fe5ca76f02,260a6bb5d216ed8b8264939b416bc6fb9b67e05397ab3981cb7dd5165e91125c,2023-01-16T22:51:16Z,NEW_ENCOUNTER,,,
batch_001,encounters_athena_clinics.csv,367,ATHENA_CLINICS,132177,de7d6d3bd9bd5837d5509f8c479ab9d26ad3bdb0a5edf35c9f0679d35a892e2c,0abc019fd8e40a0482dcdaf325c7d15fbadf10edb3e0fbefd3931c232020ad45,2023-07-27T12:23:14Z,NEW_ENCOUNTER,,,
batch_001,encounters_athena_clinics.csv,368,ATHENA_CLINICS,110085,6760ce3cabb3d6ab5a6b0ad0305599be01685982a9e22572d6bda04c5e5a6862,7b74949d3160fc7db718def8db660c0fc7bd620ae690e1de546d5946c0f0b869,2023-12-30T13:00:33Z,NEW_ENCOUNTER,,,
batch_001,encounters_athena_clinics.csv,369,ATHENA_CLINICS,111928,8f001413895f65e90b4bb1e3f67e47992029e1a5d43e2bd3fd86bfe4682d440e,303f1ad3685a2a94de883ce5cdfca3439a00f62097eb834f44dbbcd473e0f01d,2023-10-07T15:19:57Z,NEW_ENCOUNTER,,,
batch_001,encounters_athena_clinics.csv,370,ATHENA_CLINICS,128904,170df23a9c6419e9610c5067f34834bb511b5622fd2214ec4be170f20684671c,2569e3e3ecabf6b35ff64b8f96ee8d98e254cfaf21f122c321deeb30f82e640b,2024-05-22T22:23:56Z,NEW_ENCOUNTER,,,
batch_001,encounters_athena_clinics.csv,371,ATHENA_CLINICS,132796,57966b6170bac9606dc3d789673f367d640db0cbcae4d0e688246b6531b75800,2529c4961f566bf9bad3215cf2c54bb9c668a46052fd000f996aaa9c33b47236,2023-02-04T21:20:49Z,NEW_ENCOUNTER,,,
batch_001,encounters_athena_clinics.csv,372,ATHENA_CLINICS,104530,bfcabc2837c0c4ee9d5538478c6e5e082c45da92d65d96802c9bd57c9879b978,6b7e99fc2a56533b90407be29de0259cd65c7843f39a6ebeae7acd5da14437d8,2023-10-30T17:08:31Z,NEW_ENCOUNTER,,,
batch_001,encounters_athena_clinics.csv,373,ATHENA_CLINICS,104015,a3e2c41496fd2737f8a7f68f2cad9a66dec356c61380125df78227d7894d0382,aa898fa9894dc6048df0f90bf4a3e6bb359b0bd3f456de1ef7eb7f8eab476e84,2023-11-18T01:43:20Z,NEW_ENCOUNTER,,,
batch_001,encounters_athena_clinics.csv,374,ATHENA_CLINICS,122630,2b6d347f789fc220d4e049c41665bb1e4cdc8e0893b1a8bc8201bdae32538b8f,d0ae332ea5b59b8683f1096f85b8b99fb5abe05fe321a598cbc39bd690c2aea7,2024-02-05T21:49:19Z,NEW_ENCOUNTER,,,
batch_001,encounters_athena_clinics.csv,375,ATHENA_CLINICS,115299,1f376e346903701d4a5e43626641afd23cce6d50e2ca13780b24c55d68cb6603,707b3070ca1a09fcdad96416789b6ba74bac555f53a5828b2941d05f7a06b366,2023-12-15T12:35:49Z,NEW_ENCOUNTER,,,
batch_001,encounters_athena_clinics.csv,376,ATHENA_CLINICS,127506,21c4d5a8db9b0046c21f3f0924fd00e118b00305b95bf9c55c165a13bd2d1162,d951e60d34d7755237b0ef89b5c8e78b528ae8fab971f3d5abdbb027415c2ed6,2023-07-04T16:23:03Z,NEW_ENCOUNTER,,,
batch_001,encounters_athena_clinics.csv,377,ATHENA_CLINICS,116477,7aaccbba34f726d090e6d72c4f13ed5cb6fabc2d39440974f63f506bdaf10ee0,cf8606f19f301ac1caacc649af3dbba4cec3aad738b6ffb9e9cc5c405e43cecc,2024-07-28T00:23:03Z,NEW_ENCOUNTER,,,
batch_001,encounters_athena_clinics.csv,378,ATHENA_CLINICS,126387,663df60dca0fbd4fd551b2557ffefac776d6e2bdbc4c0acd716b909189f37735,24d4ab0d06ba7b794d314754a711a9be2ed716ac4357e936e91e027307b37c3f,2024-09-26T01:35:16Z,NEW_ENCOUNTER,,,
batch_001,encounters_athena_clinics.csv,379,ATHENA_CLINICS,100513,1bf6ab4f27ba4c79cd9e56c499b6fe8e517d58c6e37bcad102d61876776a5eff,8d890075792dc939b7754af248fc4af69463e04e564a0be983700c2d3a402188,2023-09-13T20:16:32Z,NEW_ENCOUNTER,,,
batch_001,encounters_athena_clinics.csv,380,ATHENA_CLINICS,130849,d35449aa730c9e17779d3a310c503c4f7c6ba41044f8310f1082bef55856fb9e,5e79694a610a571e79647846f43553f91a059527bdd009fa35d82473f29906f7,2024-04-18T02:48:20Z,NEW_ENCOUNTER,,,
batch_001,encounters_athena_clinics.csv,381,ATHENA_CLINICS,128068,39ff38da689ebe60da1325eabdcebb10a0809d6c2356e35a1966cc5dd839e50d,a7e04b5b1793a137923bd9bb45ec66194bcafd71f3ad4d0865cdaf3c5aabdd62,2023-11-12T00:54:30Z,NEW_ENCOUNTER,,,
batch_001,encounters_athena_clinics.csv,382,ATHENA_CLINICS,125252,5463f6bdf6d375fef25c4c436330164cdb8769bf7e63a455548899f6d7da26c9,025dcfe9bce33b850f5f032f84156c574e4373e531b64902251ec44b2e9da9bd,2023-07-27T04:08:05Z,NEW_ENCOUNTER,,,
batch_001,encounters_athena_clinics.csv,383,ATHENA_CLINICS,101199,ca661554094a8ba6d2e4ce94cb398b6bbd1393c802bcd0d79f34b715a5a59dc1,08c26383f09b05c976767c06607e79e7366a3f4a0a457bd972a1eeb706ec6202,2023-05-03T09:02:38Z,NEW_ENCOUNTER,,,
batch_001,encounters_athena_clinics.csv,384,ATHENA_CLINICS,103411,2cecf84d2616e108b800d456aacf0f81e64bbd444167b1e641683d338d1e8905,cb0a5a379464886aa4149bf925493d782d4373802d3cce3f6cbcf13773a19342,2023-06-19T05:36:09Z,NEW_ENCOUNTER,,,
batch_001,encounters_athena_clinics.csv,385,ATHENA_CLINICS,101733,ce3329240414b847eca9f6eab01516c10debb898e695e828d352817cf875bf49,fff440a63c5968fe86e47181ebab04bef9cb493f75a7be2d0f2af6027fb466f8,2023-11-07T07:48:17Z,NEW_ENCOUNTER,,,
batch_001,encounters_athena_clinics.csv,386,ATHENA_CLINICS,133944,191fadb2b013bfe5449209811da00dd7833827d75f6b6a845ee7781c564e9f05,90f9d49b230851567c81dbe742779d7631f5b1d9dadbe0641acdfd30e469db15,2023-07-20T05:56:23Z,NEW_ENCOUNTER,,,
batch_001,encounters_athena_clinics.csv,387,ATHENA_CLINICS,131962,2139dea717d60bbe2649796d56cddee9051a1185c1c195faf9078bf4d406b17c,d45cdd3296279bb35c93752f90a349bcf68fd49e07ddd165d2ba966a6df69928,2024-11-22T07:51:00Z,NEW_ENCOUNTER,,,
batch_001,encounters_athena_clinics.csv,388,ATHENA_CLINICS,128562,c6d30912010f02c3557f6bac271632fdb568d8abcf6b2d2ec30610f0165617c2,97484a5d90705ffa5435d287d3ef75f5c6a94d2ad09b106dd1799421dbc229b4,2023-04-12T10:15:20Z,NEW_ENCOUNTER,,,
batch_001,encounters_athena_clinics.csv,389,ATHENA_CLINICS,114785,d3ec85715e10cac7aee1c9ead729a9f4e7411eaf64a71d90c42cc94b4345d2eb,dd358143616f2f8f250ac7b73bc94b76b1aa440620eff1a29577daec73d69f34,2024-05-06T23:26:06Z,NEW_ENCOUNTER,,,
batch_001,encounters_athena_clinics.csv,390,ATHENA_CLINICS,123797,5f43653b041f7782fbcf357184d0528c303c55bde3c21c51eb420ee3a7df8b5b,acde265ea38bf41a35e7be7a6b38e992dcd17348d0eb737bd1bf58fb0c140f9a,2024-03-31T16:58:43Z,NEW_ENCOUNTER,,,
batch_001,encounters_athena_clinics.csv,391,ATHENA_CLINICS,106582,66fb2ccee1d2bc4ed70cd024b2cc376abfe223aad641bcefaab3944b16c2f553,eacb89416d05c9be7bcb53bcdd85c8b8fbb2185aea67c3564fdabee75b3518bc,2023-07-14T07:43:35Z,NEW_ENCOUNTER,,,
batch_001,encounters_athena_clinics.csv,392,ATHENA_CLINICS,114525,9477098a0074855c5c7ce48a807cf6ffddc7ff1b65ae743933e6f177f543ee8c,50a4363a68401e0b1207b9c9d72b6ebb6c1d6be3f80171234722b23048c04bf4,2023-08-23T06:21:53Z,NEW_ENCOUNTER,,,
batch_001,encounters_athena_clinics.csv,393,ATHENA_CLINICS,132883,fe13da2696508b1f50db2e6faf0a3b52cd3c24f6389d92bfd857a7ea97391b68,59d53403ae5fe8cbc99700f9ef725aea1cbd74138bfdcd619762b3a3d4d45272,2023-04-14T04:01:01Z,NEW_ENCOUNTER,,,
batch_001,encounters_athena_clinics.csv,394,ATHENA_CLINICS,124869,436ae5d4ba20ca8c5199484d7b0e3d52a24a913950499115b08623314bf3efc5,7c76e1ec2ffcdcfd5b8008cac3908550a2e56685b513d9072fb44a07f66a0b01,2024-04-14T01:30:23Z,NEW_ENCOUNTER,,,
batch_001,encounters_athena_clinics.csv,395,ATHENA_CLINICS,105260,1737c342909c5443bb3627b8740a8c63e132077fd8c9183bf642acf8a6f927aa,81d6c55def7b1b5a7fbad98120b1b0eb953f99e24e8aecf06d7782cc1e668d9c,2023-06-12T03:19:26Z,NEW_ENCOUNTER,,,
batch_001,encounters_athena_clinics.csv,396,ATHENA_CLINICS,126541,1f4cb39a9dbe1c8d9073dba2e6ab80427e199f2887a18613ad6b354c94a9f704,db56ccaf11c144cfe59e092e855026a18f46b5d0233bb63fde55511f528094d8,2024-02-18T22:14:07Z,NEW_ENCOUNTER,,,
batch_001,encounters_athena_clinics.csv,397,ATHENA_CLINICS,121303,fba1c3884c326fe231f0fbb0bd28c48776edd32c6ad41d7ffbff2ce8c15beb92,7073eb2d22dfa50cd91c9a380ad6592476cf7149f6f56b6abc37aa842d4ab7de,2024-09-27T03:19:40Z,NEW_ENCOUNTER,,,
batch_001,encounters_athena_clinics.csv,398,ATHENA_CLINICS,118689,53c57b4acdd71dd1302fb4733c5c4b6be19219304217ae632787f9a630c23f1d,8fcf6bc1a41e302fc29c4d0b5e01c5cd6f20ca33b17bf8dbf2db9e131c166961,2024-01-28T03:39:59Z,NEW_ENCOUNTER,,,
batch_001,encounters_athena_clinics.csv,399,ATHENA_CLINICS,103141,258659d0631dd6941c25f5d87a8ef1b07f467f9e40f88b081f5edf7ce1b40ef7,835094fbc49a620e3111caff8917b73dfb1383e29a03e0606efab8a552af5943,2023-10-22T17:28:28Z,NEW_ENCOUNTER,,,
batch_001,encounters_athena_clinics.csv,400,ATHENA_CLINICS,102991,aede2c837d8062185dc0b1199dddb66dea01a48106539723042bd008849ff1e1,c226f05e50d972c8290c22296e545c4e8107fe0d040117aa3261aaca32c62855,2023-02-13T19:46:20Z,NEW_ENCOUNTER,,,
batch_001,encounters_athena_clinics.csv,401,ATHENA_CLINICS,139968,978d5f9ca906bf031e36fd3c103ad9fff81ab907484ee90d2f9f44b5312c993c,64e2058d9f15496be36ac85defc7bb8a6a52f442a822d8e5c35c04e328c360d3,2024-11-25T18:53:31Z,NEW_ENCOUNTER,,,
batch_001,encounters_athena_clinics.csv,402,ATHENA_CLINICS,103961,ed9a2ca666401484320b34bba6f5a07d21d4c6e601b8e0c74ef6f71b04450db2,18ca0923137ec9e474e01b31e7a67d482b1d9eebbb94e177ee2d09cd6a6a554e,2024-09-29T07:43:59Z,NEW_ENCOUNTER,,,
batch_001,encounters_athena_clinics.csv,403,ATHENA_CLINICS,126491,bd6a17f71f81f56a22205145bf307d18c62d75dc55d1a395ffe0dc7737eea8cd,7cf57196eff6fc95edd345e682843feff941ef48820d403f57472a28399dd5e0,2023-05-29T05:45:15Z,NEW_ENCOUNTER,,,
batch_001,encounters_athena_clinics.csv,404,ATHENA_CLINICS,101012,737e85dddb18c9fe2caa06e31241ca6568e978e57ef557d94a1e74522ba58862,33a725537ec49670e7c6787b80e7c4d5a3588e91eeb8f43949e50542d10de1c8,2023-08-23T08:56:19Z,NEW_ENCOUNTER,,,
batch_001,encounters_athena_clinics.csv,405,ATHENA_CLINICS,110762,da6a6725004f7a8f6b93a36ae8cb089045bf53402df8a47dabfbdb3ed7082df7,27cd71ff831e6f4cab0031c83fbbb183e2190e74c4c9a3f5e6974fe199826ec2,2023-07-07T12:48:27Z,NEW_ENCOUNTER,,,
batch_001,encounters_athena_clinics.csv,406,ATHENA_CLINICS,121545,4553ac937ae60f9b90f9a3e2dbbe357094287d328859a4b57232c9f9a169923f,af1b22f3bccc4ddec3d05b61db774bed7a215e8c39364f59be7a594400a04aa0,2024-06-04T10:51:17Z,NEW_ENCOUNTER,,,
batch_001,encounters_athena_clinics.csv,407,ATHENA_CLINICS,124134,20c6dd9f0d2a9e2b0e61b401175c9199cd407101e4b68f5602bd5d2c5949d380,57f644efd12df7dd42a118c1fd134d605b9c316279aebd2097e86268e9a9ad3a,2023-03-16T22:49:05Z,NEW_ENCOUNTER,,,
batch_001,encounters_athena_clinics.csv,408,ATHENA_CLINICS,133839,90b90c8eedccc134d722c1fa147a7c4a9731ca1f4b82dc6c7b4da40b1e791eee,5e7b1028becc424747a1b0ab1556d8a04c9ad09fc7a96458f6385041643724e4,2023-08-22T12:16:01Z,NEW_ENCOUNTER,,,
batch_001,encounters_athena_clinics.csv,409,ATHENA_CLINICS,101720,c69d468711f636d38c56257312f0460914631a0505199d6e0bb86fca1e0e40bb,e04f5527cab9b5d683c99501ca2d4cc892b8a43537a4e4bb24838d7a6cd20791,2024-04-24T03:40:15Z,NEW_ENCOUNTER,,,
batch_001,encounters_athena_clinics.csv,410,ATHENA_CLINICS,103334,4b4b609edcee614cc0158c188ab5a468acad201ff5426cf13049ba23f0cb91a2,8f88b3f42be6058cd19e51bbac661506c32c4a216007f69b930e53550018d254,2024-05-13T22:45:00Z,NEW_ENCOUNTER,,,
batch_001,encounters_athena_clinics.csv,411,ATHENA_CLINICS,127901,d9be9aa9b98a87b14bdc926e6755000804fd0e4eaefdd7b571852a6097a708bb,3ae54fc69088c39a294032d2b239a924ab6e8f3f06ef6b63192188eb4f24d9f3,2023-08-11T10:00:42Z,NEW_ENCOUNTER,,,
batch_001,encounters_athena_clinics.csv,412,ATHENA_CLINICS,116331,a5bcdbcdbd182fb930cf2457c09d18f3bddd55cd4ab8a2d9cc8b0a19460e3a5e,5e7c1ad212739058403b5d6321713db59100e777f6d7e437a94386bf8ddf524b,2024-07-06T23:41:11Z,NEW_ENCOUNTER,,,
batch_001,encounters_athena_clinics.csv,413,ATHENA_CLINICS,125363,d1c3e3953fe225037b3c625433f0e4b26ec9940461a9547f4d38575648d1b2ee,7085f317767225840629102f253e334f624d1c3c7e1f4b2d84fdea4ebfdf77f0,2023-04-04T19:41:47Z,NEW_ENCOUNTER,,,
batch_001,encounters_athena_clinics.csv,414,ATHENA_CLINICS,113584,e51074e5a627de3e02dc2237c2959d5b2b4cd993cd1e726189a50b960a60e030,df93e975443d0c35884a46f851242d9bc9cde5bd0739a309f54a34ffd693761c,2024-08-06T04:10:34Z,NEW_ENCOUNTER,,,
batch_001,encounters_athena_clinics.csv,415,ATHENA_CLINICS,131072,42b41a57fb39201d08d416a994e7b8d049e97c933c8b3c9258ced6c50979d273,d85a6c1fd6dcb3d260d6bfad9e380f562742553c93da0ed5eab6722029c700c4,2023-05-20T01:30:43Z,NEW_ENCOUNTER,,,
batch_001,encounters_athena_clinics.csv,416,ATHENA_CLINICS,129193,3c395f61d45c855d7e4e8e9510bd8d680c51f98c8a70aa44815a0c2abcd5a277,a4dcc0c70f07c25a3dd22cc078474b8d7d53ca0275e28aaba8915a13133fe8a1,2024-08-17T21:22:54Z,NEW_ENCOUNTER,,,
batch_001,encounters_athena_clinics.csv,417,ATHENA_CLINICS,114009,88aeaeea4a8d0a5552c252944f27b71986732fd3ee6ebd250e3eb31a95145de7,4741ceb3a5c6807231759e968ec42a7a35499aeb3b9e8543071184b0a2b95a06,2024-05-25T01:39:38Z,NEW_ENCOUNTER,,,
batch_001,encounters_athena_clinics.csv,418,ATHENA_CLINICS,126894,47ce4aba5c4ac3bab739cdcc7b54bcaa94cc6736a6435a0864b5373dea0902d0,60a0fd480894bb486c42a11116cd13393bb57baac0506efb6bc4b7af318f919d,2024-04-06T07:38:12Z,NEW_ENCOUNTER,,,
batch_001,encounters_athena_clinics.csv,419,ATHENA_CLINICS,103241,4a84f46c03aed1335d7cf62c50a0709d7a5598873bb01b421b63bdce39742aac,a42e42b3c6fdc8d6e8c165cbd6c8e6979f561b0b90bee2d6f91a9ebf3d456247,2024-02-21T23:45:35Z,NEW_ENCOUNTER,,,
batch_001,encounters_athena_clinics.csv,420,ATHENA_CLINICS,113795,541ad8480e9be346a3a295919abfe13992c4b20d0cf77373f15bc587a1db6b22,f4d9a700687d84a7d7e09a309e92021284a39a5941afdf59ea9c0b70f2acdc76,2023-07-29T08:21:13Z,NEW_ENCOUNTER,,,
batch_001,encounters_athena_clinics.csv,421,ATHENA_CLINICS,103880,0c9e35b1987e31af2b6ab2f4080c831af40d594be2e6b5c75c8c634c4fadf2ac,98aa804ae9ab573c41640d0cfb8e15b41ad63e09703fa9466cd823dea3f4a43f,2024-05-27T07:17:13Z,NEW_ENCOUNTER,,,
batch_001,encounters_athena_clinics.csv,422,ATHENA_CLINICS,131748,4e8c631dfdcb6adbc512c1ba3b529b98021e24009448c81e69220d8b9881143b,03eb478aebae7e2a35329d1cabf51e8575c26906a9968f541efc11715926d1cd,2023-05-04T16:54:01Z,NEW_ENCOUNTER,,,
batch_001,encounters_athena_clinics.csv,423,ATHENA_CLINICS,119853,7d4e8e6228b861fbdaacb94eea147ec80868ff82a8f59f09a45a3e7caef47141,d5b7f51d00adec2b0e32dc3e4f990720751104fe7e3e6ffc0d0144116c27b617,2023-11-28T05:57:49Z,NEW_ENCOUNTER,,,
batch_001,encounters_athena_clinics.csv,424,ATHENA_CLINICS,107549,a8105dd2e3309a5cc7fd6830996161a7e4a4c468443201d1515f00b0d1f3a031,f11cd9fe76f455bf424371dfa7788daab5d5b0a20e06d5fe2e0ea72731377083,2023-11-26T13:25:21Z,NEW_ENCOUNTER,,,
batch_001,encounters_athena_clinics.csv,425,ATHENA_CLINICS,103861,654494301087da9cd3a68eccac49248ed270808e527dee3fc3ceba888f3b0a3a,a5fe121cf0875ac8878101bdb427f8b8193b13c3a79d982cd265a5d68d6ac29a,2023-12-06T03:06:06Z,NEW_ENCOUNTER,,,
batch_001,encounters_athena_clinics.csv,426,ATHENA_CLINICS,120722,c5dcdd9724d5d7d66f8553a229059563a6cf8321fa7907225d81eab59e912218,5bdff6c42c8ca9d12697b0fe7f45039a309e8fb419747815a3cc84d82ed4e6d7,2023-02-18T22:19:02Z,NEW_ENCOUNTER,,,
batch_001,encounters_athena_clinics.csv,427,ATHENA_CLINICS,125007,2e6bd645379803a01bc7935d5697f0b06290c33ab2a2eb4c2be7c22426576e43,8fdb1cb95e88e3d7035aeac0249f857bf8b6218d3897c2aa4042ab60cc24ec3f,2023-06-05T23:23:26Z,NEW_ENCOUNTER,,,
batch_001,encounters_athena_clinics.csv,428,ATHENA_CLINICS,115660,bf15b3c2be160904a3e9b87cb4a7ee883f7cd85e45d61c27c3b60646f14aaaf5,e5ed454c0a698c86264e3283fcff4cb6aa9ba52bbc09b0597db9ca67a7d880c9,2024-06-17T07:00:11Z,NEW_ENCOUNTER,,,
batch_001,encounters_athena_clinics.csv,429,ATHENA_CLINICS,129035,d2bd9a5348c6feafe4b3e6bad6bf5f3b0720be5c1f181ed8603059d5c5fe59da,71492cde23c7ce866861fe6ae067d0a21934a54b9f5da0c85fd63434bdc00595,2024-10-07T22:42:45Z,NEW_ENCOUNTER,,,
batch_001,encounters_athena_clinics.csv,430,ATHENA_CLINICS,121211,ebea0915e5df59b33a4facc2fdaba97fb5ba9dd29be27bd662db9005d91fe7cc,7d76902797319239809c78677219dc61650fc86c8011155e76c246bbc2db73da,2024-05-06T08:27:57Z,NEW_ENCOUNTER,,,
batch_001,encounters_athena_clinics.csv,431,ATHENA_CLINICS,138068,bb1d4b7912c433896135ef8c89d8d2be5da26e075e5b0791271c4c6721c43ed4,894a008cc7684f23b8ec2420d2f4a3662f7d4ba3526582af6f68d44ac4be50ed,2023-01-26T11:54:07Z,NEW_ENCOUNTER,,,
batch_001,encounters_athena_clinics.csv,432,ATHENA_CLINICS,138064,5ba333b4077422eae89828ff02264a8d32969bcfe35562756d772338f4ef8bf3,8d821ca53d4f127f6121632ddc925416b28811ec4c748e90efdb3fdc37742f68,2024-10-29T20:39:45Z,NEW_ENCOUNTER,,,
batch_001,encounters_athena_clinics.csv,433,ATHENA_CLINICS,103658,83c64d736a1c340f1d3c02b965a85d03ed0c71a4b09e3c1eda958fc7e54aede2,268de67376b06122dcef3a7b80763ac2195bdf16fd21e7bab83126424494ab3c,2024-05-26T07:11:54Z,NEW_ENCOUNTER,,,
batch_001,encounters_athena_clinics.csv,434,ATHENA_CLINICS,122236,7405d6656b6ae4dd409e6d364c17ec077f5c87079462c9b23e45ea956deaa7e5,0ad0ffe0c84ea22b2433d982032cf7463cf801810579d127e506d0e98c74cb4c,2024-08-09T19:06:03Z,NEW_ENCOUNTER,,,
batch_001,encounters_athena_clinics.csv,435,ATHENA_CLINICS,107411,6aa87d75e808c7cda91bc7e3bcdb03cd6c30bf375e5c8cfdd449ac6543a5d8ec,a97109b889a8a067534b3092ba0839e6a31c6c50ab14d8d4cb6c0a78093993d9,2024-03-13T11:54:33Z,NEW_ENCOUNTER,,,
batch_001,encounters_athena_clinics.csv,436,ATHENA_CLINICS,135134,73837688d5226b5fa917583837e6bcbab710405a7653a8b6f6e5004291781384,ccc857a6943b2d8b559dfbeea231f991104670ac9035356ae038c92b2f5181a2,2023-11-08T16:38:51Z,NEW_ENCOUNTER,,,
batch_001,encounters_athena_clinics.csv,437,ATHENA_CLINICS,125527,09bd450d2cbb5326d440162615146022b6d3e6f05b71ffe46ae41974975524b9,832e9d16d9ba3e956aafecc83826d8d99f5bde8f6d16e61b2e3dd358998af17f,2023-03-01T01:56:54Z,NEW_ENCOUNTER,,,
batch_001,encounters_athena_clinics.csv,438,ATHENA_CLINICS,106313,590ec8117c0b25b53e37985675e66e1615866d703258fef705286866e7b6cbe9,ebf9d1ddebeba517953959b62e0f171efd0b58956753d874ef593b155c98f39a,2024-03-02T14:30:08Z,NEW_ENCOUNTER,,,
batch_001,encounters_athena_clinics.csv,439,ATHENA_CLINICS,136782,e67ca335365e9710908a1f6e3daa81a4a672ecb4f1616699ea4e436063288264,071a9d30a9e61e12ea7b2cbbba7c5eeac80137c9a7eb9a72867df4f15dba99f7,2023-07-14T08:32:13Z,NEW_ENCOUNTER,,,
batch_001,encounters_athena_clinics.csv,440,ATHENA_CLINICS,112704,a98bd26280c91445846e8478dec3160597b231d924d2ae66bc243bdae0f2c03d,32d09f6db507e843b21133100e897f252525fe96e1481b7ca4b677783f566fc4,2023-10-11T16:59:46Z,NEW_ENCOUNTER,,,
batch_001,encounters_athena_clinics.csv,441,ATHENA_CLINICS,118603,45ef760116d2b5d3952d51ec5ed235b78d51621943e7506fd9cbde56e628c6ca,3c92cee87b86c29ec9646c3fda936b9b45ec5419ae19874436181a5e8cf1431b,2024-02-26T16:57:53Z,NEW_ENCOUNTER,,,
batch_001,encounters_athena_clinics.csv,442,ATHENA_CLINICS,118506,fc532eb8abd9fce280a6e72bc5fa50fd70f220475816c52f878173f104c06b7c,a937a74f20ab1e3d7297a1a0fcf64e1b2b8e9b195506d43e758f65d986c890cd,2023-05-27T18:55:16Z,NEW_ENCOUNTER,,,
batch_001,encounters_athena_clinics.csv,443,ATHENA_CLINICS,139823,d04dfa2c25ba46838ec2e30a21f9224fc8f8ac56547dedefa936fa18ff2c718a,478950741c853ecd11b492be9ef56da7260d83265c43736c1ed7ef0fa73c1328,2024-06-06T19:41:12Z,NEW_ENCOUNTER,,,
batch_001,encounters_athena_clinics.csv,444,ATHENA_CLINICS,104610,96a3daaa620ef98dbc7014702581220e82685369af0adc10606c18b86a165baa,42c654ca7272497fd12012c917f426b992ceb76142a7088951ce7098fc939a60,2023-04-25T00:07:50Z,NEW_ENCOUNTER,,,
batch_001,encounters_athena_clinics.csv,445,ATHENA_CLINICS,117487,550adb042145fa0f48f9a9a82c4f4b5c937bcb577f7522fd04754b2792cc64d0,d0de87f780aa44f912e3750bdf1980269e36161dfcb41710952a2d04252cd94a,2023-12-12T08:16:47Z,NEW_ENCOUNTER,,,
batch_001,encounters_athena_clinics.csv,446,ATHENA_CLINICS,137769,78ceb18700ad5c152bb6b743f3b44fd1dc6ab8c56a323ec271ec85f6f8c38ca0,091254ca9ce7d4c2484baf42d2e9d580f6debdfffd08d1c69530833155b772bb,2024-08-03T05:54:19Z,NEW_ENCOUNTER,,,
batch_001,encounters_athena_clinics.csv,447,ATHENA_CLINICS,117257,93e25db5a8ed9c0879b95b7f3d8d27a6ef136a88fae06c6a8323111a35c5d893,fc1e18ec5ad9a2360270763d85a9dc8bf673a1a7edb7c92d79241bee8f07e4f8,2024-06-05T21:04:36Z,NEW_ENCOUNTER,,,
batch_001,encounters_athena_clinics.csv,448,ATHENA_CLINICS,119238,a2dec2a7b841651921fc8ec377bdd1f747c0e261b38f805a9a4f442d9fa302ac,8622850d8a9631a2e44da3dd9158cdfa854ee6acad13acb8ee1027e9e734eeab,2023-01-15T20:38:08Z,NEW_ENCOUNTER,,,
batch_001,encounters_athena_clinics.csv,449,ATHENA_CLINICS,123034,15d8ded29ca20bdaab77421483fa6c3b9c504bd3b5dd24c86c56444220838380,f85f0b989f13813f740d8bda166e508ca98d07664f0cad3968db0a50841c78f0,2024-07-05T12:22:33Z,NEW_ENCOUNTER,,,
batch_001,encounters_athena_clinics.csv,450,ATHENA_CLINICS,114137,ea3c5d61b61903586a3aeddbee3ab63c12fd553cae643019e969ee14e90a75f6,a3d225811e1238bb59c6658cadacef5bbe6ecf05ded180d9738a738be291cde8,2024-07-20T22:19:24Z,NEW_ENCOUNTER,,,
batch_001,encounters_athena_clinics.csv,451,ATHENA_CLINICS,126774,867c8f60d28dd33eb01e2c192274f3e4f4c76d71946b6ec3c4c57aca19aae8fa,db7115dec7a9c6b3666e91ee95116805659585a3ae14bec346bd6222e77acd43,2023-04-29T01:41:44Z,NEW_ENCOUNTER,,,
batch_001,encounters_athena_clinics.csv,452,ATHENA_CLINICS,126060,e51f50a8fbfaf1050beaaa17753c5e759b5b439569f330d8277d103759e296e8,f75ce8a7015d596d2e8c5445823e6f9241380ecdd18b635ed9faa5d71981e023,2024-10-13T05:35:50Z,NEW_ENCOUNTER,,,
batch_001,encounters_athena_clinics.csv,453,ATHENA_CLINICS,101089,33f4fb6a3b8fb307b132f0fbc2e38e88784d034da2a8a979eba5365857069992,b9e4bed40158c364ac59bc3502cf4d926a9bb52201a09f40867d96626e5b5060,2023-06-30T22:55:59Z,NEW_ENCOUNTER,,,
batch_001,encounters_athena_clinics.csv,454,ATHENA_CLINICS,117791,56e136bc152e46613483f31d6f0ab984544fcc8061cb8cbc8c5df1d1621f76ad,59f5aad69953d93cd5158b4ca8ef1e2a91392dad4155c5ac419b7f7fd0a33d19,2024-02-20T11:00:25Z,NEW_ENCOUNTER,,,
batch_001,encounters_athena_clinics.csv,455,ATHENA_CLINICS,137772,8f4a2482c9d9d80d637881abcfeb8ae4b238936c3fcd5bb1deeb2e68dd649840,b5cd3cee0f616bc6b3cfa3c8479e04b622cd5ad941ed49b58d495560116a1ce5,2024-11-17T23:21:59Z,NEW_ENCOUNTER,,,
batch_001,encounters_athena_clinics.csv,456,ATHENA_CLINICS,134858,9f5493f8a9d89b621e7937583597d3f72c093c72f29b4fb2f5dd0abf2e075b9f,7478892d3aa1a3cb9aebac05c1280295978c6212dbe949b1bc0319a21e4d6c2c,2023-05-20T02:39:17Z,NEW_ENCOUNTER,,,
batch_001,encounters_athena_clinics.csv,457,ATHENA_CLINICS,104167,6b5c8507d392d06a54b3f73a1c1117326635b35c0afc0382ce2dd7babe99ca67,abb5a3d75dd5190cfebead7ec3a09b6967a274a5b9b7751c53c8d3f7a9699f54,2024-05-24T09:17:30Z,NEW_ENCOUNTER,,,
batch_001,encounters_athena_clinics.csv,458,ATHENA_CLINICS,132704,65b12c49e9160f2d78180cc7f17d6ee4b64b3f7a6e03cd70050a4daa4f124e75,10929a8f2059327c05dfcd2e1f6e9b1561f7bec4b5f4cd275602a4851ad11967,2024-07-21T14:45:43Z,NEW_ENCOUNTER,,,
batch_001,encounters_athena_clinics.csv,459,ATHENA_CLINICS,123498,3273bd07d42e836b0d5d0dce4d670fb4af243613607ac886c0f81ca083d987b4,7797de5c86a67aa606a11c00a71644991a2691e1671d0223a421ce58e6118dc7,2023-02-12T06:52:43Z,NEW_ENCOUNTER,,,
batch_001,encounters_athena_clinics.csv,460,ATHENA_CLINICS,136067,d6ac59ce4fc67b87d63a25e637005a07a086ea1989e095d3b3b18090632cacab,85b8af0b17fed64c42cf1bbd7e8e203e8261fec5523f7f60432849f8087cd8d8,2024-09-20T20:27:43Z,NEW_ENCOUNTER,,,
batch_001,encounters_athena_clinics.csv,461,ATHENA_CLINICS,132172,0bcc57b5eb6e877a14ee047d88f0b9faee78f0251fdbe778247ff4c0bc313e22,4242eaa1e7efa834900beb3c78779d086c59d7308b643d868def4c9654cd2ac7,2024-01-25T09:19:45Z,NEW_ENCOUNTER,,,
batch_001,encounters_athena_clinics.csv,462,ATHENA_CLINICS,114074,b9f899d52409fdc4391e81bd25d686a9ead06dcad160ec21e3c05796985dded7,e850ee03d1dc7b1de1cb61144bfd06eb4010ee4e439182426f870bb8c32c07db,2023-03-23T22:31:17Z,NEW_ENCOUNTER,,,
batch_001,encounters_athena_clinics.csv,463,ATHENA_CLINICS,125003,ed2e5b8a01e4385552409df3360ccebeec8c3d30a1a667aedf318f9ba061ab34,46353559fe780e8b98d796877b181087a7436bb61b8fb7c0fbbeec720a3df3d2,2023-05-11T02:35:43Z,NEW_ENCOUNTER,,,
batch_001,encounters_athena_clinics.csv,464,ATHENA_CLINICS,115340,90e4b4a5d27f6ba97dc9834ad0c3d182e007de875e53ab3364386b9e43842dfc,f2f0d4ac2a24d6d3bbf04cfc8432523e7d68cabd64c1d13849001848cbf0baed,2023-08-07T09:18:37Z,NEW_ENCOUNTER,,,
batch_001,encounters_athena_clinics.csv,465,ATHENA_CLINICS,118236,82afaad73d3424c9a4d88f98e6e59ad2e26d9b7f2157713294a03c8ca60dea12,e1b0de928b4f900dfdcabec373c8e23fbee78b965ca67953e165f312d767c1f7,2023-07-08T09:45:16Z,NEW_ENCOUNTER,,,
batch_001,encounters_athena_clinics.csv,466,ATHENA_CLINICS,103335,ae49e1598283f571fa5ff2cf0fbac1b16bd4a48406a8909b99a171aa950d979d,b5e476802f5544e569712687da402c9f532592ac6deeb955a081604953609c84,2024-10-22T15:23:01Z,NEW_ENCOUNTER,,,
batch_001,encounters_athena_clinics.csv,467,ATHENA_CLINICS,122174,affe767b6a6c0a857d903bf9fe9acf34a85f554b8e74d684c107edc307bc286e,549d770f15bda5ad648b58a738b45137912053611cf5b32952c0f9ace69d3d6f,2023-12-08T20:56:05Z,NEW_ENCOUNTER,,,
batch_001,encounters_athena_clinics.csv,468,ATHENA_CLINICS,122534,f1e8d3c749cdbcba9fa259be368fc0e8da78b14c70990459c2a6b5f34d2310af,3d79b223d4f5a073c24bdbb5ee2ecbdf4330ce943ed6685f7597c5ddfcdd3426,2023-12-11T09:37:13Z,NEW_ENCOUNTER,,,
batch_001,encounters_athena_clinics.csv,469,ATHENA_CLINICS,119349,ec258a7b67b3fa3fdf03330a1b56dfb38053f291b399744a7f478b55bda5fcaa,f50643e306265b044dee55ec100776aa1facd2e3bb1decf72ac797587a7b1303,2024-10-10T16:26:18Z,NEW_ENCOUNTER,,,
batch_001,encounters_athena_clinics.csv,470,ATHENA_CLINICS,129389,ab3100d2d66aa388f505a8016add0439a07ad4fc7b39ab70fee759189db1f152,3df2995880e8831bcd213dac6cec1d203ce3ca76f6c7255ed9afcb6b76253838,2023-09-22T06:14:21Z,NEW_ENCOUNTER,,,
batch_001,encounters_athena_clinics.csv,471,ATHENA_CLINICS,126317,eca5e1fc03ee485c4e841f166185ffe06a81b7bcbcfd2a70afc7045b177f52d7,547d257c7b7a16822c84b50405a4ab63a5c2d9b128675c2ccae4f86e8f243bf7,2023-06-21T01:42:16Z,NEW_ENCOUNTER,,,
batch_001,encounters_athena_clinics.csv,472,ATHENA_CLINICS,106663,708cc38d1e2b65aecb99cd7b4b47edb7d0087467cd88b56b8cbd6d12ea4026be,8580b1696b5e5af919de51ebc25dc8b940a47a2ac1cc0f3e75475d078103d810,2024-06-07T03:25:51Z,NEW_ENCOUNTER,,,
batch_001,encounters_athena_clinics.csv,473,ATHENA_CLINICS,104037,f55240bc0cd500e10f9b712ddfa22826bb3f98497d21ef6d09560c1cdb79b8c7,300975edffe8f65c6a192396b98234a2dc24d63e9be4a9955271f689fa0fe475,2024-03-06T23:49:51Z,NEW_ENCOUNTER,,,
batch_001,encounters_athena_clinics.csv,474,ATHENA_CLINICS,119103,e6f26a94d06a356a46fd97c933e036601be2ac466d1c7f3d5f6f18c8324bc8a8,3cdf6db259ab8f613add081f5cf938d51ee7d5b6848b1ce2f10651116eed6612,2024-05-07T05:17:32Z,NEW_ENCOUNTER,,,
batch_001,encounters_athena_clinics.csv,475,ATHENA_CLINICS,122562,0993134adcfaced933ba1c6dfd7421f2cfccac16d3b680ed707d390c4b219d73,b86839f3674b64db0b50be960a55a9555fb9b2ea185e461f1dcb647da0350212,2023-12-02T01:15:18Z,NEW_ENCOUNTER,,,
batch_001,encounters_athena_clinics.csv,476,ATHENA_CLINICS,134603,35932a1d6ac022da695cb93af1bbfabbd14202c3b49443e301b97e4eab2fb65e,a8657f0d606e74beb964fbc111337b23e2258f45638e513e01d3f006dc522ef8,2023-02-10T16:22:22Z,NEW_ENCOUNTER,,,
batch_001,encounters_athena_clinics.csv,477,ATHENA_CLINICS,114360,d06fd2e65601a2642bc8750dfd4c6ddeee293ca7d5bd3d81c94a22b31cf27aeb,cbaa066a87fd213d642d57fa5a905d4299d40036ad231c059edb383c156d0fdd,2023-04-12T23:20:12Z,NEW_ENCOUNTER,,,
batch_001,encounters_athena_clinics.csv,478,ATHENA_CLINICS,113101,840bc7b2d13045d43989bb7781b086e0f7cd6cc445dbd3f4ccf884c91f90863a,7a01ccf4243c9c589641e3d59b13bc8ef6ce34f54c828f922b7c3bdcae314f5d,2023-05-27T00:17:15Z,NEW_ENCOUNTER,,,
batch_001,encounters_athena_clinics.csv,479,ATHENA_CLINICS,135506,04b57f50f100c950ec4e69ed6b6c8d377d944b6a9d970d08653b5ce541307bbd,0ee19f3a06e2720460d0241529b53929dd1f103302e6e4c5069c9cd9313d1468,2023-11-16T14:05:40Z,NEW_ENCOUNTER,,,
batch_001,encounters_athena_clinics.csv,480,ATHENA_CLINICS,138070,fdb72fab63189ee2e92b0baad7a52a61eb8b1fce6926ee3abcb895dcf8aa056b,dc9a8c6fd45220f3708896a8b30dc603e28f8a4de75d0dcc610d3d3a920c9b1b,2024-06-26T18:41:32Z,NEW_ENCOUNTER,,,
batch_001,encounters_athena_clinics.csv,481,ATHENA_CLINICS,138335,d12f777a194216a33045939fd5fd903ab54e6e24cbb9e60c001852ef5d7e977e,69377bccfe31a2d6a67ce48719c1402aed249afb43b174b3abe6202574494f60,2024-02-05T21:47:36Z,NEW_ENCOUNTER,,,
batch_001,encounters_athena_clinics.csv,482,ATHENA_CLINICS,120415,a963b1bdf9253f49e48bc55062b808c931389358eec75ca4f524b3ccc26a8720,25fa79918d4b5f63aae7d3ddd8258f071ef258c0753fb903babcd846c15ba1c9,2023-11-06T13:46:20Z,NEW_ENCOUNTER,,,
batch_001,encounters_athena_clinics.csv,483,ATHENA_CLINICS,130027,2051d0cbf9f3c889e3581692f3b1efe21c62ad487af762c6b1db0a160eeee2a6,e400f80684e7d5226dc5b8225add58af688353c7d5070658da7a83bce2f4095a,2023-06-29T17:53:47Z,NEW_ENCOUNTER,,,
batch_001,encounters_athena_clinics.csv,484,ATHENA_CLINICS,115083,1bfa6a62fb953915fe1063268307e6680470e60b4b4b448f4f780c37599537cb,771a513d05d6cc7d994ee8f9b9274698a27e68b8a094e65b4f7226f0f403d67c,2023-05-26T16:51:30Z,NEW_ENCOUNTER,,,
batch_001,encounters_athena_clinics.csv,485,ATHENA_CLINICS,106733,e8a942c278418d4a63df60e11b49bda0b1e0a7ede442a9605d2d68dfce133b48,5929ea99258bf419cf8790cac11e6da119987bee64468a4cb51ed91c61f288f8,2023-04-11T04:06:18Z,NEW_ENCOUNTER,,,
batch_001,encounters_athena_clinics.csv,486,ATHENA_CLINICS,107766,45216ad26867ffa2b840204ae94b62632f559c9715b70517a75a78f827c7d8eb,991b02c1f7fee98a86ae4aced2640c39a5b4ba87143f4696e35b0ea9a57bfced,2024-10-17T09:12:56Z,NEW_ENCOUNTER,,,
batch_001,encounters_athena_clinics.csv,487,ATHENA_CLINICS,135849,760f29f5a1890f99d8012c7ba614e0b45fd3d021fdd76124c255606c6b704f6f,fbbaa99aa83863329ff4facc81a767f9c0388946e331dbfb1d79bcef376b4b7b,2023-09-28T12:52:25Z,NEW_ENCOUNTER,,,
batch_001,encounters_athena_clinics.csv,488,ATHENA_CLINICS,114668,4c20f52424a62e1dee9cb30ff19e60783c337b35541788751456a1832bbe297c,e731894a994f69d518d6ec41acae70e801e054b3273e5d786d2bf1925949986d,2024-10-04T09:07:11Z,NEW_ENCOUNTER,,,
batch_001,encounters_athena_clinics.csv,489,ATHENA_CLINICS,100490,7d66a223db52af9cfa2db123ece291fbb1cd7409546e57bfc91eb9b3bec607d0,f5546373bf828e65283ec53f7f7482af248094cf421263ce184da5bbc75f5e64,2023-04-21T19:04:03Z,NEW_ENCOUNTER,,,
batch_001,encounters_athena_clinics.csv,490,ATHENA_CLINICS,137434,659df4fdf78a959bd7fb012102a9524626b6e9aa1cc7576347a45bd237021f51,03f42d18db7776ad34e1886c188f6c1828e9dbb9718f28c9a5eccd8c5f09e5b9,2024-04-27T06:48:01Z,NEW_ENCOUNTER,,,
batch_001,encounters_athena_clinics.csv,491,ATHENA_CLINICS,101158,5f2c1013fc0c69122819ec5013ce2a67c0519a9f97e5e7001f75e2d2f3687a73,9d410bde1927c449ed721d89d0edc44436d35bf10e64a0e796ddfc4cabd551ce,2024-11-10T18:46:20Z,NEW_ENCOUNTER,,,
batch_001,encounters_athena_clinics.csv,492,ATHENA_CLINICS,110353,4e39546f277fda7004d0318032371abfa70af0b3d721df3df2e029adee5f86e4,e63c7c349d7ca468a9d3e6ad067239fc816f2ee60b911d0c1d7954d658d4f656,2024-10-21T15:23:24Z,NEW_ENCOUNTER,,,
batch_001,encounters_athena_clinics.csv,493,ATHENA_CLINICS,139639,676b9ef0fb1981c00d6befa71a2199174d4405eded90ed08d19cb75aba3c764d,18d9a1d9664724ca44a2ceb1f7fc9b4a678002e18a7e3da70fa72723a4725fd4,2024-01-07T17:48:24Z,NEW_ENCOUNTER,,,
batch_001,encounters_athena_clinics.csv,494,ATHENA_CLINICS,120413,d5f4d46a22cf22f283a58c7ee13371cbaaa4a6d19a7b5240974574599ac04d7e,cba0e4de92dc7f285e0069bc75eb56eb09ca44ecf7c8c0aa9a857e1a174549ba,2024-02-04T09:56:31Z,NEW_ENCOUNTER,,,
batch_001,encounters_athena_clinics.csv,495,ATHENA_CLINICS,125984,46ccf3fbec7883f304e72ca0c66988094aea3ac8ac2ef6c8510781629bf1cb2b,c544f01354d288473c2561dee88337a67ff4cfecd85d62c90efee8226ee0bcee,2024-07-28T07:27:40Z,NEW_ENCOUNTER,,,
batch_001,encounters_athena_clinics.csv,496,ATHENA_CLINICS,129335,ef26c6e2933d8b0bb2b55fcc444e61dd8e3d5410e6c68ca76e55f1368790ad68,4c1fd2962fc4c39db0be0f3f7119c6777f5e31b7c3b37afb5ac4e0b7eb1bfcb8,2024-06-18T20:46:01Z,NEW_ENCOUNTER,,,
batch_001,encounters_athena_clinics.csv,497,ATHENA_CLINICS,125058,ce57a8953c306988ef5f692e7252ba668566184a0c7485fe1c7294a611c9cfc4,e36439611b558989aa78ee9e67a2b9e6f45f165150340b873bd8d62759f7c145,2024-07-25T09:39:44Z,NEW_ENCOUNTER,,,
batch_001,encounters_athena_clinics.csv,498,ATHENA_CLINICS,129445,5d8ff772073b6d01131423d9218c29efceec3c6664ef0642f127bf08738d45c4,d5887b089a7c4966a8caf642d47ba6744c122028822eb8cb239d59beaf6e0409,2024-10-18T04:01:26Z,NEW_ENCOUNTER,,,
batch_001,encounters_athena_clinics.csv,499,ATHENA_CLINICS,126838,753cc13c93625d7fa21581e070898b721527a198d5464df739df8963375c0a4c,123fb5916f754b9a9471adb4073c1dfb41d104a95ccaea47ea33543d25ad1c87,2023-10-03T10:18:01Z,NEW_ENCOUNTER,,,
batch_001,encounters_athena_clinics.csv,500,ATHENA_CLINICS,124062,e3bd719d3672ef8ee8a019e3136e97c2f8e648a72785b18fb6a04c1df7be631f,5dc4b328c6068bc2f6ecf103f6096696c0d6b892c19af5a108c79c3932f3e31a,2024-12-13T11:18:44Z,NEW_ENCOUNTER,,,
batch_001,encounters_athena_clinics.csv,501,ATHENA_CLINICS,135097,37b9b105739888a5f16026eaf98d861a346cf977334432ed0b4df96b41c5579b,47bc819e31772482fe38fadec4d8894f42519188affa75f749e532ac6ad88e0e,2024-05-11T02:12:49Z,NEW_ENCOUNTER,,,
batch_001,encounters_athena_clinics.csv,502,ATHENA_CLINICS,134891,9b065d8272be518d7596077b573cc81aef90de5585e23bfada180d0cf4a0736d,4a4a290d07e93fd53c19480c075f2aefe05f7be90cecd4871dfba64940c5020b,2024-01-05T17:20:50Z,NEW_ENCOUNTER,,,
batch_001,encounters_athena_clinics.csv,503,ATHENA_CLINICS,107351,fa529712d3fab0ac4d06441c254eb2ad5a073892f05c3fbdeca03a7966e0eedc,adf16a11b7412fdafa52d2da300d02e6f2c7a6abd83f4377de0f9ea8051b2d3e,2024-05-03T12:31:05Z,NEW_ENCOUNTER,,,
batch_001,encounters_athena_clinics.csv,504,ATHENA_CLINICS,134806,7e39e097f13ec25daa971890db5b837c01d2ba4da408b01373d6fc5774513969,d7042468028f4c012758e23c9dbfdecea69fbc072d75427678c4c7e27f8f1fa5,2023-02-22T16:14:00Z,DUPLICATE,DUPLICATE_IN_BATCH,EXACT,
batch_001,encounters_athena_clinics.csv,505,ATHENA_CLINICS,110859,5bfeba61313df32ab3f25d273a91b559d53b89ae9897e69660d9460935b290b9,ce1f961737cd0efd189df26b7df3e4ec54b6f4ea35636cc524a2dae14d9911f4,2023-11-27T08:45:39Z,NEW_ENCOUNTER,,,
batch_001,encounters_athena_clinics.csv,506,ATHENA_CLINICS,114772,62004b31669c097bb7b649adcfc0616489e3a9ce0b065687f900489ef05a5d44,0a5f3f7a8dd0eaf9d76db8696a7f381b460fad1ff1b9c6bf3daee51027dd517e,2024-05-13T10:45:18Z,NEW_ENCOUNTER,,,
batch_001,encounters_athena_clinics.csv,507,ATHENA_CLINICS,106713,fd66a5ef6dc8210f2723dbb1630b8e467a3f44ab6c5ef8769e131127810fb0e9,9a8b8e92ac30da0ec7b691195839dcc67f60e8e84b1952a0c81f00c8b92e91cc,2024-10-02T16:40:55Z,NEW_ENCOUNTER,,,
batch_001,encounters_athena_clinics.csv,508,ATHENA_CLINICS,136591,c686e8c06046fe907957436bf3561949dd62355988b7b6a7ac93757853c12423,4a47c724abf834ad548dd20c2d44e78785078ea1d2ec95928f1307cf43648df0,2024-11-05T18:58:23Z,NEW_ENCOUNTER,,,
batch_001,encounters_athena_clinics.csv,509,ATHENA_CLINICS,115627,3bb2622bbdc3cfe676e749cbc73e76ef8dcaee2adef73376403c18a42f520cad,5bc8d6861e879fafc8c36055ed6dce47e75fa1425c6fbc46380c2fe59a7366d8,2024-07-27T03:41:01Z,NEW_ENCOUNTER,,,
batch_001,encounters_athena_clinics.csv,510,ATHENA_CLINICS,126179,0b2de7efc253b75b35d0c015697ba04600a89f7aa51aaf65763e032e4314477d,1a807dab3d38223cd9a8cdb3cd5661f244a39863ffb32233c864d3a3c91df581,2024-02-14T07:12:55Z,NEW_ENCOUNTER,,,
batch_001,encounters_athena_clinics.csv,511,ATHENA_CLINICS,138669,b0e69e0589c204f3a7f7c39048496102c03bc6433638716323d4ad2fe5a8562d,eafb7fc467fedc6da5497be71400e849091e856f5c3001f767ac23022b30b435,2023-03-04T17:26:57Z,NEW_ENCOUNTER,,,
batch_001,encounters_athena_clinics.csv,512,ATHENA_CLINICS,138668,3eae1d5458e5f724dd9f818a6df28e76aa4a2e0c4edffcab38ed068f994d165b,08da3fa390fb90f229190f73450b9962d06b68e148875045e352c7e9fab56dd8,2023-02-16T01:55:39Z,NEW_ENCOUNTER,,,
batch_001,encounters_athena_clinics.csv,513,ATHENA_CLINICS,136856,f36bbdcacdf62df0d3e228274faeca617e5fe2e3809fb6af1d102bd3b894e191,677a668e282495a533db2444fdcabc4bcb32957ebe56e8e5f7e17c12ce0b3568,2023-03-23T00:44:27Z,NEW_ENCOUNTER,,,
batch_001,encounters_athena_clinics.csv,514,ATHENA_CLINICS,128208,d6788d23b0e653a6b0f455a8b717f264f047068e145b41be7bd8d1ffab43f254,39330352df9306e251a15b7d1f0370b6f7d5047b51f83cc6195ae7af3e7d1f3e,2023-12-16T01:06:09Z,NEW_ENCOUNTER,,,
batch_001,encounters_athena_clinics.csv,515,ATHENA_CLINICS,127997,3d821d4ca2ec77971ff33b0a408bf595b37aafb173ffea9e4261729f140cf80f,3ab99e10a49f13ca5d376db1ba7b2e3d300d924dbc34724bec144be77a516717,2024-04-09T10:28:51Z,NEW_ENCOUNTER,,,
batch_001,encounters_athena_clinics.csv,516,ATHENA_CLINICS,127492,e8c2afa7f9d00bcab3a11c2137356ff1385168a6a94431c3bcfb5b299fa0477d,9f01ea736f5d5c268491d925863b9493e5bca5538fece27adc8bee4f74c490a7,2023-12-10T23:31:30Z,NEW_ENCOUNTER,,,
batch_001,encounters_athena_clinics.csv,517,ATHENA_CLINICS,123072,3b1f6143bee336e4fd628a8b0f078915c4fafcd5d699058f958bc21d55c8d358,bc82355f0290f85419f8567e5d61bbd54b648bb63a247f4480cf4de3020c7bf2,2023-10-25T04:02:35Z,NEW_ENCOUNTER,,,
batch_001,encounters_athena_clinics.csv,518,ATHENA_CLINICS,129763,4072d7914ad6ed1e9c7f5cff2d8e5afa465fdb45dd393291b10920c64cef62fa,41ddf30780db0c351649efde13ba283854e33b74c0948f734912e614fe6bb9ab,2023-09-13T07:46:37Z,NEW_ENCOUNTER,,,
batch_001,encounters_athena_clinics.csv,519,ATHENA_CLINICS,122157,d662333c1a070617c3b94390a3a2b4e6a8c22c695d566d5f9fc5306cc8b6d62d,32e6fd5a9a4ec46b2b55d4475095a60db45c53dde311acf6ae23dffbf84ff17a,2023-10-26T06:41:47Z,NEW_ENCOUNTER,,,
batch_001,encounters_athena_clinics.csv,520,ATHENA_CLINICS,119992,d8af65b6523324197692b3e3c057fe30a74b8e76b193b391109ce57372fcc203,9d5bba6d7e44650925f956e8a62701bf2e9380dac43b1b4ce306569a3567cd1b,2023-11-05T02:16:13Z,NEW_ENCOUNTER,,,
batch_001,encounters_athena_clinics.csv,521,ATHENA_CLINICS,130074,d716c7afb64b6ce500f856438b5a852422af4a1b0af70a8e4ecc5138380d0264,324cad315bc637a1db0c04c8fa3a1bda50926ec88d192ec80281bea23584cfbb,2023-04-26T06:43:41Z,NEW_ENCOUNTER,,,
batch_001,encounters_athena_clinics.csv,522,ATHENA_CLINICS,134200,1e7f0fc8d32ce79743ba667128622905b4d4a65ff003e1dc771a7e69a203a41f,851819a1db781cba00d688c505361fa370f0ba0d5dcff1e737b0df739fbe247f,2024-11-23T10:24:30Z,NEW_ENCOUNTER,,,
batch_001,encounters_athena_clinics.csv,523,ATHENA_CLINICS,121266,968ccbd79a72e2fae4ad3949a80f52c9b2327099d99e2b2d4f57f1c212658651,b55907b9f60c438a49c730387dad0d4a53c250396e96912807063e67a17879cd,2023-08-31T03:59:47Z,NEW_ENCOUNTER,,,
batch_001,encounters_athena_clinics.csv,524,ATHENA_CLINICS,108136,57a15f30cea800f8f9df27767ec26537e6a6b1ee3f3333935b944771e74c0116,762da0543046f83b899a0bfde9a3731b5523d15dfad28a8df521f6f85654364f,2023-03-13T07:54:11Z,NEW_ENCOUNTER,,,
batch_001,encounters_athena_clinics.csv,525,ATHENA_CLINICS,139325,deb580bffed6b063d01a7ed5a1abdb3ff9cc5a5d9fa46cc0de956cc0f3e302c9,a3809e3750684ea0152b8d4df64dd3912a3aaa89c09d45f126f2336def9b152a,2024-01-28T18:59:41Z,NEW_ENCOUNTER,,,
batch_001,encounters_athena_clinics.csv,526,ATHENA_CLINICS,132715,6f1784071a559f3f903e69c5624373badc697e37366c9e972dd8652c4aa06c7d,e53e66b857362075ded9207048334e20945e7be91dc7e171b41936312f3fd3de,2024-07-03T09:09:11Z,NEW_ENCOUNTER,,,
batch_001,encounters_athena_clinics.csv,527,ATHENA_CLINICS,116744,28df64c5237953a95f34d529eefbe7193e6669ea633c7d1f159336a04a66e861,d1a8183b05956e7e0a03d6c60ae91aa0654ee3e5be5e23dec741e0905729aea4,2024-05-08T11:08:10Z,NEW_ENCOUNTER,,,
batch_001,encounters_athena_clinics.csv,528,ATHENA_CLINICS,124106,ba14d160321e88fb03e9b0e4cdb94753292b880079c8535df25d8b0782f464b3,caa7ccaa626c752ec6fed187ed20670adbade70bd444c68bb3b50bf8eabe0137,2023-05-02T07:26:41Z,NEW_ENCOUNTER,,,
batch_001,encounters_athena_clinics.csv,529,ATHENA_CLINICS,102691,9e62884e06a44dc14b23257b685cc6b7113d7a06ea2ce7fac08fda6684463297,fa1dd1318e8ee11b5e6489ba47fe482677e4bdbdb69d192f721d88d2aec45155,2023-10-25T09:19:52Z,NEW_ENCOUNTER,,,
batch_001,encounters_athena_clinics.csv,530,ATHENA_CLINICS,133166,862ac00cf437eaa684c35e62111082bf1442b1e854f340737941c4352fc2e1ed,e570adf2abf733b771692f27cda7a9c12a3526b62eeb1d6c28570d57dbf4eff7,2023-09-24T17:25:18Z,NEW_ENCOUNTER,,,
batch_001,encounters_athena_clinics.csv,531,ATHENA_CLINICS,105332,4d376b436b20e1d1e24c0f5d4f639207b1f6515dc812fc42f2cadf547d5e0079,95e9b45fa5ad0967cb8aee58d6c7370eb10e9786dc01f77f6eb52e950b456079,2023-03-19T06:29:14Z,NEW_ENCOUNTER,,,
batch_001,encounters_athena_clinics.csv,532,ATHENA_CLINICS,126106,0b8862aa44a36a99f2f25821a7b4e9eadf1ae0af8209460cd92af4d419fd53ba,554906bf8d6796cfbdc01a153aa193d1eac1ad2bc5725f4ff004bff64193d856,2024-05-31T16:47:56Z,NEW_ENCOUNTER,,,
batch_001,encounters_athena_clinics.csv,533,ATHENA_CLINICS,116035,a3333b9209bc328c2b89d29dc415e141e4b39a5a10ce270140700b1653f0c2de,93faa10ddb1ce528b1793da8003280209444823d09614fa9b10487f23aa7c998,2023-10-13T14:31:27Z,NEW_ENCOUNTER,,,
batch_001,encounters_athena_clinics.csv,534,ATHENA_CLINICS,122419,e74bb6d660c1947d2065851f070d7ca5a70d72625ae7cb2b8b658a80e2125574,cf532e790d44e60dd63119643dbeac61d972276cb2e88f4b746da9aee26fc416,2024-07-24T06:13:46Z,NEW_ENCOUNTER,,,
batch_001,encounters_athena_clinics.csv,535,ATHENA_CLINICS,116170,24da0c8abade5908a9584c629d3998dfba4fd651411fd1b05e963882a8106b3c,0181c683f45cd4f9c62ce7e4126b36a684858a1049ed3d10fac80b38b27a182f,2024-01-14T13:58:00Z,NEW_ENCOUNTER,,,
batch_001,encounters_athena_clinics.csv,536,ATHENA_CLINICS,131022,4953af0b8b1b9f4eef79dd47efb99503384795dbd7002eee61215c45b925742a,d19d8b8b118daafb9ced3adbdb35b285b1f7e9b36ac451e53e85e2f27541f781,2023-08-17T09:21:22Z,NEW_ENCOUNTER,,,
batch_001,encounters_athena_clinics.csv,537,ATHENA_CLINICS,133385,b4ec39df3db78003522c8a9a5d71d5851b2aedff37ecbcc7bd4d232de6304558,5f52202c07a3cb0f5abef9bae2fe2f513dac7396771ef522da8354d941122ec0,2023-12-13T08:27:44Z,NEW_ENCOUNTER,,,
batch_001,encounters_athena_clinics.csv,538,ATHENA_CLINICS,125798,4b1ad505f941c12c202405c51aa288ae2b95bd565891c83684cfbb60694af436,48fd22a63e9543e5d4b2e2d3c7a0b4e1639b15104d54d1ded972590dd26f715e,2023-09-05T02:51:28Z,NEW_ENCOUNTER,,,
batch_001,encounters_athena_clinics.csv,539,ATHENA_CLINICS,128378,8439e5aeb0ab7b5a23e02bc1fd138afa4cc115c59d717eb332f1ccf92f470569,18ea9302ed26efb898ad095ba7c224c0096de23c45e9876659e00725d628e8ee,2023-12-18T10:06:22Z,NEW_ENCOUNTER,,,
batch_001,encounters_athena_clinics.csv,540,ATHENA_CLINICS,131723,a949ed7979c21560dee906427ebe923d502cb9880b52d2472a4bc489533f04da,00dbd6c879d1b848cadd16b5f54a4ced56cc04ab44c2dcea0be56b8f1320ef06,2024-03-08T00:39:13Z,NEW_ENCOUNTER,,,
batch_001,encounters_athena_clinics.csv,541,ATHENA_CLINICS,114354,53fb21acf68ea1ce78f49cba1d68db08b1e3fc78c8d78c6b2968e1f46ba947b1,7cb2892f98194f6d98fa11c29843084e599960a72c0a8d3b7f66e2e629e7c678,2023-02-03T03:47:20Z,NEW_ENCOUNTER,,,
batch_001,encounters_athena_clinics.csv,542,ATHENA_CLINICS,123927,21fbac01fcd8aeb39dd505b9984f1ca75efe258ec10e484e84a947806f4d9b2f,f4282b325b468365413d65d2f9e0628c81d07e55a64a2bea48d9c04da718a3d5,2023-03-07T16:52:56Z,NEW_ENCOUNTER,,,
batch_001,encounters_athena_clinics.csv,543,ATHENA_CLINICS,136719,be6e2146ecce681cce48cb85884cb88e1330136bedc39a22d97f5169f5d39b2e,93db8aa3bcd6781e83333e297fe0776954d0091f76baf97a91a1c579363f0aba,2023-08-13T05:27:19Z,NEW_ENCOUNTER,,,
batch_001,encounters_athena_clinics.csv,544,ATHENA_CLINICS,132806,f271fc98f8ce9583d93e9204351c737f5db3bd282ba44af1dfd74814349df01e,7fc0e3f5dbd4a4b80d763fd6cbb25a6dad371c34b643525ebdd4fd041f9c464d,2024-06-09T04:18:18Z,NEW_ENCOUNTER,,,
batch_001,encounters_athena_clinics.csv,545,ATHENA_CLINICS,115642,0fa9b767aa4e6525a4b3970e438babe81612f76cc02fc1ab825a2a243961e973,18bb383dec5ce43831c1a960add639772741eb8b2283e99cff75875d9951b2a2,2024-10-26T09:51:27Z,NEW_ENCOUNTER,,,
batch_001,encounters_athena_clinics.csv,546,ATHENA_CLINICS,129230,6878d94bbaa84c33b168e91f54a9b57ba32eba59f3e34f60353816f78cf9f856,5c749683c6e1ded68715f6503710c506cca34163db30868cb750cdd11794ec1d,2024-11-24T03:16:56Z,NEW_ENCOUNTER,,,
batch_001,encounters_athena_clinics.csv,547,ATHENA_CLINICS,111401,0d9936223b9f9793a1880236ab7715afddd892d381c7568839788dd0f6c9fe0e,9cf7bbea864c71f666bc34318abad8f2e8d8b3595f7c9fc1a3c5c4de909737e2,2024-08-25T21:07:12Z,NEW_ENCOUNTER,,,
batch_001,encounters_athena_clinics.csv,548,ATHENA_CLINICS,136207,4c76e3c08ceca2b230d8cb9802cc9c653cdc6b6bdfc46d009a7f8e64d0059280,666c2da10eebb59c5252040d5b74cf432416664cc7ee8b4fdee0689180d20f91,2024-09-26T02:09:35Z,NEW_ENCOUNTER,,,
batch_001,encounters_athena_clinics.csv,549,ATHENA_CLINICS,108513,e74420bed14d49764a46830c189bb5f8d1106ddc8a750151fd22458bbe6c2b61,4bfe96586fb4666d7629401df894cb749732bcd73219c351ff2ab913c3111e46,2023-03-23T11:29:54Z,NEW_ENCOUNTER,,,
batch_001,encounters_athena_clinics.csv,550,ATHENA_CLINICS,119278,6c0682570696501bb2537616c5c3bc7074f65f54ea6f6dc6029f6f91756dbff5,41661808493d9b6c7c414c212299840b825e663805655bff0779fc7ac2beef60,2023-06-14T05:07:57Z,NEW_ENCOUNTER,,,
batch_001,encounters_athena_clinics.csv,551,ATHENA_CLINICS,133902,e433c71d0241e256bfb952c2422d4d29d624d97924d13e09136b19449ada4945,4af7a10190c262504a1cf2bd055ea5a3e9d436429d967d9c20b48f77b1cbff14,2023-04-03T17:34:08Z,NEW_ENCOUNTER,,,
batch_001,encounters_athena_clinics.csv,552,ATHENA_CLINICS,136412,aff8492c3f7d5b3ac300e7a81fbc06ba72ff0003fa1d03ef00dd0ae5861ffeac,fd623383183e6c9ea760fa8f587ad7925000226b96e84b9412428646cfe6023c,2024-04-25T06:20:13Z,NEW_ENCOUNTER,,,
batch_001,encounters_athena_clinics.csv,553,ATHENA_CLINICS,114673,53dc596a5c72572ffce0d85dfbec3556b10d5211c05c356512e4fe057bf860db,abb4fa16cd223956205323ab51a63674cc8c6a5ffb6770958cfd1b3d5c0a6c0d,2024-09-30T15:26:25Z,NEW_ENCOUNTER,,,
batch_001,encounters_athena_clinics.csv,554,ATHENA_CLINICS,137744,cf4c1a819c7b5988f6297de335cd4bc3dce6a6ee7395025017476032f5d6ae4f,56c1e90953ea885cb0fc24aa3e3c2dc538bc03a08eaaea967e4f28eede8e1ab1,2024-08-22T18:15:27Z,NEW_ENCOUNTER,,,
batch_001,encounters_athena_clinics.csv,555,ATHENA_CLINICS,102346,9819fdbd73da4d5aea4d939b9d7ab67a652282f06eb7177d13e1de8635a8ae4d,64d68466e947e94552bf3960ca64c823048a1158759a39fe7e97e74b63a2ea0b,2023-05-25T06:23:18Z,NEW_ENCOUNTER,,,
batch_001,encounters_athena_clinics.csv,556,ATHENA_CLINICS,116904,94a8802864ea9cfdc7f52ddba5655230e2a375ae8229c6eb8af5e24dd2892749,6ba04323324e4fe5b579f229e5438c70cbbe45282bec8200ef6bfb08827176c0,2024-10-13T10:20:09Z,NEW_ENCOUNTER,,,
batch_001,encounters_athena_clinics.csv,557,ATHENA_CLINICS,117733,d5fa86938013943c37d301c8c7da47ed14a1f3abf716eb87639beba314c4f0a5,e0f157329f0ccc32344dc7e1a4da7d138df61893ea67ec140235178cb082c72b,2023-05-17T23:20:58Z,NEW_ENCOUNTER,,,
batch_001,encounters_athena_clinics.csv,558,ATHENA_CLINICS,124865,5374ae2c8c8adc18a7cd0dc54de1a007f387b7e175b94e0a12ca5257d996901f,1fd30190669411e2eb4dc6333f508cee280f0b1e4c7edf3f4e100c712e43b19e,2024-03-16T08:17:23Z,NEW_ENCOUNTER,,,
batch_001,encounters_athena_clinics.csv,559,ATHENA_CLINICS,114561,70de3c00225ef9b11b6bfc13acdae064a7926238f75167e91933e1a869a0f0aa,faceb537558a70df20fc6369f8485ac9ab816da98c210ee5d748a70059631608,2024-09-08T07:37:37Z,NEW_ENCOUNTER,,,
batch_001,encounters_athena_clinics.csv,560,ATHENA_CLINICS,111383,8c2af8e591f6764b1cf3eb9fd5147dd70c4c3c11e1c42887fcc0ded37b0cb40a,d5d9b834a4a78c948949888224d9e09d25315aa33f1df00d1a5f72ded93beee4,2024-08-14T14:20:52Z,NEW_ENCOUNTER,,,
batch_001,encounters_athena_clinics.csv,561,ATHENA_CLINICS,113864,6c1ea074d93248d9291d61f22a30e3be146751e8b5bfc01e69b161f74831fa7f,20c56985f8793e9da85c73ebed7ee49410d2af67fabc3e3e4b9727efe036fe8f,2023-09-28T18:29:58Z,NEW_ENCOUNTER,,,
batch_001,encounters_athena_clinics.csv,562,ATHENA_CLINICS,139109,43b46bb6df2bdd424f7532d65b6776244bade30209dd21f1ff6de9f5a61d0bfd,2e1e0f685fd71cab81cd3c64136fd176ddee35234c3c38d4b680dee0a91cdcee,2023-04-15T03:15:33Z,NEW_ENCOUNTER,,,
batch_001,encounters_athena_clinics.csv,563,ATHENA_CLINICS,110098,1d1906d2fec59d0e4743379d15f0ded5bd02f363fbcf41d1209c244b84a377de,7ed4a6108a49454c9d0164c658e69669913fa3f4d7120601dcd2e3dbea05f269,2024-08-05T22:24:09Z,NEW_ENCOUNTER,,,
batch_001,encounters_athena_clinics.csv,564,ATHENA_CLINICS,117146,29f1d625b878a93aa5b7cfde3f0230f9c33141ecec9bdeed80de51b5b7a4670c,a79e40193961ab0465d9555fc0d59d99f2d2606167770b0c7e744a1b19cc1959,2024-10-04T09:00:45Z,NEW_ENCOUNTER,,,
batch_001,encounters_athena_clinics.csv,565,ATHENA_CLINICS,134226,ed439a8174ef83086be50b41cd5378b08c0ea60a6c6cdb8e7a4aec970b4836e8,8c385111e261ff5a205e68db0dcbbf3e3d76b0be7ba9682450fef5cf3970be6f,2023-06-16T17:14:43Z,NEW_ENCOUNTER,,,
batch_001,encounters_athena_clinics.csv,566,ATHENA_CLINICS,128907,9ab5f35b4d108ee747b5ea6a62ba1909fa9cbf21113673463c7cc7c1b1408329,8ab177088c92893d828f6d55074b6e79c575adb6783f079cfaba0f73a69bd7cb,2023-04-21T04:31:54Z,NEW_ENCOUNTER,,,
batch_001,encounters_athena_clinics.csv,567,ATHENA_CLINICS,113312,264ec6661fb7d3061050962b1228274a3474baac3e8ab8de178dceff3fb6bbc9,8624a7f2cedee3fdd756d91df362d0672a95f8219ecfe29691ae7c5ee58d1295,2023-01-30T05:48:41Z,NEW_ENCOUNTER,,,
batch_001,encounters_athena_clinics.csv,568,ATHENA_CLINICS,130578,d1e81e4345978c435ca6875d07a2a8675ef118c577727cfaa974e2e93bf763fe,79f820bf5a42b2e334c47ce6d13de8158da203c5e50a1e34e2f6ebb4a9e1a0d3,2024-02-25T12:32:17Z,NEW_ENCOUNTER,,,
batch_001,encounters_athena_clinics.csv,569,ATHENA_CLINICS,107326,7e2de17271e2b5d878a241d5ea7cfa3bc1045582186cbd6e93cb230a6dd85776,6d860fb425198fed7c6d0484503b508885a7c30cd6359282644c7108f7f16476,2024-02-07T16:57:09Z,NEW_ENCOUNTER,,,
batch_001,encounters_athena_clinics.csv,570,ATHENA_CLINICS,128251,7eb7d318c19b11190f0b73bbd05d9e6ea695e06bbcbbe0f02284e08ba1a373b0,94fbbcd026ab80c36fe49cfc9cc582f20aa81ffaac903305f12df298c6874187,2023-02-19T09:01:49Z,NEW_ENCOUNTER,,,
batch_001,encounters_athena_clinics.csv,571,ATHENA_CLINICS,130531,88715c2ac2708f4763501924b02a62213d5cd27d5d29f7d120d97e86c1400d12,d39667f64df061699e70e63b1f31fd3c93da71c2b1ac8089d5b035aa451024b1,2024-04-16T01:46:25Z,NEW_ENCOUNTER,,,
batch_001,encounters_athena_clinics.csv,572,ATHENA_CLINICS,131654,0762ebeb74f8e2b3f3cd6efc4c26059b3ca7c7b4030a6a967e31c7ac472062ba,29fa6883f68201088f6543fa9e287b6c4c0db891e2d4df05b6417f5a97d7ea70,2024-09-14T03:40:08Z,NEW_ENCOUNTER,,,
batch_001,encounters_athena_clinics.csv,573,ATHENA_CLINICS,113670,32179ec2434d86cb899114cedf96c6ea9075ff2632c5c92cdbd8a3bd2d0676ea,d992d838d64c4828bbd0ff444442252396a5d5c929b402a39f3d1180d739c3ed,2023-11-06T11:04:13Z,NEW_ENCOUNTER,,,
batch_001,encounters_athena_clinics.csv,574,ATHENA_CLINICS,102117,16f7ab2e1de8a68ff3b5263b29302a9f56e863cf42bbe5238b3c3eca2f526532,c31327bfc3b811f0b288a2bfe41cdbd947849a0e32a652fbfe77c9652dee3257,2024-12-18T22:11:34Z,NEW_ENCOUNTER,,,
batch_001,encounters_athena_clinics.csv,575,ATHENA_CLINICS,123060,e48dc267c188dedee0c8b9db882379641e2bcba61f062a8a4179551a711f6613,20f00c75b07a362552525ba78785a09c22ec4e06ba7d054e24dd8d58e4626a73,2023-10-07T14:29:16Z,NEW_ENCOUNTER,,,
batch_001,encounters_athena_clinics.csv,576,ATHENA_CLINICS,121242,a8455742808e5cefcdc94146d11897e3731a8f13b4884d686061fb574df9fa3b,afc865eccab29fb386ef263c8b7b286acbd8016a4fe5b7952ebd7afcb14a2cd2,2024-11-05T05:53:32Z,NEW_ENCOUNTER,,,
batch_001,encounters_athena_clinics.csv,577,ATHENA_CLINICS,123906,2efed39c02b9ed9a5f1f15756548a918db20bef3b77ac15fa882776c144a7d74,08281d126a4e375871269523655d901437a5b2e8d9beaa35ece169f032394597,2023-08-19T18:17:20Z,NEW_ENCOUNTER,,,
batch_001,encounters_athena_clinics.csv,578,ATHENA_CLINICS,119512,5e486171ab23d5556936cf93422b9da2ac599a400880c17d1a881a8ad99e66c8,86b091fe29a80f6056ae43038e5812d900309960ae07925df511ec82e24ae650,2024-07-20T06:43:21Z,NEW_ENCOUNTER,,,
batch_001,encounters_athena_clinics.csv,579,ATHENA_CLINICS,103926,b5ba81c68f3b5de651bfb2d8997d640334af91705a89031fdb6b09a68b4b5b70,2fcb8ef08dffb0eee8b7eb4395237f950f34f9f193ef24df157f60036224a77f,2023-03-09T12:21:36Z,NEW_ENCOUNTER,,,
batch_001,encounters_athena_clinics.csv,580,ATHENA_CLINICS,117378,f3faeb9219d517c5f3d0edecca4133cdc5b3fca867d218f0e0ab21c868a00e69,6199c9acbaee5a038599df8337c4e4758169bc9d6ecab80871a93f000b8d325b,2024-08-01T13:51:08Z,NEW_ENCOUNTER,,,
batch_001,encounters_athena_clinics.csv,581,ATHENA_CLINICS,123664,7137dbd53b3ec315225fecf9182626274a804f9309fc300a73b3ab2d0db00905,58a41e6cc2ef9d0f0a0710fdb4b77a45ef79d76bdc193797f0ce1a5ac742be3a,2023-11-23T06:05:40Z,NEW_ENCOUNTER,,,
batch_001,encounters_athena_clinics.csv,582,ATHENA_CLINICS,126725,a88fad2768c8a76f3f30ddbb99b3e7df9edd72905c43b60f54664b397d067a3f,e950e56d97cd99b670eee5469bca49577547fbcb8daf2f032b90d2b285d22af7,2023-06-02T12:28:22Z,NEW_ENCOUNTER,,,
batch_001,encounters_athena_clinics.csv,583,ATHENA_CLINICS,134657,840018611f5104f9fa1c0545ac99b6d0529942b4dbc692d91a3c7eb47e484eb5,77e01e2108aff8a32457b545cfcc4b66655461ef83c5a4b1be6cf009cb35a4bd,2023-05-26T15:47:38Z,NEW_ENCOUNTER,,,
batch_001,encounters_athena_clinics.csv,584,ATHENA_CLINICS,113630,acfce5e4bcaf74e801dcced5b9ac6f8f239dd37bba0a0179b93d7e19761cc4b2,1cdb70a885fdfa0ec48da75f4ae14f56fe7c0b1c50a2433bfc98525f3382859f,2024-05-03T07:24:51Z,NEW_ENCOUNTER,,,
batch_001,encounters_athena_clinics.csv,585,ATHENA_CLINICS,125942,397eca94d88d9ee4cff0f8712e2cc107bb343ffca2e84b6fd0277ff11ffe1655,317552749bd581a1a3f1b7aaaf8274b36b81f5d066a668bdf7e79fd7a0f50c53,2023-03-17T04:50:21Z,NEW_ENCOUNTER,,,
batch_001,encounters_athena_clinics.csv,586,ATHENA_CLINICS,102685,562db2d8af60d32ac956ff3fbbb3ce230737dcda2f877687f754209098daf379,db00e8bdc66707f3a22d652a57bf02cab10064a46aa68d70ff1aa3bb9e89d0e7,2023-07-10T13:29:21Z,NEW_ENCOUNTER,,,
batch_001,encounters_athena_clinics.csv,587,ATHENA_CLINICS,123360,13eec0cb5faa5ec0ec8d8eae9d7cb3703998778a2255471501a706482d971161,c5726fcab497d362004e648cc75efb23b01dfd4223004d1c9094c138621c7a90,2023-01-24T20:42:30Z,NEW_ENCOUNTER,,,
batch_001,encounters_athena_clinics.csv,588,ATHENA_CLINICS,127393,0d1e202ea31b76b6c64f6c7daa77060632b8b62628c46b8d24b49b26dcc9018b,8ba714998ab4bcee68a3af5fee7ada403e77fb7e8e94c340b312df133e784d61,2024-06-12T18:38:31Z,NEW_ENCOUNTER,,,
batch_001,encounters_athena_clinics.csv,589,ATHENA_CLINICS,112236,c71c66090cf45a61ffb6a79e4cd57e5803ff526593ede350b39c9c2aba1fdfa8,78edc5b9ac58a552b6510461bde0f7b628a58c536d46805d47a4e42b62dd77fc,2023-11-01T22:41:10Z,NEW_ENCOUNTER,,,
batch_001,encounters_athena_clinics.csv,590,ATHENA_CLINICS,130568,389cad49c903cc8050f297cc71c15f13548a0dca5e343197f8479969e3007c89,f1570bed5ae0729c204ac8b218bdc4e68e47376d674c245dc9ce7e17faf1199d,2023-03-30T23:38:59Z,NEW_ENCOUNTER,,,
batch_001,encounters_athena_clinics.csv,591,ATHENA_CLINICS,102921,bd569831db194c23a56294484223db7be314613039c5f21b020723b7bd5971ce,fc361cfa9096b3cd7595b200ad5462f7dc005e8724f9ac4b1c72319903d62829,2023-09-12T00:46:15Z,NEW_ENCOUNTER,,,
batch_001,encounters_athena_clinics.csv,592,ATHENA_CLINICS,136110,e454bb87f16bab51a514cbb22020a799788ce61ed489da4a1d3621d4964b927c,8120b8f49858162679ac32d0a7b26959ec57fd4b225e5b0904ef3c8007f45bec,2023-07-31T01:47:13Z,NEW_ENCOUNTER,,,
batch_001,encounters_athena_clinics.csv,593,ATHENA_CLINICS,136563,f6ba00b314c013a54ae0253d426478f60b33ec8d0a20020a12b5837b935ea4b1,e71943dbd12723b24ae6e5816b9aa481f52f466e70c9e73e8686334b7de2a2ac,2024-04-08T08:32:48Z,NEW_ENCOUNTER,,,
batch_001,encounters_athena_clinics.csv,594,ATHENA_CLINICS,132501,8ed196954baf5ffe12e64d3ae5955e2be8f752585fe8788df7ae963e5c2be891,87c50f9e435452ebf1fe08544eae2175d57176c13b16765681a7f71e5e639a11,2024-10-28T11:33:18Z,NEW_ENCOUNTER,,,
batch_001,encounters_athena_clinics.csv,595,ATHENA_CLINICS,127998,689fd58b55c9b8e07b1a52b1b80ff687031eb13aa25383d6329e74bbad72167c,957048e9c385994787dd31ee9a2c60736ae28cd713f1cf2f809eaa3bdd4e1e1a,2024-06-21T10:34:55Z,NEW_ENCOUNTER,,,
batch_001,encounters_athena_clinics.csv,596,ATHENA_CLINICS,113051,a672ade23ef601e7e9ee74790a9f1c25ebd50444256ef4e8feca0d9893b9a690,6f2c1209e9685b0a04e7c9c0dd2ca9a0dcb98a6f8c38342d0483f47212d01b1f,2023-02-05T01:38:53Z,NEW_ENCOUNTER,,,
batch_001,encounters_athena_clinics.csv,597,ATHENA_CLINICS,109042,d8569c78de0bc5ac097a35de8246b4b7d10321baf06098ecc3ed38b15249bbd5,15f905438ba175fa158a98e7a3daa7abbc6fb0340d7b7c8e76541985fbdad9ed,2024-02-04T06:22:45Z,NEW_ENCOUNTER,,,
batch_001,encounters_athena_clinics.csv,598,ATHENA_CLINICS,133268,8d7b198016ff3d542c0d2dedd7a361edc421257f8dba9d82142e30eb67587031,664bb7bbae531a24db2923990b7c959292698fdbf59aed16005f197614e934fe,2023-11-28T11:34:06Z,NEW_ENCOUNTER,,,
batch_001,encounters_athena_clinics.csv,599,ATHENA_CLINICS,116289,c48c20fb81f95f6e6c7cbadef7e7ebcaeff4b1b47b13ee6fef2f98824ef93a4b,760f7bbfde3bc23c9fe0b83e26e8c7f4f068ffb880f0f030e8a44e08ca2b3c25,2024-12-01T22:05:48Z,NEW_ENCOUNTER,,,
batch_001,encounters_athena_clinics.csv,600,ATHENA_CLINICS,111311,0bc8534e4ac322b14c932da196f96ec8eb364f3b2a5005a167036b7286e0cb80,4b540cad168b92a82c45f33d8b80105c37ccb15ddca9ce5d87cf3aeea0ec1066,2024-04-24T23:47:59Z,NEW_ENCOUNTER,,,
batch_001,encounters_athena_clinics.csv,601,ATHENA_CLINICS,103669,986aaa9afa554e9348cb19853cb20bfe98b3fa8bd6483c36f636b2f698216f81,8c4b6a63db97e382bad2b31d0d28e983aac84704dc2d3b3cacd99f75d380f5e7,2024-06-04T16:38:22Z,NEW_ENCOUNTER,,,
batch_001,encounters_athena_clinics.csv,602,ATHENA_CLINICS,119824,a9149715df2dab80ee8eb5620fa217e0c3720366c288290ce572337ef1abd0c8,d0961475dd9ab6f49a37cca75a711fde8946edd8af410545719c5645d23e89c4,2024-05-19T23:23:06Z,NEW_ENCOUNTER,,,
batch_001,encounters_athena_clinics.csv,603,ATHENA_CLINICS,134318,f9f5c0b20dfa6ab9ea745d86cd9b0fe11950c41d05607112a41ef464c7717e76,872ac3b69d490239cb51c1cb63be4fec560b8ed493bbd9251d0ceb352000de44,2023-04-23T16:00:52Z,NEW_ENCOUNTER,,,
batch_001,encounters_athena_clinics.csv,604,ATHENA_CLINICS,104640,794b506baff82b56b250320463fef28fe8ec481dbef78a08a4caab54be9ad72b,26f9b4bd6635bf08c5a63c62e753108154c2987eb4f69bcf20e190f21b1d7cf0,2023-03-24T10:23:04Z,NEW_ENCOUNTER,,,
batch_001,encounters_athena_clinics.csv,605,ATHENA_CLINICS,138311,ed0d794d25e009715fecfdb3494b4011c2f26b8d864c3c04bc66fea6304aac8a,a479ff072b7a67b08884cc3472ece561afc4d6743288e5f16609f0d0677a792d,2023-12-05T12:13:28Z,NEW_ENCOUNTER,,,
batch_001,encounters_athena_clinics.csv,606,ATHENA_CLINICS,126843,4df3b3dc622d4a43fc2db60dc894ab029852044f27ac3ac40e86bb090751d934,e0d42843bac1ac526af61f7f3a0b37380482f459e44e3d3d213453014a506545,2023-12-09T16:35:32Z,NEW_ENCOUNTER,,,
batch_001,encounters_athena_clinics.csv,607,ATHENA_CLINICS,136952,ce86a228be67e4a8f0beefc922d8bd3b203d03165e090903f7d08e1e50717f73,6b51d1b7fa1fba3d051bdac6567062378f4984ad8a1b798119801f39a2eb65b4,2024-06-04T13:23:04Z,NEW_ENCOUNTER,,,
batch_001,encounters_athena_clinics.csv,608,ATHENA_CLINICS,110477,4ecc6ae8b04a96e4d671677e8621a6cfe86b7b59f14dc56f14a2acf9bee395c5,2b78c586fd1642e4af362fe39ea22e4b01637d25cdabe8e2564b19835b60ca90,2023-05-20T17:41:45Z,NEW_ENCOUNTER,,,
batch_001,encounters_athena_clinics.csv,609,ATHENA_CLINICS,118869,b04f168941cda839df30354bd4daf52e38f649b8dda6bb2be7df6a3bbbf6ed34,ec0d6f3953384de7d0efd10e7e9f02011c81b9e4ec8ce1cda142d3f6fa88d0a2,2024-11-07T08:06:41Z,NEW_ENCOUNTER,,,
batch_001,encounters_athena_clinics.csv,610,ATHENA_CLINICS,123393,6a2b4350a35438bae6a14490c7726048f755a0904a72b492a368858cb24b7e21,bb90099c2075e6093b083e09fd1ec680ce514ee607ab063713f166453d90c77f,2024-04-09T20:34:15Z,NEW_ENCOUNTER,,,
batch_001,encounters_athena_clinics.csv,611,ATHENA_CLINICS,116676,f6d6e54522c1a89a79f8934ee214b879efcd67c89d5c5a24520690f557470282,62deeb7b49524b4a63c0532c052e09b2315ce938ba1574b1a04ca4d2cee9e837,2024-03-23T16:25:37Z,NEW_ENCOUNTER,,,
batch_001,encounters_athena_clinics.csv,612,ATHENA_CLINICS,128304,5d3d17f0cb273b32931880a590a0c269b8b9620e5e9ddf66f3a5dba7161766ed,e74a8917eebae3f6bfd6e409a3ebb508203a33ee71448fdd94fe0e4805994bbb,2023-05-24T20:50:56Z,NEW_ENCOUNTER,,,
batch_001,encounters_athena_clinics.csv,613,ATHENA_CLINICS,128762,ead1e504c491df272f5243f245b827174aae5e01f908d2039c134e6e959a57e7,c9f0c6b038940314a726bfed0b693b5829e8bade966c4fa717fa62975eef9f80,2024-09-18T06:41:30Z,NEW_ENCOUNTER,,,
batch_001,encounters_athena_clinics.csv,614,ATHENA_CLINICS,105434,c80213ad78bf574e55037790e45f6fda1c80972c762f9aae5b0f93ec81ff37de,39a4465d722d6275d5eec6ecdca618f9cc7c7f8683dd76998b6cd1bad4f0d3cf,2023-03-26T04:59:17Z,NEW_ENCOUNTER,,,
batch_001,encounters_athena_clinics.csv,615,ATHENA_CLINICS,110459,f83c998b4b8a18486792c90a035a46aa7786297e7b3a129939b09ec518dc4bd7,c50c2bf6b4fdedd0c78673b16f4e390326c2224a60bdbacd3ddf6938618b05f2,2024-01-24T19:49:32Z,NEW_ENCOUNTER,,,
batch_001,encounters_athena_clinics.csv,616,ATHENA_CLINICS,114079,0b93b84183b9475670ea428e329b3d43b898e6dc89fe68e082b92681a5c089c7,264b06f722443c9683e35086f8286e0e0e5dc1aa949d0e31922035e69058ff70,2023-05-05T23:12:59Z,NEW_ENCOUNTER,,,
batch_001,encounters_athena_clinics.csv,617,ATHENA_CLINICS,102487,ddfa26428d60564c5fa972aa3e83d3bc004832bea97ee55a166fe626fcb487b9,d4d9911b1d5c6e1952f30e48489eb9e17880507a327fb21bd94e46022f5f9dc5,2023-08-18T13:41:33Z,NEW_ENCOUNTER,,,
batch_001,encounters_athena_clinics.csv,618,ATHENA_CLINICS,129972,8416f66042844bc9eeefd1a40fe6bb19420d3549d5086b4b896ec98c75baf06e,da393b429af4945fa12635a462bce6716ea376800b4f3342b2d14ec2552ea129,2023-08-06T05:13:17Z,NEW_ENCOUNTER,,,
batch_001,encounters_athena_clinics.csv,619,ATHENA_CLINICS,133234,f618f5dfb7407234582abdf1e3af59af027a2a388c7e4c62cdebb6d6e946880b,0f4f623b42a0d16dab4ceb52f1d50de7db192c9ee4644b3f4f93175ab3341650,2023-08-04T12:19:28Z,NEW_ENCOUNTER,,,
batch_001,encounters_athena_clinics.csv,620,ATHENA_CLINICS,134742,9006adbb3b65f712a1c6ad2c2dce087749507bd1a3bab368bc692c87064dab6a,9ab3f5b7ada7590727360d9b90fa856eec69fb03537d4052bf37d25f8d250ed8,2024-05-17T19:30:53Z,NEW_ENCOUNTER,,,
batch_001,encounters_athena_clinics.csv,621,ATHENA_CLINICS,126120,b3b8c13de808ee5839fa5584a46d277abeb618c2824c61fc9bacdd48d8438cec,40c4b00499c454f85d639fa9e6caa7bb0294ad8223b08523595814acd3883f56,2023-06-08T16:44:43Z,NEW_ENCOUNTER,,,
batch_001,encounters_athena_clinics.csv,622,ATHENA_CLINICS,111327,556c0b4ce032b172dc0195660384cb03c33266018d4ee019477ab66179abd131,8774c1684003827859d2193d530d1f97c931def3d3b87038bb9780bb91661f41,2023-10-15T18:24:26Z,NEW_ENCOUNTER,,,
batch_001,encounters_athena_clinics.csv,623,ATHENA_CLINICS,135265,041c0c8aef65217c0b3d9450813abade26aa8e03e483e766d3d6361cdac84e9b,ea04b44262f0772a6710407c13c3891be73a761a94fd2c4efbc06c5708d5f113,2023-09-03T14:58:04Z,NEW_ENCOUNTER,,,
batch_001,encounters_athena_clinics.csv,624,ATHENA_CLINICS,130026,116d6d58d122f4330a8e8ed26e632ffbe3dc7e1a0b3eda756e3cf78493a3ad7b,2ab0af3fbb84b4d8176ae146bcefa61fd1968538e6575e86b8d00b13ce538946,2023-02-12T07:11:01Z,NEW_ENCOUNTER,,,
batch_001,encounters_athena_clinics.csv,625,ATHENA_CLINICS,137452,72512d1fae3fc6cbcc86002dbcf2ce01224851ab56104866d14dedeeac325ab8,a37d98810582e2045bfddc6b7c888923569fbd3416fa89caeff4cbb5775a0a63,2024-02-09T10:57:24Z,NEW_ENCOUNTER,,,
batch_001,encounters_athena_clinics.csv,626,ATHENA_CLINICS,108348,75bf0c6966e6ea1e2644bb16783a8e4ee75143f7ee8b98685cc7e069a3e7c872,8d640d9610c33b5bd75eb0c04467d13555c72e6a8c719926078e532995c63f58,2024-07-12T15:30:07Z,NEW_ENCOUNTER,,,
batch_001,encounters_athena_clinics.csv,627,ATHENA_CLINICS,109703,f3a64ddab2e97b2d2c42afe548e7c7e3822e840a0d9003a4d04ad062b1d5e135,3b7aed0624eba8f43d5c8655b7dd769692847952a942cb8ab65b28169c7d15b9,2023-10-18T16:57:28Z,NEW_ENCOUNTER,,,
batch_001,encounters_athena_clinics.csv,628,ATHENA_CLINICS,111011,a7e1b2a099e0da481fc2bc2241423bda055ce5595bdba7e465d267681bd7f1b5,b4e61bc289de2e1fe65284db26762742246e4d3995fa28050360a8534a05c5d7,2023-02-26T16:38:25Z,NEW_ENCOUNTER,,,
batch_001,encounters_athena_clinics.csv,629,ATHENA_CLINICS,116453,b8d6ead3653fab44d4eba774f068fd7d42b7dfdaf950a61f9e8aa7df620d2255,a34eb490d145b845911ec1d610981c51edabd5da1f356dadb449876791a8eb3e,2024-12-12T04:33:48Z,NEW_ENCOUNTER,,,
batch_001,encounters_athena_clinics.csv,630,ATHENA_CLINICS,101037,68aed13c5a64793f4bf782fc4fba7c9696d9380efc200fcb6ce4bbc43d1e1bf4,3ff0ac270bbb17f8aabfdfb642415bf34395dc3220397f8e5b3f01880e78d2cb,2023-04-17T07:52:52Z,NEW_ENCOUNTER,,,
batch_001,encounters_athena_clinics.csv,631,ATHENA_CLINICS,134023,340c02bcc6d48d4723dd755f706c0cff56e4629631b7deb1f48874e0ca94af80,8b34d037e99b577199a608ceb59afe7e669354f92787aa2e66ce56a91717c150,2024-05-31T23:49:19Z,NEW_ENCOUNTER,,,
batch_001,encounters_athena_clinics.csv,632,ATHENA_CLINICS,119809,9fd15d0388cbd02598f0bedb80f995c4a114f4673f3bf36f4a56268093311139,72ca4a6bc3e425559541b8f70eddd7575c11456896f944d7fda5c2c4f53e0922,2024-01-01T13:27:38Z,NEW_ENCOUNTER,,,
batch_001,encounters_athena_clinics.csv,633,ATHENA_CLINICS,111581,63e648e8958a520c27da0b599e3bbf5f3f9e5d12e92bc2c9f67db52918e6220a,8a367de8fccd7c3fc65e40be316927f434d5602877c04dc3a26351ee83d8fca4,2024-02-02T14:01:22Z,NEW_ENCOUNTER,,,
batch_001,encounters_athena_clinics.csv,634,ATHENA_CLINICS,100613,866aa59595dc9e690c01ca6be226de71667d50bf1b8db9d7c874882c68ef6923,4e927184e8c2be0d7c5630ef092e0865347b56410ec45ec66d4659ca36945ae1,2024-12-19T16:56:04Z,NEW_ENCOUNTER,,,
batch_001,encounters_athena_clinics.csv,635,ATHENA_CLINICS,119515,b4d9c6f47ea3f7230e37f1af3be100777dfc70cf6f53cff37037cb4650fe9704,57c1d696cc4ff84ad4fc9398841cc305f214e6cc2993ea9896f9624b443a15ae,2023-07-08T20:47:22Z,NEW_ENCOUNTER,,,
batch_001,encounters_athena_clinics.csv,636,ATHENA_CLINICS,100248,ee2a4bb90bb512939930546d637ee13c9a9eead67711085a1bef9233e05efe88,cc34bc9ba8a72192ace675a5a3d93a904af04a5bcc513050edeca627ed726aa1,2023-06-10T04:28:19Z,NEW_ENCOUNTER,,,
batch_001,encounters_athena_clinics.csv,637,ATHENA_CLINICS,103845,e5e24443f7baaea841b8507ea8ec1810cd9b121797e61650429bcec41a97b52b,df8ca43d4b6243854b9b7a1f2a360b54d7a216961ababff890d78adb7481ce33,2023-06-29T02:25:09Z,NEW_ENCOUNTER,,,
batch_001,encounters_athena_clinics.csv,638,ATHENA_CLINICS,108682,adee20c331e40adb3ab33ad233ab3a11950312ead22da73274205a0db14726f9,feb011a49e1216a14ff66f056571881e31fcca8ec422112066c5bcfbaad3f521,2024-05-21T04:37:13Z,NEW_ENCOUNTER,,,
batch_001,encounters_athena_clinics.csv,639,ATHENA_CLINICS,125286,6069ff0294efe4d08d8899462ab1905ea14f87e854ec81ff313c57c45ef64eae,d5920ec248f8f0c9022c3154287ae38333120829db37f0c3811bd87eafa01aca,2023-07-12T21:08:34Z,NEW_ENCOUNTER,,,
batch_001,encounters_athena_clinics.csv,640,ATHENA_CLINICS,138235,f64cf99122a498329e5f6b40fd33d8f4f0c95b87e4423f6b64a9cd804c76714d,9c9cb18a2018e60f5ed2558442d59806d69d429ec8595346b25ee9bf6ed3c43a,2024-10-24T11:09:20Z,NEW_ENCOUNTER,,,
batch_001,encounters_athena_clinics.csv,641,ATHENA_CLINICS,104782,a21ef35f89bafa167d53230bdb6afd8fe06a49db86bad84238fa1d8d08c44d9f,8606552deb87783623e8131579bf577f3a4ac1da031c69db5b9d679c8d828ac8,2024-09-11T02:21:34Z,NEW_ENCOUNTER,,,
batch_001,encounters_athena_clinics.csv,642,ATHENA_CLINICS,125532,9d4246226c3744d34b9504b516b6599b3d0337237b65c18231f0776690246721,7c7175eb1715f1afd7d3471b8788dae42d5e651ba6f567726f1681bf3bfbbfd6,2024-04-20T07:56:54Z,NEW_ENCOUNTER,,,
batch_001,encounters_athena_clinics.csv,643,ATHENA_CLINICS,115552,7566d0433a785d2e17484d85d8cb4d463b705bf44ce79791f794675b5387af8b,fbcf449c1252343406d0ef97f8cb29bf0078354c90549ce7668e1c27449c2503,2024-04-30T04:40:41Z,NEW_ENCOUNTER,,,
batch_001,encounters_athena_clinics.csv,644,ATHENA_CLINICS,132802,59bde76d29ecfe73f2e460a3dd73b98a961f58a26d1e43dc2bda1eb373a15cc5,56566f262f5383a67cd8b0cac1ee53fe3a9c1337f5391e8d8c2d0dc188db3c96,2023-09-25T10:02:58Z,NEW_ENCOUNTER,,,
batch_001,encounters_athena_clinics.csv,645,ATHENA_CLINICS,122221,7d8dde4ce46795b70db6baa218b9fa842cce861351dd066e852e64fe344a6013,b78dc88fef22af06b0aca6aa3c777cbf0269b3058a29ed8449c23adbde346177,2024-10-07T15:50:51Z,NEW_ENCOUNTER,,,
batch_001,encounters_athena_clinics.csv,646,ATHENA_CLINICS,122291,d4b3aa098486208c49459c93e1707d22f423a34a1fb75181ec4f8924133b4472,01900623418daf939f1943dae819f9d73bee60221f364934f1fb176822329e2f,2023-12-14T16:01:28Z,NEW_ENCOUNTER,,,
batch_001,encounters_athena_clinics.csv,647,ATHENA_CLINICS,129361,472fb476ce8291b41528221a6f32fbaf253eb4f91c7144ca988b963454433ac5,ae2721a3a229786c96869a5281f4d86ca7f2397acd684b6f3bcfd5dc857a31eb,2023-06-18T13:49:34Z,NEW_ENCOUNTER,,,
batch_001,encounters_athena_clinics.csv,648,ATHENA_CLINICS,121478,c7e3a13ee97a050236a17ed45ecf39d821ac0783194c22a056523a58bba20e85,8394201f6ada49ade991ec1d338ef03a3ecfd0586c785dfdc39e54a0fd10b4b5,2023-02-09T21:24:33Z,NEW_ENCOUNTER,,,
batch_001,encounters_athena_clinics.csv,649,ATHENA_CLINICS,122588,abf34d9590242c85bef7826b5e0618ae7de93c0a2acd7511c68af6072315381d,1ba02f2d04f471e1c6e89e5637295108ed62a12ad6f8deb16a58665e609054c9,2024-10-18T19:46:24Z,NEW_ENCOUNTER,,,
batch_001,encounters_athena_clinics.csv,650,ATHENA_CLINICS,137544,4b17484e78d23b0c66c3ab2c607938ae69eb89c2d12ed42b71f1538fe22c0c90,0f7a2c00bca1661d0e42659c431d0a29b3aef962eabadb515b6e8bfa58c80082,2023-06-26T16:37:49Z,NEW_ENCOUNTER,,,
batch_001,encounters_athena_clinics.csv,651,ATHENA_CLINICS,112005,e8206791a2d351aa57b601e4ce33c892de577b694ab196db5a4517f25bf68381,99a2c37e9068b7c7ad34af4aa64c42bfa0a506e8f5acaaf1c44508a158c67463,2023-02-16T13:41:47Z,NEW_ENCOUNTER,,,
batch_001,encounters_athena_clinics.csv,652,ATHENA_CLINICS,107659,db1494cf03c7c364070866b300b9c9e22a0991369a4dcb8b89fb314477a50492,b5d307031b5ab0973445e3d7fb91e3f4d1821588a19d707c8d3d45aa80b7baf6,2024-10-24T09:02:00Z,NEW_ENCOUNTER,,,
batch_001,encounters_athena_clinics.csv,653,ATHENA_CLINICS,116458,0be8dc16a4bee5e73ca71ba0b61cad8355d2b1f1a0da0a2596be1de69ae15998,3525fbd91dc0b6e09e0efb0aeec1f072315e563062724b6a47e47dcb218b656c,2024-01-28T11:16:33Z,NEW_ENCOUNTER,,,
batch_001,encounters_athena_clinics.csv,654,ATHENA_CLINICS,123303,ac154591b9966107702ae3c7c4156ebe52c12113d4960dbe0240f81875e74f89,bc88e78024d666e9121b2b815a2b903f369e3910490cfad2418f4baa15e0ddb7,2023-02-14T21:57:55Z,NEW_ENCOUNTER,,,
batch_001,encounters_athena_clinics.csv,655,ATHENA_CLINICS,136299,495b9637b63ddb22408c6bb19b0a267567f97542900a46aaae93a6ce2ca4a547,b8387744c4fdee140b1d6ba7c225c5ddd17642778ae659cc47d5ed8533b8fb56,2023-07-29T12:17:16Z,NEW_ENCOUNTER,,,
batch_001,encounters_athena_clinics.csv,656,ATHENA_CLINICS,106841,a72964f788eda16268394c32310edeeaa81b5d5c692a0f2f8d11f5dfa6d64448,d97642c11e478f49900d218ffaef29cc3d0616c46d0d3c6478fd121292321433,2023-10-27T20:28:32Z,NEW_ENCOUNTER,,,
batch_001,encounters_athena_clinics.csv,657,ATHENA_CLINICS,134305,2d174cf3e25b757bb9561a19adffbb26f9e2529ea1a77029a7ed65f1c4999937,3c2ab508ad9223b6708a1a332c0ada481bd71ebb1d0cce2f8bc37d882b5c0f3e,2024-02-19T04:14:17Z,NEW_ENCOUNTER,,,
batch_001,encounters_athena_clinics.csv,658,ATHENA_CLINICS,128616,f80f8f3f196f856a5945579613a7b883824137f8fa65319022142799f8e0624a,a4212ee67737c0d1bcd8a0ce993f7383873862932b0daac05e14422adfbdf56d,2024-01-25T02:52:29Z,NEW_ENCOUNTER,,,
batch_001,encounters_athena_clinics.csv,659,ATHENA_CLINICS,119698,6061f49200579310753f469766b404824f8b447fb4c8ebdf433406d7a736a38f,ad31d5e3df0807707b63fca33257d53b6f72cc1ccb0712db414dc7c5742cc940,2023-04-22T03:03:06Z,NEW_ENCOUNTER,,,
batch_001,encounters_athena_clinics.csv,660,ATHENA_CLINICS,107715,2ff1e68563bab7060b6e0768589038a7f15e37629f34adb0dc100eadb95fbfc3,838665ad4fb34e466fc9e1ba3490ad29a8575070de798bef3062ae5d379ee39e,2024-03-30T19:42:14Z,NEW_ENCOUNTER,,,
batch_001,encounters_athena_clinics.csv,661,ATHENA_CLINICS,107569,3754a8500efdf680f84b1c5d66e7736e3a09577fdce5d8efac05c0299c42be5e,7b16e2216ec381fd3067ab96b7ba3754aa5eaaa71669b0d42cf3652e586eb527,2023-02-28T11:58:02Z,NEW_ENCOUNTER,,,
batch_001,encounters_athena_clinics.csv,662,ATHENA_CLINICS,116283,4aa11f4056f333b13fcc2a85b5b4fdef9ed83d150435dcec5b2ffb5ab991a0c4,051e6f69659f41ec0a4409dc0a04d87aa69993ea116159c3b4fdf68edb92662a,2023-04-05T18:03:03Z,NEW_ENCOUNTER,,,
batch_001,encounters_athena_clinics.csv,663,ATHENA_CLINICS,139644,ee804a71c23153a114a192e29d871b59c0377234219d31a93e3eb587ceb5574e,65e0f5facd4a4c99e5ae90d93e3222ae80e00a72f58b4800b0153190c8d69829,2023-09-11T12:42:48Z,NEW_ENCOUNTER,,,
batch_001,encounters_athena_clinics.csv,664,ATHENA_CLINICS,139250,42207135b0ec4b4419f4a11d5aab8faa05f974fe37e6e23b0a1cd091779f5aba,58defee52014faa1e7d5eeabd873f394e9e6b00eb61f07aa77a55cd9022a8d91,2023-11-08T12:05:50Z,NEW_ENCOUNTER,,,
batch_001,encounters_athena_clinics.csv,665,ATHENA_CLINICS,131167,d5c2e7af1061a5dfc1532d558c6ae57c8cb4740cd9c69067fc6525bac9e819bf,733c6dbc87c7380beb67fb447f729df5d888d437bad5ee8308c5599c7691186f,2024-02-08T23:51:27Z,NEW_ENCOUNTER,,,
batch_001,encounters_athena_clinics.csv,666,ATHENA_CLINICS,118388,98a059ac56b58e47940f6acadadecd6e9ddb8ce44cc3971715947a2f3a350dfa,2802100d666cc3fe440acdd3c0a49ac34238f3b5e65b8574634feca94c34eaff,2024-05-11T03:55:10Z,NEW_ENCOUNTER,,,
batch_001,encounters_athena_clinics.csv,667,ATHENA_CLINICS,125043,ad674bcf57bb5dd6b854bb0c3753fb949eb05be7902b8ca4e1654a3153bcf90f,c79a5e30c1cfb1de8d47796e24892412dc50ce6c36389d5cb58d872b07e2ee9c,2024-04-11T11:05:10Z,NEW_ENCOUNTER,,,
batch_001,encounters_athena_clinics.csv,668,ATHENA_CLINICS,103568,5f8bd7cffac72c58894b725fa0b7703982b25f7b5f4cc02d782f768e45cf54fc,fe5077e32ec019a4918f614ca7699d3b50d8ec511262e5e65f2dbb1229380d8c,2024-03-07T10:12:26Z,NEW_ENCOUNTER,,,
batch_001,encounters_athena_clinics.csv,669,ATHENA_CLINICS,114955,93a8853782b5ffd1e0253e1160196d3e697cdfae1b98e11804c8736feda53dc6,24e97035ec06b2d77e93c23919ba8f3418a9fa4b67de51b70e648cc87835f5ee,2024-10-17T14:25:15Z,NEW_ENCOUNTER,,,
batch_001,encounters_athena_clinics.csv,670,ATHENA_CLINICS,130775,c5a25da9d9fb0173b1fd7cf32f282950f17874913e6f93e889725e3fab25fb8e,293ff19fc7a91a2b77212c9ee89421c6799c6cb61dcfa9b6b682e75dc549d518,2023-03-09T21:55:21Z,NEW_ENCOUNTER,,,
batch_001,encounters_athena_clinics.csv,671,ATHENA_CLINICS,137654,6c3475bd7ca3179915bf7411c821eb5a33db64bef3d3a2ff17efcb7a77378a8d,2dd05640fc33777d273de842dce23b07a63118a4d09c1cff3458c4005da21606,2024-07-21T11:45:56Z,NEW_ENCOUNTER,,,
batch_001,encounters_athena_clinics.csv,672,ATHENA_CLINICS,109787,70ee16627ea51c1fc318bd4c6c3038334c649d04db0b7e68fb6febdf9c0bfefc,8ae10c970a934ea8dbb77f3ab3957d3c58e5f9b81164d39e2e00559546b74092,2023-07-26T17:52:17Z,NEW_ENCOUNTER,,,
batch_001,encounters_athena_clinics.csv,673,ATHENA_CLINICS,117013,9cfc8e599278b6100bf3e222b52fd2cdf66145a161c211a8dd83c4087ae28953,766360ff50a596f38f779ba98c366c96e3740b803d43038af573902eba373806,2023-06-05T11:29:08Z,NEW_ENCOUNTER,,,
batch_001,encounters_athena_clinics.csv,674,ATHENA_CLINICS,117000,0b81bc922b7835a6c7a799277111d0c27e21d48adbd70bda04e586d5adafa45e,1351fbbd51f8d907f96c30d2b883a3a8644ff1e75a64d4e767e334bb47c0ffee,2024-01-05T02:54:31Z,NEW_ENCOUNTER,,,
batch_001,encounters_athena_clinics.csv,675,ATHENA_CLINICS,109516,81fd06922414a56a6de5e58fa1b416ff8b37893aaf28e7fa12bc7816987a6d59,2513711002257932c9b50ed3783b92ff63bc6a5a46c5991ccfb74832c7426f3d,2023-01-30T07:01:01Z,NEW_ENCOUNTER,,,
batch_001,encounters_athena_clinics.csv,676,ATHENA_CLINICS,135616,b2889a45853af2d2c12d68ca4e005b8cdb8413b84055bf2af351814b8d91da79,feb9c5ae73dba44009ed0f13c0b78adcf3f64881f54527bee5dd008acad5a911,2023-07-04T09:24:05Z,NEW_ENCOUNTER,,,
batch_001,encounters_athena_clinics.csv,677,ATHENA_CLINICS,118863,2e900fceda807bce4a63ac60fabfb417846ff34e2cc86e3f00a2d1f9b7db686a,31bb5d2f51bd18f6ef11c640210a24c6a46f18e219691bcd9a21882308d79621,2024-07-11T07:52:43Z,NEW_ENCOUNTER,,,
batch_001,encounters_athena_clinics.csv,678,ATHENA_CLINICS,125347,02407411ff5a8074f3cd63d24b3c5e1d1435eeb290171e7f7e5984b4573d35e3,22d9dfa0c3614cf7dbc3eec5ede340dd609a4a1005bba1f3ebef25511c04f545,2023-12-12T00:42:15Z,NEW_ENCOUNTER,,,
batch_001,encounters_athena_clinics.csv,679,ATHENA_CLINICS,120907,ba740bf60bb9c2128fe3809abf5595fed69714313440ca0af56a8f5e5ac37069,10774d87662eb2bf5df95ef2b0b0e1ad795db659bac529990bd19fe1c761329d,2023-08-25T00:57:39Z,NEW_ENCOUNTER,,,
batch_001,encounters_athena_clinics.csv,680,ATHENA_CLINICS,129961,1d44f0710fd5c3019f41b668331ed344157f8be833bda553023ae5b849fa35b8,93ac40a74ff87b10284b9d318f6a176a3a12c6e7013b99864d6a1965688467e0,2024-11-07T02:05:45Z,NEW_ENCOUNTER,,,
batch_001,encounters_athena_clinics.csv,681,ATHENA_CLINICS,139971,b77a3e8784282b12766639856f232267a65d026b285955f2d2e3e33e96103571,0b8a776ff83f24b63b8f5647b64c5181f1e2f439ea8455ec7487623c4bccc43e,2024-07-13T04:40:55Z,NEW_ENCOUNTER,,,
batch_001,encounters_athena_clinics.csv,682,ATHENA_CLINICS,134656,de7dba0caaa6a8967dd93a1c776be568cd3fe34fab4f2d9f4d13eeb387d6ac64,400f44624fbdd9ec7c1e0d4ff6f6b91717e44e389b0484fe5cd44476fa80b028,2023-07-01T06:06:32Z,NEW_ENCOUNTER,,,
batch_001,encounters_athena_clinics.csv,683,ATHENA_CLINICS,119449,c58693484fb2beae97e49a4e94d3c8700872d8791afe64fe430ffa12b8f543d4,994723bcdddec7737fab78929f01467ca475d68774f7e22c87db35a2b4be73fd,2023-07-18T19:42:58Z,NEW_ENCOUNTER,,,
batch_001,encounters_athena_clinics.csv,684,ATHENA_CLINICS,107206,99328e9e12ae434722cd4f03080843bd09cab2752ca4ccfde889ed12c454b9b3,9e026883b51879c70844edaa55391d331e50dd38f68fdfc9807d400285cffe1c,2024-05-20T15:55:59Z,NEW_ENCOUNTER,,,
batch_001,encounters_athena_clinics.csv,685,ATHENA_CLINICS,129164,d65074e9bd67871a7600b364ad03bef21fe3d30508df632ddd62200be43e28f3,15606ffb3a589b978ede42215ffdc1277e124ed666b9a1ea8bfbd34aa2f9c87c,2023-10-16T09:20:24Z,NEW_ENCOUNTER,,,
batch_001,encounters_athena_clinics.csv,686,ATHENA_CLINICS,126322,c9f1bc79e99645d65de06345bb2f11dd8091362a8a3b7a8bbb6d65b236221a9b,2b09eef74d969fea0df8b9150be4135df94dec0aafe80f106ba612e03eecd72d,2023-02-23T15:32:58Z,NEW_ENCOUNTER,,,
batch_001,encounters_athena_clinics.csv,687,ATHENA_CLINICS,111765,544daaf672272b223c1346d0bcde198aec90c703e618a3e4bc40595d6fc9ada9,3eec0e87e3c791dc55cda6cd98ca87a15f315059edd3f00cf7627d94f228ef94,2024-07-12T00:30:25Z,NEW_ENCOUNTER,,,
batch_001,encounters_athena_clinics.csv,688,ATHENA_CLINICS,107234,9eed9d25d6abf5a1e980fbb498c1164ed9bec8aaf5274375994b6e4728ed2f5a,baef8349f5a75bada4be1c0e3c9e7c7b0c6834cdeb1d13bc8e951e1233ac3d75,2023-07-31T12:52:14Z,NEW_ENCOUNTER,,,
batch_001,encounters_athena_clinics.csv,689,ATHENA_CLINICS,108409,dfc40533599eb814f3b3ab72300d6d30bf4499e919c5c6df84f79267c2f35a7a,8f64193fe55c889ed146dce5b3a50fb26ff4545a7b169a8b91e8f125369506bd,2024-07-15T05:44:32Z,NEW_ENCOUNTER,,,
batch_001,encounters_athena_clinics.csv,690,ATHENA_CLINICS,103705,5852a192080adce483559fa90c1af9572a318692b20cbf8cc7298892edd35665,a9dec837e2b9ff4e0203130610766a9c3c4d3257c35151473bc02947f740c7a2,2023-10-09T01:22:27Z,NEW_ENCOUNTER,,,
batch_001,encounters_athena_clinics.csv,691,ATHENA_CLINICS,106227,b7766726cc204d8e72fc696b2bff8af230e18288878deeaa789444c5909a56af,5ad012f9e92896744378c7339a8d23be3f8d7c9383baac62c12155a967954509,2024-03-10T17:02:22Z,NEW_ENCOUNTER,,,
batch_001,encounters_athena_clinics.csv,692,ATHENA_CLINICS,115790,670cc9bd435c3d68d11e02edb2fe918b5bbde8e97032c278659bd553ca52abf7,51b647f330e9d4df59930989070ebb824c36110b182770bf7dd5156e271fa300,2023-01-17T05:50:38Z,NEW_ENCOUNTER,,,
batch_001,encounters_athena_clinics.csv,693,ATHENA_CLINICS,130852,c2cfdcdfd44fedebb45292eea02d4c9370fd223ae17bf8fe0f862505920ebe87,95021afe2f85c782715c14d68b3266b98eac3a7e278fded76c5136d02619440e,2024-11-05T12:06:26Z,NEW_ENCOUNTER,,,
batch_001,encounters_athena_clinics.csv,694,ATHENA_CLINICS,101392,769be5dffa762c22e14f92329edd1306f589f74f839c6f4709096630074cbc79,b80bc59374b8b7eedb65909b4279a0953166a999f0e25814689bbfc799710db2,2024-02-26T19:19:10Z,NEW_ENCOUNTER,,,
batch_001,encounters_athena_clinics.csv,695,ATHENA_CLINICS,108390,a8ffea164947189e64d8fdb863dd4621bf0798552d02402293c70e6b7004c0e1,976946dbd5d32bfb330d127205b0cbf569e5997eb74b219834a286fc93ce8f4f,2023-06-17T01:21:16Z,NEW_ENCOUNTER,,,
batch_001,encounters_athena_clinics.csv,696,ATHENA_CLINICS,126968,dfd4b5c71666b4433cb53528fb7583a79f25c71e191104f09a25fb1829d46eba,85ad5cd5e7073e2fb7bbaff694c9154ef5ff42f2134d0758f8eba12e0ae7a1db,2023-07-14T17:52:01Z,NEW_ENCOUNTER,,,
batch_001,encounters_athena_clinics.csv,697,ATHENA_CLINICS,134576,504cb889a250e33ddaec8f3c4ca890aa3a6a5dd3a417e80b0eecce7625f59023,dbbde5aae504a8e5d4642a32780f4757e265fe299ac59fd0b02a7732f39ffead,2024-07-10T23:41:40Z,NEW_ENCOUNTER,,,
batch_001,encounters_athena_clinics.csv,698,ATHENA_CLINICS,101628,28cc133f2baa9398955f0e5ea4504f67e82af78ea4fb4e114d3e87690c0734a8,8697bf91c17389db7c1e6a1b5aca0529c11e273079d7defb335f36d9790ea3fa,2023-01-29T05:35:22Z,NEW_ENCOUNTER,,,
batch_001,encounters_athena_clinics.csv,699,ATHENA_CLINICS,132299,5b4782998c0d37300847c59a53be1208fea2f8579d2178e71d254777450ad2f4,aee65023ae96f9348797342ff69dd6e47a20858caecd9d15086488145cee52b5,2023-02-03T07:48:17Z,NEW_ENCOUNTER,,,
batch_001,encounters_athena_clinics.csv,700,ATHENA_CLINICS,135373,f8e630bddc4353e581d0bf3c69c21a54cefacaf817ccee275b5bef5c7316c32b,e24eca9aa334b63235871bf0e04c78f71073ddce849896fd77a6ebee0ec5f135,2023-04-13T22:24:17Z,NEW_ENCOUNTER,,,
batch_001,encounters_athena_clinics.csv,701,ATHENA_CLINICS,135422,9be96477282375de760b620aa7ffe2c585d7ab560764299a26fa57e89cb6b2bb,a028e001e91d51b49b5bcb0b979c44d0707d2ece6bc7dce7c784c764e5c4663a,2023-12-30T00:27:35Z,NEW_ENCOUNTER,,,
batch_001,encounters_athena_clinics.csv,702,ATHENA_CLINICS,132717,fd5d24640a040ad9e9b74405bf2628bad6a2f72e07cd64b875a0d026e38a6d04,fd79ac55bc613c5fdc5805134cd6d0bc442cfca0fd18fb9691724ef347ca91ad,2023-10-13T04:53:20Z,NEW_ENCOUNTER,,,
batch_001,encounters_athena_clinics.csv,703,ATHENA_CLINICS,107694,107c64204bff2058ed22c5e32dee0079e171471b888fbc71359eb900935bcb49,4cf4e1d42296db7049e3dff1b47cd1139a05c189c559ae8dffaeaadfd11c16fd,2024-09-26T18:27:29Z,NEW_ENCOUNTER,,,
batch_001,encounters_athena_clinics.csv,704,ATHENA_CLINICS,110258,c6f38efeeb60e9144e14ace928a663653fbccce111e94bcecbe31b56c52deea3,27d4dc81a11db9a754d06621ed3a5f0157c8647594da40f37019dfb2d37d5136,2023-05-05T21:39:41Z,NEW_ENCOUNTER,,,
batch_001,encounters_athena_clinics.csv,705,ATHENA_CLINICS,126446,413bbbed328a42d63589a01e2628d5cdedb10b017555c368496924f8b68f1b7e,71ab864b6708d87b96d6df02326750907b94ec52269d5175db46c8a46d2f2d85,2023-10-16T15:58:46Z,NEW_ENCOUNTER,,,
batch_001,encounters_athena_clinics.csv,706,ATHENA_CLINICS,130946,c6a3fc99f7ba1ca8d9fd120ac5da1e19f1d21d21f82d81eadc1c34e2d18f8fa9,d191bbe001005ec0291c917f7c8378ec1738b7f611eac184fec6a7d5b1ef8a07,2024-09-18T01:29:29Z,NEW_ENCOUNTER,,,
batch_001,encounters_athena_clinics.csv,707,ATHENA_CLINICS,136239,8b8015a36137ef055471f9862732b547c4523dbe29ec5ecfbb09f922eef004fc,286194fb5cf8e8eae6879bb02cf10a30e1b87e00cce3173005f5e75b014c4a1f,2024-03-22T04:51:23Z,NEW_ENCOUNTER,,,
batch_001,encounters_athena_clinics.csv,708,ATHENA_CLINICS,125028,a54af63c6e14cd436f8effd045c44a4ee3520b1d7a527cb74c7925624c8bc92d,1920779e720086b596f9fd474974c8d4b131b2fbec348df12c864129cf10805a,2024-01-17T00:19:19Z,NEW_ENCOUNTER,,,
batch_001,encounters_athena_clinics.csv,709,ATHENA_CLINICS,111038,fd9ff705b0683474f4c25074fa4558512234f92dcfd7022198dd1b0c563c7738,4f88497041f2807a9d5eee7706a27d2f1ccc81ca363efc0dab0daa8ee4778530,2024-08-13T04:55:14Z,NEW_ENCOUNTER,,,
batch_001,encounters_athena_clinics.csv,710,ATHENA_CLINICS,125102,d61b113d5a9fb30dc4a7527e527e46ba4bc7e0ddf6394755bd3f4f93f11aa101,547ec3ef1bd63c71ced8ba647c9137bb506ec185b2b4094ea37e192efb7f65a3,2023-11-23T21:28:10Z,NEW_ENCOUNTER,,,
batch_001,encounters_athena_clinics.csv,711,ATHENA_CLINICS,130403,7e6dc877d353fc3752a3be4be85c8e9a4289c8a4dff8552eb69c0da4977cbd46,9a2cc06594d1386222c71e7454a0ba829958b93f899b627c4624a16b1f382c36,2024-08-04T06:37:53Z,NEW_ENCOUNTER,,,
batch_001,encounters_athena_clinics.csv,712,ATHENA_CLINICS,114684,a33ac01162d6fa001fd6e1e8814a84c9d59937edad87f7b5c5782198a421a749,6a9c71a62d8f01fad550818f50ac483c82672e57f496dcf66cc1c30674233387,2023-09-26T05:08:57Z,NEW_ENCOUNTER,,,
batch_001,encounters_athena_clinics.csv,713,ATHENA_CLINICS,107036,78d83f10bbb8495de629a5c288785ee8adcfbadd239c7c0dc0ffa361c5b6a808,a3ed13ab1d92ab29ab7907e8b944834e68f39a527b60afb8feca4e682e09826d,2024-11-10T09:20:52Z,NEW_ENCOUNTER,,,
batch_001,encounters_athena_clinics.csv,714,ATHENA_CLINICS,129224,d20836ca96bdd86cfa30817a7aa472671243ec6d7b344ed8f7f4b457f2d58fb6,2e3c08c520e2f923f5803370e02384bd6bc9fbe2e509765a62bb378ccb6a7590,2023-10-26T16:25:15Z,NEW_ENCOUNTER,,,
batch_001,encounters_athena_clinics.csv,715,ATHENA_CLINICS,103370,fb720fe73d2eb527cf6ff54404954748befbdad721a3f93b35f0eabd1a614b1c,8ce00fbd1f8319b5f0a2bf2a97230cf4727d2621c411fa0a742b8077a211fd46,2023-04-18T09:09:25Z,NEW_ENCOUNTER,,,
batch_001,encounters_athena_clinics.csv,716,ATHENA_CLINICS,103729,e5e6d7476712df5addba7adb136a728efaa889f11dfd6d7f5949b3591923ab4b,f9a72ee3692cd2f6f6eb8375ab98b4e7e176e87ef0c597aef44a62d9dfb4c473,2024-01-06T18:02:07Z,NEW_ENCOUNTER,,,
batch_001,encounters_athena_clinics.csv,717,ATHENA_CLINICS,126877,ba618a524a9051bd16ec76db89925f8f407d51f46bee8ff0630fe9415e5477ce,72a3311beb92818e8e4027373531abf42ecdaab91e5f11c04d82812a8af674a3,2023-10-27T22:27:32Z,NEW_ENCOUNTER,,,
batch_001,encounters_athena_clinics.csv,718,ATHENA_CLINICS,136508,750843685597dc6edd529742272537d618e1e82feb26c2c2c5aa92948479dc48,0d851a3a7e73ce88d1c08f230cc525e7f29a820918df46225a8941718443204a,2024-05-14T08:20:18Z,NEW_ENCOUNTER,,,
batch_001,encounters_athena_clinics.csv,719,ATHENA_CLINICS,102962,7c119fd0f72a724c97a6405989eee323aeba0b00f8bee9ebce663f57c65ccaab,460449cb3771519f1b6a57c7c7a93c95c89cc33f41a987aeec370777eb4f10e0,2023-03-14T06:59:10Z,NEW_ENCOUNTER,,,
batch_001,encounters_athena_clinics.csv,720,ATHENA_CLINICS,132547,05402f0eb61fc94dc2662ed815f3a2145f4fd1ca1f829c9d4d76c58606fe6dc1,828f6c110f7452734a923ab35812941d216c9a5fcf5f7b75ed0142e7de4baf3b,2023-04-04T21:57:09Z,NEW_ENCOUNTER,,,
batch_001,encounters_athena_clinics.csv,721,ATHENA_CLINICS,129219,c73b98d7323962cf9617f375b589dc6f7bd776ac9fa7e365e12f43117fffb66b,213458df516ece7d37a5049f8918e7f18242d3ef54a6ace38a8ed36716a14207,2023-03-08T23:57:32Z,NEW_ENCOUNTER,,,
batch_001,encounters_athena_clinics.csv,722,ATHENA_CLINICS,125609,e6d5a32301e11b6abd04bd436a005312cdb9c5c08b3a266389b010cc2a4bc614,773a6e523b1c41c64aab3f1f7dd2f60fb26faf3cdb7d76feedeee511e86d8ad7,2023-05-23T15:54:38Z,NEW_ENCOUNTER,,,
batch_001,encounters_athena_clinics.csv,723,ATHENA_CLINICS,114001,de02d03ea25832653be4993cb236b20b1a79b815de544fd6b3cc132b6cb8a486,2be83adcc4e6319565d515b2733ad99ccb46d3421cf2ef97a19d9af56fbfd33d,2024-02-09T01:05:06Z,NEW_ENCOUNTER,,,
batch_001,encounters_athena_clinics.csv,724,ATHENA_CLINICS,120026,75b7b5ec27f49922227dc83a8206984b0fc4f613a2487c2fda48409da675b900,46e533237c0a2170a8a1d12a96c4a4af2e7ab939a2947afffcb4a7bb60559416,2023-10-26T03:33:31Z,NEW_ENCOUNTER,,,
batch_001,encounters_athena_clinics.csv,725,ATHENA_CLINICS,113789,c543b079cce5dfe2667a3ac23d35d208b837af38c5ecb2e63cf08570546c14ab,83ab7bb1649d2bf3887eef12bbdc5e08dae6be75d6c8e623ee170378142b07a8,2023-10-30T15:05:40Z,NEW_ENCOUNTER,,,
batch_001,encounters_athena_clinics.csv,726,ATHENA_CLINICS,138616,e7a88c47064ad5202da8a8e66cb71bf7cb509068c2c8e9ea0764d354502c3a5c,68a93d05c1ef6dce77a01c59b4aa0328b7e309fe2a19bd89478334bd7d6b775d,2024-02-23T06:54:28Z,NEW_ENCOUNTER,,,
batch_001,encounters_athena_clinics.csv,727,ATHENA_CLINICS,136759,dd45e86c42085bd23fd9102460a69b9f952db670e9d8c8afe901b144808d1ce1,6b69443d3cbce5d49b5c78755de7167ed98ec139242a678d091e55fbc5f37dc9,2024-02-02T04:15:33Z,NEW_ENCOUNTER,,,
batch_001,encounters_athena_clinics.csv,728,ATHENA_CLINICS,121307,23c495e93d4d03fcbd2578be044b1f15d94e2865d5ef78129149692b7355d691,24724791e809ac61243561aa493b094f59e02900d1a629cf4ed52f517a40d6a6,2023-12-21T02:45:16Z,NEW_ENCOUNTER,,,
batch_001,encounters_athena_clinics.csv,729,ATHENA_CLINICS,132413,6c19df569bc26737b479eae3bd6219e14a6fed48e51473c50313c89a264548d2,603a402b2e0ad43870ebd1a1dbcdf218de596ae05a16c96c99afc762382cb800,2024-08-26T15:16:46Z,NEW_ENCOUNTER,,,
batch_001,encounters_athena_clinics.csv,730,ATHENA_CLINICS,119556,47a98f85f54cd9ec11c0bea3c107b17cc6c9c0f416d44dcbf24193b14291df6f,674e245b38238a3c3dd398b36242a2d382c11800373489f6447d0de40dceffd6,2023-12-24T08:51:54Z,NEW_ENCOUNTER,,,
batch_001,encounters_athena_clinics.csv,731,ATHENA_CLINICS,104156,5b45e05c91f453dd0828e413a057f6828e692a422db2db6139eee1ab56a8e877,a28e4d44527ad66ad26d978503043a81e8e08868613176ba7c2d4dfb421b7975,2023-02-01T21:18:14Z,NEW_ENCOUNTER,,,
batch_001,encounters_athena_clinics.csv,732,ATHENA_CLINICS,126826,4bb44fd6d0df4c3cdaa80959c501baea7854b7a0374fc113f241de28f2190472,1f12ade1cc8f788db01acee20b3c1a519b4d661d034ef25d87a6aae87d13c216,2023-07-19T01:52:29Z,NEW_ENCOUNTER,,,
batch_001,encounters_athena_clinics.csv,733,ATHENA_CLINICS,131402,3ff1a6e8fec84f42ca448a1206aa6cf7ffb074861f4258a7c435ee6a913e6fc3,cc5f0be36e26cdffb6d24b049b5294571395c644c751cde647909c1d49c4c338,2024-02-11T07:45:24Z,NEW_ENCOUNTER,,,
batch_001,encounters_athena_clinics.csv,734,ATHENA_CLINICS,124674,a2af1055815c20db881d69c91a550fd2ae616932d2f0e868717ca0f86d9527b3,10311fe3801aad758923cc41023e77829d07aaa04817d8fdeb7b42db03bd5629,2024-10-06T07:32:12Z,NEW_ENCOUNTER,,,
batch_001,encounters_athena_clinics.csv,735,ATHENA_CLINICS,116192,20f487e097fcceb9535c11ef65d77c4b9409717138ca467650e59759703985b8,16b7057790256fbf20db943d7be37266464e921f68ad82ffd74201fb7ce79212,2024-08-25T00:27:40Z,NEW_ENCOUNTER,,,
batch_001,encounters_athena_clinics.csv,736,ATHENA_CLINICS,105954,7d3d56692adb8d164ae305590f10ba29b31546f12fd4776ef1b8c33592b6b43a,932e438eb64cb9bb89f14f1913d29756cf4bc91c81a027404c0b8b95131b6e16,2023-06-10T03:43:07Z,NEW_ENCOUNTER,,,
batch_001,encounters_athena_clinics.csv,737,ATHENA_CLINICS,111394,1a99e172d9198a4ab6f08f2f8acb0126aec168df26703eef6f7e1d585cbe58f6,b9f18c2525b8650ab661daa79b3a7b07d5ecd8ffa01002d6ef093782607f6f15,2023-03-30T04:23:57Z,NEW_ENCOUNTER,,,
batch_001,encounters_athena_clinics.csv,738,ATHENA_CLINICS,107557,053c6fcf239db0f0865feef8fd8858948d6ef7f58af7cd9ffe2d4c3b09c058ae,965bfe559a11cfbd5ef0f7b5eff6900660144dc7fa1bb92a5ca8f34edef9d2aa,2024-08-01T02:19:43Z,NEW_ENCOUNTER,,,
batch_001,encounters_athena_clinics.csv,739,ATHENA_CLINICS,135099,9d6029a0927c1ddb8bdf6f189276faf13af72eab4788a4fb6887c33595bc4281,1a7fe38ccba478df802fd7728b61dbeb1bb125f5442a238c0e80e55f43010b18,2024-04-15T11:15:20Z,NEW_ENCOUNTER,,,
batch_001,encounters_athena_clinics.csv,740,ATHENA_CLINICS,135709,e48fb75d30dbbeac4c045a1c8b83eedbbd8c5c5fef6b5ede062732b79a9da76c,20b16521a74e0e8663f0076b706fab5a17c120b2cd0d2b02dd801b4b36547984,2024-01-11T18:18:25Z,NEW_ENCOUNTER,,,
batch_001,encounters_athena_clinics.csv,741,ATHENA_CLINICS,121086,52186a091b523e79d1c2a19cb9b8f43639de7ea514d170422c4afaaa1165de95,ef1f1c29d90d55130d578c1fdc28adfda902bafa56a82e4f85387d06780b625f,2024-05-12T03:17:57Z,NEW_ENCOUNTER,,,
batch_001,encounters_athena_clinics.csv,742,ATHENA_CLINICS,106426,5f2b6443fc8f5169730d2b0769214f96608bb3f718a8fbdaccb077d928a933b1,1a452bc5afe18a0469d363132c30cb739223a9de5a95507ca61c5c30adda187f,2024-12-04T04:01:26Z,NEW_ENCOUNTER,,,
batch_001,encounters_athena_clinics.csv,743,ATHENA_CLINICS,109465,1ab6aeee412ac09b6e9fea3c831a8128517e5d822d737deee9ce74cbcc45a266,d79854778096c64953e3773168d2219dfe488ad5e0ab38e76061c7327789b359,2024-07-29T15:38:22Z,NEW_ENCOUNTER,,,
batch_001,encounters_athena_clinics.csv,744,ATHENA_CLINICS,107631,8b4732a31e4bf0818162cc0ae3d698671699709febf6aa6a6243d2beb0bc689b,c4c782fcacef49eaf814708337785643bec7831a3256dc66b22b6ed116d78a2f,2024-01-15T23:04:06Z,NEW_ENCOUNTER,,,
batch_001,encounters_athena_clinics.csv,745,ATHENA_CLINICS,107398,257bff3825b4eb05c2e31bc42e4b620ed611611f142948f641a03ed2be846f40,38c776b25f7c24838e58c4344c73e483023fb9851895fb8fd336acc65d4a067a,2023-07-13T19:19:56Z,NEW_ENCOUNTER,,,
batch_001,encounters_athena_clinics.csv,746,ATHENA_CLINICS,119296,98b3bd7a94222e33c22d3152869d6ecbc973ec64f142cd208cf4a30b9e57714c,f1795a6dbf75b67d9d6ec9ae5a14273eb7ceae259720cc43782f297c34ea677a,2024-04-02T23:19:25Z,NEW_ENCOUNTER,,,
batch_001,encounters_athena_clinics.csv,747,ATHENA_CLINICS,115185,916c797c57fc72c1757ca73a167eff15c55192ecef07f65491043271efc3b2b8,84c056c8f239cea8a387b2ec23dc5378909e6cb85c432af9c81190e6bafa2d32,2024-02-08T23:31:29Z,NEW_ENCOUNTER,,,
batch_001,encounters_athena_clinics.csv,748,ATHENA_CLINICS,134167,dada0cfcbef2e51b5ed7301cc4d16822aec889f03d3f43add85d2af5d0197f91,3a4a1490a3f1395e0b6f05c3c4dbe972b3148e120049d47e7a824725960ca5bb,2024-02-12T13:26:26Z,NEW_ENCOUNTER,,,
batch_001,encounters_athena_clinics.csv,749,ATHENA_CLINICS,129946,c5593311fb0ccd25541a30fdcdb3d3c59ea4284b4a6f81ca384c85633db222c9,2dacdf6f558a0c4a59a658759ab9fa1310efe73ba9d278a52e7015a0495077d2,2024-08-07T00:24:55Z,NEW_ENCOUNTER,,,
batch_001,encounters_athena_clinics.csv,750,ATHENA_CLINICS,113843,e98d56159e23ddc91385a5dc2bf86e82341b60d1fbf4a6a596cc6f988fc0278d,b729932f9386bb421ad6136e8d559a84e3259a24b3790623d210bb4bf063c24e,2023-12-08T10:32:09Z,NEW_ENCOUNTER,,,
batch_001,encounters_athena_clinics.csv,751,ATHENA_CLINICS,131835,4e2bee8ccd910659a61f3b1e7be841afce98425bbb993dbdf0afa1f4cd5d8930,dd8ff819cdba4b55963e4fbd1d12f6680bd35598d74a4d3df65fc05a2503c15c,2024-08-15T21:43:26Z,NEW_ENCOUNTER,,,
batch_001,encounters_athena_clinics.csv,752,ATHENA_CLINICS,136544,43e246002ae8865cae55db4d0df6ea987241e8c6d9ade3b6695452e199b13525,8e5bf7cb97dafa075404a82df139d289ed4728a3b57452def4632a4ec498ca6a,2023-08-02T21:39:45Z,NEW_ENCOUNTER,,,
batch_001,encounters_athena_clinics.csv,753,ATHENA_CLINICS,117392,6596b9a0d854b0b98172d45095d14dac0f6d769487da993284564cc0be958d15,981f6e3d76bfda35446c925ffc2e8fe4ad7c152b66be7aec895335b86a3b8d74,2024-03-19T17:16:02Z,NEW_ENCOUNTER,,,
batch_001,encounters_athena_clinics.csv,754,ATHENA_CLINICS,113810,93484f5a48bd37f85276ce2da7b758dd452acf5938b5678da5c865bf4a4b9d76,52d37387132a23a864c96ed4d7060664aad82e9ab3300eaf076851c2db8dab68,2024-04-16T15:42:27Z,NEW_ENCOUNTER,,,
batch_001,encounters_athena_clinics.csv,755,ATHENA_CLINICS,139259,5fce966af7b2c74fd1c054569fddb4792dbbead625b9f65e9fc77a26fa4a724d,efd9f8c0ddf7289e5e07503d529d50c46b3d9998ca0f202d207e4df69fa790c3,2023-12-14T01:48:11Z,NEW_ENCOUNTER,,,
batch_001,encounters_athena_clinics.csv,756,ATHENA_CLINICS,107954,972c5002214acbd4b9f4523ae86c2444ea44d95bf00c49b6d309eb43c79c54bb,f127676f60df29666236d67fd9f6d9463425d1236b17fdaab3e9f86cc98d6ecb,2024-06-23T11:36:53Z,NEW_ENCOUNTER,,,
batch_001,encounters_athena_clinics.csv,757,ATHENA_CLINICS,114073,431a947767331a24483ba1e40af407ce011fabd039d091d252b2d4d56646d3f4,7f3a26b20c2ed2ee761cc1f878ff9a900a713839778b2060479dc852d94a1192,2023-05-19T04:41:37Z,NEW_ENCOUNTER,,,
batch_001,encounters_athena_clinics.csv,758,ATHENA_CLINICS,106302,200d07a8987da7dc5afb2b3a14c0f9b7e7e08a2c50d179ac8dff907042a586d3,9444bdfc9febe1843fe4d33698617e58f03338affe4af4138baf2172ffeb818c,2024-05-11T07:13:01Z,NEW_ENCOUNTER,,,
batch_001,encounters_athena_clinics.csv,759,ATHENA_CLINICS,120801,8798bdee486eef0d79d49427445030620d44e0a8da9e9fb867e904fed5199c9f,6d7df35f94c74893a9de2a426eff788fbc88f9f644847f4667080f70bec486d7,2023-07-15T19:12:18Z,NEW_ENCOUNTER,,,
batch_001,encounters_athena_clinics.csv,760,ATHENA_CLINICS,113044,c8b18d2e6d4ad5a6d9b571caaad751f7f372c8ba0b793134aaa848ace7e54cdb,da1d8d14f447eda2dd734336269af4d6be6c3deec3213d7b1f4e39c076f76a69,2024-06-28T11:00:36Z,NEW_ENCOUNTER,,,
batch_001,encounters_athena_clinics.csv,761,ATHENA_CLINICS,100643,8211314f9cba832c669d246f433723f7b41873c3cbebca86d76f4412def4fd5d,45a1048126f83a0d2305146097ae88a2c62d1e68988e712bb0f3c435067b592d,2023-11-27T07:58:55Z,NEW_ENCOUNTER,,,
batch_001,encounters_athena_clinics.csv,762,ATHENA_CLINICS,121448,72caa1cb4b32dd4f8e11c80b0f9864fd072c635abf279f8fa10c5ff8879247ac,032d97095292c2e525dd67274928e89cbb11a32017b35b8f14b5ce3edfd4040a,2024-05-21T09:46:49Z,NEW_ENCOUNTER,,,
batch_001,encounters_athena_clinics.csv,763,ATHENA_CLINICS,125281,37456a74ce26a2319eab8d09ebfaee7319f64b38e4b2c1513c391d8fb2541fac,8ed738baa3ec9f2a883b20d2dabca1203962d15c4e7cfbd1b1abd2181878bbfd,2024-02-02T11:49:26Z,NEW_ENCOUNTER,,,
batch_001,encounters_athena_clinics.csv,764,ATHENA_CLINICS,108752,ad5da018f3edfeee7cae2048c3a389c642bfb7172e8d1d24db6796e004a63e4a,3e88c74f2f9eb5f5a0a5d839f4fa4ea830e8311848f0ae2a2ab435ea89314e33,2024-04-08T12:51:54Z,NEW_ENCOUNTER,,,
batch_001,encounters_athena_clinics.csv,765,ATHENA_CLINICS,101232,ecfe5070b596a1d3017844a45016238b8a8ba097a2538a5e9a4c05955a3134d4,1179c60e95bb5fc3aceb80dcf9464ba5e3f3a26b0ceea50ff7a11510290b0253,2024-01-26T13:25:46Z,NEW_ENCOUNTER,,,
batch_001,encounters_athena_clinics.csv,766,ATHENA_CLINICS,127850,38122a42c1dd82ff4099509a44a17c132f5e76aa4e15ea95c140aacc1cfdaa54,ce0c81643fc7f8a870c4e82a127184b13d114a6bd3b29233db72b103ada479f6,2024-09-29T17:59:42Z,NEW_ENCOUNTER,,,
batch_001,encounters_athena_clinics.csv,767,ATHENA_CLINICS,106961,757515ab5922ea5d8b118afe42ef9930059ad921d18131ed62c367dd66c53aa8,7af334754e7c0bc9db43a7984f7b1f6b04f12303e1b060411538afa35ae20ec3,2023-07-23T00:22:08Z,NEW_ENCOUNTER,,,
batch_001,encounters_athena_clinics.csv,768,ATHENA_CLINICS,123514,10dbb7260c554fe936c17f4ff980905e7e62a6491415c5e6952ff2264f18e508,803b86a5b065c460c91caf827b69b0ac118234e0263336e4a0c8fd92983f1fda,2023-09-01T23:38:46Z,NEW_ENCOUNTER,,,
batch_001,encounters_athena_clinics.csv,769,ATHENA_CLINICS,103678,178d91327009f13b979faa1c8a93cdadf6c7ea33d0c066754bef54ef23a6391d,7fbf79665c5cbd03bcb05d40853373b6506be4a72d8353e367ed726783a1b33a,2024-05-28T02:00:13Z,NEW_ENCOUNTER,,,
batch_001,encounters_athena_clinics.csv,770,ATHENA_CLINICS,104120,5be557b08e7b14da33540be9029690c5a0450a7d091e603049d99863034e5b0c,7cc2950d4ad52a5077e65d84bbb8f54dca58a49f7c0c66e9190838e656858018,2023-07-05T02:47:54Z,NEW_ENCOUNTER,,,
batch_001,encounters_athena_clinics.csv,771,ATHENA_CLINICS,118694,0d2eaf6d3ada040f014a2f49e567b1f1f088749b5987d44698b5fed21042e67c,c1df33470c992a7f360467493a87ec7b9b3d574f5010543b95b24c561d3b2eed,2023-08-08T10:50:18Z,NEW_ENCOUNTER,,,
batch_001,encounters_athena_clinics.csv,772,ATHENA_CLINICS,124868,6d064910c48f0c9f5055b5c9aa7b94736ea0a72e6a1c2d83873c108950c29d9a,52254a870a8be723adeb67d6675b5712b37517b25d45cffb3488b8944b0a9011,2024-09-20T16:41:09Z,NEW_ENCOUNTER,,,
batch_001,encounters_athena_clinics.csv,773,ATHENA_CLINICS,116340,3eb38c7a7127226cf136001b5ae0785e911727a6b747fa7b1589e5957a43ab68,fc98def09e5dffa68a15650d3f8e4c97c29c3d778616bfbe72e46ebb1360c4b9,2023-04-01T21:52:18Z,NEW_ENCOUNTER,,,
batch_001,encounters_athena_clinics.csv,774,ATHENA_CLINICS,106837,b97783206fd9408a0e31b0126c1375c3c04c717c23683d43da808a89c1d0ae3e,1b6c08b190ca124f182a9e03b66ac65e12e7f1c3113593c23d221fe980e6ce63,2023-12-31T08:35:25Z,NEW_ENCOUNTER,,,
batch_001,encounters_athena_clinics.csv,775,ATHENA_CLINICS,106720,2e3ba2e6aecc33bc5e9ea00c9e660bffe1b1911994ccb42c041f65ab2edf44a4,0b223902628eb5f65eb4e68565dc02af206cb457df8a47377b2cc5422b2e8012,2024-03-14T16:23:05Z,NEW_ENCOUNTER,,,
batch_001,encounters_athena_clinics.csv,776,ATHENA_CLINICS,130828,1a9f03361b263b2b839ea54c66027092949ed5c0a207e0f2b8c3f588d8735e34,ea43e6317345cedf5a7fb2f10f2b1876fed9e945dfc598d78263a9bd54dce1e7,2023-08-04T13:48:13Z,NEW_ENCOUNTER,,,
batch_001,encounters_athena_clinics.csv,777,ATHENA_CLINICS,107837,4a8d35102e8630598f09b09c51a246d5b5402b131a00beced294186d05645e03,b95ebda76817bcf3ecb0c2b6cc504602cfff2049482e1f6e1138e06874dd76b8,2024-01-01T14:13:11Z,NEW_ENCOUNTER,,,
batch_001,encounters_athena_clinics.csv,778,ATHENA_CLINICS,132043,27c3081220589159c7808f6ed9b03545fef140162b9b0757e7f07e57ecafb27a,1feb98d70b1cbc730d6ad897c48ea6b23d6ee687453355227b6adc1d084abbce,2024-08-23T07:22:43Z,NEW_ENCOUNTER,,,
batch_001,encounters_athena_clinics.csv,779,ATHENA_CLINICS,124492,cbeb9fd9a48ec85db5dc393998f3d8d9249696acb2b622e9d143d8e7f2f2415a,cfcb44c3bdf561a7483ef6d4f59496b92a624836f1364efb5681350b4fc90ff9,2023-03-02T09:37:46Z,NEW_ENCOUNTER,,,
batch_001,encounters_athena_clinics.csv,780,ATHENA_CLINICS,106665,ea0ffbd175fbed162f5e02a0b5baa1300e20f88b3761f3db1166c7ddf571b0b7,7ce0f4afb471f0d79feb0937b9b087174763007cd7d9e388fdb42acdf40442b7,2023-07-19T12:06:31Z,NEW_ENCOUNTER,,,
batch_001,encounters_athena_clinics.csv,781,ATHENA_CLINICS,114999,be319275a393e4fc259962121e632df1b295e9b63f432f816da91ad8f230390e,4865a9062088a7be5e1b92598aba9cf006908b76d718119229ce68abd96c286a,2023-05-24T12:56:58Z,NEW_ENCOUNTER,,,
batch_001,encounters_athena_clinics.csv,782,ATHENA_CLINICS,107773,d1c58f4cb0417bce6bf877e7a67c92dabe79bb904c943f6c7b82f8b0ff8574cb,7d3e94f5ba025fa08f01ff716f9bae3a985cef1965d44bf26f3d5854712c9166,2023-10-29T21:36:25Z,NEW_ENCOUNTER,,,
batch_001,encounters_athena_clinics.csv,783,ATHENA_CLINICS,111729,4122a0d71a99179b347f47aff522fc57cb84bf6721461cbcdd5b64a3b1c0782e,00994705c15593a14bbc996a85aaff23c5b54965636401c095f3bf7dbaacbc14,2024-10-21T14:41:00Z,NEW_ENCOUNTER,,,
batch_001,encounters_athena_clinics.csv,784,ATHENA_CLINICS,130323,06ac67eea9ab156be2e117cd319008506e5a2d9e74067f28a4b76dcbbd09cbe5,10575b892f395c30ba1a43b749506d4bc1b2178cef752d1db4a0811d5bf55c11,2023-02-25T12:28:36Z,NEW_ENCOUNTER,,,
batch_001,encounters_athena_clinics.csv,785,ATHENA_CLINICS,125199,e64d91dbe0cb466af18859f68fcea647a10f71fcf2f9532f942859d17f4e0d84,28a3657dc4cf982b3a4fbff55f43416fa03ddf3e2f69544f71fff80620280d64,2024-11-09T14:38:41Z,NEW_ENCOUNTER,,,
batch_001,encounters_athena_clinics.csv,786,ATHENA_CLINICS,104437,8e148bd8e1f1f9b1713bae28da31441e1d81689eb8d5f94916ffc1a521e8fa04,f4f2cb22a63fd12db2c082ee86a54a5576adc2d91e28339b70d7d17d32beae2a,2023-12-02T11:36:39Z,NEW_ENCOUNTER,,,
batch_001,encounters_athena_clinics.csv,787,ATHENA_CLINICS,118670,6a73e2971866ba78acd8b6f06db9a46b8f630308421f1d589e56ed750b4923f5,1a1d8efbbd6320e29875925740141eba14c8642b427671a36f40654218bf257c,2023-12-21T05:58:19Z,NEW_ENCOUNTER,,,
batch_001,encounters_athena_clinics.csv,788,ATHENA_CLINICS,110016,7d38bf6a74a1377e5b524848d183f85ffda97dac9f2585392c2c9fe39ffbe8f0,33088c22253254da67ab1901e118941ef2788a3355ce1dfb7386dca13dc3c4aa,2024-06-13T21:37:10Z,NEW_ENCOUNTER,,,
batch_001,encounters_athena_clinics.csv,789,ATHENA_CLINICS,125120,7f8230afd8aa109ef8d86755de77c801f7ea084e93304e6191165f78a40e4d16,3aea62ebfa40cb16edf37042300b7820426ba4ac3c554c5501be87597e19ea70,2023-04-15T01:51:12Z,NEW_ENCOUNTER,,,
batch_001,encounters_athena_clinics.csv,790,ATHENA_CLINICS,116792,8b2e943f6bf53b6ceac9f9f2c276de1a4f441bf25f90dd3b14dade8bab86e731,0d6c4bcf81b23fe974d110d281d5651c2f439949d35812855c8e2c92acc69ead,2024-08-28T19:57:39Z,NEW_ENCOUNTER,,,
batch_001,encounters_athena_clinics.csv,791,ATHENA_CLINICS,119837,8c3aa3f477e6be00e1a5c2d21ff9ab1e8947d398e46efe1e7303ebb7f19da358,951bb4a7b83985594b31bb3dde02e7ae743dddabcb252a19b7f90fbcf5f21b1c,2024-07-26T18:48:19Z,NEW_ENCOUNTER,,,
batch_001,encounters_athena_clinics.csv,792,ATHENA_CLINICS,135262,f64aeafe4380f1017286cff6d3ec43507e206ea190157e2feb57e461cd54d18a,ad5ebb6d5a35764fc3540bc2461d55a53cc399c80ecbc6a1181aaddd6e68c100,2024-07-29T19:01:30Z,NEW_ENCOUNTER,,,
batch_001,encounters_athena_clinics.csv,793,ATHENA_CLINICS,104748,cdac0cb1bddb08eddec600f430c118c3b94fcf772837ce5334726992ab285102,93bcadf1da16ff454e3d88a9640228d02955ba1f84b55ea87e93e40d22dfa6be,2023-10-01T22:41:01Z,NEW_ENCOUNTER,,,
batch_001,encounters_athena_clinics.csv,794,ATHENA_CLINICS,108843,599a1c5cc08df048353a731a21272c08b33f47f986031ecc97ac402f3fa03022,ed7343538626e477916d421d3f8d564b5121c84a215130219458b5a76bc63cce,2024-04-13T06:22:34Z,NEW_ENCOUNTER,,,
batch_001,encounters_athena_clinics.csv,795,ATHENA_CLINICS,125011,15e4cd13af94673e5ec2a99ac9e88913b206a01ddbc522b7d45a8699c0d515d3,99cdf2e0f9290177cb85de5f76a3936c00e9c8041677a0072f1ebb8564a62ce7,2024-09-08T09:51:23Z,NEW_ENCOUNTER,,,
batch_001,encounters_athena_clinics.csv,796,ATHENA_CLINICS,135449,e8fd0977ece3772dd15c4db4ffd06f5e4a2977f547907bcc9d5bbe88f57dc5d1,3e5e45adf76e1eec158f35413ab5467362e5ec8839c671d3b37cab25c1c4c429,2023-06-04T10:40:32Z,NEW_ENCOUNTER,,,
batch_001,encounters_athena_clinics.csv,797,ATHENA_CLINICS,122036,dd59e228dc00474fd7641e1813fb384f7799069fec8c4074970a9e5c35f13094,6a8dd4ae9177bc152b322cf59347587f6e101ec1fed7e6625c114f9b2b8c038b,2024-03-04T07:57:35Z,NEW_ENCOUNTER,,,
batch_001,encounters_athena_clinics.csv,798,ATHENA_CLINICS,100265,8a2ad852e7b5d460e694225f4bcc864aa70d5300cfa418f96332b29ba981d5c3,e5268c5549fb39ab09bddbdc6cd645d1bc5c58479b8c7f9391aa75e32a56dbed,2024-07-14T19:14:50Z,NEW_ENCOUNTER,,,
batch_001,encounters_athena_clinics.csv,799,ATHENA_CLINICS,116006,3a12896cb0e7378c77ec7b63e1ecf920782bdaff090656339f76005956ad9ae8,56c2f2e8cef860b7ea43fde83cb01bca6dbc0e7e9ac397f28ab1be8b41c8708c,2024-01-20T02:16:29Z,NEW_ENCOUNTER,,,
batch_001,encounters_athena_clinics.csv,800,ATHENA_CLINICS,135449,e8fd0977ece3772dd15c4db4ffd06f5e4a2977f547907bcc9d5bbe88f57dc5d1,3e5e45adf76e1eec158f35413ab5467362e5ec8839c671d3b37cab25c1c4c429,2023-06-04T10:40:32Z,DUPLICATE,DUPLICATE_IN_BATCH,EXACT,
batch_001,encounters_athena_clinics.csv,801,ATHENA_CLINICS,109141,9b3f66e72c81319a647c7a6ecba884359e701522cac3f27414ee573d596eef33,c238c5d596d676c60b841dfefc4fb186e346efebd1bd92cd94587567c4a8b7c6,2023-11-24T14:41:19Z,NEW_ENCOUNTER,,,
batch_001,encounters_athena_clinics.csv,802,ATHENA_CLINICS,116318,151b7bb6c034af4e514d964a6fa37060aee2df4e88a7c4a4c8b6eb66def859f7,246f9f5bf7d99a4a61b8c6614da192bfcc3c2845903477bfbe8fabfe3c4a6481,2023-07-20T14:12:23Z,NEW_ENCOUNTER,,,
batch_001,encounters_athena_clinics.csv,803,ATHENA_CLINICS,126717,2468df4bb6ed6247ae10ee30e18ed3a18a9ef4656f47d67913a4427e0d8ec985,bfb971136a56b35566143900619054d57e982c60f305ad6b03d5f36fed6bf846,2024-03-12T09:51:24Z,NEW_ENCOUNTER,,,
batch_001,encounters_athena_clinics.csv,804,ATHENA_CLINICS,108081,764c07f2b67c7025ea8c00ba1cbba4549bb3da60e917b00326f32a8a1b45ec12,667e66ff29970a1610b35355f7e99a6cc8cf2a60368717288b1cad3550c804cc,2024-02-25T23:01:10Z,NEW_ENCOUNTER,,,
batch_001,encounters_athena_clinics.csv,805,ATHENA_CLINICS,106564,330fda5d9386244c65278364651bd4fd4488e7f2d7dbf842764d71161f89e18a,e057813649dfdd963dc0836951a33f279c9e4f3fad23a27c58bdb6013fd819d1,2024-03-23T06:43:22Z,NEW_ENCOUNTER,,,
batch_001,encounters_athena_clinics.csv,806,ATHENA_CLINICS,117663,dfdaea4575ad8eb4a15ac5bb9e3126667fbf8c3b67e53da1754726990a715837,17de713e62d55de0c3de67ba23dd281bd7381635f34f29bd61f3eb6c25d32c08,2024-10-10T21:29:34Z,NEW_ENCOUNTER,,,
batch_001,encounters_athena_clinics.csv,807,ATHENA_CLINICS,105884,406ff3d3584b2f199cd8dbcb855177a555f7c0c975d6470bca9247431ca3dcc8,d31cb2e5f44c408ad56803efd438c8e752072b2be89bf356d6ee9362bf3d6d11,2023-06-12T20:33:30Z,NEW_ENCOUNTER,,,
batch_001,encounters_athena_clinics.csv,808,ATHENA_CLINICS,116888,25de8dda62f8a5732e1d3646c1c7dcabda67b848456adcf6866ddfd12a00994c,af7bc6b1c4a4e188c5d8806c973663dc325e050c83f50bcf70390200c5a89871,2023-09-01T18:03:56Z,NEW_ENCOUNTER,,,
batch_001,encounters_athena_clinics.csv,809,ATHENA_CLINICS,126329,fcfe9cff92411c35fc52e53d21aa7efd0d34bd3019ab577a8650a3360320463c,2273371927853f4b873b4387f0194d2d36ff06958d05996cd4b0aa558eaf9c46,2023-03-11T10:29:17Z,NEW_ENCOUNTER,,,
batch_001,encounters_athena_clinics.csv,810,ATHENA_CLINICS,123656,7b490b4544c66c417ae0d7d554a5205840b7eae24546851c7acc66ca9027792e,e96c7e4ee46db3392be53ff2f843a53e302ff7cac9db437e73f127efe2e2d933,2023-08-08T22:33:31Z,NEW_ENCOUNTER,,,
batch_001,encounters_athena_clinics.csv,811,ATHENA_CLINICS,119333,0f948ce1d6cd835e9f3221168b38ccbe8aead15e8f604e9c39f5614caf8b1e6b,ba7693d78f00a3db629e6898f7b11c5fc4822f1e6e2aa8660d9be31e04f6ae00,2024-05-09T12:29:20Z,NEW_ENCOUNTER,,,
batch_001,encounters_athena_clinics.csv,812,ATHENA_CLINICS,128387,e9b65ad0f048773d22fd84b7b2e9f5d1f6ef59256ae6f0944b1f1615be8fb4a8,1fd196eb4eceff6acb4158969058ae029dae7370ba487c02f89de2519ea32d89,2024-10-24T06:38:26Z,NEW_ENCOUNTER,,,
batch_001,encounters_athena_clinics.csv,813,ATHENA_CLINICS,117743,c8717efb1c194a4a5f51f86bf476a775fa45e29c50a16ce6e76b2c524ad54a14,873fdf4ac5d29423e74cb1931acd511b6d539f2f958fa9b68538d0f6ac8a648a,2023-05-24T19:44:31Z,NEW_ENCOUNTER,,,
batch_001,encounters_athena_clinics.csv,814,ATHENA_CLINICS,118968,02182b2a5ce1d8efe8485be2cf6945bc55be2df03403130df6913fdcf266abc3,9c95d5b9f9e7be96f13d61e499bc2e534fb2e6a50b9ec6a077cd0e1136e23886,2024-06-27T08:48:24Z,NEW_ENCOUNTER,,,
batch_001,encounters_athena_clinics.csv,815,ATHENA_CLINICS,137194,05a2925898fdd3054a63408f6202ec7c31e48ef42e7fb776ee795e3d21b7091c,2755b78f99b2b480a62946f38cf622d14b2bf0eb809b2cb3e34e9249d4bc0a2f,2024-01-23T17:09:57Z,NEW_ENCOUNTER,,,
batch_001,encounters_athena_clinics.csv,816,ATHENA_CLINICS,108928,ba2bedae5e481e2073bdde2344bb9f393f051378dbdb0b84d7d6707e603bf25d,bff362741bf8865f22e64bf06194c22e264aacc518d70595b8c79991652ffe04,2024-06-25T14:25:00Z,NEW_ENCOUNTER,,,
batch_001,encounters_athena_clinics.csv,817,ATHENA_CLINICS,106598,bc128853e0f47f32280270fa85d6980a255e8146eea3c2395a099afb396e115c,a4cce8ccac0f2884451a3e913a4432f55b1ea144e1fd93d1573f9bc63ee1d7e9,2023-11-06T05:14:57Z,NEW_ENCOUNTER,,,
batch_001,encounters_athena_clinics.csv,818,ATHENA_CLINICS,116448,1e7cc6a7754868947f1b34ec295fa5b575670a1adf17dfbfd0e2e60fd5616b55,4a70e88469fe6abe2a1b3c6f8fbc56963105801c33163f4a2f63c0eb4281302e,2024-06-16T08:21:30Z,NEW_ENCOUNTER,,,
batch_001,encounters_athena_clinics.csv,819,ATHENA_CLINICS,128186,badd7a7ddcec7cb3b1b9cf43eaf2a92fd64d17ebb948b03d2fe9fa184d91a6bb,285c3e6d62be0990ab79b7bef1f314fcb2f62ed5200a2834a1a0f8cb15c5737c,2024-01-30T19:38:56Z,NEW_ENCOUNTER,,,
batch_001,encounters_athena_clinics.csv,820,ATHENA_CLINICS,109539,f0f016278c2c34921698f944779808d2446b36792641abc8aae58ae3d3ca43d9,fe02c68b394867642426ce2985beacdbb44f362c24e22e9e6cb7929270515d38,2024-07-09T04:12:33Z,NEW_ENCOUNTER,,,
batch_001,encounters_athena_clinics.csv,821,ATHENA_CLINICS,131867,8eb1fc36959aba528d5fb429a5640affbc4b2c8e6949cafeabf8b75b9fc3b131,319bb104a3cea310231a82f4b33fd8bb5767e6007a76363cda5034fc26a501b3,2023-11-02T21:02:25Z,NEW_ENCOUNTER,,,
batch_001,encounters_athena_clinics.csv,822,ATHENA_CLINICS,127210,8b0197beda591c46fd665376bb9d1823039f31842fd54b7f39544713450f6f1f,ed13a8b483afd8359df51671f1699e42cae48882b4cd5fa59d6b07f941dc387e,2023-04-15T15:40:11Z,NEW_ENCOUNTER,,,
batch_001,encounters_athena_clinics.csv,823,ATHENA_CLINICS,103802,2092d9d9fb217d7d2e6c54c3a6fb7277e64c658871214d946812313f959a17f2,f176b7f0a32dc51ccb6ab0ab7ae2b811f3605d84222445be573526cb64e3b3f9,2023-02-17T10:50:13Z,NEW_ENCOUNTER,,,
batch_001,encounters_athena_clinics.csv,824,ATHENA_CLINICS,112032,d668feab998e2b4142345c26ffe8c5d91e5cd023d93f226115cf99a120e278a2,c69dd606a32d00e7edbd9352754618edc1c8a087bfa31500d630fce593653da0,2024-01-29T19:47:59Z,NEW_ENCOUNTER,,,
batch_001,encounters_athena_clinics.csv,825,ATHENA_CLINICS,127286,5b19b361453138ac966a864dc7731f997f8662e389bcb386127c585e90f940a7,b98fbc213161a463b01be38ced91743d8d7848e32be4a2ab7a01b95a661e41bc,2024-10-03T00:30:28Z,NEW_ENCOUNTER,,,
batch_001,encounters_athena_clinics.csv,826,ATHENA_CLINICS,122461,6d85a9cce71adf940bcd96ef185e0d4d45882285ff32351a3dce825fcc28cad9,943523db671228c157df1a3116a3de08b37f41e2349d9a9f9b6c39367817db86,2023-06-07T20:10:02Z,NEW_ENCOUNTER,,,
batch_001,encounters_athena_clinics.csv,827,ATHENA_CLINICS,115638,c8d6c89838c65f95af6c993ab6806760ad669e334e88457a38d03c18c8d48ef9,fcfc6000defb3e3c61badedcbb7096bf67ffcc11c4c871269fcb086b00fcb761,2024-10-28T08:52:20Z,NEW_ENCOUNTER,,,
batch_001,encounters_athena_clinics.csv,828,ATHENA_CLINICS,139342,8e63855a221ed407ec1cd6acb1a8bb3e3202238b87e531156983e4dcbcf4ad29,b08b26aa0a1d2c2d06787496104dc0b72174aaf921eaa7615ea6644702e4f1a2,2024-01-07T09:10:10Z,NEW_ENCOUNTER,,,
batch_001,encounters_athena_clinics.csv,829,ATHENA_CLINICS,133055,d25bc3b68fe4a3a8d4f8d4c504da9a0a168d19c9252a85f46c36385d727529ac,682243998fc52709d4cc07b6d0b9a332609ac7b98470a9b3be4fdd714911d654,2024-11-07T11:37:37Z,NEW_ENCOUNTER,,,
batch_001,encounters_athena_clinics.csv,830,ATHENA_CLINICS,107933,988858e1380164494cead12b84aa9d0f14233b7309df2f79cabadf4a46691586,269f98d0da011c194fa24fcea7c401e07b7a3354c0fa9227fce93d29fa4c2840,2024-01-08T02:17:56Z,NEW_ENCOUNTER,,,
batch_001,encounters_athena_clinics.csv,831,ATHENA_CLINICS,101173,b59286acbe646d1da76b7e7f556dd5d3e4fceb2f230298b3a01a38867d153037,0ad2680a81541d9775bb29faca4ebdabd650d762b0ed4b231882f16cdf08cbd5,2023-08-21T01:58:03Z,NEW_ENCOUNTER,,,
batch_001,encounters_athena_clinics.csv,832,ATHENA_CLINICS,136760,b4d1264dbb7198b5d3b9819d36cc7eceee78062594c797ff6813a3d362e02402,adecaefbfabe7a22a95f97663049eb7e5a57cb96614a55d3938d829c50adfeab,2023-03-06T01:45:16Z,NEW_ENCOUNTER,,,
batch_001,encounters_athena_clinics.csv,833,ATHENA_CLINICS,117312,9390f41d8ab3cf85bbdf75d7593b5acad4482aebc32e12c3f848acb0bbfd66dc,0823cfbd4b2ab75cac46ce575fad341bed10b4bf0edc12d80b7e4a8a30fed91b,2023-05-06T14:39:00Z,NEW_ENCOUNTER,,,
batch_001,encounters_athena_clinics.csv,834,ATHENA_CLINICS,119610,92a48f4b10c231be06070fff8f21ff8d1d1599eb56309228c0301319cc9b5e2d,1c21bf8da584bc49aa4b15f59e3e1851419170f966da648db9c21b7c5edd2c5b,2024-06-19T07:25:31Z,NEW_ENCOUNTER,,,
batch_001,encounters_athena_clinics.csv,835,ATHENA_CLINICS,121064,933b7329f77c0844a29f2dc6c6fa53123ef4358d8a6a19c3cd0a61b35d471295,88e57a8917ee1d7d0c75d1e512cb8a1a82fa2f452fbe248075d85bfb7814dfd1,2023-03-28T00:42:47Z,NEW_ENCOUNTER,,,
batch_001,encounters_athena_clinics.csv,836,ATHENA_CLINICS,116824,b8692f6ece3a46334108a043da2ef03b090f26d8876939781899dc9781ee7e5e,6232ad66cb2e64ed86347370cc70f0fb6f0b30c9977a171f2dbf3b005c41d38b,2024-03-09T03:53:25Z,NEW_ENCOUNTER,,,
batch_001,encounters_athena_clinics.csv,837,ATHENA_CLINICS,108652,e341a84ed0c862c88b9b32467a02f8d7844d859e84d02b2fb07273e2426e5ba2,8b8b4dd44235bbe9565c27bea2f5dde286456165b99b4418925cd9846f810b43,2023-02-20T22:22:16Z,NEW_ENCOUNTER,,,
batch_001,encounters_athena_clinics.csv,838,ATHENA_CLINICS,133789,c7ce83e31d7935781e883c3f5857c0be7fa7a98315e64d7292e9709c662f5692,b1f2f607469d31935b8f095bfa960c186152789822cb00d10bb1c7a13caf5f15,2023-08-19T13:53:16Z,NEW_ENCOUNTER,,,
batch_001,encounters_athena_clinics.csv,839,ATHENA_CLINICS,121203,06a0fbccdaea60bd75fc4954ff16d4638180df796dafd86f83fbdeb7357d613b,e3953b4ad8f4fe101f8d20194bcf5be64094ed944f0bc266ff044c93aa433d3f,2024-05-02T04:28:44Z,NEW_ENCOUNTER,,,
batch_001,encounters_athena_clinics.csv,840,ATHENA_CLINICS,103846,6cf5e60d0648f97a00c12cc2ad1d36b22c4e17d9fce592f3993daf3d89ee2260,455847caa3d54ff80653669e26aa673df4fe13f7847795a8d55ef27c2e600697,2024-11-21T13:58:15Z,NEW_ENCOUNTER,,,
batch_001,encounters_athena_clinics.csv,841,ATHENA_CLINICS,115570,45d46c3e9a17328ca8dfb44710a84eb5fd897f9a4450fcc83e024d19db6c131e,bf89f6438344599710dd8a0ecd224a79a090dca854269372d85e21ab399babbd,2023-10-21T07:28:11Z,NEW_ENCOUNTER,,,
batch_001,encounters_athena_clinics.csv,842,ATHENA_CLINICS,130854,b1ebd4ba633b4889d523678d184b07b4996834c73f07b14a544b45065d1c3cf9,039cc9b51239a728640da8e170f05e44919ff9f4746be38cf0fe360f0d44759d,2024-03-11T19:42:22Z,NEW_ENCOUNTER,,,
batch_001,encounters_athena_clinics.csv,843,ATHENA_CLINICS,120483,4dad6b0f2b8f26a9bf7d3703b63c144beed5a3bf93b0a560b17ecfd0dc67c824,f1a2980ca06e48147a42e961c2c6166dc81bb621645b34decde3fe8d54a8bd4b,2023-11-25T03:51:20Z,NEW_ENCOUNTER,,,
batch_001,encounters_athena_clinics.csv,844,ATHENA_CLINICS,130514,3759deabdbb4ecff05124227c4f39f4e8e669fdd3f83bbec79b1ea074430344e,e97c9aee5c079a69b0c45430babab6055cdb0d2b1cdf8f2b4709f00db1b557a0,2024-04-23T23:21:53Z,NEW_ENCOUNTER,,,
batch_001,encounters_athena_clinics.csv,845,ATHENA_CLINICS,102673,576bc222e7408531ad8c033c2a5aacd15384cf051512b8d99f90feed9278c292,b00d3e70ccd64e1fc778a82f22fb89eab3b646d6dfa40eb20e61a4bca4856d6b,2024-03-05T18:00:23Z,NEW_ENCOUNTER,,,
batch_001,encounters_athena_clinics.csv,846,ATHENA_CLINICS,125129,1ece740040a24ca6ddd33a81357dba88cf161f224548d08a0175c43d4787eb43,d6ebfbadf965756f22c147631222ea47c78efda387c9ea3d6c3bac3bb977de1e,2024-06-28T05:07:53Z,NEW_ENCOUNTER,,,
batch_001,encounters_athena_clinics.csv,847,ATHENA_CLINICS,102121,cc6e8699e78af9de1792a22a1d613859f52e70c47a00dbc56517eb4404a77f81,a11a28fab6eb2359050f5ccbd7e6e342acc7c10befb1088ca3a7104bb6053eaf,2023-02-06T07:31:01Z,NEW_ENCOUNTER,,,
batch_001,encounters_athena_clinics.csv,848,ATHENA_CLINICS,113087,1c698157361addd7bb4d0b8d9d8c8de9f0f3fa4819ef88b573e35082b4a8d98b,dee5a2c991c3909c9da6c87dcf4376e6d06ff4418ea174f316d8028c367bceda,2024-04-01T03:05:39Z,NEW_ENCOUNTER,,,
batch_001,encounters_athena_clinics.csv,849,ATHENA_CLINICS,106982,59fb0391ce51c35ec864b592312a1b20f166c21f86cd5be89dde69c4b03679d6,597a6dfd8b52d41fdc76a166bcf60f7a25327b6a20848fc8f30fdb3069f5ac53,2024-11-19T11:37:49Z,NEW_ENCOUNTER,,,
batch_001,encounters_athena_clinics.csv,850,ATHENA_CLINICS,120417,0dba231ac4ee3dec56e091a9b1bed85af54ed91f8cc79bcb88e9389a60e2a18f,d2116b673bc3809908f5a2189cd14449e88b8367b078dadbb836b3be10e13dda,2023-06-11T14:03:04Z,NEW_ENCOUNTER,,,
batch_001,encounters_athena_clinics.csv,851,ATHENA_CLINICS,110589,8b02b0e682b5ff3a9a547c34b18bd13fdd7be5d545a3c97134c9f049bacc66f5,0aa1018b481e531f942581dc830b61b83d83be2efcf1ea80005cab8fa607a2a8,2023-07-21T11:14:13Z,NEW_ENCOUNTER,,,
batch_001,encounters_athena_clinics.csv,852,ATHENA_CLINICS,119349,ec258a7b67b3fa3fdf03330a1b56dfb38053f291b399744a7f478b55bda5fcaa,f50643e306265b044dee55ec100776aa1facd2e3bb1decf72ac797587a7b1303,2024-10-10T16:26:18Z,DUPLICATE,DUPLICATE_IN_BATCH,EXACT,
batch_001,encounters_athena_clinics.csv,853,ATHENA_CLINICS,127835,70214919ead9004b9e233407198149c55dbba1fdd72ea9533ec8a922928c48f3,33fa2d0ee09b23659cac717d1186e7d36151a14c5648351a4842abc25b6a9f19,2024-05-14T05:02:36Z,NEW_ENCOUNTER,,,
batch_001,encounters_athena_clinics.csv,854,ATHENA_CLINICS,118502,90e7cf5c7d17010acc1f59d5d5106eafea121d45369c0c28d0c24704f9b521a3,546ffaa01ba547fbe4207d14d49bf4cdb13893e2bef8333cfe24c9d41031fcb9,2023-05-21T03:09:19Z,NEW_ENCOUNTER,,,
batch_001,encounters_athena_clinics.csv,855,ATHENA_CLINICS,136327,b29f5d6a3ff9bc9ef9e3261a166ed041211180e14bbb33ae1e13ee9789091873,c98e48b051281b3ab3b85d5a199bccac2c7aab801d3327a61077a79126e5b652,2024-01-01T02:27:55Z,NEW_ENCOUNTER,,,
batch_001,encounters_athena_clinics.csv,856,ATHENA_CLINICS,128773,761a292b3e998909241c489357cb6c699364fd9bd03d5a7fe76e0b44dfdced00,85e824ddf328b6746ee23aab73d379a2ce4f14b81ad238565bb6b61298137382,2023-10-25T15:21:34Z,NEW_ENCOUNTER,,,
batch_001,encounters_athena_clinics.csv,857,ATHENA_CLINICS,116093,09193b3681b86a260201ac57d89b4fec5ed4191492159713fe0b463f7a5ac611,672727559cae5175b183147c647eaf38bb5307750a4eb64685f1d100333436f7,2023-06-11T07:39:53Z,NEW_ENCOUNTER,,,
batch_001,encounters_athena_clinics.csv,858,ATHENA_CLINICS,125954,b204d7cb6f68d8c9ef1fc960ed4dc38c309733a62d79404d12d731b0a0659212,e55afbb04ffd802f3ed6c8c6fa43112a83accd2ad422543659edb1ff936d761a,2023-03-12T04:31:45Z,NEW_ENCOUNTER,,,
batch_001,encounters_athena_clinics.csv,859,ATHENA_CLINICS,108090,63c6144d35354bb43ee84e09a72af19f5d0c6af07ac4e247f5aeba976955c523,9fd7597a92d8783cda8db5008c33b0d3ffaca3ea75da5baed679ca4a0e029e3b,2023-06-21T18:05:18Z,NEW_ENCOUNTER,,,
batch_001,encounters_athena_clinics.csv,860,ATHENA_CLINICS,130302,08fe074f882496d3afd6fa51bf75639d7ee5176de905a10fc82ef15eae16a056,9f43590b610c48180bc83259eb2643bcc4b128d6aada03ecf0e2389240fec83d,2023-11-18T04:15:29Z,NEW_ENCOUNTER,,,
batch_001,encounters_athena_clinics.csv,861,ATHENA_CLINICS,105840,d0f849274c60f4451f46761c91edc2f76466dc7a1748b228f72d6628d925a68e,921602a5eb5b1bf59b202b35c27335ed17ef5a36ebd094aecd4780bd08ff521e,2024-10-20T21:07:00Z,NEW_ENCOUNTER,,,
batch_001,encounters_athena_clinics.csv,862,ATHENA_CLINICS,137005,1095996a63da355fd4b72a6e36639bd512ca2dd5b41170ae7c27392e9b190754,f6bf5944ed684d170dd2e865e4d9136a21ef84ad55b309a9d0d2ff8d462aec2d,2023-08-20T14:02:25Z,NEW_ENCOUNTER,,,
batch_001,encounters_athena_clinics.csv,863,ATHENA_CLINICS,138857,9f3dc0c3dafb42f0ed2b3919839497c26e45d8f91a94c260e3f674781a76f97f,aaac88c1240e3bae0a600bb7b77cc0fdd2daabcc3c4c46004929588ed8f28de3,2023-11-17T16:00:40Z,NEW_ENCOUNTER,,,
batch_001,encounters_athena_clinics.csv,864,ATHENA_CLINICS,138727,78affc8b02f3cadabe172cd99d155da70f5846c2db8b5042797f480d5a2c54f8,2cbaf89da70135abfd53966356981b1f90c5cd5146849736e3ae3954d837c10f,2023-04-30T14:48:40Z,NEW_ENCOUNTER,,,
batch_001,encounters_athena_clinics.csv,865,ATHENA_CLINICS,139827,2bb7350d7ccb2d98df4f92e2d96a011a9725ca4e69c0324165631af1382d27d4,228f1acf38123c0486c2a88033e3eb88251e66e0b9e0fe9cfdf9114ae031b748,2024-12-05T02:22:07Z,NEW_ENCOUNTER,,,
batch_001,encounters_athena_clinics.csv,866,ATHENA_CLINICS,134252,d4539ba771c38148279c90a8d81594514a00dbb93becfd408bff70434bed0bd3,7cfc2784c3ced0cc3e487b34dffb22791d5db68f2d0b2fb8c93932b066cc740e,2024-07-27T16:33:18Z,NEW_ENCOUNTER,,,
batch_001,encounters_athena_clinics.csv,867,ATHENA_CLINICS,110167,9400bc93426213431f8a7f9df44acd3dc9015c16f33d54e74ae24a083ed5af72,391c426c8fe1819a758ff9f64889899575744cb9ec3617d573f0372b5da44860,2023-06-26T23:31:27Z,NEW_ENCOUNTER,,,
batch_001,encounters_athena_clinics.csv,868,ATHENA_CLINICS,121332,f1656d81a65f5043d5c5170d61476a8aecaef98d5e9d050f70b8ea72e4056091,3905edde4bcd4139d2c2c522a80779ed52dbd8efa34fac98c3f70844b81a5b10,2023-11-09T18:35:27Z,NEW_ENCOUNTER,,,
batch_001,encounters_athena_clinics.csv,869,ATHENA_CLINICS,102493,c3523959f50834cd239abac2847ea89939c2987036bbe285afede29a6adf9540,ddb716aa244fe1d3bcfd41520d9cdbc971729fee2b3e65a1b98fec566a8fd7a7,2023-11-29T18:26:18Z,NEW_ENCOUNTER,,,
batch_001,encounters_athena_clinics.csv,870,ATHENA_CLINICS,118479,8f7257d79650155e03411d2fba00c4e3d1072a0f3769ad391124da0e227bf132,154597cbe7a2e772749a45bd5cbf0c64d477cbf46c4d067d257924682e4f3177,2024-10-31T07:55:52Z,NEW_ENCOUNTER,,,
batch_001,encounters_athena_clinics.csv,871,ATHENA_CLINICS,121378,006d646f39d955deff3c14b556673b2e7fd769a8d536e96017f152fc7aa92149,416222b8ede3d4feaed838a48f3bcdc949b2db203c1ee38b56d2a6adc78c40b2,2024-11-12T02:13:11Z,NEW_ENCOUNTER,,,
batch_001,encounters_athena_clinics.csv,872,ATHENA_CLINICS,137682,32cd05531237d5de1845b0e7d66e5463e3436b7e1778614ec8cca15c8964e247,d8b91dd76034183c17142efb2f20d5a0252daf9c0f329471d50cebdc37b32622,2023-08-28T22:55:07Z,NEW_ENCOUNTER,,,
batch_001,encounters_athena_clinics.csv,873,ATHENA_CLINICS,114218,b308824c1f188d299ca11bcb81364fab0cdfd608e2fb8e705a2de82581627b22,98d03c36e8fda59242a8579914d54c72402ca800f8c9c8f65278be7f6dfdaca0,2023-10-30T10:43:39Z,NEW_ENCOUNTER,,,
batch_001,encounters_athena_clinics.csv,874,ATHENA_CLINICS,102638,8cddffbe1698daaa74754979cdabbd6457f459a81119e920c636ddbcd00828b0,26bdf5e810a46182677d99decb15251754a22e884f4aaf16bec2c2b64d92b3a1,2024-06-09T00:47:07Z,NEW_ENCOUNTER,,,
batch_001,encounters_athena_clinics.csv,875,ATHENA_CLINICS,128677,629d38f4ad3aa3b577e969c5fa3e1979ce5b7b93d8f7da55e1f3ca6981c4cef2,a9fa3b844ab79f25140497c68392a53051921ed0538b584f87b4890a1c571b0b,2024-07-21T09:00:55Z,NEW_ENCOUNTER,,,
batch_001,encounters_athena_clinics.csv,876,ATHENA_CLINICS,117616,8d7f50cb746adb0e0283e1228e54cd68b66f2c44517f25e9cf4a20c5c1d17c9f,de19be25df0611abf88bd7c5066b259d3cfd2008c62d1bc550179e1b73d1e30e,2024-02-05T08:41:33Z,NEW_ENCOUNTER,,,
batch_001,encounters_athena_clinics.csv,877,ATHENA_CLINICS,114937,797be806871268536b151030d9db1ceb6362460076e0ee0ad3a967094d3619a7,b239d4c5fda4d6471ea4d2e86849236112df1802fa82b8554d5032a7cd4c4fcd,2024-02-29T20:54:28Z,NEW_ENCOUNTER,,,
batch_001,encounters_athena_clinics.csv,878,ATHENA_CLINICS,116679,75d7fe50ff702a3afaae919a13d65a5dd4a5ff7baa7d82ca363ae8293e9a0f44,ead6789fb510553ad2f7c2b42001ed220b5aead3daf794fd81495a1af3cd33ba,2024-11-08T08:20:31Z,NEW_ENCOUNTER,,,
batch_001,encounters_athena_clinics.csv,879,ATHENA_CLINICS,117526,2e263cd444d81100174b7690fefb71812ade06d7fab17d453b03ba1c265aff36,8075ca82bacd293fab067fd0ea38d91ad841fc4ea9b36b23fc92586eaa8fa7b1,2024-05-21T07:43:08Z,NEW_ENCOUNTER,,,
batch_001,encounters_athena_clinics.csv,880,ATHENA_CLINICS,126487,52b275a1454b0339789c96251452c9b625f7d02e571f88e8f967e5c84becf7bd,07c8522c362aebea631b2652eba980b57b7004660720dde475eba97334fb22da,2024-03-14T09:45:32Z,NEW_ENCOUNTER,,,
batch_001,encounters_athena_clinics.csv,881,ATHENA_CLINICS,127592,37787d48c2bcfe9a8fd68750a86dc10f9dfb57268199e640a68964f2481baa3c,6bb975001e706158cc1a298e96cc2312c380a2cdac765223ee039b7227f73d8d,2023-03-22T23:48:21Z,NEW_ENCOUNTER,,,
batch_001,encounters_athena_clinics.csv,882,ATHENA_CLINICS,133507,25c2624402869b200a02ac66249e32039817f7cbb6767d5fa92902febaff9ab5,723bf20adff648bb75b60b180c7c7a6910e31b48290aedcad606395d696e0222,2024-05-04T11:18:09Z,NEW_ENCOUNTER,,,
batch_001,encounters_athena_clinics.csv,883,ATHENA_CLINICS,117932,b44938b7417d9fe8e5034f9c86c77773f9b262b682e398547ee00b137c095d5d,6e6033e92cc57b5c6c52040ab6d61b7ed7365f47bddc3237ad92f3332e8b5660,2023-01-24T17:25:47Z,NEW_ENCOUNTER,,,
batch_001,encounters_athena_clinics.csv,884,ATHENA_CLINICS,139010,ae7b3c71c2040d5ed5afa2a38293645012e73b6f441f6c238cc89709532086ec,ca97b6775d5099cc23585099ea9f6b56e134ada40e9b8638a845d85f91673062,2023-03-21T16:07:30Z,NEW_ENCOUNTER,,,
batch_001,encounters_athena_clinics.csv,885,ATHENA_CLINICS,129488,4e442a9a8f18ee2a049b793d0f8e6f0830d244e65a5dc0372fccba8eea1e650a,02e44ac4992b0051e5e4d205d9fda586dfc011ae8ae9c3722aa781ebd63f3956,2023-06-27T07:10:27Z,NEW_ENCOUNTER,,,
batch_001,encounters_athena_clinics.csv,886,ATHENA_CLINICS,116577,078dfe96da507a2b27c7c676b9026eabd37008ba47e1324c04d0d5456ce7de02,c51a296a03c03b6d08cb8b2e8137fcf6356f5e4d071fc900b62fd36726e9f1a4,2023-04-30T18:56:10Z,NEW_ENCOUNTER,,,
batch_001,encounters_athena_clinics.csv,887,ATHENA_CLINICS,122114,f99bfe77b57d128ce46cad18ea87a59c9ffdad3bcf7df04a43f8c018a4db9c16,1e9eba90a961dd6f376304de61bcf45172c2cdd8f57adb3701554428ede4c5ff,2024-01-08T18:06:34Z,NEW_ENCOUNTER,,,
batch_001,encounters_athena_clinics.csv,888,ATHENA_CLINICS,100518,858b3f072948fc58ac021ea135c0143a8a0a04ae1036851eca97c683e78a6e58,2f4d0ebde278b088c09c3decba9a2f960f30a65b4bae0718319236e55be880aa,2023-08-03T17:23:43Z,NEW_ENCOUNTER,,,
batch_001,encounters_athena_clinics.csv,889,ATHENA_CLINICS,130975,ec6fba464e91e7d14c01d548cc6f4125b15f73122a0e1016ffeeb865f40d692f,cf5b8d2f6532f33423be2216d5a5cb7143e0ff09be4a2946d0f4e9d31afbb5ff,2024-01-27T03:24:21Z,NEW_ENCOUNTER,,,
batch_001,encounters_athena_clinics.csv,890,ATHENA_CLINICS,107628,071fd589ece17ca2ff96d465bffead77ba16725b4ee1ae5be2e2f02fd209d1f0,9121bbafb1f83031f9a8c2504e40fad8d25e2ac6dfe07f3783523487d10c3003,2023-07-01T04:54:07Z,NEW_ENCOUNTER,,,
batch_001,encounters_athena_clinics.csv,891,ATHENA_CLINICS,124288,6737ef725c8193f3a5799eb148e673d540040c779461ece2eb562141aabed31d,6a4b0020c6d206ce37c266b0420ca1585b566af724dc2f768ed1a360c6b0ac18,2024-06-28T02:11:21Z,NEW_ENCOUNTER,,,
batch_001,encounters_athena_clinics.csv,892,ATHENA_CLINICS,137922,80da1353c510a2a668fbf3c8df22318a1436f6b413ffb4f7789109769a1be275,c6f7fc0e451098621d7855529a250719aebc7931f16a4fad0cdf9e752b18f249,2023-06-02T18:17:04Z,NEW_ENCOUNTER,,,
batch_001,encounters_athena_clinics.csv,893,ATHENA_CLINICS,134342,784d9776de771ff963b7ebcae94f3cf68e80e9c93b65cf71f335499921da2daf,43d461d011f70bd0586cecdbecee6b37e9f4257ae7e9d09dc44f04e5befc1978,2023-04-09T03:37:44Z,NEW_ENCOUNTER,,,
batch_001,encounters_athena_clinics.csv,894,ATHENA_CLINICS,112610,c0fe6bd653bcaaea6919bfcc75ebeef582e1775c91af25d7ef4debf653e4eb1d,620ed577fec70c20e8e74cfe3f69da099e9158fb1e5b22e0667877d772f2dfa5,2024-10-27T23:52:23Z,NEW_ENCOUNTER,,,
batch_001,encounters_athena_clinics.csv,895,ATHENA_CLINICS,139398,dc7f5fa17348c0d84cbcdb7e05ed24a8f9ed25adf1e4d0a48e6c2aa39062e1eb,8be6c721283eae8e1817b3807793a178589b8a79ec3eba17003f4d054c9523dc,2024-07-03T00:56:50Z,NEW_ENCOUNTER,,,
batch_001,encounters_athena_clinics.csv,896,ATHENA_CLINICS,109536,dde892a59dea5e426f024bcdda615653720378483217f76ef7047e28c581b5a0,e81afb67d9e8df17c01656b75b8e9ef9ee9b6afa8606b03fe650746bbb4deac8,2024-02-02T21:56:32Z,NEW_ENCOUNTER,,,
batch_001,encounters_athena_clinics.csv,897,ATHENA_CLINICS,112764,af4a81fa11f3663e19bd1599a80f3d10f0125335a4b08f2e68fcd3e77becfd3c,7bdef9c06caad51fc8c41dc7e332711ee392617ec4ae61b1d2f1ab1b44295704,2024-09-17T05:22:37Z,NEW_ENCOUNTER,,,
batch_001,encounters_athena_clinics.csv,898,ATHENA_CLINICS,138000,088d314083340fbd1f5ba99570a41e4c0dbbe3074e391a0a26cb0b42464f1b12,b3f4a200297637d3c912dc95c3681da32b0f293d0e25c79499e0442180ca8303,2023-04-29T14:15:17Z,NEW_ENCOUNTER,,,
batch_001,encounters_athena_clinics.csv,899,ATHENA_CLINICS,131746,71d4ac4c7bc33ea68404d24208d918e3a1081146858c2f07942cc4078ca65b57,2c34cc1d3fb04ce3aebf6ba67099c2a964eeb2d7a27aba16cb846e1ba9e734b9,2024-04-12T17:03:32Z,NEW_ENCOUNTER,,,
batch_001,encounters_athena_clinics.csv,900,ATHENA_CLINICS,119892,b63880d1d61d6bc393af794f6141a1e75f337955261546e52ff97f67a1382549,47625016503bbf0ae5dba4bd19da36f5a65e1f592f1673ab1a0bbec6f5a862b6,2023-10-28T22:30:18Z,NEW_ENCOUNTER,,,
batch_001,encounters_athena_clinics.csv,901,ATHENA_CLINICS,135244,213ba64a30479c084e274cd1cbdfef182fc6c7de250304dcea683f909e167770,a64222729606a9f3c757dd5240d94b6aadad96f1262984af2072da6f504a69e4,2023-08-28T18:48:33Z,NEW_ENCOUNTER,,,
batch_001,encounters_athena_clinics.csv,902,ATHENA_CLINICS,124054,fde333206b24332d006bc640aed7afab9edaba21ff492c343e8fb33504436c71,11f516400f910d6028da3152a53b6cd9d95f98a1258b117fd3fcb6809f88be9f,2023-04-23T13:07:53Z,NEW_ENCOUNTER,,,
batch_001,encounters_athena_clinics.csv,903,ATHENA_CLINICS,123049,601420c4681f0feb0a41c5cb342e18497c770fa45a18ba1924b6b8fb6d8d4b44,8a10ed41ef31f0b3e6856d36e4eaf808520eecd6e26dd5d9642ffe45ecd58138,2024-11-03T01:03:39Z,NEW_ENCOUNTER,,,
batch_001,encounters_athena_clinics.csv,904,ATHENA_CLINICS,103196,578dde29f0ca232b4e417714bdbab7a6c444a4b3d736b3ef5fe257479ae8ca1f,4b14ec102abda31206c671de46c65a9bafd06fb6a5d70f90fbedd0cac3f1ddd7,2024-11-15T20:33:38Z,NEW_ENCOUNTER,,,
batch_001,encounters_athena_clinics.csv,905,ATHENA_CLINICS,104596,03314ab37b77474d0aa65dce2918c607943270721a018733c0418740b3502df5,90d736076fa51a81564a5dbd16cada5ac275bb1e5da69f3a99362ae59a95cbda,2024-03-29T08:43:01Z,NEW_ENCOUNTER,,,
batch_001,encounters_athena_clinics.csv,906,ATHENA_CLINICS,126461,eb2e09dcee9422e636d7a00cfc504c9115e04fa3334396cabe740b61892860ae,ed7731a71992627ba286d1e9ec71f23b06b4dd5834f42b24a00cce283fc87789,2024-05-02T12:50:58Z,NEW_ENCOUNTER,,,
batch_001,encounters_athena_clinics.csv,907,ATHENA_CLINICS,104214,caf583ba24d6308257090f6fbd091891468fb0df121a8787ff03028e0150c2d5,4f73d55075a00ef34360aeb4e83e450f4e3cd794141cc03170078359888dbd17,2023-08-01T08:09:08Z,NEW_ENCOUNTER,,,
batch_001,encounters_athena_clinics.csv,908,ATHENA_CLINICS,113652,f73553f6963af9e7b4ae0ac043e16d56278f0d4d21c4659703fb31f8cc20f8e9,80522d30270750637949a0ecf215119f7c5d076a961114ee42626450fdd6a176,2023-07-13T19:15:10Z,NEW_ENCOUNTER,,,
batch_001,encounters_athena_clinics.csv,909,ATHENA_CLINICS,139326,8cc1bd84306b772e2b0f46104f659146d01e0b4b8dd797dfde818e13df4e0b12,23a38fd2023ec9e6d62a7cac2311484d3cfa7c173c3005ced3be06fed444bd16,2023-10-27T13:55:41Z,NEW_ENCOUNTER,,,
batch_001,encounters_athena_clinics.csv,910,ATHENA_CLINICS,108423,2d92f458ab9d6aa8a81af7ebf8b181af78a2fb7a435c1931e294e555941e23ab,7e29a27640b04a5439843a0e767fafb1ebeb7959130b08c20ac22656e54e032e,2024-01-16T09:09:36Z,NEW_ENCOUNTER,,,
batch_001,encounters_athena_clinics.csv,911,ATHENA_CLINICS,123161,0a9c2a7311fbeb4a8400ba7b2e5d939286e45b78c5566216996d1ab4fcefe8b0,baafd94ac55e6303652afb2c8124ca89da7e85a4032e0c39f310e74781c66702,2023-06-29T05:11:59Z,NEW_ENCOUNTER,,,
batch_001,encounters_athena_clinics.csv,912,ATHENA_CLINICS,105411,a5a0c7271d65a9e700a89658d4ae5392ca874d5365aa3122d3ec1bba178b8148,aa558d07e34ce24586145478c1fb121655fc05fce0abb404c0171282d29733fe,2024-04-11T13:10:05Z,NEW_ENCOUNTER,,,
batch_001,encounters_athena_clinics.csv,913,ATHENA_CLINICS,122914,4297ee5cbd41c92e37e9741adbc1b139351acb1444e017a6b87f7e6217d19959,95fb2dd5bc7b6327605b4b62299cb448337932d16dac055d30e71e0cd38abdf0,2024-10-03T22:20:29Z,NEW_ENCOUNTER,,,
batch_001,encounters_athena_clinics.csv,914,ATHENA_CLINICS,136781,24fedfc6ee82076bc266377a1687b9eeb63a9e3e853f944a9694c41b313fa935,1d3d1080b0b1460fff4e551c66193d5d1b0c29afd58784ac01919619cf1b79f9,2024-04-23T11:47:59Z,NEW_ENCOUNTER,,,
batch_001,encounters_athena_clinics.csv,915,ATHENA_CLINICS,112609,c08b656ed37b3956db7452f5389c9602f3d6039d8940fdbabc6a9a72f08d915a,8a63c0a9e28980f4a5663c5368518667bb3399bfb5f6ca0b879da0db3c86de94,2024-07-19T20:31:57Z,NEW_ENCOUNTER,,,
batch_001,encounters_athena_clinics.csv,916,ATHENA_CLINICS,114400,0e7952824ac87a78af8e1faecae2e03d733074d67f4039b2411521dbbc2c3597,af7ad072025431c38d17fcf3af6ae9b9bd110ed670ef6f96d679d64406106dc4,2024-02-24T09:14:20Z,NEW_ENCOUNTER,,,
batch_001,encounters_athena_clinics.csv,917,ATHENA_CLINICS,133210,5ca02e34a15f036b29dab1bd5a22bd9a04260c4fb77d1cfcf4f4c4daf7796f59,16a235389dc714ca2b606f4a4f41989fda5d4f9ef5cbc45ba175b8324e1c55c8,2024-07-11T23:48:55Z,NEW_ENCOUNTER,,,
batch_001,encounters_athena_clinics.csv,918,ATHENA_CLINICS,117755,59a4f82d1a6714999d371d3c58b5c348570debd30f0cdb6f786f4d5dc1942353,7f2d24d8a0de9e5caa7a8d380ddc03bc74eef5140848d998898091bf0ccd7569,2024-09-19T00:51:58Z,NEW_ENCOUNTER,,,
batch_001,encounters_athena_clinics.csv,919,ATHENA_CLINICS,116631,56b41b0b4d849cbf8a5b3260f6c388e0c02a027e785023e29e988fdc7539a3c8,efa7beee2032d61cdc993760121bf3ecd47c8a0ff5f4c23f4179dfe8012f202c,2024-10-26T08:07:58Z,NEW_ENCOUNTER,,,
batch_001,encounters_athena_clinics.csv,920,ATHENA_CLINICS,105226,c81f4b70ac8a526a614be660095724e8e0122347d0270e86a6e92578f4ce3049,8daa13245cb713420292cd336ed39ed1c282b21971623e58620203e27d1e5fd6,2024-01-01T13:29:36Z,NEW_ENCOUNTER,,,
batch_001,encounters_athena_clinics.csv,921,ATHENA_CLINICS,117833,aa7cfc35256b396f3cbf08098fcd3721efac15de76affb4ea888994622869b9c,12de0c26afbf8d4add4365bf4c7ac5701b4ec96271f150ade8565b1b86f2c9ba,2023-12-06T17:59:00Z,NEW_ENCOUNTER,,,
batch_001,encounters_athena_clinics.csv,922,ATHENA_CLINICS,132770,d4c5bcf2e365cd1927e1d4eb8ffd89d8a254993e131ee48d9abda1e00f478866,09424691e687d4bc46d0cc06426d9b87a1c1f43579405fce1b3c84191b9f7ac1,2023-04-03T13:27:51Z,NEW_ENCOUNTER,,,
batch_001,encounters_athena_clinics.csv,923,ATHENA_CLINICS,100953,80c4a026096ce6028af442c3bdfe59fc6f646fb90e8d1c154e03da8d8d947872,29a535bf078af78f029932df0e7c88717f62bc1d5a1aa3a21f203a49d7d16962,2023-10-25T20:16:28Z,NEW_ENCOUNTER,,,
batch_001,encounters_athena_clinics.csv,924,ATHENA_CLINICS,103527,13f9f72c79a347f5718d4104bd43195432b31cfeedf77c9d132a4097412c72bd,32aa3d01be86dcad5f11248e5c0497727fb5b9957433c12a7180c7b8a1300465,2024-06-25T09:42:06Z,NEW_ENCOUNTER,,,
batch_001,encounters_athena_clinics.csv,925,ATHENA_CLINICS,120406,9797ff7332fa590ba1522b3409e91b5c513870641ca90bee7b7a5a3ec3e35dcf,c1728653a1dfa5a9b5d605a0997527fd752e0d4d3a339009a6b04133b8b170b9,2023-03-05T21:19:04Z,NEW_ENCOUNTER,,,
batch_001,encounters_athena_clinics.csv,926,ATHENA_CLINICS,139199,fd2a4a8ec43fc2d4a45ad87671232883c47f3bc3e0474fdce1af08302b5b844d,e9d84aae8bf9d58e4ee3c949735984041d0a277fb10ae5f072c7120bfc245e52,2024-06-05T18:46:56Z,NEW_ENCOUNTER,,,
batch_001,encounters_athena_clinics.csv,927,ATHENA_CLINICS,113728,e189336b753aabba3426dc9cd6c35e1d1546613ff7937c2a23b45937a0189d03,73c94d19716deb6b19cae4c66691a8a3b855ddee546490b47c9aff95fe8705e8,2024-09-11T15:59:39Z,NEW_ENCOUNTER,,,
batch_001,encounters_athena_clinics.csv,928,ATHENA_CLINICS,137200,73759d17236e48cf42b41c9f41f9730d4f54fd39697baa7acbe6c53b412c9b9a,020bf73b256c450f7e3e1f0d4f575a6d215f7a209da172b66ff11a14a542edab,2023-09-20T06:31:39Z,NEW_ENCOUNTER,,,
batch_001,encounters_athena_clinics.csv,929,ATHENA_CLINICS,115154,72e08c1241c90e937bc0ffcd61d61636aa8102c0b002b3e198af11eb635e050e,1dda7aa7749adbbeedbee6d032690595bb53f18ed65ea8f926ae919a27bec8dd,2024-03-25T16:01:11Z,NEW_ENCOUNTER,,,
batch_001,encounters_athena_clinics.csv,930,ATHENA_CLINICS,134743,3fb19b145dd5800d0731013ac0bdf50871fd3b96835effc8cfa4a5e117f176e7,a0c3edff22db267283283e65b1ba5de4d2bfaab16fbf131f09eeb653cf311afb,2023-10-11T18:03:12Z,NEW_ENCOUNTER,,,
batch_001,encounters_athena_clinics.csv,931,ATHENA_CLINICS,131552,f49270719f75d23199de24aef00aafdd443d077eabd561e1da026c40763ba3a2,425f22e887ef65bd1a40b9430a07693ad2fca3bea55484db52441b6c04ffe7d5,2024-11-18T15:02:07Z,NEW_ENCOUNTER,,,
batch_001,encounters_athena_clinics.csv,932,ATHENA_CLINICS,101619,0ea58f640bed37901b4651c3eb73147f33527aef1945ba6ed3bd1226961d4bf1,c2fdf485ff83b68620040562c1c95255b81709e2f4df8d7c5ecf876b501c9b9c,2024-02-04T13:31:35Z,NEW_ENCOUNTER,,,
batch_001,encounters_athena_clinics.csv,933,ATHENA_CLINICS,136774,1096bc71d115b02bd29a9cbc7ba965638c751e1b9cc931d82a916aefe445af6e,73a3f6e501a6286caba720b0f3adbe8d5be822e226b347cfb902c2f7c4d760a2,2023-01-24T02:24:31Z,NEW_ENCOUNTER,,,
batch_001,encounters_athena_clinics.csv,934,ATHENA_CLINICS,104296,86645fce09b331891d11e317fa01d7883f98c173c8fa04824eeeb130b60ee0c8,9cfdb82dcc2111c19d83fd9e9ad7c675665a91040c0c2a42d8be5ee644c219a7,2024-03-25T15:28:42Z,NEW_ENCOUNTER,,,
batch_001,encounters_athena_clinics.csv,935,ATHENA_CLINICS,112083,a2831be723144d939f7a408d7c863ddc3aff840e2b4d893f15ffe9b02cfc6668,38eb32be2364e88b60a65d96f433bd6fa7fb68839665789d2afb897be514bad2,2023-01-30T14:49:48Z,NEW_ENCOUNTER,,,
batch_001,encounters_athena_clinics.csv,936,ATHENA_CLINICS,139752,53f03e3a8fe7f470bd90d007bde75cc09133d72864838fb4b0dc673b2029c0fb,c1777c620ee16cb610dc3e0eb880020980476efc195f28d4b360a0545748b071,2023-11-09T16:25:15Z,NEW_ENCOUNTER,,,
batch_001,encounters_athena_clinics.csv,937,ATHENA_CLINICS,114285,25ba85688992e58426807c4e09f8644bd61daa48df38ebe8afd7a95c1eca6843,ac1f10187743881723a54d439f0808041dc7e75fc9e6a7bcc12c75df7df53b8c,2023-03-14T12:11:09Z,NEW_ENCOUNTER,,,
batch_001,encounters_athena_clinics.csv,938,ATHENA_CLINICS,100339,8585ed8882ef4ab1e7f05f966e3e0ce22ae36da4da4dfa7df18934178fa26275,24648de947dbafb744b9542d5e55678799fd3d5a0f04f507af62d7affe944fa7,2023-08-14T19:33:49Z,NEW_ENCOUNTER,,,
batch_001,encounters_athena_clinics.csv,939,ATHENA_CLINICS,104049,2a74368fb100c5e42ce593b243a375097de9afc68e603565d097757e484c9e2e,e2e0a9d25ad03c15d959b9a7df126d4eb2d4b9a60ea6ce875cf60404258e92e8,2023-06-26T00:54:19Z,NEW_ENCOUNTER,,,
batch_001,encounters_athena_clinics.csv,940,ATHENA_CLINICS,114418,2a423aa3a695c41ce43d90fe4a91f0d431404b7dd305800e0ae64ef3cf534d4f,60f1a757735667d912218a6509a4d5c6a6d97132f62b06c06a088dcd468ae5bd,2024-11-09T17:26:15Z,NEW_ENCOUNTER,,,
batch_001,encounters_athena_clinics.csv,941,ATHENA_CLINICS,135417,664601015c821c4175a4bbfb350be3bd90d698ff0c91d8a982ebecc4681e2a63,d6e64672084a199f0236cbf8a1637712cc45af992c9f5e31c0fd31bce90327e4,2023-04-12T18:01:36Z,NEW_ENCOUNTER,,,
batch_001,encounters_athena_clinics.csv,942,ATHENA_CLINICS,102632,a94d405c0a0e31d5626325c145be6a32a5cb8762c3bfd330164f58a748eb9a20,527ef21a886acdaf96ab1aa3df3dcebd89784aaca078073c244b0d448539547d,2024-03-14T08:08:03Z,NEW_ENCOUNTER,,,
batch_001,encounters_athena_clinics.csv,943,ATHENA_CLINICS,134389,26e95a6ffb2e6819787679d6829b53f34d065506e7fd640234b17b4812503bdb,09a38048c06eacd7cb12f82a69c63a0f12eae5b299cd5807f5312f9843b4c223,2023-09-16T14:12:17Z,NEW_ENCOUNTER,,,
batch_001,encounters_athena_clinics.csv,944,ATHENA_CLINICS,128008,fc25609d1c5b0e1d2e618a280904cc1621493cd9946828f557f6f9e039572246,07ae3e872834b28c48e5c939a9bb7bfc64c8cb325bd5d1b267ec689f027f0eea,2024-06-02T06:24:45Z,NEW_ENCOUNTER,,,
batch_001,encounters_athena_clinics.csv,945,ATHENA_CLINICS,123855,6d0183f5c8f5e71ec96b18573cd88048257b0f7858184e39f8ad5d508c3073d8,3dc69b2e7670e59c0cdcda2256c57c057c8e0f1cb426e729e13cf65c0daf3be4,2024-02-10T15:48:20Z,NEW_ENCOUNTER,,,
batch_001,encounters_athena_clinics.csv,946,ATHENA_CLINICS,104271,22359ad61a54f968c5b515bd0710aae65be0215ab02d00ca37b10559ebc6a9fe,7bc0b1fc27c6ad76b8014f3c056a8e55bf0b0ee38169a29f7ea653f31e3695a3,2023-10-26T21:58:50Z,NEW_ENCOUNTER,,,
batch_001,encounters_athena_clinics.csv,947,ATHENA_CLINICS,133266,e912141e4b6f243314f7ace097e01604ac10f37466c81fa6f50e7ce73b3cb5b8,4693e0128299fbc52375ab448291e8779a6e8e96150600becc5887dd63e2eab8,2023-02-20T07:01:56Z,NEW_ENCOUNTER,,,
batch_001,encounters_athena_clinics.csv,948,ATHENA_CLINICS,130575,ad9504830d2572c62347cf03ad74458c9c398675c75cb0a752d533144e99b1f5,7740a906c28f8907f21559ad26ad1b7feeb8d398564305f9706bd2a30ad6316d,2023-05-17T15:52:56Z,NEW_ENCOUNTER,,,
batch_001,encounters_athena_clinics.csv,949,ATHENA_CLINICS,101123,23468f427992e57f5c404f4c0bc6e9136171d82df68eaabf710231472c6c4e86,1b48db1c0be7d05d9188cb87db997a71520f7b99e17ca411604cef35c8409a6a,2024-10-08T12:00:13Z,NEW_ENCOUNTER,,,
batch_001,encounters_athena_clinics.csv,950,ATHENA_CLINICS,121648,6a75d381aa528dc14219e01dd537d984721abcf8c4c9e2326429a5afac862abd,653e48d2314c6390ffa854c7988d11e84024ea1f84e3cce8b06220bb73edaff0,2024-08-22T00:38:24Z,NEW_ENCOUNTER,,,
batch_001,encounters_athena_clinics.csv,951,ATHENA_CLINICS,118320,80cff7d559602366364d64f0f847260acad7ed50bfa875c702c2312b73e81ac8,12794d2759f034cab4a4cb15d4c12070d41ddc9469bc13905d5a13c5200ad6c7,2023-10-28T17:46:30Z,NEW_ENCOUNTER,,,
batch_001,encounters_athena_clinics.csv,952,ATHENA_CLINICS,134224,87a63fb9e2b601de7e9a0574b62850869ea9b51d73caf941ac2cf71b34f41566,b5bf5279f1c6e5db2fd1deae0b6d74c1286609cd1dd1e422aea0f6f8a5234714,2023-11-12T11:05:16Z,NEW_ENCOUNTER,,,
batch_001,encounters_athena_clinics.csv,953,ATHENA_CLINICS,104644,aa7f487e43e2329dd9d2bf254171d508a2aab6dada98e9b9ca9df3ec7d926201,6fb79fbc3294eb1002a8ce9bf953ec336f3790962535fe7a77cb666496392347,2024-11-21T06:48:13Z,NEW_ENCOUNTER,,,
batch_001,encounters_athena_clinics.csv,954,ATHENA_CLINICS,111627,641f66df61842ecff3e0cc82296ce5ca8878c06b40d7f311857bb9d766ea4c93,24e9e04fc09305f53f7f27100595ba66015ee29e50d64356abcea2a938bfaf4e,2024-11-15T13:27:32Z,NEW_ENCOUNTER,,,
batch_001,encounters_athena_clinics.csv,955,ATHENA_CLINICS,121253,3d0ea586d7acc54a776eba11f4213542c51d076f34e879b4409e2aecab605007,dbaab3fec14a7ac3379891912e6fb3eff95dee83ec25ad65a8497663ed5de517,2023-03-30T22:30:24Z,NEW_ENCOUNTER,,,
batch_001,encounters_athena_clinics.csv,956,ATHENA_CLINICS,101545,a94bb619676768cf0f54dd0cebedcd4314c64c920bd8da7e381afa248d10553e,dcce454e3d4e6d73f6a54201534dcfc9273d58b8c622c7f75ab799ec7f27edcb,2024-07-28T22:02:09Z,NEW_ENCOUNTER,,,
batch_001,encounters_athena_clinics.csv,957,ATHENA_CLINICS,130667,e0a09aa7330bfeb550cd0356ae69fd563e028990761bc7336f2fb43623e77f0d,022a885349f0eb366397bd151029a64eb068d2bf8272ad2e5f20ebbecfe33d29,2024-02-27T15:48:30Z,NEW_ENCOUNTER,,,
batch_001,encounters_athena_clinics.csv,958,ATHENA_CLINICS,117137,7b66a073628155155341c53bfc9af8d8caae2153ded2c2c747c3f2fd50934a28,6230710dbbb4c54679135f30b52a6249434f1a60ecbc7030208062cf27466dfd,2024-02-13T19:05:29Z,NEW_ENCOUNTER,,,
batch_001,encounters_athena_clinics.csv,959,ATHENA_CLINICS,124322,c3eec8da57a045a261040d64afecc43992cde4562b99372e06561ccc4b9f390b,499fbb6421a8268b46f5ca48c20b4a74abe1f669affa529581c6d333a9693a66,2023-09-14T21:48:29Z,NEW_ENCOUNTER,,,
batch_001,encounters_athena_clinics.csv,960,ATHENA_CLINICS,130256,c29f76698e7ca1bf08f1a0379d442d2412a62f97ac0a45c278a8124731da37d5,0c930224e424aeccd7908cad79b1fe97df325947522a78f814dff4afa74e3730,2023-07-31T22:43:56Z,NEW_ENCOUNTER,,,
batch_001,encounters_athena_clinics.csv,961,ATHENA_CLINICS,134505,9f5b8493cd154676ae8a16e28ca779201fccee3f6cfa76095f4ed5aaa80e2939,673f5b4222e9167985657c962fcacab3434ce8c6c5c4cd461621ba9d798e7203,2024-02-04T23:45:46Z,NEW_ENCOUNTER,,,
batch_001,encounters_athena_clinics.csv,962,ATHENA_CLINICS,137805,d043ce8477ca342fb35f5305b9133b0cbab63e8e23c875d59bd96f370ad1fc48,1cb24ab758b02248597b841f763ccc292bcad48b1c860ab30dba2962312339d5,2024-03-18T06:04:02Z,NEW_ENCOUNTER,,,
batch_001,encounters_athena_clinics.csv,963,ATHENA_CLINICS,119388,7aefabb7bdf4f19d6a64dd4d85b0c407f74344caa554b59a28869970aa86fc39,29ecbefc9ccb850e652365b480991a89c9539f60f60788bb92425916d0774a6e,2023-07-10T12:01:44Z,NEW_ENCOUNTER,,,
batch_001,encounters_athena_clinics.csv,964,ATHENA_CLINICS,110434,e69c9ca5c4b701f49ad70e07267ac407bf582211a8b215e44394e9b87182b332,68b7017dde0d731b1aa10367180a9e113fd698bf57ad2f27f9ced422f994a29e,2023-10-25T11:04:45Z,NEW_ENCOUNTER,,,
batch_001,encounters_athena_clinics.csv,965,ATHENA_CLINICS,136954,e3b9e62238f5b13b41110aca28db970a9bb49b99efcfe05f53896f434d8f0c60,4acc988fa837736644fec74a85861b56428d539c5150ca9bd552482039adf583,2023-10-17T06:03:18Z,NEW_ENCOUNTER,,,
batch_001,encounters_athena_clinics.csv,966,ATHENA_CLINICS,133480,54313d5a8a4e8687668d909181ce6ecfa0dc5aa674b551fc8cc5e962f16babd5,2857333a2e980b18948390de2d6c7ab31038afd530c276c63e50115705740ed9,2023-06-04T07:44:20Z,NEW_ENCOUNTER,,,
batch_001,encounters_athena_clinics.csv,967,ATHENA_CLINICS,105267,ae88aa0a1372849b9fd7d4054a50358646734673cf53231721e37c77bf739b4d,0ce3713d00ad80d9fe9d82f14723db73bd4a807e516a819819e9eb6751b2572c,2024-05-21T01:24:05Z,NEW_ENCOUNTER,,,
batch_001,encounters_athena_clinics.csv,968,ATHENA_CLINICS,100149,b4210a27e8c2b608cf3119b705388b3ec9c7ef96aa651def92a63f3709940c45,473d2095bcb2b6b0a8f1b82896501be610a3fc26d1bd187bf0812d973a5c3eee,2024-07-23T12:25:53Z,NEW_ENCOUNTER,,,
batch_001,encounters_athena_clinics.csv,969,ATHENA_CLINICS,138919,0b1fba5dc9ea728390e15aae0271eb58699da084fb609139528f796aa7643e03,c4505faaaa40480dc8539eed338c328b527f63b3008f76a3cf1064769fe69e56,2023-09-07T03:02:31Z,NEW_ENCOUNTER,,,
batch_001,encounters_athena_clinics.csv,970,ATHENA_CLINICS,133767,c5b9c1f158e78539c49543b15570aa115d37392f45970634abc2e828540082a6,f8a40ea95299325e2d13d9fc21ced59f62927334e606b7e44cbe21ba95c16062,2023-07-18T04:18:42Z,NEW_ENCOUNTER,,,
batch_001,encounters_athena_clinics.csv,971,ATHENA_CLINICS,123829,ca84f5176561f66a7d03a07679748513fbb49f4ad86dca19b8a11d53f742083e,4a15189bdbc4445ff95734949c60df3c998bea3b8494c80995139cdb9ec344fb,2024-03-31T04:01:48Z,NEW_ENCOUNTER,,,
batch_001,encounters_athena_clinics.csv,972,ATHENA_CLINICS,103055,594df2180b6ab43eadc9670834f43ac7bb2073d11c25cd355e4ae7dac912a2f7,a9b4ab6b063328cfc09ab602b09e4cf50f676670ab4ce9cf2f90c6b944e31e88,2023-09-14T11:02:57Z,NEW_ENCOUNTER,,,
batch_001,encounters_athena_clinics.csv,973,ATHENA_CLINICS,107607,e6bde187f6257c9008ed44259c5eb60050598376bb131ef023cb2758877cdf1b,d5491a6cfe683a58bdf9c7671288fa49f0c5f8f708fc660a4f730cd73e60597e,2024-01-31T01:29:04Z,NEW_ENCOUNTER,,,
batch_001,encounters_athena_clinics.csv,974,ATHENA_CLINICS,118046,7d45a874812385490a8175ac43f97a0236d9922a1a2750fe279ea0c1d4e5d038,fa98e5a95c3885f01a62b9378a24210ba0320befe426de639b4135b313840612,2023-08-05T12:52:48Z,NEW_ENCOUNTER,,,
batch_001,encounters_athena_clinics.csv,975,ATHENA_CLINICS,110578,50f0c409a6f229fe77eee4e8fd78ec9235c7ad0c36f75c35f970e628a88548da,21a7cf855302212f0b9ba7d6a30f02cac8e7e6a0c5ce563b46b890643c76be69,2024-03-13T02:05:52Z,NEW_ENCOUNTER,,,
batch_001,encounters_athena_clinics.csv,976,ATHENA_CLINICS,101218,0df24a688f4db6baa55df835fc973063e9b49832559cac90a382de4f3723e0bb,9b2d3b78f6648ec7d802d5d53eb76ed1462d5d58ae7df44d82c59288a7c2467b,2024-08-05T22:24:37Z,NEW_ENCOUNTER,,,
batch_001,encounters_athena_clinics.csv,977,ATHENA_CLINICS,107516,c064eb348b69c0b8a69080446cf31a51daead39b0ae33a2560fc5b2441e8d57b,346762579cb136a96a1a0693d6df14cbc1da576c74d23f4947feb5e6756ffe5f,2024-11-20T21:56:46Z,NEW_ENCOUNTER,,,
batch_001,encounters_athena_clinics.csv,978,ATHENA_CLINICS,130250,5e901098f2806023f7c2d5f07f0ec3731506d49c778de2646d24104073d72b56,4ea8e87eedddbedb522dabc954300b743aaee0f29f10027565c57f6411bcb488,2024-02-28T09:53:12Z,NEW_ENCOUNTER,,,
batch_001,encounters_athena_clinics.csv,979,ATHENA_CLINICS,124335,ed8cd169e2354b41d2dabdb92d88cdac28fd41278353fa6272853859bb7b5b57,d497d3710ab61a1a3c0c53005d1270fae7562841f41d4040ad27b168286d759b,2024-08-25T21:22:15Z,NEW_ENCOUNTER,,,
batch_001,encounters_athena_clinics.csv,980,ATHENA_CLINICS,111517,2a31b0fd1387df6c2e4bece44190423878fb2877f7fd6909927b1c3cf4467d7b,8548e0059b8bfc25bb1adb010a3cface2eb1b902bfc803aec3efe353b79b29b4,2024-04-10T16:46:06Z,NEW_ENCOUNTER,,,
batch_001,encounters_athena_clinics.csv,981,ATHENA_CLINICS,122888,c997e52397ca10e78e05abf59729cf4248a543fb59bf41d6d4933393fcc4e535,b7abd4a669ebd6016cbc0ca30223a977fb60a20e0eb6b73241d74c2ee505ef6f,2023-12-18T14:12:45Z,NEW_ENCOUNTER,,,
batch_001,encounters_athena_clinics.csv,982,ATHENA_CLINICS,103002,7e9ecc2559b79acd8bf2e318155e13c9001a5ee709dc7189104179a2b76ceb17,dd7cd9d34d525c2d74d374ec566c84a2fb1b103fb9f39958ce76caade9d49a50,2024-09-22T12:42:42Z,NEW_ENCOUNTER,,,
batch_001,encounters_athena_clinics.csv,983,ATHENA_CLINICS,139920,89b8c1aeb76b49277d4a19aaeeedd3934e400b8283d5d5e07f71ad96637d183e,808c6a482a01c5d21ccad63acacaa126f420f5b769611ba3ad5e51f655520f3f,2023-02-11T02:30:07Z,NEW_ENCOUNTER,,,
batch_001,encounters_athena_clinics.csv,984,ATHENA_CLINICS,128571,f2ad0ca112e0f1ab4132402d11a7cc1486962cb1f917dd22c0441924eb145197,aed12ff8d25d345022239704e71d3ffba3e312a77087aec8696d86b2f983c504,2023-02-19T11:21:57Z,NEW_ENCOUNTER,,,
batch_001,encounters_athena_clinics.csv,985,ATHENA_CLINICS,138817,1d3bc25013847bf530d90c0c23db49ab832c65e81a95a885713e2c3c34ab8cc0,0e325c5c90a5e180ff9e70163e28d4d7f0c466e5f3a520f7db7408bde47e3088,2023-07-12T04:30:52Z,NEW_ENCOUNTER,,,
batch_001,encounters_athena_clinics.csv,986,ATHENA_CLINICS,125973,2d4d02f566e643f39195dc3b5efc3c4bb6b14881fda5757770a5bdec9b73569c,f1940b48f2d019d2245ee45333980988434f84f942dc5eda2a8276a45b3edec5,2024-04-25T14:50:20Z,NEW_ENCOUNTER,,,
batch_001,encounters_athena_clinics.csv,987,ATHENA_CLINICS,123810,5674b14bc07e161f3b2ad70994d5e9abb250efc9ebd9fb6c5af49dbc3660daf7,a5ae05b933a653f9cafbfce40801bb7c4cf72a18e896d637c115b92b35485575,2023-06-14T17:23:01Z,NEW_ENCOUNTER,,,
batch_001,encounters_athena_clinics.csv,988,ATHENA_CLINICS,132754,dd12423ae442dd6403e6e168b36e8070ce0d5ecaaa6e0cabbe7f29ea38e7adb7,9bd4c7b58543b8d5a491336b85df2f4e22084ce0b93c4edf7b5effa12363a562,2023-06-15T01:59:45Z,NEW_ENCOUNTER,,,
batch_001,encounters_athena_clinics.csv,989,ATHENA_CLINICS,131369,de7c2cf29771bfee2c6d692546b94f6dea462f41ea2c8c7c18f99c6efb303b98,2edda5106b857bc49f680439c575cbdbe0543ad2db3807d45f0c653d62c64366,2023-08-23T00:31:16Z,NEW_ENCOUNTER,,,
batch_001,encounters_athena_clinics.csv,990,ATHENA_CLINICS,111442,23f110cd66e66eaf469852c469388ec6cbfa9ad8bccf3d0d8f10f4d2b859477e,fde32b3022a22ecb7b765dc1c3af76e4ad86bc4c754059a7a98443bbbfa11c9f,2024-09-26T20:24:33Z,NEW_ENCOUNTER,,,
batch_001,encounters_athena_clinics.csv,991,ATHENA_CLINICS,112180,c27246954ced1cc102992c32e5c61d0c80766c1bdabdf01ba1318342d9ff52f1,af3e06dd4eff117bdea14c93d9cd77f40519da159913e8544508f2e3ccbe9e4f,2023-10-29T09:16:52Z,NEW_ENCOUNTER,,,
batch_001,encounters_athena_clinics.csv,992,ATHENA_CLINICS,104166,faf23f394b71e86d7d04e51bfa23d26725a4f7e969d87bfe19b7681ff72aeb67,c09dd7ca1dd7a8882d05629e29262c8bdbf862550383b335d0f5502bdf636777,2023-10-05T15:36:02Z,NEW_ENCOUNTER,,,
batch_001,encounters_athena_clinics.csv,993,ATHENA_CLINICS,120119,0d530e16cbc352aebb573beed2c07ef4b7540fcab47bfbfa386e8716aff2689c,041ef16cfed0125b8c0139203a3672346497c8735b1c8d3ae591d9ccd11709b2,2023-03-17T03:07:10Z,NEW_ENCOUNTER,,,
batch_001,encounters_athena_clinics.csv,994,ATHENA_CLINICS,128830,c3d6211d6506c114c50cdab0fd96f80550059672935282b0680398c269a72146,fc7c0d40cc6ee5bcb3cc48778f79fba805e4745aaab7c3c494078c53c9ee151c,2024-09-25T23:10:55Z,NEW_ENCOUNTER,,,
batch_001,encounters_athena_clinics.csv,995,ATHENA_CLINICS,100191,bad3c1d23c2e9cf8047efa44d13bb6603c62781ad8701e00e0c68bbc306d0c15,cc80205b394eee17366ee4c4e9bee1875bbc81c5967c85d62ec948f28c5a9c2d,2023-03-19T01:20:13Z,NEW_ENCOUNTER,,,
batch_001,encounters_athena_clinics.csv,996,ATHENA_CLINICS,127871,b0e94baccbb76b14101d2a20b251a24717018a20792f171cb7b60b7ddff16aca,e71bb8dcfdb132d9051ccf9cebb388727e767484fd2b853e9b3f612d5d632728,2024-07-30T21:00:37Z,NEW_ENCOUNTER,,,
batch_001,encounters_athena_clinics.csv,997,ATHENA_CLINICS,111249,53d120d585fdaa51b0ab31ccf76e7ed3f1a7fe76f28d19f2082e3c381499b355,bca40485fafeae6e8eac976364138c2b2a46872ba29b1c8f297dcb5b6f94cd87,2023-10-03T09:39:10Z,NEW_ENCOUNTER,,,
batch_001,encounters_athena_clinics.csv,998,ATHENA_CLINICS,135491,45c9615e03ddb63b59f3e82eb590ceaf03ea54cc6151df01a3a08be7062a1b5b,d8a312d930d67f3e790fe5d3b22d42d1138e6dca39c640f5ec6ab95a83e32345,2024-02-06T07:18:16Z,NEW_ENCOUNTER,,,
batch_001,encounters_athena_clinics.csv,999,ATHENA_CLINICS,101223,8945ffa0ffa3539d28f476d1aff5ab980e7e577149cbfceb433f90c75c180723,73066b8b49814fb04cb6855ec949cff741cf1716d80219b6e3d318e5d6b14173,2024-01-10T02:00:09Z,NEW_ENCOUNTER,,,
batch_001,encounters_athena_clinics.csv,1000,ATHENA_CLINICS,102697,ccec2275b9e3e613d89186b380a3b3238d88e88677969579e4f6426fb1fab99d,1f3e50b81748daf2a80140d305bcde94880d224b4b9642cd55b78a56b18baca1,2024-05-13T15:56:28Z,NEW_ENCOUNTER,,,
batch_001,encounters_athena_clinics.csv,1001,ATHENA_CLINICS,125008,69e21ac37a56ae91b4275f9c727e51939d29cdfd4bd0c3872a558eb340b341fd,7c4854edc8d8bf204785bfe7a5493e1f0a6067f70fc6dc32e786e643b72f93c2,2024-05-07T00:35:34Z,NEW_ENCOUNTER,,,
batch_001,encounters_athena_clinics.csv,1002,ATHENA_CLINICS,132378,5a5fed4dc26ede58ad67616d28edc6f6104af892e896c6580a981fffcac0289b,4ab345b922bb2c8067c1c1838a90d3f387ffafc6d8d81f7c8b95ee56558e51e8,2024-03-09T11:09:34Z,NEW_ENCOUNTER,,,
batch_001,encounters_athena_clinics.csv,1003,ATHENA_CLINICS,122764,a4d6275803f48b5ec544445f4e0409a1d05677ff2e5a015127a16852117d1536,ee270f10818f54f08018f4cc126fc5cb31b0fe2a5e3a40ac154f553fec78696b,2024-05-04T19:23:03Z,NEW_ENCOUNTER,,,
batch_001,encounters_athena_clinics.csv,1004,ATHENA_CLINICS,107688,1d2fa259f1acb4ccc632bd544276a7013d092b299b2dc6fe96c5fff9aec921db,7006dda524f60c280bf6bd98537909fb0150eaba788fea483f9bcbe9f10c3356,2024-04-21T15:33:32Z,NEW_ENCOUNTER,,,
batch_001,encounters_athena_clinics.csv,1005,ATHENA_CLINICS,112302,ef509d62e613336c26bafa639af24364e527da1d42b7b397b723f46778718a52,cf3a6c8681f67c1fa18c1f7db121e8a9397fea7302c28a981bf782d28dd8bef7,2023-03-25T16:50:47Z,NEW_ENCOUNTER,,,
batch_001,encounters_athena_clinics.csv,1006,ATHENA_CLINICS,121840,ddd83848beb6d8b93a83ebeb82e72252dae8ce342727030cc1fdfd69ab7f521a,ca80efcd1fd540ad98f516f995b3e99be87eaf931b26a35bdbacaddbe7f99ebc,2024-06-01T08:04:35Z,NEW_ENCOUNTER,,,
batch_001,encounters_athena_clinics.csv,1007,ATHENA_CLINICS,106119,4f78cbf29b89148852bdc92faf67f037c20a9a84430aee4adffc997d87a2b0f3,15533d52ef061bcaae8a8ba03546aab8106f840782b6cbd5e4f91fad8a8a5da7,2024-10-14T18:32:29Z,NEW_ENCOUNTER,,,
batch_001,encounters_athena_clinics.csv,1008,ATHENA_CLINICS,119272,6d466720afbd1381c81467c8e43f5cbe644803e269363d9fa8df7a31cc77f8a0,ed9b01dd421a36f334a48f5f03c34b53b3ff01deed69be0784f32ccdece983f8,2023-12-04T02:51:08Z,NEW_ENCOUNTER,,,
batch_001,encounters_athena_clinics.csv,1009,ATHENA_CLINICS,134034,9365f599ea93e65b4ed6e08bd62ff832496655075ea723bb63642e418e2fdcf2,545c3799b185b4d39b21f693f05817b888aa1b1053aa6d162a9400464a2a8ac3,2023-04-29T06:04:00Z,NEW_ENCOUNTER,,,
batch_001,encounters_athena_clinics.csv,1010,ATHENA_CLINICS,102057,202500326cddd9ad57b10b345cb56a5ce879a64bcb82579e754165939e6543f1,6639c3be147f1a640faea006f0449dce192b48b42a65da6d38a29c94ed49fbfa,2023-05-21T09:42:59Z,NEW_ENCOUNTER,,,
batch_001,encounters_athena_clinics.csv,1011,ATHENA_CLINICS,123434,4382815a2554f4962391d9be5ea6bc005eb5fd5caf03a2efda62b2d0de1f8ed7,6dfd9a55c90edae1a72994a7c91f0ca914082931d5253966d1d02a7cbe75d6aa,2024-12-10T22:41:17Z,NEW_ENCOUNTER,,,
batch_001,encounters_athena_clinics.csv,1012,ATHENA_CLINICS,103783,85e92ab6ed7fd79043462fc2a07773b287ac8001764d33aa83156b49cb361a41,dd9f03cffd23edf4363d61cbefa7d1cfd2c75e5f94b28f86ec568c956717da47,2023-05-14T02:44:01Z,NEW_ENCOUNTER,,,
batch_001,encounters_athena_clinics.csv,1013,ATHENA_CLINICS,111748,1f8b4898fa72d911d4bbc01b6237278da50484a08797d417398f680d1830c015,1fbcee5a066fec5c660d309b16506b3fecfb7432cde5783e8bcae38378bd1461,2023-06-02T16:53:48Z,NEW_ENCOUNTER,,,
batch_001,encounters_athena_clinics.csv,1014,ATHENA_CLINICS,125622,2f6c76b1333549f5e2c8d23e6922744c04350fc7624996c038541c2f9c5a9836,391a64551ea19adc047a6a0466af0722e58b843ae6ec71081fc307b14675be4e,2023-02-14T23:07:11Z,NEW_ENCOUNTER,,,
batch_001,encounters_athena_clinics.csv,1015,ATHENA_CLINICS,102866,7010ffbacb6eb8aed0048183106246c18a6ae8926757c7b9b5226d2ae8661ab4,29f699a536aa7e853ed762cc1c86ce4b88b8ab4eae684bf85c084395f92a64e5,2023-10-21T04:17:16Z,NEW_ENCOUNTER,,,
batch_001,encounters_athena_clinics.csv,1016,ATHENA_CLINICS,134281,3c7ba3a045f144032ed89c2a35d7f7bd6a72de9e46ca6b4dd4d50543addf2697,781466fc70e0c707e9fc26e9f4ede161441ca85b1d49e7ff1ee4d5f2f859fd5e,2024-01-30T21:46:10Z,NEW_ENCOUNTER,,,
batch_001,encounters_athena_clinics.csv,1017,ATHENA_CLINICS,107695,39f18e05718ad16a9355248f0603cb5e74d44d5bf037c23565504b07b8e0994f,6079f930eff666cc8fd1ffa7a08f4ab5ad1120aa4646c82b2d1366ffe225a8ca,2024-01-07T08:49:08Z,NEW_ENCOUNTER,,,
batch_001,encounters_athena_clinics.csv,1018,ATHENA_CLINICS,130634,7910f7605f1c412e78224b023e0c2a8cfed2f5b7b99fec0fcccfe028534ad6fc,456f4c3292eeed9b55082df7477dd2e1d9d890e6d1a05b46a1dab8697f6c6844,2023-08-26T09:37:52Z,NEW_ENCOUNTER,,,
batch_001,encounters_athena_clinics.csv,1019,ATHENA_CLINICS,135441,b0d3bea9241f071e806416de124fad25b7aa8c08a86a8782bbde9a7b270ac90e,4ddcc1291bfc982d48369c740e1b43136efdac4083041f61a0e7b687b42e293c,2024-04-02T03:39:02Z,NEW_ENCOUNTER,,,
batch_001,encounters_athena_clinics.csv,1020,ATHENA_CLINICS,135787,f681c4cf8e88d0b5e1534788861f6cb9f3740357789d54a1721ad8473e8e45f3,5ba8f8ce2ff9398da39932c7e082a4eaef79fe7cc85435421fd7429a26986f56,2024-06-19T07:45:40Z,NEW_ENCOUNTER,,,
batch_001,encounters_athena_clinics.csv,1021,ATHENA_CLINICS,102273,889973017a77b950e0d4691f594caa709311d13eed2190d1af0ac6b7f7a8d7fd,dab6b3512a77a8e358335a41393a821c97f3bdf067e564622ffe0a426cb0ffc0,2023-02-07T04:51:42Z,NEW_ENCOUNTER,,,
batch_001,encounters_athena_clinics.csv,1022,ATHENA_CLINICS,108098,dc21dd90b40ce9ac9587a368a8de1f3956651e9bd1fbe8cb03b0b0dc52d4c948,cfd295e1359b00dfa1ffa6674d5293ddbc88840409e3fae54d0eb5aec6b34655,2023-09-12T21:45:34Z,NEW_ENCOUNTER,,,
batch_001,encounters_athena_clinics.csv,1023,ATHENA_CLINICS,106060,8e743345aa5581d1bb0ff6e442b7442157690c4a7a38a038e0bf308430abe905,a4f4b06b916838e02c49f4c09f396737f224e9de730a14abfefc4377bb7f86e4,2024-04-07T20:25:49Z,NEW_ENCOUNTER,,,
batch_001,encounters_athena_clinics.csv,1024,ATHENA_CLINICS,114666,323efd9df04604bc0d3585af62507ebaf32105efa3d6a8d8b73401a8cdd264cd,473b86760cdc5a71156e72580b6cd4d0f4de2f5aecf22d48921a7890a282f631,2024-07-27T16:23:04Z,NEW_ENCOUNTER,,,
batch_001,encounters_athena_clinics.csv,1025,ATHENA_CLINICS,129997,1728f6652fc84c0c4b0e4add729326dc0d0fac8ed49e7e44bdc6c42d639547f3,03012801ab412948fa761f6e2d3f8686c08f3816dbfd56d0e0fc1df790a67e8a,2024-05-01T22:21:08Z,NEW_ENCOUNTER,,,
batch_001,encounters_athena_clinics.csv,1026,ATHENA_CLINICS,108455,edc7f64d1c014c565cecd22feafb8139ec0a90b534610166ac287fb5c66c56d6,f205ac35ace37d933d97f5d89175cea177778300f45a8a509014af719714b08f,2023-01-27T05:12:24Z,NEW_ENCOUNTER,,,
batch_001,encounters_athena_clinics.csv,1027,ATHENA_CLINICS,111824,4127af2b0764a4e0c3c7fd31c1415d268eb992ecac9be7effd40b95cc6359f51,917b82a55224da978e8f69a78619df37811468bcd92be91c4e1d07cfd00120b2,2024-10-21T18:29:53Z,NEW_ENCOUNTER,,,
batch_001,encounters_athena_clinics.csv,1028,ATHENA_CLINICS,111039,9df3ad76a59b12f4480df2f1c7c46b50479d7dbc8306d8654e124b72c35879ea,141754c6f6160f9ccd211703f03dbe6b495dee092db946a8b14cb5b28ea1be0b,2024-05-30T15:56:27Z,NEW_ENCOUNTER,,,
batch_001,encounters_athena_clinics.csv,1029,ATHENA_CLINICS,105968,081d599a983e0c7608efa2733ff5236e256a1da4b5a395471f69f48ccb1b4c70,a328c60e48dfdf43d89c4943ba30c0788aa6a58c6c29540831a34a3011b20a12,2024-06-14T21:25:43Z,NEW_ENCOUNTER,,,
batch_001,encounters_athena_clinics.csv,1030,ATHENA_CLINICS,100939,9e112389052daa962576543147d5f9f5bbaf2c5605139288b67d04d56884cd3f,bdd43a3c9e95fe1464ed02b42bbb43bdef40a7e54c19f5f7dcc528be76179013,2023-01-31T10:04:17Z,NEW_ENCOUNTER,,,
batch_001,encounters_athena_clinics.csv,1031,ATHENA_CLINICS,103427,3d725322d3efd9b2b961a50ea5946d0567864214f55813374885c1f2ed456285,2534a396ed5147b8816b087c54699faecb9ede5a7ad18534b8561af74a7017ee,2023-11-07T01:15:14Z,NEW_ENCOUNTER,,,
batch_001,encounters_athena_clinics.csv,1032,ATHENA_CLINICS,100969,765d972536846d88757670b8cfbcacc081561b3847c57de72122e253c2bdba23,69b40aebda3f8b16f4dc3f144e34af0498bf530ef0117495a4bd2b8175818ca4,2024-06-14T18:11:16Z,NEW_ENCOUNTER,,,
batch_001,encounters_athena_clinics.csv,1033,ATHENA_CLINICS,100603,ef43fd76f88df273acc784079978daf27e6b0d28a587cd3a36f412f626ed1941,a8fd10967b42513666d9ef44ceaa1290e2ea0b5e1985bf0361a07cd674c73b84,2023-01-12T06:15:16Z,NEW_ENCOUNTER,,,
batch_001,encounters_athena_clinics.csv,1034,ATHENA_CLINICS,120603,e1dc9c5b55bf5a73473dc51a52cf8cbc49695c5ef24f5043423c3a1bbdd17fb8,f8648638ac0d487e7724e0400f14466dca6611fe70d0f551f6afce45a13906bc,2024-07-03T09:50:46Z,NEW_ENCOUNTER,,,
batch_001,encounters_athena_clinics.csv,1035,ATHENA_CLINICS,110399,90b6e52b2189986c9b2fedb3281bb2bf0cb92e24a7f5104507daa1146fa161e7,9871f9929ebf45929142e7c76fcc0e4ea3f53460cbb15db01aa985f08365cbdd,2024-03-10T09:26:14Z,NEW_ENCOUNTER,,,
batch_001,encounters_athena_clinics.csv,1036,ATHENA_CLINICS,127643,d3a2e7075fc6215e6835d5dcd3cffc6fb91dae6c7a20b52f25ad094c32d957c4,903ff9f973caf4efdcaebf46f3e14299a92a5acec5f81861d8fa242ebce26f7a,2024-09-30T06:20:21Z,NEW_ENCOUNTER,,,
batch_001,encounters_athena_clinics.csv,1037,ATHENA_CLINICS,106031,d41c3911b7e2f9e46bd9224ba3b918afce35243fd7d2a7ec2afd0ec098a84dbb,a7ec969f2bb7f45999b3200cb7087bd485993e35b8f797d5ad0566f232a7b253,2024-09-16T16:08:11Z,NEW_ENCOUNTER,,,
batch_001,encounters_athena_clinics.csv,1038,ATHENA_CLINICS,128141,d63af30a544bb60bfe7117aa57f9b889d6dfde60b3518a0857b1ef3125de451f,2d7f35748469623edfbaf9240c7f086f3221ffadee45e5f1a5a94a5695312846,2023-10-31T07:38:30Z,NEW_ENCOUNTER,,,
batch_001,encounters_athena_clinics.csv,1039,ATHENA_CLINICS,110617,e425ee2264a0d646da30dd29405a98b0995d4076eb56c97245fa0c82e3c8a0f6,06d43ffb7d4856b565c05d8ca0770f104c39203b6b4e3edcb6e22d557fe3c5df,2023-10-20T10:42:56Z,NEW_ENCOUNTER,,,
batch_001,encounters_athena_clinics.csv,1040,ATHENA_CLINICS,110172,065193fa5933a56bcbcc6390d6f9b80fec10d7092ed0ca5aa6f4f0164594c0d6,93dc1d8e3f4250b467a126a0d2b698f110ae857b9ff468d2e0b5d49ae137bc5d,2023-10-03T13:26:36Z,NEW_ENCOUNTER,,,
batch_001,encounters_athena_clinics.csv,1041,ATHENA_CLINICS,125492,51b1d39a666aff4902c389d954653f412501ff9e835b303cfeb1b295d29c89c3,33019e4966fe9cef80e3b054592f5bc041e9516a038fc3974259828b11401427,2024-08-18T07:47:06Z,NEW_ENCOUNTER,,,
batch_001,encounters_athena_clinics.csv,1042,ATHENA_CLINICS,119681,6f68438435af68990ae25dc83c701f0e380b06f5bbe8690bd70adac4278a58f6,c451cf542f5390970a86719781c0add1a5e387c568125ad23d98084ab84ae1cc,2024-02-18T20:56:22Z,NEW_ENCOUNTER,,,
batch_001,encounters_athena_clinics.csv,1043,ATHENA_CLINICS,135481,9af072122287efdae9f643ad65dde8ad3dea025b9a5ec4cba8bc6d80cd042d8e,21f2cbe5830fa2bcdd96000eb7ae0bace7cc8562a96896f503d6baaa2d0fdb06,2023-05-17T18:54:54Z,NEW_ENCOUNTER,,,
batch_001,encounters_athena_clinics.csv,1044,ATHENA_CLINICS,108801,ff255d8e5c1cf2e2d72f67b807009f554d49269e440ddc30d4547ac007608b6b,633aaed6304e72879c1457b8a246d07f6ae5cd6242562f0ae7a2f543d0736d13,2023-10-07T10:53:31Z,NEW_ENCOUNTER,,,
batch_001,encounters_athena_clinics.csv,1045,ATHENA_CLINICS,130873,276abca59189882df43408ea83fee9d617b066cf27b2dfc8d61c5af94b9c779f,e83c29fa7ad20b2120d3fb15b5956799afbce3d9c822dd28b6de132ca3f6a263,2024-09-10T17:35:25Z,NEW_ENCOUNTER,,,
batch_001,encounters_athena_clinics.csv,1046,ATHENA_CLINICS,125916,e405dc037fb980ee8a1934b7c7d8f0a78d61ace86e23f8b7f346d002004a1083,120164b2f22675e7f4893b85664c7f709f6bc3b6df0ab7b805db84d82cd869eb,2023-02-10T12:04:59Z,NEW_ENCOUNTER,,,
batch_001,encounters_athena_clinics.csv,1047,ATHENA_CLINICS,138194,f005a41b17c80d6c208f549fb299fac6be951227942fddfc59fa16bda88d0daf,affed801872d893094e208231ea1c69a37d574bdd275645aac65b897026c0839,2023-08-03T21:36:57Z,NEW_ENCOUNTER,,,
batch_001,encounters_athena_clinics.csv,1048,ATHENA_CLINICS,105801,efe733dc2c42bfc3679a4fa351123d951064b8f19802a5f1ff0e7657f79d063c,a3a0b91017003cf75f48da74b4ff6f0be435e4330355e9a948707f7e938dd3b2,2024-03-29T09:05:35Z,NEW_ENCOUNTER,,,
batch_001,encounters_athena_clinics.csv,1049,ATHENA_CLINICS,119810,e96c3fae23a355d075d044312fb70a2016371229f30040805f39c0830878b330,64db0935a5e7379016c56d27724a2a7f8cfe88a8d382bfafb3919f6ab02ba147,2023-01-23T02:39:48Z,NEW_ENCOUNTER,,,
batch_001,encounters_athena_clinics.csv,1050,ATHENA_CLINICS,133693,5a669af6f92c3ee59963a345146ea78638899356c253345314e04f88fcfbfc2a,e66a0dfa2c2e8c1a198823d0e64e1672f417fa36cc1c2a61bd640598caf660d8,2023-12-26T08:36:26Z,NEW_ENCOUNTER,,,
batch_001,encounters_athena_clinics.csv,1051,ATHENA_CLINICS,129036,93d99fba94b9cdcaabf0adde1a5722f6de96a0d846014ef50517b04d5fb7be55,fe1363230391801d98451deb2d7acd6e42923d70dcd3568ff1f984e7d44dd952,2024-08-25T04:19:18Z,NEW_ENCOUNTER,,,
batch_001,encounters_athena_clinics.csv,1052,ATHENA_CLINICS,120062,208661dd0d9f7c27d17b45db6fc20111b2e0c769f737e41c0fa5e1a9b94e40d7,b6ef2e04f7537e8d78bd56ff1b74a0b7e7cbc92eca1df2eb37dd4097372f7e17,2024-02-18T18:50:01Z,NEW_ENCOUNTER,,,
batch_001,encounters_athena_clinics.csv,1053,ATHENA_CLINICS,128060,0f1c947e89b2a5c4ab09f9570ff17bfa4b90da67e65dffe20a4c024141136526,e6d2113b5398921f865cf94407fe2618ddc3925ef6e47d83373f980f9aa72c36,2023-01-19T17:30:14Z,NEW_ENCOUNTER,,,
batch_001,encounters_athena_clinics.csv,1054,ATHENA_CLINICS,104637,332f66ae7da1fdaeea854b45609441da91ae9219d25af6ad82a92f9ed1d7ed02,714fb74b1144c15a07bd781949bfc2782811a65fcb5b7e09da46ac3d295aac3a,2023-09-05T05:26:42Z,NEW_ENCOUNTER,,,
batch_001,encounters_athena_clinics.csv,1055,ATHENA_CLINICS,131274,1f6c58008bbf18829451df1391b76df382782c0bcd2aca8d3f75edb091d0dad1,7599eb508d9872758e386848c4113d1e37dedfcd24353d8ad849cf0979b3bf25,2023-04-21T00:22:59Z,NEW_ENCOUNTER,,,
batch_001,encounters_athena_clinics.csv,1056,ATHENA_CLINICS,103108,14077fef6bcbe85cfa4be5d6213219bace7d0ca87541ea01e88c52b0c14a5793,4455c6a1e4c7dfe1577df88d5baf0ce8d1995be2aeabd6adb460e252d0e5027e,2023-12-11T16:19:55Z,NEW_ENCOUNTER,,,
batch_001,encounters_athena_clinics.csv,1057,ATHENA_CLINICS,103928,6dc3ac616083194d2b5d0b8d7b63403d98e83c0a7123e321e19066b066fcc1bd,34c86300f59bd8b2be03044b9337a5d73bdb0231a18197a4a365ecd5bc750d5c,2024-08-18T15:29:03Z,NEW_ENCOUNTER,,,
batch_001,encounters_athena_clinics.csv,1058,ATHENA_CLINICS,132475,9a7c66d4557bb9d4b0896c489bc479a4e2d486acf9694fa2b5416a0aee772c14,7ec85fa4b14857cb1ed3ce1270f1f5352ef1b7e864f986b27b11fa851d4a3642,2023-08-08T22:32:38Z,NEW_ENCOUNTER,,,
batch_001,encounters_athena_clinics.csv,1059,ATHENA_CLINICS,139999,7f080794ebd1a8362ef32ff5bcbb575bb9bed7123016748502159ce3917f5f79,2c2eb1800fc1b9826e18eb68075fc5311622db394471813476cd4fe2a02c72bf,2023-08-20T23:56:04Z,NEW_ENCOUNTER,,,
batch_001,encounters_athena_clinics.csv,1060,ATHENA_CLINICS,131274,1f6c58008bbf18829451df1391b76df382782c0bcd2aca8d3f75edb091d0dad1,7599eb508d9872758e386848c4113d1e37dedfcd24353d8ad849cf0979b3bf25,2023-04-21T00:22:59Z,DUPLICATE,DUPLICATE_IN_BATCH,EXACT,
batch_001,encounters_athena_clinics.csv,1061,ATHENA_CLINICS,126551,124d1ff7f3ed0247faf10f1b2913e8929af2232d733d2f7ee01078ae043685c1,f1d5eb82cb09f7b7666f8ac3e147a8436169516e48ee6bef163f226d8d51764b,2023-10-06T06:52:35Z,NEW_ENCOUNTER,,,
batch_001,encounters_athena_clinics.csv,1062,ATHENA_CLINICS,129930,b5ad2756a364e8b86073404b006235cd158ff23ef67954eb3a686fea862930a5,687e830a6b2b7aacacd9c693dccfa6ff667771ac819a49e6de8a0a8bc337cfe0,2024-09-14T07:31:17Z,NEW_ENCOUNTER,,,
batch_001,encounters_athena_clinics.csv,1063,ATHENA_CLINICS,116591,29cf0e4a5c43e36099571a2d457c6b0569abbd163f8584755064a64de717b828,72e4d89f9720f1b3c95e261df2966ad079219f902f17e22231fa459dfe1f71db,2024-05-16T14:13:18Z,NEW_ENCOUNTER,,,
batch_001,encounters_athena_clinics.csv,1064,ATHENA_CLINICS,111969,8c1bb795f3d78786c0bc828ba7f6ee5a203140ee984c238b9a4bb78d8435fd0c,c6682b0e06cbebfb5cbd5cb85b80167fb88e3e38f226b342f6663189df77ac7c,2024-04-19T13:27:33Z,NEW_ENCOUNTER,,,
batch_001,encounters_athena_clinics.csv,1065,ATHENA_CLINICS,124324,ac94435f6c58c4db306deebaf151465e573426f973f162301c9f18b205ddff66,597cbd43555463099bbe8b02eb4134d9cd0803bb220df34b685eb766fe4f4f26,2024-01-12T19:02:53Z,NEW_ENCOUNTER,,,
batch_001,encounters_athena_clinics.csv,1066,ATHENA_CLINICS,114517,b9bc6b4869b81b6eb2262f3c9c19ed4b3f4667febc4a1a01823c17c18e2e483d,88a3e452472227e72daa6e08b04ea3688f9da151d0753eb600f414c84990c40d,2023-02-25T03:58:16Z,NEW_ENCOUNTER,,,
batch_001,encounters_athena_clinics.csv,1067,ATHENA_CLINICS,107706,19326b11d1fae833c7b1976915f2d213a253df355dafa88056344d79f47e331c,31ac8483d41ae29abdabfdd08f3544888b94e0a7438ee2aca5ad38e615655853,2023-11-15T02:13:53Z,NEW_ENCOUNTER,,,
batch_001,encounters_athena_clinics.csv,1068,ATHENA_CLINICS,119454,ecd3f54c3c6e6ab3d6cb7a60d0fbd34155b2155088cba251242c7fb8399fc4ae,da3e0f661731d9081ef28aee31636268d320975b3a00b333271b2e013e4c8a0c,2024-05-05T17:48:05Z,NEW_ENCOUNTER,,,
batch_001,encounters_athena_clinics.csv,1069,ATHENA_CLINICS,112421,fa63ab1b56d8fe198f6dde0c20bfc01e2b5fbdd8a0c47907c21909faa3626ad3,7882621c31aecb57e455eed8e9b5a186a80dfbd0cb075fe7e47b57612c4164ad,2024-09-03T16:09:31Z,NEW_ENCOUNTER,,,
batch_001,encounters_athena_clinics.csv,1070,ATHENA_CLINICS,103333,ccbc7aeb78e64ce8b6c859859b921344626d5e3bfa25b11228250160d650d269,bb486407eea19a916572b63ce5a9a09116678443ea4ff4a882359d021529178e,2024-08-16T19:56:04Z,NEW_ENCOUNTER,,,
batch_001,encounters_athena_clinics.csv,1071,ATHENA_CLINICS,105609,ceb7630046f16bc4e7c770308927ca85e255896fcf9c975da8ace311219c4bae,f448fdc4ea29cbafbe78cf35aa1cdc1a12c30a230c17e4cc8944fc36b5fd3310,2023-06-16T07:28:11Z,NEW_ENCOUNTER,,,
batch_001,encounters_athena_clinics.csv,1072,ATHENA_CLINICS,105444,bff31cbee2a3a5f6e2471c4e1703ac836e1340845b978aa535d2aae0b6c965aa,0beaff822146f329032b40d01cddb664c65023ff7ac2f0365cf9016d5a9bbace,2023-10-01T19:33:08Z,NEW_ENCOUNTER,,,
batch_001,encounters_athena_clinics.csv,1073,ATHENA_CLINICS,125781,8078eea6b7b216e7666d07f1168bb834a33c56747493c2afacb681b9f5fdca04,b4375cfc9b99995485597715c22e56b7252ebfe628ccd8139ae21de4290b4dde,2024-01-15T16:14:49Z,NEW_ENCOUNTER,,,
batch_001,encounters_athena_clinics.csv,1074,ATHENA_CLINICS,137588,e6d03915a02ef8f53038c8094f5beeb24a5357c179828371ca193319d5ef2db9,2a780d83c10b2c37d739ab30fd379ed18d2f6b47de4512d81772b71ee33029ac,2024-03-09T06:25:12Z,NEW_ENCOUNTER,,,
batch_001,encounters_athena_clinics.csv,1075,ATHENA_CLINICS,137264,cfce2de40fae9978b8862767e10c5aff7afe64b198025f25e23e6232471df830,eb3d43a6a8a0d582adec382a0b0ab303fcd8463390c3f9c25f53d81e50190923,2023-02-01T05:53:02Z,NEW_ENCOUNTER,,,
batch_001,encounters_athena_clinics.csv,1076,ATHENA_CLINICS,101050,d9424192272834f9ac5ebe0e2612153405844100788e73e45e72766203e5ce63,15b6abe409b72f29e746d41a2ae6188bb336acf7b31178267a55bb4a3e14228f,2023-05-26T04:32:49Z,NEW_ENCOUNTER,,,
batch_001,encounters_athena_clinics.csv,1077,ATHENA_CLINICS,135300,6c555736558c5e114ecb139f09beb30cccea17382f976da215ee42d12d0ec86f,411da16404256883aee26639d7a8d31eb1a5a9d4446f50db0c8295b5873d68a2,2023-12-28T10:25:45Z,NEW_ENCOUNTER,,,
batch_001,encounters_athena_clinics.csv,1078,ATHENA_CLINICS,111871,9486cb83beca3b19ce9c94ab32be27c5371c9b56df2ebd23c12c0ac6a9f2498c,46b10d2f98c6029909c0ed0cf65a9c660e1b931b90f90985193ddbe97bea438f,2023-12-22T06:37:12Z,NEW_ENCOUNTER,,,
batch_001,encounters_athena_clinics.csv,1079,ATHENA_CLINICS,106633,45e7a79f50867e48ad5700cd40b5208830b696c2a2299d4849427994d286b8a9,dad17ca39423c27ced2eac61f77f466d1000112993979e67877aed4b231b1af0,2023-12-21T19:14:15Z,NEW_ENCOUNTER,,,
batch_001,encounters_athena_clinics.csv,1080,ATHENA_CLINICS,131765,2c619c029a7b87da8b783a3804583c4daf6272795aeced2513f6df5a068f2c9d,a4761909552cc3c6e57e59983456e3cd0b9c0270948b712f650aeda1a45a00ab,2024-08-16T23:32:52Z,NEW_ENCOUNTER,,,
batch_001,encounters_athena_clinics.csv,1081,ATHENA_CLINICS,137157,6feca4f4d9ce625305da33fb0dd415624227b2ec67e4cd42075c827c42aee430,d708a6efa11c3a45be80efa47519a274ed0ae29fa9d34ad723e3328d9989966b,2024-05-23T00:37:51Z,NEW_ENCOUNTER,,,
batch_001,encounters_athena_clinics.csv,1082,ATHENA_CLINICS,130567,3940336519696cccf76c2ba4dee86c3c8ed1a4e06c3762c9748bdc9bd7c3dbb6,02df967b93ccb4a09c1fb71fece93f76c522ef217bdb73fe9ad24573a7ee2a4e,2024-09-13T22:58:07Z,NEW_ENCOUNTER,,,
batch_001,encounters_athena_clinics.csv,1083,ATHENA_CLINICS,134910,ba1cd64ab4ef7a0fd096386432d8be8a7b463ae71f0cceba2037218bad625b24,4a7774df98fec9076fd5dade46058be8a7c3f958894aa69d2306858246ebf178,2024-09-08T23:03:56Z,NEW_ENCOUNTER,,,
batch_001,encounters_athena_clinics.csv,1084,ATHENA_CLINICS,129409,8a1e9b3f0e9ef3b7b3a2ab08a412bc163aa942a3e974065f9d7fb5fa668111af,1eaa83f5c14c644677b3cb6042f67a46e8abb4cd82a3d87d3965e1bd11226a06,2024-03-31T12:58:11Z,NEW_ENCOUNTER,,,
batch_001,encounters_athena_clinics.csv,1085,ATHENA_CLINICS,125396,dc110402c95f9c209b26396068c9b42fc4eb0ce9fcad663decd55897e3591cdc,fc9ff551a10a54d973ad6b2e83ecf42a37b18db608d8b18d5ee731b6966ebc63,2024-09-14T10:01:12Z,NEW_ENCOUNTER,,,
batch_001,encounters_athena_clinics.csv,1086,ATHENA_CLINICS,126161,536cc82123405b9eb6dd5fb45837caad4a0efd3fdc393317ce4caec6ee27ea65,8f814983e72e680f2dfd9ae308ecaf98149dbe3823eaf589fd1ebeb18e3cc666,2023-01-27T10:04:51Z,NEW_ENCOUNTER,,,
batch_001,encounters_athena_clinics.csv,1087,ATHENA_CLINICS,121852,3ef0a6dbd96caf9bee6f577228f71fa45466046817cac084c2a3f5ed29b18fb6,4d1adec61481d297e0d154554fb084806166741a3c37c960d757e7b0bf370907,2024-09-15T04:04:23Z,NEW_ENCOUNTER,,,
batch_001,encounters_athena_clinics.csv,1088,ATHENA_CLINICS,123643,b5cc80ead47ba561fddaaec58324a657ccb9bca53677b7121ca07858888ca3a3,e892c1e302aa4554f33f7ce899ed069a724ad7293cb148b6d098c3f9b01002f6,2024-11-06T12:45:23Z,NEW_ENCOUNTER,,,
batch_001,encounters_athena_clinics.csv,1089,ATHENA_CLINICS,102732,c76249dae232a281c477a7a38f9310dfed0d93c687cc64ca4204985698cbbe0e,082f9b099f847f2127628bd96ae0968f8111f3d2b7978dc8e1f40aaff79c9aad,2023-12-30T02:56:38Z,NEW_ENCOUNTER,,,
batch_001,encounters_athena_clinics.csv,1090,ATHENA_CLINICS,137309,456f7191707bacf7bff9e25327288b373e1219da236575a58e48cf5af236a6d5,92dd4c79987cc0934d8be67032146d743b481c2f339acd1308a72ca882f4ce8a,2024-10-03T08:47:27Z,NEW_ENCOUNTER,,,
batch_001,encounters_epic_north.csv,1,EPIC_NORTH,E3335321,b54b1ea4b49bd1e2ebe6c28edf3ca886bf1b1d9eb94b687350fcbd93d50e58d2,df534881aad053777a34fb2912d830411c04a0aad5aa99925099bd408be8f130,2023-06-22T09:02:32Z,NEW_ENCOUNTER,,,
batch_001,encounters_epic_north.csv,2,EPIC_NORTH,E3970475,700b2b6174f0c7dd4d41d19df7a71f000b4cf84b4ba6b712d71fa8d549d911ff,5acbd8e09ea9a7d7daf70e76c9cad598deda7f123ff38b1b476a989c602f25b8,2024-11-14T05:31:17Z,NEW_ENCOUNTER,,,
batch_001,encounters_epic_north.csv,3,EPIC_NORTH,E9539493,0081e5f2c693e0b69ed817792bb9bba9d03a25ed3d1d1f1a6ac9e259404035cd,cd6b83c4ea119d463f95757372ec6367e784fd1c66edd9a0e297bb7c867935a3,2024-08-09T05:00:09Z,NEW_ENCOUNTER,,,
batch_001,encounters_epic_north.csv,4,EPIC_NORTH,E7716388,790d41e9ae8925155ddbf2979cae47aedcc47106dd9c25668e096aafd1792d47,b3c9b85b21741df267af12699258cd822867b7f317954bd16c36f441f44fcfb3,2024-10-05T03:55:20Z,NEW_ENCOUNTER,,,
batch_001,encounters_epic_north.csv,5,EPIC_NORTH,E8731593,972910be4d2d51d12b946fcbdaf1aec43a4de8d348a2b93ca5eea14670409b86,c9b5e95b6ebd83ba57e0074d7e7663fd57ea1559d6c80b277bb74898439630bc,2023-03-06T04:11:51Z,NEW_ENCOUNTER,,,
batch_001,encounters_epic_north.csv,6,EPIC_NORTH,E5119719,b8dd6b44d054dac611f01f7880c15eba20947bb9f493627c0af171985f76f34c,e537ec604cd9618211b76647fac7b863d0aaa7bf44e7578f1fb2e669c066de69,2024-05-12T04:29:01Z,NEW_ENCOUNTER,,,
batch_001,encounters_epic_north.csv,7,EPIC_NORTH,E9617201,80243b20d2c2de149d7bc4efb47b20fc5ac23d37c459b00170404fc0ea3a0407,0677db20529ac6344b35f17153518a4cde9b0d8d0f68334551262cac9cb491e5,2024-12-03T19:32:45Z,NEW_ENCOUNTER,,,
batch_001,encounters_epic_north.csv,8,EPIC_NORTH,E4930828,37774aee21abb37fb9695957aa4dcad98e73e7719d5d3c4984c88e2eb4829fd1,09d1dff611612e312731f2c94cc4458840d29681c97830f8017705cbace7069c,2023-03-21T11:34:08Z,NEW_ENCOUNTER,,,
batch_001,encounters_epic_north.csv,9,EPIC_NORTH,E8351770,320c4ab68503a636a22bf9ee0c7518e133a2727910536e8cdc346518741abc14,8536abc1e5cf45c134e475a81c06106b831534b9e1f97a68a11fd29909a13f88,2024-10-27T11:36:13Z,NEW_ENCOUNTER,,,
batch_001,encounters_epic_north.csv,10,EPIC_NORTH,E3553293,bd8fb29238478d86be5bb366278d0ea0ce2ccaf650353696485a5b146133bce5,c7da762409bbd3f8fcf119da534effad469a344a8ff32a6e7b0636390095284d,2023-03-31T08:13:11Z,NEW_ENCOUNTER,,,
batch_001,encounters_epic_north.csv,11,EPIC_NORTH,E3011922,26c51372f0da1ba9526a17318e5b17c3c0068ba51fd294da6456f4c7e7c2430e,e74f1c1321f900b5a2f3b0accc0a3043c16412b60acd129398ae0d04707db0dd,2023-05-31T19:06:54Z,NEW_ENCOUNTER,,,
batch_001,encounters_epic_north.csv,12,EPIC_NORTH,E6921519,78cf3c8cbe76a95feec91451781688a6eaa2ed03ae48ccc4dfbf9ba75d825bf5,fa64fff727edec6b0744be7593f29c5e44010cd9231eab5bb121ee7a4402ffe5,2024-07-07T17:05:18Z,NEW_ENCOUNTER,,,
batch_001,encounters_epic_north.csv,13,EPIC_NORTH,E7758580,1d3eaff7ac7a8041f4a9d7421261a3ed7298b93da56a0c4512a6e3981449a1e3,82d40f398e3d59575d7042a9c115680beac47bf4c71b9340595014ce6655bcd6,2023-10-18T11:17:18Z,NEW_ENCOUNTER,,,
batch_001,encounters_epic_north.csv,14,EPIC_NORTH,E8652164,7965a2217d90132cd9e51e7177c7f93970566c42685187475c001d87097f7925,39da91e77242695c92a90d40b9922bd564f7bf1d0e06e86330fc5fdb274785d4,2023-05-05T19:23:20Z,NEW_ENCOUNTER,,,
batch_001,encounters_epic_north.csv,15,EPIC_NORTH,E2056472,ff82fb62e71b9f38abf8a8fcc082c666c797297d130caa20c81fc2766990bc2d,03826e18fbe3069bec5489a4e3df944c387e3a4178d01b063bc76cc2041802e9,2023-05-05T04:15:51Z,NEW_ENCOUNTER,,,
batch_001,encounters_epic_north.csv,16,EPIC_NORTH,E6398699,ad42bbf2518092b600f9d10f088d510c2d8eb17513a4780c01b34d11364a0071,1a59e423fcb73e585bfaa43656470e3ef44d1002c7af466ea3a92f312a4d9878,2024-11-20T06:16:50Z,NEW_ENCOUNTER,,,
batch_001,encounters_epic_north.csv,17,EPIC_NORTH,E8344423,caac9935dc6e155088f239ed9e9484dda800e1fbfdd24d8bb67e3ba92b50fee6,d249745099c90a36bfde1835e1f002a8905e2f4a746271195748c4ca2b71746c,2023-10-13T22:12:24Z,NEW_ENCOUNTER,,,
batch_001,encounters_epic_north.csv,18,EPIC_NORTH,E2873883,0c736b943ca9a0dd2fa0a126d333a3518328f3d5bc5454a35aef59fcd2bf2aaa,e5e4f374a253d0e498c9e92894f76e62887a33c54e0a19c6d723cf658b807ed3,2024-10-24T04:08:14Z,NEW_ENCOUNTER,,,
batch_001,encounters_epic_north.csv,19,EPIC_NORTH,E9624434,2c714be93ce2a337ecd3b5c9dd9fd6ff7ab46a137ecb629c958ddadfb2fb86b6,5d94432394bc2a3b97a0580a0189333fa3da30eec20a7d798e3ffa7830918870,2023-10-11T02:13:36Z,NEW_ENCOUNTER,,,
batch_001,encounters_epic_north.csv,20,EPIC_NORTH,E1881669,e7bfd8f7246ee1ed25db84a1df2dba5a16f3ab562b3408c5beda25508458007f,7d70886d27721970ac631695167f3fde3adf98b010e60baefdb2ef8ae33fb58b,2023-12-08T00:26:37Z,NEW_ENCOUNTER,,,
batch_001,encounters_epic_north.csv,21,EPIC_NORTH,E6776742,f8b2d259eb4eff768e4c8119b292f233febeafadc46ef6f4b5f7cb1aa99111ef,2c82b4fdaee4b9bfc77a9c0bd951a6d5bc631716b68eaff5039e0368f45e3eaa,2024-04-15T16:46:31Z,NEW_ENCOUNTER,,,
batch_001,encounters_epic_north.csv,22,EPIC_NORTH,E5356867,ffe329676d9e665a6da5b3860fca5f0bf522cffd37ffadc451df028f3a389417,54e7a7e147f18c8d451d977e25e4d34dae384f41dea4a67199a3a930388c74a7,2024-01-12T18:01:32Z,NEW_ENCOUNTER,,,
batch_001,encounters_epic_north.csv,23,EPIC_NORTH,E1414441,19cacd4c91086b474e2efc21067de05105c6b883e7751352bd653e19e08c5c8f,055425404f8dd331eade61cb9a5c1a28bbc4f57b376c66a10c04dc65489005c1,2024-02-19T06:11:04Z,NEW_ENCOUNTER,,,
batch_001,encounters_epic_north.csv,24,EPIC_NORTH,E8994378,21d3544c77306f79d17a5c3349ede74d4d655aeaf3b3a3208fbf8fb9e76cd7e6,3a811024f95c66731316e4bc975c54df2334c873f28d7ebd5c2808731225a472,2023-02-28T06:05:58Z,NEW_ENCOUNTER,,,
batch_001,encounters_epic_north.csv,25,EPIC_NORTH,E3282828,6c2e50b42d4f8ca90c74a19c450187f24d7f188abe10abe178f9f11d51a5a541,80f05da5ed64785f372ad428cab4ec0e4a0b03c4acbf39b9c260f2d0110fe8d8,2023-04-20T03:35:25Z,NEW_ENCOUNTER,,,
batch_001,encounters_epic_north.csv,26,EPIC_NORTH,E1192221,066c7d0e091f23b41d270225705cf1a95f83fa88300d684f37879a9b95c66be1,b31a38d3fc5b59fcdc4cc93a0a5aa4eaf0b4741dae08ad475092045ae09e67e5,2023-11-13T16:09:54Z,NEW_ENCOUNTER,,,
batch_001,encounters_epic_north.csv,27,EPIC_NORTH,E3004274,0ba8f8426fc9d5a2a9e933f7904d1d348b9032d954d448f68220ec5c593a2bf1,1d79ec0901ab3bcefb32508023f63a6a2a70eb78e3e54a2d8ad8640635956fc9,2024-06-09T19:49:43Z,NEW_ENCOUNTER,,,
batch_001,encounters_epic_north.csv,28,EPIC_NORTH,E2840595,9af41ba2c7490caa016063015db677bb0096a104d9c3bf92a47a4d1891f8010a,22b96dd9952b74f15f7f77eb8e3fe00170717ec5e4184010c0859d93d9a9e4ac,2023-09-03T12:02:17Z,NEW_ENCOUNTER,,,
batch_001,encounters_epic_north.csv,29,EPIC_NORTH,E1256326,8826bd836b06ad837de34cdc1f87c7de6330b2a4bea680c4d5b8165791d6b8f2,465048d97aee472c13c86224ea95c8abb1827bb1c557d330487be557c32d33a3,2024-06-24T12:25:14Z,NEW_ENCOUNTER,,,
batch_001,encounters_epic_north.csv,30,EPIC_NORTH,E3290010,6c75e88ae4a0dfa5d5f86371bb13ece32efd62936afcc40c1371984738c7d2e4,c9658b98dd8e375d6154105b636302b945e059a24a5588d97f21c521f0539ead,2023-03-19T15:13:26Z,NEW_ENCOUNTER,,,
batch_001,encounters_epic_north.csv,31,EPIC_NORTH,E8910102,558945689f4e7d14650d5c8a567b75677af5bb9620955335bd346ff9dcba06f8,b5d2ef48138c992e42c1c8f566a1cdebc14fff160b4c08ebf22ec35ce407b232,2024-03-05T07:18:32Z,NEW_ENCOUNTER,,,
batch_001,encounters_epic_north.csv,32,EPIC_NORTH,E8636001,c9dc427a64894cfe17190b4959e89818face8ae09195bb0600bbdf54f42100ab,c01e2a709e9d74b4f4550644741c844fe574d6de7c0ea5f71e111cba7554a7c1,2024-10-05T22:27:18Z,NEW_ENCOUNTER,,,
batch_001,encounters_epic_north.csv,33,EPIC_NORTH,E3963583,fdfb1b918f31c7335b8b71ae1d45e245e77013762cbdaf9fc504a0d769a048df,7252e34b0f7b6697415532f4efe013946942c368c3140c04879ccc4faca1985a,2024-05-06T07:25:16Z,NEW_ENCOUNTER,,,
batch_001,encounters_epic_north.csv,34,EPIC_NORTH,E4724931,ef1947e8cfd27845f85f859a21459abd80ce110f9c7b84ccbb721e6e2202f0db,173b5de1caa04cdf83e056515d0a76ad8079ec1aa512d149f83f52cd503d713f,2024-04-20T03:18:31Z,NEW_ENCOUNTER,,,
batch_001,encounters_epic_north.csv,35,EPIC_NORTH,E5400839,229a85e699e25ad3716be786d12313a464e3cce94f8b906eca403172abf11bc0,2b26b24779ab2cf334174b2fa2cdf5a451d500787484569ebe9d7f9ca550fbe1,2023-07-09T07:28:19Z,NEW_ENCOUNTER,,,
batch_001,encounters_epic_north.csv,36,EPIC_NORTH,E1863015,10b6c18274e428c5edfe0e1cfd49c3fd4b411ca10e73566f80446f216ccb27eb,a6c2e4e0308d7af0c211287788d133d860e8db150ffc0c989dbb65a20649ef94,2023-06-16T08:00:15Z,NEW_ENCOUNTER,,,
batch_001,encounters_epic_north.csv,37,EPIC_NORTH,E2777620,b294bfcab6165797dbd356b041b871afc286ae441924583a34f926eb69d8c269,83831ff552293808874b743c619527f467d042968c13e5bdf001eab4dc31ee23,2023-11-05T14:12:16Z,NEW_ENCOUNTER,,,
batch_001,encounters_epic_north.csv,38,EPIC_NORTH,E1050924,679b863a749ec5e615595e3e0293e1aaadca48528ebcb1c2f85448cfa8b3ed21,be87fcf3f0341bfeb29f9df72560c0b042370d6e77a34a56f34ee0d585f40291,2023-11-05T09:46:47Z,NEW_ENCOUNTER,,,
batch_001,encounters_epic_north.csv,39,EPIC_NORTH,E4335270,3b6c5df35c26b2dc545550ca4ef17f6a26105281b8c126139ccf7d7aec7aa1cf,2db58ed13fe067b075c9918c35ddf87e101b23e54165f5bba242ef11cfd03272,2024-10-29T05:14:30Z,NEW_ENCOUNTER,,,
batch_001,encounters_epic_north.csv,40,EPIC_NORTH,E8342213,76f53664c9ee6043286d062482e1f4c35e025b8715460d668d347145dafc63de,bd7b1338288f0f59ca3a7eb9a63a7816fa5d046327054cd010ac004c6add92e0,2024-08-01T02:44:33Z,NEW_ENCOUNTER,,,
batch_001,encounters_epic_north.csv,41,EPIC_NORTH,E1600255,da9e7d2cf43bf78f9bd826297d5dff0d9c98dceb0870d88cfdbaaa93db9513cc,5ff6be556bc5599fa980053ba18ffe98a0567b759666ecd3098bcdf43f752770,2024-11-13T20:33:08Z,NEW_ENCOUNTER,,,
batch_001,encounters_epic_north.csv,42,EPIC_NORTH,E2667241,2395269c1e13d010e2a5c5b8f4e3aff36426a7a21366cbc52444376bbb37eda0,c5d657db67ad1bc0f199cf8f1133fdc33bcd82894d9b1ffdc79d8a52b2cd1cf8,2023-12-16T07:11:13Z,NEW_ENCOUNTER,,,
batch_001,encounters_epic_north.csv,43,EPIC_NORTH,E2053655,405acbbf8929917ef822d491725da755d845ab449cf9918238e156e59c64c572,0105acc6eef3a9ab1fb50935eb939c952567c70c28882a55b0639711c0894834,2023-12-14T08:35:33Z,NEW_ENCOUNTER,,,
batch_001,encounters_epic_north.csv,44,EPIC_NORTH,E8074818,a846fa3a44106294d5bf89ad5490a50c5a6ffc119b3b700417101c27ba09defa,0118fb6888e95a73cdc20d59e54248be684f9d8e1238593006f1f5c00ea870d7,2024-06-16T14:00:58Z,NEW_ENCOUNTER,,,
batch_001,encounters_epic_north.csv,45,EPIC_NORTH,E9931549,3bdf479686d7993b0ff94ab577e3277e0981798089473cd4d28dd5afd714b770,ab2953660e7b99fa4b5bd1e3c42e77047846e2cc539400179b49564a89e23f4f,2024-07-27T02:37:45Z,NEW_ENCOUNTER,,,
batch_001,encounters_epic_north.csv,46,EPIC_NORTH,E1156891,94f68c5e5c02c96c34f19e7dac7908deeac5256484c4021d36e6e6a3c63643b0,d88ee3e0ea225aa489cee9698ddec9d88ead95791adae278f77d09295343eec1,2024-03-26T19:00:15Z,NEW_ENCOUNTER,,,
batch_001,encounters_epic_north.csv,47,EPIC_NORTH,E4716884,9c6cf05d9e33791f5f9b6dae49d9eaafc8de35ff126653b18fe77af06d2c8f87,8fa4afef43c0cecb7770306085c695e19211adf630a75b05f648bcc767995325,2024-09-05T11:33:31Z,NEW_ENCOUNTER,,,
batch_001,encounters_epic_north.csv,48,EPIC_NORTH,E2642842,ebefb5c21f00a75305d407427fe725604e59a02430d3d64138774fbe5870a484,d9d72e0d5af29ab33b7f42335414034dab286f9079304441f3dbcaf816a64786,2024-02-07T08:41:06Z,NEW_ENCOUNTER,,,
batch_001,encounters_epic_north.csv,49,EPIC_NORTH,E8426544,5bf8b074ca470e6485a9f370d8b6c476e84c6f109dab06042f970857be8e696f,ea516d608a3742d9cba5212e0dea691deaad804ff1ea0495b4abc083ec5b0d56,2023-03-18T18:09:52Z,NEW_ENCOUNTER,,,
batch_001,encounters_epic_north.csv,50,EPIC_NORTH,E5229611,0708c6c2c29035bd421b277cec856d74fbf772e61ebbd0d7f76e86085500df90,01c19e97d33fa6ea5f610c79442546c37e7cb5ff9fbcc2fc2f7dffe2518e9ce7,2023-07-04T19:42:26Z,NEW_ENCOUNTER,,,
batch_001,encounters_epic_north.csv,51,EPIC_NORTH,E6508471,e4b41d77f779804739f910d5c4527cf20ccd79a379e8c6708b1fe2d0209221d8,b1cbb160afe76716d655232d4b762915f807f8a2043169e85531138cd8cc1718,2023-09-26T17:45:24Z,NEW_ENCOUNTER,,,
batch_001,encounters_epic_north.csv,52,EPIC_NORTH,E8603875,6f6e0f4d6fb9cd8fe7369be87ddcec37d94323e01064e33628aba69e6beaff17,b1c1c6069ec7cb89da01cbc5125d38c5dbeebd431497bf25b8bdf125686ecf0b,2024-08-06T20:03:57Z,NEW_ENCOUNTER,,,
batch_001,encounters_epic_north.csv,53,EPIC_NORTH,E9236920,9508e8595f16fdb05a32f6029b8fd56fab5f179932c041eae71fea8e5e102f93,a61d5eaeb7ed4d18fa8afad44810d7aa03224b3d87f46f03e78ea9a417059971,2023-04-03T10:45:14Z,NEW_ENCOUNTER,,,
batch_001,encounters_epic_north.csv,54,EPIC_NORTH,E1121209,881398f1da3cd98567a497ddb3a0dfe69474c86e57e2e0338b1627fb9ef9ba10,9b7ccc1e884d84cbe39c8a9f199ffdfa7501c7b07809678e3d835b3e579e2d89,2024-07-22T01:10:18Z,NEW_ENCOUNTER,,,
batch_001,encounters_epic_north.csv,55,EPIC_NORTH,E4616438,5da0773779ffce7db54c442dbabb56a9db80bf3479f63e8f5e6d3927fa3111df,92862a3ea8e367c7edc062a96dc9cb56f36fb57416c1246f89170592b3cd62cc,2024-04-09T13:36:41Z,NEW_ENCOUNTER,,,
batch_001,encounters_epic_north.csv,56,EPIC_NORTH,E5554922,3abe4ad656d8ce75d2dc05c06b87440eec2951d8da46869703e1ab6bdcead62c,1135fac6e7bbbb2f9664aa74e78a379eacdded4fe5a75e13e49d6622fc85c3d9,2024-09-12T02:22:47Z,NEW_ENCOUNTER,,,
batch_001,encounters_epic_north.csv,57,EPIC_NORTH,E1941740,1fa135d0581a3e8f17a3bc47764a669c8e20026c4c8383a5d24daf5b2200e92b,cd74d7f24d15c7c06b8b997e9ffbf374c6c91ee82733a200db387c1307cbfb89,2024-02-25T10:39:21Z,NEW_ENCOUNTER,,,
batch_001,encounters_epic_north.csv,58,EPIC_NORTH,E3612485,c306efe60e98f3dc51dc8444cdd132d584ee810e58330870f71581e30eb172e3,72a5a13d57007a8186f2853fc60e535d8ec435af8079398f3e04ebc9f5355252,2024-10-13T23:31:25Z,NEW_ENCOUNTER,,,
batch_001,encounters_epic_north.csv,59,EPIC_NORTH,E6036923,ac245ed969f168f9da487307ba206ba74e7db30d49af3999a2575922189a17e1,7b0b11f4a34e2ddaa5970b14df35b4d067d9fd8ffb46e667a5e5b2d52ccfb6a5,2024-01-09T14:14:15Z,NEW_ENCOUNTER,,,
batch_001,encounters_epic_north.csv,60,EPIC_NORTH,E8674071,e27ccd42f8e50bb88e2a39bb06188a95a21331c95b7c50519288cf2846087660,8ff97e9272e36607210e0ad01486f110a0ca7b7c14861327caa5e85a08881f68,2024-02-17T02:37:03Z,NEW_ENCOUNTER,,,
batch_001,encounters_epic_north.csv,61,EPIC_NORTH,E3008027,a8fd7067ad8f1ba5736534d7b35553aa1d500488fb7b522cb873687f7a4085df,6a31b801d29e14bbc525acf60ac78d8f84d955e8d4fdccf3e0242b82140fedbb,2023-02-27T14:03:29Z,NEW_ENCOUNTER,,,
batch_001,encounters_epic_north.csv,62,EPIC_NORTH,E1928914,56ee37dbf68089eb26f152a5d000e871b80ea6e51fac5b1623f90a374a1a76af,a69c931de14e7ec9187f3a878f243c9dc16c45fe6be2b59c032dfb31d8a41d26,2024-08-19T10:30:40Z,NEW_ENCOUNTER,,,
batch_001,encounters_epic_north.csv,63,EPIC_NORTH,E8989352,86f02f7b57cf5423955c6acc858d6ebbcd97656ddbebd0907e14776948230ca4,bf94da41431589f3a31f201c4429a2f4aea53cbe0619cc75eac816f1e8430957,2024-10-24T06:40:15Z,NEW_ENCOUNTER,,,
batch_001,encounters_epic_north.csv,64,EPIC_NORTH,E9584754,7d908696f0453cd7d8ff9534dc7633d6ae2e59d54a9845dc7a16124165e391a0,65bb8ebf00922ff58820fa1327dcf739c76d5e73a2a093672ab8a5309f716195,2024-02-15T14:08:45Z,NEW_ENCOUNTER,,,
batch_001,encounters_epic_north.csv,65,EPIC_NORTH,E4683187,cb90e2afa1f426fa6a287ebddbb5c758f6628c152d8242bbee8e7e5c8632c4ab,77021bebcc229463866695b1dbc82c820291f72953eba9e9c2dd38dfeb8ebbdf,2024-01-03T21:48:26Z,NEW_ENCOUNTER,,,
batch_001,encounters_epic_north.csv,66,EPIC_NORTH,E7863917,0a5e89a891e7ada659bdb0c70aa1ce1fc801368d270065de19dee4d452ebfb50,9d71dacebc36cac0ab1b40aea425b5221c0a9be8ed4d44aa34cf3cd04244ab56,2023-11-21T18:27:37Z,NEW_ENCOUNTER,,,
batch_001,encounters_epic_north.csv,67,EPIC_NORTH,E2426500,9f42bb40ea4f319232129868109535cff6b6da87aeb792aed0faca4081ce3e55,774952453c7fe2709e9efd71825482e2c13a4a53978c4dcca8fafefb9cabd378,2023-07-06T18:02:11Z,NEW_ENCOUNTER,,,
batch_001,encounters_epic_north.csv,68,EPIC_NORTH,E2670875,9e69ddd70277f3b62951ae3f41971964b5b82b35b579010f1562fd09f27e75e9,0a7e5f5b4b783c438424770e91f13e7f11e3b6cf4ed77f168d25fa0a6bd1529f,2024-01-20T19:16:32Z,NEW_ENCOUNTER,,,
batch_001,encounters_epic_north.csv,69,EPIC_NORTH,E9174193,7b78713ea1b6ad4a615c4e21675a2ed92b7a30eba4cfbe7e963b513168a51803,06b9876b99fab3f28a54e4f3d5481c17c62c95a8fe419c5bceca6d8723e25049,2023-05-25T09:10:52Z,NEW_ENCOUNTER,,,
batch_001,encounters_epic_north.csv,70,EPIC_NORTH,E3458527,2e097f06c776d390b03c86809473d818d33b2c7de58dffce95d5388a0472a7cc,ab849a6e57020abc556e4226d361c858afea81ff1e54d5083389a32cc821ed51,2024-01-05T03:58:58Z,NEW_ENCOUNTER,,,
batch_001,encounters_epic_north.csv,71,EPIC_NORTH,E4616460,95409f86ef36b956cd1afa941536c29d99e4cb918647f0bf9686ab76803d2ba1,4947017192464a2ba8c1ba7e0afff03ea617c2a54ce963cad0edae34d2a6beb1,2024-11-21T00:06:23Z,NEW_ENCOUNTER,,,
batch_001,encounters_epic_north.csv,72,EPIC_NORTH,E4073886,ececf6080badbc43b464efd06e2692b44b16fc250fd11adba00e2d4712dbbcb6,29d20c95087dd97a47d2e29a8357fb3633904b95aecedf569155b9f2450f5e50,2023-02-23T18:12:05Z,NEW_ENCOUNTER,,,
batch_001,encounters_epic_north.csv,73,EPIC_NORTH,E2218862,f6888e493d2ccc1708b1412eec241fc1b8d2d8973a70e1365f0b045ad6de4f8c,968e8fce648bc46745fb6d43ac8af70d9e2468b03da3dccf5128d112efcf2337,2023-10-28T18:27:38Z,NEW_ENCOUNTER,,,
batch_001,encounters_epic_north.csv,74,EPIC_NORTH,E4839285,9465073f4c73c8b3621892200b34af3df09ddc552599ffcec18e93a75c202ef3,1d225a5ef62c0400fd4695ea61d321b5d0e025fbf573414c5f12c6cd0a147ad6,2024-09-08T00:02:20Z,NEW_ENCOUNTER,,,
batch_001,encounters_epic_north.csv,75,EPIC_NORTH,E7251546,3125e303696a2cd82b188c668062424ecb45e9c003546458cbe1a43135cb43a5,5086493e65f940a366cef50c7b85eab304d78e2cbe6ea2f6457070f1bf66535d,2024-03-26T04:41:14Z,NEW_ENCOUNTER,,,
batch_001,encounters_epic_north.csv,76,EPIC_NORTH,E8105289,1f35b08d65e6c72c467dc1149c4b18ffa0d960a33249348a3ebdd3f6ca26f71f,fb303571d9679c2bb91b14507043e547383d902395ddd2e51c59aebbc9ac71a2,2023-12-13T08:48:29Z,NEW_ENCOUNTER,,,
batch_001,encounters_epic_north.csv,77,EPIC_NORTH,E5643795,9a4a5ce15f71c1f459293e08b0f3425c399583b9798c6dd96766a0e9b5da6284,fc9cc6cacc5d48f4dec86e9a4d1e5c879f00002779379e6d425f6e4e9d5c65c1,2024-10-06T20:12:35Z,NEW_ENCOUNTER,,,
batch_001,encounters_epic_north.csv,78,EPIC_NORTH,E9338668,72cf39bace8072f6e60775a31a34b50495dce99318970a50fed3473143675fc8,d36080bfa121ee8713662b318a2b29e79ad5fdd1dabc6d2c67f5176cdd9f20f7,2023-06-22T20:18:23Z,NEW_ENCOUNTER,,,
batch_001,encounters_epic_north.csv,79,EPIC_NORTH,E8876545,8bd5e176ff1444819ed507f5bb0838e2d3c89991b4ecfb4fc6790112f9270a67,4a69d20e2b03e64592edfd9f96d7042ad56fcfca7793c9e32c44517eac668856,2024-08-09T16:59:22Z,NEW_ENCOUNTER,,,
batch_001,encounters_epic_north.csv,80,EPIC_NORTH,E4696998,88d63cc75e64c6477cb5d094ea86c5a4612d9548e01fd3b3095a56b90770b148,5cbb3543880fb02553123077a467beb31e985338920077cd150b6e36fef92aca,2024-01-11T14:22:21Z,NEW_ENCOUNTER,,,
batch_001,encounters_epic_north.csv,81,EPIC_NORTH,E8649339,3234400d229ad791921700367ca015cdd8b67f7f106765d83c54d701e7f1b736,50481aef4b172b73a2d017ebc41bf5527a9dd1c34dd30bdb26b15cbb4a2dfe4c,2023-10-20T02:13:07Z,NEW_ENCOUNTER,,,
batch_001,encounters_epic_north.csv,82,EPIC_NORTH,E1222056,51fed19706b0d66aac6139baa90eb823a666f51aa34ea0a6c44fdcf34e212a9d,4d370cec3470d6b22f75559bb3cf2ec0b8c3ff02051d9fbe534c1d11f45aa542,2023-05-05T03:15:38Z,NEW_ENCOUNTER,,,
batch_001,encounters_epic_north.csv,83,EPIC_NORTH,E1374440,980c369e50fb13666a815973c4375bbf485ef23cd160dc6fcfaa77ac3df1c7be,b1edcf6a9bd30938054e08c94abed3b2c0464b79e8caff5daeeb390733cbe686,2024-08-07T15:19:44Z,NEW_ENCOUNTER,,,
batch_001,encounters_epic_north.csv,84,EPIC_NORTH,E5434866,c429f0891b0c8ffa9e0168fac8ca7c0baa959fedce3b962543bd3c2fb8ea8080,690f4c5fb014a4067b53300a7d0f6b8f447c3e133ba62d0e253b3673155aa1be,2023-10-22T02:12:44Z,NEW_ENCOUNTER,,,
batch_001,encounters_epic_north.csv,85,EPIC_NORTH,E9882292,d22b5ceb2aa8806d994a3721672a6ba96b11676d7ad9da2062bcb0a0945ba6f8,2da75e76099beed84123292db21ea41cae08494293d02e7636489a5d72a2a080,2024-02-17T02:17:09Z,NEW_ENCOUNTER,,,
batch_001,encounters_epic_north.csv,86,EPIC_NORTH,E7777503,0fe612c61b68f7c1b31f6d3f658219dd58cdda032f276fb986886975f16f3065,10ae3a3435a65b06fb1395e94bfa571c42411e0bd735bdb9ecf958e8258fa97a,2023-03-06T18:11:57Z,NEW_ENCOUNTER,,,
batch_001,encounters_epic_north.csv,87,EPIC_NORTH,E6435482,1627faefd124811c34852fcb505ae41b8dfaadca191946e2dd41b5aaeb05ffde,d22199d3561d79587284c9e1ae9a52cb00aafcc165203060e08dab2e556027c1,2024-10-01T15:35:45Z,NEW_ENCOUNTER,,,
batch_001,encounters_epic_north.csv,88,EPIC_NORTH,E8575374,bf5ec2625f3f1e92b5000ec454b903615fcc7f7de1e72314be349ff263f18b47,015280724bee7862cda406de5262eefe9a92a4bb1843d20f0fac6d64d872fb83,2024-11-27T00:39:55Z,NEW_ENCOUNTER,,,
batch_001,encounters_epic_north.csv,89,EPIC_NORTH,E3564780,6b2a74cc99967e70d714cd44d5b5a965f837c4704db125e10ecdcfe2ce90d713,8a0c13b974748ea1ff46774919e3462e85a3b759bbdad676ee4193c323c75758,2024-05-29T20:56:07Z,NEW_ENCOUNTER,,,
batch_001,encounters_epic_north.csv,90,EPIC_NORTH,E3809219,a33ffa2231f99fa4580ac19564cb3c807cd334448e30fd18aebacc9e11129fab,c265029f47accbe15e5eb4484a896e41302994e55a210affed7a62dfba6b7682,2024-04-05T08:21:01Z,NEW_ENCOUNTER,,,
batch_001,encounters_epic_north.csv,91,EPIC_NORTH,E3036876,9f8537fed9e8b2e2adeaabbf46fbf47adcf5aafe70533f638c1fb7cff01c59fb,60c699b3d81f2927ca3589fcb3c37f092bf1d38ee2cc2742ff2ddcd405ad0e61,2024-10-19T21:04:57Z,NEW_ENCOUNTER,,,
batch_001,encounters_epic_north.csv,92,EPIC_NORTH,E9722532,60630bb548257057e84e31296e1c705a8c0621dcbdde8a5218748344a9357075,ddbcdd5d345019714db784e1fd71e76ea99912fda3c3e36e682137d147a84531,2023-04-04T19:39:50Z,NEW_ENCOUNTER,,,
batch_001,encounters_epic_north.csv,93,EPIC_NORTH,E1672883,1312d5a400edff0209f34bd75e6cd2ea7a0cce7889fe61d34a3b5d3fb52e874e,c985a6400e32c0baaea25bbe8a5085dcd7ab1eb894fc0d0e631d322909c2299d,2023-07-26T17:26:55Z,NEW_ENCOUNTER,,,
batch_001,encounters_epic_north.csv,94,EPIC_NORTH,E6094851,84c8583e8fca0f754574731d84426b5b70b8b8d77921b6515b46077c02f0311c,608f8ff5986ab2a98350b538eb83def3cea5f0ee7f21610125b48fceb8c10c60,2023-09-30T04:34:15Z,NEW_ENCOUNTER,,,
batch_001,encounters_epic_north.csv,95,EPIC_NORTH,E7932153,bb09b4baaf8a249438e846ada64263dfa5a4e07a69f0e7dad33515b2a29a0ff7,ee6b1bce02a95d6a1ff29731f5fe691b660e6925a9aced3a2aa03639b30be4b3,2024-09-07T05:30:35Z,NEW_ENCOUNTER,,,
batch_001,encounters_epic_north.csv,96,EPIC_NORTH,E6933698,703b194c41cfbbba263a9596c767aafd6a95c5d8f8cb0e28e5715384211a8c4c,a28683a367680595c2d7fea6bb9564b3f1922846d34676efe118c132ce9df0bd,2023-04-28T15:24:51Z,NEW_ENCOUNTER,,,
batch_001,encounters_epic_north.csv,97,EPIC_NORTH,E1861695,379d7dce303fe4f357f03476a572b688dcfc24819a198bda755b44cc3a030171,f3bdf834a3e2735d2ccb638f575c1fd994c96b4c5a4f50da1b35332312d2388d,2024-05-25T16:43:10Z,NEW_ENCOUNTER,,,
batch_001,encounters_epic_north.csv,98,EPIC_NORTH,E3923638,ae010f7b1b5dfc59eee95ec32a4f7dfcb35afe0ca6738fa2dd29a4ec15034eb4,1c87b84173e041d035efd88db00506225834407e34b97cd2527a5d0862e4f67a,2023-08-23T00:39:18Z,NEW_ENCOUNTER,,,
batch_001,encounters_epic_north.csv,99,EPIC_NORTH,E7165618,8900c78282405ca9d275665bb85b9f78705e49e3d272b8e660489dbdd94f1f74,36350d1df6fee2a76927702d5fe7b6d453dc4a28831eb757ac6294ca15cd90c9,2023-02-18T01:49:00Z,NEW_ENCOUNTER,,,
batch_001,encounters_epic_north.csv,100,EPIC_NORTH,E5320527,8fa36dfa1f4c9ab7287f6a1d83d2d358b8596cf6de49264e295d1d8b9bafacf8,30fd54539009c155f2c7c3be5f44d7de75e8ccd482500aeaec75069c7b13bd49,2023-09-23T16:25:23Z,NEW_ENCOUNTER,,,
batch_001,encounters_epic_north.csv,101,EPIC_NORTH,E7731712,e33345c889a357f39193a41523275ec90a522d2ba9c7bed4f14b896a2aa25309,cb5870832c9d5f634b6383d08707f05ff3115086bc99e1d5ce7d2db2f1ae1283,2024-04-24T03:24:43Z,NEW_ENCOUNTER,,,
batch_001,encounters_epic_north.csv,102,EPIC_NORTH,E6482007,a1fa63895fb1dbe0854a630d804ca66febf81819da8aba8546c1fcd393a317af,eb8f6209165fc382df6e7caab8708613ecd7df7b1be47c0b8b535ca512803349,2024-08-08T21:14:27Z,NEW_ENCOUNTER,,,
batch_001,encounters_epic_north.csv,103,EPIC_NORTH,E3756770,11dd2c6e624d300ba2daca1ca5a17c9c4002ed9ca288fbe9d28e560600a7c45c,e7b347876c021af9d3a46648766ca7528c05fcbfc84a62f48b39cfe89642961c,2024-12-06T03:16:56Z,NEW_ENCOUNTER,,,
batch_001,encounters_epic_north.csv,104,EPIC_NORTH,E6025670,8a60cd0ef360dbaaab99a12620c3dd44d90ec7de314b1e583b893d5c74ef5b43,8d84258f6ff812faed9fb04e8e442f9b0919d577dbf3f3da2f51c02ab469f35f,2023-01-14T08:46:24Z,NEW_ENCOUNTER,,,
batch_001,encounters_epic_north.csv,105,EPIC_NORTH,E2266138,1388164b3d30b13daad45db925927345f8c8bd11abfeddbbb401c69919f547b4,1797e6483655535b2efbc4d5ad30a656a8a58a53d1adcae24126faacd0b9bdd6,2023-11-23T23:29:58Z,NEW_ENCOUNTER,,,
batch_001,encounters_epic_north.csv,106,EPIC_NORTH,E4744683,868d9719ddcc7fdce7c119a4edd70e4752c977a7d88a976ef92ef04b440482a0,397a47a0fd0ca168037ec1a5ad6a0d7e5c83c495ab7974ef5855a71fa59e7a3d,2023-04-23T19:17:57Z,NEW_ENCOUNTER,,,
batch_001,encounters_epic_north.csv,107,EPIC_NORTH,E5771544,d63a28d31637a57f1fd9d9c648f99949bfa118ed8177db1c929286ee4aa9c0be,46857438a830c8c77db92bea190074fa6ba22bd183f79bd0f8dc0cc7df5924f4,2024-08-27T11:21:42Z,NEW_ENCOUNTER,,,
batch_001,encounters_epic_north.csv,108,EPIC_NORTH,E4397301,b8c599de083372d9539d118fefde1f5c3cf66bf383109d63969d0dbd71724bed,82a09c4191bc3a43e1f15dca9e69570f4529ca1259398ad367d9f7822c5cdba2,2023-07-16T04:25:55Z,NEW_ENCOUNTER,,,
batch_001,encounters_epic_north.csv,109,EPIC_NORTH,E1179760,297c9078c24d1c72809be6383454218bde3c4208ae7465de66dad56ae281937d,bd64252a522914a2ddfdc9e094ef2e0bc2dc853a93f77b90f595e3e6fea7242d,2024-01-17T04:56:06Z,NEW_ENCOUNTER,,,
batch_001,encounters_epic_north.csv,110,EPIC_NORTH,E1037934,78ffae06f05e710e97670937d085feaf6f89bcf8dc4f3e9a373b94a84863472a,1906d00829ff2c3f913fe9c0041bc6f9dc98be1d93ccd20846257aa5ce5e4208,2023-11-19T18:59:27Z,NEW_ENCOUNTER,,,
batch_001,encounters_epic_north.csv,111,EPIC_NORTH,E5979529,12bf349b4e36b4f54a95f7c4f9c7cbbf0faab7a779b1a8b9630df873da6e1c3d,dece01c876b0ffbcee11b0ef8f779d03245a90cffa9ebe35f388518d569ba5fd,2023-11-26T03:30:34Z,NEW_ENCOUNTER,,,
batch_001,encounters_epic_north.csv,112,EPIC_NORTH,E6342137,ec271c64027eff42f3d81f767b5aa34ccfa045c603a5c4c5a94552111a555eaa,b471214ee0a6b1cb7f91c180e86ef13cb52ee781d76118971deba77a7c30d7b9,2024-01-26T13:02:18Z,NEW_ENCOUNTER,,,
batch_001,encounters_epic_north.csv,113,EPIC_NORTH,E3616597,9a39dedbef695b824852630e455b585350ab5c40f1819ca809729a3fad58e811,19b00edb34ba9396e8e64f5071c80a6127d8ef493401b6a8ec2da6bdef5e7da0,2023-01-11T07:20:58Z,NEW_ENCOUNTER,,,
batch_001,encounters_epic_north.csv,114,EPIC_NORTH,E5666530,b80847a31bcc5847f2fbc4ba7c169d2b20e47c3869c99f1f708b15781a3d4327,a4e1239a7ca286c5cfa879e3de62d789461a942af85349ade0c8ec8745e14f2e,2024-02-20T19:30:40Z,NEW_ENCOUNTER,,,
batch_001,encounters_epic_north.csv,115,EPIC_NORTH,E7567600,b5ebaca359c2850a6748b35280120dd7fee963f8db6e6a44f4ec0da2640840b3,85ef15553731773b16e64fcbce2a274b5f438301f3037fe6ec54770b103221d9,2024-01-18T19:51:36Z,NEW_ENCOUNTER,,,
batch_001,encounters_epic_north.csv,116,EPIC_NORTH,E9598091,9d4404813b6e6f4311eea32f110fab44e5a4ebbd1fe1fd6aba450d24ba8f9966,caf076bc868898463d878d5237f20ffbba1f6e195e2381afe99104e24a39ea12,2024-06-22T16:51:20Z,NEW_ENCOUNTER,,,
batch_001,encounters_epic_north.csv,117,EPIC_NORTH,E9641111,df57eba1b3918d2d78af89f27307e8b810c717392c8fe13ba341c340c3a143c7,1ffe33cdcab202c2d1049d60a1cb9fd54e89035a147b08087789d23c0ec9482c,2024-10-15T10:43:08Z,NEW_ENCOUNTER,,,
batch_001,encounters_epic_north.csv,118,EPIC_NORTH,E4798841,e636026c4c888b5ea04f48da3424c429b2800356e0062371607710902039cab0,a3df7c724b6e6ce8ba176b292caca619522b248210c9d78536003c769b3325fa,2023-03-14T23:43:44Z,NEW_ENCOUNTER,,,
batch_001,encounters_epic_north.csv,119,EPIC_NORTH,E2723317,84ac1dccbfd7744d382515eadb5e35b7c951d387523770fc084fee4fbdd63d6f,a2c22a3fb41dbca9629969bcf5902bff71a47dce97b537758f29237bd0827da2,2024-11-09T08:05:41Z,NEW_ENCOUNTER,,,
batch_001,encounters_epic_north.csv,120,EPIC_NORTH,E2598917,0cbe5f5628b10a4d599812ac9f428934ea5415e0e11a96c086a6a2d4bdc83fd2,79b0e552c8f1208a164cad209770bb0b523e946cbf6ff363469ac1a6c1c5fef8,2023-03-20T10:26:41Z,NEW_ENCOUNTER,,,
batch_001,encounters_epic_north.csv,121,EPIC_NORTH,E6512509,14c974bee053e254c04c36d1a3f6ba8f3f1834dc0e75c268bfc3a25a769ed1d9,36ef604ddd8942402da6dcb89e6117fcbaa863269de6d5215a85685f93b4d720,2024-12-03T08:15:08Z,NEW_ENCOUNTER,,,
batch_001,encounters_epic_north.csv,122,EPIC_NORTH,E7371856,c28c844b9241e7fbfe2ae6436b77e2b4e5a10e48269c7ca24f183a556595a6d4,d8f64a6d30ae0d3acc10831defeeb3fdcdbc543e41e6854080c4e286017cc308,2024-11-08T04:27:11Z,NEW_ENCOUNTER,,,
batch_001,encounters_epic_north.csv,123,EPIC_NORTH,E4733464,88d3634c641c205a3b511b28e6a53a27792b82741bec0f57da9679ab45ccdedd,69aceb1d87f8c17a2d306fd0052da50a31dc0b1662c02d575ce94382dd571207,2023-02-20T21:20:42Z,NEW_ENCOUNTER,,,
batch_001,encounters_epic_north.csv,124,EPIC_NORTH,E7414256,c619adb64e9e48dc39f4831254b30259b80f0bc87b910dde9fd54f09f070b743,7626803c530f06f68feabbf4aade566b0a997201df08f85b1e48193601f620a4,2024-12-09T01:31:49Z,NEW_ENCOUNTER,,,
batch_001,encounters_epic_north.csv,125,EPIC_NORTH,E5748830,0eea83b6ca9ae68f96f376ca155b8311cdc7d9478914e1d471410027186accaf,9c605798099440d78029a05b2415af311759b47dd6c49a9846eecbdc7e554911,2023-09-23T06:40:19Z,NEW_ENCOUNTER,,,
batch_001,encounters_epic_north.csv,126,EPIC_NORTH,E1918485,f4383232a962ebbc2b06cb0d4fde48a3837b31853b84ac102db23a79fd89552d,0105f8c6b74bc91bea11bbf022d72bbc88376b1f2c01eb9b8467a500849b4e10,2023-02-21T14:07:54Z,NEW_ENCOUNTER,,,
batch_001,encounters_epic_north.csv,127,EPIC_NORTH,E5868556,d5c2022c239cf02d8a6342eb701dd2dfaa09d6279f4009909208f2dd1bff0fd5,68e0ce03d9ec31d5434252eeff0bd5db243efa7d0ee5dbb502cd1fc68f15debb,2023-08-01T06:16:40Z,NEW_ENCOUNTER,,,
batch_001,encounters_epic_north.csv,128,EPIC_NORTH,E9179335,cf5a455e55df195cc86833c7b62ce92d41835b91b185c451e8a59bdc7984d8f3,fe96f6899a7fdf18fd504119da0d6f8faa5cc3618c50fbd123397547250c4d11,2024-03-06T17:24:58Z,NEW_ENCOUNTER,,,
batch_001,encounters_epic_north.csv,129,EPIC_NORTH,E4963504,762c79e81620470eef7a190c441e0e35c165e5cd9655974a88394107f4337103,b537d2453fdf7dd932164089e47224ba661288a1202d1dc867a1be16ad26c416,2023-09-03T23:00:27Z,NEW_ENCOUNTER,,,
batch_001,encounters_epic_north.csv,130,EPIC_NORTH,E5251832,f08e169dd27538defc12a7d60e22c07d32b4f5cb574dc203a07440101b050fec,9686cffba9522a7dfffb30b77f3368244745c43e1f913eab0b6866f83b57dff7,2023-05-29T07:30:25Z,NEW_ENCOUNTER,,,
batch_001,encounters_epic_north.csv,131,EPIC_NORTH,E3963919,bc3fead8b8d25618f9f19e92d4e001c5a3fe485ee93a24ed2119c12527ee873f,f1ccefdc27dca7858a154e717e018d056c69e0db43518670582ab2de27f0fd5e,2023-09-07T23:00:45Z,NEW_ENCOUNTER,,,
batch_001,encounters_epic_north.csv,132,EPIC_NORTH,E6672591,23dbf677ef910f0ac2cbae344f1af7cfb6d13254d5ba8604dcd1f63ce0df05b7,03935920f975de6ee7091f0a037fc71bfc06fddd4f5e0e8b12f71a43d76baff6,2023-03-09T08:46:10Z,NEW_ENCOUNTER,,,
batch_001,encounters_epic_north.csv,133,EPIC_NORTH,E1138041,84d2fb3d330ce700510df1d7d4578af5831e5f1a449023fe4d0e337fdf68c391,7152e4f6f21011a34f9a826e4a7793f4b198c73a8feb7e6dc38e3e572416d763,2024-01-04T21:09:36Z,NEW_ENCOUNTER,,,
batch_001,encounters_epic_north.csv,134,EPIC_NORTH,E2145608,242dbf2fc8ccef57780f28d58586dab21f0140e54c5a8067469fddef7d214e37,d9cee92dc9f7124016923b03d3ffb58252cbe0b2319b6f662bc4120ddd7c5e69,2024-05-26T05:52:55Z,NEW_ENCOUNTER,,,
batch_001,encounters_epic_north.csv,135,EPIC_NORTH,E4051851,7581c0f8685602f543178baa1aa3eabb2a9556c60896f331bbc5331442e0b2ba,4fd9661fe82052cf31fddf19f5f53fcf81ddf813df3e9f3d9d8b24dc46e379da,2023-03-31T09:56:59Z,NEW_ENCOUNTER,,,
batch_001,encounters_epic_north.csv,136,EPIC_NORTH,E4790780,c4ecc61f1700943b374e6ffc4be5c6eca53c377df71dfb3c59294353c25a2bf8,d113f8312977e59547187df1455b855e4775eb37db3de5fce498cb13ef6d1bbc,2024-09-24T01:23:45Z,NEW_ENCOUNTER,,,
batch_001,encounters_epic_north.csv,137,EPIC_NORTH,E4702716,1ea84d1b69065dedfd3b4128c65bfff3d138cc616df73c39d3d01de7d5b00f34,71d71136a7f85dfea9c2cae8671dfad5ae666b55bb9e08e8f870f4b8437ba78b,2024-11-24T15:34:04Z,NEW_ENCOUNTER,,,
batch_001,encounters_epic_north.csv,138,EPIC_NORTH,E8658745,4063f00293029fc02b90d62b03b30c25b0bbaae147848db6ca5e379681ff3735,1b5eea68b141c40a3b18ef657d54dd664312629cc7d666cfb42f6d1725f591db,2024-02-13T21:10:52Z,NEW_ENCOUNTER,,,
batch_001,encounters_epic_north.csv,139,EPIC_NORTH,E3240381,2478dcf7e15d792ac87182b02dbb9208b468f39a303967f1c42be9cfc99c4406,6aec92ede1a6f954d0ef20794aa3259c7d871584f99deb31ca3b1b6da00b3a1e,2024-06-16T18:44:07Z,NEW_ENCOUNTER,,,
batch_001,encounters_epic_north.csv,140,EPIC_NORTH,E3422915,9b16fe7c166fb5e209952e02e91adf5d899b1afc13ca63a401ce1a3e32d3c854,ab23851c3aaae1c78c0608887a6fc47363f4992757aae627e4a7d141765c64d8,2024-06-28T12:56:45Z,NEW_ENCOUNTER,,,
batch_001,encounters_epic_north.csv,141,EPIC_NORTH,E4098899,ce2cc04fa56650b6bf70f44b12868875ec0794610038864e7cde201887560c68,f61c15be95d4e342fd83bf6d47864af4cb65f76a2b6b2cf7b3d84c07767b10f2,2023-12-14T14:31:11Z,NEW_ENCOUNTER,,,
batch_001,encounters_epic_north.csv,142,EPIC_NORTH,E9273493,093b344bd1cf47a7fca2f6c2360423b77ac06e549c6cf95b3fe4e51ac02098a6,5f96f8874301d38cc358fcb7d86dc573f5903ca7d60669fe2725b4760b5d6b7d,2023-11-18T14:06:45Z,NEW_ENCOUNTER,,,
batch_001,encounters_epic_north.csv,143,EPIC_NORTH,E7128259,c10d8928036438c91734efaa26e97f3fe6ce364eb12768264049fd38dab29a33,1ad206d95690947a719db0612ef9146366b9a4aafd5230fc6b23589bc0591635,2024-10-10T14:53:00Z,NEW_ENCOUNTER,,,
batch_001,encounters_epic_north.csv,144,EPIC_NORTH,E8304194,b5467a9f3644368da2e0f124325bd4a362edcc63bd642aa814002926537ad2ee,59dfcb0506bf75e1f70060c48ff362f59fc935919770178599ae4c46f07b6d8c,2024-08-10T23:34:00Z,NEW_ENCOUNTER,,,
batch_001,encounters_epic_north.csv,145,EPIC_NORTH,E7575638,f9286f864b20e99f6e3e728f010f2dcf02259ab5764b17e0d672ec6890b9bef1,67a825d31b7095e518b555e0a58ce5e5fa0e679452a69d3f811a7a0e72fce007,2023-05-08T17:15:55Z,NEW_ENCOUNTER,,,
batch_001,encounters_epic_north.csv,146,EPIC_NORTH,E8359780,e3a3787eb39bf554cd128a120e35f6f5739bd8ed933d19b8e69dc7db8ddc3840,0559becd82da1eca54ca074d605add2ca96790726d3af3cb4dde72357b747113,2023-06-06T14:26:33Z,NEW_ENCOUNTER,,,
batch_001,encounters_epic_north.csv,147,EPIC_NORTH,E1784453,54782b4af929da5d7dfae16edce74bd605093e205132eb97bf4e35c834dcc31f,55f0a76fdc2e6e90cb6c46ba01818af4d6f40b2de69c0257bb4c7c2e16176094,2023-05-31T04:32:20Z,NEW_ENCOUNTER,,,
batch_001,encounters_epic_north.csv,148,EPIC_NORTH,E8830212,38ae4b2ae21a29ece6b9874f5c2b987f8c6685ff495b7f2a26a70e602c2d8b97,4b99167e0e78c5b92fbe5d994bbbfe0d2bd23d7a8936aa0fabbf269f3d1a170c,2024-10-07T02:36:29Z,NEW_ENCOUNTER,,,
batch_001,encounters_epic_north.csv,149,EPIC_NORTH,E7142769,08671aad3213927a96ed9d4f84de8e9a8b1e18811b254a14db4f70e167c90dc0,dc85019cfb06964e573bb8ec8aa3962c5218236d33621995846469f1a0c538af,2024-11-23T16:53:32Z,NEW_ENCOUNTER,,,
batch_001,encounters_epic_north.csv,150,EPIC_NORTH,E5183398,2edc9231c6faa8c83be20feedd1c968f7b6580463279fba4ca9416ca3b500132,c5771ed45d88ee61b49c2f1b14a423a93f186fdf0ff3c43991cdffd5325ac7ae,2024-08-19T01:24:42Z,NEW_ENCOUNTER,,,
batch_001,encounters_epic_north.csv,151,EPIC_NORTH,E5506070,d7a29dd08f972d621d85cdcd44e11838a21f3f9b8563d553f48680380e43584d,99f73be5140b85f3cda049c1e9110cbc36d674beb143cfa3a324a90f64ff3fd0,2023-09-24T13:06:09Z,NEW_ENCOUNTER,,,
batch_001,encounters_epic_north.csv,152,EPIC_NORTH,E3891716,3099f69139eca44cc396e530658e9288cae740126f415c3580dcd0855eb59b36,84e28574fba6aaf63fd651a7a817a4a6489faf3ca60772981098f15fdf37851b,2023-02-03T14:25:07Z,NEW_ENCOUNTER,,,
batch_001,encounters_epic_north.csv,153,EPIC_NORTH,E2195944,81263490556f1dd25d30ff4a974d03362f798d8a727ee602ec9ae5a99f7003de,57918aaef1d28a0426aa057b814336b1a10a0cad39dc36b693fc83154cdcf818,2023-12-01T15:27:49Z,NEW_ENCOUNTER,,,
batch_001,encounters_epic_north.csv,154,EPIC_NORTH,E6359259,e9c4d9a8d239745650225b48101ae82b1016242449074302262e00542f69857e,81bd7254ff2c9f0c2ec9cea04a462a6133332053dbae310717b4b0f5da30bf0d,2023-04-27T03:49:59Z,NEW_ENCOUNTER,,,
batch_001,encounters_epic_north.csv,155,EPIC_NORTH,E1053122,30164bc30189ef65c305278048efac4a7070d01a3b878775f0bc73e4aee4651f,f9fda8f552c11beb0119d1778141b0319b14a42172d4b2d16a8d6d9f78f89867,2024-09-06T07:02:22Z,NEW_ENCOUNTER,,,
batch_001,encounters_epic_north.csv,156,EPIC_NORTH,E2634567,de4905cdd0e2c8e38bd17296dd14f4584048c693a57556c7956fdc54dfeeaae2,30755eca620be3bfc46f10b78727dff7d6b5ea8ffa19f9cad5b6b661a21365fa,2023-02-13T17:04:48Z,NEW_ENCOUNTER,,,
batch_001,encounters_epic_north.csv,157,EPIC_NORTH,E2067261,350cf1ba8c1b4f0fc0510da80a9ce7b936f3d894428d02f13553d6d491c10352,008c9034a3de6acfb94826ec007138f0631485a6e53a46eb9fcccc4f875ccc76,2023-05-06T19:32:28Z,NEW_ENCOUNTER,,,
batch_001,encounters_epic_north.csv,158,EPIC_NORTH,E1076984,e8e2d316d9f7f18bd24b7244a55841f8a505d6fccd2f00f26ac3807999a20885,fea838f27ec8ba260c388e82665862432c0fc8a44ad65583b0d33e752a0d352e,2023-11-16T16:05:43Z,NEW_ENCOUNTER,,,
batch_001,encounters_epic_north.csv,159,EPIC_NORTH,E5806147,c685e8f0648eec842542f3fa9230feafc3f26678f6777eda8003c12b0987208f,9267c21258366e92bc08381d0b9dd79ad4909897e18086ea0fd8af7296fb59e2,2023-12-20T07:55:43Z,NEW_ENCOUNTER,,,
batch_001,encounters_epic_north.csv,160,EPIC_NORTH,E3751514,79c8b42df981c306bae2ab7112e7c337e99eca1a64b6f6cb3a9bff7cf88b0a64,9a22199ab661911910b070c2ddc74335b858bd8d41da3f8e9ee4a8f330962828,2024-07-28T20:26:39Z,NEW_ENCOUNTER,,,
batch_001,encounters_epic_north.csv,161,EPIC_NORTH,E4426066,e1c31c510f80c51de265ad27a5d878634a0d09296bb4510fee006175cf1f31db,70285f0292970fafb580c886b4368990d6a725d6ad492650cb78625292a6cd2c,2024-07-30T04:22:59Z,NEW_ENCOUNTER,,,
batch_001,encounters_epic_north.csv,162,EPIC_NORTH,E1629266,e17558b879f43a6475dc250df3745cdcbb3fc114656aaa7151f4a4d38c415885,8ae1c4525b1f87e89ec4926e7f4aa32f27ee98f51872b2abe0cb34e7e6302943,2024-08-05T04:00:10Z,NEW_ENCOUNTER,,,
batch_001,encounters_epic_north.csv,163,EPIC_NORTH,E2625926,493d21e965d2c8dddbd719c32ef88e41f312ff75e6294b5aa02da97d09509f8f,96d87e5888d731962635e20228a3a80dd7a109a06ffbc351e6c97069cbc83997,2023-07-01T18:41:18Z,NEW_ENCOUNTER,,,
batch_001,encounters_epic_north.csv,164,EPIC_NORTH,E8506297,19490de29aa6ac570cad90eef865e62bdaf6bb32fcc9cef1ac51c13f3331fe9c,c6004dd7fa1e2441f03986b230add56aec4edc028c3dd7ffc2476e570bc12d15,2024-03-05T07:19:43Z,NEW_ENCOUNTER,,,
batch_001,encounters_epic_north.csv,165,EPIC_NORTH,E5880229,d8a67a42f037aa31c4089fe8e3264fe331e63c88b0445c77e41a518fb8f40e69,8ebe465cc2a38dd7a1924f9a3193ee5ccbe996da174671d9d08f2a9cdd093390,2023-11-14T05:50:16Z,NEW_ENCOUNTER,,,
batch_001,encounters_epic_north.csv,166,EPIC_NORTH,E6257019,b09ed42d056f5e4f63ef4322c541da0746ff97352d3ef5db50dc6793e4c557a8,7fcf7db0225a47f27b16f0a2c62feb511a68c294985bb9e893334eece7956042,2023-02-04T01:13:22Z,NEW_ENCOUNTER,,,
batch_001,encounters_epic_north.csv,167,EPIC_NORTH,E2540543,79b347f82d22219a8ab8029f7c8f70fc0782d60a29d391b4d3d20d6f951ced5f,59012e58ad5294530b9ef840faf257c5a9fa1370488a794a2f09c8b2597838ff,2024-07-29T22:53:38Z,NEW_ENCOUNTER,,,
batch_001,encounters_epic_north.csv,168,EPIC_NORTH,E7276207,e835e02d6e821b634999c5b2acdaa5a4389a00e5c13aeb0fad3f9f13ced4e548,0c233884c90a277ab5a1ebf5b2843da03a24f5f3224538943b7248f624297d07,2024-06-23T04:32:06Z,NEW_ENCOUNTER,,,
batch_001,encounters_epic_north.csv,169,EPIC_NORTH,E3666644,0d34ea5e1373a2e9e001972fbdb0e255a38747db8c2ee5cd7b5f9921d66657e3,7a0c1c4444bb3967d5270ccc17bc2d657bcbe85a405f16eb208a2f4f278e5885,2023-06-11T10:01:24Z,NEW_ENCOUNTER,,,
batch_001,encounters_epic_north.csv,170,EPIC_NORTH,E7160926,1de0c78a7d04e0bf08329241977b6c3d3a75641a1e5b2e07646ba07f057d9a50,2bb522318bbc55f8070c91c82d3a3c00eeaafa16779c5a838b31d65e3b6feda3,2023-06-19T17:46:27Z,NEW_ENCOUNTER,,,
batch_001,encounters_epic_north.csv,171,EPIC_NORTH,E3226035,fb1ab189816e0365dfa400c8db3105c49fb540acc15dc69baf8cbb788900f06c,66b12a6949884f20bb7d12e8311b823645672261cd9c4a8b506948034a1bbcc8,2023-12-24T03:12:30Z,NEW_ENCOUNTER,,,
batch_001,encounters_epic_north.csv,172,EPIC_NORTH,E1436304,ade3d5f228e32919f535401d597b68e87e6913f619b0065098f962a1d21cced8,6168bb6df049905eb829ef40c744a2c873644c7f0cc78909ed7bc14ac119eaa7,2024-05-26T16:57:59Z,NEW_ENCOUNTER,,,
batch_001,encounters_epic_north.csv,173,EPIC_NORTH,E8046303,6318ee320c1c0a025dedb2018e3853bbc7890b4ce323e6c5632ac62e36acf611,b1873d416920fdcf4eb3dbc1652eb582ee527de63265211eda684b2c3b05c06a,2023-04-16T18:51:22Z,NEW_ENCOUNTER,,,
batch_001,encounters_epic_north.csv,174,EPIC_NORTH,E5873258,2ab475f911583bfdc6d1ffe2081f34f07a4c6c6e0f2b70d1eca149c158a0ea66,5b92515a396b7b8e84e096dcc2a7fc8e7a2293f9364c9e7653667a50f0abc16c,2024-07-23T12:00:42Z,NEW_ENCOUNTER,,,
batch_001,encounters_epic_north.csv,175,EPIC_NORTH,E1368281,37336472db5bff26ca9a440df1ffcf05287b3c466eff8b33511ef25c01e2d38c,cc117cc0ee377840213f235c7e92652ebb3054fc281d5aab2507e43e4d1e031a,2024-10-13T18:53:44Z,NEW_ENCOUNTER,,,
batch_001,encounters_epic_north.csv,176,EPIC_NORTH,E6063514,cf251c0fca795c12aa9c30fa8bd4219c858698ea958808086185b0c47c0b06e4,f70c869777e9339156ff4bdd2778aaf50e7a7a92d274e1f203f6a40b91dbbdb9,2023-09-02T04:24:05Z,NEW_ENCOUNTER,,,
batch_001,encounters_epic_north.csv,177,EPIC_NORTH,E4905569,7e4719f65e61bf1b18c3a19e21a2888d1ee4f7a2f557eb528eb5ce9d9f7c8703,49e170a400e2581b60c5d030e3317c08e9ba3d6f7aeb36db024569ae56d7e138,2024-11-23T20:24:52Z,NEW_ENCOUNTER,,,
batch_001,encounters_epic_north.csv,178,EPIC_NORTH,E6909317,04e2954ae582e7b846e8e23775e7b9bc951284decbb5697e97da2001f6a5285b,beca315fc2eca72869f5dde65979c5f02c005c982bfec0811c9a81ab7aef5d69,2024-06-05T17:46:11Z,NEW_ENCOUNTER,,,
batch_001,encounters_epic_north.csv,179,EPIC_NORTH,E7050367,8975563674a94a297e7aa2427f4f698afce7290730e41c3119e95e11564bdd1a,91cb2efa284cfc7757f6ee9fe183a6c86ed94af97c67ff2f59e9d1cbab562c5e,2023-08-13T13:34:49Z,NEW_ENCOUNTER,,,
batch_001,encounters_epic_north.csv,180,EPIC_NORTH,E1678743,99aa640b9b100f1155eaf2078ba9a2cf3841f965653d00b26a05a041c1f5d88e,81e16e6813d3f103d5823cb82a071468e0e4a180537a5963757cb6a59cc9960d,2024-05-14T22:54:31Z,NEW_ENCOUNTER,,,
batch_001,encounters_epic_north.csv,181,EPIC_NORTH,E2230857,eb9076cf70022e3fb2c4d2368578dd35a03bbf02a493374743c40ae5dc58f56d,631c911274280285823486ee800ed16fa8c10bb81afb2dbc35319367118aa942,2023-06-20T04:53:09Z,NEW_ENCOUNTER,,,
batch_001,encounters_epic_north.csv,182,EPIC_NORTH,E2030659,7a379e18841ff3a1ae4590fe3e6e64243930ffb0fa92f43f0782c8fdb6f49895,f7f23d213d32c26acdf762892a1d311fe45635de2765518a9731b3497d60c2db,2024-02-11T06:05:57Z,NEW_ENCOUNTER,,,
batch_001,encounters_epic_north.csv,183,EPIC_NORTH,E1187070,0b5dd4f9c2578aeb07315ec66c7bf5e3964fb59398ed6d2945888b84ee412451,914499039b55d5d61bf9002fd747090b1413f2807bc862ee6e8ea84c10bca911,2023-11-26T17:06:36Z,NEW_ENCOUNTER,,,
batch_001,encounters_epic_north.csv,184,EPIC_NORTH,E6200045,b2740f562c429265928ef6399e858eaf5b51059703b2defacb94e4f11d599018,7b5d869dcda51b2b3157bca925908015855e834d47b18df2e2ec8a032c593eeb,2023-05-31T08:54:37Z,NEW_ENCOUNTER,,,
batch_001,encounters_epic_north.csv,185,EPIC_NORTH,E2251636,f7d4062049305916a88382cb08e11eba157bb59852f9d2a8bde800f1f1945368,237efaf4032bc4143ebd62589987420a29575344b99cf0993b70113303ff43ca,2023-07-10T11:52:06Z,NEW_ENCOUNTER,,,
batch_001,encounters_epic_north.csv,186,EPIC_NORTH,E3142831,3749b43839642b99933116adfa95730d1f8a127c39686966ec19ebcfabf7ed37,0ffe00068c8a8f0d575dfc88d66c9d7907128fb9e683f7be8f29c4b12a3b648d,2023-07-27T03:47:02Z,NEW_ENCOUNTER,,,
batch_001,encounters_epic_north.csv,187,EPIC_NORTH,E6582407,0ddb1c6afaebe8e0d339728438fe079e4d5bf8f5700cfbb13a585a5d3b5a063b,93956283cc544856d0717fe845aec78e72f67f79bf48309d1c2c1ff01aed0dd5,2023-02-18T19:56:53Z,NEW_ENCOUNTER,,,
batch_001,encounters_epic_north.csv,188,EPIC_NORTH,E5825829,4677e302b9f1007357f678a7f8277ba39d287e166b46f03a9b7f4bad94ee3ff1,c18b1a062f6a545c8712dcbd29e20d87ed164103f94a6ffa4b5db7a559a1e05e,2023-05-12T22:06:19Z,NEW_ENCOUNTER,,,
batch_001,encounters_epic_north.csv,189,EPIC_NORTH,E4956421,bd612cf7ef12c5591c8e0ee6aba55e901d6447867ae048379445ea4f9131a0b5,340dfc432832491970044512763d01442da47d91af471d04971fe799af024404,2023-08-17T18:56:41Z,NEW_ENCOUNTER,,,
batch_001,encounters_epic_north.csv,190,EPIC_NORTH,E4011473,daa930b3ccb53e6e9ea316e491e997ed7177142a96d5e07deecb579eda7b4b10,8f54756442f600f46a67c741e2b07607e7839adce8c8844c2e21e5f39f56ad45,2024-03-07T11:44:32Z,NEW_ENCOUNTER,,,
batch_001,encounters_epic_north.csv,191,EPIC_NORTH,E1476291,765051421750420d023c4a595c8bba3944726b45ea9c2c11784bdf7ec1458cfd,1c313f64ace272c1e04b3662d755ffeff21c4f85c18635294ff512f8517b898e,2023-06-14T02:09:02Z,NEW_ENCOUNTER,,,
batch_001,encounters_epic_north.csv,192,EPIC_NORTH,E5965010,0a54368f74d1a14bc19d050c27e36a8719574eb5de9b1190c8721b2ca27903c5,3d1f0803859878a3b36a6feb97190ab7825b51c9e877e5b91cf9dc35bef394d5,2023-02-21T06:07:15Z,NEW_ENCOUNTER,,,
batch_001,encounters_epic_north.csv,193,EPIC_NORTH,E4522050,62260bfc006cb70ff7a4ef97f8c2cf71fb7750bdf745c13a89c32991704653a3,59c63c4ba7a12e9d2462eb9c2dbf8c71517c026766241866bc82bbce51cd4c3d,2024-08-30T16:08:12Z,NEW_ENCOUNTER,,,
batch_001,encounters_epic_north.csv,194,EPIC_NORTH,E1238723,fd30ed40553ab942ea4b2add36cf902eba2ab7e8a7969f2acfd6800c11192edb,ad291c4c6bc947db4db0081437a87cd65d2ac8ac87582b98cc7639e9376e6b7a,2024-07-19T03:18:14Z,NEW_ENCOUNTER,,,
batch_001,encounters_epic_north.csv,195,EPIC_NORTH,E7381513,200d0fe380ffb65e1735ba29adf78622426f073b4c8b0664fef3564e26f169c8,4947d24f4767ef2304b1c50d5740559b6c98086c53e72577865683f1f0358dfb,2024-11-03T01:49:26Z,NEW_ENCOUNTER,,,
batch_001,encounters_epic_north.csv,196,EPIC_NORTH,E7094056,7e24a6c0d5e140c3847eca0a416db3dd4dffe35aa551c00fdd0f9200eceda670,fc766f2377c7523ddcb50fd5bfaa686f9509e51bdcd2b3a72e8e01748685de86,2023-07-01T18:46:24Z,NEW_ENCOUNTER,,,
batch_001,encounters_epic_north.csv,197,EPIC_NORTH,E9722443,b6a02a829a00acff64efdf2cc44ee965169c14f34526e689c7a948586d0ed18c,ee2663274e4a60bdc971e76cfd05c8a823eee75b259fa62909df6c49a46c7ecc,2024-01-04T10:49:07Z,NEW_ENCOUNTER,,,
batch_001,encounters_epic_north.csv,198,EPIC_NORTH,E6688063,b951a2f3a7054c2fc4fd73b2eabcd005ccea4f67b3b695daebbd8d74e8de61c8,c0b69b72159cf94b52310271d37b2872794cb999abef1675ab07db97240c55ef,2024-02-22T11:54:09Z,NEW_ENCOUNTER,,,
batch_001,encounters_epic_north.csv,199,EPIC_NORTH,E7037141,ac10472e3693c6f97f195ba5d98d59b71f4a6be212c65f648c6228f8a34cb906,c8277f677ef1871ce5d9647afa42ea0818dc76d615b8f5976650c44e5963a5c0,2023-07-18T11:32:34Z,NEW_ENCOUNTER,,,
batch_001,encounters_epic_north.csv,200,EPIC_NORTH,E7833977,75b283b7e49f3d9fb2efbe5b2fe6b8f5aef6b09724e617b0bcfb575f3b63b419,5b8dda03e134cdb0b8f83a4956cdd7c1e80c4e1c19cdaa25700316d53136d19e,2023-07-03T04:19:01Z,NEW_ENCOUNTER,,,
batch_001,encounters_epic_north.csv,201,EPIC_NORTH,E6555779,7d0a79b9ace9e3b715af719cb84dd497940cb451cb9c50b62ef2b2b3c7df3b19,51bb949ee6e536f198ab517451682e6d3921db372cfab4f295a340ecaa024e9c,2023-05-10T00:25:52Z,NEW_ENCOUNTER,,,
batch_001,encounters_epic_north.csv,202,EPIC_NORTH,E5302906,b926388b3a425647c3681153827bda27e9999234e122b39e9e88587868dc330e,4813ba20c69cff559592f1982750c3d2bf1657e84540c46c964eada1972146d3,2023-10-08T04:46:51Z,NEW_ENCOUNTER,,,
batch_001,encounters_epic_north.csv,203,EPIC_NORTH,E2343053,07d16ef1c0d5f148afa0a34492e1600a22e634ba9a73b46a7046190dc1ca8319,ee61dd7cdbcf620579b4514082ceead01339a8a27319a3159a9e0d4cb879abe1,2024-06-20T15:29:59Z,NEW_ENCOUNTER,,,
batch_001,encounters_epic_north.csv,204,EPIC_NORTH,E8852457,f261e09b0af1e58700473543f339048322028372342b3ca2fb0887d2055b15aa,c4cbbfb584e96e894cb00110b08c9d242d194bd0ce63ab7da8ef55964bf5d902,2024-05-03T11:51:42Z,NEW_ENCOUNTER,,,
batch_001,encounters_epic_north.csv,205,EPIC_NORTH,E6466118,6f10f46a0721835d64940396a3b2e3b94689f5faac2d1d2750c327e136949385,dbfd31a1f0a992729fc84934920b02e61068d32a94ffd179ef06b709ce4c627e,2024-10-05T18:46:51Z,NEW_ENCOUNTER,,,
batch_001,encounters_epic_north.csv,206,EPIC_NORTH,E7766784,111be1409931b4ebb1bb62beaa7ad051ade47c0567f859b23c1e21c11e95e2a3,baa4f0e56ffeb0943d7bb2085b0ff2a0d160abf9bd7d03eab70cf298799246bf,2024-06-16T09:17:08Z,NEW_ENCOUNTER,,,
batch_001,encounters_epic_north.csv,207,EPIC_NORTH,E3037757,d07c2642b11b7711c5700a787617c7d2d349ac761ac706112feaae584e6778f0,a1dd376fde4a370315a11fe540d63c0a7b6999d19e0f57da3684b92097ea93d1,2024-12-11T13:17:41Z,NEW_ENCOUNTER,,,
batch_001,encounters_epic_north.csv,208,EPIC_NORTH,E2972133,2a28b2f4b692e18a228f981395cbbebd8634e49476388ce6c7dfc6f0453243a2,3ae450c66f0d26e579b9a935de15c0e012ece55ede89e9cd4062588a331f5130,2023-07-25T23:36:48Z,NEW_ENCOUNTER,,,
batch_001,encounters_epic_north.csv,209,EPIC_NORTH,E9755638,29117ba546c4ba05efe54b84ca238aefa20df6e0af975cf300d55ff40880961d,5e72bd83f4b5a88c219311773336b5c2b5b976571e92f4b71937ca260472430a,2024-09-01T04:37:25Z,NEW_ENCOUNTER,,,
batch_001,encounters_epic_north.csv,210,EPIC_NORTH,E4458277,8f3632abf42bd9be7730523e89081064f3d710922a748c507924dcd1e8b0fe6d,5b755d737364d2eca3b6623ba51cd5e6fe73d78ab746ded55be11849858383f6,2023-09-07T13:09:18Z,NEW_ENCOUNTER,,,
batch_001,encounters_epic_north.csv,211,EPIC_NORTH,E6331969,889235908451db4d43eaee8d68068c4f7c630b015f6556194a5f83ca5f637563,897c97726e596a63597086d91a896a7115cfe5fcbcdddfc7d35ee5ab1d44a100,2023-02-27T21:52:19Z,NEW_ENCOUNTER,,,
batch_001,encounters_epic_north.csv,212,EPIC_NORTH,E1891021,6f0afc4a8b0e7618efb5078a632205218c67150edf2c5069e34955d36882573e,b7b67b74c686fad8acb8ba8b07aa21c6131f745ab703cbdc8671c5bc29494c39,2023-08-08T22:23:02Z,NEW_ENCOUNTER,,,
batch_001,encounters_epic_north.csv,213,EPIC_NORTH,E5776964,3d2ae49d8b595195374bd1f9421b883da297e8e32bad47c9a465b1f2571657c6,3608423ad626587a59b2128fb76ce3261b74c61c70e2a9fc206b98b6d06122bc,2023-10-12T07:02:00Z,NEW_ENCOUNTER,,,
batch_001,encounters_epic_north.csv,214,EPIC_NORTH,E6641028,63a1c01cc5f718fee86044e3d19089061a0e5e0bd2593bf5f9b3088b9c04250d,3d186cce82a65567664e0ecd27a005d030c8725f696251372fb217904b17fbcd,2024-08-12T07:52:52Z,NEW_ENCOUNTER,,,
batch_001,encounters_epic_north.csv,215,EPIC_NORTH,E4355532,d110fa43c59640d02862c08bf8bf894fca03e7d66cdc61368c5e7c5a977a24b4,b6d16f11cd0b38724c0f69a2ab7905471ca020a85b34f06ae4039fd324ef92ab,2024-05-13T17:02:51Z,NEW_ENCOUNTER,,,
batch_001,encounters_epic_north.csv,216,EPIC_NORTH,E9059451,43bb141d72595c61610ec2cf8036e7bee271bd84f4d60935c51e55f2cd438487,d6d41ac9ab9dccb40c35878e6999c6dbb1ac5e37c627077d51442e10fbb9590a,2024-09-25T19:55:51Z,NEW_ENCOUNTER,,,
batch_001,encounters_epic_north.csv,217,EPIC_NORTH,E5693211,be712ce48b966e49a0abab07b814bae58e9406d8ae80c65a62c5bcb74f9bbf0f,e87b77c8a90a922530258991521bc00213171859f90c692da7a25089f4104f6e,2024-03-03T23:19:49Z,NEW_ENCOUNTER,,,
batch_001,encounters_epic_north.csv,218,EPIC_NORTH,E8494518,19095993a2e98f624d0bd9cc43821bc05e3c0c5353fb07d6ba7a4e247034f413,d88c984ba2d793526641c9d9c57d80dacc3b4ed30554ba0c1a55e65b2e41a8aa,2024-07-06T18:36:46Z,NEW_ENCOUNTER,,,
batch_001,encounters_epic_north.csv,219,EPIC_NORTH,E2217239,f70b4e7a0f6e7b38cbf7e12bc598d163b1462be8159a0f53b92cef1e90c980d5,cfa1fbbc6d7939524a0fae470c13602ef922370a6ca75508c84dec926843639d,2024-08-12T16:55:45Z,NEW_ENCOUNTER,,,
batch_001,encounters_epic_north.csv,220,EPIC_NORTH,E3113204,c54ca40db81f057184d5be15d4f2118c1739fa643c501aef200c97330d19f481,1ab54f3df90da97eaee7b79c66f3ef8bafc6d33fabe5c9527c116444e54b869b,2023-11-03T06:24:08Z,NEW_ENCOUNTER,,,
batch_001,encounters_epic_north.csv,221,EPIC_NORTH,E5427420,73d3003c404d18730a38d7791a124fe3bd07c2bb32f8c4a02c64b09489cf7316,23612148020adccc9795080b3b13af7ee65fc4c81ff27f0193672c01f9dc3e04,2024-05-06T11:29:13Z,NEW_ENCOUNTER,,,
batch_001,encounters_epic_north.csv,222,EPIC_NORTH,E6291931,1551a8d8a516f2f050a02752b3c1a2ea541ec55b25767f1518feb00cd3b3960f,4db6e4e9adf97fd0d416bcfd0bf5b1172603f2327986ea9f39a39390763d5bcc,2024-03-05T13:45:30Z,NEW_ENCOUNTER,,,
batch_001,encounters_epic_north.csv,223,EPIC_NORTH,E1170154,2a00dde1e1b4763cc21bff43a0b742e0b839d1ea4c71a2f137c3c898521acef1,a6e56bf7ccb4ae01afae29e1699d4b675017c7d4e3fe2bc5bec23cc714437e4c,2024-10-11T11:11:04Z,NEW_ENCOUNTER,,,
batch_001,encounters_epic_north.csv,224,EPIC_NORTH,E4079148,257c1c9b71b2938167c4ed9488a9e6d40952aae1244818db4c7aa38f8ee8d0e8,616c8851876999f8ca744f34db487f72e195d8e457b4041537bcfd8819cef27a,2024-11-07T02:40:47Z,NEW_ENCOUNTER,,,
batch_001,encounters_epic_north.csv,225,EPIC_NORTH,E9710701,3095d7836efd940515932776240bf779507383bc920e898e9e5d4849e17aeb91,ea2cf7f99c49c98be00e09d872cb84cea0ce7acaf7532ef2ad81dc024f4a712a,2024-05-07T17:08:28Z,NEW_ENCOUNTER,,,
batch_001,encounters_epic_north.csv,226,EPIC_NORTH,E9740432,cfca4f29478bff4da9864c34e0cf36aabe8d3b79740cc88f6050b4064c17cc79,9235e80c75a52e29f8969cf68c24cc70287f6e41e8c598e811c6e928c257d97c,2024-11-30T23:54:58Z,NEW_ENCOUNTER,,,
batch_001,encounters_epic_north.csv,227,EPIC_NORTH,E6481400,19725079ac4e684230e640d4c7465a6ffc091bef5f40ff6ffdd15ecaee6cbdcd,5189c77a5957e7d12164d57ec7b74e8ed9c92d6dad154c1add952fda2bdfb56a,2023-07-04T10:56:14Z,NEW_ENCOUNTER,,,
batch_001,encounters_epic_north.csv,228,EPIC_NORTH,E9585068,63a922e4f339dab5c3ff03d5ee20e0536012a657fdec498c532b4b8caa102075,1d839cfd81451c31fa70d7de9b30363d5e15aebe379581f007efba9f694880ba,2023-03-22T08:32:55Z,NEW_ENCOUNTER,,,
batch_001,encounters_epic_north.csv,229,EPIC_NORTH,E4401601,9835bfc23b82012cf32f7f1647f2f348eeeedf28ff5778e03d074f04aec423cc,f3f01e1cd4cb301448d9bc98f423fe21c6028730eb4aaa3d0eabf6ea3e5965e1,2023-06-12T00:56:33Z,NEW_ENCOUNTER,,,
batch_001,encounters_epic_north.csv,230,EPIC_NORTH,E5581606,ab7562e7b9117b3a4f5442d0ce4510e2751e147f1a06bb2c6f3a9585217304f1,ba492054ed6f56f19785c6ca869ca3ccfaadd182251fe9f9500b76e5ba76d121,2024-07-04T00:08:36Z,NEW_ENCOUNTER,,,
batch_001,encounters_epic_north.csv,231,EPIC_NORTH,E6055170,21225407c3e95183de8c092777d2513b90e029372a8afabccd3835cf3882c7ac,5a1f3d1e4006d3dc71d892428a6536ee2062eba5ab391c36232d146223c907a9,2024-01-13T19:57:32Z,NEW_ENCOUNTER,,,
batch_001,encounters_epic_north.csv,232,EPIC_NORTH,E1006227,bd368e5b1d28df7ab6ca56c0496b9abb029b3230d21b2b1fd1b3ce3927adeb6f,7fb1ff60f34e98274630665d4fcf340ca4edf390cea17c43528e462a5736afb3,2023-09-13T20:04:25Z,NEW_ENCOUNTER,,,
batch_001,encounters_epic_north.csv,233,EPIC_NORTH,E6279642,2eea6e8720c5175f2017b2b66e097e06a22317375cd00183d2cf99e709ba78b1,92b81ffe08132390fac0bba73741be33d633cfb1bdc51e0ad0b6c9b50d18e830,2023-06-03T00:27:49Z,NEW_ENCOUNTER,,,
batch_001,encounters_epic_north.csv,234,EPIC_NORTH,E8646716,a0a0e8b4bf6af75ddf7eb5ca8bb93bad557a143d0d0ad4c3fb8ebe4180c384ad,3cf69b5d1794d3ccb74bf0d97b69a89fa3e5c6ffac61526883c113fba143ee73,2024-10-04T21:47:56Z,NEW_ENCOUNTER,,,
batch_001,encounters_epic_north.csv,235,EPIC_NORTH,E8985975,f50d226a2491f5c73cf7cab8b3a81abc1b7e0be97a5a8c0299f44f33e49f9e05,5d7bd4bfbba3628f6b53406d9a0339a00946bcfc98bc04edb8997f280b5b9ea9,2024-12-01T07:42:23Z,NEW_ENCOUNTER,,,
batch_001,encounters_epic_north.csv,236,EPIC_NORTH,E4953245,3dcc32048ae982100ae3e87acb27521ba4cb288a4be8375698783441572b1a01,8daae4426447c126d8c3ee97571bae4e88a5af14ac22c167b8a9681500d0f0fa,2023-06-18T09:24:35Z,NEW_ENCOUNTER,,,
batch_001,encounters_epic_north.csv,237,EPIC_NORTH,E1195640,8eb8b43652168aa113393d2fff302da6744dc519f6a4aa38242e1a832da88276,b0e061297e1e3cf7d14360cd3e610e2d280a01723f95192a5c621342feb3421e,2023-05-22T20:25:22Z,NEW_ENCOUNTER,,,
batch_001,encounters_epic_north.csv,238,EPIC_NORTH,E6952306,0831b0190976295df0e4e6e7705d80aee32d42c67145843b4933628d9b559a9c,2fb67ea2fe6d0f51f3eddadff3e21060f9c92d2ce3429e0b3443482ea213aa47,2024-10-16T03:06:05Z,NEW_ENCOUNTER,,,
batch_001,encounters_epic_north.csv,239,EPIC_NORTH,E5413227,0c94c60b6033ea1ab6b24060759a8811beaacd41ef55b648a25affd592113829,9dda5537b1e650ed2289b61b480d1fad48971bc4fb468a5e6dd373de8a80da39,2023-05-03T07:32:02Z,NEW_ENCOUNTER,,,
batch_001,encounters_epic_north.csv,240,EPIC_NORTH,E1413168,39a5a03a0c0b480340b520c68f0a92f47676121720caf604bde05740d23e5627,261a6026fee284096c1825b8615418315b31cb4860cc50d4a52b2fe9884e459d,2023-05-18T04:23:11Z,NEW_ENCOUNTER,,,
batch_001,encounters_epic_north.csv,241,EPIC_NORTH,E3372521,ce3c507a6c0fac5f058642c9c99ae86028a1d75f37bdeadfb1f99a36f77df026,7d59df1e369df7b8afbea0d70dc45b24039ed85ae9175b980b6a5c19d0c8ed34,2023-04-19T20:49:52Z,NEW_ENCOUNTER,,,
batch_001,encounters_epic_north.csv,242,EPIC_NORTH,E8109710,002cff4c71ec515b8dc81419117b90ee0f7f4ff7cf78f5e8de3a09f2c22dcb3b,8dbbe5a29b6e71b8b6a15c50985c6e690a67cf326214b108b641c4891b33fe9f,2023-02-10T17:09:06Z,NEW_ENCOUNTER,,,
batch_001,encounters_epic_north.csv,243,EPIC_NORTH,E1883355,0206c71f9745a5f20fdfbf5345292ae66aab73114423d3e452638ee4c116dcaf,e7944da3f1da8ec7943ac709670c4e7541188e240e99751c7961fa87cac3c69b,2023-02-10T23:11:30Z,NEW_ENCOUNTER,,,
batch_001,encounters_epic_north.csv,244,EPIC_NORTH,E7530663,ed0b08304c3fdfb9721e859b0291069ae61746bac9b0c5fe8b5a4115cfd2dacc,7e21be5b11b0f0eb5deaa3a4c63738c1dc316fc11deac363b2b67c20fe5bcee1,2023-06-04T14:32:22Z,NEW_ENCOUNTER,,,
batch_001,encounters_epic_north.csv,245,EPIC_NORTH,E2629222,86e719957d0d569769d6f3b9c7a2e2134044662d63e56fe9200091e5957c6955,a26b6e7a5dec299af05a6bb32b0df2db88bea1eb66f2edaf3c9b908238c91f37,2024-01-17T18:11:27Z,NEW_ENCOUNTER,,,
batch_001,encounters_epic_north.csv,246,EPIC_NORTH,E7704778,8adb413bb4d1195a91bf60e42dc62a4bf2a1edc00a103636685581995f4a6571,48250098203dae9edb6f9030ae1b315de3e947d5c390f01e9034eb6d6ba54e6b,2024-11-30T03:50:22Z,NEW_ENCOUNTER,,,
batch_001,encounters_epic_north.csv,247,EPIC_NORTH,E1516771,d74127a2236aa6f800e2d13fa9735ee723dcfbd86fd08bd2db3bda4c63b7e262,bd99d81c5f07a777e729ec0626f90ade75003b33d2d27159b68cf40a2fb492a3,2024-02-18T12:26:55Z,NEW_ENCOUNTER,,,
batch_001,encounters_epic_north.csv,248,EPIC_NORTH,E9581812,f32532c88dbf38ae124896dd9ae0636484081ebc64baa089d97f8524dd862b6d,9b4aadb7fc40239e44df0c843485b665963d606c95146200e56d10125d63b918,2023-07-27T22:16:22Z,NEW_ENCOUNTER,,,
batch_001,encounters_epic_north.csv,249,EPIC_NORTH,E7698215,40c5009997d49cfd11115afabfeb086413e3e7169d2367d779aec73340fe1a8e,8c9da267be22e9af13fc4896043bc4291758d5fa2798ba5267bd32d6155d69bc,2024-11-06T22:11:12Z,NEW_ENCOUNTER,,,
batch_001,encounters_epic_north.csv,250,EPIC_NORTH,E3116736,2599f7fbaa85e3301bdc30378e58ba054bcea118d875c6db5126cd43d6438bc5,5b2ad3b4056216181f8a8c0122d2adb8777412d20a08a541d77f1af38f4891eb,2024-11-19T04:25:53Z,NEW_ENCOUNTER,,,
batch_001,encounters_epic_north.csv,251,EPIC_NORTH,E9792520,3f58c4111e7c62ff65a283e9979f79f7aca07990f06a6700f9ca12f95840386c,ef94764ab8e0f84435017345db4b0ee4365caf90a9a37a79560b1015ec93b5e2,2024-02-07T10:54:59Z,NEW_ENCOUNTER,,,
batch_001,encounters_epic_north.csv,252,EPIC_NORTH,E3751653,7f62f4957c911faaa53b5fcbaf6ba326ff9d07b3d6238ce37ab5540345194239,37c5f813e122f2be2d3895d2ae08ab235070763cf29c28c862d637048f494a11,2024-11-21T19:26:15Z,NEW_ENCOUNTER,,,
batch_001,encounters_epic_north.csv,253,EPIC_NORTH,E4380402,57d4c6616e83fe836d950d6cf7cc7ea93b9108e906f42b136bd57b35dbbbe183,4e126ea9984eb94ab192874c69ddb83f88dad74c8f8c69d0b0cb2510cab6c431,2024-06-16T16:54:22Z,NEW_ENCOUNTER,,,
batch_001,encounters_epic_north.csv,254,EPIC_NORTH,E9790553,a278a42c60a333857e329d10d0be66bd3c1df2d0890a9b350f746053f9c2bbfd,e764ab09294ac3aed5ca5d28169173ca14a81e212b92c857354b013418d3930d,2023-05-30T19:31:38Z,NEW_ENCOUNTER,,,
batch_001,encounters_epic_north.csv,255,EPIC_NORTH,E4419523,4a6b88b406631143f1ff2d00082e49c12d6cdfd111dd1d36ead2793ac40250ac,f9588d75456c8d5a8315e67fc5263c790334b89bf111a38931e328b7dc0e8810,2024-01-29T04:58:20Z,NEW_ENCOUNTER,,,
batch_001,encounters_epic_north.csv,256,EPIC_NORTH,E2533972,f87674926f953723165571b89c5c3c9d4b0b346b5420bcb2ffc6df7cd82fd166,26941ac8ebc0de9a057bdc14b8fac5a5742e677e14352a6cf2b7eb500a92e35d,2023-12-08T03:47:48Z,NEW_ENCOUNTER,,,
batch_001,encounters_epic_north.csv,257,EPIC_NORTH,E8045858,50f97c746f1117d856c7485c767e72d76b7d3afe6962411a4e87c64b2618dd68,0512005c4f7c9dafcda5a7637e846ed3ece58238440892da5408e518d21ff6b6,2023-05-17T03:28:13Z,NEW_ENCOUNTER,,,
batch_001,encounters_epic_north.csv,258,EPIC_NORTH,E2715206,750cd0fe9d5978e1926357b4ee701ca86cd775e0cd9a38a067f7b996d2cff79b,d8e3c42c7b0f2902f65959c32fa3658b9d67628fbb45b99425736f11f958ba2b,2023-03-09T10:45:04Z,NEW_ENCOUNTER,,,
batch_001,encounters_epic_north.csv,259,EPIC_NORTH,E7604261,ff8cb2aa6713f1804dd61d69a44b499241b5c6370380ae63f638a58fc7f74279,8b5714eef58dc490f153be3abb1b30dff807e42cf2ae0c9ea97a1db33d06066c,2023-07-04T16:33:10Z,NEW_ENCOUNTER,,,
batch_001,encounters_epic_north.csv,260,EPIC_NORTH,E7537719,41d168c202fea8413512984c5914422b71c951b44af61dc3bb7d74b56b0bc52d,adc7c06afb0f1230aa46d3e551e8bc87bf247a341ca1a8cd7581d0eb85534973,2024-07-04T07:12:03Z,NEW_ENCOUNTER,,,
batch_001,encounters_epic_north.csv,261,EPIC_NORTH,E3383155,ccc954f2e00080678e8a82ad92e8fca49898313c49e5ee35dc370c01a5de817f,f4a3cd9c45c00f36bdaa2aa86c06e309b56fe5c744065f908fa8803947711943,2024-10-01T00:15:48Z,NEW_ENCOUNTER,,,
batch_001,encounters_epic_north.csv,262,EPIC_NORTH,E3520606,c9aa4b367d43a231c1e2bb6e2b69530ea2bf2b332659befffef14616465a8c5d,f4c8f565546436d8a8ecaf233fdded58900f35ceb27112968c7122a7318281bf,2024-11-13T03:52:13Z,NEW_ENCOUNTER,,,
batch_001,encounters_epic_north.csv,263,EPIC_NORTH,E8133243,d00dff5161497e85892d4619a87182d86aa0350ab5503c30d1488c1d660f7250,96f4055144c672ab5560930b48c5597a67f0d5e0953916199efc2724f9967c9b,2023-03-29T07:33:32Z,NEW_ENCOUNTER,,,
batch_001,encounters_epic_north.csv,264,EPIC_NORTH,E4899660,0f1141dd148ff5bd8bfd7197ff236475ca5d289d491b9866bc77bf667c462f93,0232d20e524b4f73146e1a9ed5418fe0d40bde4d252feee5e325e42c082806a6,2024-06-14T04:59:34Z,NEW_ENCOUNTER,,,
batch_001,encounters_epic_north.csv,265,EPIC_NORTH,E7947410,f3b3175a28579645c5b82858a8b085bb2b2e85b5d45173b61bddfc75d2cbd249,143a5482f5403fd1229d7631fdaaeaad3ab7756c904aca1a1b62e850dba1edf1,2023-09-04T07:55:37Z,NEW_ENCOUNTER,,,
batch_001,encounters_epic_north.csv,266,EPIC_NORTH,E3878417,10516176852b74bedb0c8cfac16cf25d8b90973b24abaa8233595f0ee24dfd5d,21dd96b16c5adac9c4267fe2a6e612fbbce7ca666cb99d5f4a46babaa895bbaf,2024-03-30T21:24:29Z,NEW_ENCOUNTER,,,
batch_001,encounters_epic_north.csv,267,EPIC_NORTH,E5321590,ea7c77d30cfb986c773eb3d576608ee52b5a8df2b9a48262c4fe0e91f2a88335,c6e4f7ac2144da69f467cccccc2282ac507c80c820cc244339892d0ebf8c4c9c,2023-06-28T05:01:26Z,NEW_ENCOUNTER,,,
batch_001,encounters_epic_north.csv,268,EPIC_NORTH,E3152409,e90044d746d8fb856f9576e70a821d6632554219c411d6c6b05bd87e6913099f,a51c3024a1a32c8156fc0a638ae3d4aafd6d085bbab7b75af8ebff7951c95bcf,2023-12-10T02:37:05Z,NEW_ENCOUNTER,,,
batch_001,encounters_epic_north.csv,269,EPIC_NORTH,E9282883,3a9302c4d791f46bf64e0be9926ae1092c27ca144d66eca3ae902dd95a3c7f90,4eed33e1c8e2894108f078334321aba433f0114c4682641440da5935666775de,2023-03-24T02:36:52Z,NEW_ENCOUNTER,,,
batch_001,encounters_epic_north.csv,270,EPIC_NORTH,E4640781,d7f76ac1f97b4b70eab4762c694dc6a976773da64b436e41d5ed1bbcacb11c7e,432556399be8601981addce97663a271712564cd53911a042c226d7f74bd51a6,2023-10-24T22:03:42Z,NEW_ENCOUNTER,,,
batch_001,encounters_epic_north.csv,271,EPIC_NORTH,E3772622,71be63743a4a29aa76b0ffeafd451b45beb97dfdd5329e17f701a512472fd79c,e9bca29ac6368cc44a3186eda7c0409787fe3c42f22d19da9bdfcedf5019c12e,2024-10-07T08:10:35Z,NEW_ENCOUNTER,,,
batch_001,encounters_epic_north.csv,272,EPIC_NORTH,E3018070,aa6c8b3b457529d1fd5d9f30e131c16e2db21acbb6d74a0e5dffcab7baeaccac,b31d91b9ec4e1f33c678bf5da7ae82180813a5acabbbcff9be811f4bf4b9c3fe,2024-02-04T18:51:39Z,NEW_ENCOUNTER,,,
batch_001,encounters_epic_north.csv,273,EPIC_NORTH,E5744643,3d12297ea6e27084e48f1bafec7634885ed172a787949883df6df8a141fa2237,9ef3170f5a19e8567ec0714a6f2eb0fd081af7be6f6ddb0c04d0eddd86d0dc6e,2024-02-06T02:26:56Z,NEW_ENCOUNTER,,,
batch_001,encounters_epic_north.csv,274,EPIC_NORTH,E8684872,89ffa63d025c895a6ff2fc86fc3213d291ed5beed55a31eda1c9e5872cf8e4ad,90549411b6aa2301e7d2e3ed425516d89eca4220f62a5df408df32ddd86fa185,2024-08-31T16:43:40Z,NEW_ENCOUNTER,,,
batch_001,encounters_epic_north.csv,275,EPIC_NORTH,E8359423,e49247bdce116643c1b60fa98d08b41b45d715e8c2678416e2b81dbe23a58a09,883c0c1bc0b1b2dfb2c9e980ae9553daf3064f49103ce2f67ec1643be66d9640,2023-06-29T00:01:44Z,NEW_ENCOUNTER,,,
batch_001,encounters_epic_north.csv,276,EPIC_NORTH,E8262007,9c465b5d9432fce6304c5c542fd8abc4d4c31d08b0afb8cd2980fc8220d6f28f,63455b3ea90bd8f5451edf8b197bf4bd29b47f83a6ab1f6d3b40245572810dbf,2024-05-20T22:10:29Z,NEW_ENCOUNTER,,,
batch_001,encounters_epic_north.csv,277,EPIC_NORTH,E9113970,fdcb3792de7e5767cde8778679c853769d78f494c4649a8183644eac77628812,4ffe081bbdd404899a2c277018a5ed95478be5cfb59988ab1b6efa34329ab460,2023-02-07T12:58:16Z,NEW_ENCOUNTER,,,
batch_001,encounters_epic_north.csv,278,EPIC_NORTH,E3016046,96347ea4be7f78440a5b411c2eaf6d3926e9c5d1193aced3d9fb84aae9f67c76,a007da9a777421676907e379aaf4a797ec7a160f5dffcbd02ff50d9ade9a02f1,2024-09-27T05:52:27Z,NEW_ENCOUNTER,,,
batch_001,encounters_epic_north.csv,279,EPIC_NORTH,E4232902,25f65df0d754736ad1038386540cbb19305d24c31f77b747fd64ca3a5af2dcfa,6e648c86aa36de77ca75fab450454029ea97bd7e25dcc16c44be07ab87ff40c3,2024-06-21T21:42:30Z,NEW_ENCOUNTER,,,
batch_001,encounters_epic_north.csv,280,EPIC_NORTH,E3807187,73586421eb582f960a866e589d85c1329bc9f6536b49dda551c008c02cf02326,99b8a2bb09a4bb13aca7f17b0f97ce98eedffbf4698e5a094ed5c58f82ba8cb5,2023-06-01T21:02:56Z,NEW_ENCOUNTER,,,
batch_001,encounters_epic_north.csv,281,EPIC_NORTH,E4201250,662a00a1432c0c88d5fa8c208a39328a11e9d4bc8c1822cd5ecf4202c4b35616,b6adb48e9634a59cf4b1c6be49134f860fc4a71435053a35a8b09ef50d3b27d4,2023-08-03T17:09:40Z,NEW_ENCOUNTER,,,
batch_001,encounters_epic_north.csv,282,EPIC_NORTH,E5492096,4678c06ebc2fdd545e7949776712761840c21ceecade574734c13d1abcb091e0,a69815e384287d6c958dd58cbe0f8af5e115f3fea69e6d5c559f01d4d58590c1,2023-10-23T07:25:28Z,NEW_ENCOUNTER,,,
batch_001,encounters_epic_north.csv,283,EPIC_NORTH,E8567888,bbe0ca5f5cf2fd0ab3f7ceb6707a9083b01bdd708770f99f1d8432028e84f328,3464edffbb4ac2dce2097a74cc5ff2f1fcfe41d66a29d62064d192df60f488c1,2024-07-04T13:16:10Z,NEW_ENCOUNTER,,,
batch_001,encounters_epic_north.csv,284,EPIC_NORTH,E4770113,46b62b5fc49fbe720fbfbafbeded6b6dbebf47aa4c27bb480b52a0a351b34443,cfd43084c08d3c87eaffbbbbe024aae94e7b75e00d7661ccbf279c27d3f36a08,2024-11-05T16:53:22Z,NEW_ENCOUNTER,,,
batch_001,encounters_epic_north.csv,285,EPIC_NORTH,E6449043,b81820971cc7fa9c9a3cb57d60ccad5169a542abab209bfbe4b32047eaf2dada,19492bb2286376fd9b2bdfa890ef589c59a1adbd94c07ecb12ced973871faaa8,2024-08-21T07:41:37Z,NEW_ENCOUNTER,,,
batch_001,encounters_epic_north.csv,286,EPIC_NORTH,E6700840,845ac45e23a05cb6301adef9ab4b6c40de6df100e14a34d5844340ed07ec3e20,700553edb70ac6e248e55a6b509b3107555e3fbef0439630d662a2d18d42cd1d,2023-02-26T23:03:34Z,NEW_ENCOUNTER,,,
batch_001,encounters_epic_north.csv,287,EPIC_NORTH,E4349448,8629dbb1d57c208799058f44f1feff59f31c350b4bb8ce17b0681a649a32323a,5cbcc67243425a02c2582bb23f040ae1a889db40e2da8174006a6c0201261157,2024-01-02T07:33:20Z,NEW_ENCOUNTER,,,
batch_001,encounters_epic_north.csv,288,EPIC_NORTH,E9374463,9afa90e04814d512cb30883dd0492d1d66a842a4182b96dd352d4f68fbad67eb,ff6e493e1b56770c30aba46998e094e7ae16d73a765c60303f0fb252f314f655,2024-12-10T23:38:02Z,NEW_ENCOUNTER,,,
batch_001,encounters_epic_north.csv,289,EPIC_NORTH,E3580081,005583f4553a385b9bfab2aa54cc8c6e6871da55bf16ad0467df7b97903fb707,2d0fd6167c1e61f75e03f04763a861551ad9bd1a83111f0d90b2e83d8912db97,2023-03-29T13:14:47Z,NEW_ENCOUNTER,,,
batch_001,encounters_epic_north.csv,290,EPIC_NORTH,E6579504,31db8a2fc110e8c88d74793fb3fb364e63ef08ff2321b7e42a676dff05378324,1194891d6159180e7957abf8aa567cb862d97966f688b350ca5e03b3cf5143ad,2023-07-24T17:38:31Z,NEW_ENCOUNTER,,,
batch_001,encounters_epic_north.csv,291,EPIC_NORTH,E2157117,e9315605a57114aab55a8de456ca4423bddf2a1d55b692bf1336c54b370362a7,5827c4ebb541eac3d8832c47d8aa316629396bffa6f4f326f7594a84999fd7af,2023-07-25T12:22:00Z,NEW_ENCOUNTER,,,
batch_001,encounters_epic_north.csv,292,EPIC_NORTH,E1775234,77e34634888397417d669ad1fdf6981f0c492fb9b8ff0a0dee9329ca6b92f510,8a5055e468c3dde832cd8c61422a06dfda082af465b8c5da0203333ba4eb3e1c,2023-02-20T12:21:40Z,NEW_ENCOUNTER,,,
batch_001,encounters_epic_north.csv,293,EPIC_NORTH,E9671271,aea26fdc0c55c3fa1c0af5845928746e83e433bef9455f956c57a0df2dfa0e4c,50145a32d5480360a78eabe4c8190718e977eb48c07ff9213e11bc40672eb0e6,2023-06-02T02:18:09Z,NEW_ENCOUNTER,,,
batch_001,encounters_epic_north.csv,294,EPIC_NORTH,E7614432,608d259dfb7787d3e818c13d260a76601a0d43af4786ab7d47f6fde5e495b1f4,cbbf41f8175ad62d336b33509b763f5804701c5b744d0b7102691ff7ddbbf4a8,2023-02-05T09:39:52Z,NEW_ENCOUNTER,,,
batch_001,encounters_epic_north.csv,295,EPIC_NORTH,E6450624,917d4e86335c72a29a1de01073471b0416f161ed727c680b930f5000fc0144fb,9582b2674b2a9627fcfee16df554ea1fd2f141b8dd8ad75b8b1ce7a57f6567dc,2023-06-24T05:55:36Z,NEW_ENCOUNTER,,,
batch_001,encounters_epic_north.csv,296,EPIC_NORTH,E1071422,94b822630466327ff40d4f746e9bf4ab290d407812ba33bdf605ff7d6169a646,5244830dc9baae99489227a9e794bc87d2b1d74396d2551d8872dd2d105dd0af,2023-11-26T21:28:27Z,NEW_ENCOUNTER,,,
batch_001,encounters_epic_north.csv,297,EPIC_NORTH,E7399578,434a2bd80e4a0a3be0e7120fc9aeac98990c02230f1407f9817da5f9753ee9b9,901a07dc9404b2d90fffa2305874351297d9205936dc647b85a31d1b128a56f4,2023-03-03T17:04:12Z,NEW_ENCOUNTER,,,
batch_001,encounters_epic_north.csv,298,EPIC_NORTH,E9155954,328f4c6dabafb5e42442a80b7ed9dec2d2e1f46f997de6862b70ed395b5da8ae,941d27fb19b30ce2bc3795678b1b4413c9e83d060202d571d613323e61ff75bf,2023-03-20T15:04:30Z,NEW_ENCOUNTER,,,
batch_001,encounters_epic_north.csv,299,EPIC_NORTH,E1470993,4f07d4b4af55cb434a9e65a0e8722f3e69e5544478856fec767216bda2b42c72,71223ea5a18c65f1b3b13c028c2e73d0039104a198676d64bf1af0bc48530da3,2023-02-11T21:47:02Z,NEW_ENCOUNTER,,,
batch_001,encounters_epic_north.csv,300,EPIC_NORTH,E5012265,1ea5623adfe56712aaa40a204d708c8f2f29f1036359c6a88b9208e31d66da5c,5d6481272ae4168c32c9275b7136f85d2a4a4fb3f18bcf89b5254e7b39d4653e,2023-09-29T20:23:52Z,NEW_ENCOUNTER,,,
batch_001,encounters_epic_north.csv,301,EPIC_NORTH,E3776961,3b4a19415bc16748576ba624b81a8b2e4ccd6d29b8e3383a25d6f3f2d8172b97,53c7d8d2aeb433436f4d787f92549c8b33d4f0795099bf4607dfa80fe48467f1,2023-07-05T13:20:33Z,NEW_ENCOUNTER,,,
batch_001,encounters_epic_north.csv,302,EPIC_NORTH,E1469484,b8a89be266045f863b913197fdc1e844f1de999617fe8f945e49c588b5db6235,0ee90a96885134e5a0e9efe81283adf21f787cb3cd375ae237afdb045a62ce33,2023-09-10T13:34:09Z,NEW_ENCOUNTER,,,
batch_001,encounters_epic_north.csv,303,EPIC_NORTH,E5442535,8b6bc4c538d3aef2ebe9e92abd6cd1fdfdf9d0f819a96f29b6936e3024b9d4f3,9840c47fdc87377b1e6d1c0692236b489dd5155248d7de09a6f8f1597fb304b4,2023-05-04T04:27:43Z,NEW_ENCOUNTER,,,
batch_001,encounters_epic_north.csv,304,EPIC_NORTH,E3698825,c33eb73b0efac8be03c9035a3fa1b31868840d2e188724c94265a21a2bdeabdd,d731fe2224a288e7f4dd0390a8b6e92e1cebf41c00e849881ebdc6e1cbf2686e,2024-03-09T00:11:24Z,NEW_ENCOUNTER,,,
batch_001,encounters_epic_north.csv,305,EPIC_NORTH,E4382084,ff833022c2a0ee0b80105c53a716ad3bdf2e8e2253eff32e55ee3b93c4a789ea,37a651b202a0c88043b8731db34c54313dc6736439fcf28f10e9af8e73644dba,2023-06-20T09:23:36Z,NEW_ENCOUNTER,,,
batch_001,encounters_epic_north.csv,306,EPIC_NORTH,E3018271,4db1f8976d68e9223937820f29762f770b7106f341c6211a6a2e2152db1d3108,9eedd5b74d8dd9f57662813c7e99f666a3392157f94e26768901de54c05f825a,2023-05-14T05:04:11Z,NEW_ENCOUNTER,,,
batch_001,encounters_epic_north.csv,307,EPIC_NORTH,E7041839,751a4035c88464c4ceda17c9ffd86d681865f43a2c3ba003303747cd11f256a6,aea01fcb37e97f43a54247e4fb69b6f47ec04388de3f0fe0dbf9bc3af05873bf,2023-07-18T07:14:43Z,NEW_ENCOUNTER,,,
batch_001,encounters_epic_north.csv,308,EPIC_NORTH,E3132424,89b772b0afb2a3c573991119e801b48d928a4c5b40319337da994275d6a590d8,5f7781a2341a549818187aba9b04f061323cb90676c6a5312cb47cc1c4059573,2023-05-04T10:37:39Z,NEW_ENCOUNTER,,,
batch_001,encounters_epic_north.csv,309,EPIC_NORTH,E4158948,f6f4fb4853921ef7be417e9fe4adbfbac88d0d384ca2d895d86b592734711796,2bc82f09af56cc99455edf8b7de61ea5d05d074462fea6283477a21efacf5943,2023-11-02T17:09:31Z,NEW_ENCOUNTER,,,
batch_001,encounters_epic_north.csv,310,EPIC_NORTH,E5748223,3f7b1fa17f158ced0ca8dddbc6163baf978d39d1b08a97cd96cbb8690dc5e6ef,d057a54ce03088f2d6755c14ba95b57ba3331990193fdad56d6b39bdee5451ca,2023-11-02T06:55:49Z,NEW_ENCOUNTER,,,
batch_001,encounters_epic_north.csv,311,EPIC_NORTH,E3168433,511264664eac6c2c0aa102a0ff75b79ce92bb60b4637214f4b9fb7f4adf081dd,0d2efd442633ad21110112574d527f11a88516f64139fd231a57d44701487f06,2023-10-11T18:00:46Z,NEW_ENCOUNTER,,,
batch_001,encounters_epic_north.csv,312,EPIC_NORTH,E6324430,4281daa356554893942c1d0de5b1ea5d2be8b01b0e09261e1ec018664870b093,a0a93b5cbaad04085771c771ffbbca86be5f5148efe251a51aa2b91dfcba66d3,2024-05-03T15:54:18Z,NEW_ENCOUNTER,,,
batch_001,encounters_epic_north.csv,313,EPIC_NORTH,E2573906,2bfc93915db95d87e49a9dcc7befd293bf751f25cd12a69f72a7c2288d18fa63,a67365497e8b5b84b66efcdf73a50301c80be1fb121a2ffff2ef20eb767df8cc,2024-02-12T22:49:07Z,NEW_ENCOUNTER,,,
batch_001,encounters_epic_north.csv,314,EPIC_NORTH,E9316692,bdcee631eb816c8844642751d74769b4a237a3bf812944647f690ff6a8e7dfb2,9ec8a9eb6144d4e98d43cd66efd6df6cec398c0db761e538f7f11f34471cc232,2023-10-14T22:20:00Z,NEW_ENCOUNTER,,,
batch_001,encounters_epic_north.csv,315,EPIC_NORTH,E5130937,29a943d61dcadb53f091f567264d248c102d77147296b8494c78a314d02100ab,350d565e97b6b514f5e1989e59cb9092ec69b5346753b8d438fb9a6286e6cc42,2024-06-08T08:41:10Z,NEW_ENCOUNTER,,,
batch_001,encounters_epic_north.csv,316,EPIC_NORTH,E3901216,79f23b308d32a304e02c75567a6efb3f954ee01e4703ca4788627f94ae52c681,9d55c4458011434317527e5c67b85e562b1c648d89b717a13fb50d91c744228e,2023-12-13T12:00:08Z,NEW_ENCOUNTER,,,
batch_001,encounters_epic_north.csv,317,EPIC_NORTH,E3214816,da3a4dcd0680cc74c3e088613b4faade52528e7dabfa5b4e990e82a4e3e070ab,1a0f3dbd4ea7cd65fd243201a6c4fb08e35756e3e592410afe3cee455968b75d,2024-05-25T19:09:42Z,NEW_ENCOUNTER,,,
batch_001,encounters_epic_north.csv,318,EPIC_NORTH,E2600248,d996d8741babcfcde42aec5a7166b58b53b67bc5d46fe71926cbdd560a77f55e,249abc89cd488160d775bc08e401b582bb40e4d157a25a3790d3f4c7ba54e712,2024-08-11T00:15:03Z,NEW_ENCOUNTER,,,
batch_001,encounters_epic_north.csv,319,EPIC_NORTH,E4170495,fe6ef1b17ab30e5a39ee47c3f98cb67b9744d249b7ec7d3ad7b0aeb190cc96ca,928abf7b74e70f927b90ef8ff2ec5da614f4cf4278c385f94a7b91bd198da763,2024-05-08T09:50:25Z,NEW_ENCOUNTER,,,
batch_001,encounters_epic_north.csv,320,EPIC_NORTH,E3289195,0a067d9344730cbd56345b458a3a7245d819a50895802a1af8354d3eef2bd86a,860cdcd7873716a389a388155d14807a74fa18cc3684d4ef6ffd8c094ac680bc,2024-07-14T10:33:20Z,NEW_ENCOUNTER,,,
batch_001,encounters_epic_north.csv,321,EPIC_NORTH,E2924077,a3bd7ef71a5a90f642b424a77e954f8b5ba59eefaa4bff551773d068f0703448,ff60b0e40a43a7a19f512113ca3ff306aad382b60fb85eb8df410efb23e7afcc,2023-06-17T02:16:07Z,NEW_ENCOUNTER,,,
batch_001,encounters_epic_north.csv,322,EPIC_NORTH,E8023211,c73c9330cb95e06b990c99140aa78587107e7276681eaa9aa1c773aabce8f81c,30c3e2339f0ab247137bee04efee0d224e9fc4df21d5ea46d45b79c5da955e41,2023-01-30T01:49:36Z,NEW_ENCOUNTER,,,
batch_001,encounters_epic_north.csv,323,EPIC_NORTH,E2169086,d4a22ba7ba5b9cbc3761857ee7dac7835f7a9f08177d0a539d34aa23b8d0cd02,2be14e482fef82aa9712449e1a2dd71a5daf0f31d886c4e96a2507b4b02cd5cf,2024-02-01T20:12:00Z,NEW_ENCOUNTER,,,
batch_001,encounters_epic_north.csv,324,EPIC_NORTH,E8108473,c496618f17ca25592026412e460de8843cba7bcc55ab2cc90de8b0d2b5789d74,a83d241be1102aba726b0273bba14d3736a33a7a9d91a0c2cdf0956a357efa38,2024-06-29T17:46:22Z,NEW_ENCOUNTER,,,
batch_001,encounters_epic_north.csv,325,EPIC_NORTH,E2643279,8081e0dc608c6e75199ecd655956e884134585db9ee5d5159277700102abc397,dc17c6b164c0eed174fefc14456d1e723855ec64c2223fe04debc036be3fad65,2024-03-22T21:47:47Z,NEW_ENCOUNTER,,,
batch_001,encounters_epic_north.csv,326,EPIC_NORTH,E3947351,b6a2d42f29e5fc49ff383f0c3332d07427d2410d5140dc8e344ceb67fdd38291,ddc1095db240c9bb0541745c4ea27d023d129bdb4f42f7839ab72d3b124368ec,2024-10-29T06:29:57Z,NEW_ENCOUNTER,,,
batch_001,encounters_epic_north.csv,327,EPIC_NORTH,E2778940,c9454a5804209e12fb5bfc612c5728d6ae59ff6295bac79b62ee8ff017991e76,6bb4a08fbac0d56337f166830e86ae2efec935d613d0bc01dc67b8e2064d6761,2024-12-13T18:57:36Z,NEW_ENCOUNTER,,,
batch_001,encounters_epic_north.csv,328,EPIC_NORTH,E9563242,94c7b41f033df831c4eb39898f114827005d23357be836ac0f4442ba584cb59c,fc8d7c139800686826e0bf37fc079a773d6d78f2201d2a53b516142feb3516ec,2024-04-08T05:18:49Z,NEW_ENCOUNTER,,,
batch_001,encounters_epic_north.csv,329,EPIC_NORTH,E9782924,85bc331d102a6bc5c39f5006c6e8728a3853502db15445812c4c453fb96dc7d5,790e5d1f7315388faece84ad453e5e3efe2adfa0826d165f3256a05409540f42,2023-04-19T21:13:56Z,NEW_ENCOUNTER,,,
batch_001,encounters_epic_north.csv,330,EPIC_NORTH,E1906494,725c53f03d28d21b70de0ae4061d4d839a4fcef6e4f43458ea2602d2dace640f,b66986bc2d1f2c0cae422ac72b204b4a9935abaa4e38b4278a9f3da009ea3018,2024-11-29T12:27:41Z,NEW_ENCOUNTER,,,
batch_001,encounters_epic_north.csv,331,EPIC_NORTH,E8143972,f8615e331822452f1a8bbf3536cecef0ad21d104c5d14e458661a7da18a8f194,fbe36cb712ac8d34394cdc0035426a2ff54429bf3eb80d69fcb5eef16001d81f,2024-08-26T20:54:38Z,NEW_ENCOUNTER,,,
batch_001,encounters_epic_north.csv,332,EPIC_NORTH,E4894902,b8a5cab67419e2b1dc8aee43698537770e65fa6aae9595ecea31c3db654b2d3a,684368c6d109ec109e8b90294545ccce3cc4d55f78be2066c01e030f564160ae,2023-10-26T06:38:21Z,NEW_ENCOUNTER,,,
batch_001,encounters_epic_north.csv,333,EPIC_NORTH,E9541537,48367ae09be282c1354dcdaba83b992b51577cfd609009178b706ffe1e389206,d436573557f53cd18586b4f89bb2dfabcaa7b51e46717c7ba951106569b3a378,2023-11-04T14:46:33Z,NEW_ENCOUNTER,,,
batch_001,encounters_epic_north.csv,334,EPIC_NORTH,E8473439,aa380c47163b7d49f07b87ba0efea3e92d59bd8058027658b9d3ec9d8ad7f7d9,11711b9388244df6b3839ffa654eca5b699996c021dac6f4a1769b34f137d49d,2023-03-11T17:02:54Z,NEW_ENCOUNTER,,,
batch_001,encounters_epic_north.csv,335,EPIC_NORTH,E2362137,e5f4328a1194921f23d90e6211da3d497a4370bc0b8dbac1931c7ac2340d0b62,289b179ec3e9aee45e8f19ac57cfcd0dda79e8919895d7da5e09ea31a06c2233,2023-02-18T04:52:44Z,NEW_ENCOUNTER,,,
batch_001,encounters_epic_north.csv,336,EPIC_NORTH,E2501003,c31b98d52a55d22f67d93c13b9304a1d35f77b2f1096e3b73fa77fdd1b40c1cc,c2035ba7b80b87d388faebd897b2e69342b0c2b83132df7de79512b531b471bf,2023-11-17T07:36:31Z,NEW_ENCOUNTER,,,
batch_001,encounters_epic_north.csv,337,EPIC_NORTH,E5342004,02c1e5e6499f14fb3fa4e8e26f0506d7dfe7800787373c557a54077c5bbdeacd,006a2678822cca57536bace50892973daf31015b7cace574df189124ff02550f,2024-05-23T22:09:55Z,NEW_ENCOUNTER,,,
batch_001,encounters_epic_north.csv,338,EPIC_NORTH,E4179039,089d02a800c5a015eb86d0a2bb632966195cfac403af1d3b97e166b3d8d7d81a,7e9535b6bf1e7654d13e91f81bcafe79195680f6a54c3063526437b7ab5607c7,2024-03-04T14:28:56Z,NEW_ENCOUNTER,,,
batch_001,encounters_epic_north.csv,339,EPIC_NORTH,E8445664,f60c133ade5b62845ae8bee26ed930fdc42021e4dbb1ee5ee170b358743ea37d,c5746663f1e29806679d28dc1f3a54ce82e7c345e8e5a380589e18385a464409,2023-11-04T18:26:52Z,NEW_ENCOUNTER,,,
batch_001,encounters_epic_north.csv,340,EPIC_NORTH,E2625974,45dcff6c3f272dc21788f8f5c693b43b17def374e706e3187adf5bc1040c5bbb,7c47fdf9f94a9edfec6592afa546b04e1768f5c81039c7387255e7e669d3ef13,2024-04-07T18:43:37Z,NEW_ENCOUNTER,,,
batch_001,encounters_epic_north.csv,341,EPIC_NORTH,E7417896,936f6c66e5499d0e1d2226150e5ec9247faec1e39917e556df3338675766a8c7,e46fa1c9072ef41b650eb3756fcabbcdf636379f0f541bdb70ee64ef7913b22d,2023-06-25T02:46:12Z,NEW_ENCOUNTER,,,
batch_001,encounters_epic_north.csv,342,EPIC_NORTH,E7129567,a1768644dfe23a8eabb111e3ff1055cc420cc10354ec73e57205e16cdfddbd64,3f2eff645fc96400f07049e7f3c4093ef44ee50b0c94a58799e22f36a2d14e47,2023-01-28T16:59:54Z,NEW_ENCOUNTER,,,
batch_001,encounters_epic_north.csv,343,EPIC_NORTH,E5962557,55bf796fc5c76374f8750d46419108b8588c02d9bc2dcd99764bbbfa00486c48,4d44337986be4e917f7ae859a71f34bffc67d2d02c1e2c0cf923cbee8cc5f83e,2023-01-31T06:01:33Z,NEW_ENCOUNTER,,,
batch_001,encounters_epic_north.csv,344,EPIC_NORTH,E4589878,10ebd3709bcfe7b9d10649fcdbd8befb3b1cb6c9c14d15e26de4427ae9d4b1ef,1a3278e1b1235025f84f7591edc4b08e860800da0982bc0db34e19f8e234f004,2023-03-26T17:26:36Z,NEW_ENCOUNTER,,,
batch_001,encounters_epic_north.csv,345,EPIC_NORTH,E8356396,39e2eef49f0884de12eade65821bf178ef160ff12a2f1fbcffbf2473774428d0,78f04de1aefef3815dc28eb252add3c813ef205275fd7f6c47b70234d4f54800,2023-04-30T10:35:59Z,NEW_ENCOUNTER,,,
batch_001,encounters_epic_north.csv,346,EPIC_NORTH,E8934070,c754a819129fd6cba11676fdf962de94e94d00911e88a746936280289ae99433,b02862e792804dc48e231b0731a78a40d6e03b78c9b733858986d00092dd8230,2023-09-23T11:45:14Z,NEW_ENCOUNTER,,,
batch_001,encounters_epic_north.csv,347,EPIC_NORTH,E2206386,373f462fa1d98a05ba23eeedfda5a518b0704bd26eb19eeb9bdf0c512b2aa7f2,b2aaae31caa05a2aaf37c0ea6f40060e830c86e523baddb1de34986b91db5932,2024-01-14T10:24:40Z,NEW_ENCOUNTER,,,
batch_001,encounters_epic_north.csv,348,EPIC_NORTH,E1531911,65abf648d294eebe915ed3612568f417ee2bfc0d381ea1e3de48b08c7e50f4ff,f5c44ae5cb53fb65acf41e8b0d3a08fdaa7f5d4afdd3782fb063154134285d2f,2024-06-22T02:00:57Z,NEW_ENCOUNTER,,,
batch_001,encounters_epic_north.csv,349,EPIC_NORTH,E1876309,0578180cef215c079185316a4b7298db62e5927865bd957604d44663f2641279,6bf5ef302645d0a4e100af8b0104c7d3bb6ec11fae158be38d3bb078036f0f3a,2023-03-18T08:52:17Z,NEW_ENCOUNTER,,,
batch_001,encounters_epic_north.csv,350,EPIC_NORTH,E3915326,7d951bce809aa1f7a72f2882e0101fb4b2f1f508ad8bb16cc67e07b3ac6a2a7b,455c0728ed9f78f0185ed9188b536fb4773f46643470cbefb6a7ecd31c1d7169,2024-03-31T03:23:51Z,NEW_ENCOUNTER,,,
batch_001,encounters_epic_north.csv,351,EPIC_NORTH,E7387723,f8897c3f5d55dfffc14ee0c933ac6089748f8a65e1b0166bcf1ac2a8e1bacf39,3497cc0c6699cf725659cbe7b8fe70894ffe7acbaa1582dcc2648b4f850649cc,2023-05-13T15:23:50Z,NEW_ENCOUNTER,,,
batch_001,encounters_epic_north.csv,352,EPIC_NORTH,E3483582,174623fdc6190ff5434796c765c4100752f897fb878698f1b1b2871e39d4442d,3bcbab9683514983ccd905f0a27e76ed714e97a35e899f0a7a8c711d2e04c3df,2024-05-08T19:15:39Z,NEW_ENCOUNTER,,,
batch_001,encounters_epic_north.csv,353,EPIC_NORTH,E1803677,1139bad30ceaa1574b19cf5d6c9922774a6f9b960156205f5194106e2e6b4ae2,39067a6d8aa689c3f62a3f0dd5b2b2f330a0c90c961c4250ef31f736d67f7838,2024-01-11T18:55:00Z,NEW_ENCOUNTER,,,
batch_001,encounters_epic_north.csv,354,EPIC_NORTH,E7771455,7bbb9bcadff860b12d341e3afcbdf4cc8e907246cd5fb343e01b78084eed2c14,194f187f8c62d4db16b0d6c7da52d1068b9519295b6c55d6e8c3ed421618eb25,2023-07-04T07:34:06Z,NEW_ENCOUNTER,,,
batch_001,encounters_epic_north.csv,355,EPIC_NORTH,E9508335,8583fb642a74a20ac716e3a042f7659f8369455b578309326ff00bce8852876e,b398d27971e841f6f617b6ec583c23468882b855cbb3455f92fd22d603a6c09b,2023-07-07T13:22:31Z,NEW_ENCOUNTER,,,
batch_001,encounters_epic_north.csv,356,EPIC_NORTH,E5508915,439fd7c3aee350636a2c4d029f43de2c6720a455ec4f488215b797874bacfafa,f9f8f644aae85e44c5a525b3d5c6a8a67298df62e66f3ddaf6f331c0c5d8b7a9,2024-09-27T22:37:58Z,NEW_ENCOUNTER,,,
batch_001,encounters_epic_north.csv,357,EPIC_NORTH,E6784083,51865c38d6176c738020b55639be6a85c9c22a1025afb7b1c4a17957edb79017,82fbfedb0a81543f4a6f1c995a851d6339841a1ec37c6cfd885a9320a6240c73,2023-12-25T14:38:57Z,NEW_ENCOUNTER,,,
batch_001,encounters_epic_north.csv,358,EPIC_NORTH,E9687463,fb4eb4208c41fae684077d245dbed1a8ae6396f42e8d35a0a681006209c20212,28e927cb28a349b395f77bb58dfd57a110ead2b723f444000c7aa32c40fff639,2023-01-19T17:16:02Z,NEW_ENCOUNTER,,,
batch_001,encounters_epic_north.csv,359,EPIC_NORTH,E8754554,9577e15aed2b527555735798b24160d3bbc2adb3d33a92048b15c98f02f485cd,0e00f714ea591d535c7d264a40aa6436f1cae83e7d0dc1b72d88cc1edbe56d7d,2023-09-07T15:19:34Z,NEW_ENCOUNTER,,,
batch_001,encounters_epic_north.csv,360,EPIC_NORTH,E4906681,063d0ae7d22bd416a2ad571adc41e47b2af949a8b6c6317f16449b31c0332d51,f5be82268fc65f27faccb3eda1d1f1662a4de79784f0dd54e84b8f3058a2bd13,2023-06-25T17:34:37Z,NEW_ENCOUNTER,,,
batch_001,encounters_epic_north.csv,361,EPIC_NORTH,E2003675,a98e80a1da54b3fc2338a2bebee4cee3c83c9df44ef7cae91d41dc7d0239ee78,03c908b24e52cea488bdc9fd15374f76b9780c431279fb85ecf1fe1866ed7bb5,2024-08-21T12:07:47Z,NEW_ENCOUNTER,,,
batch_001,encounters_epic_north.csv,362,EPIC_NORTH,E6254828,2034011e7a6aea7865321b19ff90a7c7cc63b7ee41f7b5c8f3f7de7e3d035d20,33a0f2dd7e7ac40783158534c7a43d468f3798a383e26e852c1037237a893f0e,2023-06-22T13:33:27Z,NEW_ENCOUNTER,,,
batch_001,encounters_epic_north.csv,363,EPIC_NORTH,E8198995,f6d4b5bfdee901376c023a0721361419140aa2f07b500cb7a9852090f3cfcfbb,91edb7aed75a1fb15329dc18a8a25c589868be75a31e94acc06aa793aa0d6869,2024-10-17T08:08:42Z,NEW_ENCOUNTER,,,
batch_001,encounters_epic_north.csv,364,EPIC_NORTH,E5506331,401ef3f90d5f204d93c70037adb02ba7a675e48af732036d63bd98fb018e6ec3,17211feed8ccbeda2237c612ad38dff9f5e9cde52e9c04049240bc6fdb5dec1b,2023-11-19T03:10:14Z,NEW_ENCOUNTER,,,
batch_001,encounters_epic_north.csv,365,EPIC_NORTH,E9427404,d87d53f05bbd80087d2230e67e8a566bcb0c03f547463a3c5fbe6236a56913bb,30fa7da2b9a5d6957b8092255a668ecbd056c965711cd2f5d1930cde089eebb2,2024-08-14T22:13:28Z,NEW_ENCOUNTER,,,
batch_001,encounters_epic_north.csv,366,EPIC_NORTH,E6761363,96f8f850a375189f827aea2ae8e1996d6a3af89cff8f51c92acdda407e4d4892,b46de2c8571d41b906825720e7e7f138f7c3f9d6337a97b305406f2332db32f4,2024-11-03T17:47:53Z,NEW_ENCOUNTER,,,
batch_001,encounters_epic_north.csv,367,EPIC_NORTH,E9570626,a36f04c46a484a337874bc47359ec08e4778263f5f8a9078214beb3198f15cee,26b61e36f048e9ed21be1902efaccff8f6397915704a1dff1b0b33d73903880c,2024-06-12T06:28:08Z,NEW_ENCOUNTER,,,
batch_001,encounters_epic_north.csv,368,EPIC_NORTH,E5225781,8adb27b25de57aa10baabfb721d3de05d4a60b15c9c75fed3dd111981d798e26,64b8e53c491f9202ba0d6369d789782e9c0e3f517a4c96ada66da95a6b82be3c,2024-09-18T11:55:18Z,NEW_ENCOUNTER,,,
batch_001,encounters_epic_north.csv,369,EPIC_NORTH,E6178981,48ffd704e453adb817f060c573ae77da113fa0d4a96721fae782ee025d967555,ab2bb84d651b295582be90d807e21d3a059133dcf0d3a8277c0e48ee32e5860a,2024-05-15T05:29:41Z,NEW_ENCOUNTER,,,
batch_001,encounters_epic_north.csv,370,EPIC_NORTH,E4686162,545e90b46e09533c5893f1fa445f2bb75ec82d1b8a7422cb66277b608433a9c9,560264868295f67085a4410f3a6f8504c08e8f767e46dae5d8ad0acaac0b3e46,2023-10-11T07:42:33Z,NEW_ENCOUNTER,,,
batch_001,encounters_epic_north.csv,371,EPIC_NORTH,E1094873,51235f7dfe5a6618dbb1dc0f189aa0074abe6e549c56ab6e6f8d8755d48b473e,b2a6290a7089dca17d599672ea99706d5d79c78a0465b945f2c10d7b51a85ee2,2023-02-17T13:36:51Z,NEW_ENCOUNTER,,,
batch_001,encounters_epic_north.csv,372,EPIC_NORTH,E7949249,4999725b05f0a1d12140ae4daa534738cf3f90842a51a9d37ebcf2d4c90509d7,eeeff5fe7824ce88863b0b3fa94541fe504b182294d023f5dbb65f75afd04502,2024-01-10T16:57:35Z,NEW_ENCOUNTER,,,
batch_001,encounters_epic_north.csv,373,EPIC_NORTH,E8067904,90796ff7f14998f3ffa175f73c60d65ea15d775bfebe44d9fe4e7c09a9ab1e2b,f29c5e0b0f5abb46a6f07e03ecc99ad949a220cf61c47b87d7529b489cc6e568,2024-07-29T15:48:21Z,NEW_ENCOUNTER,,,
batch_001,encounters_epic_north.csv,374,EPIC_NORTH,E4250835,2f1681f70407c22ef43d85da063f5471cb729ecbc903c624fe01ad9ab08a9c8e,3c3117fd60233d772d288b6a45e48b9d5416e91e79f2246d9759cd000dba1c1d,2024-08-02T14:03:02Z,NEW_ENCOUNTER,,,
batch_001,encounters_epic_north.csv,375,EPIC_NORTH,E5712835,e4ee34ab9a9b80b8a0f698dfdf536681d5fa7c168b524ffbe8b807e6ad49aca9,97f24ddfd860183179c3dcdafc3757bada85665b3ce760b77019879e709115b3,2024-01-17T00:27:49Z,NEW_ENCOUNTER,,,
batch_001,encounters_epic_north.csv,376,EPIC_NORTH,E3736318,81e77b279efa3af46b9c2e188e7ace90226da0a672c6043c7893aed5304ddfdd,bdc5aac6c13b834dd2a06af1b7d9a1417de101699043cc0512bb2b8baf05c628,2024-08-25T03:51:36Z,NEW_ENCOUNTER,,,
batch_001,encounters_epic_north.csv,377,EPIC_NORTH,E1095908,469a57459374fa3f4d0f6931219918ccc32f2adbce88002288d30146594bc9aa,acf48e785ee52c3aa802e17722051bda7ab4ec4af7229720c6d77d8592a09ac4,2024-01-20T22:10:19Z,NEW_ENCOUNTER,,,
batch_001,encounters_epic_north.csv,378,EPIC_NORTH,E8015669,33585275d74e02442d258d40cdec8fe10db7b7337a97d6374d097925f4949a43,7d76293155a4366ed6da35eccfef9512f483813cc751d9259aede5dc3a8dfc60,2024-01-18T06:23:42Z,NEW_ENCOUNTER,,,
batch_001,encounters_epic_north.csv,379,EPIC_NORTH,E8342115,ccc27553b7649462ccef2933ca87f0a237493036cbb6b86e0cd24144eab55a08,bb67898686c37760e1761ebb6df296b700cb599a49332037ddca17bf017b7ee9,2023-05-13T10:45:51Z,NEW_ENCOUNTER,,,
batch_001,encounters_epic_north.csv,380,EPIC_NORTH,E9739708,055feb6490a6bf46cbf2d1cba8ef75dd5c24f3a6d56d591e83288b1e7de43a9d,cc99247f9d246e851d578248b6ee7b5fd4686bf82c0023110df8bab81b5e5220,2023-03-13T19:06:46Z,NEW_ENCOUNTER,,,
batch_001,encounters_epic_north.csv,381,EPIC_NORTH,E9776493,3fb880c6b31a65714b776bf0d872c2b0bb8a766822c3d54d3331d1aa080d05a4,66c615b0f50edb1bb90f05bc31beb84620274d007e22100aa87e580ab15c080a,2023-10-12T21:33:46Z,NEW_ENCOUNTER,,,
batch_001,encounters_epic_north.csv,382,EPIC_NORTH,E6984006,cad6afac6956cb130224d6d788c6e7ef3510b393beb3d9a00a104a6d2e307a45,c966f537a1429611e31ad9202649474e3efa25349651f3059e1f060ca4e7bf2d,2023-10-14T14:52:54Z,NEW_ENCOUNTER,,,
batch_001,encounters_epic_north.csv,383,EPIC_NORTH,E2396392,3f833fc87cd670353121939f0deff1f2db8a7d668e3ea4afc243373d7f757f24,51d2b599dbbb9a2e440c885c1c72f890a1f9813f520b069212f9169234d8dd4d,2023-03-29T03:38:53Z,NEW_ENCOUNTER,,,
batch_001,encounters_epic_north.csv,384,EPIC_NORTH,E1585269,d350d9670e7f11082a48c293cbb69478325b1523c282a216d57e0d62c84d08b4,f962bc7debf54d9ab048fbf7854d3427cbde2fc342643128a3ba732c35580d2d,2024-05-14T02:46:09Z,NEW_ENCOUNTER,,,
batch_001,encounters_epic_north.csv,385,EPIC_NORTH,E5486627,cfe1407e12a197eea5be847b3ac77de32f0a4f0a6190200997f6877fd8fa7c05,fa5e78c9fb658df78b1438eeb38199bafdce4eeadf2ffb5a962cab9cf65882f3,2023-09-14T17:14:21Z,NEW_ENCOUNTER,,,
batch_001,encounters_epic_north.csv,386,EPIC_NORTH,E2017706,d025c38bc9c43b7c96a8bba1191a76661b12fa153ccb83e5cc9055339c207a35,857f5f90b1c464bb5eca55efef89464ccbe8d46f0fedd4e83f3bb6ebc47d6cea,2024-10-19T13:55:45Z,NEW_ENCOUNTER,,,
batch_001,encounters_epic_north.csv,387,EPIC_NORTH,E3329541,e728c2b17691d8c1ff6572b88d6d405cb7e128b889eb51bec534e37f619d79f9,24371646f31f7cab5b9a67ba2c4a42407eb8b9b2bd2bbe5700d7a8e7dcc2bb4a,2024-01-16T16:36:08Z,NEW_ENCOUNTER,,,
batch_001,encounters_epic_north.csv,388,EPIC_NORTH,E5365863,24e55bd40c32cf7e03692054be8a2d0c3895c664a36b11d0cf52c86ff2b80d76,b16435a126e3baaa584bc2afdc8a06a8d1871df104f1a1e53349cb2f77e712f4,2024-03-28T13:14:35Z,NEW_ENCOUNTER,,,
batch_001,encounters_epic_north.csv,389,EPIC_NORTH,E6875896,905e36db7d5226367a86589de470ff641578edd8c8ad80daf3d2bb5f58b16d8b,c3b2f9d123f0e0f43e668ea5080ec861c55f162fa8d734a8d07f2f33c596fed6,2023-09-13T10:41:30Z,NEW_ENCOUNTER,,,
batch_001,encounters_epic_north.csv,390,EPIC_NORTH,E4637330,f469832594aac6d7c74683fecbe77e3184b7ffa70de8cd7b0cc8c0cf33fbb4ef,bbd3a4d2ff685c8c32f630a29ce3dca9b3bf2fcb45b3426a73f80d3b6e5e7cee,2024-09-27T01:02:13Z,NEW_ENCOUNTER,,,
batch_001,encounters_epic_north.csv,391,EPIC_NORTH,E6323345,fb16d098b18de3369d3a1704b88616f89772cf894431ed4b062b9f8dee223a17,be4f745a2157679434bb76da1002a78b10ebd9f5d79212e46a7cdff5abb0932a,2024-06-29T16:34:07Z,NEW_ENCOUNTER,,,
batch_001,encounters_epic_north.csv,392,EPIC_NORTH,E2708249,4e944314ff3aee04d76f5a361adb76bf5b5fbd3cf094080e834d8e637e5f0387,2d1dfce52dc80aaf91f6f9a79237734e8c7add411701029bffe8c6646e6e00cf,2024-10-15T08:48:57Z,NEW_ENCOUNTER,,,
batch_001,encounters_epic_north.csv,393,EPIC_NORTH,E3361949,2f3b61209cc42298dcb9e93a8322838177124f82570ff7ef9a15f1fe45d22673,28e8b6b5d0ee588cce3d07a1c07c7d8f684238295c95e5aa79ca5f1934d54ce6,2024-10-22T02:42:10Z,NEW_ENCOUNTER,,,
batch_001,encounters_epic_north.csv,394,EPIC_NORTH,E9832985,de5320ef4157389ed4dad701ccad983a99f6131f94bf48cadb59fdca2c962842,cd3e80f822ae871bb9ce1b11616522ff298f60a72ca42359d14fe5690502f30b,2023-12-04T14:25:44Z,NEW_ENCOUNTER,,,
batch_001,encounters_epic_north.csv,395,EPIC_NORTH,E1883348,c0bbef2f54e08953cf4337ef9f07dd2d8dee1b0773a71885d3aa72a913eb1d2a,a39d92d964f45b664283b9cfab5667e82c777eab80ae44184cea0cd1f28195a1,2024-03-30T14:30:37Z,NEW_ENCOUNTER,,,
batch_001,encounters_epic_north.csv,396,EPIC_NORTH,E2675682,5504405d377ec2d1af1e99dd46cf1c335e5adb066e1f592ed0d399ed2bc3b23c,3fc0e7fe0241373db943239db82e380aeb22ea152a8f01e5d82bdfba81a849de,2024-02-29T19:24:25Z,NEW_ENCOUNTER,,,
batch_001,encounters_epic_north.csv,397,EPIC_NORTH,E9883090,dedf3ba8b155efc68cd1f412e7def4ac55e853cb3d0d710610e0c9ac902e389b,86e507aeb238902fdeb9a70140d498529db4b48b69b4b7ed17c376c63701bb7a,2023-11-07T16:15:18Z,NEW_ENCOUNTER,,,
batch_001,encounters_epic_north.csv,398,EPIC_NORTH,E1037027,31212fbed641786d3f310058f98670d9cc10bd0d8cc773d4c29824d81cf0f962,c53194040484ff19858dbbe8cd404b1c1248bfedb2c2432ff437adcbe9df2379,2024-01-02T09:09:41Z,NEW_ENCOUNTER,,,
batch_001,encounters_epic_north.csv,399,EPIC_NORTH,E1023983,348b1c1f07c41f5cddf50ac2bf344f180b358cb896a2619b026c959f99230f53,5da29fa693f3b8b291e9905bc7a6d01c2b51fe12decea0c44395fb1aa07b4b5e,2024-02-26T17:22:15Z,NEW_ENCOUNTER,,,
batch_001,encounters_epic_north.csv,400,EPIC_NORTH,E7286796,b055dd7323c6a1ba438c92603a3cd54b7e9f1cc08121c5cd724bed1de7b99fd3,43ee95f0e476f64bf010a12edfbeb0d61dca89199d596e698a2797a25b0d080b,2023-05-23T10:30:48Z,NEW_ENCOUNTER,,,
batch_001,encounters_epic_north.csv,401,EPIC_NORTH,E9159121,b771642b460160641816b228eb0132f7f30178b2d2403476f58a88fa01cb2a8a,fe17e1055614460b510f98ed723b2236a6adc3a7b6265848589a438f327d6e48,2024-08-28T22:30:21Z,NEW_ENCOUNTER,,,
batch_001,encounters_epic_north.csv,402,EPIC_NORTH,E6965553,1ab2b66875a7365a9737968f645dc81be6646871f19ac7f5135aae1702579fb3,24fc1c3ed18680fada1bf7bb8e826baef85d49e162d68acc935bf24d2527098f,2023-06-17T14:16:29Z,NEW_ENCOUNTER,,,
batch_001,encounters_epic_north.csv,403,EPIC_NORTH,E5041586,bf0a3916796255de37845a62273bafa750dc90f22006ec6bbcd57f0413c30ca3,9fde88ea30914765ed6a49be5a3842e17a4ed21e2ce6bcadddcaaf6c2d4ad88a,2024-11-25T16:00:31Z,NEW_ENCOUNTER,,,
batch_001,encounters_epic_north.csv,404,EPIC_NORTH,E5734339,7698b8525c87c37a58ef44ef9e068acbc40d27d4334a6795b46e6de230f80e33,5bb96bb83d7f517fa2a6aa3108ea7a3def959a66b0a6bb72d51fd6528100f93d,2023-09-13T17:19:58Z,NEW_ENCOUNTER,,,
batch_001,encounters_epic_north.csv,405,EPIC_NORTH,E6746297,7dcec59835e57150586df9b160c5bba95e9aa4be29f5e9a0f1686b78392d67c7,e24942e80cc11d2d5e7c3f605d7f41b938d5e0760d7e424509f29b29827b86b8,2023-04-19T12:41:32Z,NEW_ENCOUNTER,,,
batch_001,encounters_epic_north.csv,406,EPIC_NORTH,E6809904,3aa6437e30aad3b5faa963553aed8b0e1fa899798a2166c5f295e890634e07e4,69ba4811f451556bcc2040984b88c13cf4a10242cac1240e64d8f8c746cca477,2023-06-11T01:58:33Z,NEW_ENCOUNTER,,,
batch_001,encounters_epic_north.csv,407,EPIC_NORTH,E7041653,7c64e23ceff0471a35a6479ff8cc598d3e897e169264a449976ce2236e49bbee,d4cbe882f54f7539102997cf263ba9c00a6d7fbd6e98cd1fc4ae903209ef4acf,2023-12-16T22:19:40Z,NEW_ENCOUNTER,,,
batch_001,encounters_epic_north.csv,408,EPIC_NORTH,E5828955,2def14c17566e0c8ae6e713f71541ba2ae414a8245af4783c6430c19676fcf8f,229b65b753908d9ab89a194207ae4e992aa44f4267db8b1fb1628de8eb7e6bf2,2023-10-04T02:24:41Z,NEW_ENCOUNTER,,,
batch_001,encounters_epic_north.csv,409,EPIC_NORTH,E8434199,e4f8096762936042e6c937bb17e3349e71b3457154aecbd2eb0ffb8eb04a685f,b15e32cc427e65efbc002b1aafbab64b71d8d470af9c3cff85629f0263297523,2023-06-12T03:15:46Z,NEW_ENCOUNTER,,,
batch_001,encounters_epic_north.csv,410,EPIC_NORTH,E8006965,9efedf8a2e8488156f979427fd21f2424e1e9a08fdd39610e695ecc6592bf1db,016415d59b11178740e3329b6f5e28d7305917e32518f0d38fab3a3b0bd81b70,2023-03-22T07:46:51Z,NEW_ENCOUNTER,,,
batch_001,encounters_epic_north.csv,411,EPIC_NORTH,E7915910,daafb5cfc55caba90e58de66e57a09c4f6f2ea751c1a50c91473075e4dddf3a3,9da01cc034817235dc20fc8fc93e760a937859e48152320c15687f391de37f50,2023-07-29T12:20:36Z,NEW_ENCOUNTER,,,
batch_001,encounters_epic_north.csv,412,EPIC_NORTH,E2473952,f60aae0a92d1053ce3b6e861a010887b3125df83e233863c421d928389662ff5,96e87643c0a75ca5c00ca45a973234abf1c412923b5aa8ffeb2dc7178b145e60,2023-07-26T08:06:35Z,NEW_ENCOUNTER,,,
batch_001,encounters_epic_north.csv,413,EPIC_NORTH,E3373192,bf40626932a47cfae02d83e8dc4870ddaea82ba7f9c5d218f0ad198d7a4b46e5,fd42564ca6d1e21f7c3450781de04a04d96aa7640b0cbc590c91ee10974a23b5,2024-02-07T22:58:36Z,NEW_ENCOUNTER,,,
batch_001,encounters_epic_north.csv,414,EPIC_NORTH,E9241454,edd073e798f295d79983a2bd7f9b20fe59a67436dc40163a4567b422f5aeb421,8cb8fee6aadb73c85d519b02e108e1cc085dc90bb0f8807e59648138bf602a25,2023-11-16T11:07:39Z,NEW_ENCOUNTER,,,
batch_001,encounters_epic_north.csv,415,EPIC_NORTH,E4401571,accb549ac524f4bd438a878b80c80950030a655921187c09dad0fdc03fbfd29f,1ca2b0684d5ea02d4b773c418cbccc8bb4caa8bdb714604430819b625abce38c,2024-08-27T07:29:26Z,NEW_ENCOUNTER,,,
batch_001,encounters_epic_north.csv,416,EPIC_NORTH,E4911493,81308734be1231028345adcd5903154eadcaa7aacf0194670e3022604ae37a16,3eb19b51e95ab3a3d5571b9496c472b423e274aa90ef25273a505d06a8754da5,2023-05-15T16:33:13Z,NEW_ENCOUNTER,,,
batch_001,encounters_epic_north.csv,417,EPIC_NORTH,E5540973,0cd377b768d00a43e8c8941eb430f6b3982f480dcf3e510a4ffb6270bb01d7b3,cc039830b4028408ccc808e0e5c6f7ab3258c72a1569024d05e3bf44b6791ddf,2024-01-17T12:48:12Z,NEW_ENCOUNTER,,,
batch_001,encounters_epic_north.csv,418,EPIC_NORTH,E9622430,c2531a650b1f410a10b3129b8831a20b5c21fccb3dfd63aca7ec0fb0ff7de8fc,eafaa45f5d6597c66a2a6ddb028e2e1781500fb2e58c038704a4aad80bd798b0,2023-03-11T20:51:10Z,NEW_ENCOUNTER,,,
batch_001,encounters_epic_north.csv,419,EPIC_NORTH,E1434262,1e2f7fc99e2455f116364254b5ae561bd7cf97b0b659e0c958b82949f51b9cb6,95700a91b697f42e5661987aa587ac20b338b4019aeb68539bb585fe568fe562,2024-01-15T02:02:10Z,NEW_ENCOUNTER,,,
batch_001,encounters_epic_north.csv,420,EPIC_NORTH,E2022224,cd3cbdea9bf21beefd5c68e08198714166f736801afb6c4c13c58bc5da36ccd9,20093984594bcd7cf3a301aa4505fc6b604dd45ee0b4c260fb09a66b7f0bf366,2023-02-03T01:27:41Z,NEW_ENCOUNTER,,,
batch_001,encounters_epic_north.csv,421,EPIC_NORTH,E7592399,a7f3c0e6ebb81a2632f3d7131975510db4dba149db924c73bc211c9c07aef2a7,19a66f746f2b49f305abcaf9263a98224845cdf9422de34bea428a4f9e071efb,2024-11-22T11:33:15Z,NEW_ENCOUNTER,,,
batch_001,encounters_epic_north.csv,422,EPIC_NORTH,E7192834,b0a707e8c82918262cc3dcad10c582937a157c1673e25e8b09d4fddd072e78d0,19b27d4c49599f302049bbfb3f56d8cc28ec95b29cdd7b977d1adb8953d3daf8,2024-11-04T14:10:27Z,NEW_ENCOUNTER,,,
batch_001,encounters_epic_north.csv,423,EPIC_NORTH,E3670333,bbeb77ebac6d77d0c719a91008b7cdf113760948da44287cd751bdbff201370a,d464904fced4b935050a10a7b37410f4ee1ae529320de8778eb781795c4b4d86,2024-04-04T09:49:51Z,NEW_ENCOUNTER,,,
batch_001,encounters_epic_north.csv,424,EPIC_NORTH,E6927689,a16e064285620c80167a0b79f6cd99bff1f1fc5ec9f89261b4d07d97e21804b7,b48ba5261149b9fd536197a77ee80ee70d0ccd4ce044036144e311acbaa9e57d,2024-06-07T07:19:41Z,NEW_ENCOUNTER,,,
batch_001,encounters_epic_north.csv,425,EPIC_NORTH,E2255871,f6b1481175c9cf43b7c0b8ac05328a2937582dbaebfee0bef55f376f84cc0855,eafc610fa454a976cae74c36abfce619c125a7f5b44b7874c4bed26d53cb2862,2023-02-14T22:54:17Z,NEW_ENCOUNTER,,,
batch_001,encounters_epic_north.csv,426,EPIC_NORTH,E2984803,301eff6632d2ea6ec89ec3bbb2c967176ee16c648745510847e03d2b9a8a3e7f,e644c0e309876b261e4cbfc154e8d864e336244da8823ef5a3def249f34b5b52,2024-09-22T21:08:22Z,NEW_ENCOUNTER,,,
batch_001,encounters_epic_north.csv,427,EPIC_NORTH,E4454652,917fe1ddcaadd30066aa9dbcd88cb9af32c56763fc151646051e7082047a8074,5534bbfd2b140a2ae0151a600afe5fb8a4d419752452c79ee94b617fee60d94a,2023-02-27T08:46:35Z,NEW_ENCOUNTER,,,
batch_001,encounters_epic_north.csv,428,EPIC_NORTH,E6411603,15247391dac2ebed1568046e31c7ac5726fd560afd92919c69dcb634f16b8659,633ff77f3a2b27a25f16320a93dead240b2b6a3a0f6f2088b18bcf4cc94a922d,2023-12-02T21:29:21Z,NEW_ENCOUNTER,,,
batch_001,encounters_epic_north.csv,429,EPIC_NORTH,E5379440,9a1108a9f101121cfd7bb14cc2edaec93345a12b8281630abf2df1c369d0dfd4,4daf83226e7c4001fd8bdcf1b77beaff678dc9aa0f5498213fab9a2e1c426043,2023-01-25T04:55:45Z,NEW_ENCOUNTER,,,
batch_001,encounters_epic_north.csv,430,EPIC_NORTH,E9823445,d627551c4fb88472c169363bbaf5db9b0a539a1338b9dbc1797316ade6e17ceb,ba7803c754ee2e18b22ba628681a2c25a04bbaa9d9de75f369f93d135299b040,2023-03-01T20:54:57Z,NEW_ENCOUNTER,,,
batch_001,encounters_epic_north.csv,431,EPIC_NORTH,E6887882,14fb088e5a0834cfb424385bd4626900be62f45fab564e4712ff48d8e8fac279,813f2919ac3f1e296d10cd89d713cd8073863df5e4f65340173d37a5b1f1107a,2024-04-21T06:33:38Z,NEW_ENCOUNTER,,,
batch_001,encounters_epic_north.csv,432,EPIC_NORTH,E9284574,0de01690646ec5877ec006c3e5b409474385b1f840c89c4dca69fcf008b822d9,6bf01ca5fa72b638b68c28e3bb8fcc077e11bbba65bf5541c93f16dbebac8847,2023-02-09T10:31:10Z,NEW_ENCOUNTER,,,
batch_001,encounters_epic_north.csv,433,EPIC_NORTH,E4946688,7de5dfa65520bf8c0997f7e64faed68db1a97c3a4230cb514f3c387bf40f0254,bbe643ca5bef04c215beb24f618f2d4aaaa2d69a7dd4b5abf35dd3532adbaa9e,2024-06-16T07:17:42Z,NEW_ENCOUNTER,,,
batch_001,encounters_epic_north.csv,434,EPIC_NORTH,E3736506,a9aa0a3456d3f001b35e61ffd90014d229f6f060a8cd0a4b202b7ed568d539d5,a6ecfd846161e9800d84c594aa387e581d798777f13354cf10ff7c31fefceae6,2023-06-05T08:53:42Z,NEW_ENCOUNTER,,,
batch_001,encounters_epic_north.csv,435,EPIC_NORTH,E3777165,9deea0d8e680160b1e7855aa34156e07bc4d2568a6acd9e91b1922e2f3eb3dd4,c73445eb9e71d76af293298b2f408ddb82b613e9a3c0cc668ddc599c38835558,2023-06-19T07:13:35Z,NEW_ENCOUNTER,,,
batch_001,encounters_epic_north.csv,436,EPIC_NORTH,E7946928,bc89a719ce63ffb65c583f1b8e81cc506dadb53e22d4e6243d39ce8a4b917343,971996c241e7a7041fbc0d39d09275b07ad5d29eef1100d0fc37f6c87136a1f8,2023-03-01T06:34:45Z,NEW_ENCOUNTER,,,
batch_001,encounters_epic_north.csv,437,EPIC_NORTH,E9693659,740518af929b50bcc824d3a472dc1b81496ceb9cebd6f6e9f84e1be83c0416b5,ede70f19a9fdde684a322cdcdfe9a0a244f347a258c69e7725fa9247c9afc228,2024-06-27T07:24:53Z,NEW_ENCOUNTER,,,
batch_001,encounters_epic_north.csv,438,EPIC_NORTH,E6502896,9846e4e6f1a6a144e1987897f9318209cd978ca732ece440e13817c9a370008d,1f4564df33fd7c77637e1a9ddc2c8b5092677b88e8cbec2b4836cce5097ae7e0,2023-08-21T00:36:13Z,NEW_ENCOUNTER,,,
batch_001,encounters_epic_north.csv,439,EPIC_NORTH,E1390106,d734113d296fbffc06b825c14a579a0e430c0bc80a6a474823a7d918ee78935c,2d1d0cbeaa1d6375ece51d8a92af2f23b2a073cc9af8dfd468455479bfb8b216,2024-01-11T13:26:44Z,NEW_ENCOUNTER,,,
batch_001,encounters_epic_north.csv,440,EPIC_NORTH,E4416120,5f7717ac333d8ebece729c26d7b740b6db8d444288a14f1a0336cd626cbe58a8,34c1bcf1abe5da989ea11528e110e9837742c984ab895d766c281d6b5e4c074d,2024-03-21T10:20:38Z,NEW_ENCOUNTER,,,
batch_001,encounters_epic_north.csv,441,EPIC_NORTH,E7834031,b9a6ca559f759deeb0afb22e485c0f36b0299e1c9e583c47ae1631a0fb2559d1,8c7f3347ed03bf7b4f9ff16cfaff625fd678125819e13071234b41e55cb73c0a,2023-03-30T05:02:52Z,NEW_ENCOUNTER,,,
batch_001,encounters_epic_north.csv,442,EPIC_NORTH,E3752013,ecec4a08a6b9bb2dfffd9d3dc355a3331abc946e5d907b0557b096d2aef14db5,cf6ca5b31c9e634c64140ee8ce294168ceb9757ef5fb3e0f8c8f35fe6d42e80d,2023-05-20T22:40:12Z,NEW_ENCOUNTER,,,
batch_001,encounters_epic_north.csv,443,EPIC_NORTH,E9451379,71a81538b001b7decaf56e20c8cde87cdeb9158e324b5bfe425b435f05b5f68f,b4eead85f662a8cbd3b1b6daee4e59293bcb9872a8ca9b8b62f2ee88e2008edf,2024-10-13T21:52:36Z,NEW_ENCOUNTER,,,
batch_001,encounters_epic_north.csv,444,EPIC_NORTH,E9304977,6a6c977e5c706126f36c310ae715176c7bce648759408f89660b71c44cb3953c,82bc3779e85632b1f93fe2cb8b94ea4fdbbd5828740313ba3d6f67e522c3ae35,2024-08-12T08:12:02Z,NEW_ENCOUNTER,,,
batch_001,encounters_epic_north.csv,445,EPIC_NORTH,E1287440,9daf5a35d3c5be44f0e6307f6c317ec51b75eb13e3b31371a5ffaf794ee02f74,d202a7a04e4dc6c4d47e797a9e27c98127d0b82436de3fb8dc8f1b725a6c8fbf,2024-05-04T15:45:00Z,NEW_ENCOUNTER,,,
batch_001,encounters_epic_north.csv,446,EPIC_NORTH,E6774006,e24247bc597c06071a630e617947429a3e74dc31e2c06e9e0b227d8ac16e4ade,f18d020a75a41dc95d2de21cbdb7a9cd0a09c67543e9baad680ff8c2acdb2f79,2023-06-28T05:58:03Z,NEW_ENCOUNTER,,,
batch_001,encounters_epic_north.csv,447,EPIC_NORTH,E2903246,f09377c31adfa03d9a9809aaa4484d06b2191997361ce26b0c45313832aba463,630ab94bba05ab435c4ab3cfd77280212694f3b543e2aa4f12049468f1582384,2023-02-10T07:42:37Z,NEW_ENCOUNTER,,,
batch_001,encounters_epic_north.csv,448,EPIC_NORTH,E1592364,5eb4831d3ff21d0a8cd7940c3811a276c63020ff6fa4974a0cfbb2dfd13503b7,10ad1f9bfd47d214457ed7286222b700ecf27aa8e2fa43d8c2447d32afb03dc0,2024-11-28T20:47:42Z,NEW_ENCOUNTER,,,
batch_001,encounters_epic_north.csv,449,EPIC_NORTH,E7596143,924e233675b83dcca8e8b635bd3f861fa127fce451952d05920b296c1d0b3bf4,247fa4a5c81779fdfe1dd739792936769aed714020a72963573079a22926f4c4,2023-09-04T05:17:55Z,NEW_ENCOUNTER,,,
batch_001,encounters_epic_north.csv,450,EPIC_NORTH,E5251159,b6cd69a19de7eb4a761439d58da69858bc308e8aca806d7cdebeab05c182df19,232443ae2f2bf93c60d9ef078dd6a46d826fa8a7fe839107c8077c6c717ca7c5,2023-09-02T07:00:25Z,NEW_ENCOUNTER,,,
batch_001,encounters_epic_north.csv,451,EPIC_NORTH,E8708946,384ca914d9ee0f1132f12f634a27f34a1b3205871da9ce40d3029387bff97bbd,28609b214aa68dff65977a027093874bfbbf7198f02391f8a007486c01a7c84a,2023-09-22T13:37:58Z,NEW_ENCOUNTER,,,
batch_001,encounters_epic_north.csv,452,EPIC_NORTH,E1983968,3aedd4b3e788c1d6d2e1f7d116e5d9a2db75ebfb5252d74b9e26eca20b4601ec,d6cd1f3c5953ebcb4a8023fbcce311be03ef40a1981d83eed76b47216014c498,2024-10-26T12:04:42Z,NEW_ENCOUNTER,,,
batch_001,encounters_epic_north.csv,453,EPIC_NORTH,E5765331,18f9ab7f84e0618ec0448cc4fec0fba80b92e2253fc96a91a4e335b534b5b796,84a4fe0d8aeaca28f38210ef0d72b06ffbeb7091cd0b6df7628744b3ae5716f5,2023-08-04T18:48:11Z,NEW_ENCOUNTER,,,
batch_001,encounters_epic_north.csv,454,EPIC_NORTH,E7671210,b5c0228567bc58636716d4afcedceec1addb15b3173a9d57f95eedee01a0b86b,c5adc7af31c54ac298bae370790355f932f9645e261171107592bd4230e9f786,2024-09-17T10:17:14Z,NEW_ENCOUNTER,,,
batch_001,encounters_epic_north.csv,455,EPIC_NORTH,E1385309,9d94165b9664c9dd6a9492dc0671253957eaac45741926387224661b59ad4655,80a5627aa707626ef9aedc8f70bfeefe376458dc134ad58274e8b29c8a8c7480,2024-10-10T13:36:56Z,NEW_ENCOUNTER,,,
batch_001,encounters_epic_north.csv,456,EPIC_NORTH,E4418536,a7b585dbd41e5ab248c210d5642e3cf815ed00555b19eb1c62fe48b1f9df6434,3a6cf788e59cdd4a31cf495027c78ec727020e891a68deb4e888a44f8d55688e,2024-02-19T15:12:12Z,NEW_ENCOUNTER,,,
batch_001,encounters_epic_north.csv,457,EPIC_NORTH,E9450598,8e1587d315053d14fa47ea8d88a9bff7979c27faeda5623acfb63328c441d703,b6c616d71bdc00c5e9841f58df1c3a9e28f72d95e0fce550c779e6f2f6e2ed7c,2023-05-16T19:53:43Z,NEW_ENCOUNTER,,,
batch_001,encounters_epic_north.csv,458,EPIC_NORTH,E3991155,ddd38d9ee19c5c3f9bce5b7c616b8283e3aaeedd05fad6ed7fc855069909155d,a9a1e0163992845bb329a3df9ba5a11bdeff0673e60bab5ec02e4a10ea23041b,2023-12-01T21:02:04Z,NEW_ENCOUNTER,,,
batch_001,encounters_epic_north.csv,459,EPIC_NORTH,E8982300,93422d44942191fb109da0938959364c925c89eb4b56ed3b3bf242b7612b3291,f7a96b982cf99f2714adda6fa89aba53aac71d8a37735a302653800b7db643bb,2023-11-27T00:17:02Z,NEW_ENCOUNTER,,,
batch_001,encounters_epic_north.csv,460,EPIC_NORTH,E6305520,ba1b7d780d1e0822617d791f458a1c6f8a715d8a973a0c91897bccac98fa4eac,f0562431b633a4cbff1ebba80e16637cf48320e28d855f970d4560cdb1b94ce0,2023-12-06T02:55:12Z,NEW_ENCOUNTER,,,
batch_001,encounters_epic_north.csv,461,EPIC_NORTH,E3759910,ef49612e1c646e8f3b287b7a2f77dc1754b4eba014a981aa33e008f673f6e07d,e5e504f0c5024f2169a163d9dff185e481ab9af8f12f273d4cf4aaa0795b7bdf,2023-03-10T14:08:19Z,NEW_ENCOUNTER,,,
batch_001,encounters_epic_north.csv,462,EPIC_NORTH,E1064720,b12266959b08a8a8567bb7269436d4bd625dcbec647d1700f9f2cb0d66bf2897,7ae1be9133cfd23f12ab30d21df83edd947db86259650b61482c7830fcfe42cf,2023-08-01T23:33:53Z,NEW_ENCOUNTER,,,
batch_001,encounters_epic_north.csv,463,EPIC_NORTH,E7474804,6bb3cd44d8cefb351bb05ac1a57eed0d4e2c8710a1df0468983cd0039e8a5c5c,ea18a2eff723139e4493c09be25f66c98d43e2ff91bbe875c59e48bb08715b2b,2024-10-25T01:51:49Z,NEW_ENCOUNTER,,,
batch_001,encounters_epic_north.csv,464,EPIC_NORTH,E9650743,730b160ea729583df2ad9d883231941ef85edd1ff0e544e0398fa759d58df0b8,bf67fdf6ab325b2fd87be16bad290a9aee33548459a3bfa66cc514182540a351,2024-07-26T23:58:12Z,NEW_ENCOUNTER,,,
batch_001,encounters_epic_north.csv,465,EPIC_NORTH,E6079791,f8cb10d16aac8e0307bf60a4de03494f27c3c12c75b276a5f3c16c44a1a9f3c6,3b8b3f104b4a85e86741022cdfe96a7b5ae82b590799b853c94ba23baee232c4,2024-10-29T22:11:34Z,NEW_ENCOUNTER,,,
batch_001,encounters_epic_north.csv,466,EPIC_NORTH,E4421198,4d264b4e9d6b82ec5c5759146dd6942bf7d43a2b67464dfcaa30964da9f85d2a,355a0cf245b0bf9e3820084bd630cdd54ee384a677325d097ed8d648890e6729,2024-10-19T08:10:08Z,NEW_ENCOUNTER,,,
batch_001,encounters_epic_north.csv,467,EPIC_NORTH,E4032800,bfeea6a63475b58200e76377d9058faac2a3e4ee4e062ba7ba685077df3a6b24,7faa7d1a65330e36b6a690de5f2649edd95c7ccd7a57df0b4f6b6c5c1956c7cf,2024-06-12T01:14:34Z,NEW_ENCOUNTER,,,
batch_001,encounters_epic_north.csv,468,EPIC_NORTH,E9564461,2b72ae00f4e3f19562e4b999676caba3a0f4b79d8c9a1cc145f443fb79844a95,9c2142e6de6d56c7ea15698b71e029d60733db416e31bc320b7cc527eb37c5ee,2023-06-15T15:42:53Z,NEW_ENCOUNTER,,,
batch_001,encounters_epic_north.csv,469,EPIC_NORTH,E7409213,61b7117ea825d47c82ccb1d17a4fa7d52c54c12cf72b2bda9cc890a1725eb7a5,75aea1b0e56e81f52140d08edca96b8828b78b0ba6f14c5ad6154a203ab2db60,2024-03-02T19:33:22Z,NEW_ENCOUNTER,,,
batch_001,encounters_epic_north.csv,470,EPIC_NORTH,E7157928,938413ef0bdf4705397e6cbbd8d9a2933a68f358cfc11405819fee085f7ede2b,c67bb98842acc363f771751788a8e56b3d0e07d9ae419fa0f78d0e448ce2b651,2023-05-16T20:44:06Z,NEW_ENCOUNTER,,,
batch_001,encounters_epic_north.csv,471,EPIC_NORTH,E1062547,bd83abe93e437d409ad8cd71df124f34dcec2779ec9d2947d0924e328d076f08,5db0a2b0afac04effd06b72dd791d5c88159976dc3a555a361bbb01c3b812920,2023-12-17T22:28:24Z,NEW_ENCOUNTER,,,
batch_001,encounters_epic_north.csv,472,EPIC_NORTH,E3955940,55416de702671f8e1a1483875de49a48e19f8a8edcafa0e2e5c33f43683898c3,93b8fa167f136c5bad6b41e8912c4ef4ba96e59d3062bb978f11496e633d4d5e,2024-03-09T03:49:36Z,NEW_ENCOUNTER,,,
batch_001,encounters_epic_north.csv,473,EPIC_NORTH,E2603923,a00a5ee007210a254c0b296a2ba99b3f1e3b35dac3ebfdebeb62704297d925ca,400dbae0ef70eaa5847ff2037e4dcb4363ef682a04268b6325f8142fc1a862ab,2024-04-08T20:58:35Z,NEW_ENCOUNTER,,,
batch_001,encounters_epic_north.csv,474,EPIC_NORTH,E3588145,5e4113863b3c4ee46880ea547d947d8e41de71a443437ffa0b2263610be3468e,e4d5782c079d6a890c14d032c916ad7d11b1bb78436fa76c184d6dbb2dfa2408,2024-02-27T23:57:30Z,NEW_ENCOUNTER,,,
batch_001,encounters_epic_north.csv,475,EPIC_NORTH,E4866774,e2d66ac299c27ce86b7d11962e9b0e7e32142f413f01d690bfab4fb94dd168f2,0b075f9b9bfea7d24909447878c109ed2c71ccbb13d8ab6355b96d8b896f8384,2023-06-17T10:35:04Z,NEW_ENCOUNTER,,,
batch_001,encounters_epic_north.csv,476,EPIC_NORTH,E3333790,cdde2d3dde576568b6ddacf919f3d1324b4656331b0f40852f42fb17b211da73,593fcd762e5917dc47d94079de17ce359559f6c19daef84b507bd620b6d8bfef,2023-11-04T08:57:11Z,NEW_ENCOUNTER,,,
batch_001,encounters_epic_north.csv,477,EPIC_NORTH,E1008384,58b0a5213983c30e23ca353ddb090831d16c35fa5e12a4467a93b466b6d26ceb,1b65e40f03c55ad3bea0e6d2f072f58c8e4b9965da22a7da2d00eefadfc5bec7,2023-07-02T02:11:00Z,NEW_ENCOUNTER,,,
batch_001,encounters_epic_north.csv,478,EPIC_NORTH,E7250518,52b9df5950972f992846dabbf57236aa8e41b587f9e981b966170f6e8ac69faa,fd1cce5c38839cdb3300d153cb2caa41df5181e985eda6fedbb4d42b77483886,2023-08-03T07:19:21Z,NEW_ENCOUNTER,,,
batch_001,encounters_epic_north.csv,479,EPIC_NORTH,E5731145,dc4d28a0b43ea035b5d9ffc57406687f1649ae91d2ffceefd0bf04d3cd4f12bf,7ca33542cf521f13ea5cf92cfe77ef6108f939f853765179bd588e5793dab4eb,2023-04-20T16:54:37Z,NEW_ENCOUNTER,,,
batch_001,encounters_epic_north.csv,480,EPIC_NORTH,E8787701,6a38b2934ab2e39f00e98505d6da83de2c849b1726925f5068d795bc985e0a41,459569b1cb99ed149cae4b700a4bf38caaeeddfd9cadfcc7ee36d9aa38daa00a,2023-02-08T17:00:52Z,NEW_ENCOUNTER,,,
batch_001,encounters_epic_north.csv,481,EPIC_NORTH,E5891348,2f44a8bea91ecd0d1bf8eee351b25d25da611247b080963f0e8f33d027c0819d,19e68c7bb5139e42b25e1ba273996dbf8dba2c1c9c42dd5b388b02cda0bdbd3e,2024-01-31T14:35:37Z,NEW_ENCOUNTER,,,
batch_001,encounters_epic_north.csv,482,EPIC_NORTH,E2829369,10b0fa2ab68a6cd1baf5b5992ec8d3e3d99db44216e6d4d52e53a48e2c943df1,98f028e6c818d3d8c3b5245ce2a47e859387674fe6acbfd44d0b5588d1170b8c,2023-05-04T06:05:23Z,NEW_ENCOUNTER,,,
batch_001,encounters_epic_north.csv,483,EPIC_NORTH,E9355967,b8bb4cfa27e12b21d7a90c3294abb68451fedf5bce146b1b00f0dce7827a961e,71bfd91ff37fed3a6467929099d2783ca39ec8f48f41793bbc1d542f766aa6eb,2023-08-16T15:15:41Z,NEW_ENCOUNTER,,,
batch_001,encounters_epic_north.csv,484,EPIC_NORTH,E4979066,1f6e82fdc4ba39c9bd568df565b440c800eb9c51b241941a6b79f6df7e46ae15,93eba88ee6c21438b254590be0f8cb515f691bdf86b112e16cbbedec1697f01b,2023-01-26T08:33:35Z,NEW_ENCOUNTER,,,
batch_001,encounters_epic_north.csv,485,EPIC_NORTH,E2628417,9743473afa9bf03df227c64a4bad7609af45340f8a6cce8039b6e2b7faae8eca,16a62b4e0b03974d6ac0e507ba16a1f11f2d5507809398414887241d765e4678,2024-09-14T22:18:58Z,NEW_ENCOUNTER,,,
batch_001,encounters_epic_north.csv,486,EPIC_NORTH,E7241506,f56582d286174ef378581dc3f1555d93f46d22f620ef0d411c5aa59ab3b68ebe,e7dfd716040713defab3f0692b705af32c500b682f3871fe361bff6164ceb191,2023-03-29T02:44:43Z,NEW_ENCOUNTER,,,
batch_001,encounters_epic_north.csv,487,EPIC_NORTH,E2489918,d34bfe1c338b8cb65135732f8bde6dcaef2502d820b3aa2e55d235b44bd47481,a5fad72958b66e27ec9e457de229f82b2ec097d06323c3c19a62773ca7c69a65,2023-12-27T22:12:24Z,NEW_ENCOUNTER,,,
batch_001,encounters_epic_north.csv,488,EPIC_NORTH,E7086408,6bcb601791988692cf5bfe6acef5590cf20020319198c3664b9d5c062174b6ad,9a951334a6e1fe6f9205071e4c2623edb9c8a1c204315792449f94b654be67c1,2024-11-20T04:27:31Z,NEW_ENCOUNTER,,,
batch_001,encounters_epic_north.csv,489,EPIC_NORTH,E5923088,05ee443fbe7f02b8032edf6e525b5c4d60ec00f79d30389b4c42f260db12bccb,018df3ba3f1bd88f009d051ccb4a04f25e26ff7e93d5074240cd9ca5387a8540,2023-08-04T09:48:41Z,NEW_ENCOUNTER,,,
batch_001,encounters_epic_north.csv,490,EPIC_NORTH,E6144625,d2882259fc5b91ed3ba1c7e404b9d06b6fad9a7b561c126660f541ee266cbddc,f93c5188b53ed03db551a3ea636702e7ef7d16badc2154b061627f53fc6e8dfe,2023-01-25T14:45:28Z,NEW_ENCOUNTER,,,
batch_001,encounters_epic_north.csv,491,EPIC_NORTH,E4286693,277004c52d11949134d866744b92870b46d19d3d655906ab2a5ce848864ee365,22687c573a62cff12e9f33753b48d8683b0f9558416dc93ace34e0016679629b,2024-10-09T22:28:34Z,NEW_ENCOUNTER,,,
batch_001,encounters_epic_north.csv,492,EPIC_NORTH,E5389341,b13ac4818c5f7aa56c6c35127be86a30b11124929b390db30afce2d15855c6eb,5046876e80671565af814dfb51ef73cdad2a53affe37ad7b00cf26060b2540cf,2023-10-14T09:42:43Z,NEW_ENCOUNTER,,,
batch_001,encounters_epic_north.csv,493,EPIC_NORTH,E1136149,12f70a9dc52232f566ca75e09a4091feb6b297c2f1c31c06db6ef2f10e5a76e7,4aadf3c513005ad422c2ae04b04088c30fe4577d3a1cd0664576c8c111e0848b,2024-03-06T16:30:50Z,NEW_ENCOUNTER,,,
batch_001,encounters_epic_north.csv,494,EPIC_NORTH,E4182149,57999c4ba3d0b625275ca2ce63adea4c2965ab1020f6e685b207497bcbe8422c,38cb2ee94f15a2b6067e639ab9edab1a0ca046407342c49b0a917d7aa73d204a,2024-08-01T20:00:38Z,NEW_ENCOUNTER,,,
batch_001,encounters_epic_north.csv,495,EPIC_NORTH,E9030429,e98579c04fb96b06f73ad7f1e29a106e7f383e2fd6b9bd38cd296b7bd27f9f96,04252008efd8d07cc7b60dcc8e5f6c96c1adaa0328b9b781e00bf87ef78b7b52,2024-10-31T16:57:45Z,NEW_ENCOUNTER,,,
batch_001,encounters_epic_north.csv,496,EPIC_NORTH,E4691813,db3d5319c72f3bcd87fe1aa974d7a64d81e57f6eca4967c38c1ed74e8f9745c6,44a897666ccb479304aa429536b3b88cb7e244b9b14aae6d0f2013e4131a02fa,2023-08-23T16:49:00Z,NEW_ENCOUNTER,,,
batch_001,encounters_epic_north.csv,497,EPIC_NORTH,E7366110,d526a1b925a4f6dd6f4d6749bec57f3af1d77d2b43d5ffd2913d73413a9529ff,6b2e694b523840dcfe43428444525d4b9574c8929e6d4658f0216344ef5cbf52,2024-09-27T22:02:20Z,NEW_ENCOUNTER,,,
batch_001,encounters_epic_north.csv,498,EPIC_NORTH,E5276412,14e53b6e76adf7188feb0f456365e823725591200677ef63791956f6a1ff90dc,54d5023caab81f2136c887c4ee44dcc86c8b1f88b34d59d3c420b215ff6b263b,2023-04-09T03:53:49Z,NEW_ENCOUNTER,,,
batch_001,encounters_epic_north.csv,499,EPIC_NORTH,E6387124,3d0c03b95f28e6b8dd2b67b3a4f2f63ace1ef0163f79ff8b0e92cd8f17c06196,4a12f1def1491d49446b46e071a0e69e0ff29ead86c42308f758a63fdfa2e372,2023-07-17T19:12:29Z,NEW_ENCOUNTER,,,
batch_001,encounters_epic_north.csv,500,EPIC_NORTH,E5710453,7863cceee190877ff4649974659b6503c9696bb419051bb4d0494ee648f6bbe6,1fbadeaacdbb9ea3513acfcb01ab21bd1cb9123de891fbe6592570dbadb27ce4,2024-01-30T09:33:17Z,NEW_ENCOUNTER,,,
batch_001,encounters_epic_north.csv,501,EPIC_NORTH,E7395230,35c1d58c2b5d2978a20b921e789b4d1b8338a387565c4330649007825dd2ce69,cb3c44e9193897d9374fbee944608fafd222d791ea8f43ae567d7cfb90d57f00,2023-03-10T07:20:51Z,NEW_ENCOUNTER,,,
batch_001,encounters_epic_north.csv,502,EPIC_NORTH,E5331906,a969897b6d345b75c0ad65cfcf719288a0694cadaf3ddacbe586e2359e3f314d,166b574bed346dd4ca8f5e01cbbdb6ddbb2ca230e6704f7dd611559d362522b6,2024-08-02T02:42:07Z,NEW_ENCOUNTER,,,
batch_001,encounters_epic_north.csv,503,EPIC_NORTH,E9255276,151b787c094ec703890749c120d4d33937b5cb3a198bc8a43cf1562aaabba007,c27861425940e33bfa5fd0bf94ff1f43623b56b44c9bfc7931335a723f109b21,2024-05-17T11:00:55Z,NEW_ENCOUNTER,,,
batch_001,encounters_epic_north.csv,504,EPIC_NORTH,E1470958,f42b220a3bee3d5c1feffc19dc2e9f5a4451c243519eab29dfcc1df6b5fac394,e89a1f4b5b25770aaa8e82d3748240a6d733e59e69788ae1fddeafe0f7117417,2024-08-20T19:01:26Z,NEW_ENCOUNTER,,,
batch_001,encounters_epic_north.csv,505,EPIC_NORTH,E3155530,7e436efadb8b7391138bb3530a102a4c76724897aa1875793224025c76945c3d,04ad76e08de590c53ba11197960fb6a35c79278db7c8d91020859d3640e22d84,2023-09-26T00:27:17Z,NEW_ENCOUNTER,,,
batch_001,encounters_epic_north.csv,506,EPIC_NORTH,E5028010,0bbf518c39ae757be5c1238df044d26d70d3777108c83cf7b8e6f198f501161d,5d69a8c1af7b6095efc6b18968f6d98f8c535c9d0169e1feb6055438cf11ebde,2023-02-28T06:21:39Z,NEW_ENCOUNTER,,,
batch_001,encounters_epic_north.csv,507,EPIC_NORTH,E4823846,28580142d586a02f50b843c97e3d081633534c5e650c1b807b9837eb76cc1fe7,b72e4dcb52117da1002aeac0b5fd8bddc8d3dd52d34adff65a389a37bebbf272,2023-06-30T16:46:15Z,NEW_ENCOUNTER,,,
batch_001,encounters_epic_north.csv,508,EPIC_NORTH,E7140732,70777bb581d5989b124559feecf4d8053d9ec350c84c7c674086bcbc1708f963,9c9dd619f52c86ca078e4c29f3793bef816aad2bd7fcfefbb7dce7e75d5f8984,2023-06-10T17:52:29Z,NEW_ENCOUNTER,,,
batch_001,encounters_epic_north.csv,509,EPIC_NORTH,E2173112,d18a4d0059118360b3f53688edfab9f5ad3f9004d1f413ba41b171f1f5e8500d,f411a58ae40a28786864b85105e9f59cd44e7955e8f131638c40394822db187c,2023-03-29T11:17:43Z,NEW_ENCOUNTER,,,
batch_001,encounters_epic_north.csv,510,EPIC_NORTH,E1107221,f644dd8485c344aa82828c712f0db861fd87373b48a80e0c6c66909ebfc5991e,4e3bf224d14fb4d5076324641bfe7723779f7c2fe3f376f27f80cbf3fa6eb057,2024-09-03T00:32:28Z,NEW_ENCOUNTER,,,
batch_001,encounters_epic_north.csv,511,EPIC_NORTH,E1303865,f43d16b2a68f665e27b09bf28797ed127788be277763773bb77a7063c502860d,ffdcff0dbb179533f9b38e0e043e38483a944c7c2e2d00d3d0a919e8cf16fe3a,2024-06-17T17:02:31Z,NEW_ENCOUNTER,,,
batch_001,encounters_epic_north.csv,512,EPIC_NORTH,E2667571,de8673594ba9f393ad77972620889e818beea4442c1caf860d63a617d3fe2316,311b3c236f7f7d0d25635f580ce835dd208c0b0c44d204601eafc42d12170b0f,2024-05-18T17:22:21Z,NEW_ENCOUNTER,,,
batch_001,encounters_epic_north.csv,513,EPIC_NORTH,E3356054,4f5c65bd9cf64f54b937c6e146886db01025a8a9b338c60d9bebaddeca3eaf91,c2b079128cdab725d9d7f4c6011cdb798731d3d09f86632f9034049e86d0ed89,2023-03-20T02:25:45Z,NEW_ENCOUNTER,,,
batch_001,encounters_epic_north.csv,514,EPIC_NORTH,E6091608,3db749766168196f92c6722bf60a7b664914ef51b5681e00e024636c5e55ba76,ee9a316d24c9e1195f1b9874b86cb0baa42a1ab8b0576a47a6f81b21a03280de,2024-08-20T22:18:08Z,NEW_ENCOUNTER,,,
batch_001,encounters_epic_north.csv,515,EPIC_NORTH,E3730479,a583ff0c449fab321e17d373c4dd412c3ae083dc00efe9af44980124bcbadb93,b6f54885e07a67373de37739c14fed1c1e0656bce8e6bea5b7f4f0943db141e6,2023-07-10T08:31:12Z,NEW_ENCOUNTER,,,
batch_001,encounters_epic_north.csv,516,EPIC_NORTH,E1782899,59488e2daef88ff82544c171b2c2ae04381fc5669fe02f7b2418e6ad45de8829,413399431ca2551e79ccc4255f315e8c3269d6b426d9dc5abe48d32fc8bfd0e3,2024-02-07T12:15:57Z,NEW_ENCOUNTER,,,
batch_001,encounters_epic_north.csv,517,EPIC_NORTH,E2982504,c4cedfabbf34055c41902c4d71dcbd21042c6a64252ebb3e25f8cbf4dde92d81,47258e1303d2678e76c4e039247b0c38e3430fe9f9c1b3b4c2e134ac400cd5b0,2024-06-02T21:27:00Z,NEW_ENCOUNTER,,,
batch_001,encounters_epic_north.csv,518,EPIC_NORTH,E7384739,191ba1a4ccd1357fbdddac7cb2dd8a680d8ebccfee9ef9a3de3e21ab24735032,6087271e78642654b17eaddd66c949c7885873a14230f70bf2b8f47222d825a8,2023-04-30T19:28:29Z,NEW_ENCOUNTER,,,
batch_001,encounters_epic_north.csv,519,EPIC_NORTH,E2463574,9efdcb73372ff79c032cca150ac8a0c02e1a02175b3971c2654ccd6aaae8a900,9e4d349ff0b0c172db24671a1b838defb999b48bb78bf1d26840b8d217f6272a,2024-12-06T08:57:46Z,NEW_ENCOUNTER,,,
batch_001,encounters_epic_north.csv,520,EPIC_NORTH,E4112700,8cc19e92fe8faec059f296695c87de252638beabf59242c0ca36232127363d86,dafb83eb125b9114ef8b2ff139f4cd893284964067ff89ed42594368d793df13,2023-07-08T14:24:05Z,NEW_ENCOUNTER,,,
batch_001,encounters_epic_north.csv,521,EPIC_NORTH,E5415322,d3445fd182daa9e5b9881eb79f9bfd8c703c64d9736c4e5c8254502881603bbc,3c1601fe389673ec22bc50678e14806e19e43390e2411e47d9a438811eeb727c,2024-02-24T07:35:34Z,NEW_ENCOUNTER,,,
batch_001,encounters_epic_north.csv,522,EPIC_NORTH,E3049809,e30e282f81c19d4195b3f95216e008caded6506fb919f6f60268260677f94364,c56f5081028d96938de436e0976e9117928475858885b8deea1885d1523ad948,2024-05-18T02:15:52Z,NEW_ENCOUNTER,,,
batch_001,encounters_epic_north.csv,523,EPIC_NORTH,E7596338,6583537415107f69001d7567f7512f67673d5d625cdd74c68330d447afd62922,34794c98a282ffb81f5be3359f04e2fba55ebebfb8402431664f7b918b35cc71,2024-11-18T04:43:15Z,NEW_ENCOUNTER,,,
batch_001,encounters_epic_north.csv,524,EPIC_NORTH,E9937662,6ed8f00dd15b98052ab4d93d2ef27499ad4f178d0f9ec51fcbed03cd1172b556,6f97c29d0f530df5be0894dfef184a4bc054adeff5539e59ff5ea518407d6510,2023-03-03T13:21:58Z,NEW_ENCOUNTER,,,
batch_001,encounters_epic_north.csv,525,EPIC_NORTH,E4512971,40738e7992dc65bc6d960ddd5c4dbd73d651d7f555f2fb3d30908f1ea1d0a825,c0f9349c95f87c12345f371cb6a167c3517ce03f8a7308beaaa083fd5273b1e3,2024-01-12T23:21:04Z,NEW_ENCOUNTER,,,
batch_001,encounters_epic_north.csv,526,EPIC_NORTH,E1284075,9bc0728e889a44ca309a1a08b85f02ebf1429a9c021f907c21e2d49a185395bb,318016ab29ec54468d62fe702306d0dec9453c61063f9ca1e9700188ddb201cd,2024-06-23T09:42:16Z,NEW_ENCOUNTER,,,
batch_001,encounters_epic_north.csv,527,EPIC_NORTH,E8140628,a1289863382154b82d8f0cf66770c9f5a3a9d8ea2068e7cd4cfb22a91cf7cc63,de2ac75c8188c1f1a2777aa947be929b6e11006cabf145120ccf95f2428c7cf7,2023-09-21T20:45:18Z,NEW_ENCOUNTER,,,
batch_001,encounters_epic_north.csv,528,EPIC_NORTH,E8064450,66b3117cc5d47629c53ff0f38b0e0f77c9febd8ce564cfc24eb9783f8e760065,63754d895efa2a1fbb735b29ac39ae73d72a4b487b1c5e7f3297bc0ebd759fb3,2024-06-18T20:26:30Z,NEW_ENCOUNTER,,,
batch_001,encounters_epic_north.csv,529,EPIC_NORTH,E5598507,d57c90be3315a66b181a361affa3dca397335e98d019d63f96ad05ef1fed7579,9cfc30c80e0653379dce67f2afa9e7c5f42e679560d0b3096d493425aadddb96,2023-02-06T08:59:04Z,NEW_ENCOUNTER,,,
batch_001,encounters_epic_north.csv,530,EPIC_NORTH,E4540969,db4d8ed701b67db4e960f24b0b3378ade5109d9843a6392428a56abafde2d8f5,d99c116e907660f0998adfb160273f943c5057e790934f838f14962dafeea2e3,2024-10-09T21:34:22Z,NEW_ENCOUNTER,,,
batch_001,encounters_epic_north.csv,531,EPIC_NORTH,E5454934,7650798dcdcdb8cb9c13fe49cd9d1e4e40717d4f9b3837066cf5609d0ece336c,5a4be1c8a66edd3beebfead5a6a3ec8aa1b921e63e3d4b9b54da9900df503c42,2024-11-21T05:34:35Z,NEW_ENCOUNTER,,,
batch_001,encounters_epic_north.csv,532,EPIC_NORTH,E2874141,4e6e0d615e17f36b6b2de007136b4d02c4100dfb5203e2add9d31353ea4caaf4,3d4fe7f9bcdc94602cd074856db83c0d1eb3c0325d0df41706f8da675cfc0113,2024-09-06T16:42:07Z,NEW_ENCOUNTER,,,
batch_001,encounters_epic_north.csv,533,EPIC_NORTH,E7175973,d8c09d4880814b4c0d8cd6378054726ede50a2136e099b37fcf3bd75cd0e22ad,d12ecf0d3a7ca825c15fe4d62aff0557166171bf561bfd381b75a34097b7cbfd,2023-06-30T10:53:17Z,NEW_ENCOUNTER,,,
batch_001,encounters_epic_north.csv,534,EPIC_NORTH,E8584967,2f454d6c571fbca88aa04901560ca817b1464517dd99c8883d1ec7f1f0922059,7c3dced36a3808e948311688fa695b0094cd5c34fc1996408f7a2eeb9c09b06c,2024-09-13T23:17:14Z,NEW_ENCOUNTER,,,
batch_001,encounters_epic_north.csv,535,EPIC_NORTH,E1246240,910ed7fa3c56a64945a272fec6d73e30e32a19ee26bcb7354b3e0dcfd6643128,bc4124da2182808a8d1a69e24f6fb45adeb7b19c984c939c09257d49fa7ee303,2023-08-21T17:17:27Z,NEW_ENCOUNTER,,,
batch_001,encounters_epic_north.csv,536,EPIC_NORTH,E5041100,16ac03b25239b37053c7e919e3a55efd1806d85a4130de268a6fed77d33f971e,1f0242d5c3ee12589510138aff5d83d2615cd39a5a9055c514736ea60bf83c8c,2024-04-12T22:44:16Z,NEW_ENCOUNTER,,,
batch_001,encounters_epic_north.csv,537,EPIC_NORTH,E4120916,08d7fcb68f30cce78d0c849ec858253ed531509cf09875db42b80735af47d65d,fd1af493f343c00fa388e85689f2f36dd54f03a7c6e653e7867331d9b40918c7,2023-03-28T23:35:18Z,NEW_ENCOUNTER,,,
batch_001,encounters_epic_north.csv,538,EPIC_NORTH,E3528969,ae64529ba62769c708ef35897845997376471378113568651a0fcc1f5a474e68,99cc69217ef2ff9f85bd27e8c2b7e9c1274893809dd1e888dff66f5d22b3fdae,2023-05-06T07:19:58Z,NEW_ENCOUNTER,,,
batch_001,encounters_epic_north.csv,539,EPIC_NORTH,E3467161,35a0d614a4770823967dbe97e2a3f0be08430969a98b2a282f79d8c010832cac,91dcceb8b46cf3364a5e452e3a21affcb637f824b586d0962a86113046692809,2024-07-13T20:37:35Z,NEW_ENCOUNTER,,,
batch_001,encounters_epic_north.csv,540,EPIC_NORTH,E3663103,bc46880eb6308937b20d41e2f101aca9bf4693a9a94e45f493b706c66047ea3e,3992158e6b3fc4c015d839fc97356dce2b249178e9d0fd4bc27959f63355402e,2024-05-03T07:25:43Z,NEW_ENCOUNTER,,,
batch_001,encounters_epic_north.csv,541,EPIC_NORTH,E1251702,960cdc0f0dba1056598597d4321ceaa64a5fa2459d96ed276b1ed431cd88b013,2756ea32aef865243a825088f707459d05e1522297920f9344a6e179fb8f849c,2024-06-13T15:57:50Z,NEW_ENCOUNTER,,,
batch_001,encounters_epic_north.csv,542,EPIC_NORTH,E3112748,0d659f86239d08347390e24bd2022ce493da95ccc15db0e8168673a31052ee8e,8248bfef436ab99d0c3f444e26021d9bb95dba806a2296207a6b17e3bf7cbc23,2024-01-04T19:39:06Z,NEW_ENCOUNTER,,,
batch_001,encounters_epic_north.csv,543,EPIC_NORTH,E5969028,703f987436b1bd6b0fcbbc0ab24ad23a054c55e9f8179a65b6a1072c3b33208e,148474d5720e9098877980122fe8cde54542a559444dd9a51048f8fe982d8f46,2024-09-13T17:30:16Z,NEW_ENCOUNTER,,,
batch_001,encounters_epic_north.csv,544,EPIC_NORTH,E2130940,204ae223404d86f1b6ef46464738f16252a68dc92a6f59325e6a6b85e1daf065,9787448d122ce5ea6ecce7053645211bcc180e4b0c5b4ba81a4e00785c29bb9c,2024-06-03T09:09:58Z,NEW_ENCOUNTER,,,
batch_001,encounters_epic_north.csv,545,EPIC_NORTH,E8585974,dc94d54d59dd197ee5601dc9e251c1c862514df654699bb85e26737b1bdd336c,a301b6d49aa4b0a970f374883d592549756ceec496bf4da4d59abafedf8b82d3,2024-04-28T22:52:13Z,NEW_ENCOUNTER,,,
batch_001,encounters_epic_north.csv,546,EPIC_NORTH,E1835998,8b01f3057d31959f15eb589b77fc8c90cc6d0551d6318953249c56aed6d39ded,833c7075907a7e1dcd4cc3e287a62a37d23dcd2bdec11cf02a34d31ecb8eaeaf,2023-06-14T15:11:21Z,NEW_ENCOUNTER,,,
batch_001,encounters_epic_north.csv,547,EPIC_NORTH,E1093104,1657d86d2b1f9fcc879855047d14cee1243cd1d83ab62e792b9fc4ecbf3a3682,df16262117973f12eed3e8e662b05e60035d1d8bcc0b6c5992f416c923f95371,2023-04-05T05:35:29Z,NEW_ENCOUNTER,,,
batch_001,encounters_epic_north.csv,548,EPIC_NORTH,E1508644,16daeba70f8f6be34559e89c05c450a24ebce1964f7358cc47ba7abc83da5a52,9644e52bb6e85063a576017cb12a74d0a35a17d64a5af9a4033677c5da2a45e0,2023-11-08T09:17:08Z,NEW_ENCOUNTER,,,
batch_001,encounters_epic_north.csv,549,EPIC_NORTH,E7966366,56ce46b666355879eea7b32f82bd9b2a1a39a42687ef989e6e30e337e652d1a3,95e55b0ddc8fc99a84e6d1ab21dae807ecff664c28112b88359c6804f0ac29ce,2023-05-10T19:39:40Z,NEW_ENCOUNTER,,,
batch_001,encounters_epic_north.csv,550,EPIC_NORTH,E9450488,50fd292a6875744f0c9ccf3fda3afd7ca240f40d138ed08e8480a33c6c42ddf9,b48e39749c252456c848f82692684795400a090f1dd8cab0cebd33cf155f78d4,2024-01-05T19:46:01Z,NEW_ENCOUNTER,,,
batch_001,encounters_epic_north.csv,551,EPIC_NORTH,E6414511,e0a2689cde8975f0ae3f66a0cf45af988165aeb27d0b371bb429cb3f5899c8d4,bdd35bdc4b97a09d16fe9c3cf83126204bec67f5d3e6ad91c75b970f4e122b9d,2024-02-24T09:05:05Z,NEW_ENCOUNTER,,,
batch_001,encounters_epic_north.csv,552,EPIC_NORTH,E4465624,08ec9835821d27c510f07aa504d7174f78b75d99c3ee7b37c7730c99d429b0ee,58af2f02dff71d8268592302f1c73f1773ad7f364896d2a59cba6e8002ebfacb,2023-09-19T10:07:07Z,NEW_ENCOUNTER,,,
batch_001,encounters_epic_north.csv,553,EPIC_NORTH,E3267180,c25fc6d3745c5d66611c0f623a01574fb3766f07a32a2aa954737136c408e25c,cbba05f31edd8cddbcb9ab21b23bf2a56ee78ea041e741bc99ec40bbd670443c,2024-01-27T16:36:34Z,NEW_ENCOUNTER,,,
batch_001,encounters_epic_north.csv,554,EPIC_NORTH,E6922600,53b1bafea95ed4429d63ce27d21505e1a3200ed9b93f5a9856a08147e427ba58,708d9cfd2c7cedb82f33c93208a658e15359da1b650390366238fc685ce1ff61,2023-07-20T12:04:19Z,NEW_ENCOUNTER,,,
batch_001,encounters_epic_north.csv,555,EPIC_NORTH,E4828676,5e507068174aa4d2832180ae836c2084aa2c338c870492a2c63461dcf2061daf,6bf0d1d3f21bb40d45fbe1fa0fa6ac04da03a9b063af42b2fa20e349602aed86,2024-05-04T04:39:24Z,NEW_ENCOUNTER,,,
batch_001,encounters_epic_north.csv,556,EPIC_NORTH,E8020646,be39c7423f345b544e68dc2ae5231869f30edabaaf184791d9413365d2feb591,2ba2589a7325ac46c421014561f33de0792cd948f28cd2c206a826a3f752a4ab,2023-08-31T06:50:38Z,NEW_ENCOUNTER,,,
batch_001,encounters_epic_north.csv,557,EPIC_NORTH,E4905569,7e4719f65e61bf1b18c3a19e21a2888d1ee4f7a2f557eb528eb5ce9d9f7c8703,49e170a400e2581b60c5d030e3317c08e9ba3d6f7aeb36db024569ae56d7e138,2024-11-23T20:24:52Z,DUPLICATE,DUPLICATE_IN_BATCH,EXACT,
batch_001,encounters_epic_north.csv,558,EPIC_NORTH,E3581327,7d0f514071c0ffd39248f9fc97b54092e4c566ac74769d0ef65543083407f4e5,8288f071bc9cb234e72395fa839187a9c0117bce1a34b7d3e701c36257c340e3,2023-07-27T05:59:52Z,NEW_ENCOUNTER,,,
batch_001,encounters_epic_north.csv,559,EPIC_NORTH,E9951035,baa13905def95f96adf8832c0fdc855439a64dcc5e1c8d6c4e9955e745b7d0a4,86d89588b7fb3fd95c51283c65fb32ccfcdc2e7372bbf1e346f1bb81603dd5d7,2023-12-02T15:47:49Z,NEW_ENCOUNTER,,,
batch_001,encounters_epic_north.csv,560,EPIC_NORTH,E6202000,0d46ec4a71fd52781a3a9589e85c6d8bbe52f16df9ee5212b1aa1168ee03eaaf,e120310526289a0784fcee1f023bb9d21d283dc99678f5f6eba8c7b41e2393b8,2024-10-10T19:12:32Z,NEW_ENCOUNTER,,,
batch_001,encounters_epic_north.csv,561,EPIC_NORTH,E6514792,05c2ff4ed690549cd2d46c70535fd28bd2b1dda4c01b5a3eeeb0c5a4212b83b5,b7d8782ee44e736701698391c53b04ec3093dbf61011157dbababe9c555eca7c,2023-04-03T14:37:42Z,NEW_ENCOUNTER,,,
batch_001,encounters_epic_north.csv,562,EPIC_NORTH,E2303601,1f73dc0bed89b1effaa2535f093466090eb9d25ab59d47e361976923ea343a34,a3d53b2c2396b1a8d3cb44e709ff1b7ade351a969d18873d51c3f97f6e434611,2024-04-27T06:32:23Z,NEW_ENCOUNTER,,,
batch_001,encounters_epic_north.csv,563,EPIC_NORTH,E5167326,961b8d38726df45fb5d0255f173a0eb46ac53de47da67c829022f8f134aa308b,b1573a5bec6eafe0b9c78399ba8c0b6f849d9e0611d28fe54d05730af36763c5,2023-08-02T20:54:09Z,NEW_ENCOUNTER,,,
batch_001,encounters_epic_north.csv,564,EPIC_NORTH,E1393703,9bc7ffffae444893ccd2e2e289edccb5013f837e2e40da3964a8f34aec90e42b,0f39b3d24570e23fe9f61d53f92cb54b46cd08ebf0e9b18e5496c08d6add8f38,2023-05-09T22:50:23Z,NEW_ENCOUNTER,,,
batch_001,encounters_epic_north.csv,565,EPIC_NORTH,E3291069,930eca711b50c383faecded6a70e8c81a3d4e37d04e68c440471738532ae3137,c39b32a3100ce9309c9f5d696f62c5fc2446d37e11b9a8f32ef7f331e07feab3,2023-05-31T10:12:26Z,NEW_ENCOUNTER,,,
batch_001,encounters_epic_north.csv,566,EPIC_NORTH,E6488268,58b69a932b362c3e5fa8acb7d23c3038e931b23a273f7aced58894a40ee81013,499312509fbf6da7be7f1f34b7f6099658405bdd7eca489728027773d23bd4b7,2023-11-30T14:56:11Z,NEW_ENCOUNTER,,,
batch_001,encounters_epic_north.csv,567,EPIC_NORTH,E3752698,12dcf064f53baf68e7e06e5bc6e6f4e698631a69cccfbd91650c0ec47a4d971b,ca9cb4d22e5a210de9d8c1af1c07e02d3bedfce0e0e9e899433e91e6fdf39da5,2023-08-31T03:22:12Z,NEW_ENCOUNTER,,,
batch_001,encounters_epic_north.csv,568,EPIC_NORTH,E6342659,dd04da17fff732e70c9e705798e6b78894c1048f5719a3f24be2c1569cba565d,8b534ff5743aae872c05ac6dc0f7b3d9f8a240537666a69a2e0ac2380e8d91c9,2023-09-01T18:28:10Z,NEW_ENCOUNTER,,,
batch_001,encounters_epic_north.csv,569,EPIC_NORTH,E5748830,0eea83b6ca9ae68f96f376ca155b8311cdc7d9478914e1d471410027186accaf,9c605798099440d78029a05b2415af311759b47dd6c49a9846eecbdc7e554911,2023-09-23T06:40:19Z,DUPLICATE,DUPLICATE_IN_BATCH,EXACT,
batch_001,encounters_epic_north.csv,570,EPIC_NORTH,E1362408,b1eca2b7419fd217db0afb5abc28e577fcae0774d1f6d168d474eee4da0c96f3,c74eab2aceb25812f7a8ce124334db97957148e3025226e4f682bd8c133fcc7a,2023-07-06T16:03:06Z,NEW_ENCOUNTER,,,
batch_001,encounters_epic_north.csv,571,EPIC_NORTH,E6168833,62a2f2aaa39f80756f8f78f3a65fb02b526340ecad2744e36319d7595fff0827,4260aef187b44a74f3fb77ebf1eb4c5b918dd4207ac7e355f918e2e5597151b4,2023-04-03T16:30:20Z,NEW_ENCOUNTER,,,
batch_001,encounters_epic_north.csv,572,EPIC_NORTH,E2279038,36e33502febdf8eea743723fa8c9f2c002109583ac02e34d7356f0424dfe5e47,01006c6432aa481954950b0e1b52f7ab7e206bba457bbc4172c35c9c478ec494,2024-03-28T16:27:14Z,NEW_ENCOUNTER,,,
batch_001,encounters_epic_north.csv,573,EPIC_NORTH,E1623347,f06cc88f6ea2138b0d5f24edfafa5080b975822923f4eaab250ae3c685e7d9ce,5e89c58d16d2b1cbba47c85c584c2f65fd3945e8d855a3972e920a4ff9648ba6,2024-11-07T10:46:55Z,NEW_ENCOUNTER,,,
batch_001,encounters_epic_north.csv,574,EPIC_NORTH,E8233914,ab5b7f5c99faa004828ad056b92370dd1c7cd56eb36a7fa20b9961b2fa684507,8e429572025e7ba4fcc616d2f74626758379c97f81f42510033d9229e9e32130,2023-10-08T15:57:52Z,NEW_ENCOUNTER,,,
batch_001,encounters_epic_north.csv,575,EPIC_NORTH,E2204127,bfd6772f84385f48ed0c3df9df63d5a960b08527e597e555375712e372bbf657,29b9724db1ef164b0f01b921e06e984fc20aadb2e32ef61e5c9b309ba5ae3511,2024-01-14T06:23:04Z,NEW_ENCOUNTER,,,
batch_001,encounters_epic_north.csv,576,EPIC_NORTH,E5156298,668f1fedbd46608371189e8a84acc55131572e19e126ee034312ccbb4f514525,b7d925fa912b51ace6a4fb2a5af5174e4edd3efcd1b72a8535b096f8f000f522,2023-10-15T04:16:34Z,NEW_ENCOUNTER,,,
batch_001,encounters_epic_north.csv,577,EPIC_NORTH,E6360784,c3149e8414894f603316179aa5ba7a587603fb3c11ad181130abfc5617559235,2a2558b5b3c7ba56f59229ee05a00f9b966ad8c381bea8b729c7cc389696fdea,2023-12-14T21:21:27Z,NEW_ENCOUNTER,,,
batch_001,encounters_epic_north.csv,578,EPIC_NORTH,E6280886,dab6ee9aa98a078c38818d158617f00634ca3ead7a12f614a7df6703d2998f97,6052125b1552607b10de46e1a59dedc6384445da4507b0c98f2d50d29d21e971,2024-04-14T12:55:41Z,NEW_ENCOUNTER,,,
batch_001,encounters_epic_north.csv,579,EPIC_NORTH,E9269843,838fd49ff13870a8487856f9da6cf3b62c608a5c1b4cff4a0d16055fed9c0f64,3db7024663aeb9fd630effbafbfcbb715e76e480da3de49eb1ccbe4bd35d9ace,2024-03-12T02:35:07Z,NEW_ENCOUNTER,,,
batch_001,encounters_epic_north.csv,580,EPIC_NORTH,E1707661,9989ddc4800eae2b0df970ea2458cac56f0194b7dfd83f7045b82d3f7362b9d0,195aa0aace3d773dc64d4c76a606548816adf827a8e9251372bc81c192b952b5,2024-09-11T17:39:24Z,NEW_ENCOUNTER,,,
batch_001,encounters_epic_north.csv,581,EPIC_NORTH,E6053785,220a9986f30b9ef12325185f70615368336f4e8a572cf272da56c7fdfcab139b,91657eff1dda93a5938bfd7a45a339331e2ba6a5366c8cd672824b49c128bc69,2024-09-27T12:41:00Z,NEW_ENCOUNTER,,,
batch_001,encounters_epic_north.csv,582,EPIC_NORTH,E8092712,f40e97d8fafff70b6c2acc3a4b6f8fc64834cb07b3c1131747d95dce230f121b,276643600fc299ab08ee85fd724ba26b2d9a0129227408316ec48b338f7392d2,2024-08-30T14:43:42Z,NEW_ENCOUNTER,,,
batch_001,encounters_epic_north.csv,583,EPIC_NORTH,E4949124,2c1c9d8effd36908d0e574ab56530b8c99e7b302889a668d0199e882bd3b43a5,0ee578de6306348c9fcfc18f2d7d59480b970c7fc83a05330aff5b6b59dbfcf8,2023-10-23T11:12:20Z,NEW_ENCOUNTER,,,
batch_001,encounters_epic_north.csv,584,EPIC_NORTH,E2392859,cd0f3a2f031ea97a059cacaaaed216923efe66fcabb543f6c8446c60abd1d205,03838079c3fcbc90c1c93ee6f91faa4af3694b5688e42afc55eecac0fe86d1c7,2024-04-04T08:57:44Z,NEW_ENCOUNTER,,,
batch_001,encounters_epic_north.csv,585,EPIC_NORTH,E1356743,f2858a12c437c4988891f17c1aecbf2066d19dbf388303c808b05ac694956f6d,5b9958230d987f42a48b33a1e76574fb891befe12097869a60e402636aecadba,2023-09-27T15:05:05Z,NEW_ENCOUNTER,,,
batch_001,encounters_epic_north.csv,586,EPIC_NORTH,E3704966,423b7937dd783c46f8fe28b10ede2d3496141c6e1057f8750c1bd5d02b7d8e84,d4545b279855dba579dad57c886a14aa1f2c881394f823f85481d4995dd87415,2023-03-23T15:05:05Z,NEW_ENCOUNTER,,,
batch_001,encounters_epic_north.csv,587,EPIC_NORTH,E2178652,82daca96560ebc8f96f99abd07169ecae3eaf9abaa4a61f843f248717ce26105,4499ea33025450d825a5210a7932c71979b32313eda8e14462015f469d526599,2023-04-12T16:26:33Z,NEW_ENCOUNTER,,,
batch_001,encounters_epic_north.csv,588,EPIC_NORTH,E2860278,367702d34f282a9aefa1dfab373e35805615c7be7dd7a4145fe3e0c7198aa7a1,644e623fc8a151192c45cbcc517bd39bd95701b8347f2c7e299383a07d1ca3cc,2024-11-12T07:37:38Z,NEW_ENCOUNTER,,,
batch_001,encounters_epic_north.csv,589,EPIC_NORTH,E7255968,a76026786da51033280a086914ebc336350e6122a5f2bdb0d12548074ac0dcf1,1e02d6de1b94ca987c6979335269e8ba1520def2d609148457c2a54650cd50fc,2024-11-14T11:16:09Z,NEW_ENCOUNTER,,,
batch_001,encounters_epic_north.csv,590,EPIC_NORTH,E3610653,59246229db418bb65395e5a74782e22f9722101cdcbfb2d73c476ac720525a09,2842842f7ddfdabe7a8f1108a047c0f8b50704f77904a90833a17bea4992693e,2024-05-22T20:24:14Z,NEW_ENCOUNTER,,,
batch_001,encounters_epic_north.csv,591,EPIC_NORTH,E3517857,de363267fa2ba34875980237b1a8e0ab7048c62e5d83e23e3e93e99cbbdb51b5,34f4a3a53a71a128be5c09e580d89866608ce4f57454e1c4462ec357fdc51013,2023-09-03T08:35:52Z,NEW_ENCOUNTER,,,
batch_001,encounters_epic_north.csv,592,EPIC_NORTH,E2657478,b2a9025b4658729a16ae3cd1c7318ddc5b5a3037652f0e7e6ec270f50ce39a9b,10cfb57fe89d71ae991264534fbe884c1dacce68ab40b9204f0d99bdf84f5fa0,2023-10-16T11:58:30Z,NEW_ENCOUNTER,,,
batch_001,encounters_epic_north.csv,593,EPIC_NORTH,E2626836,1ace575f9b0a17ca2d1e7a374f67310d0c98ae67dc466f130c657979c11cb143,f78288c5c716c352095eb90406934429cd3c76b1d8ae15fe78308e426406dde8,2024-04-16T01:19:56Z,NEW_ENCOUNTER,,,
batch_001,encounters_epic_north.csv,594,EPIC_NORTH,E1634940,a2d8dd98a1b798c1b62742525f0e2ebc3f70910a37de07aecdbd6455b41ab10a,29734eec10b7b74affdef6991173f5340ba2e69c86d38f5824c9788ace75a72c,2024-08-18T12:55:27Z,NEW_ENCOUNTER,,,
batch_001,encounters_epic_north.csv,595,EPIC_NORTH,E1115795,5f933dc428bacfbc17b0694a6fe046dd2241ef1e98d0b445b294ea6f01d1ec20,1d6f4845bd7b7844eaecb2c0882e3c331816b80cea9bc68f1c11adae3683fb30,2023-04-27T03:37:02Z,NEW_ENCOUNTER,,,
batch_001,encounters_epic_north.csv,596,EPIC_NORTH,E8896514,f1428dfc332e91af5db894d2b058f78dc1fa8bc9f66e05f61fbff6b27441e072,69fb4030c8a117b3a08d64f0c9b9f8730cd45c2e8311b7bea7dc1ea7cc6cb7bb,2023-02-25T15:26:28Z,NEW_ENCOUNTER,,,
batch_001,encounters_epic_north.csv,597,EPIC_NORTH,E7976360,a165bd7e62f787340f5c4acf6917e76c0e2a7b01f0db59ef4582b582efa3ca2d,0db8015e0af7d2e0e75cef07a8642aa21032a60b306698a944efafe2af59df58,2024-01-17T07:28:57Z,NEW_ENCOUNTER,,,
batch_001,encounters_epic_north.csv,598,EPIC_NORTH,E4200943,faeb4f058e8f829932206d135f6ac7c683d418f07ee60dfb5b365733131f4829,fa5d2bf92f37c7b8044411eff5b0d09462d32fd6800c640918a66ad5b90dda6c,2023-08-01T08:31:41Z,NEW_ENCOUNTER,,,
batch_001,encounters_epic_north.csv,599,EPIC_NORTH,E6372851,96956945607a5f89aad9370d0fe1d38cb1b1c68615d8841142fda7eb8e10ee46,ea05aa0ec4ab456d51cf3808fc64e537e6fe6b87f939aeb5db2fa10d5e063723,2024-01-11T01:18:06Z,NEW_ENCOUNTER,,,
batch_001,encounters_epic_north.csv,600,EPIC_NORTH,E3569292,82a075fff85577d3eeb4eff542dc7c926a8affc186ec673a5ecf462d597659f6,2376bdc7c9fe7d5b6cbd98e04f0f5c9c7317b4a8029bf67d8f04b4a93ad0a724,2023-10-06T09:14:58Z,NEW_ENCOUNTER,,,
batch_001,encounters_epic_north.csv,601,EPIC_NORTH,E3168362,b1ba20f8d481888dccf4b1506d0fe098633a374eab03a7c9819615a4faf8897d,af149b72ffe567013c8506923cfbc755d3d0c5592389cc7f0f484393004d2487,2023-06-20T06:59:05Z,NEW_ENCOUNTER,,,
batch_001,encounters_epic_north.csv,602,EPIC_NORTH,E8976575,4e65b0c3cc4b0bd1262a3c0d1b5fba60ad7978215ba66b5f97b91a930c1ebeda,fc8a94139577d2073434dfbb54a2fd1cfb5154330fedaeac977e07773313ae17,2024-11-21T01:54:40Z,NEW_ENCOUNTER,,,
batch_001,encounters_epic_north.csv,603,EPIC_NORTH,E3511539,e21999c7d2eb1969d1f0a04b9d2755975efaaf615ef78ce8ceba972850e20330,ddc708d189a96013199e9f0e153a9e75aaff49fa195c166c9bc686747c42253f,2024-12-03T03:38:37Z,NEW_ENCOUNTER,,,
batch_001,encounters_epic_north.csv,604,EPIC_NORTH,E7072986,4ef3074e9946e57d16b00a152db2b11027c885b16bc8f6b39c168e609f2e27e6,6d6b283d73d5ef217c98191ec17ca4f47bf63253d4ad2d77142c082865bdae39,2024-06-17T02:10:18Z,NEW_ENCOUNTER,,,
batch_001,encounters_epic_north.csv,605,EPIC_NORTH,E9602266,f424836eb8dafcfe5d14d8bfeec90eaaea326ccdcb3e4de642cf903fd1d99de9,0b7b73a29b56acfe736ca2b5683385daf44aec1bc9f8cef3ead612aa766d5ea5,2024-07-04T09:34:54Z,NEW_ENCOUNTER,,,
batch_001,encounters_epic_north.csv,606,EPIC_NORTH,E4167992,d614530ef84050bb90c69e54e7f96102c68b1b7206c621f6c5399bade3083bc0,01b0e9015a73f3ada808be7be4fe3c98bcf828ed7915dc1ddaa398e25d3be254,2023-08-21T04:59:42Z,NEW_ENCOUNTER,,,
batch_001,encounters_epic_north.csv,607,EPIC_NORTH,E9066206,5297c8ea2b5a8b10f4078ac1a4807cb98988815aa87651f9b1c2ab9c68083969,e7d3dbb6ed16e9ea8f6f71ca3c86f44445c9a51819892418cfe624606ad45deb,2023-09-20T15:16:56Z,NEW_ENCOUNTER,,,
batch_001,encounters_epic_north.csv,608,EPIC_NORTH,E4255304,674d6e3eaf5efd19646f5f2cc5ff1e7c2f0101effd74215c3f77d162e13973a4,65747e70ccde5bf49f40e5ed44e13c3064ba01d46f2d6b0de5ce5008fa396b76,2024-11-23T13:54:11Z,NEW_ENCOUNTER,,,
batch_001,encounters_epic_north.csv,609,EPIC_NORTH,E8819892,523c10d0a50d6eb9db1a21f956fc772dd9be688a695ca944d76a87e2bd88363c,57f82e7427ba5b07528e44b93a77fad06ade06007a0cf0a2be714b72da285559,2024-08-30T10:10:13Z,NEW_ENCOUNTER,,,
batch_001,encounters_epic_north.csv,610,EPIC_NORTH,E2011289,ad03dc723a8cd0425d2aea1d759a3880efdd6b7b42fc8becba659c39e39831f3,7b3009643d8a51b28041b1b97661b9d48679ee23613dfc9e2ae227c8c463006f,2024-11-26T14:47:14Z,NEW_ENCOUNTER,,,
batch_001,encounters_epic_north.csv,611,EPIC_NORTH,E1578132,f7acd690254974281031cf439bf779c9ffa93586620ec673846116928671dd2a,853bd3a3c0b3eb4bf1d54c95fa807b997d7c4fc2251e48c6b3eb9cdf408381b4,2023-07-21T09:19:27Z,NEW_ENCOUNTER,,,
batch_001,encounters_epic_north.csv,612,EPIC_NORTH,E2582833,e4fb0deb861caded99bb41a842d5871b3729c250607cc87ef0d62893e325108c,d3001eb74fd6f974de1f01a608e71d9be5ee1930c8c10438656e8363b9e82b82,2023-05-17T06:16:56Z,NEW_ENCOUNTER,,,
batch_001,encounters_epic_north.csv,613,EPIC_NORTH,E8705576,79a0cd14a380488b0948a75457f33ad86e50d218cf3cc70e8147f8b7a3d6f956,b6367e5bfb53795ad52a54bd3a8b5aafa93796926a52a56a5b6c6f726afbddbe,2024-03-17T01:27:25Z,NEW_ENCOUNTER,,,
batch_001,encounters_epic_north.csv,614,EPIC_NORTH,E1106079,85261dc671db43b3debea7250f9f2ad6c4bb67f24d4f1173f6af7b25a2524d18,8471b0fd609b0cc24a43359035d62f1ac088593f8379c69fa7ea1171a1f83646,2023-07-11T16:04:39Z,NEW_ENCOUNTER,,,
batch_001,encounters_epic_north.csv,615,EPIC_NORTH,E1412204,ef9b980d6d8957d40ae267f066dbbcb7b7634c17228e54ef669e0de1b90d75c9,645ebe1f111823fabef7b2a983fe405a90fa5bfa0eabcc940c0c672b94ccf02a,2023-11-30T08:44:29Z,NEW_ENCOUNTER,,,
batch_001,encounters_epic_north.csv,616,EPIC_NORTH,E5201164,82241add55eff670b8b61896c6a8262359906ea51c74e1ae6e8956ad05789985,0b0d752c67d6ffb6936db280c41661e41b4fa2e7f427e0641490c16628f81ac2,2023-09-10T04:37:52Z,NEW_ENCOUNTER,,,
batch_001,encounters_epic_north.csv,617,EPIC_NORTH,E2296950,195334bacabca97aae1753aacf36e3d0ace22a1be6fa310febe604251e272e63,39853e505ebeacd7e2a8f8374a7916ac39e5637863197668c7ed222ea7855ae3,2023-09-28T02:35:49Z,NEW_ENCOUNTER,,,
batch_001,encounters_epic_north.csv,618,EPIC_NORTH,E6973711,b47af10fdc7c5a4ce041987ac398ef5e70d1191943a56d0d8149dd1936d1e4dd,dde5f36c607e94f84ba5ec425d7c94831fafe1e4b9b37055abe27121a2f2553c,2023-03-13T23:58:24Z,NEW_ENCOUNTER,,,
batch_001,encounters_epic_north.csv,619,EPIC_NORTH,E8552234,c739316882254e04eecad39cfe0147134cd7e47e626b26cf411cf2693b6b3ed0,2ad97bb0b090d4b08dfb97cd1c0e158d7a2d908e94253b10f7da95ba19015cd8,2023-06-03T14:39:52Z,NEW_ENCOUNTER,,,
batch_001,encounters_epic_north.csv,620,EPIC_NORTH,E5556791,29f15f71d2ddb521d38ff420ecaad9731cdf8b97f5238fb797ab4a87252a6af6,b58b988c08dcb6ee6065318248237d88a44d7092c81ae4bddac20cc1429e8a45,2023-04-02T23:55:04Z,NEW_ENCOUNTER,,,
batch_001,encounters_epic_north.csv,621,EPIC_NORTH,E7895494,e674ce9829bac787bff342cc9537e1adad44b886dac1df14addef5f42408f8c4,2a1a31ba2edccff8832b1dcec2378197a68e19e021b5b7803a38ee1630c37312,2024-05-06T17:50:24Z,NEW_ENCOUNTER,,,
batch_001,encounters_epic_north.csv,622,EPIC_NORTH,E8092229,1ece5999e2b3d2cf6f1abc1bfbe4a6544bb77dbc32a524b71282f407e267343e,573cba159e5b4f88b7eef07e7f81022402cdc8464e3f7ed72e989abba35010fc,2023-07-16T01:54:53Z,NEW_ENCOUNTER,,,
batch_001,encounters_epic_north.csv,623,EPIC_NORTH,E2474252,3e10f318c2badcbaa921fd20064f13d1639967119512c8ba87e5b7b7785dacb5,56fb9d7830d470df3a3200916a56e10158775c474bb187f554800b1c0845ccf1,2023-11-21T14:23:06Z,NEW_ENCOUNTER,,,
batch_001,encounters_epic_north.csv,624,EPIC_NORTH,E5726151,58e62563482b8d3f825454c8225dcc7a93a672800a4c8d9538f421bf8f75aad9,c588df30587e22dfa32017f409da9ca6aa7c93b78c36d73394e5ac770ae3df8a,2023-04-28T13:55:20Z,NEW_ENCOUNTER,,,
batch_001,encounters_epic_north.csv,625,EPIC_NORTH,E4112129,4799ed402ed389b7c6b050ba5d7bc98bbff45450b69a58bde51c246cd12afdeb,970e2bfe1f6e0889e7d9d6ba5732d085e25e3b1ee9aa0e313623aa15ed287115,2024-09-12T15:47:51Z,NEW_ENCOUNTER,,,
batch_001,encounters_epic_north.csv,626,EPIC_NORTH,E4588971,b052278faccc99e34621f3f561a674c9d436ee1e4d7e5ed9b3111e27483f012e,e5506364f8d10bb97d94065fdba073e514a592d3f5d7b70d3df0bdbf5a472fc0,2024-12-17T22:21:05Z,NEW_ENCOUNTER,,,
batch_001,encounters_epic_north.csv,627,EPIC_NORTH,E6691787,fe99109d00fdc7515fae7566a08e496888eaef70c52e178e2c8e1afcf71dcfb6,07d7a9b1b9d6f49b22b4629bc875c28fd7586a90e2e364039b4220a060883229,2023-08-11T06:17:16Z,NEW_ENCOUNTER,,,
batch_001,encounters_epic_north.csv,628,EPIC_NORTH,E6484436,0904ec1d31bd855cb0276bf5f92329fb77307c3c745fbf3b2a222551f9a65b4d,fb368b3308e592bbc1f55770e1274a4318fd0f76d816371805d9bfd8ccc6ac50,2024-06-21T13:19:49Z,NEW_ENCOUNTER,,,
batch_001,encounters_epic_north.csv,629,EPIC_NORTH,E8634378,201b50d42e85db02e75e0539a59dff376a0f6c2ad85834f46361bce365b7701b,b6cf8c308eeca0f1c8f510c81091e42ee16fe1fed1c43675f6d2b8bbfc85d3b0,2024-03-07T00:33:34Z,NEW_ENCOUNTER,,,
batch_001,encounters_epic_north.csv,630,EPIC_NORTH,E8176636,c30c58a7a82e8a0dbdc72878e048453ded6ff972675336a8c38b86ec5d2f5694,b4e591817379f090cfde98b3524b742b8da9f60b6bf6aa90948a1867be9602af,2024-11-27T04:28:23Z,NEW_ENCOUNTER,,,
batch_001,encounters_epic_north.csv,631,EPIC_NORTH,E1092543,1bf9304ec20fc7259b03f2cf6d2d17955ee3f414209f817a540bad3027d48d2e,698c75ed6fc7be7643930fed95a2726f0bf41fb5b2ffbbf272aeb6ef059c7c7e,2023-11-26T19:25:12Z,NEW_ENCOUNTER,,,
batch_001,encounters_epic_north.csv,632,EPIC_NORTH,E8899856,32cdcaa0add1cf6037755917b276fc4d55d9ff785e0152f278145abad5792672,a6c17a8bf7cd7051fd2053fa938e2ca541dcb7472078c60e854c1cb873b00f38,2024-11-19T22:41:18Z,NEW_ENCOUNTER,,,
batch_001,encounters_epic_north.csv,633,EPIC_NORTH,E2163698,65f49253e649175d53bf67ea2812a51daee6b3c159d6e2724ebc0e46f89049d7,259ef37b6b8985c04440281285152622f638030caeab7d7ff95c59702afef855,2024-05-26T12:12:56Z,NEW_ENCOUNTER,,,
batch_001,encounters_epic_north.csv,634,EPIC_NORTH,E5115441,60e3fccdc2e20de20c88c7897edd17bd6e8872fec3a729dfe3975853e859d049,0988580e456d38d0f3cd27f0c502073a4635e2cc6a3b24ae9ba5fbdd45b4f9bb,2023-06-03T01:07:08Z,NEW_ENCOUNTER,,,
batch_001,encounters_epic_north.csv,635,EPIC_NORTH,E3385011,8900582d6949d9f336e9f6c3206183581c522e2b2e3b4757dde264d2543ab553,b9a47f0b6d13952efd26cb3b118e5d52a33636e7d73e000d462f4282df645975,2023-09-05T06:30:23Z,NEW_ENCOUNTER,,,
batch_001,encounters_epic_north.csv,636,EPIC_NORTH,E9264356,1ea548248da7435d869a3910481fe16c96ce0286438a418873210ff93cc1fc13,c43cb1824c338bef032fc97c91f47d76954cc8898f878305a18497f362947792,2024-11-17T18:28:02Z,NEW_ENCOUNTER,,,
batch_001,encounters_epic_north.csv,637,EPIC_NORTH,E2064099,76de34bfa6cc6776e86101e8adf455fe4f6d1348ebc77a34236b889a9a44591b,a5cf1d0684605fac4d2e3eeb77fc47fa7f5cea9a279249f94fe479ee7cd376b8,2023-07-18T02:37:13Z,NEW_ENCOUNTER,,,
batch_001,encounters_epic_north.csv,638,EPIC_NORTH,E8052505,a54fcc2b444f73fdd515d57f2381250932bf0ba6c65bd30779cca1c74ac81a7e,1d57dfd83ca3168b6c57707a237289a1aad8c3c6ead88ec925dd8fb6b6a344d9,2024-06-09T09:56:07Z,NEW_ENCOUNTER,,,
batch_001,encounters_epic_north.csv,639,EPIC_NORTH,E9418491,e56e95407fa1a606d38bb1f5d54a8822da0a0c4d34054a0e80874a54dd695e72,b7fa40bd76bb1de39182c8889d2e9b6ba553c2003f9da4b1a60c9f994c0d9809,2023-09-11T05:21:24Z,NEW_ENCOUNTER,,,
batch_001,encounters_epic_north.csv,640,EPIC_NORTH,E4215894,7c8b65996aa9c3affe1445311e35ca193f324b1635cd959f9b1da5702b701a5f,b7c43b154404b79e92517f8a05092326f6ecb47547e9f06d47e792a988b32cb3,2024-07-18T06:46:40Z,NEW_ENCOUNTER,,,
batch_001,encounters_epic_north.csv,641,EPIC_NORTH,E8757191,b4376035fdabf2acec8a265da2ad33787b10dbfba4d609011e75acb68cd12576,5b34bcd5b271240c7f39159fabbc6b9933f639bd4a28984a853527064d6e6b57,2023-09-24T04:11:15Z,NEW_ENCOUNTER,,,
batch_001,encounters_epic_north.csv,642,EPIC_NORTH,E2244806,189bef7efdb45691a9dab5460c0beace7bea9a0df8f9ae397899c3997c9a09b0,ef16b23c0aa46c0a02c140fb8f4ceed6e80b0ef6389da1b4ab0b2edf931fb751,2024-01-09T05:56:33Z,NEW_ENCOUNTER,,,
batch_001,encounters_epic_north.csv,643,EPIC_NORTH,E7919508,77ec1bb250e087de8b6cb06ed921a409f0f0de826d49ef1e1bb229f261efcb45,d2bfaad53afd10858df944b6bd0c97bf5c05efbecf17079218a3a13181c196a3,2023-11-26T06:02:22Z,NEW_ENCOUNTER,,,
batch_001,encounters_epic_north.csv,644,EPIC_NORTH,E7811200,0259ae0b1eb6dd492054b7a1c4b6c5d67cee860f9375a04f20ecf00d8e701101,2cf25ecbb40000dfec4407b92ce729b1481a7ced0ff5bdb05986b3beac1bb904,2023-04-22T11:02:24Z,NEW_ENCOUNTER,,,
batch_001,encounters_epic_north.csv,645,EPIC_NORTH,E1393985,bd802ddbfad11922823dad5a8e0ff2bea796ea540d84dd9e84bffdace327a8d7,16065f11a2fafdbcfdd32b721f5f515ebbdb9dd3f929e4727fcddaebc5ee9f4b,2023-09-02T03:06:07Z,NEW_ENCOUNTER,,,
batch_001,encounters_epic_north.csv,646,EPIC_NORTH,E3833918,a9e15c61d3c1e26559249d6680c9c9d6ab44c7e65c0b587f6cdb8daba22a9e57,c14da06257bb4b7b97f70f55516d75ec8ea918c199c384a5fdc8f32320cd6d94,2023-05-02T18:02:01Z,NEW_ENCOUNTER,,,
batch_001,encounters_epic_north.csv,647,EPIC_NORTH,E4065799,537db542cfed6e2a3a290014b04f91307f40f47d9868105f2ed210c6a340f3f4,f34388b992640add81731240f9d3df660960f60e89fb954124958ba2e4533625,2024-05-27T08:28:38Z,NEW_ENCOUNTER,,,
batch_001,encounters_epic_north.csv,648,EPIC_NORTH,E9984870,6738787fdf5751b57e70ca327adb7640e0b8838e38eec9c1c19c9545e98f85f8,f0f419f4245de1d3a54600e76b0654c6b9f2031775f3611a54bc6d50252023ef,2023-02-19T08:18:50Z,NEW_ENCOUNTER,,,
batch_001,encounters_epic_north.csv,649,EPIC_NORTH,E1319354,ad61ad4598de29d5fc933338ee1b727ba304897da8540056fbca229a5ae9762f,41ffd21ca3506473857a6eff03c3652eb285b477e1d47c68c2a0a804faccef25,2023-05-24T21:22:04Z,NEW_ENCOUNTER,,,
batch_001,encounters_epic_north.csv,650,EPIC_NORTH,E9337833,18d9a1c9712fe2bb069bdcaf4639218320ca4380d67c0ca8f995187c26d016a8,b50eb5bb58eb04289422c0213f0d8fe0e3577232991eef4901f0f6b26a8396d7,2024-02-24T18:33:44Z,NEW_ENCOUNTER,,,
batch_001,encounters_epic_north.csv,651,EPIC_NORTH,E9489960,d515efc9e1af47055eadf53724e02d4f5969fa9cfde6cf99f638c88bc5221621,d8f9faf3b8fe9c554ca8d10e08d2ce5c2659531a81554ced348b2d9666727a43,2024-08-26T06:56:44Z,NEW_ENCOUNTER,,,
batch_001,encounters_epic_north.csv,652,EPIC_NORTH,E5025126,698790db6b0b15f2c4ccefaa98139e1eed464c72dd9eebda04b16994f35cd5b6,e086c852ce139becf4d57d228863eebf8ff23a8f7ec179c5d46e0cdaf72e61ff,2024-03-05T20:29:49Z,NEW_ENCOUNTER,,,
batch_001,encounters_epic_north.csv,653,EPIC_NORTH,E8426332,074698c8d8aa2c72b733aa3bfaddfe205b1af3e454426d8c62f321edd26cd227,73a4fd13330a3fe3a9dfd4e5fdb3a7550bbf55eb0d76e938b71af15082e330b2,2024-12-06T12:12:15Z,NEW_ENCOUNTER,,,
batch_001,encounters_epic_north.csv,654,EPIC_NORTH,E2872245,6cd645fbbfe46df3782c6bfbafd327bafe955761bf5efe73e8d7fdd760df68f7,f21b0460332f316ee2539a43c1652a24d694df84f212c9cfe70c291f40a1821e,2024-10-16T23:13:07Z,NEW_ENCOUNTER,,,
batch_001,encounters_epic_north.csv,655,EPIC_NORTH,E3925410,df33066241fe4e58d47ef6f66d94b9ed385d4486d6c20d1276c6725b3021c5a1,d6f29d0062fffe23a2ba90ab145b0daba6be2d7a7e997852eacc6321ed3989b6,2024-02-27T11:20:32Z,NEW_ENCOUNTER,,,
batch_001,encounters_epic_north.csv,656,EPIC_NORTH,E8916420,e8ad361c42d51a6a3124e3dde18d1fa5eeaa252556984e63ae19dd071060e444,1ecdefccda4c477ae5f5f6db861d869baffca2df6319782e1c3bc449b6d255ec,2024-06-24T14:43:44Z,NEW_ENCOUNTER,,,
batch_001,encounters_epic_north.csv,657,EPIC_NORTH,E5287738,54329cdec0129a32a3fd3f005a325d9916e422ab882bb8fc919f49643f0b1548,f335dff1b79410777244ff1683304dea87f8bb7051651d0956f39759ea65a3eb,2023-03-09T23:07:04Z,NEW_ENCOUNTER,,,
batch_001,encounters_epic_north.csv,658,EPIC_NORTH,E7652956,0997d7651d6dbab90208ba62b4838cc3fc3f4b594cc5b9368fc8a420ad6fcda9,1c34ddb35c47a61a521d41b67edb1fb3455eda55cd3a2121a0c9417674cbf88c,2024-08-21T08:33:36Z,NEW_ENCOUNTER,,,
batch_001,encounters_epic_north.csv,659,EPIC_NORTH,E2934236,84a5b614f8cc66fa5e1796728e32e4d99a8e3ba8f7181cc27c76c38c13ed9bfd,4ba4387a5aa1ab3e409be61f442bbf954dc23c2610003eae7687de80372aa783,2024-11-17T21:17:08Z,NEW_ENCOUNTER,,,
batch_001,encounters_epic_north.csv,660,EPIC_NORTH,E2031152,69a64b8eeeb8cb7b44d24908b24a4f8735375caf4c328be08755aa51b9af5308,6190806121a9ae8ccf335db3c26371f0b6c9007c26b59dc16c5b218560cec465,2023-04-09T20:36:00Z,NEW_ENCOUNTER,,,
batch_001,encounters_epic_north.csv,661,EPIC_NORTH,E6496014,da4de94276ae352ac8a8cad34a03dd0a46eef9676853e3fce42cf9e9d0ea4690,4b4e72cf65af3acd8ec365726210e8a2563791dd1c4716c8865a110113a00bee,2024-06-26T06:44:38Z,NEW_ENCOUNTER,,,
batch_001,encounters_epic_north.csv,662,EPIC_NORTH,E6516945,4a269d4d16ac8c620fc00840dac1101fb47107affbff37575758ecb03729e6f2,304d3051982c081a3b7dd75d34ac2e7492a362a20145a0e6a88165a171208363,2023-05-27T12:33:12Z,NEW_ENCOUNTER,,,
batch_001,encounters_epic_north.csv,663,EPIC_NORTH,E5988762,00f74d4f045a14d883a58170a29fd7dcb86640a269de4f5cb36a6020d5b10c61,a1cfb1ab35b8f2f44aeefb87c31146494a8a6991ca14bed61b37faf45aeb5caf,2024-08-14T11:05:24Z,NEW_ENCOUNTER,,,
batch_001,encounters_epic_north.csv,664,EPIC_NORTH,E3320426,d9298b8120adc36fdf2214900c6d1cab85dbe0444d2ff34035d2f7538c7cc115,c1bd06fc5f241d5694f1f4ad4b0208e190bf0bfe9302ab14b90e7795b7c294e1,2024-08-03T23:56:21Z,NEW_ENCOUNTER,,,
batch_001,encounters_epic_north.csv,665,EPIC_NORTH,E3248560,3213402caa07146e0ea4a3f1ac8cdd2f4db3a5f11013afa291a2e6e227e9985e,d2e983c25365e5f130596d3f249916dd545732156e7cfcb812e3f3f723b9f297,2024-11-25T04:49:26Z,NEW_ENCOUNTER,,,
batch_001,encounters_epic_north.csv,666,EPIC_NORTH,E3827188,cde222b6ae5baa2facfb676a1237e4d60fb9dc1cf4a8681f0337521679c1f609,d87bc89e061fa20a842e4b7bac6cb773bb479db4d3f78f3b3c973b3f00666108,2024-03-06T23:35:48Z,NEW_ENCOUNTER,,,
batch_001,encounters_epic_north.csv,667,EPIC_NORTH,E8485422,a3692173108378be77014fe4d5550f1e1cbc50fc6e0c32621de13b252c1cfa72,dbe030dd5fcd7793cb3c023c1cac55bb352d498e3ca5734ef8a821eef6850ae1,2024-12-15T08:50:13Z,NEW_ENCOUNTER,,,
batch_001,encounters_epic_north.csv,668,EPIC_NORTH,E1725698,3f19be9d40f29fb0912f8eef52366343fd7049588ba3edd591b4e08b9f632727,ff42dedbba31e2b67be585694a195faffdeea599a652dc260e4f5d04b30c6499,2023-12-05T09:05:36Z,NEW_ENCOUNTER,,,
batch_001,encounters_epic_north.csv,669,EPIC_NORTH,E1001717,871fcd03349bbce5aa9c8e6dec86cf41892d56878b582074678d1d693ea8fb3a,1a57523833b40ccde95ec2eccd013b3a034e1b60ad5fd8c3eb000141288d82e0,2023-02-13T07:31:46Z,NEW_ENCOUNTER,,,
batch_001,encounters_epic_north.csv,670,EPIC_NORTH,E6443659,796cc27efe0c07b77372e10b9105d73f38e397496abc820a3a4f9a86f9d090e0,e1b2c07edfefdc65ab35721a0302d49742fe2e7340adbad3c8cd1a7c2f55a389,2023-11-19T01:47:51Z,NEW_ENCOUNTER,,,
batch_001,encounters_epic_north.csv,671,EPIC_NORTH,E6044215,6c83f015a406069d1431cb361501cb6ce89322606146d0b8c0e38a6abd200830,3a00df7e3dc54bede94350d6c818119d7beba70f549d61ad62cf6109c95ef15d,2023-04-07T07:18:12Z,NEW_ENCOUNTER,,,
batch_001,encounters_epic_north.csv,672,EPIC_NORTH,E5723253,715a7e22712443e2b003ee9a400e03f0d165cb648cef99a0afc1534bfa98977a,731a6c9ab9d87fe7809c91bd33ebf7eae2beb34877a55df2f61cdf24db857d56,2024-11-12T12:41:07Z,NEW_ENCOUNTER,,,
batch_001,encounters_epic_north.csv,673,EPIC_NORTH,E2959843,2ba5eeb359758323cbd71678d1335dd915379ac994b5b1982a586f0460dd3b6b,e7bb238a26319ad2714a0d1f76af1c880fc9cdd382e40fa20cd086025743379b,2023-05-17T14:32:04Z,NEW_ENCOUNTER,,,
batch_001,encounters_epic_north.csv,674,EPIC_NORTH,E3920437,e11270de57996009728630d1bc92759201b48320bcfb55e0a9bbfa2f1b8f4014,abc0f3da849b978b4e28fcf1ee44008f1321f797e69dfbb3fb9f2353160a3b9b,2023-03-15T18:34:03Z,NEW_ENCOUNTER,,,
batch_001,encounters_epic_north.csv,675,EPIC_NORTH,E1112018,f3194af13fd65d13c3bee2d91dd7d60a6404a6d3b84036d596497a4b761f1eb3,63ea555257422a9470755be5ff83f533f4604cf508daf933b017dbb8068393d9,2023-02-02T09:36:30Z,NEW_ENCOUNTER,,,
batch_001,encounters_epic_north.csv,676,EPIC_NORTH,E7120504,b2e4eeaf354b38f71800d1c1ff44dbc76701a1acb08a8a912d81aec5034fc52d,915e0c5a777b577b8c933613fe33ade0d2ff9cfd02ef2891ccfd4c4120e7455a,2023-04-02T20:10:32Z,NEW_ENCOUNTER,,,
batch_001,encounters_epic_north.csv,677,EPIC_NORTH,E5318557,9ff888f81e2c22b4f2db6e8c0a98577a18c43f4d0962b8852d45f6d2aea3f731,cd0356836f97eec35a84ad9731840f84af189a6bb2da75f09dd900224ccda27e,2023-03-12T09:09:36Z,NEW_ENCOUNTER,,,
batch_001,encounters_epic_north.csv,678,EPIC_NORTH,E4994047,fac70a6de0e6b95a4d6283068c012da6b1f2979c45022c901117e8ac0f95afce,08eda143536f04f764d08cc9960bc1f19005a4b15822afa80d7b4b71b4430f47,2023-04-26T12:45:15Z,NEW_ENCOUNTER,,,
batch_001,encounters_epic_north.csv,679,EPIC_NORTH,E3859178,2030bf02c2241bd60c825691b5ff15ac2f2ba3e8d0827aa45fcb3e61b18fdfbf,171c3943b2b32e3aa5dde271760074ae2812b503871d2ec2a0e203de03a12e2a,2024-08-22T01:11:28Z,NEW_ENCOUNTER,,,
batch_001,encounters_epic_north.csv,680,EPIC_NORTH,E6560883,6e46527b5d14b70e5badb4ad072305d2115c29262f7a1f2574b795b7e2beb80a,0a1e26f1b6765afe03040974dd543cace7b691e7a8ae9f1310ccc6b318a4571c,2023-04-19T14:08:08Z,NEW_ENCOUNTER,,,
batch_001,encounters_epic_north.csv,681,EPIC_NORTH,E7218397,d8e33834a18c789dc61cf2e146293ff9efa10b49e4d826c9337bf39e2a8fbb0f,e6d6fa0a7ed25e718ef45f9d7bfe2af7bcd468bce468910de2290b32099b4b88,2023-05-17T10:53:36Z,NEW_ENCOUNTER,,,
batch_001,encounters_epic_north.csv,682,EPIC_NORTH,E9691223,680c35f2ddd7324058292524ea0e957b601b843389f44d91ced1487ed6de9147,33aa7e4ca0f1505488d96234e2ba179c42cf832331e7d07c2421098203e093f7,2023-04-25T21:31:20Z,NEW_ENCOUNTER,,,
batch_001,encounters_epic_north.csv,683,EPIC_NORTH,E7603694,a08ff88258ba96ac9cb13d4c5aaded7b23067e4a1666f55d33d2c6d5d0c3a374,e67dd4e2ca32fcb36ccd6e802c6de38a826fc25aeb70d357e92099f451453bb2,2023-12-23T23:03:22Z,NEW_ENCOUNTER,,,
batch_001,encounters_epic_north.csv,684,EPIC_NORTH,E6500997,5bfabaeeca0e7e22ccb6cbee059c3a3f4ee0af7f4913fa50ff23e2425e54807d,6fe04d4d1c639a874a12a6e296c5730fc3ba4449e1ec99d1e8615589fc92b299,2023-03-06T08:24:05Z,NEW_ENCOUNTER,,,
batch_001,encounters_epic_north.csv,685,EPIC_NORTH,E2921813,0646f05da20a24b5b6031246c7fc72b764207ce74b8fb4a0ff816e8673e72d6f,55c48d1306d9c6bc38e04448bb54b4575979c6045670a8925c3542faa3e9d1c6,2024-01-17T20:11:02Z,NEW_ENCOUNTER,,,
batch_001,encounters_epic_north.csv,686,EPIC_NORTH,E2167557,8dca0676506ebc7a721eab705d2da28c96bf8cb484d52b0c948ceee00be6ebd3,9a3cb8b1685be2c265ebb54d53127934d0aed5dfc473037a59e00973a589d4f9,2023-03-07T00:53:46Z,NEW_ENCOUNTER,,,
batch_001,encounters_epic_north.csv,687,EPIC_NORTH,E1395429,8e91da3d5900fc520c5d9077b1fc45ed62c15b446f155bce6d9f6044ebebff36,284cdd359f033351ec5165893fa7a3c9f35b0139b719a050317acd09d1abb8f4,2024-07-15T14:18:44Z,NEW_ENCOUNTER,,,
batch_001,encounters_epic_north.csv,688,EPIC_NORTH,E5708209,ded1eb0c505cae0ea525b47e938aaf46be78501cdc584fc9f1898d2471e0b0b5,36b258bb22f392d1b202cdf23a3cd985bc2d18918652acec25c8225264e1f221,2023-06-03T06:06:14Z,NEW_ENCOUNTER,,,
batch_001,encounters_epic_north.csv,689,EPIC_NORTH,E7475336,74a9faba718e5195f2b90c01ccc8d4e2ec0ce321306c86b5f1c27f3202978400,cef5fbfd8a80e73fd916063d0d094b78f39dd73cd1aa61eaff7f1e32069953e9,2023-07-08T09:41:15Z,NEW_ENCOUNTER,,,
batch_001,encounters_epic_north.csv,690,EPIC_NORTH,E9177582,62cd74c7c6fa4a2fa3d3fe63e3aa85538b9287eebbb74de04cb262028df19bf9,2f67cdc36870d7dfb91f85f066bbbdd6158af5252167d5bd8f5184256ff5bcba,2023-05-13T09:37:09Z,NEW_ENCOUNTER,,,
batch_001,encounters_epic_north.csv,691,EPIC_NORTH,E3947686,2f4a5e923a12d6322e0c98142843fd48c16e1a6a6d62fc4c9ad02ec9a7287070,5795ce80aa72156d515ebaf508cf96df24c0e07dd7ed8f0fa75a8a0b826cf180,2024-02-26T06:25:15Z,NEW_ENCOUNTER,,,
batch_001,encounters_epic_north.csv,692,EPIC_NORTH,E4158948,f6f4fb4853921ef7be417e9fe4adbfbac88d0d384ca2d895d86b592734711796,2bc82f09af56cc99455edf8b7de61ea5d05d074462fea6283477a21efacf5943,2023-11-02T17:09:31Z,DUPLICATE,DUPLICATE_IN_BATCH,EXACT,
batch_001,encounters_epic_north.csv,693,EPIC_NORTH,E4849212,97951616ef6a2bedb66173f3b5789905de41892f9b3704ce88f6438298935708,e9665d46a05d27cfcc6bab0f00445290bbf68bd9b2786099e15d4f870992b365,2023-05-26T21:50:07Z,NEW_ENCOUNTER,,,
batch_001,encounters_epic_north.csv,694,EPIC_NORTH,E6300989,ad235cc144c5649be8882c402b6861ae55a3feef61b8c2754eda34b501f21f2d,736328935d0b2ffcc4f4a645a6520e9a7ae230427c6c76503cc5de832c5ae644,2023-02-25T13:26:57Z,NEW_ENCOUNTER,,,
batch_001,encounters_epic_north.csv,695,EPIC_NORTH,E7742755,192661fed4accbb923c76fed8aaf1766acb49c49d9245214d465f15d1d4b90a8,dd84ec4e8083eff9e38f552d2db707cca933590d5d1224acfb51fe7d72cf02a0,2023-06-03T12:17:22Z,NEW_ENCOUNTER,,,
batch_001,encounters_epic_north.csv,696,EPIC_NORTH,E6066256,e6f577c69e43a11ae71130e3920d0eb17aeb061227b34c13774e0e153253fc2c,8472fe32dcb52f6c62184e958e4f177c6fcae6548c7c446eef285d3c66f8ec77,2023-03-13T01:57:13Z,NEW_ENCOUNTER,,,
batch_001,encounters_epic_north.csv,697,EPIC_NORTH,E9227255,83b17000899c1e8a3b6dc9510a2f61ee600f4bf7c3ea66dd9f76a07a29ebb6fb,2ed6dd13e439bc871e732790f0d845c140dbeeefa6d1fa008008179f3d0f74f5,2024-12-04T10:20:23Z,NEW_ENCOUNTER,,,
batch_001,encounters_epic_north.csv,698,EPIC_NORTH,E5885218,64d130c17b1c037b106d06439266eeadffe3491154c97b477c3605a6c4d150ff,5c4be0dd1171cd345cd5f3bfb03997417645f6686699a718ec7110d593f3b943,2024-09-23T09:18:55Z,NEW_ENCOUNTER,,,
batch_001,encounters_epic_north.csv,699,EPIC_NORTH,E6474386,4d94449faa0c2d39c1bc82154d93af95da3ca3e4987474d98bb163837c815354,2e396653b8594964ecbdb9fb8d10d056a0507f158b3536d2b77091bcaa09278d,2023-01-31T07:37:38Z,NEW_ENCOUNTER,,,
batch_001,encounters_epic_north.csv,700,EPIC_NORTH,E7239929,0396ab9170d8c0c227bbc4af5e91ce05dd679d86fb4f00f02a58806e61a0bc73,0da91e9afeed42fbfc42b6acec4d328ed596ed1f42d76d1ca36ecd14d6b32d73,2024-09-28T12:38:44Z,NEW_ENCOUNTER,,,
batch_001,encounters_epic_north.csv,701,EPIC_NORTH,E5559923,0bf38662e78f317cfed8682a05d7fee89582dbdbb31954d099da6bff5c108740,037cdd8c4a7d0222bedae54396bc2ff9fbac197a961445d713f2e40c44d84c14,2024-07-17T21:52:49Z,NEW_ENCOUNTER,,,
batch_001,encounters_epic_north.csv,702,EPIC_NORTH,E5110465,61ffef41599a875a4c3267156919d316b20ec4684fca1010067677547f3a4070,6e48e35af2b6625f94d82fd2425278c48e85a1d3d5864650eadc057cd2fe3910,2024-05-03T01:37:06Z,NEW_ENCOUNTER,,,
batch_001,encounters_epic_north.csv,703,EPIC_NORTH,E4617433,8d70f723913f3101e97ce9fe6a67e7803d229dfc870a38faddb5cbd62a5ae557,17297ae6f1601dc20f6388345a565f42358e2f591d39f6e0135413e0347ed0ca,2024-01-15T20:00:17Z,NEW_ENCOUNTER,,,
batch_001,encounters_epic_north.csv,704,EPIC_NORTH,E1533884,ea2641bf03ef14d4bf29a7073b6089d0cd06546f7f42ff1bb2620c6999178212,7b399c9f31d1abf6f898a8f4f49bef9391e5ff2ea2130e321eda703e008b3176,2024-06-15T01:28:40Z,NEW_ENCOUNTER,,,
batch_001,encounters_epic_north.csv,705,EPIC_NORTH,E3132805,b62f843a1b388af674cb5f80bd7c76915cd0c73023e055c6e45cd35771b06798,557b1d81b5832527af1c67df491b09d04188dbb0af47271b68a7b863c6f9c5b9,2024-05-20T03:20:16Z,NEW_ENCOUNTER,,,
batch_001,encounters_epic_north.csv,706,EPIC_NORTH,E4253832,652b99c24211c5a0b444bad6b9028fb406cd1923a78108f88a9189f26a4b871f,af13ac64244a3644979024f13297144729455bd784420eaf451ddcf9857aed6b,2023-03-09T02:11:26Z,NEW_ENCOUNTER,,,
batch_001,encounters_epic_north.csv,707,EPIC_NORTH,E4537001,0ccdd29b49e92204fe6b1ca0de1451597672230da8c8191115a9d6dc2ca7e762,e2b3bd6bf94dbdb65ee9d33bc8df0214695f24fbfe4c975c7493d4ea84d165bc,2023-04-07T18:09:49Z,NEW_ENCOUNTER,,,
batch_001,encounters_epic_north.csv,708,EPIC_NORTH,E2244806,189bef7efdb45691a9dab5460c0beace7bea9a0df8f9ae397899c3997c9a09b0,ef16b23c0aa46c0a02c140fb8f4ceed6e80b0ef6389da1b4ab0b2edf931fb751,2024-01-09T05:56:33Z,DUPLICATE,DUPLICATE_IN_BATCH,EXACT,
batch_001,encounters_epic_north.csv,709,EPIC_NORTH,E3974947,05f8c3bd72ef659a216dfb98d303e323c44e38a1aeb7a5a96f9d2c7dd7d08b80,2512ec483646ea5524e38eed93b36888f7c75839b5a6170de2820cc832af4143,2024-05-16T23:08:54Z,NEW_ENCOUNTER,,,
batch_001,encounters_epic_north.csv,710,EPIC_NORTH,E3323516,aef2e478cd08840e86e946ddb5e2927f83ff535ecf6cc2c921849019049d39dc,00b2b434e904accfe22ed93f679e006c8f3be89353636ee2e3b22296fa64c4ca,2023-07-18T19:02:42Z,NEW_ENCOUNTER,,,
batch_001,encounters_epic_north.csv,711,EPIC_NORTH,E6897480,8bd6011339fc72ea17bf5a3f9cfc62a4a6bdd6c8bf5fda944ff0eca8302bf948,0edc390b7c4f99ee63de7f00db7db3a635b6d458446f038560e8fbc72ca4958f,2024-07-06T04:17:18Z,NEW_ENCOUNTER,,,
batch_001,encounters_epic_north.csv,712,EPIC_NORTH,E3559116,32d82e8723461897eaa0ab40d83ef9f6aa902908a44f5ba53e0e316319c601a2,db906494ef09695d71dfbaee2eaf948692b5746c48cea5ddc182224a2f271c37,2024-10-16T16:36:49Z,NEW_ENCOUNTER,,,
batch_001,encounters_epic_north.csv,713,EPIC_NORTH,E6310556,92cac1f3a333620dd656a92fda536a4880603c67d02eade528289a56249e4df3,cf04d12a884c8e67cd198c5782b245394d7b7ee0b8f26c27c61dfd81003e53eb,2023-02-13T05:19:33Z,NEW_ENCOUNTER,,,
batch_001,encounters_epic_north.csv,714,EPIC_NORTH,E8514678,61c0733559b67a87fb5a3d2c08ee46435ea215c138d31f956a18550d274a9aea,9c08e4a333be6d97c064045fd4bfe964907c769e4e131b5f91ce5095669581aa,2023-08-14T10:20:31Z,NEW_ENCOUNTER,,,
batch_001,encounters_epic_north.csv,715,EPIC_NORTH,E9780037,d95b427cc5a8a8323179f12e79cf6cda9198f9c685a578eafae11459774cbebb,0c225adf3e1b16bbf48d9401047cef9e56548f66186c13a932fda26515368511,2023-04-16T01:50:14Z,NEW_ENCOUNTER,,,
batch_001,encounters_epic_north.csv,716,EPIC_NORTH,E7938102,ebd174588d32e83c82bc48e6719f93fcbca9c462fc9fe4fccbfde0d24d661fae,42f37bd5e49aa229c2b6560b2b75b5f649d7b2145f3973d43c1a729e39932e3a,2023-07-08T03:34:24Z,NEW_ENCOUNTER,,,
batch_001,encounters_epic_north.csv,717,EPIC_NORTH,E1287440,9daf5a35d3c5be44f0e6307f6c317ec51b75eb13e3b31371a5ffaf794ee02f74,d202a7a04e4dc6c4d47e797a9e27c98127d0b82436de3fb8dc8f1b725a6c8fbf,2024-05-04T15:45:00Z,DUPLICATE,DUPLICATE_IN_BATCH,EXACT,
batch_001,encounters_epic_north.csv,718,EPIC_NORTH,E1659978,495ada9761e884a184ed2dc160c8b8a4ca6333d38840213571a072c3b1d3c2d5,10412dbd639ef96762f34efcd7bae2fa6217f711249ef22b91edda8e32cc77fe,2024-05-04T15:58:47Z,NEW_ENCOUNTER,,,
batch_001,encounters_epic_north.csv,719,EPIC_NORTH,E7675269,d9288a836daf5c99737ce012bb50ce27f4681163cf734ce44a29d68ee9f7862c,08374c07be51b35e884d0e55fef84cadacfaa24ff4d426e4571565cba91cddb9,2024-05-22T06:30:24Z,NEW_ENCOUNTER,,,
batch_001,encounters_epic_north.csv,720,EPIC_NORTH,E7257053,d415472e729d9ef69a0ec47497be8955d844953e03826f2b6dcb0436bbc589c0,4d9ce30e124e98bfcd69b1c28470e68d1714dc132304d2e280ed11fd28352ad0,2023-03-27T13:39:20Z,NEW_ENCOUNTER,,,
batch_001,encounters_epic_north.csv,721,EPIC_NORTH,E3467353,afd39e1233f3c9233c543dbba23e0a6bb4b7aef9c2433d71273add9d4c76645a,d2bb2e5a60c07feee674b6f8246fa601b80fbef76a9d8604d4ec67d13cfa7049,2024-10-21T13:45:15Z,NEW_ENCOUNTER,,,
batch_001,encounters_epic_north.csv,722,EPIC_NORTH,E2216860,21043bc270858df671f70370365fff842c7c0677fec8fc1c6894db5fb6edc03d,aa98b16531dbee866116f3745d78b8aea3de954ef7a3894aa99cf3efedb16a07,2024-01-04T20:26:51Z,NEW_ENCOUNTER,,,
batch_001,encounters_epic_north.csv,723,EPIC_NORTH,E2718851,410c2915536619d916d41a635dfcba58a3b00cd0d97dcccc13c31ea96e372282,75b5ead02a954c4fb5e038238e2d1ed13a8e09e5c035e37f0747b59aea9d6e56,2023-10-25T06:36:17Z,NEW_ENCOUNTER,,,
batch_001,encounters_epic_north.csv,724,EPIC_NORTH,E2126119,da106c592bd46807891793398265f866e04df04c51c6bb56842374ed12436c8e,bebd79233e19b4de38bc9d642efa2e9d5a2895392e03bd6755f911eb59cd67d1,2023-05-03T06:25:01Z,NEW_ENCOUNTER,,,
batch_001,encounters_epic_north.csv,725,EPIC_NORTH,E3068632,3c6998ee9f67fe86c8585c395dcaf42c66d36eeffa456e3fa674ef9dd7212882,06cc4610afcf460b40c162c18f8ba277b84fb487863b1aced976828104c67beb,2023-12-21T07:15:12Z,NEW_ENCOUNTER,,,
batch_001,encounters_epic_north.csv,726,EPIC_NORTH,E7319500,1e8ed5313f85eb3cd585c51eb61f5069b93a31fd9c7721bf495ca1e22615d7c7,d55327e28087c3768b027d122b6785367f7ec1f81bfb38b744554838ab831a93,2024-12-14T06:07:43Z,NEW_ENCOUNTER,,,
batch_001,encounters_epic_north.csv,727,EPIC_NORTH,E5393153,07884bf3358d071183ef6767a5d587c4bc37e3a0ba3cf382267b48cc37f3bd87,6559cc4999b421666e0ee25287371b540f950a0a73db020113c603f7b3d51879,2023-02-07T06:13:25Z,NEW_ENCOUNTER,,,
batch_001,encounters_epic_north.csv,728,EPIC_NORTH,E1625611,d3e10323ce51cf53aa8640e1493ecd95bfa131c3b6bf85f8a8f43954028e507c,10953704f4596fdec341a265a1923d58cfd7c6d64b77565fcf130680d40ec134,2024-04-17T02:56:36Z,NEW_ENCOUNTER,,,
batch_001,encounters_epic_north.csv,729,EPIC_NORTH,E4045359,938a99e139d850837e3d07723b97eaca2f2d97e07dd5ab8e1c8162051d438eb8,d67c04e068e042abe608c0f32d52bf402fe50f390bb8b28f1a927fb2aaae88d7,2023-01-28T05:06:29Z,NEW_ENCOUNTER,,,
batch_001,encounters_epic_north.csv,730,EPIC_NORTH,E5148498,013b755e4fa82f03041ab23dde680c5b0b33cab54f97aa18c5b5f60ea871f04d,f59898ed7ffeef6d5a9d2a74de6c1552aeb6c82a4f0c2f719b6171ca78262cbe,2023-08-14T03:53:42Z,NEW_ENCOUNTER,,,
batch_001,encounters_epic_north.csv,731,EPIC_NORTH,E5792262,f4b66202be2eba5d5784ce21004673b6783a6880787e4768a552fdd801e19cbb,496e908da0793c779e738471376cc5345176a8c0d214a70c4927aebec34cf0e2,2024-04-30T01:37:18Z,NEW_ENCOUNTER,,,
batch_001,encounters_epic_north.csv,732,EPIC_NORTH,E9609393,d58699941a8cd55b86daebcd41d5418cb7edb35c54b6977498ea7664db22d51b,9af96fedf6ea12b97ac276e20d1f01388a435e22f0c37273e4f5923b7144f077,2023-05-15T08:07:28Z,NEW_ENCOUNTER,,,
batch_001,encounters_epic_north.csv,733,EPIC_NORTH,E4551162,85ad40f51539132c68f19336d23fa6bba55496f78ddf2e9e3d449f799aaf8b50,647ee91d52c7ef9cc7861047ec4ed03fdab094baee5cc0457809d4f28082b893,2023-08-22T05:09:19Z,NEW_ENCOUNTER,,,
batch_001,encounters_epic_north.csv,734,EPIC_NORTH,E2591036,6a39a208e7728a676f488a92e2eb151be86bed698d4e58f2f0eec859e7a3a62d,665d54831cf07f27000200fa74d8cf9c7b965f861f949507476f3119a675eb2c,2023-12-28T18:15:14Z,NEW_ENCOUNTER,,,
batch_001,encounters_epic_north.csv,735,EPIC_NORTH,E3757543,f2a8d235e69775c6835253943b4a0320348a7dbc41f11b50db467122d3d3383b,064df693fa334e09aec03ba0f4b5e0b895597b526f6abc3c1440f676a27f6977,2023-11-21T01:27:51Z,NEW_ENCOUNTER,,,
batch_001,encounters_epic_north.csv,736,EPIC_NORTH,E5807843,ddeb3cc4776df2c7812199ecfcf3eeda053e993be87687f26f7d60910ff06530,9bd0a2460413c3881ff6cb77f6bdeeed682a4b0e78a9fa9fd56858ddb5274d7a,2023-04-05T15:03:39Z,NEW_ENCOUNTER,,,
batch_001,encounters_epic_north.csv,737,EPIC_NORTH,E8181514,783aed65555e3c0a3cec99076a00352c3e9fd7922cc47229bbcd470fcea2b509,a38cd531b9f03f90ba88c3e6bf029880689f0b9819314c090116c2fb6a324905,2023-08-11T02:18:52Z,NEW_ENCOUNTER,,,
batch_001,encounters_epic_north.csv,738,EPIC_NORTH,E2441372,9a0e9b74827858decadfa75e96548910102be42de549ed69273b0f48e150a685,9f4eee95d605bd66493db38a25e7960fc9a09bdbe05b63bba52e77994cf49299,2024-09-29T06:37:53Z,NEW_ENCOUNTER,,,
batch_001,encounters_epic_north.csv,739,EPIC_NORTH,E6907140,237ac4ad357304ca95a4b65f56e3941b6fa76abbdd58ce757b14667e5cdc6bef,90ea539bd6b3ca01a1351ab10614ea6e69e2120bc77cb6a38d5cb6e7193bc9ef,2024-02-29T10:58:18Z,NEW_ENCOUNTER,,,
batch_001,encounters_epic_north.csv,740,EPIC_NORTH,E3400529,2752478f4988844028cea0b60e45ee9c1ae7477b9f1624a51d4699e2d1041e94,eef144751141f748d9f4796d62ef461247f029d460a10ccaf9fd390391b78f03,2024-10-24T12:08:11Z,NEW_ENCOUNTER,,,
batch_001,encounters_epic_north.csv,741,EPIC_NORTH,E6310869,76cb11bc334d83e621cd783fce729561e3504396406a267d8c81216ad039cc5a,ff33e678708fcc64d4f2d24060746eac1e9d35b80d19ea0d41898b80110fe5e0,2024-09-24T11:57:37Z,NEW_ENCOUNTER,,,
batch_001,encounters_epic_north.csv,742,EPIC_NORTH,E8254632,572b7aa22d875899161b7d94c83007cbbd37ffbd8579becd63c8b12d36b8f5d4,872ccb07d6517f634492e80fe1bf9b09e539fa9ab7538d5893eb7a520973a0d6,2024-05-21T12:20:12Z,NEW_ENCOUNTER,,,
batch_001,encounters_epic_north.csv,743,EPIC_NORTH,E6680399,6b8e42efedd56423aec387fd7688b897a3de51f15d3c8e60312a14aee71c69bf,7360400dfd239c060af8177ede767edbb772df1e36a48fdaba6324315c612df1,2024-08-21T18:07:49Z,NEW_ENCOUNTER,,,
batch_001,encounters_epic_north.csv,744,EPIC_NORTH,E6395696,c713bd6ebcff3deae9eaddd47220c913e3d57961981e6568fc15bd29fb28e13f,66508d751de77bdf4f8eee197f902e4cb04688aa6ef5768be3b6850aa4b3a1f1,2024-08-03T18:15:56Z,NEW_ENCOUNTER,,,
batch_001,encounters_epic_north.csv,745,EPIC_NORTH,E1862886,1f8d0fcc2b53062853d8dc37ee6cb9c939adb9266538cb7dc56c03eedbec1ac2,b5d18e40f776041b72d6a9aa415aa007011e1002452e7f11303b86e03f957b58,2024-07-16T20:22:20Z,NEW_ENCOUNTER,,,
batch_001,encounters_epic_north.csv,746,EPIC_NORTH,E3242940,e6e6a8f7bcb5e5aaf911d2fc005365aab3c7f7d47c7b77c14cc821319a25d394,d78b7a78317b555a89ba408b82e715e7c5194122307fb9bfd2ddb6a76a463da0,2024-12-25T17:23:40Z,NEW_ENCOUNTER,,,
batch_001,encounters_epic_north.csv,747,EPIC_NORTH,E1584979,7eb690e58c06b4b2f5edb9dff307d71df49070bcd115eaf085d623af2269cd1b,825f5ef65dfcd72e4b96e75ca60267c7d9e5e32ce9a4eb0437808ec32608d85b,2023-06-16T12:38:54Z,NEW_ENCOUNTER,,,
batch_001,encounters_epic_north.csv,748,EPIC_NORTH,E3297076,d4f97ca9bc51e210ed8f452151ac423e0f232f38539d4477453bc2b1c0d36e32,b8d437eb5e142ae6a93bb2018af10954940e472086d7f29acedf7f183ffe2f80,2024-11-24T16:55:56Z,NEW_ENCOUNTER,,,
batch_001,encounters_epic_north.csv,749,EPIC_NORTH,E7626357,b298299797c5b491344a25a486ee9f08921ad755336f85875f8fed0845fecfce,6e6aef2d07d023717676f6e08e50baa51ec2ed352d31c767894eda58d35fa611,2024-11-11T02:10:01Z,NEW_ENCOUNTER,,,
batch_001,encounters_epic_north.csv,750,EPIC_NORTH,E7683938,b7d717822d8ac581394a00fc35de4b8a6393bb188aca0350a9441a28a9ebd5b7,5c81afcdc2227a552c055b72aa28c879f3ef9031cc1e05eacaee4f61b8a20ad4,2023-11-21T12:13:38Z,NEW_ENCOUNTER,,,
batch_001,encounters_epic_north.csv,751,EPIC_NORTH,E7604171,9d193ea11bb47a9ee47ea8494af241e042cd2283f15410d1a4555e9985fb7c89,6c605072d05e718fd4e1ce17d24d81a2c5bf415d7ab0036beeb47e3281bb8365,2024-05-06T00:20:59Z,NEW_ENCOUNTER,,,
batch_001,encounters_epic_north.csv,752,EPIC_NORTH,E7258702,0a42f5786b70bd103dd615334fb9f14121ee454c5ef6fc889a9c829ae510c3c8,03cc95ca15ac4abe7beea2d088cac23ad17e41c0581be2a770c0e220989f0f49,2024-08-16T12:50:25Z,NEW_ENCOUNTER,,,
batch_001,encounters_epic_north.csv,753,EPIC_NORTH,E8021513,34f37434f8a563b78855cb56e0e43ef0680d6523bb2f5e0fcfb13bbf1625922a,3e5281975ca2690c33a57def9fe6331b857962daeec445da05a7bb3aaa37370d,2023-11-03T05:24:10Z,NEW_ENCOUNTER,,,
batch_001,encounters_epic_north.csv,754,EPIC_NORTH,E3507038,1cc418f6589f1714335f7b2661a2b3307c24c25cdd707733c7a28749ba904a87,c63bcb617b3905034f6fee45fee07f719aa78bcc897265e777e4e06dfb7ad55c,2024-11-08T03:00:14Z,NEW_ENCOUNTER,,,
batch_001,encounters_epic_north.csv,755,EPIC_NORTH,E4045437,f554952c2eb1e728ab62cd6dab17043e9ad4c497914376d9ad1b42495aed2b5f,285239357909c5955a1758347cced7025ac8da42cedacad711745d148ad8c2f6,2024-02-26T12:16:28Z,NEW_ENCOUNTER,,,
batch_001,encounters_epic_north.csv,756,EPIC_NORTH,E3686784,7a8a8ada3460b61e962fd969c424b517881798430ddffe7635610590d93a4c6e,78ea8907991bcb3e49f7ea356426144544368218eb1d59ae761b13b4e5d9ed77,2023-05-21T10:38:20Z,NEW_ENCOUNTER,,,
batch_001,encounters_epic_north.csv,757,EPIC_NORTH,E1806753,ccd87eef5d8c610d2e0c59ab86617d076ae13e79c071980aa63be6db51f5060c,57869c7115e7b9f0d1771acccacf1c9656a7b7eee8ee626e8191f52ae270428f,2024-10-02T23:24:03Z,NEW_ENCOUNTER,,,
batch_001,encounters_epic_north.csv,758,EPIC_NORTH,E6136955,d6d6e1d49a44575b6aa2951c9d1bf49040aa6c405c891c514fd3528a39a62de1,78534dd6d2e662b6e2372ec0facfa87397b54e55f84c2357e1965ca32e62fa4b,2023-07-25T19:10:11Z,NEW_ENCOUNTER,,,
batch_001,encounters_epic_north.csv,759,EPIC_NORTH,E4570171,f3b5d8f6ad5b72c7aa29995b92ed4bec93874b754ee12f808256e434fb2c2828,020aa6c0094b3f9389159d710e19504bd5e74c1b28115c1c70e9d00186ecb43c,2024-05-05T03:18:53Z,NEW_ENCOUNTER,,,
batch_001,encounters_epic_north.csv,760,EPIC_NORTH,E5836285,509d5c676f6ef41beacd690aab0a76b16a80b449dfb662c54cf3bd43ee0f27cb,2a8ab8149b0e865f7146a74c3b8cf69d75ada01869c9d7983c0c0f39c2807327,2023-12-31T20:31:47Z,NEW_ENCOUNTER,,,
batch_001,encounters_epic_north.csv,761,EPIC_NORTH,E2832331,3691d0426280890e612415b6b7a06dabbe0fa8488fc35ebe61d57e97bac3f39f,0121f59d65ab3293dac63ea96a3e5815b9fbf1401bb5d0bce5de3d32b6092e6e,2023-12-16T18:44:05Z,NEW_ENCOUNTER,,,
batch_001,encounters_epic_north.csv,762,EPIC_NORTH,E9259972,f0b0584d1e8322805d4a24779d67a1c57cbf6bf8bb3aa1f867efd82217ca2470,1c3d3ffe752ce48f2ff7e9cd537cd4b4342966f4f1ee40df0d477af4862d5004,2024-09-07T14:13:23Z,NEW_ENCOUNTER,,,
batch_001,encounters_epic_north.csv,763,EPIC_NORTH,E9661955,3dc7758bfdd717ca5a1d3600c74c1d0d4284cfe7f4df12b08a8956725c173485,a9083cb10729861c8bfd4c0275e8135f2c380342759471991a5e2bb67397d334,2024-03-20T14:50:09Z,NEW_ENCOUNTER,,,
batch_001,encounters_epic_north.csv,764,EPIC_NORTH,E2305662,1ee95ac2e3ffcabe02e0886a459dcaee855d6755fc65c2cba4898691beeb71c2,01f8e19e3a4ace1a3ad3d9df0c07d76b37f01ff9f726264463ac47250da254a7,2023-07-18T23:39:57Z,NEW_ENCOUNTER,,,
batch_001,encounters_epic_north.csv,765,EPIC_NORTH,E6926176,1e616f4ccf6a28057e4f23f47d156b50448cfcefcd38672a7f4fab030faf48e4,fbcdbaf51e1c1c349db61c347ff2a83e2c57ae6a481fce6a8e2071d9e16361db,2023-01-11T07:34:01Z,NEW_ENCOUNTER,,,
batch_001,encounters_epic_north.csv,766,EPIC_NORTH,E7604261,ff8cb2aa6713f1804dd61d69a44b499241b5c6370380ae63f638a58fc7f74279,8b5714eef58dc490f153be3abb1b30dff807e42cf2ae0c9ea97a1db33d06066c,2023-07-04T16:33:10Z,DUPLICATE,DUPLICATE_IN_BATCH,EXACT,
batch_001,encounters_epic_north.csv,767,EPIC_NORTH,E4119712,f764979bfc3a8aeec6b5b26efb301d7f6b59059b5eb8de9a8d92e802b4da24fa,92fb20089d88ef6d1d6672704182c12a1eccf178c2bcd8ff3d7985a163275bb0,2024-12-02T06:50:28Z,NEW_ENCOUNTER,,,
batch_001,encounters_epic_north.csv,768,EPIC_NORTH,E7918833,6315985740a4b7f7587c302921d9e64c7a21caabd57b3d6c07bf25dd183ecc8c,7bd4410dd7b66f46ff3cfff5d7f962ba3eaf9608a3496651ea429dc061b99fa9,2024-09-07T00:58:16Z,NEW_ENCOUNTER,,,
batch_001,encounters_epic_north.csv,769,EPIC_NORTH,E6034817,df9995df41a82982edc985d55fdcd78d4fa5a8c9aa404f2a41265cf0c658b286,5446ad991606560ccca44689fe987b2d2eddf8c95c7cefa283c1affa4f483945,2024-09-11T21:38:16Z,NEW_ENCOUNTER,,,
batch_001,encounters_epic_north.csv,770,EPIC_NORTH,E8207044,7111c0b9358655e4a88d7d837a01c1730c2e6eef2099ce5c12cf8438c620e5f6,fc413d653e3e5de2364fd8e2815a8a7847dc6c314492119019197eeedd46f200,2023-08-31T23:16:02Z,NEW_ENCOUNTER,,,
batch_001,encounters_epic_north.csv,771,EPIC_NORTH,E4531343,1a9d2bbc63021a49be794cdbdbbe8ce2469e5e5c1e3a564a35b9fd0cd650f52c,907fad84e3c36b51ad0aee26bbeb4b142f319711e28188a5d23d5c73bf99cdb1,2024-04-21T07:17:52Z,NEW_ENCOUNTER,,,
batch_001,encounters_epic_north.csv,772,EPIC_NORTH,E9157706,764483754548cbbeeab6ee0b75216e574700c07cf38029e8301676c51456e032,e219b5d4714c2ef00436a3074bceee5fd76b7a52d0391a6cd4e55f6f7a9c2df4,2024-09-04T17:12:24Z,NEW_ENCOUNTER,,,
batch_001,encounters_epic_north.csv,773,EPIC_NORTH,E6495067,a6ec62889ac82cf3051bc1aad49d8d2c89dca9d5eaf4061be3f37eb364ab6ef5,cffdb0beab2ab46a9f1da59b85cd5aea4f88249e8880cc3d79b0fd53c2574691,2023-04-22T02:26:17Z,NEW_ENCOUNTER,,,
batch_001,encounters_epic_north.csv,774,EPIC_NORTH,E1581086,298d1b70b24dfa24db812a98ee182506412135046af78380bc60f27b45422175,fd746f4c68d9bfe6a6d1bb882fcbceb2ee784997da7e9a910a494c222fbca58b,2024-09-29T17:15:31Z,NEW_ENCOUNTER,,,
batch_001,encounters_epic_north.csv,775,EPIC_NORTH,E2139022,e44c9b085ac8c078ca49d49676aaee0cb2ed9db15a8972645aa84323651e3098,951c19c66a3f52a3e64eedcea77eb03b72e6d297a1351009f5532d90a7bf5f4c,2024-03-30T08:24:24Z,NEW_ENCOUNTER,,,
batch_001,encounters_epic_north.csv,776,EPIC_NORTH,E2646335,dba118786852ea0eff85bf7215c910b41be29a6a0c867bba5886d78671a49448,1c2664135a8c91b07f3220bba81460b105e3bb60116102fdf7b2fd4031f82555,2023-09-21T01:14:59Z,NEW_ENCOUNTER,,,
batch_001,encounters_epic_north.csv,777,EPIC_NORTH,E8963903,9ebc78684014c2cad88071df42e341b2a5045689c066c24f806a1dddf6f263dc,063fc52eb8845591ef9d5653b15130508a993cbd93776c5ecbb4a4585c483e47,2023-02-25T19:43:14Z,NEW_ENCOUNTER,,,
batch_001,encounters_epic_north.csv,778,EPIC_NORTH,E6665800,87900df67b57a1b66d80b51422230b9fab02cb9e7fe4fd690cb29ca613f09c69,341796042e69b477e1cab3b6de326ba4c075bd84c5ebdbb25d6ade8304c3ecad,2023-04-13T13:51:22Z,NEW_ENCOUNTER,,,
batch_001,encounters_epic_north.csv,779,EPIC_NORTH,E9603633,1e6f4ff7ad1a952c623c6e76783c37f867acf5b631a98c2295863d6cadccc9e1,69833a83b0afc6e68cbd253a5147d5fc0176a19ca67d7ec1b760a325bf9a25df,2023-03-26T08:23:59Z,NEW_ENCOUNTER,,,
batch_001,encounters_epic_north.csv,780,EPIC_NORTH,E7826531,c3626b778a3b1bd7c6167b05e81a03dc9ef6965ac54cc48182417a8cbbfe585d,959898872e5aeafbe26ba470311c44dbe7cb86cf8d7352430f4eb1dc6eb67eb3,2023-02-12T21:06:47Z,NEW_ENCOUNTER,,,
batch_001,encounters_epic_north.csv,781,EPIC_NORTH,E4526896,af8199c064eb3b26bc7cadf04107c1d97165bdfba2994b356b607519b799bfcb,abcd008d9680130b4008ff97f5a1c79dd244e3c6f499cb1c8c48132b65f93228,2023-02-16T11:11:29Z,NEW_ENCOUNTER,,,
batch_001,encounters_epic_north.csv,782,EPIC_NORTH,E9910804,c6afefc924f8ea40c156d7ff6e1538dcaf43d663cd64fdac1e7c584a2bb22363,7a361b1854858fc947af2113ffec01cf5a233c4a909b6bbc712d3079984c88b6,2024-10-03T21:44:48Z,NEW_ENCOUNTER,,,
batch_001,encounters_epic_north.csv,783,EPIC_NORTH,E2592616,de401b187e114e12075176956c050c0da9fa333a82b765a3531cbf6e5285d753,d7f76b6e4e4af32ff6214d0cac9a7563b7706e50f4a0739d01c94a3fa51b988e,2024-12-15T12:59:56Z,NEW_ENCOUNTER,,,
batch_001,encounters_epic_north.csv,784,EPIC_NORTH,E5639725,13228954638c60b73d8ca3b72719004b7e34e3c6b9855442a762f1819c2bed72,fc1b62c4c5a539dbaa98f94394f8a43b80e42a0ed571c23b2ca2d8dab9c4f6e6,2023-11-19T04:38:09Z,NEW_ENCOUNTER,,,
batch_001,encounters_epic_north.csv,785,EPIC_NORTH,E9716483,9c01dab0883231d7b24b2305b0d113c347cbabeea97d798a2e935caa65a65cfe,526873e85082f3c2a1bf664375435e95db3bae7c05f7bb7ea99c620e9d2eafbb,2023-10-27T23:34:56Z,NEW_ENCOUNTER,,,
batch_001,encounters_epic_north.csv,786,EPIC_NORTH,E8932487,21206034dcfb6e45490f3dfea70d558a181dc6e66c701ebc7b737ea76e704090,a3eff83e9728a97e702ad854860752393b12007a5184b64ddd59f4fe574d2248,2024-08-02T10:12:03Z,NEW_ENCOUNTER,,,
batch_001,encounters_epic_north.csv,787,EPIC_NORTH,E7432229,f2a3ad89dc92fdb4233bfb3b4fa0b273ffd43df84e5ebb965e098985ba3a30fa,1f5c697c9296a31fc1b79621f2a6f8952f3f1a733a7cc26777725c164f598439,2023-03-31T18:51:05Z,NEW_ENCOUNTER,,,
batch_001,encounters_epic_north.csv,788,EPIC_NORTH,E2660265,1bbb23175c01d07394f8d3f2b3be26c2799944daa1837ee50f6e0e741df7337d,23a6157efe837d8cdcebff3ae519e4758425bd6c73714526a6cdfbceed7993a0,2024-12-22T13:06:35Z,NEW_ENCOUNTER,,,
batch_001,encounters_epic_north.csv,789,EPIC_NORTH,E2327343,2b341371af4b5088dccf2a98d569345dd9ec994570472b54633552b06349f971,79723cfc5b16e0c5ebc5cfc3352559a44f868d7b55ed522279150b350ee33371,2024-11-09T16:01:02Z,NEW_ENCOUNTER,,,
batch_001,encounters_epic_north.csv,790,EPIC_NORTH,E9310962,366acb358c09a9e56c61765c16802cd02a7f2d41bd13dfb24a4c85a29922ee1f,a9fec93f8e94366d6c0d4638c6df70a3a0d5b6de416b225dfa778eeb565930bd,2023-04-05T08:23:58Z,NEW_ENCOUNTER,,,
batch_001,encounters_epic_north.csv,791,EPIC_NORTH,E4286773,b082c303942bac9f6df859866eb52fdd0c388b78bb4f39cff24878c5256c67df,2d9f95f68eb4e8a675ae4beee23fbe16d4b336e8f9b12edc10dccb8a45c61bb3,2023-07-22T17:51:13Z,NEW_ENCOUNTER,,,
batch_001,encounters_epic_north.csv,792,EPIC_NORTH,E6174384,ca45189fde2229e9ee7d2248b1836f41bb2f2f4a619ba1ee5b005de67f57a25c,4272803251c28ec502383064619dc71cd15cddb619b6ddefdf8c1945166e750e,2024-02-22T19:45:49Z,NEW_ENCOUNTER,,,
batch_001,encounters_epic_north.csv,793,EPIC_NORTH,E1000155,a38db8b3589bd3ae1a91f27f7c6f5384d86554e19384d778c5c9661c28a22d23,15b69b3256fc42d9ad9dbb8d65d485a971df7e8f2400e42aeb83c240cc6b9bc7,2023-10-19T13:14:47Z,NEW_ENCOUNTER,,,
batch_001,encounters_epic_north.csv,794,EPIC_NORTH,E7357651,dacf5be1bfa931b7b6fcfc73f24cc1a62ec16e7a9be10a3ed076ec446cfdb41d,9d362f3eb46afc93346b39cb9ebdb2a50d97beb27adb7192a901831324e7853a,2024-12-20T14:39:06Z,NEW_ENCOUNTER,,,
batch_001,encounters_epic_north.csv,795,EPIC_NORTH,E5190892,cf58e0117bc7a526bf7093b61eccaf405afd802e75e9a7ad6cca5b96f3c33f31,c9c13aaa4a8f39c5c5d4a03affaaabe366249b46016d8fc22ac8353a087cd11f,2023-02-06T21:08:06Z,NEW_ENCOUNTER,,,
batch_001,encounters_epic_north.csv,796,EPIC_NORTH,E1657502,15a2195623db132552ab6a3f185afb5012f7830e8fda03ee3a1b99109f98493b,80517c222e109ce7c1c95c0a6b1bb6b2fc39e69b0d2c5f332f90f2b066b1a71f,2023-02-10T10:07:54Z,NEW_ENCOUNTER,,,
batch_001,encounters_epic_north.csv,797,EPIC_NORTH,E2423472,a587a2c884f8936db20b0a7060d7d7d7e998b2c013d9f8288df639e9f9aa7145,d11dbd0ad3f8e5b6d97f84aac646cabe6e1e4a3723497e9999e9308501a16458,2023-04-25T15:04:49Z,NEW_ENCOUNTER,,,
batch_001,encounters_epic_north.csv,798,EPIC_NORTH,E1599873,c5a4fe4197ef08143745eaa687263109deb7238648e021f718e92281755b583c,0a8fa9ab1db87f3c90021d4f2f00ba57d8fd9aa55744d0136afd4965d8797a99,2023-02-08T18:10:19Z,NEW_ENCOUNTER,,,
batch_001,encounters_epic_north.csv,799,EPIC_NORTH,E7291970,5ce29c4e5cd37210a65d63591ff2d1bc59d3e7d148e3daeb23f374ccb418f3fd,a7f62cd659420a22734dbe69868c40de21ed85dc2a4a4f97ce3314d6cf5ee616,2024-05-28T15:05:39Z,NEW_ENCOUNTER,,,
batch_001,encounters_epic_north.csv,800,EPIC_NORTH,E6264137,115d9650ecb59756caf5e9685e96b1bcbb3768fe937dc22443543734f37001b2,7b85f578e32694e057671bc553efd9f7a5fef07636d7539face3f8af43e18a8c,2024-07-15T11:22:00Z,NEW_ENCOUNTER,,,
batch_001,encounters_epic_north.csv,801,EPIC_NORTH,E7260349,7768b9e8ac68943cdd46ed8de5a87547dd5dcf6c8d6692d23f13ffb820491028,c11071315e46013c96f95ec45e4b7509e37e081db5a06e7aa17e8bbfbdb3b2c0,2024-05-31T10:16:21Z,NEW_ENCOUNTER,,,
batch_001,encounters_epic_north.csv,802,EPIC_NORTH,E9162949,e2beea6fbd820a100c05ecfecaf0a1b425b9175bf15bf6ca49bd53e3d8f1d24f,92d175aeaffa84b3c43b2769c715438fdf1f53e47146db58c6cb2435ad42bd57,2023-08-18T05:39:52Z,NEW_ENCOUNTER,,,
batch_001,encounters_epic_north.csv,803,EPIC_NORTH,E9419182,1891fb523ac2d84003805a915c2e2e1d6d97b98bdc57f34fc2180fd4cbcbaeaf,c2e197f8f4dd1d3bb1a5386cd77265d853587ca21c9584c804fd40b8e4af37aa,2024-07-14T10:37:26Z,NEW_ENCOUNTER,,,
batch_001,encounters_epic_north.csv,804,EPIC_NORTH,E4544178,8a1cf55cf7b5f605311f915469161e6bfaef36599b5fb420d25bf3ac812d1048,b5530970c064c995cffc0e61439f19985f386e36d3d64a61d55c375332f9660a,2024-02-03T10:13:00Z,NEW_ENCOUNTER,,,
batch_001,encounters_epic_north.csv,805,EPIC_NORTH,E4946944,7ff2677909fe413be750c8bfca16fe6ff43769e710ed9f8df189526a3e2d6079,8c4e6f67b8784b292dc04efdf36dd032e6970a9b3f5422f70e6ce4bfc546e888,2023-12-01T20:45:21Z,NEW_ENCOUNTER,,,
batch_001,encounters_epic_north.csv,806,EPIC_NORTH,E4154437,49401d0990b5270d5c783d317e7c23ddc85c413d8567b12034d5e8d23de3110d,974982d3d0c5aa038d9db6458ca561cc6e20927a976cbb21c663466905fe7d51,2023-07-18T17:16:20Z,NEW_ENCOUNTER,,,
batch_001,encounters_epic_north.csv,807,EPIC_NORTH,E8824101,5ac939552a4432a7eb7afbbffa422d13d46f8d4dfde3a2b4d332f25090173296,07a20466fbabae6e89204c68f7ce388aa56fac1fa7e926a1d1eff99521350693,2023-11-20T00:12:14Z,NEW_ENCOUNTER,,,
batch_001,encounters_epic_north.csv,808,EPIC_NORTH,E5145409,695fa04a9798460e461d3f5d3c8079d38744079c31c8c69c28022416bdcdb23f,7df873ec92641fb74a252d88741a244b3cb5d6facba2fcba9553fd568dce09a1,2023-09-28T13:37:16Z,NEW_ENCOUNTER,,,
batch_001,encounters_epic_north.csv,809,EPIC_NORTH,E2879699,0568827d6c0afac0070bcc0284fdb455f51e5a94377bc4ce35c48075b1dea8ce,a716025a020d64a8b8fca52b1a105ab668f95f2478f5fdfb251c3556c6768b1f,2024-07-25T18:24:52Z,NEW_ENCOUNTER,,,
batch_001,encounters_epic_north.csv,810,EPIC_NORTH,E1142199,f6e41fa732458331a69c25ebfca1bf444be9f955587e654de3d74d1fb9d70470,07d87ec7125d592d6c91be59a64f5e67b70b087ba76e0df2a5f3cac00a7bd449,2023-07-20T23:17:02Z,NEW_ENCOUNTER,,,
batch_001,encounters_epic_north.csv,811,EPIC_NORTH,E3421809,f298baf951da5058ec041048649a68c7e985f8c177ecaa55c1732e796f4dee1f,dd8d75685f3b83bdeb5cea8301e53e8ea58b0cee2c8f8d2416342108c8a0942a,2023-10-07T02:53:01Z,NEW_ENCOUNTER,,,
batch_001,encounters_epic_north.csv,812,EPIC_NORTH,E6893653,00deb5d1a786769557b039a00f07173db47f9c24915a2dd61ec21e1cd44d0cc3,2497ce763f19257c3bf2f447fe3a5954fa0a44b9c2f3fea9ed00a997f8470ba0,2023-01-29T18:01:33Z,NEW_ENCOUNTER,,,
batch_001,encounters_epic_north.csv,813,EPIC_NORTH,E7966725,15448301009db7b12ca42578bf17776b63d45021ecb448fa8073f238e147aea7,531d7b17733bfdba233fa2dce91528fd10ed271ceadabf9ea4bc82fcc6560f77,2024-08-07T22:16:10Z,NEW_ENCOUNTER,,,
batch_001,encounters_epic_north.csv,814,EPIC_NORTH,E9164835,a5ee2ef42b886a3c321fb72b2095a8a75068352e6daff4e1112a9e826c672e87,e70a81133614eed6dd99c82e1a9f1e27efd00c9521af79bd2bb86f6a726f3689,2023-03-17T22:39:58Z,NEW_ENCOUNTER,,,
batch_001,encounters_epic_north.csv,815,EPIC_NORTH,E6606535,09446b58a524eb692bb7a91162b511bec5f929149b3a50fdea82e2aff6a22b01,b68a403eaf672b88451ab681ffa0eede2bc788ec6f18ab64557b704c3c207413,2023-06-07T08:58:36Z,NEW_ENCOUNTER,,,
batch_001,encounters_epic_north.csv,816,EPIC_NORTH,E3584664,6ba199d6bb37478c77df26fc64c1060f6c01a63d9a04459182dc26391d16fa5f,4510e3d05d5dd7e985981c72e98ec41ea87217611fcc25dd9b992c5c84d4d134,2024-12-02T23:45:35Z,NEW_ENCOUNTER,,,
batch_001,encounters_epic_north.csv,817,EPIC_NORTH,E3527377,cb4819c474748975c6c98ddde59788225d9c12ebeda0138a6adae252359deec8,39c048d455c4c8cfae09ac03736dfb74a2c0d39816af28dbb83c443c674974d6,2024-04-26T07:12:03Z,NEW_ENCOUNTER,,,
batch_001,encounters_epic_north.csv,818,EPIC_NORTH,E5657861,c1fa5eeb65ecf8473a8e148990ea9cb09d4a4f03aef11707b6dcb9c3b025203c,6bd205a83bed709c928c1eca17c730dedf7dc14ad0c3ff98f17ff0bf5d2e0ccb,2024-09-25T02:09:59Z,NEW_ENCOUNTER,,,
batch_001,encounters_epic_north.csv,819,EPIC_NORTH,E6300902,09194517548f933e6002c44ed7620e6b5269b65d00dee9296416506b8b947639,a35f00d5eec70e5bdb049898577d45c20bafd6cad4853ecea6179a80d46d0d1e,2024-06-22T06:36:52Z,NEW_ENCOUNTER,,,
batch_001,encounters_epic_north.csv,820,EPIC_NORTH,E6309075,ec6c159055d92991233c7d214b9d2b9da9b85700a8daaf06a850713feda080ea,e372cf18b7ab2a19f0057ddaab48fcaaaea4db1aa3abc12f604d3a38290e92f1,2024-11-03T02:40:50Z,NEW_ENCOUNTER,,,
batch_001,encounters_epic_north.csv,821,EPIC_NORTH,E5006650,9c89e29af1b3f77c364f2fa010912f47aba377bfded6c9d87b87e5fb1a5d5366,4060ef302905c5e15e13c35c363d8de10fdd77bd29898b1f6ffa1a82af739961,2024-05-07T09:11:24Z,NEW_ENCOUNTER,,,
batch_001,encounters_epic_north.csv,822,EPIC_NORTH,E6911419,654f33af0a106a450c5a4255df73a22fcc774552fae3e1517647797b6d45782f,1fc8ecb4a68fae1a297f07fbd02e36285be8d69fd7a8a241cb62fa6c2247e231,2023-04-03T13:31:40Z,NEW_ENCOUNTER,,,
batch_001,encounters_epic_north.csv,823,EPIC_NORTH,E1784635,9bd65eb7bb3a6148b723aafb791de9412977832caa33d5ca1723ee0ed38caf79,60924c8ecf183c9cf8af3562e55a9d4efb4d43274bc234605bb985a074513203,2023-06-07T19:39:39Z,NEW_ENCOUNTER,,,
batch_001,encounters_epic_north.csv,824,EPIC_NORTH,E3020143,5727be1e76086249f5f2d67c974692a4e8cdcb2785c69c8f593a57c6fba85f52,b3464edd8edd93e039745b34f92b86d6738a5e774d07b495171c17e37d695326,2024-07-28T18:02:24Z,NEW_ENCOUNTER,,,
batch_001,encounters_epic_north.csv,825,EPIC_NORTH,E1321679,aebaa03baf055665774b57e460d0caeb07337c61d225112fd240bba82b96021f,cef20e4dff3e354ca93e7e3afa41d01ee9f069196b247e813004938d980e9095,2023-07-17T12:35:29Z,NEW_ENCOUNTER,,,
batch_001,encounters_epic_north.csv,826,EPIC_NORTH,E3222949,ae8281451475cd4c2e693968b738607f9b1eb6dcf44133e21f95f5d6fa378611,0c49757a9e483562c980dfa0614625fd725b087d0253bb3632555fa287e363e3,2024-11-14T08:00:57Z,NEW_ENCOUNTER,,,
batch_001,encounters_epic_north.csv,827,EPIC_NORTH,E9292682,fc2b08583d3c7df7321c55db8f9fb9baa9b119286a888f0f6de711d3b65f6d32,61c47ec98fe6c56fb7f76715ef0518191119e363cbd14a4ccf7b7a9bd10ae263,2024-11-20T14:05:09Z,NEW_ENCOUNTER,,,
batch_001,encounters_epic_north.csv,828,EPIC_NORTH,E7560697,278813a431c15822b8f9ca63073d4524df9884e03f7491d4b732728d1420af23,63458ac0a41b7b43fd81fd813893bfe2f64382940d360878d4f41f6c5d41206a,2023-05-26T12:20:21Z,NEW_ENCOUNTER,,,
batch_001,encounters_epic_north.csv,829,EPIC_NORTH,E3789865,018d35ec22a279f13e72a597dbcb56be77b86a9ac46e0b0d9635db9fe8d6e4cb,6316f4f36560553b753aadaf2eaed0f36311c5d4265f87e5c3b2ad2b31b9c546,2024-03-13T12:20:31Z,NEW_ENCOUNTER,,,
batch_001,encounters_epic_north.csv,830,EPIC_NORTH,E3464061,3711daba4bb780f454e65fb4a275ef754b4e9c5c794225ee5556f9ba01d4c7be,bffd8f16a53517d323cdc0eb753bc0aac828475501b8e897fe94ce060a4aba57,2023-05-29T09:44:06Z,NEW_ENCOUNTER,,,
batch_001,encounters_epic_north.csv,831,EPIC_NORTH,E9188467,e7277f5026b4121f37f6dd58e1e45558ae83880690f44a1373ce0c02e77143db,c36a38c4a366a1145b5191a494c844d561a383a41cfd4a02e2ac6b8d6997ca8c,2024-01-05T10:40:39Z,NEW_ENCOUNTER,,,
batch_001,encounters_epic_north.csv,832,EPIC_NORTH,E5410971,a362a6943f34fbde41a1b1e57c694bf42e5b1c060710ca324ed63a537073bcd8,8ba53118dc1adcf2120e97d1091ff04ba3625ff267e4bcca2ba662e6d09116c7,2024-11-26T11:48:21Z,NEW_ENCOUNTER,,,
batch_001,encounters_epic_north.csv,833,EPIC_NORTH,E2925553,931da9865f64285364566b8fbf3ea0ceb5e3e92ff194456f7f44d478d23d64b6,83b6f3f6cfdd6a1895090b2e38b90563fcda55eff31841820e398b44fae9beb5,2024-08-28T12:34:40Z,NEW_ENCOUNTER,,,
batch_001,encounters_epic_north.csv,834,EPIC_NORTH,E7216397,158a79923f36f7611faed7456c967fed6c0d2a4ede9c3caad40b7b100183cd18,7d3532ff127605e04b1e039459c43526358bcd47d58fead5bdc51266c340e055,2024-04-07T02:09:25Z,NEW_ENCOUNTER,,,
batch_001,encounters_epic_north.csv,835,EPIC_NORTH,E5991550,4009f131f9fb03809eae5acb6de2eab6976ced5884188aed73acf93f7d8551a6,cd7609e3097e510591604b3183da508917b7ac12b9cfd34c3b9d292da0e45eea,2023-10-15T03:21:06Z,NEW_ENCOUNTER,,,
batch_001,encounters_epic_north.csv,836,EPIC_NORTH,E6426472,c4568812d187deebb3d00c3813a06b724ea2fee9d8ede1fbc3da5ebbe4309fa5,0bfa6f7cf40518281985b050c60ec77e08d60e64b24745d14390a4086e8bfdf8,2023-11-28T14:16:25Z,NEW_ENCOUNTER,,,
batch_001,encounters_epic_north.csv,837,EPIC_NORTH,E4283606,9346fc75b76ddd7674ab62acfeaa5de7e04362023176a00456b6826e87d94ba9,2e1cb22748ac8b0d7a82d6267a824103444855612b2325cb2758d09ded77db03,2023-09-14T19:41:30Z,NEW_ENCOUNTER,,,
batch_001,encounters_epic_north.csv,838,EPIC_NORTH,E9575614,3cd3f9ef74a06920155ba753266b20513291ea73714bd51772df7ff7f2cb3fbc,7cf5588fa043e61962fc2a3db2bb744c011090d35b2d72d3749a86a48890cf0f,2024-08-25T13:38:35Z,NEW_ENCOUNTER,,,
batch_001,encounters_epic_north.csv,839,EPIC_NORTH,E7115639,22ac9b4a3a8801fa3ac6305c29bd60a695b612e1902651669cd058fa75642110,1b77455023b31f8789fa29a9dda7a39e2e5568c576eb426fe14f95484521536f,2024-06-22T09:31:35Z,NEW_ENCOUNTER,,,
batch_001,encounters_epic_north.csv,840,EPIC_NORTH,E5185413,dc420f8ec9deb8f1e5c5f693070169998fc6499b2f5852875a6929a92b628c10,2bbb5b8e95d6f56ed22de5480fda30cb15e85148a947f00a31ce73b554505187,2024-08-22T17:18:52Z,NEW_ENCOUNTER,,,
batch_001,encounters_epic_north.csv,841,EPIC_NORTH,E9123134,3f218bdd52f2e5f7bdfb528de38c6a7cf5a50e08d4d10b28afc9ae369689d564,874bfdb428f6230d5acafbd2fe4012c355a329dbad2507504cf8baea6a82c60b,2024-05-22T04:10:12Z,NEW_ENCOUNTER,,,
batch_001,encounters_epic_north.csv,842,EPIC_NORTH,E2286157,f3b354a2ab53b474f95efbaf073f5d8b5ebbe2c5c534243018c634f717a4ee7e,c7698caa6bb59a8987206856305953867750697f7d29c7b48f4e250818577f68,2024-02-16T16:31:27Z,NEW_ENCOUNTER,,,
batch_001,encounters_epic_north.csv,843,EPIC_NORTH,E7146065,26a3c49ac6a4247d7343a02da32f2fe1ac66d7e73ab9e26aa42a520751d7cb2f,1cd985703e6b29e9f2319a0df33036a049bcf26e8e437d290b7c5ce19c0d87ca,2024-02-24T12:58:07Z,NEW_ENCOUNTER,,,
batch_001,encounters_epic_north.csv,844,EPIC_NORTH,E6727748,c6f44318632d5fa4201bf6a7dece6bd7fe7df8ae949046ab104014385a7ed018,c6df3d8907a31a379a492da6cc6f31d65aaffcd55b67c2c693bedb5f13d2c8ca,2023-11-27T14:17:08Z,NEW_ENCOUNTER,,,
batch_001,encounters_epic_north.csv,845,EPIC_NORTH,E3929239,6b8c703c02a21590e556a9a2c2bb292ae087487c3bcb005ea33a9f679431019f,59b01ced89834427e9c2c31aa18b8cd3b43cf92fc999f183467a8d61fd44fbd3,2024-05-27T00:11:52Z,NEW_ENCOUNTER,,,
batch_001,encounters_epic_north.csv,846,EPIC_NORTH,E5255005,ebed4f7c17dc4bc90f177545b5edf1167fa3354de61dc70edaf3e9c1111b059f,09e16903b00878d78090d15e42f25a05a4fc5b49bd67d0a682f3cdaef9e8fe3c,2023-04-18T03:49:00Z,NEW_ENCOUNTER,,,
batch_001,encounters_epic_north.csv,847,EPIC_NORTH,E2914029,de68382f347d0db2514d9fa1fe99b9535cfb34df76bbaf91791a56c88670a321,27f7d74bb09425e6a58a167fb661577049b4f522c210626f3f71904bc7402624,2024-01-18T14:29:00Z,NEW_ENCOUNTER,,,
batch_001,encounters_epic_north.csv,848,EPIC_NORTH,E5456949,9b476a451c51f9d2b5d9382739b1ca4d941aa33c3e3f931a90a210768174d1bb,72be7097484dcd94815664090fdb886037b9711309c08c4b950e1c06af5a47da,2023-08-05T00:11:39Z,NEW_ENCOUNTER,,,
batch_001,encounters_epic_north.csv,849,EPIC_NORTH,E8910360,b90a280e5db757bf5896e04fc59aa440a95871ef91d12c304a71ebc4bc24e3ad,a2508033b08861520a7673b1c6ed0b15f1f3f9ab7442cb2b8caf8130b179a8e2,2023-04-19T15:36:10Z,NEW_ENCOUNTER,,,
batch_001,encounters_epic_north.csv,850,EPIC_NORTH,E6613620,e01bba7f3f1e892d8aa4ba2e07ffabe3b993628fe069220647e57b1d1cfafd32,7900ffb173de76bdc3d7b9a58c2ca07b6e73b155394c235ec8be8cf156c5ee34,2024-10-06T14:53:14Z,NEW_ENCOUNTER,,,
batch_001,encounters_epic_north.csv,851,EPIC_NORTH,E5252338,2526cb8fc6e3e155b6daaa907669386edad601f0e558f602425dc07f09ee8239,ecc52052e967562e980fff188354673360f001a2cc97940e7dc3dbb381dd7627,2023-07-29T10:02:52Z,NEW_ENCOUNTER,,,
batch_001,encounters_epic_north.csv,852,EPIC_NORTH,E8900022,45573cc7c02e65cc31f1c4875fa65a4e5cd805abe8a95810f0dea909cb2e1522,78afc41d1ab605f18b8df6bc8cfae2aad76acd73bd10832d8b498e26431c801b,2023-05-28T00:33:16Z,NEW_ENCOUNTER,,,
batch_001,encounters_epic_north.csv,853,EPIC_NORTH,E8379943,e27e18115e40e6e2de586b497100233034e9b38df66c78ae73295c5dc4f934e5,966c509595d1e6fc4cfe245e699ecdb135909235d1a522be10b4a5e2a632dfd4,2023-07-25T07:05:23Z,NEW_ENCOUNTER,,,
batch_001,encounters_epic_north.csv,854,EPIC_NORTH,E9625366,7ef885e9fad835a3a049ad74e05c7850ec7b0106e8dd09862318fa3bdad4a78b,2f88f4e87bced87b8421d373c1b607ceea49eb08b753c5f881a8a189a66f9960,2024-07-04T12:29:14Z,NEW_ENCOUNTER,,,
batch_001,encounters_epic_north.csv,855,EPIC_NORTH,E2771495,c56b2abc8aef5eaee854dd9286dd1fa3d93c945f0255e418bb70dd6f874f9b71,28958481f11738b0ac88547a4397de9b8b8de2d74a2c0766066495bc491aeba5,2023-01-21T01:01:31Z,NEW_ENCOUNTER,,,
batch_001,encounters_epic_north.csv,856,EPIC_NORTH,E3239417,5cd03f9a6704735bc5b9e4cedef0046b2aa95f0fc3c6bf02aad6399d2ed88021,ac2e195ad569d1d70ee51088bffa7ba08a44d2eaeabc831f5db3d2cc4a516ea3,2024-01-03T21:17:25Z,NEW_ENCOUNTER,,,
batch_001,encounters_epic_north.csv,857,EPIC_NORTH,E8997724,cd680a7f70249ad798c1d2da564104b48b1b4c652ebf7829db0f9b8650653f54,86a01ae94113f773df11e1bd1b858940a974583f154fdede976986e0f9c9eb70,2024-04-04T02:52:40Z,NEW_ENCOUNTER,,,
batch_001,encounters_epic_north.csv,858,EPIC_NORTH,E6990889,868ce3bee2f6ba0a97b301e9e83627f40c28341578e747e3d7a90d408acf1209,ae57fca6e2735eb21eb81a84de3443e73d0f71466abf00fa22eae9a8cb275726,2024-04-19T15:31:22Z,NEW_ENCOUNTER,,,
batch_001,encounters_epic_north.csv,859,EPIC_NORTH,E9183428,134f233f53500d67d5b8b54057c5d28f274ac382d18263bc08b815e0f6f58bdb,9c00d4dc8c6f1ea8f77b965374e317d57694e90143943c996792e3284a75bc7b,2024-03-17T22:57:05Z,NEW_ENCOUNTER,,,
batch_001,encounters_epic_north.csv,860,EPIC_NORTH,E3264710,46d460fefd5087dd685ccbe7bce419d1a3066abf990ff86332dbdb72add4b780,c8bba79debc358d817048c3e037a6ceac69c4fb240dae88fcd91d200d8884237,2024-10-31T16:11:30Z,NEW_ENCOUNTER,,,
batch_001,encounters_epic_north.csv,861,EPIC_NORTH,E2796916,4d047bca0ed62ba66ffbaf5a0b5cdcb0e6eb70c0fba2e0574508b0b9e119a791,607a5ec0ce459a9276026896e2156e8259b4ddd4cb106e2a1d0f56b90aa764cf,2024-10-07T12:32:19Z,NEW_ENCOUNTER,,,
batch_001,encounters_epic_north.csv,862,EPIC_NORTH,E2145341,08cf13e2b6f486baca195d8ff1d120377f661fe5e62556eb0cb63e73a2d4f357,5e25e5be500d7eb744121978a424297e869b07b7a211b362c6794d5aab75575c,2024-10-07T01:20:30Z,NEW_ENCOUNTER,,,
batch_001,encounters_epic_north.csv,863,EPIC_NORTH,E1941280,dd256587d02616efa03785ca4bb753954f1b1009d58e49dfb03c00866fdc0f44,723234ea6c598b80db1cf662291f96704c1519afa98d5a93976988ceb95e3faf,2024-06-13T19:49:14Z,NEW_ENCOUNTER,,,
batch_001,encounters_epic_north.csv,864,EPIC_NORTH,E2134132,60ea425f5036636b02ac7bfcd471026f86f3d5db3ea500cdb97fb60568e873ae,49de7d3af9cda81733ddb9c1521aadad07bd73c26b62c80501003eba160e9325,2024-01-12T11:25:49Z,NEW_ENCOUNTER,,,
batch_001,encounters_epic_north.csv,865,EPIC_NORTH,E8832163,62fd58abfd1cc5a635d80cf55753005665f5736081dc99c24e8246c11a7d8ea3,0660b1c313afb9c901b1fcec2349c7237bb43c9334d6fd6da1def651bd98693c,2023-06-15T15:57:47Z,NEW_ENCOUNTER,,,
batch_001,encounters_epic_north.csv,866,EPIC_NORTH,E6319435,1bfe5b49e96986c970b4c0816b1ec4376c807b038890ab3e9e2fb98f9e19ee0e,022776a64fbf5bde6158447e66811bfa7d397296c16447bd3e21296b05859e47,2023-12-16T22:58:50Z,NEW_ENCOUNTER,,,
batch_001,encounters_epic_north.csv,867,EPIC_NORTH,E9068611,900c76a4d1763b48450f6bdca216be769c3c6afeb93c493a201a5a9e709fa089,d387aa5dc89c52c25e75887d5cf55e3bced15a7fba106eea8dea8dad3df3841f,2023-10-28T19:18:13Z,NEW_ENCOUNTER,,,
batch_001,encounters_epic_north.csv,868,EPIC_NORTH,E1211070,8e7d518e7f41c9d3890bb626f2880949427a86b9958437c3d10d3e188740d5b5,6e6cd602381b3ebd7cb6b340ad62e2fe889c0c373f57b4d7ad6d843390c10d07,2024-05-05T18:16:06Z,NEW_ENCOUNTER,,,
batch_001,encounters_epic_north.csv,869,EPIC_NORTH,E3031713,17a2e21a8b98f76bf5167e10e51fc1ceef485efe04f11153c16aa99f2d996739,d505814d38a94deed03c63b87dd88e219297bfff1c73bd77401a0357cb82218d,2023-10-18T06:21:40Z,NEW_ENCOUNTER,,,
batch_001,encounters_epic_north.csv,870,EPIC_NORTH,E1767121,b2bfc41e5e84587b55c6d523bf36c995b53caad3e3fa3c04ed42f772e0bc59d7,b1871cc6922c3c22197d8d404e7ff80b5643b42ce6e67aa9e2e873d4c00772db,2024-01-01T06:34:36Z,NEW_ENCOUNTER,,,
batch_001,encounters_epic_north.csv,871,EPIC_NORTH,E8073434,0590241c0bae78e6b76fbc9989005a15ac8421d593ea8f46caeadce447affa5c,41cea36b3d5161c7fb841cce906d0a773d4f96b27f445a4da229b30092512c3f,2023-03-08T20:10:45Z,NEW_ENCOUNTER,,,
batch_001,encounters_epic_north.csv,872,EPIC_NORTH,E1753880,17078a9b50a43f9c4075190bdda3b22bcf1e985c63c288f5e0078de1cee7672e,a0970b79200a9d7bd7282369b2e1fbc74cf568cff91af4490ea81b8078f0a916,2024-10-16T09:04:19Z,NEW_ENCOUNTER,,,
batch_001,encounters_epic_north.csv,873,EPIC_NORTH,E7435764,74e4a94139ca39aa39b7f29b828a4b1b90586ff476be18de4801ec7f668a10ad,51fd8d14746db17c4f4f00a5940fbf57dc07b3c570845a288bf7e4bc28f24791,2024-06-29T13:24:53Z,NEW_ENCOUNTER,,,
batch_001,encounters_epic_north.csv,874,EPIC_NORTH,E8219776,8e2331b2c4f0ca53eddfb967c751ac81a2944eb75337d6ebff3c974d8b97a9cd,32873e25fb74e6b4a975093d9a24015798e61d8636c05d7bfc70f43cde21dc71,2024-08-02T10:31:15Z,NEW_ENCOUNTER,,,
batch_001,encounters_epic_north.csv,875,EPIC_NORTH,E4974296,aaf4e0710a41e723d51baab03466e97c5417c2124474c02180c01dbf9d60bf96,d0e2cf29b1b4a1d60711f258abbe476ecacd1235babb5949363abcaba018e45e,2024-08-14T20:54:47Z,NEW_ENCOUNTER,,,
batch_001,encounters_epic_north.csv,876,EPIC_NORTH,E3975551,cd3e443972b1fefcebe6ed21e5739e88d20d97b7a8f4c902b7b64344d2de0dca,8c95a15cd0cbec0724bd6b4a2b452545794e8dd755e0c162da4d6dbe87ae297d,2024-11-09T15:54:23Z,NEW_ENCOUNTER,,,
batch_001,encounters_epic_north.csv,877,EPIC_NORTH,E1160364,38ec3150b01c7d95ce1f56aae1c761599734eeb1fc04b87f7b1c7742cc5bea3b,73b8066754fd444820f65286554dd8511f531e8b14ba2013a4ea7cd4a9a0ee69,2024-08-22T09:21:23Z,NEW_ENCOUNTER,,,
batch_001,encounters_epic_north.csv,878,EPIC_NORTH,E2252858,6aec07842a0e3ebe7f91d180afb7d7397bb14a876a7915a2e8ab9f02cbb68ac8,5836e5f839c21dc5331154b13469a3f0e0ea47c06b6150913d696072e247da91,2023-07-14T04:46:38Z,NEW_ENCOUNTER,,,
batch_001,encounters_epic_north.csv,879,EPIC_NORTH,E3567360,21545ee8ab41923e01285f8d5bd16faf10d22a129ac47055e3ab3585f14c6ac6,f9c7159588e20d56d5707d5eac348841d88e86e4456ad0a8357b18bc4ed476bb,2023-05-08T07:38:11Z,NEW_ENCOUNTER,,,
batch_001,encounters_epic_north.csv,880,EPIC_NORTH,E4624817,2c632cb9b1c2702e55496285a89aa20abf512e0450bafac3ae0bc84670c596fb,5f3fb7f5b4bf84f72240cf927c0af52a26db7c219bab672f92b447ec96f0216b,2024-01-14T13:59:56Z,NEW_ENCOUNTER,,,
batch_001,encounters_epic_north.csv,881,EPIC_NORTH,E5009710,d0bad52c0b7e0102978165bc2522fd9bbc077e8d4fa13d6076b0a84a06d49d33,26c3af35edf5bb2c96168d56d6f6fa22fc11f6c7d83db542a1f3db538a7a79b3,2024-04-28T04:52:30Z,NEW_ENCOUNTER,,,
batch_001,encounters_epic_north.csv,882,EPIC_NORTH,E5369158,17eef434ddc9428ab13c183800470f6d73733d6be9258c2d7e2456267b46e66a,c772290896ff4fd887d702afa23ba1cb7f0330685d9ef06aa4621b4a5057e885,2023-02-14T20:20:57Z,NEW_ENCOUNTER,,,
batch_001,encounters_epic_north.csv,883,EPIC_NORTH,E6531045,5197f63c266cd34b1fba0fb584654842a3b8f207293ea1db413caaeb5b5996ef,4e652796e5a1cf47e71195814c57e78db6f5bdcff619ac0edf6ae09f2e715e74,2023-06-20T21:31:57Z,NEW_ENCOUNTER,,,
batch_001,encounters_epic_north.csv,884,EPIC_NORTH,E1651177,ed32b805355d58639dcd7e79a42c113a7da43dfd900b0a0b29a74b5f68f9ac98,801f2a9c075eaf089fbe19342015fa16f1fea461fda3be649054cfa42e968f6e,2023-08-31T12:16:00Z,NEW_ENCOUNTER,,,
batch_001,encounters_epic_north.csv,885,EPIC_NORTH,E4438065,c10b31c6c1ec71ae47830c63f13097102ec573ec5c854e3c1deb08dfac2b9f3c,87fd276fc6d4348cd688cf4e2d1c0fa4b7b867396edb4af2eebb0a57d89a2fd2,2023-03-08T13:29:45Z,NEW_ENCOUNTER,,,
batch_001,encounters_epic_north.csv,886,EPIC_NORTH,E7668183,32f0b61cc1dfe98a5dd78dfb9d21974ace6ccc6ff7d23871678e29b3242f787d,9535c056c4799945b34bbe616336fc4d1828fd60daa717109297517e7eb0b1f1,2024-03-19T15:17:34Z,NEW_ENCOUNTER,,,
batch_001,encounters_epic_north.csv,887,EPIC_NORTH,E9093391,d3169c615791192f27d8a64e178acfbe4fbefee2334bcbf8a7659221ae45e365,68ba1fa74ce970a340fe71b707ca86f23dd61a04d7802c47e676db6e2cec8113,2023-01-28T06:38:14Z,NEW_ENCOUNTER,,,
batch_001,encounters_epic_north.csv,888,EPIC_NORTH,E8475998,41267267fa40d6fee49d4bdb35f02b30e8a7cd6b8bad0ac1c049dc62eab29f15,f467bc20cd9bc78dc9309461689e4f3c25caeacedc90c006648a7047d13f8443,2024-07-18T09:07:41Z,NEW_ENCOUNTER,,,
batch_001,encounters_epic_north.csv,889,EPIC_NORTH,E3889922,8f788e792f1a16df2b381541cbb0d69d5fcae94a067d6516fb714c07e7a2e390,1c974c057fc808dbfd74bf59b46a9c1f1cb270952ca1a49ba74d88e24e7fd5dc,2023-08-24T21:22:40Z,NEW_ENCOUNTER,,,
batch_001,encounters_epic_north.csv,890,EPIC_NORTH,E5899149,5fe457c40b04eba2895bdc6ee07c3524ce2ec466d2440fe4aac553cec3c82981,77339264ab5550f2b566196c70853eaaf7cf62575ff5c54c96ae7e94e733472d,2024-08-07T19:46:02Z,NEW_ENCOUNTER,,,
batch_001,encounters_epic_north.csv,891,EPIC_NORTH,E7259038,9b1451cbd4ed06080237908d9afb505d9ca1108bdfd3be2be55a2cb338a9a30f,ddc6093fec6fa11d5a4e72bfa36bb911c21952ece71dbe73fad410dddfb6812b,2023-03-27T02:46:30Z,NEW_ENCOUNTER,,,
batch_001,encounters_epic_north.csv,892,EPIC_NORTH,E3500231,8e9e8cd6532fadc46a29ddc26f13806c0e00dd18d8f05bab961828761e4f3d38,43659facf20793c0dbcad647795e8085925d19f908dd527a780493a801af1e5c,2023-03-31T11:20:09Z,NEW_ENCOUNTER,,,
batch_001,encounters_epic_north.csv,893,EPIC_NORTH,E7680660,552188770fde9d5059f5e18a2daf4e9230831b6ed7333c0ed824106efd91cf57,2962c9749a381c4fd35b62e34301aa3859bdf7251924a3432995a0b3c820b36c,2024-05-08T14:44:44Z,NEW_ENCOUNTER,,,
batch_001,encounters_epic_north.csv,894,EPIC_NORTH,E3153477,20998121f8b5160b40ac8489ea988ee01e605c48d1d49f66173d554aa2ca2da3,cbdc2df6623ba2df5584e55eeeb60b692c227eba7738ef5ebed958ec4e4597b2,2024-10-11T01:02:49Z,NEW_ENCOUNTER,,,
batch_001,encounters_epic_north.csv,895,EPIC_NORTH,E9654034,8c72a0142ddad5f937b96f065f4c04d1d9a1ab1c06f876e3587cddf66a63ba36,0b95a375c1a5be6d83ed7ad234d3ec8af9b1540ac6cf8460324f02750f0b3635,2023-10-15T21:46:42Z,NEW_ENCOUNTER,,,
batch_001,encounters_epic_north.csv,896,EPIC_NORTH,E8992404,4718a2be2b5400bd8f12248919c4c83a23b867076517c829d31cbf04a309804b,ae60e688f86da429b8fd4820a621650209abcb670da1f518947895d8ec39fe14,2024-02-24T20:18:20Z,NEW_ENCOUNTER,,,
batch_001,encounters_epic_north.csv,897,EPIC_NORTH,E3547542,356f9eb921d0450a349f025a84f905dfa172ac916e368125c75a4076f8483d8b,6fd98f7bf924f391f4a0305e1446b30c7027d16a4cc83f3f91b6a37300362cf1,2023-08-27T21:28:00Z,NEW_ENCOUNTER,,,
batch_001,encounters_epic_north.csv,898,EPIC_NORTH,E7656900,a240f4938cbdc0536a2c7af87d2dd92ac8170857217b30e4d14c4432ee79de52,de40e9eabce61aaa8aa3efa773307e6d2202809df45d76a6158e5ea547d2a3f0,2023-10-16T05:21:06Z,NEW_ENCOUNTER,,,
batch_001,encounters_epic_north.csv,899,EPIC_NORTH,E5365111,e0d88a67b00a1b6f0b310caf73c557157c8cae6c0c3003a40d1aa6a0b43283ab,4876573fae433b2137868298be5ef96f84597bff41c29a5efe37923d157b5f24,2023-01-28T06:34:54Z,NEW_ENCOUNTER,,,
batch_001,encounters_epic_north.csv,900,EPIC_NORTH,E1936288,d64220d642b2f3e527986f658428546b3c95aee5558f19955f3a089a3197ec5f,04d4621cf64e6b0bb027a6b0d0b70875e0d55fe63276dad611721d5869320907,2024-02-08T18:26:57Z,NEW_ENCOUNTER,,,
batch_001,encounters_epic_north.csv,901,EPIC_NORTH,E9242053,35ce40486e9d0a3e613c94cd5303393e5afb176a79143e34fdf8347b527e0b72,2fa3e1500e1f2147d0656b0252fe5e03fb493ee9b99c18018af30c79d3bcda34,2024-02-21T09:24:12Z,NEW_ENCOUNTER,,,
batch_001,encounters_epic_north.csv,902,EPIC_NORTH,E9668205,d312442d6b72ce88661fedd041c2373d79eaacec6a36268e834ba0be4eb7a9a3,df937d073b96a199fd9eedc079d70ec8bd4017cac309db0c3781f68a626bdc8b,2023-11-11T21:23:56Z,NEW_ENCOUNTER,,,
batch_001,encounters_epic_north.csv,903,EPIC_NORTH,E3844753,0309880c1e0910a1435fa8be276a60fc2ed9efebd195ca0df66e6eaa3f6269ac,a99e6406d270288efbe25ce2a48570bbcde7e046f7e71e2a71340dabc3cf399d,2024-05-28T12:32:24Z,NEW_ENCOUNTER,,,
batch_001,encounters_epic_north.csv,904,EPIC_NORTH,E5285631,e99f54585c0f1f21dec36d6445f0ce057523b918ca37821ee69ab098c1a610e1,8db32a2de2141f418e1a374649455f0399fe80b3cae5f6c7673fdf3f8779bf65,2023-11-15T09:33:01Z,NEW_ENCOUNTER,,,
batch_001,encounters_epic_north.csv,905,EPIC_NORTH,E9309023,627f004436a0c84882c5818d9a86d4e94e4d9068d94616e0dce849cc228aa077,074f48b58f10aed3c2cd90652b22ddaeb174d6684f31f129090bdd98a431c2a4,2023-05-09T19:27:18Z,NEW_ENCOUNTER,,,
batch_001,encounters_epic_north.csv,906,EPIC_NORTH,E8696161,cad4d6c37d632caee2330ef28e0e253eafabdf37c1c23c28a2ce21cbe806e7fe,91eb60d3cd9b566126fc8c56364f19a00a745ba7d41c22da1f9386690b6d86b9,2023-06-19T11:59:52Z,NEW_ENCOUNTER,,,
batch_001,encounters_epic_north.csv,907,EPIC_NORTH,E6988790,b9ebe78e20d15a85f0efe94a78799ec5fff8aa743cf973333cbe326bdef5468e,8b17a5fb3c63ecbc56b3235961286670767c803f461cd17ce72d808230434b6c,2024-05-09T17:14:28Z,NEW_ENCOUNTER,,,
batch_001,encounters_epic_north.csv,908,EPIC_NORTH,E8686798,a7e2fa65485495f8f801490a009fad72389ce33d1f0d77784cf2b71e48915e99,4e9d4852e2100496051ee7b570f69b4cc5ade6249bc624081acfd751a8377922,2024-06-12T18:56:01Z,NEW_ENCOUNTER,,,
batch_001,encounters_epic_north.csv,909,EPIC_NORTH,E5192486,4e7d7124574b5b58db0e924b7a4b64dad896875f147c0b7e64d5c3aeb6e02e85,816b37d44018b75b4d56544c4a68da487fbff1890550225f22e38bd1fa0158ed,2023-05-31T03:12:35Z,NEW_ENCOUNTER,,,
batch_001,encounters_epic_north.csv,910,EPIC_NORTH,E4704538,37fdd93e98641c8efea7e9267b072c3cf7e2663f01ed4da58b7a40987b24fed2,a9bbc6df44315ea6d634beb94f0e747aef035ca00b0306c77c69ff44171e9679,2024-04-19T07:07:22Z,NEW_ENCOUNTER,,,
batch_001,encounters_epic_north.csv,911,EPIC_NORTH,E7786547,d002b9e2eb00a0d31b10066e961c8d4678388f864f649f792972a5071e10ceed,449c35ef50ddbc2451763ccb025d9f279242da0fcdbdbf92de7c918ba0d640b4,2023-10-26T16:19:47Z,NEW_ENCOUNTER,,,
batch_001,encounters_epic_north.csv,912,EPIC_NORTH,E2736565,3b4352891584057f1e161d26f5cd3358a21c3b3d4dfa24b49746d53c4b7f2ea9,f04aa24300cc72f1876a58c661baf266a6521927143889884aa37852e32665b1,2024-08-15T14:37:18Z,NEW_ENCOUNTER,,,
batch_001,encounters_epic_north.csv,913,EPIC_NORTH,E4576420,607eaae0913503f04da9bb15ae8994834bc30826811de9d059b7262aff057830,ea9b597a4d5a279b93b68346cc4ba8a84eeacdf1ab5e7343def5e68366cc9234,2024-07-13T03:54:37Z,NEW_ENCOUNTER,,,
batch_001,encounters_epic_north.csv,914,EPIC_NORTH,E3152844,6a55f5766f70b9493961c2408feaa0c54f92c6381ed841e72ab4aac50a04e656,9d8ef3578bdf86db3bb41590544d6dc46fac37100823a8aebee12aadf0e67b12,2023-12-29T17:49:43Z,NEW_ENCOUNTER,,,
batch_001,encounters_epic_north.csv,915,EPIC_NORTH,E3928651,64b6c14c6c38b8c03956e4732da7b0e82d86c2c0304ec7f5b88833c7ca97761f,ca11cd35fc9d32ba1b548e62ff5982b05d34d1d25eae23c4d08141c3e8bf37d3,2024-01-30T20:04:33Z,NEW_ENCOUNTER,,,
batch_001,encounters_epic_north.csv,916,EPIC_NORTH,E8860096,d19a17032f309e1fbbb4728e7d3bb750e7ee8305fcfabc35cee242b6fbfa4b74,0d1c0c5a4202cd008eb203ef859c59452c2de04e3f56216dda9ac8f33e2ac018,2024-05-19T08:16:16Z,NEW_ENCOUNTER,,,
batch_001,encounters_epic_north.csv,917,EPIC_NORTH,E9032476,f1360f385458ab286c361f007901f7591f86134eed761cb223a6a1ec240cde02,51c6b046f638ac5f803866879a89e242b10c9f61df6b5fc4ece5c446859a649f,2024-07-21T15:33:18Z,NEW_ENCOUNTER,,,
batch_001,encounters_epic_north.csv,918,EPIC_NORTH,E7056322,4ab2c6d73124ad7ba695aef4ac0fd34bb63cbcf03c3830f32a3f3ee7206f3fb2,0a2811c4c8d233e225be8139b286ae8403432ae338abd07565ec5fa744a27a66,2023-03-06T13:13:26Z,NEW_ENCOUNTER,,,
batch_001,encounters_epic_north.csv,919,EPIC_NORTH,E1775234,77e34634888397417d669ad1fdf6981f0c492fb9b8ff0a0dee9329ca6b92f510,8a5055e468c3dde832cd8c61422a06dfda082af465b8c5da0203333ba4eb3e1c,2023-02-20T12:21:40Z,DUPLICATE,DUPLICATE_IN_BATCH,EXACT,
batch_001,encounters_epic_north.csv,920,EPIC_NORTH,E4887653,9d61480a718bf842cb704ae9a070ec0b4417c2fe13827f91c95c4287d5b988e8,ff694c6f272e5bc3e51fc6ed6548e301c2530ee016bd7853d9d4f7bc52f40251,2023-05-13T16:59:38Z,NEW_ENCOUNTER,,,
batch_001,encounters_epic_north.csv,921,EPIC_NORTH,E7969478,79c39e3e9044d0350e78ac65970a2a8afa1d89e8a4687d749a2b2e05eecf8cfd,9b8d9d300bf04865026523479c731a6122f9808d359216694e5be53868cbc380,2024-04-15T08:40:25Z,NEW_ENCOUNTER,,,
batch_001,encounters_epic_north.csv,922,EPIC_NORTH,E8786408,2ea4b5cfb4b46c235310f2e011a32518a10a080c388cbd622b8ef9896094be24,14d5c97fdaeb7ae1c6c1cea82e3af62e29f0f3e07880473afaaf7c3e454cb974,2024-05-31T13:23:54Z,NEW_ENCOUNTER,,,
batch_001,encounters_epic_north.csv,923,EPIC_NORTH,E5857799,6eeb5e21d26166dcdc355814e93df664c11e1bffa03c1cd4e51fc5af1eb28499,608bc1fedca17adfdab21e7d0a4087c182594123e4cd1b2a9007564bb1369c5d,2024-09-02T19:01:01Z,NEW_ENCOUNTER,,,
batch_001,encounters_epic_north.csv,924,EPIC_NORTH,E1648045,558977b32ca55647061d268946c3f248e18d72bd206728ed8c9c16f0510a0c53,eeb87ccfa013293fc8c8944781ca6acc4f5d896863a87f407688f9a5c0145be6,2023-04-23T02:34:59Z,NEW_ENCOUNTER,,,
batch_001,encounters_epic_north.csv,925,EPIC_NORTH,E2140064,7c54897295ef12b7039259367c38473ab9bd9ad705e5d4aafc89de56967b0af3,5969bb245d43f52f1826013803ff08532f3a3837c75e3ff89d302b6ad0d7e8f8,2023-06-30T14:56:05Z,NEW_ENCOUNTER,,,
batch_001,encounters_epic_north.csv,926,EPIC_NORTH,E1324465,014781e06c1343cd01f50195450fad87ee3c55cf5b00340776ff09190abcefa4,b58c805863e706167ceb546010b61dd3d491ceca937b1b07b9eaa4493f46a299,2024-11-08T06:20:10Z,NEW_ENCOUNTER,,,
batch_001,encounters_epic_north.csv,927,EPIC_NORTH,E2888375,5084fa6ed0b0793de3018ebccac7a478dace1d0bf6cc2fb4a82c2b9053f2b496,bcbaf7121a34f709a1da1a1d5c495d0939051ef7a518c6c7f0ee78e4a9104428,2024-01-08T11:43:08Z,NEW_ENCOUNTER,,,
batch_001,encounters_epic_north.csv,928,EPIC_NORTH,E1663250,1e10cfdfb3631e61f1b4b84b65f145c388ea89528215c022ce2733155a844bdf,d1a6e7686111da5e59a31e52c679e75c9d98c4a8abe7804527facb27811d481f,2024-10-11T05:44:37Z,NEW_ENCOUNTER,,,
batch_001,encounters_epic_north.csv,929,EPIC_NORTH,E3716170,b41e09b5c8bf1f0f8e074bc9d26f6670fb7838bc5b4f1f20ee57561252f9839e,71a69155d611db4368df2fb7d23fa2823e03932ce32d77dd44f0677c3e432514,2024-04-10T04:33:52Z,NEW_ENCOUNTER,,,
batch_001,encounters_epic_north.csv,930,EPIC_NORTH,E8552691,6efa14b617c9d1c283804f20e62384a74c55dd222d371b3fa0456ae5ae3455ae,611e06677f2876800342f2ba035d356360ae2255437d9df7be59e725df6b6b79,2024-07-14T09:21:43Z,NEW_ENCOUNTER,,,
batch_001,encounters_epic_north.csv,931,EPIC_NORTH,E7124689,1fba790f5f20ff75398d82e7ea99eec6e2d79df41542cc8b58570f95634b592c,c4c08539d4f32859f529d470ea027688a39d688b3f6ea66dbe4b11ac6c4fdf33,2024-08-12T15:08:29Z,NEW_ENCOUNTER,,,
batch_001,encounters_epic_north.csv,932,EPIC_NORTH,E4807211,61674d751714e8f67c6f3089159b580746570ef426eee777edca46aff97f1b80,0438f2eb7c710895307d187498cbcb128f2d8b8b7e86490f734585830c530e75,2023-12-13T05:46:01Z,NEW_ENCOUNTER,,,
batch_001,encounters_epic_north.csv,933,EPIC_NORTH,E1319354,ad61ad4598de29d5fc933338ee1b727ba304897da8540056fbca229a5ae9762f,41ffd21ca3506473857a6eff03c3652eb285b477e1d47c68c2a0a804faccef25,2023-05-24T21:22:04Z,DUPLICATE,DUPLICATE_IN_BATCH,EXACT,
batch_001,encounters_epic_north.csv,934,EPIC_NORTH,E3638391,5ef302654c93be2616a1e7a8f72ac4de3c12055b0d0a468fe24c2a15f1afc220,73cbfbfabd8ecb9e4de3a6133b620b8eb1ea3d2c09711fa0340849b243ba8367,2024-06-17T09:14:10Z,NEW_ENCOUNTER,,,
batch_001,encounters_epic_north.csv,935,EPIC_NORTH,E7542508,6df8e301e70bf1bd0b5e5492dfb9272db9f0623a8cc31ec51ca82903e7efd7d5,b46365bc0811f4200c83f474ee74e64e237b863f249646642f8ba538cf1eaf96,2024-02-24T00:28:30Z,NEW_ENCOUNTER,,,
batch_001,encounters_epic_north.csv,936,EPIC_NORTH,E2687167,bbf00da15f29b32af336d88119db8bda60982218498ab8f38f49bf3acd2edd9c,1938a228195cd24b10054e2f79fc68ee96da9561d20dc313a12052b008d8602f,2024-08-08T12:18:23Z,NEW_ENCOUNTER,,,
batch_001,encounters_epic_north.csv,937,EPIC_NORTH,E6090288,3639ea698f9bdcc8f72f5f5080cc01fd6b9e2a75f8c73a088f9429748cccb1bc,921e2c0fba3dfb554c4a69b05a3684d1b74c6c0866715f1f2e7e8d7b8b2a3ebf,2024-03-04T18:27:55Z,NEW_ENCOUNTER,,,
batch_001,encounters_epic_north.csv,938,EPIC_NORTH,E1460219,dbd69f7e6ac67185cdd4999e769852e1f6d1ec5370953ca1b5ce771546c0b4fd,ec6f2e333fbe4f29a9fc7cf7e63ad8347bd5603cf333a999f5f5300d7cdf312b,2023-02-19T12:07:09Z,NEW_ENCOUNTER,,,
batch_001,encounters_epic_north.csv,939,EPIC_NORTH,E7583649,cbb44aefaa98f565df4b0b1ab075457ad30159887684754ecc0c561fcf029e05,c84bb030899840abc0280688c8bc10630f90c6ec5b145a942e7f5059be117a74,2023-09-12T16:18:39Z,NEW_ENCOUNTER,,,
batch_001,encounters_epic_north.csv,940,EPIC_NORTH,E6624627,510fd4940d6f088ccd8915d009b81a64a2fabef1359d0fb5379085e931ebc617,7dd9047d742e7fc8f66b6596db0dee3f33a60d39ea2203cbfc92ab48e7345e35,2024-06-11T16:31:21Z,NEW_ENCOUNTER,,,
batch_001,encounters_epic_north.csv,941,EPIC_NORTH,E8143766,ff2abd26107120ad6f7bb0fe91494df3873fe6b88d79474f5c9ca4128057516c,f871e113c2c62239c463d58d995a3df904cdf9386e5f567671a485bb0f0e576a,2023-03-03T14:00:43Z,NEW_ENCOUNTER,,,
batch_001,encounters_epic_north.csv,942,EPIC_NORTH,E8207432,84919dec54860d66eff370d321386c7b9d6bae8126d2f70240b20da4a7a2235c,bab06fd582dfe9a34111b14431b8000b883965c82a9e34645f6df85f35c1095c,2023-01-24T07:16:29Z,NEW_ENCOUNTER,,,
batch_001,encounters_epic_north.csv,943,EPIC_NORTH,E2728594,b1d0d6b9cf6c825e6cbc9553005750ebfb8db482a0075f1613c98c4af58c5e6b,f04f414e3891bfb4a0901c411da39b2627643c89aed37eec74f1c24eb856df92,2023-08-10T06:05:39Z,NEW_ENCOUNTER,,,
batch_001,encounters_epic_north.csv,944,EPIC_NORTH,E8430543,1f01f93fd63b5964d13a34501c4dc8cc70ff553ae9c3e88cd343342df13f7e78,980df4e52692ccf71ae3e6595fd203519fe3c98a70162753b54515f29537ecfc,2024-07-23T09:48:19Z,NEW_ENCOUNTER,,,
batch_001,encounters_epic_north.csv,945,EPIC_NORTH,E9004029,b30169b97002d0e9b9916a8a68bc1e0c99acadf8153b70b3a1a9941f30af0e9f,1d5aa9ae37bbc772f51b9b1a5888c6fe943576bcce7965092a546b53d678ef3b,2024-07-31T12:07:42Z,NEW_ENCOUNTER,,,
batch_001,encounters_epic_north.csv,946,EPIC_NORTH,E5092919,c67b44f1d2d10e709a7bacabe004e492395c880cea9f13ede9625e8884174d8f,e5083d8f3a766d4c5b27a16a733082c36dc24228e7d07b1688ba012dde5649f4,2023-06-11T07:36:04Z,NEW_ENCOUNTER,,,
batch_001,encounters_epic_north.csv,947,EPIC_NORTH,E1878965,9824c6212569230e6df1c117dafb30959385b8d81e4d24b9c4554dd7edd08731,0804cdc12be4b233f56d7034b3bdb9c478f092761649ea53e4968d70dca4a0ec,2024-02-07T13:32:50Z,NEW_ENCOUNTER,,,
batch_001,encounters_epic_north.csv,948,EPIC_NORTH,E7303586,f7e94a4c3c80626b19d8670cab91bc65de1f17d0525f6aa20646b33def86d86f,79d07f9cc6c62970110e65ab56f47313978207f72b42a0ddc757ccb126d55343,2024-02-21T21:04:57Z,NEW_ENCOUNTER,,,
batch_001,encounters_epic_north.csv,949,EPIC_NORTH,E4119712,f764979bfc3a8aeec6b5b26efb301d7f6b59059b5eb8de9a8d92e802b4da24fa,92fb20089d88ef6d1d6672704182c12a1eccf178c2bcd8ff3d7985a163275bb0,2024-12-02T06:50:28Z,DUPLICATE,DUPLICATE_IN_BATCH,EXACT,
batch_001,encounters_epic_north.csv,950,EPIC_NORTH,E8882161,d9bd59e08cf25c51cdd92438d43828bc0f8919f0b70d92812c4af084f98ed27f,36a425804df3b1df801f5c7a038f783eaad59fd8a8890f87b6761c0406eca61a,2024-11-06T06:31:05Z,NEW_ENCOUNTER,,,
batch_001,encounters_epic_north.csv,951,EPIC_NORTH,E6487961,9814d02900f5e18c70d1d4d1582aba64bdadf590d7dc10988dba741ab35a8290,bf93df76290413c49802030053201cf691e8d7b7e735c540dcda2789110cb956,2023-12-16T22:35:11Z,NEW_ENCOUNTER,,,
batch_001,encounters_epic_north.csv,952,EPIC_NORTH,E8972045,12c605ad0a1afe5f0e193f07068e5ed3ad933486ba95f26aed392be57dc694eb,ad46f452ef815eed08608c6a77e4423a994b423b974a4ed04348dabf41af3f27,2023-10-15T08:16:44Z,NEW_ENCOUNTER,,,
batch_001,encounters_epic_north.csv,953,EPIC_NORTH,E2457624,6ecd4959a051a5ddaf369d2a94f99f02f4d9d0e74d183a79214d285f094ac960,1b943f1aafa2f4271e979cecd7157878370b2147f78bdf98e15f08ebbc82bbb4,2023-06-18T21:20:36Z,NEW_ENCOUNTER,,,
batch_001,encounters_epic_north.csv,954,EPIC_NORTH,E3381381,5e24a026acfe3eb95167035a8e8092120449fb697bb41e7745a931fdba93ea1c,4ad16d446d66957d43ea1d5a55df582a383cda771e686672924332b266711116,2023-09-29T10:28:02Z,NEW_ENCOUNTER,,,
batch_001,encounters_epic_north.csv,955,EPIC_NORTH,E4600918,46a6c25abb83ca235ffb5441faaf304a61924b516b7f1e7c4bc2c2b15fdc5399,77223cf0b0a96f6cd9f68ced0c4fc74687143fe5094a2b99006711c6b962bb53,2023-09-21T23:28:24Z,NEW_ENCOUNTER,,,
batch_001,encounters_epic_north.csv,956,EPIC_NORTH,E6729035,d8411fc99832f5c9d81effd419ec04f9f3da7644fa862da39150f4b269d0a513,75c7fe80faf51c73ba2e424f037cbec0ed2dd5f47747d35a52d080a5b9015d02,2023-05-01T12:54:24Z,NEW_ENCOUNTER,,,
batch_001,encounters_epic_north.csv,957,EPIC_NORTH,E1641480,979799077c32f00fdb78e49d38f215e51aec012754971583eed9123fec550680,5e8adb91d6c9a8861c9761f1fd44c3ee0a46ff65840be659013f7b3a7c4624a1,2023-12-27T09:47:48Z,NEW_ENCOUNTER,,,
batch_001,encounters_epic_north.csv,958,EPIC_NORTH,E9888787,8770342db6a63e469169a6cd4068ba5c846a1a44bc52e44531d0a57176522f59,76245fa6e925794f819f800a17a151d6a08ebe52e309d4b1d96c3d0ca041541c,2023-10-06T16:26:56Z,NEW_ENCOUNTER,,,
batch_001,encounters_epic_north.csv,959,EPIC_NORTH,E1748285,52cd03a4fe5cc9c281276e7bbde2262af191d51ce004ff221c7d45b528bb6347,21a055b1a3ab9810be57447f07cd6b7adad03d3a2501f07bba5b00e699809e7d,2023-05-11T14:29:59Z,NEW_ENCOUNTER,,,
batch_001,encounters_epic_north.csv,960,EPIC_NORTH,E9129037,482191373424acf6e8e4076ff3c0a627ff1bff8063f71b565b955eb0d46ed436,b246f46e7b490a35132dd7126b858a8cdfa7bc19d417c9ec279216b3e31082c8,2024-02-25T21:35:55Z,NEW_ENCOUNTER,,,
batch_001,encounters_epic_north.csv,961,EPIC_NORTH,E3475815,eab622dd69f2f17c312ff004669d1821bb39a0b25f7e04ec37e65a70a48291cc,8a162aa1dce69ef863cc04f2f2b919c5d29046840c2accb353ada24eabf672f6,2024-08-17T01:07:30Z,NEW_ENCOUNTER,,,
batch_001,encounters_epic_north.csv,962,EPIC_NORTH,E1799789,700d7db58cfe40b9310854d1403aad0ea04c62cfa6f2491269ea3321bc3dce09,c3ca7cc01e77b5b6715165577725e6afdf48b2332c9cc9d0f0f0e8cebce334a9,2024-07-18T12:04:51Z,NEW_ENCOUNTER,,,
batch_001,encounters_epic_north.csv,963,EPIC_NORTH,E8046303,6318ee320c1c0a025dedb2018e3853bbc7890b4ce323e6c5632ac62e36acf611,b1873d416920fdcf4eb3dbc1652eb582ee527de63265211eda684b2c3b05c06a,2023-04-16T18:51:22Z,DUPLICATE,DUPLICATE_IN_BATCH,EXACT,
batch_001,encounters_epic_north.csv,964,EPIC_NORTH,E3866173,2dc6fe21945bbeab0b16c028310134fe28b9320798e1ac10a6e95f429a20eb5b,aa397e16b09c80529aeaab9156e6b5d91af6a6d72dc824a44bf5312cd2231a84,2024-08-18T02:44:18Z,NEW_ENCOUNTER,,,
batch_001,encounters_epic_north.csv,965,EPIC_NORTH,E4276885,e9bf14192c000f6a12580c61ab3545e281d9a44b1726f8d3607de7bc206a4a62,d95aa09e3b7db1cdb3624ccbe7b8d0dcf28a92f6ed40ac57cbb51aa86e1b4299,2024-06-03T21:14:28Z,NEW_ENCOUNTER,,,
batch_001,encounters_epic_north.csv,966,EPIC_NORTH,E7263890,caf32fe7a774ce85f27fbd83c9bc1dca43bc97f61b1bf770dec054c7095018e8,60c86dbf599f15510099654c05230f12088fcde6c6f5a463a00a9dfd026ca6e4,2024-11-07T05:23:49Z,NEW_ENCOUNTER,,,
batch_001,encounters_epic_north.csv,967,EPIC_NORTH,E3048583,ed56e7cf7c85acd0973ef4608e4f6fae3a8d5df05daaeaeec2e532c2ca337b85,4c7206cd8e9ad5c2681c2fb372f1bb56917b83baab1171c94a1e67adf6fcc90b,2024-01-31T23:29:49Z,NEW_ENCOUNTER,,,
batch_001,encounters_epic_north.csv,968,EPIC_NORTH,E2516948,43d52eeac818a0637f92d1c7c04360720bf5bdc797df007a1576a9e1dcebcde2,b5d41552c1907ac96266fcdb6a50fd49e60238658bc4f006c47c0fbfa87e217b,2023-03-28T20:25:06Z,NEW_ENCOUNTER,,,
batch_001,encounters_epic_north.csv,969,EPIC_NORTH,E9279918,22ea60b8d46a3ee52b0cd4b16553704783c8df827c3e53e771f68699a8606aa7,d530de9ecd87e64623bfddfba19bab0381b12cfba5d038b887d9b3ceb79c1577,2023-06-08T12:26:46Z,NEW_ENCOUNTER,,,
batch_001,encounters_epic_north.csv,970,EPIC_NORTH,E7186379,f82944a8fc646bac25c2b143d682c5a4213a710c41c1e21aaf11a43fc562fb45,169f952f6662934b92fe2680e71f5c567fe1c8f543df07b504da4c55d0a9d26e,2023-04-06T23:32:03Z,NEW_ENCOUNTER,,,
batch_001,encounters_epic_north.csv,971,EPIC_NORTH,E3529572,3f246eda586460dd98f444ac4f3ead804088065cf78d374c858268c591613c20,fe156a0245bf2af21e027848dee24e6688df693d4f9298cc5dc7a09a3b1408ed,2024-07-11T23:58:16Z,NEW_ENCOUNTER,,,
batch_001,encounters_epic_north.csv,972,EPIC_NORTH,E8098473,dc4cb2660483f30a82f7d8ac68edb41312bdde131026ad0d1f3c7c48d549dc02,36cc1f8702014bb5e414fc73eb545d706bcfd18fa621fced5e8b6ecb523da82f,2023-09-15T08:06:12Z,NEW_ENCOUNTER,,,
batch_001,encounters_epic_north.csv,973,EPIC_NORTH,E4426799,c66aea3020c223e5cbf486d70314dce9aa53a9f9a6abb85cc1a2b836e0ad4bef,64d4b3ced5cf6bd3f98e6ca043ed0f9009860ad2514829a97fbb7f1c4c83c45b,2024-01-27T06:13:26Z,NEW_ENCOUNTER,,,
batch_001,encounters_epic_north.csv,974,EPIC_NORTH,E8420126,bcd1ff99c002488abadc15adeb8c89e3dc6591aeb4d9506fbebe081aae5c6d20,ee0246d308aadc9fb99b410a3ad8d0316ae841023e3497d0e3ea7b7dea25a560,2023-07-24T10:48:37Z,NEW_ENCOUNTER,,,
batch_001,encounters_epic_north.csv,975,EPIC_NORTH,E6974940,0669e236dc620ebc784334230da8879975bee4bf6c98150495c5e7f9a3c53b71,827976c4ce5370e18462ffbab67b945067978797a49b1165ccc9ed618818a45d,2023-09-29T21:55:05Z,NEW_ENCOUNTER,,,
batch_001,encounters_epic_north.csv,976,EPIC_NORTH,E1731840,b70d3584dd4f57331319f95b1cb7b75f595cc85d3781e4a9ecd6af9b7741d623,7df98a039e92bf330245c0662e69a416ac56157ab556f71b082f8548e355c324,2024-03-03T09:45:34Z,NEW_ENCOUNTER,,,
batch_001,encounters_epic_north.csv,977,EPIC_NORTH,E4463664,4e4e70bccfce10941eb6dc9b5f734986171a218b1637b3443e5dbe420880fc6e,1eefa5cdbddc648c267f16d64ef11982ba5899fb00961b94525ccb7b43366e44,2024-09-27T18:00:53Z,NEW_ENCOUNTER,,,
batch_001,encounters_epic_north.csv,978,EPIC_NORTH,E3472931,6bdd07a563b382fc0fb388b38e0713b73619e0e174c0917b6489c6032540015c,34f8a6334267d84e7497a93e195f3da272df2bb83f595e11e0663166d1919d22,2023-05-23T20:54:54Z,NEW_ENCOUNTER,,,
batch_001,encounters_epic_north.csv,979,EPIC_NORTH,E5095238,fbead949a193aaa56bedf10261d36f13711b7226f3ab23d079660d7d26032259,14191f20492478072ceb31ecb9af89c9c7c4e9975a56b013d491383e073c643d,2023-07-05T05:56:12Z,NEW_ENCOUNTER,,,
batch_001,encounters_epic_north.csv,980,EPIC_NORTH,E8234651,c014933604c713851d8d196a8b9904d5a01d5826b017ba9c5a27b07416d2eeeb,16362488733c5f421f6ed4b9fde0b911ffaddb0e43bfecc69b0b02c66edb96e6,2024-11-16T11:40:31Z,NEW_ENCOUNTER,,,
batch_001,encounters_epic_north.csv,981,EPIC_NORTH,E2541210,e0e0b4e230d2876f5a64d04029a20c32760ebdd7aaa1275f44cf0c0125be58d5,2e477efeed10a7c7c530a589f208e0d19a72833c5d2a7d1d70d0ecebfbb7e2a5,2024-03-31T08:08:23Z,NEW_ENCOUNTER,,,
batch_001,encounters_epic_north.csv,982,EPIC_NORTH,E4532815,e64b805eb17961a2c16ac5de78d51680ee1a4ce27a6fa06765484d9c16e45e59,23258f0182190e9c0ad0426886f9c0b70204a7b426f9c7259fb65811dd387bf9,2023-09-25T14:23:09Z,NEW_ENCOUNTER,,,
batch_001,encounters_epic_north.csv,983,EPIC_NORTH,E1035123,6521924cab3fa315fd8d3faa906f397cd38e6d6bee078acfea7570d35133c40e,40977d4037317fce954adbd3547a49e239a77a71649161f8d4573c34b546f938,2024-08-03T08:47:00Z,NEW_ENCOUNTER,,,
batch_001,encounters_epic_north.csv,984,EPIC_NORTH,E5974131,ce7e757cdace1d67d701910bcdf778652aa03a8eea9763eafe7de1878f410ec8,6c4a28b66563289e750151ca15a5864190685403a37fed2f43764f4b577ecabd,2023-11-29T01:55:13Z,NEW_ENCOUNTER,,,
batch_001,encounters_epic_north.csv,985,EPIC_NORTH,E5230981,699a0e5e6bc660fbf0d46927f54abcd21d316b0d9639463bcba41093c6f8524a,6671d019afa95827eb155f098ba1e23ee33d8fd171e78a81e5f9c0cfa74cf6f7,2023-05-11T10:48:13Z,NEW_ENCOUNTER,,,
batch_001,encounters_epic_north.csv,986,EPIC_NORTH,E9934938,5d59c0acb6628775734c4fff811a14a73762de983d2172ce6122a40ba93f0cfb,6230fd7fdc3bae0f621da7a84239f119bc8ff18e885a0f3bfe4fc3d70334de19,2023-02-01T08:42:14Z,NEW_ENCOUNTER,,,
batch_001,encounters_epic_north.csv,987,EPIC_NORTH,E4858644,8c811c4c6c00377aecef75b72ce7d75fdf67f11f25e5b995cb0a251f83d81b06,062b1e0d5e148cfaf1613209fa44a997968a28af90c535f30aa08997c2d3a909,2023-01-06T03:12:20Z,NEW_ENCOUNTER,,,
batch_001,encounters_epic_north.csv,988,EPIC_NORTH,E4885588,3c41566a85b085696667de41869030953f5219181a3e5c36a29dacb313ecf2cc,a738d8ba8aee6169ec7bf9d44fcaea1fe6fdcc97d76214595d77494691ce0555,2024-06-19T01:16:11Z,NEW_ENCOUNTER,,,
batch_001,encounters_epic_north.csv,989,EPIC_NORTH,E1221987,fcf1cc48ceb113cffd5f2682574f935e0fd3a7eb2d2bbc841aaa0d8782b364cd,3f37cfb4a31024eaf1dff0c834d06252c0c8be4f2b130322fc38daed6b011908,2023-07-25T03:29:19Z,NEW_ENCOUNTER,,,
batch_001,encounters_epic_north.csv,990,EPIC_NORTH,E5565448,4a11455d70d5ae94ec07ea87ba4cad85a755484006b0331b589c16caff68172c,f6ccbc5e43f8b550bdd5f5de78c068864d18312b21f170d348455a1551638d6c,2023-03-11T11:10:02Z,NEW_ENCOUNTER,,,
batch_001,encounters_epic_north.csv,991,EPIC_NORTH,E1021828,cd0d65dddfbfb846ea789336bed4062d31b58e2451a8711abb2602896b529f78,87064272db524423e869a253969bfcd23076f685f67f40c483323c598bea3a7f,2023-09-02T22:15:03Z,NEW_ENCOUNTER,,,
batch_001,encounters_epic_north.csv,992,EPIC_NORTH,E6923558,f8f87ed6a7ab7bbd0da80860bebadc4bd7fe06bd47d8781f37e3ffe45aa2caa1,6ee9bcca9a104b8e614f56757a5b6a08fd1eceec23b99ef8b24dd8532988c939,2024-05-28T08:42:37Z,NEW_ENCOUNTER,,,
batch_001,encounters_epic_north.csv,993,EPIC_NORTH,E1615698,81a8dbfcc2e22d5b8e64164fabf9a732f87d7a68c6c0d677a850494338647898,6e6d46525a4a62b6bd5108ccce1cf28e1002d6cbd583b8b04069ff2262417139,2023-08-26T09:18:19Z,NEW_ENCOUNTER,,,
batch_001,encounters_epic_north.csv,994,EPIC_NORTH,E6154902,87d24353711590c91d3581b8b6e1242962af6eac1007d8d3d1c4c304c208d63d,5034ae4c819c7343edb8181c51e783e6ef3ee3bad7e6406a9a88cf9ffe846d4e,2024-04-04T03:37:23Z,NEW_ENCOUNTER,,,
batch_001,encounters_epic_north.csv,995,EPIC_NORTH,E3319700,387872f1e42ef47660a779d323f1c05e32922a1686344039b1f009d55a0bcb13,6db45b29ee8e321ab5b3faaf897d26494723d03038580d4a3e60afc17b5c1681,2024-11-04T00:39:01Z,NEW_ENCOUNTER,,,
batch_001,encounters_epic_north.csv,996,EPIC_NORTH,E3386106,8966249d1b19a35574168ddbbfd34e406ed2fe41132cc0b54d977ff1c56d627b,361dd8274da27b64c18823a64f123c70a0b4df6a6fa66f837e46ae085607dd64,2023-12-31T17:31:47Z,NEW_ENCOUNTER,,,
batch_001,encounters_epic_north.csv,997,EPIC_NORTH,E6652305,fc862b81f1a691058d167cc680d7f1fb804b81e741b81fb870f2c7ddf7eca9a7,e01816b6f25a29102ba6189103146678d26ca734b2c1d41d483d47641416dd06,2024-02-25T06:34:52Z,NEW_ENCOUNTER,,,
batch_001,encounters_epic_north.csv,998,EPIC_NORTH,E2597662,ac33230ccc8b2dfd5931d24a28db12a56d9da28c4a0e4d62707466eaee709b21,88daaef669d114dcb108d5422744f7c353d8fff166548c720d11df93a342552f,2023-08-06T00:13:22Z,NEW_ENCOUNTER,,,
batch_001,encounters_epic_north.csv,999,EPIC_NORTH,E3145629,53596e83575c4d0d1831d90f632556f470bf99f38671c6f5569c321bbbbd45b9,b771ac368668e08585a2c07205ad17a1d5df940b3c917fa432aaa299b25a78e1,2024-03-09T09:28:59Z,NEW_ENCOUNTER,,,
batch_001,encounters_epic_north.csv,1000,EPIC_NORTH,E2546395,26544e80b630edeef4949ccbeb2903c43dc9c7766837c00f2ffc1f54b0595a3f,282d53af131b06d920fa003c679a06bfb3f46255173e06f133b0858b5c14a38f,2024-05-26T17:52:13Z,NEW_ENCOUNTER,,,
batch_001,encounters_epic_north.csv,1001,EPIC_NORTH,E3547542,356f9eb921d0450a349f025a84f905dfa172ac916e368125c75a4076f8483d8b,6fd98f7bf924f391f4a0305e1446b30c7027d16a4cc83f3f91b6a37300362cf1,2023-08-27T21:28:00Z,DUPLICATE,DUPLICATE_IN_BATCH,EXACT,
batch_001,encounters_epic_north.csv,1002,EPIC_NORTH,E6482759,285fec21fdafea996d83dfec97c07256e0aad545aaccf61186e813adfee1ff16,10a70f9b16dfea80718a2f56ac753e22fcdaf7a305b6cd5460fb884ad1028263,2023-07-24T12:17:38Z,NEW_ENCOUNTER,,,
batch_001,encounters_epic_north.csv,1003,EPIC_NORTH,E9995734,944afe6201b3a34f2cab8de5738729f69392e6d05550987045a5d8a997d3cde7,581c4c55285abd146565e16490ee4d38a3ec64ba3bd1478e848d8c89d1fd10f6,2023-05-15T19:17:38Z,NEW_ENCOUNTER,,,
batch_001,encounters_epic_north.csv,1004,EPIC_NORTH,E1332775,2fcd084bfe1e0f1f94b2be5f44db6e61738c081ad163f5f24014260dad740aa3,7b9167057fa824824102e2a2f0c981023cb8d6726f4c11b3f0861e0831673fcc,2024-05-04T19:24:59Z,NEW_ENCOUNTER,,,
batch_001,encounters_epic_north.csv,1005,EPIC_NORTH,E1953927,140833e06345447c0ccc759afed965ae2fb2699695ed5cc071e57dbcbb60d3fd,888a22de07e62c6eb3ce6e024b31d5b27e84f8d6ec1e441ed9202a248e590c73,2023-06-05T10:20:32Z,NEW_ENCOUNTER,,,
batch_001,encounters_epic_north.csv,1006,EPIC_NORTH,E2109143,b04e26a9f2d4a85953693da7c212c351a364d7554a7cfd3e3a98db4cc2bc065f,f6d43ae3471d76ac560e8469471a1033bcefbf678ba7622a721fdb801037b740,2023-07-17T21:52:56Z,NEW_ENCOUNTER,,,
batch_001,encounters_epic_north.csv,1007,EPIC_NORTH,E1357389,5bf8770b636b073d8dfba31133eec269379cbd49655abb1cccec5ff77af2e6dd,83c41f023b7ea3982fba808be57e400b12b7c437c6471bf9671a5da1e88bbad6,2023-09-18T21:49:39Z,NEW_ENCOUNTER,,,
batch_001,encounters_epic_north.csv,1008,EPIC_NORTH,E6108066,698b9492ebfb851f9e3b9a2d7c1745017ff05b1d4048a3b86ce4b69bc893de3d,7c04607d90635fe27e73df7315a34fd220b954aa5c6427e199209713d15b15c7,2024-09-16T23:16:13Z,NEW_ENCOUNTER,,,
batch_001,encounters_epic_north.csv,1009,EPIC_NORTH,E9641111,df57eba1b3918d2d78af89f27307e8b810c717392c8fe13ba341c340c3a143c7,1ffe33cdcab202c2d1049d60a1cb9fd54e89035a147b08087789d23c0ec9482c,2024-10-15T10:43:08Z,DUPLICATE,DUPLICATE_IN_BATCH,EXACT,
batch_001,encounters_epic_north.csv,1010,EPIC_NORTH,E3790803,6d602f1d85379da15c26f33b2ae15883169853f56b27e1e66af0a924c4912995,e8652a6c998aabcde4cdcd9af838c9c3cb5a998e0fcbcf18b3e5e6d61f686438,2024-10-03T19:35:07Z,NEW_ENCOUNTER,,,
batch_001,encounters_epic_north.csv,1011,EPIC_NORTH,E6487009,7ac18f6871d6f0b43fdcbac10bf687aa531c1541854b058edb1270c9fe072dc4,0919ea4cd80013ccd413d8ebce79846d12da7500479b76d4303f60d1d323c2e9,2023-08-12T12:14:43Z,NEW_ENCOUNTER,,,
batch_001,encounters_epic_north.csv,1012,EPIC_NORTH,E1704593,5fdfcc8f8a20f8a67ec1f77ca7cd71cb15d641ea59a43c4f867713f3da6b3805,6f8637dc4f166cace3bed286221ba72ecbfc0ac250c7efc292db087b0a93afc5,2024-10-14T08:58:28Z,NEW_ENCOUNTER,,,
batch_001,encounters_epic_north.csv,1013,EPIC_NORTH,E9614736,bb52b12ce34020d385c1c7f2effaeb33897998ba45a0db3347c0877da8c830a8,3877941b508b2f8ac166b0297d958562e98b2f574fa1f5bb70b6221cbc511279,2024-06-15T12:57:08Z,NEW_ENCOUNTER,,,
batch_001,encounters_epic_north.csv,1014,EPIC_NORTH,E2648133,0503d62edfcadf4d11128540aa4bdfd1d833c4afe562ddcba9eb0c1afd883386,5642a22e79da3bfbfbe05142114318134e46d136e108892d9d5641c71ddecd5a,2023-09-29T08:34:24Z,NEW_ENCOUNTER,,,
batch_001,encounters_epic_north.csv,1015,EPIC_NORTH,E5725508,622f1512ea5a395f14ed4342b6a71702f50898b577021b5d1dad7cf5ac65fb9f,051b5726b83980dd03e188001dd26c498ad7df6afb865a0b9d28aa1e17e393bc,2024-12-22T23:11:58Z,NEW_ENCOUNTER,,,
batch_001,encounters_epic_north.csv,1016,EPIC_NORTH,E2454407,6a6038a9a35757e1aa82c1729a07c104dca970d4e19f95c5ff9015b5e61d064b,c961dcda644dff668795ce90b96ca0302b08cf6cdce9a6536d37548e14c9ea01,2024-03-23T21:56:51Z,NEW_ENCOUNTER,,,
batch_001,encounters_epic_north.csv,1017,EPIC_NORTH,E2809683,18c43a613dce74eee2395217aab653cee05f6a189ca9a657ccf55320408f40d4,c7a13b0ca855c2f5369886ab435d322f15a91baac9a6bfaaa2047d5d4658808a,2024-10-30T02:39:41Z,NEW_ENCOUNTER,,,
batch_001,encounters_epic_north.csv,1018,EPIC_NORTH,E8800160,96dee9174132e6f449c9cbf113dda0e4486e31cb4d104aa9cdb0d8690e28d716,3d833c8eebda65dcaf571efe0ebcfcfb6d5572e77a86a53f2fc554cf128bddeb,2023-08-17T23:36:39Z,NEW_ENCOUNTER,,,
batch_001,encounters_epic_north.csv,1019,EPIC_NORTH,E1794959,f55df6de2eceb3c253ae910b055c97864ee416059973e8702a5302b4f55de81c,94b5cc1948e5b605c7d11386ae22597891ae0efc68d9e0245d3afbae9ed6d0c9,2024-07-27T05:04:20Z,NEW_ENCOUNTER,,,
batch_001,encounters_epic_north.csv,1020,EPIC_NORTH,E3561512,f2606cfe06db3b7da4f301c22ff7031bf787a6fbe3cd9b6599ce149420a0f0c6,78b2a30687eada52c4217e0519af6b0faecfcbfa5a07f106e1bd31b325aa6560,2024-09-22T07:49:09Z,NEW_ENCOUNTER,,,
batch_001,encounters_epic_north.csv,1021,EPIC_NORTH,E1239708,c49db74e074f925fe9d5c0064af747d7f393db669c97648f79134f07036f06bb,ca590f7bd16df964c2337d6f3cc6afe05166444b99f12a9aa1ee9a1c6571b66a,2024-07-21T14:39:23Z,NEW_ENCOUNTER,,,
batch_001,encounters_epic_north.csv,1022,EPIC_NORTH,E7459237,f50dfb081fe5b8125ccf6dd4fac54d733906c7a2a2d9a5bdf9f6409fbd57baa9,5a7e9578fb359c0aa279d26bc91fa1c24cc486b0d403639b0fe6c7c56a6367a2,2024-05-08T11:30:33Z,NEW_ENCOUNTER,,,
batch_001,encounters_epic_north.csv,1023,EPIC_NORTH,E5528842,bd75b8ad0a015164d503edc6660c7c2dda837fe266eb92a2aac43aea5a8f4c00,b051946877d68da6208148e93abb0f9bd079374529ccb6ae7c4f29494823d1a0,2024-06-22T15:10:34Z,NEW_ENCOUNTER,,,
batch_001,encounters_epic_north.csv,1024,EPIC_NORTH,E5510006,09c64250ac5646390a69467c7478659b8186b7bee5fef940c00da451d0037857,b8683f1e27b920280a113cefa8c0105f9edfd2b9798c86e99d51801215e4774d,2023-05-27T05:49:08Z,NEW_ENCOUNTER,,,
batch_001,encounters_epic_north.csv,1025,EPIC_NORTH,E5287058,8dd3006e0b2f2fa74aee975f14fe02bbaafe47fb82edfefcc97da0f140d1653f,a2cb221c41071c9c6157e395d868c034617ac7b0c9f76239117e152118ca94c0,2024-01-18T17:22:25Z,NEW_ENCOUNTER,,,
batch_001,encounters_epic_north.csv,1026,EPIC_NORTH,E6325068,996f2804e06b083b212e8c6650b5210b9ae15030c5d4f66ea63ff9ca89fbf7cc,ccf63ff8acfebc92956624ddedca983ed967f28b8737d9ebc513efbeab303b92,2024-10-12T12:32:58Z,NEW_ENCOUNTER,,,
batch_001,encounters_epic_north.csv,1027,EPIC_NORTH,E8635156,f5014f61591d12b9e71995e25cb89b231f3a14b726503d0f11bb79058df2f32e,426a26801a64591bd7516372555b1ca6386506c381d97dd6cb2d75d194aeefae,2023-09-18T02:06:57Z,NEW_ENCOUNTER,,,
batch_001,encounters_epic_north.csv,1028,EPIC_NORTH,E4580367,92045392ff93b54351f8b6a860a349d4958f541190adb41e5633cf757ba8215e,1f5e0faa395baf57ea0ec35d95b4a5682206cfd011fc0e677e0bddb19555fbb7,2024-05-29T04:42:24Z,NEW_ENCOUNTER,,,
batch_001,encounters_epic_north.csv,1029,EPIC_NORTH,E3892865,4c8e03eba1ed4eff78cb46e074a99dc27fa91e935449e83c9b497d4c77aaece1,d41eecca942e3eee124c3a10fd23b91759e431ce542f0d35aa1f6264cd088d30,2023-07-23T12:40:28Z,NEW_ENCOUNTER,,,
batch_001,encounters_epic_north.csv,1030,EPIC_NORTH,E8986607,04c8ff40c30287e82e86a96c49801779c5cc4aba429e6a31fb8093610c05f981,a2c8381c9aa63bed0746fcca2d27cad873dd3844143ce584c8e0636583a96009,2024-05-06T13:34:21Z,NEW_ENCOUNTER,,,
batch_001,encounters_epic_north.csv,1031,EPIC_NORTH,E7230616,64d006b6681577dfa6cbe62830e83ae8808eb6aa5a49157dfb53fe9dd6713789,0c8671a4d7a1a72c96415dcc7a8b458ad580c0938a6fad58471dc95cdbcd4c1e,2024-08-21T22:56:21Z,NEW_ENCOUNTER,,,
batch_001,encounters_epic_north.csv,1032,EPIC_NORTH,E1252379,b0c0ba77eecf0d1d42cd9be83da261f0ef882bfa4e24bb99a28e59a6aad05d56,a55b539c4076bc92906c580da6133127ea56356e31777444318191b9258a6041,2023-10-05T05:32:05Z,NEW_ENCOUNTER,,,
batch_001,encounters_epic_north.csv,1033,EPIC_NORTH,E3822198,d87931f4782e8477f8885f4e983a94a5a5840f456cdef720b4a64729ab3607f4,57f3439a1c247af17f3c4dc423593841f45b98c198067b2191866eda8d5198bf,2024-06-19T23:14:32Z,NEW_ENCOUNTER,,,
batch_001,encounters_epic_north.csv,1034,EPIC_NORTH,E3999273,0fefc90af757b63f7726df30686cafc5eb4239a961ce45005a07727e9571ef6d,f992b20245452497e1c3aa71ffa3c447203d1afc8ecc9ccfd529755cf325ed4b,2023-03-19T07:42:44Z,NEW_ENCOUNTER,,,
batch_001,encounters_epic_north.csv,1035,EPIC_NORTH,E5657322,2ab2c21bc30c4bc90d604842d5e9df0f5b0a978daf724ee866852066069cf28a,a688b854943a75193c27ba82f26b3a3b37e0fc8dcef2cb20590b0e2227a4a1a5,2023-07-29T09:40:28Z,NEW_ENCOUNTER,,,
batch_001,encounters_epic_north.csv,1036,EPIC_NORTH,E1384373,7e488e42e91bb2cca2cb15903f167cbe2ce32a89f7c92213267a1882ad4d9308,2e4b9b29e1a3bdb89cea1bb2ef4a87ca6ca80a0c44ec9f499234667a87673090,2023-04-05T19:12:45Z,NEW_ENCOUNTER,,,
batch_001,encounters_epic_north.csv,1037,EPIC_NORTH,E3025133,6a54c1ec6cdf4b6929ee5ec8daf3373db0c6c1b4e29fa052ee5c5c398a94ceb3,99972a29a4cbadc274914bdccdd0455f8e91f7b78bf4425b759d8414fb1d37ba,2024-08-16T05:04:07Z,NEW_ENCOUNTER,,,
batch_001,encounters_epic_north.csv,1038,EPIC_NORTH,E1855416,7993ecfa36c951e298362008a9b322079255d12c2f86ab5059b90289023ebdc4,da02737b92f61bf4d3289b97f61f3cdc8395f1d7b74f89b9526c7f11fb330e60,2023-02-22T00:59:26Z,NEW_ENCOUNTER,,,
batch_001,encounters_epic_north.csv,1039,EPIC_NORTH,E9457554,3d5d7829c1c7766b8341d63fbf3c33f10ea930467336c5a2435b339a9cb3722f,a7a9c4eb15a3887f765b89d2a73f277c30029a2b7db1d6d0001cbb6d27da9739,2024-09-13T04:35:46Z,NEW_ENCOUNTER,,,
batch_001,encounters_epic_north.csv,1040,EPIC_NORTH,E6509893,cb6159b4fcfd0b93b9c5c34c9781ebc33eda1cecde13a698abe15de5e6fddae9,f7de8e9961bd7fc69171062061476868fe2b358c53b54ba6f97723ebf32fd452,2023-01-03T22:51:32Z,NEW_ENCOUNTER,,,
batch_001,encounters_epic_north.csv,1041,EPIC_NORTH,E7976301,f7b06ffcf7cfc1cb37c002f46a0642024a90bb59152f0af024d691aa53ab8fcb,0e6073426a0227ecb03d609ebda8710ae2474d6a8a459d72483b41fcfdcc19ed,2023-03-13T07:09:41Z,NEW_ENCOUNTER,,,
batch_001,encounters_epic_north.csv,1042,EPIC_NORTH,E4675424,cea24fdecb74eb039af4d51a8003095aed789c31f6ad6ea05402997a054d0482,54faa76664e5cdd65748a77b716b03614798f71610d123035c6418b1df83307b,2023-10-21T04:46:05Z,NEW_ENCOUNTER,,,
batch_001,encounters_epic_north.csv,1043,EPIC_NORTH,E1136557,3ce953e7d36864a2217a7021ff405c33fb1fffc9d9b7035b51247cf0b9bd8335,3858951b657df320f1320a54b668ed0b26de3bd4db9b5287b284baaea4aa03fd,2023-07-13T10:55:27Z,NEW_ENCOUNTER,,,
batch_001,encounters_epic_north.csv,1044,EPIC_NORTH,E7010877,b3ecf4b48c1c155dfaa875d99e2269378eb7ae52aa102163cb584a1c8d791e4c,078f1fe3329923e92d93d346a40d0c94f0003f038d47d5adcb9d79a8650442f5,2024-08-30T11:53:20Z,NEW_ENCOUNTER,,,
batch_001,encounters_epic_north.csv,1045,EPIC_NORTH,E3855517,8c422c943b92b9824fb8c6a46ce7ab2f1bc1250a44ec842a12fe416bbbdcc2a6,799b409c2b76baa556b150272f85d1354efe6ff0feed80b060883ae598ae13c1,2024-03-20T19:12:59Z,NEW_ENCOUNTER,,,
batch_001,encounters_epic_north.csv,1046,EPIC_NORTH,E8727880,1b0e3ba783cb8e15acc460bfbb77e1c8366af170c3c23a7e37e53565ff3d14f3,f86cd15c70f403824c0cf94b7001e206b79c0eecfd16559ed9b43553a968d125,2023-08-28T08:18:07Z,NEW_ENCOUNTER,,,
batch_001,encounters_epic_north.csv,1047,EPIC_NORTH,E3343550,7454a67add281b23daee7c0b5fa6baa9a11dfb8a5a5caa7082b494b07200f3fe,59e53386157e679f1185388fbed5ec7d595adcfbcaabc542eb530bb81bb08b24,2023-05-07T12:42:04Z,NEW_ENCOUNTER,,,
batch_001,encounters_epic_north.csv,1048,EPIC_NORTH,E3819470,644bf720bd153bc262d04a52f0a5e937b29b44cb938497278fec7bcf2d2ff19a,c38e0eb55a2c240012b3d937878d09b6f3de8edcc10476348c31b03abdfc0474,2023-10-31T21:52:36Z,NEW_ENCOUNTER,,,
batch_001,encounters_epic_north.csv,1049,EPIC_NORTH,E2763885,9ed6fb2c5d125c5b626f9669940146a6287110a1da69105ce426e5b411dbb6ff,1441bfe67c5541bcf6b354b3c280f08e87007c956f3c2ce1420c89a3ff3d8483,2023-11-03T05:00:32Z,NEW_ENCOUNTER,,,
batch_001,encounters_epic_north.csv,1050,EPIC_NORTH,E5052747,897b71fae751eebab83561a2c8c55a6e2e64f50ba553135307ca8a73afc3c8fb,dcf7c61f8fc1d0432956fb922fc97d94a14aeb49b53bde9c0d8d73a12bcbe4ec,2023-07-19T10:09:22Z,NEW_ENCOUNTER,,,
batch_001,encounters_epic_north.csv,1051,EPIC_NORTH,E9738122,2efb315dc581b51708e77fb065501bbd9b06812109f2d3f4b18c519ba441c89a,91a4b7a9514410df6e4a80e3476c83f61150d8da15cfccac62ca7243f3698405,2023-07-19T08:14:29Z,NEW_ENCOUNTER,,,
batch_001,encounters_epic_north.csv,1052,EPIC_NORTH,E9209670,f95a6e271c948f09e0cc91243403f0bbf54400ec34aef7766b76b60356dcd84a,42e72b0de12ba502e065c61874d5520f6fbe75579a5a2325eacbc73714aabe5a,2023-10-24T12:03:57Z,NEW_ENCOUNTER,,,
batch_001,encounters_epic_north.csv,1053,EPIC_NORTH,E7745173,357a3ae886d2b607367a8056d9c532971281626965c9cbbcfe45b97451e05c55,980bc0028ec976b5af825730d8369172d29cc6c9455be10854c197ce6c3ef44c,2023-03-26T20:47:15Z,NEW_ENCOUNTER,,,
batch_001,encounters_epic_north.csv,1054,EPIC_NORTH,E2832331,3691d0426280890e612415b6b7a06dabbe0fa8488fc35ebe61d57e97bac3f39f,0121f59d65ab3293dac63ea96a3e5815b9fbf1401bb5d0bce5de3d32b6092e6e,2023-12-16T18:44:05Z,DUPLICATE,DUPLICATE_IN_BATCH,EXACT,
batch_001,encounters_epic_north.csv,1055,EPIC_NORTH,E6139485,e69682fd11a515b0187596789f818b448799923a26e28a952a0fee6c03dae708,df2474bc1ee3bee0067b83aba02e39dfea4472bdcfcc3c1a7eca2bb2bc4d0ab6,2024-05-08T17:06:29Z,NEW_ENCOUNTER,,,
batch_001,encounters_epic_north.csv,1056,EPIC_NORTH,E3198414,3ca332b05aa03ace8d7ec390ea2f67b4d3a729ed44e27110cff74bd4dcfd7b26,973f7fe6f0b76ae6828bc1750464415c1e20a6fd9be1717e57c581680d608d8e,2023-04-13T00:48:23Z,NEW_ENCOUNTER,,,
batch_001,encounters_epic_north.csv,1057,EPIC_NORTH,E9541509,9518d4c8bcfea39f10188cb6aa2a6d6d042f93f52db71ea6f9c804bc155a0615,9b9942b5dfb33178ae789a698e2400eb17d9bf6e3b1ae26850ee808572ca2161,2023-03-19T20:14:57Z,NEW_ENCOUNTER,,,
batch_001,encounters_epic_north.csv,1058,EPIC_NORTH,E2893427,54deb00349a4d32d922f8bebe87399bf50a73b0aa48077c6958981408b5095e9,2d6295114e6bf614bdc4980354b4caba46724eb2e02f6b9f4cd63fc41901e04e,2024-07-27T21:16:09Z,NEW_ENCOUNTER,,,
batch_001,encounters_epic_north.csv,1059,EPIC_NORTH,E4160354,2fee47c51cac41bfed20a17b02bd1fb2532f6a4d963f4b50306976e0272f51d9,b34541b09a8409e202aa7eea3a22cb89b758e568eed9332384310cde4addcecb,2024-05-17T01:16:25Z,NEW_ENCOUNTER,,,
batch_001,encounters_epic_north.csv,1060,EPIC_NORTH,E6009266,93151e703f22f9c14a256b47ab2fdf09563945860d75c1029c85a54e701aab28,1822154b5fcb0af539b0cf6e9f31f7c4c7b6f1e01f9d33c62e23e16502f72b9b,2024-01-10T07:07:52Z,NEW_ENCOUNTER,,,
batch_001,encounters_epic_north.csv,1061,EPIC_NORTH,E8065023,7ff51cc72c28999ec090a62dbb873bd505e92813485549d252e4ed894cd086c9,1f7e5dcdfe74ccf884963698af39fa056a49678011620af6cda1ce51bce58ede,2024-08-22T04:41:32Z,NEW_ENCOUNTER,,,
batch_001,encounters_epic_north.csv,1062,EPIC_NORTH,E7167943,ec934b95e2bbf3d142027632fa6b0c93c29445ae219f0648faefdc7ca60a214b,d914f734e4f0fec1a2b6c4af6f68da69a028e73a7eb9b97ad72d212d7800c98c,2023-03-14T14:21:21Z,NEW_ENCOUNTER,,,
batch_001,encounters_epic_north.csv,1063,EPIC_NORTH,E9592113,83cb08fae76afbb49964f83055c9b416cfd290af68fc987d91729534962df0d0,ed7cc220ee01589d8c8a872009c01d28c2aaa7747dbb7331a7ba6f11c3840b44,2024-05-19T04:29:29Z,NEW_ENCOUNTER,,,
batch_001,encounters_epic_north.csv,1064,EPIC_NORTH,E9985367,f1cbbdcb7ad40771e274c9f021bf42eb1179dc2a3bfe6213f5cf7900efe80381,31d3d86fa2a9e733e1761965ac91b4f0a0af8dc2d2ce18ca927960e4d85d81a0,2023-04-11T08:25:40Z,NEW_ENCOUNTER,,,
batch_001,encounters_epic_north.csv,1065,EPIC_NORTH,E6353880,5f0590719bf0193108f5e25400e0fdd5ea2a005e69205a59528a51083847a1b9,8b38bcd7afd35fdb96e29e0052d758c68829d7e6efe6c37d2c9afe07fae47999,2024-08-04T23:29:17Z,NEW_ENCOUNTER,,,
batch_001,encounters_epic_north.csv,1066,EPIC_NORTH,E1321887,c703991ce8efbd110aec19e7f00b434d3ae3929b1a0d899528b2af94f3851313,09daabd763e13db075e404c4e37084ced07f186abfa6a91ba5e8ab697d778d74,2024-04-21T16:04:33Z,NEW_ENCOUNTER,,,
batch_001,encounters_epic_north.csv,1067,EPIC_NORTH,E4226471,d8743b105853c62bc76df06ff710ded40d18bb59b9c6c3111e8934532d6edb03,ce8780c934e6c2a76cf530fe37d22c9e1123068c2aac9d0a0522dca9434bbdfe,2024-08-10T17:24:19Z,NEW_ENCOUNTER,,,
batch_001,encounters_epic_north.csv,1068,EPIC_NORTH,E7286947,c4e9e784a792f4cc8a1849d243cd96ca4b546048bb3f5b723dab9007953c3b31,24fc374d66aeb1d100e3c1a6a4405cf513710e223d514f45a706bbe6cb2602d7,2024-04-14T07:47:18Z,NEW_ENCOUNTER,,,
batch_001,encounters_epic_north.csv,1069,EPIC_NORTH,E5573554,b5ead20aa7a2bcd7b2e053dcaca4e719762266ef9eaab118dea6d7cd7dd9df74,459c205d7ccb126641cfdedfb983f872cf431651e17e8805d32b750302e9a1d9,2024-09-12T09:52:33Z,NEW_ENCOUNTER,,,
batch_001,encounters_epic_north.csv,1070,EPIC_NORTH,E2427695,c378006202d9aa029f2c4dd0d2e7ea46186b80676b1b3f0f820df018933617e2,d1c398ff4a8bc840745ed95081aaa2b6ed5d725669e74c7bc72793e4baefaad5,2024-07-12T22:06:06Z,NEW_ENCOUNTER,,,
batch_001,encounters_epic_north.csv,1071,EPIC_NORTH,E2507285,14a2a876392041ea2c34504835b45ba0e1e2aef9ebf0dc196cf14fcbd68943b8,10cf2d34ce4df5baee0d6836a6b9c593c0a79aecc463ad45b2de866882512cac,2024-01-07T18:11:57Z,NEW_ENCOUNTER,,,
batch_001,encounters_epic_north.csv,1072,EPIC_NORTH,E4533717,71e341113e634f5fb91e29996b5212b9d706e98289f5a258037bcf8489948d3f,040ca9e4982c00398df6737c794cf2e5b739d726efbe70b54888476d1570b19d,2024-01-08T15:59:43Z,NEW_ENCOUNTER,,,
batch_001,encounters_epic_north.csv,1073,EPIC_NORTH,E5799969,a9e8c62407cdad22e9e5d273b07e4c3e50f001f80c914f322df9d472c5c140ba,85cdf8b717c778abbb4c752b638dba1a368bfbe4fe1178f5cae720334d661bd3,2023-12-14T07:41:06Z,NEW_ENCOUNTER,,,
batch_001,encounters_epic_north.csv,1074,EPIC_NORTH,E8123035,9f27ac3cd61e2c4cb1e875c9bca070c9a057a819b927ff4594c65909652b55e3,03e6c1c6f318b21583fce61406db15cdf0942a4a2be323608571284240edd410,2023-02-25T11:41:22Z,NEW_ENCOUNTER,,,
batch_001,encounters_epic_north.csv,1075,EPIC_NORTH,E5311117,fb329f8ddf5f6c36609e5c790c851ed2dd4d2e9d4db27b6d8ed80a96ab84de28,bea5f503b8cd7944c2c9c96e37eab2f49ccce1fe81ad92e1a827ec94f0527c9e,2023-04-05T14:15:44Z,NEW_ENCOUNTER,,,
batch_001,encounters_epic_north.csv,1076,EPIC_NORTH,E2524954,a3af3f18fd7598951de813e980091200d56f14d176714fd391c6a4527f095917,12c1955917bc2b515ba8f4199af229cbd2a95414dd2c9d2202e0f4cc73aa42b6,2023-08-05T09:10:54Z,NEW_ENCOUNTER,,,
batch_001,encounters_epic_north.csv,1077,EPIC_NORTH,E6711177,e7203c147f9cd9c5831e719b9a7a7c637b5bffa3862ae33a629fdb10cb3870ef,adc40f08b6031a808b60b5a4e1bdbd2f28319e843999978ee6f50fffcf283089,2024-10-13T07:15:14Z,NEW_ENCOUNTER,,,
batch_001,encounters_epic_north.csv,1078,EPIC_NORTH,E5637307,f54baef4b96c4cfa85d50ec8a6c6a3f557eff272b0f2b7562c4397e207471009,d8ce2c6be452c8c945ed629697d0113a5a76b3ac4c3379a79c96ae34d55caf9f,2023-03-21T08:57:38Z,NEW_ENCOUNTER,,,
batch_001,encounters_epic_north.csv,1079,EPIC_NORTH,E7706623,f3b968431f058bb58192709269e3ef442f9703ed91e96d8ea09caddd8e5bc938,637c912b01369dc5627e460a8bbcc32a24c2caefb0d25f9f09811618e6f986dc,2024-09-25T05:32:55Z,NEW_ENCOUNTER,,,
batch_001,encounters_epic_north.csv,1080,EPIC_NORTH,E5722023,30723d8f1faea92fd78087f22ff7ae797956101de06ce547f8ca74578d27eb97,492152d0376d119991b988d84b32c448d312b49c94b9f722280f656a9727cb58,2023-01-24T22:19:58Z,NEW_ENCOUNTER,,,
batch_001,encounters_epic_north.csv,1081,EPIC_NORTH,E7824966,da7b074802915b762124fcd5c943f506a6aa6a708c4dc0cc687005354275920b,873a88699756429ca0c72152b548e2a23ee433aabaca07e0eed049615dca1320,2024-06-25T05:57:21Z,NEW_ENCOUNTER,,,
batch_001,encounters_epic_north.csv,1082,EPIC_NORTH,E1359708,2934788b46c35fd554df5b1f2a27f3ec94f46befa415ba2ad358cb27fe48a249,5468c2602ff68c191369ff66cffcad8d32420bc3f415a9af592c7270ec9b1769,2024-02-18T08:36:38Z,NEW_ENCOUNTER,,,
batch_001,encounters_epic_north.csv,1083,EPIC_NORTH,E1836474,044509026ccf00537047827864b11399d0e473732ad1f1a287bafe03a15d4a51,e4c0b75a10fa6e8851af0eae89892952dc93a0eec9fe2e87a8a4d13d3bb1f9ee,2023-04-07T16:37:11Z,NEW_ENCOUNTER,,,
batch_001,encounters_epic_north.csv,1084,EPIC_NORTH,E9585619,ed4ed4a4ac5fe820181116b58de77e1fd2d01d1bc2f833e6720b2660dd0704da,1b161d977cef4ed04507d7e05303c4a2449c12ac96e41f42f07fd8c38f59242c,2024-02-16T02:05:24Z,NEW_ENCOUNTER,,,
batch_001,encounters_epic_north.csv,1085,EPIC_NORTH,E9953345,1d50395fc6195642b57bbe21ece9b925ce608f192d8790280d8492ad044d6947,94fce3a66a391163e794db633d7882955062ab61296e2a6c6406772231ffee00,2023-08-30T10:03:29Z,NEW_ENCOUNTER,,,
batch_001,encounters_epic_north.csv,1086,EPIC_NORTH,E7746726,c33af7912bfc68f748d78eb10b2c629ebaad85ac0eeadbe8be6b7a29dc69f929,1c0df6fd85a35fe7aac9b2b43225f05713ed0b981f1339a7d733c6860db28dcf,2023-01-08T16:20:30Z,NEW_ENCOUNTER,,,
batch_001,encounters_epic_north.csv,1087,EPIC_NORTH,E2139709,660ee19824d696903b22cbd1a7814bf76bbe746f57cf735cc56b6820733d9c8e,ba79472478b8d996a7528831fae9af5fada2734f035288eda33a25d46cfb1dbe,2024-07-16T21:16:30Z,NEW_ENCOUNTER,,,
batch_001,encounters_epic_north.csv,1088,EPIC_NORTH,E8512475,45cfe4423d11bb104ee51ab060b626cbb5190242c1600ed965ad68c1e5ed5775,3bce7c506170493016470c0fbaf2b54a6f863e0495b9135cd77bbfedaf827de3,2024-08-23T10:22:49Z,NEW_ENCOUNTER,,,
batch_001,encounters_epic_north.csv,1089,EPIC_NORTH,E8476105,cfb9248fbee81e8baf5df44adb2017b777207167b5fa2eb674fa65016823e282,ef3580336ae7c1537968a50520e89c2d46a5d88961f8d7b7e37d03c8604d9896,2024-08-30T02:48:24Z,NEW_ENCOUNTER,,,
batch_001,encounters_epic_north.csv,1090,EPIC_NORTH,E5663930,c28f7ac2184df2ee61bbd763a89578275d63fe74ebf9a2614d292f07eccdf3fd,bafee84b1983d0586f104eefd60cf7097293603538c29ec05701176897d7c66c,2023-06-29T13:49:12Z,NEW_ENCOUNTER,,,
batch_001,encounters_epic_north.csv,1091,EPIC_NORTH,E6792631,fef1b1136c0f71a52fd869735ad6322adb2f3ee8ba20d19af49e1c430e7b4db3,254f7aa45741e93d0d99ef1326db2187ec335f028b0e76978960c57d5382c783,2023-06-12T02:51:53Z,NEW_ENCOUNTER,,,
batch_001,encounters_epic_north.csv,1092,EPIC_NORTH,E2844765,5c95a79aa5ad032fdbb8ac8c13eb0916c167412588090f187273841f39b1e9dd,88bf6ad184c177262b3d7b86b62bfc8885ea041e75e6d31389614da364f90c15,2024-09-21T11:07:45Z,NEW_ENCOUNTER,,,
batch_001,encounters_epic_north.csv,1093,EPIC_NORTH,E2971419,89ab37fa1590f6823a88159cb4c1cb02f57dce1f76fea2a9a1812023279f5340,266664667c1b5aa9e6388307866c3af5464313d369cd982681745b0de07218d1,2023-12-26T10:30:39Z,NEW_ENCOUNTER,,,
batch_001,encounters_epic_north.csv,1094,EPIC_NORTH,E2498195,001cdd310411b530f1c6301cbe2e665a99020e16a86fa600d16fd45af0a98277,627cac5b061fbe545238b5d0f62a168c0cc1cf38e3b4298980121c779dbc7d54,2023-11-30T05:24:46Z,NEW_ENCOUNTER,,,
batch_001,encounters_epic_north.csv,1095,EPIC_NORTH,E2015854,5d6d734f410168ceb37258ec39df971e2a60abc4806195e30b783698f0010471,f22511b9c9bf0ff5b36f2cf997802f5ffd3e46c2eb21f5ebdadc7622c9969f9d,2024-02-20T22:20:47Z,NEW_ENCOUNTER,,,
batch_001,encounters_epic_north.csv,1096,EPIC_NORTH,E4993425,8adc18d42528ded806a746c1781f9efe14c9936577b2d0b70522868b7d010a37,e43d565bf59afab27ef101d9c49a12d56b4db6d501dcfb752dbfc3e1f326d09b,2024-10-31T09:54:34Z,NEW_ENCOUNTER,,,
batch_001,encounters_epic_north.csv,1097,EPIC_NORTH,E3140819,1ccef66d9aeb8cb3b924fefeb9eb63d886dd1f775692a555584fc23309e72ba8,f8f9d4d99a66f56f663ab01311e1672e17762cf2a14c88a67a9409127870a2d0,2023-10-03T18:50:46Z,NEW_ENCOUNTER,,,
batch_001,encounters_epic_north.csv,1098,EPIC_NORTH,E4423063,93901da8b338b337ccf83733bb6ec86dc1a8313c644a3a32d5cea56b6cdd13ae,2e79e2ba4f952cd041ee2942c7aeda55e8279206644b3c06dc84fed5fc34b3b4,2023-07-02T04:52:04Z,NEW_ENCOUNTER,,,
batch_001,encounters_epic_north.csv,1099,EPIC_NORTH,E5402486,4dca971bd4b0d12073ebeb444ee07ea14f378ed3b2806496c5fd96e9c91b1487,7ea19d6e67fc6108a4470db4cf9191f651d44a6f9792c8cb1b6c70f2882b14be,2024-08-06T21:15:09Z,NEW_ENCOUNTER,,,
batch_001,encounters_epic_north.csv,1100,EPIC_NORTH,E6758898,2a19d19adf1c55aeb812ece55b7c8bb41b708f88ee58829cb65692a9d4790a4a,a9f65a8108db39fd5017f50b7f5fe8ca5ef9ebb34d025d6c3a6a91cb73d6dcb7,2023-11-05T15:08:57Z,NEW_ENCOUNTER,,,
batch_001,encounters_epic_north.csv,1101,EPIC_NORTH,E9070953,56ec39dd1545df21c7632d9994656c53ed1d81a8536ad84d0108e89c31003f4d,f69c8dd27e326f2267893d2f4291546c969a649bac7b5e81081f51acbc710f4c,2023-09-16T08:50:55Z,NEW_ENCOUNTER,,,
batch_001,encounters_epic_north.csv,1102,EPIC_NORTH,E3865284,184db1ae9a9acb609971e9b83084db911cc756bf01300ea16ce0e3afb3c860eb,ced6a8dab9a3815e8ab099949035afd09f97bc165dcfdd7ef4e7b35c232a08b4,2024-04-13T14:24:47Z,NEW_ENCOUNTER,,,
batch_001,encounters_epic_north.csv,1103,EPIC_NORTH,E4796654,78f4f7fb6d62f011d49ff06db042c1217d53ab3d5ff82f95f998e97dab86b845,533b843c5cce9b9a2d50136ee29a38998360b45c2e99fb14d0e9e5b0e0dc6d60,2023-03-30T15:02:27Z,NEW_ENCOUNTER,,,
batch_001,encounters_epic_north.csv,1104,EPIC_NORTH,E5474318,91ad230691a61b7fd640cff66a064806ddcd42b117542094e83b1d994c33a80c,395fa3c610bfaa64c7d8ca17e927b87f7b75acb2f33604d37e16c45e6ff3c11a,2023-02-07T10:50:43Z,NEW_ENCOUNTER,,,
batch_001,encounters_epic_north.csv,1105,EPIC_NORTH,E4232605,f28fb5464aee9f3d2c09494029a129c0ab9d685654d69401031a8839de7be349,0df6726c6de5d4bbfe16f92dfce5bf5f6e843d732f8207b73b8b635db6a53aa0,2023-05-10T15:29:07Z,NEW_ENCOUNTER,,,
batch_001,encounters_epic_north.csv,1106,EPIC_NORTH,E3028232,8960a4cacbd33be0f9325ec9c8708583b74bdb714d54dce0e0504f11962f78f8,08f0eab06fde1f1cbe5309e0c01d6c8fe978feba2e4781f2ddeb1124e688a7f0,2024-03-08T00:09:19Z,NEW_ENCOUNTER,,,
batch_001,encounters_epic_north.csv,1107,EPIC_NORTH,E2225232,92b6dc64063759ff13e08c610913da4eb1e5ae6795a523b3adf4b979f404205e,fb0e3092739d26aa4fa93e73748a5d2456e943df92bb05b92fa274240205650c,2023-12-01T09:06:16Z,NEW_ENCOUNTER,,,
batch_001,encounters_epic_north.csv,1108,EPIC_NORTH,E1689751,d033865b13d96176b801f4a3495dc21eecb1952489b719e26554293f219b5fbc,7f2f6cd24b498107c3b976efff5344f8b858424f6f99d382f3218a0a3469f78b,2024-07-30T22:36:46Z,NEW_ENCOUNTER,,,
batch_001,encounters_epic_north.csv,1109,EPIC_NORTH,E6761770,acc79c988a2bb90102104b23165edac6671eddbe8b28b90666d41787e62b94f8,56384c9067956b1b3e53ea21904ac0656c00c67071f4dc951d016f52ea49bb00,2024-11-16T13:30:24Z,NEW_ENCOUNTER,,,
batch_001,encounters_epic_north.csv,1110,EPIC_NORTH,E7028718,8e8d76242056dc4e034f4574e105346ad5cba92ffd9fdd9b83a25d66ca613cff,539c323b4637e1111b0042708ea9888d6a22c194a6d805641afe4866777caf48,2024-10-17T13:27:14Z,NEW_ENCOUNTER,,,
batch_001,encounters_epic_north.csv,1111,EPIC_NORTH,E6962762,80713abf77ac0956962c7078d6c1daf29fec8c9eff7264ea1061ac2f16eee2ff,2e7dea814431712437f7214bb9b587d37bdc950941ca81f6bb15b27d066b1f20,2023-03-09T02:29:55Z,NEW_ENCOUNTER,,,
batch_001,encounters_epic_north.csv,1112,EPIC_NORTH,E2506547,81c2d01193192daf5d537d66e401857121534fb09a53a8176d33cf7616c12af4,90af388df1e632594fed362d8ae13b03a16cefd18a01fa5be5dcd361ad329f85,2024-01-03T01:21:17Z,NEW_ENCOUNTER,,,
batch_001,encounters_epic_north.csv,1113,EPIC_NORTH,E6461649,433beb58e454a43e83eb3adec2dd18bd03f47c822e7b193113a20153c04ed118,bfd57fbca0bb86e85ca731cfe951666d9e431f7a4a70708b18a07559b0d51ddd,2024-11-12T19:03:16Z,NEW_ENCOUNTER,,,
batch_001,encounters_epic_north.csv,1114,EPIC_NORTH,E4598157,ce467125f580d0d2ba3f18956aee53614f52dd7e4b283a0c35926d684ec34611,455145d889926cbabaca0ad442d8fed26e11914aa8976f522096ebed3df15099,2023-04-05T23:38:37Z,NEW_ENCOUNTER,,,
batch_001,encounters_epic_north.csv,1115,EPIC_NORTH,E7736315,992863da769ee7e615c2e1a182c9db12d6ab7d70c58246ced0f251996666d09f,3efed8f4faf0e3ca603f67c8d2ef11e1f83c58f3cdbced11a8523639d2553c45,2023-09-14T04:22:01Z,NEW_ENCOUNTER,,,
batch_001,encounters_epic_north.csv,1116,EPIC_NORTH,E5205423,e68f512cfdd56498441fbf2fe88810718db06786a4fcf98b9b766dd854d01336,7c2b9f9c4bb89cc96970aab491a68c1d1ff16730481468bb6043ea3ba9921e86,2024-11-17T17:49:59Z,NEW_ENCOUNTER,,,
batch_001,encounters_epic_north.csv,1117,EPIC_NORTH,E5004023,ab4197aaff751aca358328b2eef8f93018bd07c6bc84f7bb427aa0ad8a75a506,eb1ca1255abf5b3a7247d2b12896ff47337546a076100619d56acaa292e1ec46,2023-08-30T18:51:39Z,NEW_ENCOUNTER,,,
batch_001,encounters_epic_north.csv,1118,EPIC_NORTH,E9711915,331af49e199d06861ccebf0fdf471b6316247e8fc5021767034122e097fbabcd,493ce94a803ba1085d770571c2073aad74e67883b8ec9aa2705395204d8d98eb,2024-10-23T06:13:45Z,NEW_ENCOUNTER,,,
batch_001,encounters_epic_north.csv,1119,EPIC_NORTH,E5974467,a5ac9652cc53e3f5416d762d8daa01690d44140429491a9bf5b8a3734ba73eea,10d89982e33ca18c5b7afa78d4134aa71348d60ac2d58059e418be5455618562,2024-03-27T16:53:20Z,NEW_ENCOUNTER,,,
batch_001,encounters_epic_north.csv,1120,EPIC_NORTH,E6035201,b9a45559e7adc2075f950b32abbfec019292d16f4b098109ca4e25e5838dc4a7,2f2d940610854bb43a0b86958dc40304fe82a99511c9e21cc0178052e9cb6b8e,2023-12-24T15:20:15Z,NEW_ENCOUNTER,,,
batch_001,encounters_epic_north.csv,1121,EPIC_NORTH,E1080316,12159ef66bfcab7e97e4672a58f8fb060fbbb4b0250beb4d9f129b8ed0ce11d2,6f869cec30adfa32e67908c51e383ec450fdb0a532f5abf3dd897f740ee6bd8b,2023-07-13T02:28:33Z,NEW_ENCOUNTER,,,
batch_001,encounters_epic_north.csv,1122,EPIC_NORTH,E2902966,da9e158a432d80f63a1a9cbdd55e2543572dcca9eb971bfedfc506953772acdc,cce8fd8a2614b0a706180e28d33cbac295e2d581e3859e8f0c1dfe9ab548f243,2023-03-22T19:02:59Z,NEW_ENCOUNTER,,,
batch_001,encounters_epic_north.csv,1123,EPIC_NORTH,E7626357,b298299797c5b491344a25a486ee9f08921ad755336f85875f8fed0845fecfce,6e6aef2d07d023717676f6e08e50baa51ec2ed352d31c767894eda58d35fa611,2024-11-11T02:10:01Z,DUPLICATE,DUPLICATE_IN_BATCH,EXACT,
batch_001,encounters_epic_north.csv,1124,EPIC_NORTH,E2722610,b0f8c40a8e44b43ed37a74520753c0a0a2cd1925411bfe6bfda9c6aab270629a,5ee5d34abbf26ade753e42f14840424c5a2f98847c1164be23e99db9394f837b,2023-10-09T16:08:48Z,NEW_ENCOUNTER,,,
batch_001,encounters_epic_north.csv,1125,EPIC_NORTH,E9408214,76373af3dbec4af48f1fce8480b1a861fd5e0c6f84b158faddf4402da6f13923,31addb2e698d6687b62e9e4916c95397a63accc986c2915f9137c8609777cfec,2024-09-28T13:08:15Z,NEW_ENCOUNTER,,,
batch_001,encounters_epic_north.csv,1126,EPIC_NORTH,E6005217,348125f0e0cf0b31aa95436602fc836245f72347b1337c25f97a58b40a5075c4,1d968f3bad7acfc175f49554e29b602e5dcfc20b40475ef11e0abb8206dbe87c,2023-11-23T23:39:05Z,NEW_ENCOUNTER,,,
batch_001,encounters_epic_north.csv,1127,EPIC_NORTH,E1687248,4526f5a6fe3b652590fc6b8d3756ca2ffb5f9a42ec4e6a449adddf8102b142c2,35ebea3de110c23ee8b6c1432e3d33826c45e2036b7eae135eb31dba2f03f32b,2023-03-13T02:46:49Z,NEW_ENCOUNTER,,,
batch_001,encounters_epic_north.csv,1128,EPIC_NORTH,E5496551,1d163f0e393ac0429bc7a5f1b086aa1c771c188d86d06915f3a0940060993c40,78db1c6ca9909807bac4dce56787d9256cc4e95cdca34877a9e1189762e6ee8c,2023-07-31T01:07:20Z,NEW_ENCOUNTER,,,
batch_001,encounters_epic_north.csv,1129,EPIC_NORTH,E8129864,a5ef19464faf0a2aaf0bc502433bce2a44219498a835b77fe99854b017194bc7,b763623b22ab12a45f7ca45c58cca125b5420ca37c5fa0de16ffa0d6d9dc9afe,2024-02-24T11:27:08Z,NEW_ENCOUNTER,,,
batch_001,encounters_epic_north.csv,1130,EPIC_NORTH,E3180038,def5f20109f6cff0a3f704dac5a70863e833bf108ebb4e744586cb2064fa9224,430d39323c1185302f7e9dce2d77149b3a111c58eb9850fe4eaec5b732f25199,2023-02-16T16:49:09Z,NEW_ENCOUNTER,,,
batch_001,encounters_epic_north.csv,1131,EPIC_NORTH,E9145136,a7ad9f03296b30b325da65b696712afe8c88241dad0bc5993642c2f48ef94078,5d7f921683a6d0cf47734320ef2c1f2eb5bad72958795defdadcd67657c9b6aa,2023-08-01T10:03:42Z,NEW_ENCOUNTER,,,
batch_001,encounters_epic_north.csv,1132,EPIC_NORTH,E8992946,1802f7077cd9f6139df045b5aa400740de85b6ae5bcbfb75074443885fd12cee,c2a71ba931a23b0a53f0688391b9402a5e8fb0a049c60b5aef2d20f3756cccd8,2024-10-04T05:29:50Z,NEW_ENCOUNTER,,,
batch_001,encounters_epic_north.csv,1133,EPIC_NORTH,E5369746,dca5f9adb31dd61f8e844a0d167360886868b800af693db8d3479411c4d4592b,63e9d333a47a2c348757a383f55c3be417dc96f3c9142d522b94bffa1a8846ad,2024-02-24T14:42:57Z,NEW_ENCOUNTER,,,
batch_001,encounters_epic_north.csv,1134,EPIC_NORTH,E3721405,22cc1ceb6811a119ea14f3e5fceea66ebc1965e97c3fcf889713590818093795,1bb2fdb0ffc0b2d57fd0ca6487e8d9da98e5538382f9f69e477953f882886518,2024-05-04T02:03:07Z,NEW_ENCOUNTER,,,
batch_001,encounters_epic_north.csv,1135,EPIC_NORTH,E1712160,0029dcac6296e91dc538a49f24e58668ea89627f6628e6c8e7100e382578f647,ddad8cc48d4e38d3dcc773ab7beb2276f5c7a030fe80bea205d39701cd3bd96a,2024-03-07T21:50:14Z,NEW_ENCOUNTER,,,
batch_001,encounters_epic_north.csv,1136,EPIC_NORTH,E1328262,1887a76ca1e6463def8586764e549a43455af3977046ba01686cee8ee8384bca,56dca3d3d2e92fc2d76ba3a4a79229f2a22b86c428b44a80dae2fb64750516f6,2024-05-19T19:15:21Z,NEW_ENCOUNTER,,,
batch_001,encounters_epic_north.csv,1137,EPIC_NORTH,E8121008,d2e6075623ef13c021ff23970ac839caec3119a3e0bdc076ef2ff3a926188a0e,bc243fdaa79727ca829e73359ce88487c389760980db9b2aafaaa3783ebf79bb,2023-02-13T22:33:59Z,NEW_ENCOUNTER,,,
batch_001,encounters_epic_north.csv,1138,EPIC_NORTH,E4782581,076f11c50e7a8c9eb53c4110c6e79e414b81fa748cc42e70a7b1e7b004515d9a,2f2fccc6df5a6b682a879256919ce46a0e6433be25ce33b25cce97c04de9dc69,2023-08-19T17:54:27Z,NEW_ENCOUNTER,,,
batch_001,encounters_epic_north.csv,1139,EPIC_NORTH,E4923359,655eba8352dc13fb83689fdd3bf3cfd7d6a470385da0ebedc1f9901af0d863fc,1b17db8039e3085eb0b2e30dc438a196d796c6306a487980a03a348573756cc7,2023-07-18T06:38:34Z,NEW_ENCOUNTER,,,
batch_001,encounters_epic_north.csv,1140,EPIC_NORTH,E9515888,5e9ff8471b86d1e0a3ce46c007e23b8fa08f98a9aefc7397cd275f4505a81b78,8c6210e7f42cb31591b267694fd7103f26e7f1448096e16a3276b1b1b250d9c2,2024-11-09T22:58:43Z,NEW_ENCOUNTER,,,
batch_001,encounters_epic_north.csv,1141,EPIC_NORTH,E6280176,231c154d92b6607a64af440cff4782d9362021ba501f1a676ac4d06ebe84036c,c50fcb14ad8f63094e8ae3f477f007a90fbc58a12fcc049f2bdee428a4c78af6,2023-05-25T01:53:18Z,NEW_ENCOUNTER,,,
batch_001,encounters_epic_north.csv,1142,EPIC_NORTH,E8616228,d238ae5670a466d1df5ba7fdc3cab4390c93251caf8a4e7b5844d8e64a14384d,c649376fbbadfc17731eab27552336c862fe7099eb64ad060e58f7b19597d62b,2024-09-01T21:40:01Z,NEW_ENCOUNTER,,,
batch_001,encounters_epic_north.csv,1143,EPIC_NORTH,E2467894,8b36a2ae640181f590a4660675abe4c819aee233a4e9c25e17ca2dd51667a79e,be56b668256fbf47598b4cc9df8f27d3b7068e07405b5924b830f91062781634,2024-06-20T20:10:01Z,NEW_ENCOUNTER,,,
batch_001,encounters_epic_north.csv,1144,EPIC_NORTH,E8447299,f6e76e3a23269a3c6ac978974ef1acd3130d1105bf1f9e71f1783f1cdf9bd7d8,18257d4806555c98364aed5fa537c96240ed9f3802d541528c448224f08eac63,2023-11-23T15:26:36Z,NEW_ENCOUNTER,,,
batch_001,encounters_epic_north.csv,1145,EPIC_NORTH,E7127859,af5bd532b1f463838b441c36a20cacc9422f4a6eefee37966add078d415d1e84,d8ecc7d8a12975077e74e8be5d188dab6af51c233ce2179eb97bebaecbecb758,2024-01-11T22:30:43Z,NEW_ENCOUNTER,,,
batch_001,encounters_epic_north.csv,1146,EPIC_NORTH,E3754203,7f15d321276cdd5186eb1e23f642ce50ba7d0b6388ccccfd973e7cec5d8a6744,ba93495712270348b4f81b8f04455e38d4b5b4e3a5d92c10a9e6b10fcc0f85fd,2024-08-07T18:16:52Z,NEW_ENCOUNTER,,,
batch_001,encounters_epic_north.csv,1147,EPIC_NORTH,E3531671,ad83924f95423a6dd0246255c9ce56ef931a3e1ebd6060c3894cb5fbb6c0adcb,c6ba4d04a9c706a8575a83041961dd040c8f4749f556a76f2869aa099637770d,2023-10-11T04:26:25Z,NEW_ENCOUNTER,,,
batch_001,encounters_epic_north.csv,1148,EPIC_NORTH,E7066620,3a6c276796844414307e2150b0047ab2be96bb10dda002f2efbceb0b236dff3d,4997346af7281e0788dbfc3f91004a73798fe56cca10407d8a5ca20ff3f35996,2024-05-23T12:32:34Z,NEW_ENCOUNTER,,,
batch_001,encounters_epic_north.csv,1149,EPIC_NORTH,E5615911,70226a25a50c5e0ecbfdb748d635d0eefa3f9b95577833a5a43a39a890fd2042,bf4cb60ea08caf81a327295e181f1b3f713217b709e2bcb34c2b1f685b4ccbba,2024-12-12T01:07:41Z,NEW_ENCOUNTER,,,
batch_001,encounters_epic_north.csv,1150,EPIC_NORTH,E5359844,f9099c7c84aa124907a0db5cf28e9ecb828b468e54db292459792ff96158824f,db71a5012b0d1d4b94b9229b88e59d6f43d452014a1fbf6f14f670d7f344099f,2024-09-19T13:40:59Z,NEW_ENCOUNTER,,,
batch_001,encounters_epic_north.csv,1151,EPIC_NORTH,E2294730,f8565a5c3e57e5d72a8519427d6781d2c681444dd3deb923e57bcae934e0e2b4,687fe38c77ae285100fd74e8fc224cd08029f3ae0c6d67a1900201d93d032836,2023-02-26T01:46:59Z,NEW_ENCOUNTER,,,
batch_001,encounters_epic_north.csv,1152,EPIC_NORTH,E8128329,071641635fe388c3b265ff51bfb8c41f162a765758766c1940c9d8ddd8b446d5,cfb92abee13b4958c1059c1bbf5d2b042946910fcd76b080740ad4315aed6d3f,2024-06-10T23:17:04Z,NEW_ENCOUNTER,,,
batch_001,encounters_epic_north.csv,1153,EPIC_NORTH,E1145731,b0185679e6d56fc412fe7e6d70587575d24ab1ff5a382db52b7ccd757010ede6,5b3965f04581157cb5171eed1d084da2b8efb281cf3a059e2766e5987473c783,2024-01-03T09:47:59Z,NEW_ENCOUNTER,,,
batch_001,encounters_epic_north.csv,1154,EPIC_NORTH,E9597020,1140a6434543dc559e10249402f822ed8dd23a229797e3e0b65ad21cdb74cd10,ce77f0c013e9fcd7ae74c6e4c57dbb4061c1cd06987395532d4376899f7c8848,2024-12-03T23:13:08Z,NEW_ENCOUNTER,,,
batch_001,encounters_epic_north.csv,1155,EPIC_NORTH,E2800814,87029c0e9ebbf06e8718ac52ec794438d852869b5948f4a3ff4cd2af3fbc9dd3,5dd782f0dd375f5a45fe94650d2c117b3008ec40e28a573eb6c8d24501399e27,2024-03-19T00:21:58Z,NEW_ENCOUNTER,,,
batch_001,encounters_epic_north.csv,1156,EPIC_NORTH,E4101067,b2fb505fae09fc2cb0b2bb5741fde0f8ad7e352d4d27646339349138ac030951,e18d246b5879462c6f93150ba721abe3237465dc5aef647aa66f3e80932c9657,2024-11-23T13:38:12Z,NEW_ENCOUNTER,,,
batch_001,encounters_epic_north.csv,1157,EPIC_NORTH,E7537020,84aef23ff24c888785cead5111d3a3a8be284042535e28ad15bd3d2fd74aa1c5,e4ce3337fdc75916147693a5f2eaa8ba1a898e64a8a1f042c7aa07627e2cbc36,2023-08-06T19:35:33Z,NEW_ENCOUNTER,,,
batch_001,encounters_epic_north.csv,1158,EPIC_NORTH,E4751500,677ce5ed229a2c0589b38b21d5bae153f23f8c0a41fba21fcd54bb17bcc40a33,321ab09f092eab8fc95aa54b7699e354c5a08d4fbd28408c0c6f3959acaaf599,2024-09-06T11:20:17Z,NEW_ENCOUNTER,,,
batch_001,encounters_epic_north.csv,1159,EPIC_NORTH,E2560358,6b74af19fef08168289e43177ccfa6883a0f22812cfbb537412471f9ff4236a0,d1a53bcd3c1300657090ee6fa7f52b48daf23feb325a812503795129e888dc59,2023-10-20T05:29:19Z,NEW_ENCOUNTER,,,
batch_001,encounters_epic_north.csv,1160,EPIC_NORTH,E6794694,7fb25228f4cff0e892c65ba815ca558ad048bdd44474981edea61f1513470958,8da805aa6133ac33b07589118e28e7072e954b0ebb07b2b10267fb1210e8c688,2023-04-30T20:00:40Z,NEW_ENCOUNTER,,,
batch_001,encounters_epic_north.csv,1161,EPIC_NORTH,E1025018,aed5f9864282b3e89857956b6589f37dac0a9e5553b0de79cd2fbea29d130cda,eaab544112b5a7aab31a6b752a7830799ebe5a909ddb003877e23537a550bf5c,2024-07-26T07:19:13Z,NEW_ENCOUNTER,,,
batch_001,encounters_epic_north.csv,1162,EPIC_NORTH,E5705434,c62317ba3eafe50f983d9ffe3ebb7700e71ee8393d4c80d53f693293f3a78c96,ea5546690ccc0940fb97c724523e5266cf1b284e5e4c040901081bba577a622a,2023-06-28T22:35:13Z,NEW_ENCOUNTER,,,
batch_001,encounters_epic_north.csv,1163,EPIC_NORTH,E7325841,e13074f248a33ac090a2a335bdfc3b7e4b3762d499c6ccc47b2e050d2b661539,9843abd24301b888dc78da82416d1788248fd2eb5b296b0922e247086b1b89bd,2024-02-25T16:10:27Z,NEW_ENCOUNTER,,,
batch_001,encounters_epic_north.csv,1164,EPIC_NORTH,E3149786,c9bb499c1561d738cecc89fd995a3bf3ebd022af996574838950ad903c773fa9,9ada54f4c981d0a1f8e96084538b217f27bf5934314d0df9f2726f50e8de5071,2023-12-26T18:37:48Z,NEW_ENCOUNTER,,,
batch_001,encounters_epic_north.csv,1165,EPIC_NORTH,E4852833,1717f57224dd9b8a480aaef1640dae98b1ddcbdff102c61bc825af138f7c550a,85816cf74e9ee1aba168ec0ea0936774780efe3fa7f6ad7598efb0de8bc308e1,2024-10-30T23:23:53Z,NEW_ENCOUNTER,,,
batch_001,encounters_epic_north.csv,1166,EPIC_NORTH,E7173964,c83d846994d392ba5fc2aa5546b04224ff4dc12f18fdd8dbaf24f23e951dd6b6,3e55d5f010d8211105b4954a963a08d75a27e63e54d41fac87ffbf91d7b52a11,2023-05-10T13:33:54Z,NEW_ENCOUNTER,,,
batch_001,encounters_epic_north.csv,1167,EPIC_NORTH,E8207596,8659e559ef2c9c44b9facc52d3b12b374032f59fbf3203387cd76109da98bac7,c647d914e428c4f30ebb85927d60a59631b750288b94c5aae5555c16ce2ef67c,2024-04-23T19:16:45Z,NEW_ENCOUNTER,,,
batch_001,encounters_epic_north.csv,1168,EPIC_NORTH,E1008942,76b35895cf9f4eb012cab715fe10d99b1a116aa80140090c69ba9115b76b6103,ed1a82e1daa29622056a4bb454659583283a0c22098fcee39f6eed8a1ef57b7b,2024-11-21T10:29:37Z,NEW_ENCOUNTER,,,
batch_001,encounters_epic_north.csv,1169,EPIC_NORTH,E4936286,e6348ec220355cd1cb373e3336f6740d2450f6ac79b671344352a9a0442eddb5,da0267ce02b08ed6ff835fff73b8279ff2df05e173063913811bbce21ce6a530,2024-12-15T15:21:12Z,NEW_ENCOUNTER,,,
batch_001,encounters_epic_north.csv,1170,EPIC_NORTH,E8496382,140deef7ab8abd0305f2e2e60ed849689e3729abb4c873854bf30cfe7ff72c3b,166b71ee5d051cec826b1307fb8f2adeab4e4189ced3f536e30119eb08005818,2024-06-04T02:02:46Z,NEW_ENCOUNTER,,,
batch_001,encounters_epic_north.csv,1171,EPIC_NORTH,E5874244,5e0e5962ab56784a949a0064644d3155b45f27951702bd63733ae85a9524d758,53b1e846b844f4049b53abcae7347006cf59d2317500096a3420ab46c9c8b2d3,2023-12-11T22:06:03Z,NEW_ENCOUNTER,,,
batch_001,encounters_epic_north.csv,1172,EPIC_NORTH,E9571877,6a64c1b008632d6dbb9e6b529c25b2595b124e63d47e3d3b32d087b3ef559ad8,3064fb238329d27361265ba148987ceb1965bd3dd01fe03cbe8476b95c8c42db,2023-10-22T15:56:13Z,NEW_ENCOUNTER,,,
batch_001,encounters_epic_north.csv,1173,EPIC_NORTH,E8873463,a0c635d9acad75f23726a42a741b6433f08a754989836c1ef10639cdc1f0efbd,7253bdfe3e23a22d0709456ca58f435cf9e8780ce4e7ba6015d4198c0ff0e72b,2024-03-19T03:42:55Z,NEW_ENCOUNTER,,,
batch_001,encounters_epic_north.csv,1174,EPIC_NORTH,E3751169,fad4056d33635db655069163235fa1a7dd8a6ed95a16c13a0f5735d2ce49b040,4d2d3127aa94fe8990a4154263da7ad7737adcaf519a201ea9b6f23d457dfa34,2023-10-16T21:11:57Z,NEW_ENCOUNTER,,,
batch_001,encounters_epic_north.csv,1175,EPIC_NORTH,E2920156,482ec55ea46502e0fe303822c913ae33cc76f338b4891dd4e2856ec2412566c2,05bd510e84b162aeb82a8323001c5aea75f7b4d24b0a387ab6dd9694a99d4c62,2023-06-02T17:53:17Z,NEW_ENCOUNTER,,,
batch_001,encounters_epic_north.csv,1176,EPIC_NORTH,E8441275,f61a944549a769603e1592aa4819cdb586d1c8d3ff4c7ca7f6bd93c4c55579d9,2189dd6760faf177cd1ed0f2a49b3ff658724d8e590343d6dd4cff3ca9f49479,2024-01-09T10:09:26Z,NEW_ENCOUNTER,,,
batch_001,encounters_epic_north.csv,1177,EPIC_NORTH,E1072561,8617c7c2a061e1ab3577d30cf188a4a0dfc7f909b2f91a30bf3130656361eeb0,84da4d911cb2c459c7c07ee73a86d1397f830d7e79ade1cf3bb64e174da5256d,2024-01-28T20:08:56Z,NEW_ENCOUNTER,,,
batch_001,encounters_epic_north.csv,1178,EPIC_NORTH,E1627041,c4dd7eaab5df69dbd55073adc4066a7d19f569250f68eca2954d5651e5126d03,6f5e2d108700ce5478d2da1dd9766378033ceb801aa2f3d7e3a18854954c384c,2023-05-19T18:50:32Z,NEW_ENCOUNTER,,,
batch_001,encounters_epic_north.csv,1179,EPIC_NORTH,E2653133,017d9637d424ed0b10166e2a96b808344037834990808f59550a5e3e1603ff10,66b8d5a7a683465d930c2eab6798fb76f2a17ec8da54fba6ce35c791fdbddcf9,2023-07-31T21:03:03Z,NEW_ENCOUNTER,,,
batch_001,encounters_epic_north.csv,1180,EPIC_NORTH,E9176645,cba0796341f979cc271b383274eed9e2ef9f0020e9db97ee3b3b6c94a732aaf8,cec89f82bb25d78a643858d3273ec97b50588eb10b72f80b4d699dd00885b7a1,2024-03-15T03:17:25Z,NEW_ENCOUNTER,,,
batch_001,encounters_epic_north.csv,1181,EPIC_NORTH,E5970796,35bf5d89f894f413067390e6c0cfcdee71829152b5e1b95ef9cb50665e970a05,c425d494242e042c478ccda30dd52ea206f35d82189e575f59dbae0baf7db558,2023-04-01T06:00:50Z,NEW_ENCOUNTER,,,
batch_001,encounters_epic_north.csv,1182,EPIC_NORTH,E4537574,bd73f8ecaa87610174121632df1391961fbd13f78e33dd152217649a28f9179d,df221d27e39f1620270075dadc3d81a6ebaaffb716ca57d9bc500752a81d9495,2024-10-12T09:16:09Z,NEW_ENCOUNTER,,,
batch_001,encounters_epic_north.csv,1183,EPIC_NORTH,E8656307,4825986e0cb8189a441528eeb6e72767cd6e2343b89edaa64c7546b75b1c59fb,22e6a998adb3fe3f64141f1e5e76337c252fb8f3c89d68cef1b08d07ebd8e465,2024-04-08T18:45:11Z,NEW_ENCOUNTER,,,
batch_001,encounters_epic_north.csv,1184,EPIC_NORTH,E8101402,bc1833dc18e61f206ed1faf94ae86aeaf8086ebec8b9677eb4d2590811883636,82c9d7526076be711bda5fcb3f2c8f956d49a93921a913f3e17d382b7013fd11,2023-03-29T09:58:14Z,NEW_ENCOUNTER,,,
batch_001,encounters_epic_north.csv,1185,EPIC_NORTH,E5467506,e829dca03e644ec631b44d9e114baa3c04749b9f08f345ca118de1949c1416ae,b086553e66e8e42b2e8f704f6653bd7d5184f59a6594cbcc263b63a9810dd825,2024-10-16T09:54:49Z,NEW_ENCOUNTER,,,
batch_001,encounters_epic_north.csv,1186,EPIC_NORTH,E7629632,0761c1d66c6aab027b483d57fb8254e093932d811ba6f57e2eee24f157b5d5d3,537715ca784333195e22d2f5b03c09c1cb67cda46ef09af838f59bb68f3ea1a9,2023-06-16T13:25:20Z,NEW_ENCOUNTER,,,
batch_001,encounters_epic_north.csv,1187,EPIC_NORTH,E5244981,e14660b17f176079fe26f977d1399a96f0bbc180669c10eb556fced07008b94e,8adfd2630cf0f735c6c83de779e703b8632e4b3ff2eea5a1af7be73750de41b3,2023-03-02T03:18:26Z,NEW_ENCOUNTER,,,
batch_001,encounters_epic_north.csv,1188,EPIC_NORTH,E3969962,53a1ad13054b09b41f9f4288627e273458ca82b78d816f6da7629d2842af86f7,75eb3b8de662843645cd739457b4f3e0fc71fb662ac97da7f754d2d5f8a6e407,2024-05-11T03:10:02Z,NEW_ENCOUNTER,,,
batch_001,encounters_epic_north.csv,1189,EPIC_NORTH,E1536793,4e008a30d1489da7f8fc2fe8a1093eb8b28a2f2a37f6d4fcea1f1b73e42e4acb,b9c090cffe114a20e050ab28d0586aa1694fa39fbf836ad3c2b13584b38d41f3,2024-03-09T09:47:46Z,NEW_ENCOUNTER,,,
batch_001,encounters_epic_north.csv,1190,EPIC_NORTH,E9686925,2b6d40458a9f9870b71debeda9d12a79ce5c33a3be54cfc2b91eae5536b7d4cb,f72a4e812a3d1a473b5b4082eb9e75b2c2eacf43389b063b0949159db61516be,2023-09-03T13:03:04Z,NEW_ENCOUNTER,,,
batch_001,encounters_epic_north.csv,1191,EPIC_NORTH,E9428944,40a97c21a47f7d96a446d54c028c3fe465f35048c2058ac8b178dab6afbda800,5b1b3f30ae7209bf6edee45efa89e5924e8d1a7dfd737451fb6fc40f3659b599,2023-04-02T05:49:22Z,NEW_ENCOUNTER,,,
batch_001,encounters_epic_north.csv,1192,EPIC_NORTH,E3087266,0a2f14dcfa67d20eaf78a797b1bd28d2c73c4ad7aee899189423846ae62c4e96,630b936c68d6cd1899688cdc701b946f6da176a8ddf17f3ed50dfb77a6966358,2023-03-18T15:43:49Z,NEW_ENCOUNTER,,,
batch_001,encounters_epic_north.csv,1193,EPIC_NORTH,E6779430,849ed167b03b25f45fb0b24b22917973040bc7b44a3a27961e7403fd4b7c7db7,cb8fffe7d5cc1b2b91f6e5fb90b9dd51e40ddcc3747cf2a124af5eb4303336d9,2023-02-23T18:15:17Z,NEW_ENCOUNTER,,,
batch_001,encounters_epic_north.csv,1194,EPIC_NORTH,E8683443,a134c4ca7e93984ecd90c3f1874603a6649759d34e42c8bb14f5c2ca287c76eb,14b299bac44808bb3570efee9623163692aa1128a74b7584e1334002684e743d,2024-11-03T03:19:39Z,NEW_ENCOUNTER,,,
batch_001,encounters_epic_north.csv,1195,EPIC_NORTH,E4062864,f2ea62fa0e3c71c2a7e14d94db4e2924310ad0f796155af856fcec5eccedf331,f9c04ff2aec2a13963ab5b5c3a319626532ff1ae13feb4b1534b85b741948e06,2023-07-27T05:47:11Z,NEW_ENCOUNTER,,,
batch_001,encounters_epic_north.csv,1196,EPIC_NORTH,E5696818,fb0ec9705caedabc2ae461e87caa51cd0bd712de97055cfd9f3ead675064bd0b,c5bd727488e03489a8755562ed614714ff5886a46b5c288672f4aebaaf81a0de,2023-09-20T09:48:03Z,NEW_ENCOUNTER,,,
batch_001,encounters_epic_north.csv,1197,EPIC_NORTH,E3509297,c12b4a7189c222a3e54ac3400fceb8b207e7fa0c6e260163fe13a0bbaa6fd317,d8dfa2e04a1970d2c585abfcd7d2c4771fbee87b5d283d6f28933d42f8fff331,2024-04-19T08:47:56Z,NEW_ENCOUNTER,,,
batch_001,encounters_epic_north.csv,1198,EPIC_NORTH,E5258747,87c48f346c9133a26a81f58912df6c1eaa36488be0c551ef3fcac1184921bd97,3614e87b3538f83054198a2e3f71f62ff929f3f67017da3f1ebc801107d03aad,2023-07-29T07:50:15Z,NEW_ENCOUNTER,,,
batch_001,encounters_epic_north.csv,1199,EPIC_NORTH,E2763641,075f102f716bbfa1a1e0eddb3eaab8907f71ec38df61c701c97b6623193554cc,d505f251077142da3b717beaac65f3fe334a0f4f498c666b1c9bfc90c08124c9,2023-08-14T14:45:22Z,NEW_ENCOUNTER,,,
batch_001,encounters_epic_north.csv,1200,EPIC_NORTH,E4054325,b90b1ef0da12b0479a59bce025f8c7de959a5218e146535b9ece779c3d8bc4ab,ba39e2c870f6c083fe053d6f53207756e6a3fb3dee537858c53fc54ff596533b,2024-09-24T17:14:34Z,NEW_ENCOUNTER,,,
batch_001,encounters_epic_north.csv,1201,EPIC_NORTH,E2719692,c3f9f2819cab0a0b6cf903a72995a83bdaf2723e912b6577a81acaf718fff2d9,a3f83700be9d2cbf98746c4da1bd88790d6de3f56420914165af71c9b749d1f0,2023-06-05T01:05:49Z,NEW_ENCOUNTER,,,
batch_001,encounters_epic_north.csv,1202,EPIC_NORTH,E8522417,b988693aab114fbad37eec54ff896734de5bb3736e50ea43f8a311f5a574b6a9,ae9e7332576b37a29cf42cd1a75adcdf8d9e5db4ce7924497337ae561ba228e6,2023-06-27T15:00:36Z,NEW_ENCOUNTER,,,
batch_001,encounters_epic_north.csv,1203,EPIC_NORTH,E7250964,9ae6e25c45a032afe03330885621b85bf59949fe4b2b9f8c19bd1e59d7efb7d3,a241a6b63bd0e1932f6b5887750298fb47b6435ff6fe592af91ec4cf38e1cf65,2023-09-25T04:34:19Z,NEW_ENCOUNTER,,,
batch_001,encounters_epic_north.csv,1204,EPIC_NORTH,E7071468,cef7a31e94573e60dd6570dbc819f1fce45aad72b31acfef884fef4cb60d7728,31352f5d090330d383b453fc94974ea0f6ca02f2eaecce464e58475168688a58,2024-02-05T09:44:59Z,NEW_ENCOUNTER,,,
batch_001,encounters_epic_north.csv,1205,EPIC_NORTH,E4179156,c3812637d821aae385e836f3bbeb0dcae28a4db2971107f8f8956fd2d6bdc55c,0c5b2ec1410b35c3d6118ce28736b7c7808aa755c24585f3c827c099564c35ff,2023-10-28T14:51:42Z,NEW_ENCOUNTER,,,
batch_001,encounters_epic_north.csv,1206,EPIC_NORTH,E4591487,0a0dd54852bc7d0ffc99e4dcbdb77ffc998aa9adc07f3026c6c9d1fe0768babf,5950c121756882a74955cff8b2692e80e091484565f4df3172fbb350bf355a7a,2024-01-25T14:56:01Z,NEW_ENCOUNTER,,,
batch_001,encounters_epic_north.csv,1207,EPIC_NORTH,E7869431,44683e08ee9e0c4e79ff8d85587c2c9548dd5c6803a4089349679c41d4b6af40,46d9b87fee6715e825ce8c8da5880536319c0297770745eb57c4c27b000149ca,2023-11-02T17:36:51Z,NEW_ENCOUNTER,,,
batch_001,encounters_epic_north.csv,1208,EPIC_NORTH,E3377126,8fa0e26b5c1f55576e022441d72917ad89c17b1bfa9af0a3e3551d6f841e4461,13efd771d5ed360d7e0db80acafb7150ff704c6ae25dd023fdf9464cde5ed334,2024-10-08T05:53:45Z,NEW_ENCOUNTER,,,
batch_001,encounters_epic_north.csv,1209,EPIC_NORTH,E7441258,a62e6a1f0bbbb030158c4a3349e1b0363891febabf912fc0e6b5dd04fd9e1aed,a95a429dfed8b3aa1ad80e0d3d3fc461afa447aef2bc26541ac9ad5e14be703b,2023-10-10T17:29:12Z,NEW_ENCOUNTER,,,
batch_001,encounters_epic_north.csv,1210,EPIC_NORTH,E7863594,f21796574622e280029eb41369bf092ecf628643fe70b8574600d60cf6ed18fd,cea584532abf844bb5f886e4d3d9440b0e7895406661f67c86de51aa0ea8eafd,2024-06-16T04:49:18Z,NEW_ENCOUNTER,,,
batch_001,encounters_epic_north.csv,1211,EPIC_NORTH,E1348191,c439568f6875d27c29a333611c31c6acf5d90fcf73954f26cc6f6c2c3fdbf009,af49f39a29ccb25383bc09ad096ab3f818a9c4b27b6e777f991cb22799830c6f,2024-09-18T11:01:07Z,NEW_ENCOUNTER,,,
batch_001,encounters_epic_north.csv,1212,EPIC_NORTH,E2746819,bc84cce068ce633a0efd4b9b36afa5e42812430139cd7a1327ecfe85ddf8e7d0,7e79e7b235108cecd736cbb2a56fbe7e5568e32f176a7bb1c74117db74d49fc0,2023-10-21T15:06:33Z,NEW_ENCOUNTER,,,
batch_001,encounters_epic_north.csv,1213,EPIC_NORTH,E1327734,e5671c8a738757b3778762bc87be533b54c7ae44f4e70b56c21bb78e23fd76e5,2c1a53c483f66cef8e0c5c9a20343f6f2bb91a3411a78e97b0c50b56803bac50,2023-06-16T07:20:41Z,NEW_ENCOUNTER,,,
batch_001,encounters_epic_north.csv,1214,EPIC_NORTH,E6962209,bbd330cb19005631b6e4dbfdf44dc9918b71634e7f02b7f5109994dba9bd5299,b9e7ad8b115ae1d3012b95ea6ba7928657b950f0fe2db67e5a4b2578f5543cd1,2024-11-02T13:37:54Z,NEW_ENCOUNTER,,,
batch_001,encounters_epic_north.csv,1215,EPIC_NORTH,E9004018,6394b04ce7d2290f0d88265b42564ebb2da2c9fa9805d63472fc7b93fae0bacc,ae6389d9203ed02860d36abf9c017927e9d3fe20fbb77371bbf296c7f1930374,2024-04-17T13:02:26Z,NEW_ENCOUNTER,,,
batch_001,encounters_epic_north.csv,1216,EPIC_NORTH,E2271696,87625fb3942ffecc1b9944ccc2af75dfe99d054aee43d4faa8527b219d119d7a,db9da9b50bf95284df38c39d88aa0ca8dfc6ed88a743847efa1882e8cfd2948b,2023-08-04T04:28:31Z,NEW_ENCOUNTER,,,
batch_001,encounters_epic_north.csv,1217,EPIC_NORTH,E3841839,45985875ba1ebe7403cb7a9e351d24b5b5435b03ae92ca06b25d2a8d3f48730b,5cbf90f4973f61236ede1cdd271a6598135f5d73f35cd81be330b97f0ee620ac,2024-10-25T22:49:23Z,NEW_ENCOUNTER,,,
batch_001,encounters_epic_north.csv,1218,EPIC_NORTH,E8982459,5f7372e7efd972883b60212bec6b66436182b52ea9c7215a048a88a9dcb57f3a,8dc56e14a31846ed258a82e6f4ac800c42ebf152ef99b48fc37bd282996f8ed7,2024-03-16T23:10:37Z,NEW_ENCOUNTER,,,
batch_001,encounters_epic_north.csv,1219,EPIC_NORTH,E9832623,c9da4dc0410d5fedbb223fef3fa039324110ec8dbf723a5b03759091156a4573,c50dafc373e1c7b6d10b1167573f3274a67b44a486f93d57e973693f77326497,2024-03-02T08:05:38Z,NEW_ENCOUNTER,,,
batch_001,encounters_epic_north.csv,1220,EPIC_NORTH,E3100190,6f79175212c7b5a1722f23aaf57e0a3e49d2820ac3da27e73b3e982783a0428f,8a251ba9a8d6d2aa6534f52611756a62b030aa49aa20938531a303e0264db079,2023-12-27T06:29:04Z,NEW_ENCOUNTER,,,
batch_001,encounters_epic_north.csv,1221,EPIC_NORTH,E7507756,945060ac06110949659cb391fcf0b1e1362f632ac9a5293dc3445694c3445968,e9eaabf0ef8f9bcf98478929fe620e089824cf456770ec1b08a196c5112c4053,2023-05-22T12:21:59Z,NEW_ENCOUNTER,,,
batch_001,encounters_epic_north.csv,1222,EPIC_NORTH,E6420046,ae9a1ed8b0a78ff6df30582774f2c9c9ab3902b48c88cbe7341b2acab3d69234,14b05bddc8dc47ed880d4f0021bf0f3bb945b011471be03cecf0ca3412b769eb,2023-02-27T17:06:18Z,NEW_ENCOUNTER,,,
batch_001,encounters_epic_north.csv,1223,EPIC_NORTH,E6267788,815b7eb91c6d49d40c78c0aad89cf7c6041a2e8603b64a2d6305a42e2fa475a6,4076749c0476c2e74e9c36f7945a46fdfc76d4257bf65f8dcf5817b41551bd40,2023-12-16T00:05:54Z,NEW_ENCOUNTER,,,
batch_001,encounters_epic_north.csv,1224,EPIC_NORTH,E5640774,ddf41e3e955cc4b3ab75ffcfd1535237f2816d9cc05614523cd04f3982b94363,8d2ecbbc62bf7e4194ddb506f63c588ce34f90b9424ce41d35cf1cb8a3e2de29,2024-07-15T22:00:14Z,NEW_ENCOUNTER,,,
batch_001,encounters_epic_north.csv,1225,EPIC_NORTH,E9934961,f8505c60669f020b1aca6936cd836dfb9ee4cfc2850e19ed6fac96127ad6ad1f,dc86068808cfa36e947a80c7958e9ac054ac5681275e15b9dd33b5502106f8e8,2024-09-12T12:42:28Z,NEW_ENCOUNTER,,,
batch_001,encounters_epic_north.csv,1226,EPIC_NORTH,E5249009,a6d56c47b20c4780b011c88b257cfb7043f6039e5dfd50e4acb13fa04f1fc123,1348869a58db2355d83fc551ab794b305930c9393c2bc02aaa666d297a021ade,2023-10-22T15:26:34Z,NEW_ENCOUNTER,,,
batch_001,encounters_epic_north.csv,1227,EPIC_NORTH,E5584137,cdd204bcb4e3dae19a164ff06ceadc6dfcdb12f68d1c88802c6d8fd01b012a92,2e91e220ceec51f1c653cf3c5b6588142a49089b70a43c8d4fb33bc9d299f8b9,2023-06-21T22:50:18Z,NEW_ENCOUNTER,,,
batch_001,encounters_epic_north.csv,1228,EPIC_NORTH,E9349968,28fac1e375ba224d10d926198192bc88c6c9d4ec842b6f909e0ca05e9e565c4a,70eee0eec9709c0a2bb9cbb292f29bbc0cf4dcbcf461ccaad3cbee7b565c67a2,2024-05-30T05:58:52Z,NEW_ENCOUNTER,,,
batch_001,encounters_epic_north.csv,1229,EPIC_NORTH,E1947725,f9057e4926095f084e82ed2d73c4f713410bfa29258238a4d1a2aa7b8af7cfb0,fedfcf8eadc2cf43319c4da49e8d79dfee592442045139ddb3b837af320ce2aa,2023-08-24T10:04:05Z,NEW_ENCOUNTER,,,
batch_001,encounters_epic_north.csv,1230,EPIC_NORTH,E3462441,18caf6dd3c21536dd7f9129f2dc3aba04154ed20ada875f45c52a4e200538eb6,6987691761cd692c58ac3599179f08f9d07f68349e924bef7daa15876a07ffe3,2023-12-10T10:58:32Z,NEW_ENCOUNTER,,,
batch_001,encounters_epic_north.csv,1231,EPIC_NORTH,E6059212,2608be3e6a912879acdf1bf527b5abbde325bafc926377b34fbe8aa20b8ede91,62f1ba1925aef85b04554bd7c350f6ea8ed38cc88c57c496075355a7b64318b3,2024-01-11T01:48:42Z,NEW_ENCOUNTER,,,
batch_001,encounters_epic_north.csv,1232,EPIC_NORTH,E7277980,06aa219b7e02f3d8b50ec1519d6fb18692bd95828d0bf561d60a65fadc4d9689,8b3c1d9af2552f356897505a31546f82733ab40e4a5e00171df155c493667c5b,2023-06-16T13:22:22Z,NEW_ENCOUNTER,,,
batch_001,encounters_epic_north.csv,1233,EPIC_NORTH,E1551173,a93fa8fb6f4de027ec0389050d92c07138fc813ea0c910ae41bea89ec2fb5e13,7143c9436cd41b68ca5499602caef598a65bcf954834c68238f0efcbe0bb4e10,2023-01-19T06:27:40Z,NEW_ENCOUNTER,,,
batch_001,encounters_epic_north.csv,1234,EPIC_NORTH,E2855509,868fc6279e09ead5b6b95c03121c3b194a6a27acafffbd18ae482b02787adc25,1fb5a757477ef8d7ceb2103f4fb778e47abb8251b52c0805ec7bf9c71d90e047,2024-03-15T04:54:37Z,NEW_ENCOUNTER,,,
batch_001,encounters_epic_north.csv,1235,EPIC_NORTH,E3913864,a495e7a26b48cb8274a628974cadc3ce2e4068febd41af5badf2d655493929bd,660682ba8c22f282b0e107109ce6fe0ea5a8f5c30a9c48900124a9f0415ac3ad,2024-10-04T15:40:28Z,NEW_ENCOUNTER,,,
batch_001,encounters_epic_north.csv,1236,EPIC_NORTH,E2885288,6ef07a5c80318be187db97c93790d5b7f28dd39d34bac68eab7cee3ece8d75e8,3a890ffafff28a11793d4582113665d9930a4e37b33a034e530c7e5c4b2c811d,2023-04-04T07:44:32Z,NEW_ENCOUNTER,,,
batch_001,encounters_epic_north.csv,1237,EPIC_NORTH,E2107082,17ec438b8e056a97de73d38bd77fbc2109386e8a433bf559cbb12a970298d2e3,ec0b6dc07a602a969e7562b4eb6a74b059b7dc199eb896101102332ddabff05a,2024-10-23T08:03:19Z,NEW_ENCOUNTER,,,
batch_001,encounters_epic_north.csv,1238,EPIC_NORTH,E3214356,f1c148d32eafc21d1f3906a0414d4672d39dad4cab21aed5f8a0cc59bdbd6d3a,e996b9818ae8e99abe91193c8971cbb8f7236f837ef6a034159b26404770e4e4,2024-04-20T22:46:37Z,NEW_ENCOUNTER,,,
batch_001,encounters_epic_north.csv,1239,EPIC_NORTH,E6546795,b7e620dc1c2d141b8d9efb75fa942c87c78895c143dc7af8879027c741488dd8,2898e35a94a28214d02510584f8a5146a9313050179553fb9ba49331e3f858ec,2023-03-17T13:22:53Z,NEW_ENCOUNTER,,,
batch_001,encounters_epic_north.csv,1240,EPIC_NORTH,E9137490,d47b1e1aaea0b9d35b8599cf43081789f46fc7f9daa738b425f3e2acf947d9af,9434d56906bb185a5ea11953897729bb47aa3c9f478c74a0e7b821e56f37e481,2023-10-18T16:25:14Z,NEW_ENCOUNTER,,,
batch_001,encounters_epic_north.csv,1241,EPIC_NORTH,E3627101,72d316e06731442464f7f965a95af5e34f353acf4e287a62e7bbc37b9ad44602,78f0dd6059b7d9465ab1dc993cc48251fa3d33ab76c72bc4d029d3c19b29b33c,2023-11-01T17:57:19Z,NEW_ENCOUNTER,,,
batch_001,encounters_epic_north.csv,1242,EPIC_NORTH,E9419659,1e62ed8e2d849e750f9c076c1afbb78a579d935e58eb58121fe7a472ac11b33c,66b03e84f13b78f06bec7372ebec361575d91fef4dd7e65d01652730b350a6f5,2024-10-30T10:20:32Z,NEW_ENCOUNTER,,,
batch_001,encounters_epic_north.csv,1243,EPIC_NORTH,E9700345,e82d72b3885c0b553be872dfcf908467d6014adb1a62f095c3b743821b7afa61,8ececbade518977569dcd7fa57fe6b91c8f2d8db8736297d40a15c30ed149018,2024-11-21T00:23:57Z,NEW_ENCOUNTER,,,
batch_001,encounters_epic_north.csv,1244,EPIC_NORTH,E5906596,7fc3e9136200e8bb8e77d1ba8961986018cc95e67eda62c6cb4b938a16d20183,a10002b7893145cedc2211bed4c4e6ef0cca1f43a01df28d11faad51731bf097,2023-02-06T08:20:14Z,NEW_ENCOUNTER,,,
batch_001,encounters_epic_north.csv,1245,EPIC_NORTH,E1112042,1930694a0bd121ae49ccc4479ae3f21b5774b5640822455fe076d7c9a9c495f1,6a3c8a9bc9e7afa29c8b3837f9cb10ab974bdc1f1302edefc04c36cafba6f904,2024-06-06T02:55:56Z,NEW_ENCOUNTER,,,
batch_001,encounters_epic_north.csv,1246,EPIC_NORTH,E3661689,40b973ba0605d24d8dda05238ae71efab9449c0156f37b3b7257a0fa315bb345,ddaa5baaaa284654db805b77098dc6fb336216609a66f7838d9f54b8f6a1690a,2024-09-14T19:49:40Z,NEW_ENCOUNTER,,,
batch_001,encounters_epic_north.csv,1247,EPIC_NORTH,E4903470,437a834b7449ed0de88a8e0602c52705d917ce41fe3ccb27c61f5a57a1891037,f0a3764ec1cf361dcbe4a4fab4b2ddea134c4d8536ab9f81dc842971bc644911,2023-01-21T17:38:44Z,NEW_ENCOUNTER,,,
batch_001,encounters_epic_north.csv,1248,EPIC_NORTH,E7810269,99c14830b018d6fd44c9183f61db03cb890df8b93892f203af3d457287ac7112,f8daed1150011ec103e530079b1370c5ec78756c77fbe1f52b47468460e31497,2024-07-08T16:49:21Z,NEW_ENCOUNTER,,,
batch_001,encounters_epic_north.csv,1249,EPIC_NORTH,E2303548,780d26f6f3b778087c7b31bc5ba140737aec41721da4c1eda759a8905fd25865,2226b5f6d0971823d9303d71086e787393d8d8fa9e6e4bdcc7fee4bbde75f32d,2024-09-24T08:16:14Z,NEW_ENCOUNTER,,,
batch_001,encounters_epic_north.csv,1250,EPIC_NORTH,E7586435,0c3183968c10d66a8c37ce620307bcdd29c632397871f88c5a76fcd50ac09790,b5308eaced1b9a7f4b96d0aa2155c9aa94ecdefb562ded7ec922c61b8bba8a55,2024-08-02T13:55:07Z,NEW_ENCOUNTER,,,
batch_001,encounters_epic_north.csv,1251,EPIC_NORTH,E7970001,beb03bf09d64bc7b7c7d401984c252fdc1e6d247324e2d17cda803138bcdf5df,3a98bf8d707a7e7148d5053bd940ec7188fb69efc7339915d802277efa4e0c8a,2023-03-29T16:03:25Z,NEW_ENCOUNTER,,,
batch_001,encounters_epic_north.csv,1252,EPIC_NORTH,E3291291,e9f66874499b1bb8244a07c4cdde7ab8b5205980e5913c6ea9e5fc74ec525206,a6b0a66dfda68abf1e2e5cf85f02670ff4661737f05a6445f198c7c17a89318c,2024-09-03T21:58:24Z,NEW_ENCOUNTER,,,
batch_001,encounters_epic_north.csv,1253,EPIC_NORTH,E4608439,bce4265e6fa937d15106712e60d3b126de2cfbc8483d27e28918d5d6ee2ed8ff,596b1cf9474fcbff5ec9b9578e402557de5b3c39003a538750ba54f50ccc4d53,2023-11-17T13:57:44Z,NEW_ENCOUNTER,,,
batch_001,encounters_epic_north.csv,1254,EPIC_NORTH,E8006052,471ebb50c6349a93e74eaa48d19f07fce4b7c3e4a9a986016b0139a5d993d2c9,8f8135a74d4357298277a953db17e0e7efabcd6542df8111ee7208a5f806ca47,2023-03-14T14:42:18Z,NEW_ENCOUNTER,,,
batch_001,encounters_epic_north.csv,1255,EPIC_NORTH,E7492813,ecbbe675c940927076357c0a39c49e2a997bd27e682ae185fe41058be2add596,3c5bc385e490e616ed0d16725c74f871ac59585227f5ffcb41c34391e2774859,2023-07-21T22:10:00Z,NEW_ENCOUNTER,,,
batch_001,encounters_epic_north.csv,1256,EPIC_NORTH,E2303199,b02925dee00edd1e08f8413fb8b06af708cbd8ec67043e1dab62e3aaba57abce,d8a8fbcd626879b0a9747f7a2e879ecb9f7994d80a03587d2a60486f38a302e8,2024-06-06T11:46:00Z,NEW_ENCOUNTER,,,
batch_001,encounters_epic_north.csv,1257,EPIC_NORTH,E4161546,30df88c8d3557bdcdbb1de4d898b9e9dbbb5400ab4b0e0ae39e4e764b5fa1b28,99da677f791189da4242e365c85aef62e7e2a66ed96a0dd3d14778e7f7011b20,2024-10-23T13:09:28Z,NEW_ENCOUNTER,,,
batch_001,encounters_epic_north.csv,1258,EPIC_NORTH,E5317104,6237eb4f3382a0f34e051d4d1132dc3e6dd89c48da01d0bf96aad5e7fcabd315,34100af5526d0be5d18f1051bbbe4f1b40d093e73035cbe0c4ef639ce73d1bfd,2023-10-18T03:49:31Z,NEW_ENCOUNTER,,,
batch_001,encounters_epic_north.csv,1259,EPIC_NORTH,E8322577,5e62f4d6770395873151829b64e8200ac4b7f528b5dfd7e8b2b34aea443f9061,9aa7eabc4cd882d826cb90a79be1a85caf1d03f5b7d962b8d403ad0e04e0113b,2023-07-22T12:08:55Z,NEW_ENCOUNTER,,,
batch_001,encounters_epic_north.csv,1260,EPIC_NORTH,E8613412,39a5f5fe05462afc1d82555ec69040719e32faadea844ce5b3076fefc85a5368,f771da21f1aed3ac7e249da94e671f7e4daf53de85880600f6858a77b435e113,2024-04-21T13:20:17Z,NEW_ENCOUNTER,,,
batch_001,encounters_epic_north.csv,1261,EPIC_NORTH,E6799462,2d1838264d21f0679229598094ea3fb64157300e7a1403a83467c46639a3dac1,8d8953fa4c84912a1a4c4fe0555f9ad51541b1fbf970787a45fcea667d640a2e,2024-01-24T14:54:10Z,NEW_ENCOUNTER,,,
batch_001,encounters_epic_north.csv,1262,EPIC_NORTH,E1427914,40e6d123b008b2ca806397c05cebdc4d71c60e9d44d28955dc603bbed52875f5,16eec18163509488aea5ab7641442e84dcfa695145504a8f09eb704fea7ac7b4,2024-11-06T14:13:43Z,NEW_ENCOUNTER,,,
batch_001,encounters_epic_north.csv,1263,EPIC_NORTH,E3607723,284eccad00e9722d312ebf03667785075854e65612d46748f292a3389be98e7a,43e181e58698b4c6f3ed1f837d0d37c639f61daf055caf87acb0fa5f34fab7cd,2024-08-20T06:39:20Z,NEW_ENCOUNTER,,,
batch_001,encounters_epic_north.csv,1264,EPIC_NORTH,E5519231,10159b43c54d08a4f403b08a982c10611e96d832f0cbea8959f3ed545ad4bd6b,882abd3af8ca328eee2350523181414fbbe4abc53ae3b5902f111928b570b57a,2024-05-24T04:44:09Z,NEW_ENCOUNTER,,,
batch_001,encounters_epic_north.csv,1265,EPIC_NORTH,E2587226,99d56a4045c4f9ec2a0b3750e162f9085a7a5d6907565a34ea38aa076b67ddb3,04ce2b3b3e830d1b83b2d89350f87ce6aa877e3d978dace39b70f11c426f64bb,2023-08-24T08:34:24Z,NEW_ENCOUNTER,,,
batch_001,encounters_epic_north.csv,1266,EPIC_NORTH,E6886352,e3407d4eeb4af6b4218004f8e0ae3978ed81a45c5e5ce3b0a7dc062e002bc560,7c6cf252bd2fa579dd0bbcf23fedae07dbf47e620daff281f88ee9898d69895a,2024-07-22T19:57:47Z,NEW_ENCOUNTER,,,
batch_001,encounters_epic_north.csv,1267,EPIC_NORTH,E7351619,d4250fe99301be7f0b788030d30e801a6d7e01af0eb61f7d56ef4b6a444b8828,f9ec357774fdb7265fa9292cf0bb46ce46ab74a2afa1db6e1fefbeeb2302d14e,2023-12-08T12:08:21Z,NEW_ENCOUNTER,,,
batch_001,encounters_epic_north.csv,1268,EPIC_NORTH,E2543782,84bddaa316d001b917003cf49c58815c8375404b3a46a45c4d99d4e3efaa168d,17f7c57873592afd0f215a51baabcbe7397a03010052e1c83d0114ed5df44dad,2023-09-28T17:04:29Z,NEW_ENCOUNTER,,,
batch_001,encounters_epic_north.csv,1269,EPIC_NORTH,E4119267,633b3df6a3732be4fd75fa8ea01df7e6d20a8d9302fedd8c38b0d404693faf4e,1d18e184832a0bb8c930731065efafbf5d5ddc1c741e3bcfc1a24b7d03d91468,2023-08-05T11:36:20Z,NEW_ENCOUNTER,,,
batch_001,encounters_epic_north.csv,1270,EPIC_NORTH,E9602578,0d09b41a8d0f57ed9791f63d63ed6233573127cc7e91b7c6cdb6e6f2af4d04a3,84e49407fa0cf625cc37cb18f94dc22a17f3d609a257dd8eeedc372c82360873,2024-01-31T00:14:52Z,NEW_ENCOUNTER,,,
batch_001,encounters_epic_north.csv,1271,EPIC_NORTH,E8784200,70eb4af409d0ba5e45268356dbe0b0b29a47a661498f4c915a1228c1bbcb76c2,b6407b483243785a21ff495dc15e4547309f03d96a04e2c50c6af58796d7dce2,2024-09-11T02:53:09Z,NEW_ENCOUNTER,,,
batch_001,encounters_epic_north.csv,1272,EPIC_NORTH,E6874762,6cb4f718cff7d10b222fdfb6e3fdc723a4cbd5c3293c85f61c69990467ebd0d7,1b674d8b2903e9ad627a7c80838ea9f5068eb01f21cbcd2645882fae852a872e,2024-02-21T14:27:12Z,NEW_ENCOUNTER,,,
batch_001,encounters_epic_north.csv,1273,EPIC_NORTH,E7543833,c41d5b1d63ae074cab4c7456a504e52e50b13fdb624a16313d866be4c5fee492,8c1552515aded9a9a35478cb76455593469d2d10f350b21a05b1988cc5ea25e7,2023-11-10T10:42:38Z,NEW_ENCOUNTER,,,
batch_001,encounters_epic_north.csv,1274,EPIC_NORTH,E5883569,5c60b834a56aaa3f2b66e22b9d6f6a510e517908fef18403cf798c6eb2aea506,afeca0f38993f0a3186a0513c78c179ee8d5065766151e2a1422083c4b72a69d,2024-11-22T22:23:46Z,NEW_ENCOUNTER,,,
batch_001,encounters_epic_north.csv,1275,EPIC_NORTH,E6100621,38291732baf319a2b920b1e6310fcbceb7bf4d7bd99bee486d253b387eaaf71a,5b4bb93a4aa45c755106d60e946ee605a12da67664b0dbbd4be394837a0c811e,2024-11-01T20:44:43Z,NEW_ENCOUNTER,,,
batch_001,encounters_epic_north.csv,1276,EPIC_NORTH,E3924393,dcdc5406027bff7347d5773b4e89c8448dcd6e46052692652f0182119ea45900,8b1db1d725d0da83868423f45ffb8123147141b09254d9d52ea009c6cdb148a6,2024-04-12T17:13:35Z,NEW_ENCOUNTER,,,
batch_001,encounters_epic_north.csv,1277,EPIC_NORTH,E2639763,b6e21060d63d936e2fa68c970e875cb1d5fef5726e71c5d40b4620109d32eb6f,1cac2de3571885b31d86b0f67a72322d65f547971d712c359f17d4f3edb4f894,2024-07-29T16:35:31Z,NEW_ENCOUNTER,,,
batch_001,encounters_epic_north.csv,1278,EPIC_NORTH,E7094594,264af7f9c3ef1179d21993cac6d34481337ed9ce2befe9ba9e1f3427736d929b,3f52c24bd258347536a96f26eaf4128c5d54726a92ad2ebc8490d621b361641a,2024-06-05T12:09:28Z,NEW_ENCOUNTER,,,
batch_001,encounters_epic_north.csv,1279,EPIC_NORTH,E7839327,5011590e0160e8256a22e9e78ca40648fd2699c2cdef4b5b920b32a6c15af4f8,c08fe6415741f9852790f231f37bedb8e2624b05ae12e8decb564c1eb9a102fc,2024-03-19T09:51:29Z,NEW_ENCOUNTER,,,
batch_001,encounters_epic_north.csv,1280,EPIC_NORTH,E9873275,9583d209d0b26843bfc2d1fc57761a5f047e357c72359a3c1f1d6df206a95cb5,5a9cd61fc3cbe70efd721f7ab68f874f0d2aa0b1247c8266d136aec3988c26eb,2024-03-20T19:36:34Z,NEW_ENCOUNTER,,,
batch_001,encounters_epic_north.csv,1281,EPIC_NORTH,E4802405,cd74bee63bc23c56f5574b75e47ff39803276024f9e5d6f7e1262ee62dd1bd16,0c7bd5907907a29c3d510f7cbda0f04da291ae55d953fccc042495e1a8ee9ae9,2023-04-09T21:48:34Z,NEW_ENCOUNTER,,,
batch_001,encounters_epic_north.csv,1282,EPIC_NORTH,E2491276,d2f52ef4612dea46714f1292bc619617dd34b1ca99b2e48ece46ee548c604a1f,bca78e8b6dfe09fd0ac6614042c3b8298ffd50b0b0cab3c89d82e73765c8b43b,2024-05-04T21:36:15Z,NEW_ENCOUNTER,,,
batch_001,encounters_epic_north.csv,1283,EPIC_NORTH,E2103519,4141d9a6c7d826e219fe2c441124f33cd8ac7a40519a2af418fe7705c3a8f975,3689f202249b878cdb668493b86dc43662699d0309f168794bb41710fe21a8a9,2023-08-23T16:16:27Z,NEW_ENCOUNTER,,,
batch_001,encounters_epic_north.csv,1284,EPIC_NORTH,E1134119,51c5c0e63a2c1826995cc6c0ea769c998fec2855d4c7d7bf5811b842e8330063,0bc0fc5f504b557c4f5a5f7ee56fdf4e7d2fbe7a4c8ea0f8a63fe47dbfff95d2,2023-07-07T00:25:36Z,NEW_ENCOUNTER,,,
batch_001,encounters_epic_north.csv,1285,EPIC_NORTH,E7144004,36eab764487138a252e0ebbfec438c28b1b5a05dd664f588e9688b124e84cb94,02bded5150727386786ec31e5fdb61fc13007ba9fa4b6d9c1ed284c5175744d1,2023-10-06T07:02:05Z,NEW_ENCOUNTER,,,
batch_001,encounters_epic_north.csv,1286,EPIC_NORTH,E3347874,ec540ddf007f33db6b5d5cc574be0b5ddc2371974a969b10c65a9b7314b21075,99659a9b4a99fdce0167b95dcde7fd0d348d2c1e8a5a94c67017caca5325e87c,2024-08-20T03:00:20Z,NEW_ENCOUNTER,,,
batch_001,encounters_epic_north.csv,1287,EPIC_NORTH,E2501228,dd6acbdacfe89d687216c7f2754057a9a29f29c130f6586e73bae934447de5a4,5ebea6cdb9835bc9e27585405ae92333bd89324c9976b70a03d6c1af287e46e5,2023-03-18T21:35:58Z,NEW_ENCOUNTER,,,
batch_001,encounters_epic_north.csv,1288,EPIC_NORTH,E8134203,c1cecbdf967569cb8217ba0898f26853b5265d40215c254bd6672f4961353037,e7b8f86f0205deeecb4b51fddb47e2151838dae82cae96e4c65e05bdd30c2b9c,2023-04-30T08:53:03Z,NEW_ENCOUNTER,,,
batch_001,encounters_epic_north.csv,1289,EPIC_NORTH,E9227003,0b0415ea9d8783325aa3d32da60a8f677ac48322e88f52ebcb8c33ae9e7ba3ba,a530a5f9e32e89bb0bc0a46d1dbcfec232bb0c2407c4ade1cbda9f27bbf7ef5b,2023-04-08T15:46:28Z,NEW_ENCOUNTER,,,
batch_001,encounters_epic_north.csv,1290,EPIC_NORTH,E5765656,b9e2e8a06465fd0b378ecc96eaaa4e1ab609afd09501aee8aa978f5f46dfbcff,6622f505c85719b81040b3bc74ab99ac58efa4a7f089078f2e9131d068c2e00d,2023-12-02T04:31:10Z,NEW_ENCOUNTER,,,
batch_001,encounters_epic_north.csv,1291,EPIC_NORTH,E3710407,3696f8f7bb2c0412c48faf29d50cdbb80ffc755f425fde501b74db3a08b783b0,7f27d7c7b06998786207c9b37341c9db867c836e101ebd8b3f76903dbbd7618a,2023-09-10T17:54:33Z,NEW_ENCOUNTER,,,
batch_001,encounters_epic_north.csv,1292,EPIC_NORTH,E6183055,7e418651c711249ac0f1ba70ab7a2d50d2c1097eadfd5e0373e14253cb0044b6,1327ad22c92475ae3a04876454e4aee6d078d87e2c2a52b79c506f079feaf864,2024-07-23T12:43:31Z,NEW_ENCOUNTER,,,
batch_001,encounters_epic_north.csv,1293,EPIC_NORTH,E7293682,e5a9f0cd60dcb22ca3b0a020b3ebb40bc07cb6be4895a6913b0521b716373413,c27eaea4bc80a3f3b41be1b42125480792fd92971ae11df956822f6bb8ef90a3,2023-02-18T11:21:15Z,NEW_ENCOUNTER,,,
batch_001,encounters_epic_north.csv,1294,EPIC_NORTH,E7046277,660210627c678cb4f7971a62ac62282749c3f11771e2790e71b57f0e0b35c570,67a606efccf07ef75f1084f3bc789be15823b724b0c8a19b36f134da5180815c,2024-10-29T10:25:51Z,NEW_ENCOUNTER,,,
batch_001,encounters_epic_north.csv,1295,EPIC_NORTH,E4175648,e93237de1168ffea93a09e55e86d7d416f7545f42871b2f04cf658e3dd5736e8,9c4b7985b1bea6cf8a2a31b4b51c3f5083342e8fcbe13ae389dcb83c6bc24cbf,2024-01-28T00:43:05Z,NEW_ENCOUNTER,,,
batch_001,encounters_epic_north.csv,1296,EPIC_NORTH,E4693216,ed790c8d80aa6843cb4d9331955ab97b3eb8340ccfece42b6e762a8a46711ca4,4b194a95a3b2fd531db38981d8576a339a3cc3d4a9163c17aa45938dbea96219,2023-10-18T22:42:09Z,NEW_ENCOUNTER,,,
batch_001,encounters_epic_north.csv,1297,EPIC_NORTH,E5107266,2161987da1ce1158e7a2d7522c7ce988e08b3303553e8d3822db71c2d30ed66a,72df1be0f54b025a129912961ed6a742f4bc8e392eade36e2b7850257eff5d57,2023-08-30T12:13:45Z,NEW_ENCOUNTER,,,
batch_001,encounters_epic_north.csv,1298,EPIC_NORTH,E7427221,1a563be32bd63c14dda294ff50ae5389600d901ae393bc3a02872021e855d21c,9402e7694453ead7035fc08f77546b147a3ef7f7ce27b59b05e667a3e3f78b86,2023-05-23T12:31:24Z,NEW_ENCOUNTER,,,
batch_001,encounters_epic_north.csv,1299,EPIC_NORTH,E1058039,e2ae68205b09a820efabad44b3503ab58f5d9cec9c4a80af549b36c8e36a56a3,76e20e1ce725ee91723cff5d0dd60f9757e9c1c7f954f713fad51f097504ae98,2024-09-17T11:21:03Z,NEW_ENCOUNTER,,,
batch_001,encounters_epic_north.csv,1300,EPIC_NORTH,E3926292,d1ad754e2875f38cca22092d31cdec3a30bef50074261b836495c1cf406b2d2c,a96c4b744020e92a3b584687cc60751fe3cae2994f286f66fd937327839f4f7a,2024-12-16T06:28:00Z,NEW_ENCOUNTER,,,
batch_001,encounters_epic_north.csv,1301,EPIC_NORTH,E3834395,6ea3dcb2828a3616caa5b6df0efa11eeedeaea64f16f169b795f03446187cfc6,649e968cb39f92eb589a8ea0b8294a011c756b8cd84efee26aaecd1f135f1ac0,2024-01-02T17:57:02Z,NEW_ENCOUNTER,,,
batch_001,encounters_epic_north.csv,1302,EPIC_NORTH,E1227492,ab94dc942d6256843f018b1759c178df1c37a0b29ff92206ca989ec55c7ff2e2,7723ff4bf5fc784333ceb6e605e89f57363bf664ff611e377460a3aa69f04b2e,2023-10-09T23:26:25Z,NEW_ENCOUNTER,,,
batch_001,encounters_epic_north.csv,1303,EPIC_NORTH,E6206266,f5621d5cc496524b7801f3fdcfee5627e012eb67a19f09c8e7b100dc81f07801,c5006f5313694484519fb333a1fd9c1d4eb28540b887f7efbb0c98aedf96fa44,2023-11-29T00:28:47Z,NEW_ENCOUNTER,,,
batch_001,encounters_epic_north.csv,1304,EPIC_NORTH,E1415066,504349a345974bedab826c28dbd9ae2864b9254e9df215a6c541525468d88683,41957f14f1a874eebdc195627512a54b0317f422d0013287ea76d35a401efa13,2023-08-12T21:41:48Z,NEW_ENCOUNTER,,,
batch_001,encounters_epic_north.csv,1305,EPIC_NORTH,E3698825,c33eb73b0efac8be03c9035a3fa1b31868840d2e188724c94265a21a2bdeabdd,d731fe2224a288e7f4dd0390a8b6e92e1cebf41c00e849881ebdc6e1cbf2686e,2024-03-09T00:11:24Z,DUPLICATE,DUPLICATE_IN_BATCH,EXACT,
batch_001,encounters_epic_north.csv,1306,EPIC_NORTH,E2094270,fac7c6102c144081db011dfa5a24fb9da7879f1fd6a6eeaa50914e2d084bfbf8,84ed39ce32f42c29479f0803fd6713f034aab0ae1bfedb907f1d414dd4420318,2023-09-23T09:36:23Z,NEW_ENCOUNTER,,,
batch_001,encounters_epic_north.csv,1307,EPIC_NORTH,E7641087,f65ec8cd6f6e857fb11464624fba67127509e9305fb44c6dcea0221db1f38a74,8c1c9989d38227055c1eb101d4eafaa573ef1383f60ce2e381b82ea162c7fa46,2024-11-14T00:05:29Z,NEW_ENCOUNTER,,,
batch_001,encounters_epic_north.csv,1308,EPIC_NORTH,E9471317,4e1d2f129077762b6270b4b367d631237f811af6162fb2738b67efdf801b2b3b,f1d775f548e1c54818838563fe9ef8e53f6788c5042d77de319668ed8a9662b5,2023-03-03T19:03:25Z,NEW_ENCOUNTER,,,
batch_001,encounters_epic_north.csv,1309,EPIC_NORTH,E1590744,48a48361dbb713db0610deb56062e0dc777a10cf324ad2828d0f0385f925418a,a415bbe7a7a17e0ffefd4f110c11196e4f4f69e72b1c3603e7c4cc746c066c41,2024-09-13T17:16:58Z,NEW_ENCOUNTER,,,
batch_001,encounters_epic_north.csv,1310,EPIC_NORTH,E8639958,9fe01ad545f81d842d0723160efc90f279cbe52ec282a8cf52eca0ea9734939e,77b6cd377d6484512b78e8fc0a5cc664a9a04af24e12ceded7a7211198b41839,2024-05-28T12:29:26Z,NEW_ENCOUNTER,,,
batch_001,encounters_epic_north.csv,1311,EPIC_NORTH,E8396754,643639374ba66434228a7fc948f9c1ccb25711c11cf42d16a8449f6de0c74e79,675b3a2cb2d2c095275f119be46353322dba2ccfce3df6572596a4d3ffceebf9,2023-06-13T19:41:21Z,NEW_ENCOUNTER,,,
batch_001,encounters_epic_north.csv,1312,EPIC_NORTH,E3358059,5a0a457be9cb5e78082734d9a7cb14a32b55384b28dc91c83825c7327c654429,ede8e7806a4627b8f97b04fbbdea232d9b1a8ab8a02b1694f80231d09cc95339,2023-06-04T01:37:01Z,NEW_ENCOUNTER,,,
batch_001,encounters_epic_north.csv,1313,EPIC_NORTH,E2135420,67b3440cb45bae2b2ff73fa10324e6e86c370a43ce85b1bf50439f5d088377b0,6ed2fb3c2faf39d75a7566d4675f71a1660d8c391a561f2ab3174d62ff2355a2,2023-10-13T14:23:02Z,NEW_ENCOUNTER,,,
batch_001,encounters_epic_north.csv,1314,EPIC_NORTH,E7434457,ca685f69e398452d3916442b68250fee546ca856f1f0c67f232009f2c5d275f2,5a2ede4703c04d7ac6f07da01af38fa873f4c16e00f79c9720a5660759cab02f,2024-05-22T07:22:59Z,NEW_ENCOUNTER,,,
batch_001,encounters_epic_north.csv,1315,EPIC_NORTH,E2798430,97351719b7ca4c2b9b2b7458a7112dfc43142b6f33c325cdcfd3af600b03c1b1,c9fddd55c9618b88563acebbc2405641edb3d570b82dc609cd6f9931c2e4d84d,2024-02-26T13:33:14Z,NEW_ENCOUNTER,,,
batch_001,encounters_epic_north.csv,1316,EPIC_NORTH,E6309214,3312a587c7b89ec0915cae4070df65e8e34534d1d564dd48bbc450b7ed2a60b1,39111352fb7aff0ba49269a111db6ddda5a6514acfb68b6842c8a3fc7bcaf1fe,2024-08-22T03:48:18Z,NEW_ENCOUNTER,,,
batch_001,encounters_epic_north.csv,1317,EPIC_NORTH,E5273945,899ace7a580de68a6ba066736fbae5e34f9099d7c97fd07df3aba15fed74cc5f,8a8c2fe254580cefe85f9b52bc7afdd52bb82b08f9e7470729328ff511e584de,2024-09-03T13:16:08Z,NEW_ENCOUNTER,,,
batch_001,encounters_epic_north.csv,1318,EPIC_NORTH,E1716112,a1fea512e4d8d393acd0efcd60ee7658b812603a637ca21db69b14277b2a07ca,aab39e30de10b08f8e9f1be72fcd132be3689cfebd12a1f17b6456f5a8f6837c,2023-02-04T10:37:00Z,NEW_ENCOUNTER,,,
batch_001,encounters_epic_north.csv,1319,EPIC_NORTH,E6100850,cfc0d2ddccec9b2b905363b9e7b4ecddebc8e36d5b0e6045c10bd66438808418,268d0f4beba619b1940f3f420ab9273a18ea1e04748adcec031c8f19d0e6f3a3,2024-08-31T08:33:46Z,NEW_ENCOUNTER,,,
batch_001,encounters_epic_north.csv,1320,EPIC_NORTH,E7419735,ffe9eee82cfb8be998929e7482097dc8cba943a521f494af8670230ec90f951f,7f59cc56a538fc744faa4f6fae49c4d093c35a4466841fb70d411a694b982a1f,2024-09-10T17:18:57Z,NEW_ENCOUNTER,,,
batch_001,encounters_epic_north.csv,1321,EPIC_NORTH,E2751495,ede6b902ff4a7d07d7daf9321e25150fb11aa0eb624b65db9a8e72152c387828,64bb64e04fdc0be9567e443767522d0723ee905f5024291d93a456795dce2860,2023-06-25T11:20:45Z,NEW_ENCOUNTER,,,
batch_001,encounters_epic_north.csv,1322,EPIC_NORTH,E3426335,705bd5ea6bd6e0a21ef76de95282a6b321e8cdf35e682519da30e057c53dd161,6a66f194e6c3e3cb0bfcc7e187922c4e352764dc4eb774309df5e4721ce13596,2023-07-20T18:52:15Z,NEW_ENCOUNTER,,,
batch_001,encounters_epic_north.csv,1323,EPIC_NORTH,E3543316,621bd05ad80ddd43c4c85b5f6dcaba32e90e3d1ae7bb795ffd329ff4a42be32c,586e4f66fd5c04257b3b5aeca011bc84440c6684390c4a87cf1c5adbf97b40c1,2024-07-07T05:12:11Z,NEW_ENCOUNTER,,,
batch_001,encounters_epic_north.csv,1324,EPIC_NORTH,E2543626,643012bf625a875c5ad34fbd88e7df6b63c7cd98e60805ef833e3993a3f7bf44,00dae00d29a3acd96a0b1a28e13fc7e06f5298f483344388f978da1dc8ab349b,2023-10-18T18:10:49Z,NEW_ENCOUNTER,,,
batch_001,encounters_epic_north.csv,1325,EPIC_NORTH,E7688019,b1fc4fa4eb7a3688bace304129e9e17f3bae452f8ef084251d33f457178cfc7b,9fc2ad55e19a162d047e74bce0ee703d2498b6d59049b37dc824cf1e9d7072ea,2024-12-01T08:26:53Z,NEW_ENCOUNTER,,,
batch_001,encounters_epic_north.csv,1326,EPIC_NORTH,E3740161,bef14d5108882a7a8d9f69ed7446b6d6788e8c0ce49cec0f7049e0612b8a7c86,3c04ccc1c48e8af917d25dd9e0f3528b548b3ba68597353b9da1292042c890bf,2024-08-01T00:23:43Z,NEW_ENCOUNTER,,,
batch_001,encounters_epic_north.csv,1327,EPIC_NORTH,E9331867,84d30f46379421d6973d3f3371a91f751e04e1ad0e2188f03e2ea3d4821d7235,7e34394bd51de54036ae1410c429e35dbf93c74acde89a9922fc05517200053d,2023-09-13T14:02:53Z,NEW_ENCOUNTER,,,
batch_001,encounters_epic_north.csv,1328,EPIC_NORTH,E6626644,398d150861eac7f0dfb17561ca26d3a0661670b0798a8384d1b9670e5775fc75,ee921057fea33cd4f1b1e9fd642501fcb1651a8584b27d26b2a503a4205e6877,2023-04-09T10:01:00Z,NEW_ENCOUNTER,,,
batch_001,encounters_epic_north.csv,1329,EPIC_NORTH,E6619618,c009cef130e41b1cba2b2b638452118dfd71edd21fc4194418b03012dbe5bec3,53b6d22743d41608fc241a182958a00f7b4d0f3ae5353f6774896f17129207d1,2024-07-13T06:25:01Z,NEW_ENCOUNTER,,,
batch_001,encounters_epic_north.csv,1330,EPIC_NORTH,E9096265,c2be8cd4059e2e783e2af3d08e547eb168dfbbec6e40a01c492c83cee5b974ae,93647bea63ada26b18d1a1966eaee2cb493517659ac5f6d6b3fc1909ccb48962,2023-07-06T11:51:26Z,NEW_ENCOUNTER,,,
batch_001,encounters_epic_north.csv,1331,EPIC_NORTH,E7417843,cffca29f6394f8a4f78f21ba779de3f601c55a15f1c5f5a1ee98b337af20d013,6385a573bf9fb1958a38636f8f23442670cdd75e2b5d4644683a2c0fce3cf0a2,2023-03-17T21:46:40Z,NEW_ENCOUNTER,,,
batch_001,encounters_epic_north.csv,1332,EPIC_NORTH,E1010292,d367aa5eaff49ce324e2c4067c0c44fcb4f86f3b0814bc342600db6db0c562c3,4fe234d765c65c50f514a7e18661d6076a16f9b511ddde31134d40038cdfbd33,2024-12-03T18:16:56Z,NEW_ENCOUNTER,,,
batch_001,encounters_epic_north.csv,1333,EPIC_NORTH,E3346081,f6db961b52df2876b06a88249190cdf951bb885ead0943246667f08ca8230e3c,3c007c1aadd088125ab861d3cf5a1676efa3829c18da78880bc707f22b540ea0,2023-03-19T08:23:15Z,NEW_ENCOUNTER,,,
batch_001,encounters_epic_north.csv,1334,EPIC_NORTH,E2593611,360c4b1ef07b5c3feb37833b4373fee307f23a1c8434d95f61c886bd41228bf4,17050fb1789ac320a9998e7a5f16ec86950bc6cc8c6d47b589d906c080cfe7a6,2023-07-04T04:21:44Z,NEW_ENCOUNTER,,,
batch_001,encounters_epic_north.csv,1335,EPIC_NORTH,E9435643,8fb48415811c43d30bcff823ac8d28032ecd93c3bf7b04849708f338fa746d67,06dd4ab049286098f55e9ccd8ae3745f2f2a8628b25da48c63495e14ed19c1e8,2023-06-12T02:15:35Z,NEW_ENCOUNTER,,,
batch_001,encounters_epic_north.csv,1336,EPIC_NORTH,E5069493,906828bbb2b7a2d0b5244d0f0973ef086cd8bf74c87dd34cd15d2dd7dd244e7f,fd9bbe370cacfc4728855319407bb8e45ab0b5e98782d9524fffa4ec75359364,2024-07-30T03:32:56Z,NEW_ENCOUNTER,,,
batch_001,encounters_epic_north.csv,1337,EPIC_NORTH,E7809908,48594d6c96dced7f27d0f7a08fc5549c9f082723f53191befce45cd5ad4cb505,cae039b3e0153086ef5f9c55afb4eb8f8e499012bdb17237dc3b3f3db91ba2c1,2023-12-02T00:39:24Z,NEW_ENCOUNTER,,,
batch_001,encounters_epic_north.csv,1338,EPIC_NORTH,E7299382,25c13ba52765a1d0e178b8f8ec2dba91ee8a73dc8d9c2e59494880c94cba0403,3ac65420431ddc4870e4ff02494d07b6e0fd7cf917c3ad0a52554e45756eddb0,2024-06-05T16:06:12Z,NEW_ENCOUNTER,,,
batch_001,encounters_epic_north.csv,1339,EPIC_NORTH,E6495907,7b835b2f5b6832f25209fd3da08a0b060ac2b44a1488b86181c666c97489199e,d944ecae40b5c2c00b51ed06bf0b669a618072399cc2123f1cdb6c9fc84d5611,2023-06-22T23:58:42Z,NEW_ENCOUNTER,,,
batch_001,encounters_epic_north.csv,1340,EPIC_NORTH,E5622839,bf7aeb5cf7775cab8fb5b188ef7a9a577ba850b2855cfbd1ac328a92076f2b2d,1d1d20e4ba2de497ecf69eed73a673e9809af0352c6a1327a87d84e0c467f6eb,2023-05-23T15:08:53Z,NEW_ENCOUNTER,,,
batch_001,encounters_epic_north.csv,1341,EPIC_NORTH,E2718851,410c2915536619d916d41a635dfcba58a3b00cd0d97dcccc13c31ea96e372282,75b5ead02a954c4fb5e038238e2d1ed13a8e09e5c035e37f0747b59aea9d6e56,2023-10-25T06:36:17Z,DUPLICATE,DUPLICATE_IN_BATCH,EXACT,
batch_001,encounters_epic_north.csv,1342,EPIC_NORTH,E2087019,637ded505bdbd1299d7bcd151ab0dfc2b257c92048837d6ff310b3e4b2a8528a,760557128add6daee70b9b4339370bb9011d12351a7eb146d3d91c89127a5a99,2024-12-14T14:05:20Z,NEW_ENCOUNTER,,,
batch_001,encounters_epic_north.csv,1343,EPIC_NORTH,E2403946,068430cab045de97d8f3bc88e8d458177016c91a6352e8a1d54bd8d66c11f7c8,f4fdfbb026ec08deb3fd5a99ab980734f8095470ec0c7f9a8a7f0728e17a7e04,2024-04-24T01:51:06Z,NEW_ENCOUNTER,,,
batch_001,encounters_epic_north.csv,1344,EPIC_NORTH,E5667383,a42682869537f84e6ba6986fa9c4d0d76e41c2da32aef5036276f238a2f5b4a6,1d4bf01ec2b5a0eacc8b195ab5d1bd4d74be17ff4ddc6bb4e74636d24a529f9a,2024-12-16T20:18:50Z,NEW_ENCOUNTER,,,
batch_001,encounters_epic_north.csv,1345,EPIC_NORTH,E2707736,f146751b196bebf6059273678b46386e92c1564c95f5bd89c549d65f88335ccb,32b0b7bddbfb9cd09c7f42c868702085505749064ddd2a933eae0feafaf7eedf,2023-04-02T08:50:36Z,NEW_ENCOUNTER,,,
batch_001,encounters_epic_north.csv,1346,EPIC_NORTH,E1688362,f48397d80bf87d9754550c90f3cc5b565128e7e1f6b7bfe20e21eafe3c30d66f,b71b4d665841f088d6e0411024468b14e4e1beb35bf795b2b3a59b7381a79fa9,2024-09-24T04:08:23Z,NEW_ENCOUNTER,,,
batch_001,encounters_epic_north.csv,1347,EPIC_NORTH,E1820504,7b00a18a948a0efc21761af698b729d9412a799735f05e7bb76b4e06974bf212,e72f6c83508f894bf9edc17deef6272b44b82fd162e742a8137e1d6c9199939c,2023-08-24T20:08:07Z,NEW_ENCOUNTER,,,
batch_001,encounters_epic_north.csv,1348,EPIC_NORTH,E2596800,2f4f8936333a8ee37670d31d5478688e7a2e99a92a3829780615912b7c768c15,7b3860f60445e3e1733a84c82a97d0a3124d7b839a1af47e18bb50ba5fa842ed,2024-09-25T11:34:32Z,NEW_ENCOUNTER,,,
batch_001,encounters_epic_north.csv,1349,EPIC_NORTH,E5295323,207547de13cc3ffdadda4d59ee625fb15b80102ddbb5e7922db851d4bd084ef0,c598ae09baa864a44f3ae34549209b43d7fb2b7f260241ef3dc298d080e28270,2024-02-27T06:42:54Z,NEW_ENCOUNTER,,,
batch_001,encounters_epic_north.csv,1350,EPIC_NORTH,E2822850,d644a1bc80800424c11d7d975fcccf8ac6d2bbbf23ead04cc6ad59db3d9ce66d,f2554860fcd5cd7d9431f6abe00ba7bdfa39fdab2fae424f14a2377cdd3732c3,2023-07-10T23:29:51Z,NEW_ENCOUNTER,,,
batch_001,encounters_epic_north.csv,1351,EPIC_NORTH,E2813606,e232a71509781132e049e6805e75243c32e4b8da627240c3fe9360551a803c96,3a458f2c0aa2f422d05d38fa986d5c8637fe715b2b29799cae3e26eaf16f1e63,2024-04-21T01:38:39Z,NEW_ENCOUNTER,,,
batch_001,encounters_epic_north.csv,1352,EPIC_NORTH,E6203005,62e8c7d0d3848a331baccb41f8763a2b222897ce97c320eaa3964934d0361315,5a62f7efc1572ce3746acc938d4c8da4b52ffd785097064df97790a7d72315f5,2024-11-14T19:23:41Z,NEW_ENCOUNTER,,,
batch_001,encounters_epic_north.csv,1353,EPIC_NORTH,E5543032,347e4b36b8e06cc0191826290d54526addf318c2c4126ab5c2fa1a45fa9f81ad,2f00271f6fbd80076fe78d880867f736a0b978aa335fa7b189eb128987e4639a,2024-02-04T12:06:42Z,NEW_ENCOUNTER,,,
batch_001,encounters_epic_north.csv,1354,EPIC_NORTH,E6130675,f56756db4ce0115657da1defedd44bdd7462eebba9a5181539adf09bb130d7a5,2798cf6e75cdde38529af658da85c0e6a30a75a234b99ca94fac7a897075556c,2024-03-02T09:51:51Z,NEW_ENCOUNTER,,,
batch_001,encounters_epic_north.csv,1355,EPIC_NORTH,E9437116,9932265ab47faa61bfca7cac7a7df1e40965d5905d8781daa45d78c362bac061,0b6b9b4f7c4b1bb579d8b1741fafc4beca60883786a70ec03675f447f03a0d65,2023-04-12T17:10:46Z,NEW_ENCOUNTER,,,
batch_001,encounters_epic_north.csv,1356,EPIC_NORTH,E2360175,cdd8871490dcf1c1582600debe9d493bae94a10c2b2e805d9212b2b4cb5c72b6,7446d0fae8ae4155b8bed3e96e5827b71f313b5c83f9214efab31c7cb4726e54,2024-05-28T06:23:11Z,NEW_ENCOUNTER,,,
batch_001,encounters_epic_north.csv,1357,EPIC_NORTH,E8836767,fedff1a59d5ffe388ba567f1ece6d55cff28810223deee9eb11e37d2b17b5713,1d9eee7d254940a4495ce2be786daced571e6783d0b6a7eb016da4b2a0bde820,2023-05-07T10:44:21Z,NEW_ENCOUNTER,,,
batch_001,encounters_epic_north.csv,1358,EPIC_NORTH,E7627717,a8fb827a0d1d3b5e479a42fa2e5e6a529b574bf0ad85e3d60f03617a70193786,f3aaf6ce74b752a5f3ceafea47f91321ead6c8666d5184a41af8b8686357d054,2024-02-07T14:51:14Z,NEW_ENCOUNTER,,,
batch_001,encounters_epic_north.csv,1359,EPIC_NORTH,E9234637,05d3e45e86b8090f5fc9c88877ca6e353caac88437fa9a42cac8e44615bd5720,7eeef66a161fd7d2dfa92a59a6aa0a07ee840d16067d29af4513a78d7d0bc6a9,2023-10-08T00:24:39Z,NEW_ENCOUNTER,,,
batch_001,encounters_epic_north.csv,1360,EPIC_NORTH,E7420216,1f87c21ce5a59ed57457410e202f1e251038eec407933a5f3ff0cf7aaef340bc,2053ef71a665256e76e013f1529b1012d40253936a98d294d7f941885723ae57,2024-10-24T11:23:29Z,NEW_ENCOUNTER,,,
batch_001,encounters_epic_north.csv,1361,EPIC_NORTH,E2818119,a88eed08cf537ba033bc48c1349f7db72033f437c427a742671a9e85f0262320,d1b2d239144dcbb6c97bc6a828b58e64e3827ce555feb264bee829987d216961,2023-11-05T09:53:02Z,NEW_ENCOUNTER,,,
batch_001,encounters_epic_north.csv,1362,EPIC_NORTH,E8458442,c41f92b203b703a0a490fac75c85f4e0c79969e3d01f1076a41dee2c8e892a80,cb4f7c914f26a4b664431c38391502a9a9ecdcb673f1aa7bc3f22668cd0f4b73,2024-06-16T06:46:42Z,NEW_ENCOUNTER,,,
batch_001,encounters_epic_north.csv,1363,EPIC_NORTH,E8038456,dae78243483f7b1bd070dbcde1dc41fe90d0cd5338db4e57c36dff41ed7390e3,715b3912405124d7d54316a373149dff298cc6d64f416c6da402c62c46807dfb,2024-08-23T07:49:26Z,NEW_ENCOUNTER,,,
batch_001,encounters_epic_north.csv,1364,EPIC_NORTH,E7367121,a68cfdef6fd6312bdec31c330b09e4f25bf1d695d915ef306e8117c5e69cabb4,9c4aad95a9871a05607d2e9d5164f150635e0ce6c7c43c4694ec1f8c46343425,2023-04-12T19:50:51Z,NEW_ENCOUNTER,,,
batch_001,encounters_epic_north.csv,1365,EPIC_NORTH,E2268024,d62c1bc087074894de1e31328e1bf2c07552117df1fa4261e74cfda3da460c0c,f790d36382fff62cb7084e8749ff0e18b017d98bb09dc8b63a991e7186ffd844,2024-02-10T00:50:27Z,NEW_ENCOUNTER,,,
batch_001,encounters_epic_north.csv,1366,EPIC_NORTH,E6282959,bf26e2afc5d92f379388136e0a584027c098ba2e477c5612e59191fe4269b878,2f106639e5bd2d7dbb817ab2eb8f9c165cb2a5466ffbe4df95647af1a1cef184,2023-09-23T13:07:49Z,NEW_ENCOUNTER,,,
batch_001,encounters_epic_north.csv,1367,EPIC_NORTH,E4260995,c375fecfa054b68f19dbf265b98297c523f6dbeaf458e79bab3fcc2c87ced198,022020a5bfc1f7e38b3cd024d8971374e537ccf07e361918531dea3e3096e8fd,2023-08-10T18:45:35Z,NEW_ENCOUNTER,,,
batch_001,encounters_epic_north.csv,1368,EPIC_NORTH,E8369282,4dbc4ca92aca995611e4868dfbf5241a5ac7180edd42c6e3133b44516cdcaad0,a0a0a4f71014f5285e00dd383cc4879dabe00f9bb8fb83b75bc96985214ae17a,2024-06-24T05:31:42Z,NEW_ENCOUNTER,,,
batch_001,encounters_epic_north.csv,1369,EPIC_NORTH,E8945038,267b642b05af1a846398620de6e1db7502780050de4ea086c596c6af5371ee3e,81dfde24a92feb1e141824d6a9c961204e7cb6552b39ec008c91c96d553aa7bc,2024-05-12T10:55:42Z,NEW_ENCOUNTER,,,
batch_001,encounters_epic_north.csv,1370,EPIC_NORTH,E8275301,a02ceeab2ad0ad83573862c85a46368d00deca2e739ea95730e83e2101329b88,259c0c7ebb09e1931eea5655826e02c696f71ddb4593a37b687bccdda25db78b,2023-03-01T19:49:42Z,NEW_ENCOUNTER,,,
batch_001,encounters_epic_north.csv,1371,EPIC_NORTH,E3411661,dac64e903e7d645831a3927a5176f7972501c62cfd782eef62447457655f2d43,d6426de3ee22277af6013801dd06af904ee1ba959d1bc4a86b7a56e09e4965c0,2024-08-29T08:21:55Z,NEW_ENCOUNTER,,,
batch_001,encounters_epic_north.csv,1372,EPIC_NORTH,E9199099,2635daab0dc1946aeced5388a8373d8780d19105a3d83fb6aa907c09153252a2,94122adb8e63aec7461b58690d4cf90a640d5a141ff00d90aec2322bc2fa546f,2023-09-28T13:08:03Z,NEW_ENCOUNTER,,,
batch_001,encounters_epic_north.csv,1373,EPIC_NORTH,E1097755,e86762eff90e4e5c940bca833e2b15ed88dc7e6e9358b6c29492d367a57c1f69,e0b1e564189c81acd96e58c45352599c76dc16c773f17a1a8ba8728e2cd3e40d,2023-09-28T00:02:46Z,NEW_ENCOUNTER,,,
batch_001,encounters_epic_north.csv,1374,EPIC_NORTH,E3099494,329e58a50afb1c02b5d27568f4139f2cbcd99e08548cc162a480ee795ad041ab,4ddb4bf52c4d9ceeb0f6c76c97227e3cf7076a60797317d7c1d05ef09a44e822,2023-08-17T06:11:36Z,NEW_ENCOUNTER,,,
batch_001,encounters_epic_north.csv,1375,EPIC_NORTH,E4631697,9c6c21f4571ef9ada08bfdcd5829c481c696d40545abd713fdf6930afab76cf5,71067139958e42a4f579f37e5c82d1fad9791f4394923203b6e86f1190b691a1,2023-06-14T20:36:41Z,NEW_ENCOUNTER,,,
batch_001,encounters_epic_north.csv,1376,EPIC_NORTH,E2615443,720b56820cd8482d90d66cfadbf3a86bda961e44a2eb4fc174caa26cbf3973b0,04805f5f922e8d90291f896276aa06e8c1e3bfbb65eb47566bbe484711ad3c24,2024-01-08T18:32:28Z,NEW_ENCOUNTER,,,
batch_001,encounters_epic_north.csv,1377,EPIC_NORTH,E8389712,3457bc18fdd0b69279ff6c0ca52f32427a373da61999a76f3dd563a9c5947249,7af3fbd9251939538bc53fba03d30fe2be8979f19a75fb2d75f5cc2eca18104f,2024-03-24T16:11:30Z,NEW_ENCOUNTER,,,
batch_001,encounters_epic_north.csv,1378,EPIC_NORTH,E4051655,da951aab479950dd42c443bae1eababd2dd703ac91519328f6dcb66650cf75ee,6d5e763f729421b03fef4837786a681e8899035fbd98cc2df5f3c069d55cdad2,2024-03-14T15:15:59Z,NEW_ENCOUNTER,,,
batch_001,encounters_epic_north.csv,1379,EPIC_NORTH,E7631946,32970c6a90b3b5ccee3ea6c51c3d8b3353f89df61aa1d1421f4efc361939e0a2,2ae40c6c1d8f29c402154cd5adb22cfe9ad4c2ee0bc96b0eb8d0d867344011ef,2023-05-09T08:37:16Z,NEW_ENCOUNTER,,,
batch_001,encounters_epic_north.csv,1380,EPIC_NORTH,E2416774,865f3eef645262bf596f5718e46a0674a8b5a709ce7d69a33bb24533c2529f97,282a48d3f760649f4bb10c5f40c9d1900189a540538dbbbb2a19073befc37957,2023-07-03T05:19:42Z,NEW_ENCOUNTER,,,
batch_001,encounters_epic_north.csv,1381,EPIC_NORTH,E8085849,de05f247d4aeaea023115395aa95a89e6ce56c70d9e1df9d96d889f4867d6b0a,bde0915f2b88980b5c04d78c23232d64e99b6707e4f8bd776f406de1540dab74,2024-07-03T20:55:13Z,NEW_ENCOUNTER,,,
batch_001,encounters_epic_north.csv,1382,EPIC_NORTH,E1979176,d63cbd49cd7c39be6a644af88b50ed0bdf5cc639a04206d3eeb21eb711481ec1,0d8d51fc564059fba443c2675bc35bf07f883c75b41714b2fe89b34c6fcfe745,2023-11-19T10:26:36Z,NEW_ENCOUNTER,,,
batch_001,encounters_epic_north.csv,1383,EPIC_NORTH,E4600103,acbdb38b78f11cac758e2607bd51b9e9d526a8e1ab9e1aebce986c15b6c34333,d47f0dc856a27f9c167d2a6752d3314f2ff0229f1af7aaf15e77135158ca3c96,2024-08-14T01:27:14Z,NEW_ENCOUNTER,,,
batch_001,encounters_epic_north.csv,1384,EPIC_NORTH,E8302058,655d57628d824d411f5bb361b7a6346c1a20d1d391ced55030a53fc007a6e939,792c996760c8061770d890d8dd0ecb3b10160a22364bd0c6ae82ea9dce7819a5,2024-07-10T21:17:13Z,NEW_ENCOUNTER,,,
batch_001,encounters_epic_north.csv,1385,EPIC_NORTH,E5452132,5a31e2753b093c4ce30c034e583e35217731e09fed5dcdea4b98433a563d2e1b,125b783a4cf600032ea307bebf04cb3595004620630b999d4b97d98ed030ede7,2023-08-16T01:32:30Z,NEW_ENCOUNTER,,,
batch_001,encounters_epic_north.csv,1386,EPIC_NORTH,E7113874,fdc340042fb961bb4f948130e5daf63486fb489db40b118be6976593734640c0,2200ef56b64cc1c830a6ea4174ce415d0bdde2d7cb2ab894bcdb9feff063c4dd,2024-09-29T09:19:37Z,NEW_ENCOUNTER,,,
batch_001,encounters_epic_north.csv,1387,EPIC_NORTH,E4785753,b30d830dce96887b5856fdde8c514191fd2cc48ec8f5eb7dddacdf939cb52139,f7a97337b9965fc52bf6e398001f6f1e89ad6f17feadcbdf6bae58ba8667b85b,2024-01-16T00:00:45Z,NEW_ENCOUNTER,,,
batch_001,encounters_epic_north.csv,1388,EPIC_NORTH,E9277157,d2f248fb0d250ca40166006d3b08fee57fba6f91308cbaa8f202609491984a3c,5a938bbbbd99c6ff29e5ff5b745f12b202d757dfd616a2f370debe2a929d8e56,2024-10-19T11:17:34Z,NEW_ENCOUNTER,,,
batch_001,encounters_epic_north.csv,1389,EPIC_NORTH,E5971807,3df01a28c1d8c722573783417441bf0c94d7b737aa977bcea5314e4a57521622,aeeed7fa1081c5bc556618991e166bd3894041e1366efc527d30c47030f8f6d1,2023-05-07T03:51:36Z,NEW_ENCOUNTER,,,
batch_001,encounters_epic_north.csv,1390,EPIC_NORTH,E7071281,adfc83f5322c1a44b7d4aca936bec19db7ea0acd444e9072e2b9f0a6e1a989cd,a27f3a973fc943f06f91d798de1ae1c4a405c6cca490129907d6d3a4b07b5866,2023-07-02T14:02:39Z,NEW_ENCOUNTER,,,
batch_001,encounters_epic_north.csv,1391,EPIC_NORTH,E6720893,4e889dc83dd161d37b49d5017c312498f5c13aa41c8a09c1513b7021002398b0,50a0bff7abab238cfa2e1a0c14dd57e991b29c5f5f1b94f01fccebb6c477a1fc,2024-01-20T15:09:44Z,NEW_ENCOUNTER,,,
batch_001,encounters_epic_north.csv,1392,EPIC_NORTH,E4053663,8437982589637036dddddc32302892ce6dcd0fb479a1ee7e3b1acee47df3f126,caf21441a9db9c8170432028be8e0f758507397e1ad651e9392862b91f549abe,2023-11-23T12:14:38Z,NEW_ENCOUNTER,,,
batch_001,encounters_epic_north.csv,1393,EPIC_NORTH,E5797991,d70963cceadbf83cab44b34083f22ea7babebcf7f32bf18cae759513151c6244,30e06b4a4e7cc89eaf22982fb6717369308b514fc5d89495097b7f96be62ba40,2023-07-20T01:49:42Z,NEW_ENCOUNTER,,,
batch_001,encounters_epic_north.csv,1394,EPIC_NORTH,E4237484,381f7828c267695d294c74099adc009d384b74985a8c34f44935ab55f79649ad,9a2ad37e6a88a9deb30eddfb3ec2752722cea68c01fb959d4f5acb0e5a3cc097,2023-06-22T19:11:24Z,NEW_ENCOUNTER,,,
batch_001,encounters_epic_north.csv,1395,EPIC_NORTH,E1721204,62caa2bb775dc05c733bb8eb2cb4db6e9735749e3199ebce6a7633d181a46154,11f356f0281bc43e2c4210c5927c9ab94722d7d0fc7d61acc20fb8215885be7e,2024-09-05T19:04:44Z,NEW_ENCOUNTER,,,
batch_001,encounters_epic_north.csv,1396,EPIC_NORTH,E4058363,fb6795c08346afbb4775146eebd6deb4952fbf70067e1f3d783f586eba14f2d0,a793678ef19ddfcea8621fc4b5c4604860b0bdc5ef6b18b76903c095c3838d9d,2023-01-15T06:03:02Z,NEW_ENCOUNTER,,,
batch_001,encounters_epic_north.csv,1397,EPIC_NORTH,E3626395,59cde2fcab9128ea175c14b90c578059aa6d56abb4313778312bfd6f686972e3,934ecd08cdf3cbde39d7888192c9d8f4e931efdbeb0fc1cab8676f420c9ff57f,2023-12-16T05:24:07Z,NEW_ENCOUNTER,,,
batch_001,encounters_epic_north.csv,1398,EPIC_NORTH,E1219839,6d0ceb46df5c67ea649a50d0091a3e81d5540638f7fe046fc3b5b58ded013b1e,bb9a2a924fac8272e6f691a4c4e59ed5b688c24b6c14ec4c7eb8d3b7e608ed1c,2024-06-24T05:23:46Z,NEW_ENCOUNTER,,,
batch_001,encounters_epic_north.csv,1399,EPIC_NORTH,E3576491,964ac38a98f87ec43c079a084f06645dc0bf3bac2109e708d4238c5746edbe18,91c9dbfffed08465198338da86aadbca6ae853e07d654b690bdf32df69600501,2024-03-20T14:57:54Z,NEW_ENCOUNTER,,,
batch_001,encounters_epic_north.csv,1400,EPIC_NORTH,E9688646,0797db9cf2612df9868ce92979083656205a3b5ce7c163ea3fbd4e5745e8b6d1,aeea61d8fdf4d63e8fe6c88e72f112007332df86cc8de29e920bc20ad28790ea,2024-02-06T02:56:51Z,NEW_ENCOUNTER,,,
batch_001,encounters_epic_north.csv,1401,EPIC_NORTH,E7398023,6592e0e858355662246695cb0a1cc6f9eea5509b15de6744395165f59ca62021,2924d3e5de720e8f48946b8d40373ef2f7f15aee42be50885df443d8ff2c0f42,2023-04-18T22:48:55Z,NEW_ENCOUNTER,,,
batch_001,encounters_epic_north.csv,1402,EPIC_NORTH,E3012899,8dacd50c7137a47f7e7946cb62f4bde4fc4834da847ed498d45341b145767996,71f2399ff6159e5a3f24b63ea8dba91e4fe5f302f90fdb580c5a6bdb0bb89847,2024-07-07T10:25:38Z,NEW_ENCOUNTER,,,
batch_001,encounters_epic_north.csv,1403,EPIC_NORTH,E8023072,f81710d4ecd4135cf04af68f1d19e4f7b6a122ec3df2482b8d2666129be2f10a,c0b57845bed23754ac05a3379e3a84a366b9c94c05151549f431946c10386db3,2024-03-31T02:27:29Z,NEW_ENCOUNTER,,,
batch_001,encounters_epic_north.csv,1404,EPIC_NORTH,E9279362,c712203484da4997071ac206d436e8ba7d88f996ff86a3a3530d622f2912fd84,56bb253f1140f5f96ee9adc6d132c799e78cd9f50fa561c1336642e33a22838f,2023-03-02T09:50:01Z,NEW_ENCOUNTER,,,
batch_001,encounters_epic_north.csv,1405,EPIC_NORTH,E1792838,fcab30696f071cd510d15a1980de51d0bcf962d670b49b596f1d68ed073305cb,95cf75b41f7e16cf0b541c50e30075baa072bca7d27780d58abe07a8269d36cb,2023-08-08T18:33:27Z,NEW_ENCOUNTER,,,
batch_001,encounters_epic_north.csv,1406,EPIC_NORTH,E3195150,8731fd735d039ada6b1befd74c2b3f3cd2465c81f1f8aff585a3c6f4ff2a61ac,dbbb0e7fd2bb287203342b9eaf88a3bac643534a6b0adb1bc913ca4c1209d630,2024-08-22T15:01:29Z,NEW_ENCOUNTER,,,
batch_001,encounters_epic_north.csv,1407,EPIC_NORTH,E7538453,3d930764bd5b583b500bd9b87f03c8f93b01dac106925041604caa3a5d9a9e98,03047b51e6665c1d43c67770071cfdf22b6fe2f83def0b8f559de6de070eccc5,2024-09-21T00:20:38Z,NEW_ENCOUNTER,,,
batch_001,encounters_epic_north.csv,1408,EPIC_NORTH,E9110950,78ecc02d833080b5928efc1ca64d629a5af6450708311b66311ed7a44a51f6a1,bec572f9d17e7dd71e0f28fb2551bc584e74c0459283304561daedfdaf9b36d1,2023-05-19T06:38:31Z,NEW_ENCOUNTER,,,
batch_001,encounters_epic_north.csv,1409,EPIC_NORTH,E7746783,a086caf3ec9e43451e8ec646c9cebabd63a510ea886f7d68c66b520016ec8519,fb95b390610a3c7125f837a1f109210319c6566fa8841dfd127e4ca2899f98cf,2023-02-20T21:20:09Z,NEW_ENCOUNTER,,,
batch_001,encounters_epic_north.csv,1410,EPIC_NORTH,E3015725,76617751a0810996a1fd7bdeff7fac00a161567468874537d7df7bdfca6f7459,cf45a2f16a553677a0678ab604dd3b71dbd1f9aa6dca413767e0100d807286b5,2023-07-10T07:58:15Z,NEW_ENCOUNTER,,,
batch_001,encounters_epic_north.csv,1411,EPIC_NORTH,E2583873,53c1e648ef0b297703fe9370777a6f93da790c05f9a1b0e5d3e66f5670449da9,8aec69a9767cf481e380c740b3d2a9d2e41cbd6c7ab6ae731553f0ab918ae9a8,2023-07-17T05:15:45Z,NEW_ENCOUNTER,,,
batch_001,encounters_epic_north.csv,1412,EPIC_NORTH,E3190646,f2f3d6635f40d40c545c94dd707a42fd035952ece2bf71e025d3d074e1028070,cc85d2e84a1c609a53c1043b80fb5fc08a9b3877e13466ad0b898e30eac11797,2023-09-11T08:03:05Z,NEW_ENCOUNTER,,,
batch_001,encounters_epic_north.csv,1413,EPIC_NORTH,E6164562,2381bdd721b83c5a04ec69b5c4b5aa7b7d6e1399900572c970de3995bfd6358f,b4107062408acbc27a4a0d3be267fc8a1c84eac4d90f5dd7546cd3826d83c0ae,2024-02-24T03:24:08Z,NEW_ENCOUNTER,,,
batch_001,encounters_epic_north.csv,1414,EPIC_NORTH,E5483257,bb8236038f333457ba7215a2f139613740515d11299c7b7be6a608a43191a7dc,b0b56cf111131853908196375f5d9b41a71f97160b507b147cfd3394bda6953b,2023-10-05T10:06:12Z,NEW_ENCOUNTER,,,
batch_001,encounters_epic_north.csv,1415,EPIC_NORTH,E4765832,145212ad3d90d1f7128bee457b431473ab539c7959502c10f981e98f3e70b0cc,f810650966e6a99da649f706744f52430ba9dd7441838352f8521f16da269da8,2024-06-30T12:21:06Z,NEW_ENCOUNTER,,,
batch_001,encounters_epic_north.csv,1416,EPIC_NORTH,E5442535,8b6bc4c538d3aef2ebe9e92abd6cd1fdfdf9d0f819a96f29b6936e3024b9d4f3,9840c47fdc87377b1e6d1c0692236b489dd5155248d7de09a6f8f1597fb304b4,2023-05-04T04:27:43Z,DUPLICATE,DUPLICATE_IN_BATCH,EXACT,
batch_001,encounters_epic_north.csv,1417,EPIC_NORTH,E6828562,f1ec17ae1ea6c6fcf10d45776fb219951cd9453b311a6b8843d085d6a563ddfe,5c0006095b0cfa4def5807c5cd63f2d9b99b98a49f1e68362c075462ddf0cf30,2023-09-18T07:54:23Z,NEW_ENCOUNTER,,,
batch_001,encounters_epic_north.csv,1418,EPIC_NORTH,E7244643,e039abe30256ee8c433cc242948298d64af077116407ba59babffc97e9c5644e,a2ca6b4c97fb844d50ad5a8b38933dc75d736ab0b66e71e656f359d033eeec76,2023-12-11T07:59:48Z,NEW_ENCOUNTER,,,
batch_001,encounters_epic_north.csv,1419,EPIC_NORTH,E9945904,01d88b00c65b200b26e70a3e3cd374d53a35f5140378d968fce456ac9ea98892,043db9c685aa3caa3602c7739bfc9d4792789c3bc296ca729c0dffdcf0bfe1df,2024-01-12T02:48:35Z,NEW_ENCOUNTER,,,
batch_001,encounters_epic_north.csv,1420,EPIC_NORTH,E6314919,5a10c8e6e1913fbcd16f1126421931516543f85f0d0a428d5a22ce727b02a97c,d59aeae955c07fdd3559e93a1ddc9c6d77d1045ef5a559306b4a3a28c3369027,2024-06-29T15:22:23Z,NEW_ENCOUNTER,,,
batch_001,encounters_epic_north.csv,1421,EPIC_NORTH,E6942126,aaeda72e0582a7706402ea8d0318aa01febbe29245bc8865140d4547f2ee3c35,35982da9e4f56e4575761088e3e99e60fe40dd753aec4e853c7188a335bcdbb5,2023-02-09T21:51:23Z,NEW_ENCOUNTER,,,
batch_001,encounters_epic_north.csv,1422,EPIC_NORTH,E1341690,06e0e28729643bb72ddade8695a1ef48100daa135b5fea2af190b8a5a4e40077,0ea5cdef4785395a43eeb014dc2255feb87261ac0b5b61e44c3f74e4c348c05c,2024-04-15T16:25:47Z,NEW_ENCOUNTER,,,
batch_001,encounters_epic_north.csv,1423,EPIC_NORTH,E1253036,d7c95002e294023c8279a2f74e1c813083afa07c3afc107f382103dc76a7f740,92deb516b4d36eac03172f663bd2ba614ea7613f728c232bf5d2400ea9990bbc,2024-01-03T02:26:52Z,NEW_ENCOUNTER,,,
batch_001,encounters_epic_north.csv,1424,EPIC_NORTH,E4552215,efa06a53f0f93515f73c3a5f5f004e3ce8b85bbad780e36e8ec8de89b1cae1fa,7b1e9ce4c9fdf8559f5644b572b00c64426db20e4f4a680a9f51720c05a64843,2024-02-14T18:11:34Z,NEW_ENCOUNTER,,,
batch_001,encounters_epic_north.csv,1425,EPIC_NORTH,E6167813,6e022111bcccd7d688c8cdc45ed84eb766b2a5d25f4d0e4946dff6a4e1a72be1,aa3a37add343e2dbde61a0593d39c5d65c22f5350d8ab14c0d8e18ac8f529d0b,2024-03-28T20:30:03Z,NEW_ENCOUNTER,,,
batch_001,encounters_epic_north.csv,1426,EPIC_NORTH,E1879282,3016bae33844558a8ec3ee4dd03f4411db41b99e37960cf1d621fdc9dbca904b,9e2c508ba33aa5055b14216dc3af3cacdd59b9cebd842f1ce9524b2e876f4f89,2024-04-01T08:30:21Z,NEW_ENCOUNTER,,,
batch_001,encounters_epic_north.csv,1427,EPIC_NORTH,E6946305,173b7910e948780ebc433aef5605f3f6824e5ee504cce3f4d1dfad1a0856b0de,7fb353f030b1b476882043751487429604e252a133b82e2ac8d71d50058f156e,2023-06-03T21:13:37Z,NEW_ENCOUNTER,,,
batch_001,encounters_epic_north.csv,1428,EPIC_NORTH,E1861704,6b1fecde204e387aa32e13dfccdf48f5d1281b54269c508bffafc663c88bc2b1,cff2f54772b20f295982b453cd3e4b62817edde50a48c197fca42a8856e84723,2024-12-02T00:31:54Z,NEW_ENCOUNTER,,,
batch_001,encounters_epic_north.csv,1429,EPIC_NORTH,E1330163,bf8570784a94065f767e98d924ac0ec0e728e9f61b4d91c5ed810b4110d8a208,a0aae614ff541e10904fe099002dcc6f3d954abaa5b08f0d4681404cac33ba75,2023-07-04T23:11:33Z,NEW_ENCOUNTER,,,
batch_001,encounters_epic_north.csv,1430,EPIC_NORTH,E8409592,1eb89b53952d83a4b5457f3ce72250ddca83d4a10c00ed1cb75ad3088784627d,a947594cce5afcef2d38dcf4ad233cc190d69127bc43b53d0871b24d47a3b065,2024-09-23T08:56:06Z,NEW_ENCOUNTER,,,
batch_001,encounters_epic_north.csv,1431,EPIC_NORTH,E4054729,4090135e0b1087746940b426e80bc5dc0971354b35c0c0178048a4e8f326dd91,7d1a430cf129db8533d874a6214b7a28b5a957544a2958a46db582a3f5a851e5,2023-11-10T19:25:26Z,NEW_ENCOUNTER,,,
batch_001,encounters_epic_north.csv,1432,EPIC_NORTH,E4734939,8c3ff3b78ac55d3ba5cbac48f61b0cd8a7c7ab1867b04435c5da04a3b7520ee8,7ab45f45fcb0572bb3fe803799dbff0f14669b40bd3f73730e47876bad8744a1,2023-06-07T01:39:31Z,NEW_ENCOUNTER,,,
batch_001,encounters_legacy_meditech.csv,1,LEGACY_MEDITECH,132498,a07f3ab37a227c4e1db41330f6f698d530b5d9157191542f98875475e1a56f15,6ce94c2530ea094d2be73489c55558640a4afb7ec70a5b082f1d38985fc917fe,2024-10-26T12:32:41Z,NEW_ENCOUNTER,,,
batch_001,encounters_legacy_meditech.csv,2,LEGACY_MEDITECH,130116,0fb2ed0577f6c011f7379d9ec6848478d87e6d26fa1ad4ccf65d7369eb735e29,84ef2f1b5ebbf665d96b4b585b7ba004e6803db3ef449b2ab98857c8796a2d52,2023-02-24T16:20:57Z,NEW_ENCOUNTER,,,
batch_001,encounters_legacy_meditech.csv,3,LEGACY_MEDITECH,124458,1b1eb1de9d8e3750d595052b6fcadffad5d87f03ffe3f95fb3f7efa77d4c99fa,f044313a1e932dfa9bb8a0bac358635c8a578c3ac4ea04a6b8645ee3a307c152,2024-08-28T15:43:33Z,NEW_ENCOUNTER,,,
batch_001,encounters_legacy_meditech.csv,4,LEGACY_MEDITECH,128112,b8a5e648491c4d3280c90f38f0b15c40501252f6a77bb1cbe1adfe6a45f8f743,dbfcb278e64a9bf53539cec3265be8496722689b1366d277b71c4d756efbe7e9,2024-08-15T13:50:29Z,NEW_ENCOUNTER,,,
batch_001,encounters_legacy_meditech.csv,5,LEGACY_MEDITECH,129576,8a565f7aa222a02b0f1a54c98d2ef16501ab222bb71658726f11abe9deb07119,f0d0c07d5efe8a803b4b461db4be732630c5df7e5ca7386cc85577fcbe1268b3,2024-11-12T07:22:25Z,NEW_ENCOUNTER,,,
batch_001,encounters_legacy_meditech.csv,6,LEGACY_MEDITECH,124153,8b6fd924424d7d03d408ed72730cc9d1d84818b45b70dab9ccdbf5e44e9dde86,d7a779d799f14bcd5e50b9c494527435cd01efbb81c00b069044a67ca8a030bd,2024-07-31T18:08:20Z,NEW_ENCOUNTER,,,
batch_001,encounters_legacy_meditech.csv,7,LEGACY_MEDITECH,134111,2f009c4ec07ea1e3e2f2782b3fa8ba8efbef5de15941389e09c8095d75faa11d,49c943242bfb9db2a54bbd96701f81d0a60ca998eefda78d86583d0c6d484479,2024-06-17T22:30:15Z,NEW_ENCOUNTER,,,
batch_001,encounters_legacy_meditech.csv,8,LEGACY_MEDITECH,119666,8a96e4d42b7d3e5669d758b65fc4eefed37411eb54047d53cfe73faa4423cacd,96a94be6958048c38eb29518f3412b45540ddc88d62189bc6926d8f19014593e,2024-12-04T22:02:43Z,NEW_ENCOUNTER,,,
batch_001,encounters_legacy_meditech.csv,9,LEGACY_MEDITECH,133591,c14f82e055f607be7cae0532775560227979c8c03bceb66e5d5c69b9a56bbf6f,8a7fd241437f80a0099ea1019035c639184fe84bb1187b27e578c6d33dcfc53f,2023-10-19T13:41:41Z,NEW_ENCOUNTER,,,
batch_001,encounters_legacy_meditech.csv,10,LEGACY_MEDITECH,106549,39f825af5a8a186ad86fe4ba09480cb95780f1a482a4febe04ab2b7a1e0a9bc7,5b2d54fa21c123dd60edbb805519bc217339f82cdb3dfbdacc578f9297354cfe,2023-12-11T21:09:01Z,NEW_ENCOUNTER,,,
batch_001,encounters_legacy_meditech.csv,11,LEGACY_MEDITECH,104182,9717774fc39d1b72c639370b49032ba21c6137cd75f09d92066bd54fab082af9,30c5cff21c0bfcff3d47492d88ba1e57d855c8849e4b321739555f6f9fbf022e,2024-07-27T10:28:31Z,NEW_ENCOUNTER,,,
batch_001,encounters_legacy_meditech.csv,12,LEGACY_MEDITECH,116367,de8d336a00e991e5a12bace072becc1526a2c6d78c8f37c5a17c10a06f71f0c8,90926487f05da2f57bd9d759e11f08b9dab35fea2872d0607c84de52db3e35a2,2023-03-08T12:40:08Z,NEW_ENCOUNTER,,,
batch_001,encounters_legacy_meditech.csv,13,LEGACY_MEDITECH,115549,4612dcad7c800728c209aac3376babf3387a45114a5f11724e34dda6aa673a58,a12dadfed8a7b82c244b50cd56de252af6ca327e3aa50c66db40b23d058147bf,2024-08-22T08:27:58Z,NEW_ENCOUNTER,,,
batch_001,encounters_legacy_meditech.csv,14,LEGACY_MEDITECH,102579,797c584f07d27f9c82e9f1993168e7ed02a9df6c0a3fc149e4233933456b516f,544782ad058559f51fde584da1e5120d30c6d9b5aeca995e79244a46887ac5d0,2023-03-09T23:39:11Z,NEW_ENCOUNTER,,,
batch_001,encounters_legacy_meditech.csv,15,LEGACY_MEDITECH,117969,f018b6830d16e204b7fc0baa6db056d1d11153ef5cd8ff84cc5b04e45c6b0321,f172545d1baf0d8ca73931eca20898f4ad5ddc798242e1b1bbca8ae87f247f6d,2024-05-06T06:51:49Z,NEW_ENCOUNTER,,,
batch_001,encounters_legacy_meditech.csv,16,LEGACY_MEDITECH,100101,b3ed9dc22a88ea308aab4607732ac89756c67051c1da3b9147844147ca5ca1ff,74cf711a3e4b54b73658f0dd77b7c278d0ebf2c60a987b8cb472f068741a0788,2024-11-30T13:42:51Z,NEW_ENCOUNTER,,,
batch_001,encounters_legacy_meditech.csv,17,LEGACY_MEDITECH,104011,28da22511780a36a8288123de67e849f1506900d61d2d5401d3f596b63edc755,8bf35f3bd395ef59c226668dcb275d8c27d46259caad22c2b05327a370b2f2b2,2024-03-28T05:08:11Z,NEW_ENCOUNTER,,,
batch_001,encounters_legacy_meditech.csv,18,LEGACY_MEDITECH,115196,89f7a8d7be4e8a9ec688dc9220926f7f313d6a527b5ebbf35ea73cd1117af6f7,42a3357cc7bd2a3f0f843cd8269ed630f0ecde3a168cc987e50be31ac60c05c6,2023-10-11T03:49:24Z,NEW_ENCOUNTER,,,
batch_001,encounters_legacy_meditech.csv,19,LEGACY_MEDITECH,100597,8498429c8214538b4b97cec79f64f96b4d6b23f3957a03f57b028c907b41cf96,2bfa1f84956ed3d2b7867df1f4d863f726f7b8c5d00af6f8b1fbe5fa733c1c39,2023-03-05T01:09:29Z,NEW_ENCOUNTER,,,
batch_001,encounters_legacy_meditech.csv,20,LEGACY_MEDITECH,134813,5e0f16e1075b28f2650cd7f30584583bf6f5450e769d54558f40d68b28966e98,497a530be7128c7334e846553be10b4253821be5def81740bf81496373ed9f87,2024-10-22T05:26:51Z,NEW_ENCOUNTER,,,
batch_001,encounters_legacy_meditech.csv,21,LEGACY_MEDITECH,107418,3e161792336c9fd4725cc6add72a6aa4f67a1d47d26fef86561c139b7287706a,d2b2126f784a816e475cd57fffffc55f629ea70196e6916e7877421ce75fff6d,2024-07-06T21:22:12Z,NEW_ENCOUNTER,,,
batch_001,encounters_legacy_meditech.csv,22,LEGACY_MEDITECH,131397,4dafae4d6badd793ad577f41a9ca9cbe96e8b3fc7c3ff6412052551cb84a7704,b2b6d80eb0bc39f196fd7168466010e7fdf45e13d64ee52ad05c4fa9a05810f7,2023-05-25T09:47:23Z,NEW_ENCOUNTER,,,
batch_001,encounters_legacy_meditech.csv,23,LEGACY_MEDITECH,137265,ffcf06674ebec8c1cc118b0dbd6cd0179a72f977ec525c2defff9647dca70dc2,e96fa6548126547c6cd54de03bf69ea9d93a8517ec3c2e80d8feba3bd1ff73a8,2024-12-08T18:00:21Z,NEW_ENCOUNTER,,,
batch_001,encounters_legacy_meditech.csv,24,LEGACY_MEDITECH,106742,531ee5a7240e19deabc702207cc58ce014cdb8fbb1ef7838f92919f09f86b153,f9ffcb43afd784ed1167dbd387f427c29c6c27d8dfe21f7755f8ce8cfa5da208,2023-07-27T11:59:12Z,NEW_ENCOUNTER,,,
batch_001,encounters_legacy_meditech.csv,25,LEGACY_MEDITECH,135423,66532b040bbbf89b344d1ec9d693a67fbad3b1e1eef01dcfb1880e980ca547a7,74bbea86a61b7d09e063bae9c275e6a43a575725fd951493f5f1cf7e3929fd9e,2024-11-22T00:26:46Z,NEW_ENCOUNTER,,,
batch_001,encounters_legacy_meditech.csv,26,LEGACY_MEDITECH,128873,43096887e55bb6a125480f3a1673e94fb17ac4fc54b072aadd5613c0cb1ef957,c2dc8a7c226a010a447b25aedf7b99981c28f7edab42447b30f96f59487615fa,2024-10-27T08:08:42Z,NEW_ENCOUNTER,,,
batch_001,encounters_legacy_meditech.csv,27,LEGACY_MEDITECH,118221,1d7f4bb926a935272fe8558cc1d8a37c374e3545908f2a8b9b43baaf1d92cade,a56642cb4d74e7ca98fb01c84cd3dd01b56e59035617f7141c6e5aa8ed348ebf,2023-02-03T06:10:21Z,NEW_ENCOUNTER,,,
batch_001,encounters_legacy_meditech.csv,28,LEGACY_MEDITECH,120997,4184a1ca4595b3fcc31fafaa6e60a59ff809d3187a28c582376bec0892ebd19f,b5fcee73f7fa9cc2fa0118731bd1de85a58150a4ded531dc299747e37b8030c1,2024-10-29T15:44:44Z,NEW_ENCOUNTER,,,
batch_001,encounters_legacy_meditech.csv,29,LEGACY_MEDITECH,139855,e05c9d2c48e85edfbadae4470153dd92cb6e1b5e5cc3d26b429d3e2bcb5e37b8,d1878e270d28effe1a2c2a7621d21bba78e09325c0473a6019880192835b6eb3,2024-10-21T00:45:03Z,NEW_ENCOUNTER,,,
batch_001,encounters_legacy_meditech.csv,30,LEGACY_MEDITECH,122331,28063f92ae0792b7ed74b7ac4594b8369656618e3e40261a33cf68ec95b7d042,0a78a83106fb8d3be2271eb9b2006b96b3f144388bc6c013aad430ffc31a0e86,2023-11-11T13:10:44Z,NEW_ENCOUNTER,,,
batch_001,encounters_legacy_meditech.csv,31,LEGACY_MEDITECH,110245,3b721b4001501d4f319864475bbc2f415242acac2dcf3b252f1c849a6dc9b0d4,f4ef97c082fcedfef3eacb5bc4dba4738bdb2da2b8bfa079e432c400fd270d9e,2024-05-17T07:18:13Z,NEW_ENCOUNTER,,,
batch_001,encounters_legacy_meditech.csv,32,LEGACY_MEDITECH,104415,af5219655f8d84d4a04e2a404dafc9844eb4a728a6cd5a857189484ba782cbeb,bbfd37221f52b0c7cdb0fd00f83094e0b22e6d4f3997c9f49238492fe018c59c,2024-10-14T08:45:44Z,NEW_ENCOUNTER,,,
batch_001,encounters_legacy_meditech.csv,33,LEGACY_MEDITECH,108679,5a75859837362b9ce3a2ec3a19b8a54459cf88622361bb61201c365858825343,23d42d47ba261fdc2c6ca53b1e0666fc7edefb44146e9cd70c6fd69899242466,2024-07-23T07:15:33Z,NEW_ENCOUNTER,,,
batch_001,encounters_legacy_meditech.csv,34,LEGACY_MEDITECH,127148,54c5aedb2282524da72e92f98f9ebe23cb3aee151db8927a96772c75480bf457,e1ffcb5140b7a584f95652949c8fb8185f1b4c4adaa219d8a21703b6538b8333,2024-09-25T05:38:33Z,NEW_ENCOUNTER,,,
batch_001,encounters_legacy_meditech.csv,35,LEGACY_MEDITECH,128028,1258b073586933a2a2f250dd8b28ca6cda3108248bb2b093b622fdce3cbaa4c4,f78df90b3b91b24b0f368b62e018b505b838c5a5c6fb840f023c39a8a389a13a,2023-12-15T21:02:59Z,NEW_ENCOUNTER,,,
batch_001,encounters_legacy_meditech.csv,36,LEGACY_MEDITECH,130609,9934d031ef7f26c37bde82c724cca325d02a16931f4fdb3e39e64235e50d0e15,047c5183ffa572a119672a1b9d97369b1241a964108e56a803e61343be0e0120,2024-06-06T23:35:24Z,NEW_ENCOUNTER,,,
batch_001,encounters_legacy_meditech.csv,37,LEGACY_MEDITECH,108613,dc83cef52d8dd9cb20cf3db96ff915492f75e364628c13f669298558e02eb5f5,0532fb7dd892663bf6be9c5a10bd4bf10f81ab52ca9f0dbd35288715c93c7d0e,2023-12-19T05:15:00Z,NEW_ENCOUNTER,,,
batch_001,encounters_legacy_meditech.csv,38,LEGACY_MEDITECH,119242,2d48e7f18af1819b531f42babb703b3147ab2bf90472ea0af3001bf2f43b6898,2a8c1a8a8ce3dbe51b331248b6f20b09a5c5bd6e71d252c52bc98694c69e1fd5,2023-09-08T10:46:59Z,NEW_ENCOUNTER,,,
batch_001,encounters_legacy_meditech.csv,39,LEGACY_MEDITECH,105771,029bbd798cf1c2c66119122f77516241392622afddc7cbe5dbe61dda367a9e42,c993ec1acce44081bf4b9a2295cd1b40fc98c80ea3ecb629fbdbee3c9fdb2ef6,2024-03-28T21:47:16Z,NEW_ENCOUNTER,,,
batch_001,encounters_legacy_meditech.csv,40,LEGACY_MEDITECH,125818,ace5ff767b4bf894bdf60bf4666a6ef8a6ff8da9fdc8609303cbfd625f076ead,207d22ad9201592af93992946b2fb8ea6a01e9fee960d94175d0f2aaa423aef0,2023-12-01T09:04:47Z,NEW_ENCOUNTER,,,
batch_001,encounters_legacy_meditech.csv,41,LEGACY_MEDITECH,107065,08ae6df0b5dab820ec29dde152fe04b8f620a05688ae13f2248a591ab883fc30,51bd8f3a92e1b2ae6e2983adf75d625343629b7250899fe89f3972f2f3e63f6c,2024-07-20T19:10:06Z,NEW_ENCOUNTER,,,
batch_001,encounters_legacy_meditech.csv,42,LEGACY_MEDITECH,131782,cfda943a6d53d4a518dc216a785cfc9480954fb0ed5addbae90e30177d7daa11,af5b9f4a92a6db1e24d001b5bba3a7b200e912022513712b67e24966db744912,2024-02-14T01:12:00Z,NEW_ENCOUNTER,,,
batch_001,encounters_legacy_meditech.csv,43,LEGACY_MEDITECH,130310,bdaa52b961c99d6be522f80f105cdc68df2262e6f084777dbabd02a7e4da74f3,4f85e49cad863220869056f0c6b9a1d8419a905217b5acfc675dd248a58fc9ba,2024-06-29T09:31:29Z,NEW_ENCOUNTER,,,
batch_001,encounters_legacy_meditech.csv,44,LEGACY_MEDITECH,132973,f7b5d3a67bebee27f0e923d3682e1780596554f9cfc94b182f29d41d4e90502e,3b3b10dcfdd25af5d1ce9182bae9d62d0d628e5a25350b6e5976c44e47fc2492,2024-12-16T16:46:05Z,NEW_ENCOUNTER,,,
batch_001,encounters_legacy_meditech.csv,45,LEGACY_MEDITECH,127953,54ccdccc935f02602ba666050ff6293b5e373c76742216483c9042305edba1e8,f5f723e4f091c7e63343fc2d9cb4e9110b6ed1dbb97afb9d595fe64a43eec2a9,2024-06-28T13:44:55Z,NEW_ENCOUNTER,,,
batch_001,encounters_legacy_meditech.csv,46,LEGACY_MEDITECH,137981,6680f0aeb12cb70418dbfe91cbe7d98ed828726c56bc8a29dae18cbb305956fa,c3b2bd668d4afb61449e01740fba1436b659ec79618db67ca3238dac4df53509,2023-11-07T09:30:14Z,NEW_ENCOUNTER,,,
batch_001,encounters_legacy_meditech.csv,47,LEGACY_MEDITECH,104970,49fe73c999206fd97699c5d03a70053cc8c744035a94ffe255a0b732cc5980b5,b12cf61a1902c78a69179bbf57821e329c8e8af3b11639ff1fbb484df7a6455f,2023-10-27T09:23:28Z,NEW_ENCOUNTER,,,
batch_001,encounters_legacy_meditech.csv,48,LEGACY_MEDITECH,120181,e288786740c5e7d474eed6d7f3dcb5d045801548bb5e295072fcf20f04615fc0,ee328ad5f1f1e5404c6daf9122eb5f52b36965368eecfc1a05daf69bcc33b220,2024-09-11T13:18:42Z,NEW_ENCOUNTER,,,
batch_001,encounters_legacy_meditech.csv,49,LEGACY_MEDITECH,105340,d844f269c5a2f9e85119ece5747d4976946a1865a801f0486b2f09a2ec4d0c9e,c8db0084c824032150bad3eb35a3013203437c3930b8248c645cf44df88a86b8,2024-03-13T06:30:38Z,NEW_ENCOUNTER,,,
batch_001,encounters_legacy_meditech.csv,50,LEGACY_MEDITECH,106823,b6c6e8095a2c8b41ae2a40a4212b6292569705ce46dbaca9619aaa8788790df2,acc8dea0f78fef9b5251f0ebfa6c875764f38e58f993029bd528256150824897,2023-06-18T08:27:46Z,NEW_ENCOUNTER,,,
batch_001,encounters_legacy_meditech.csv,51,LEGACY_MEDITECH,115897,fee5cde3b9accd9707e521da5a4631db6529f698e30e7c70f8f330ac626f95c9,7fd1576b5bb60f1d1341c7ad78663306bf2f57e392e0b8258eef9d1b56b41bc2,2024-11-27T03:35:25Z,NEW_ENCOUNTER,,,
batch_001,encounters_legacy_meditech.csv,52,LEGACY_MEDITECH,134054,4a88324b20422dbef4f35b7d05bd4909c4bf6280974c858f01d1785cfedf6635,b9e3a2885811817b52dadc5e025e2cb3117607189045998c0d120fb20f66a576,2024-10-31T07:31:14Z,NEW_ENCOUNTER,,,
batch_001,encounters_legacy_meditech.csv,53,LEGACY_MEDITECH,116868,8da3e3886b7e85679de680b941f23b78ae309b42de2fb2e655ec1ddc57476fcd,9430c40cb4cc4c629ad0160c147b2e92d189e86bead812f60bb6345941af6dad,2024-10-01T13:00:05Z,NEW_ENCOUNTER,,,
batch_001,encounters_legacy_meditech.csv,54,LEGACY_MEDITECH,114490,d5964d5af25bcf94311cba6a127f05e9e5af00cc0ec20dae0b575420ff24301a,0299f80520b7895bb1efc4e032230eb93e22774aa192e52f038bb8fc2d30f57d,2024-05-12T02:40:27Z,NEW_ENCOUNTER,,,
batch_001,encounters_legacy_meditech.csv,55,LEGACY_MEDITECH,138999,dbfdb9a1f2c489cb8caeb6f2812798e32cee95c6d6b973df4cc36f13ae51f7a2,d25c424a2eeb779f60407fa22cf95bbfbc1a9954797a03d6f8a35aa5959a047d,2024-07-23T05:14:23Z,NEW_ENCOUNTER,,,
batch_001,encounters_legacy_meditech.csv,56,LEGACY_MEDITECH,101825,dc658a8dd1b6d9c4b4d01b67662b90f971677d684eaaf91615b049c8450135fd,857b691d5a76c33139e83a49e9950d2feaa513d08b3693009ba4cbefd5b9aa82,2023-02-09T02:56:21Z,NEW_ENCOUNTER,,,
batch_001,encounters_legacy_meditech.csv,57,LEGACY_MEDITECH,124691,3523f0c272743e8da82a08a723d34e9204e3d8029dd3b92b9c7e8239f2b17d42,ea095d9047b5d22b79217c59196e15ec4c390a789b1549ec10ca30f30c261ac6,2024-01-18T19:55:13Z,NEW_ENCOUNTER,,,
batch_001,encounters_legacy_meditech.csv,58,LEGACY_MEDITECH,110546,879017af299c4138c11988a81b24788850f1c953ba7348c87707e4bcbdaa3830,cacd429e830bca34b22763bdb91b5ccd9733903e790e3e03c45a60dbd4d095bd,2023-06-07T09:52:17Z,NEW_ENCOUNTER,,,
batch_001,encounters_legacy_meditech.csv,59,LEGACY_MEDITECH,110308,4ad10372fb9f0348cd01c3d3d288b0bf9535f08904b9dc7a2368c3a34fea388c,a7b2b1be924a2d3769402a0b93a3311ee8c08ba583df5a75c3e45ef886f62fa3,2024-06-08T14:41:16Z,NEW_ENCOUNTER,,,
batch_001,encounters_legacy_meditech.csv,60,LEGACY_MEDITECH,125660,67d84e193908c3ad4a935c28d2ccba88c6dc364bd17f8c4a1e78d7913078a134,465e7af4a507dc5dd7632466fca564b0557fa45f77ad708403447919d79db8f8,2024-11-18T23:47:02Z,NEW_ENCOUNTER,,,
batch_001,encounters_legacy_meditech.csv,61,LEGACY_MEDITECH,120703,2525bad853f3397ab10d48d5b0ec6ddcda68322a0cb967fab0b8015c5535b115,a2ec53cae9d551aac186da01d94169349fdd667dcb9d72cda88e9bf3bf69ecb6,2024-07-23T04:49:19Z,NEW_ENCOUNTER,,,
batch_001,encounters_legacy_meditech.csv,62,LEGACY_MEDITECH,124584,21b4fcd87bcd88cf27f2f15bc9ea1eeb85d4c50b56292bc413147817cc600f13,f194072e44f2e0bdfe8bb550c39d7eccd4e689e5c55dfd232f6fb7fada72808f,2024-09-30T02:48:14Z,NEW_ENCOUNTER,,,
batch_001,encounters_legacy_meditech.csv,63,LEGACY_MEDITECH,118492,79897de900f22ebbfa8c7297dcd18b717afba4931731a96b3fe95aee9bdb0eda,c932e31eec0b0489d7c9c3f908ef7040c576ac3c11d7f03c337972d13be16123,2024-10-26T10:51:19Z,NEW_ENCOUNTER,,,
batch_001,encounters_legacy_meditech.csv,64,LEGACY_MEDITECH,111046,9f052c50d4e316ca01366315816fa3555b09a7da4ada25486bc22d3036d241ad,dccec97f925d1cbfd784ecafa01f15fcd0275499e1313d1da3475a2163be1834,2023-06-10T21:16:32Z,NEW_ENCOUNTER,,,
batch_001,encounters_legacy_meditech.csv,65,LEGACY_MEDITECH,110711,8e51f0a2fa82db32c981fc199c33a59c5432eebade3ffc6a9a6bafe9f91e2e54,1c7bfff35c319a24f42e233d6ab3bab9b6a849a0e7fd7e1bb44328a9e75f94a6,2024-08-09T08:29:13Z,NEW_ENCOUNTER,,,
batch_001,encounters_legacy_meditech.csv,66,LEGACY_MEDITECH,109178,2dc8c48a619df9dbf873597bae8671fd68b34fd13e5962a192b22252096be5ed,bd781e11efdfc4683c037d02b8dd4f97e779874cb7ed3067d73266129c6ad02f,2024-09-23T22:03:05Z,NEW_ENCOUNTER,,,
batch_001,encounters_legacy_meditech.csv,67,LEGACY_MEDITECH,117797,8c1b2696d18263dae19aa1dc16139cd0c61f0d7aa2919109f64e2487764bdb28,e4262269acfd33e0249088eb567f569072adeb791b3f3b11bf7f350b97d85e9b,2024-06-25T12:28:51Z,NEW_ENCOUNTER,,,
batch_001,encounters_legacy_meditech.csv,68,LEGACY_MEDITECH,119661,00f5002e0a83f4855bad385c8b9d77abcbc313917adfe408fd6288f304c2094c,61172aaad85a67ebeffd9367600a66be4445406fb7d9f9b8bf7dc3c74b0d1d66,2023-04-09T12:06:34Z,NEW_ENCOUNTER,,,
batch_001,encounters_legacy_meditech.csv,69,LEGACY_MEDITECH,108034,d766ae7b4e83e6bb39f81775c650713c24bf3b187b9047f2157cf3f3fa55253f,5c6170c974848c5e44f94a2e5927d10bca4562beb4c46f825defb350e35a891e,2024-09-30T06:22:41Z,NEW_ENCOUNTER,,,
batch_001,encounters_legacy_meditech.csv,70,LEGACY_MEDITECH,123300,2500b769bae86989ebc8f9ebdff8111eb8f54282c8c2f67dc6da55d072cc2aa2,9d5310d6cf005770de5b8ae382b9f47d1cb5bdc503853b7745bc567f7a9e0720,2024-11-03T15:42:27Z,NEW_ENCOUNTER,,,
batch_001,encounters_legacy_meditech.csv,71,LEGACY_MEDITECH,116005,462235b9ab3bea97cb38b84fe270edba3b73c254eddf005b92de418b35db10f7,f74d6c3278cad13781101268917ccb8558cecc0c3c26dc1ca9325d768617db21,2024-09-18T00:02:22Z,NEW_ENCOUNTER,,,
batch_001,encounters_legacy_meditech.csv,72,LEGACY_MEDITECH,101825,dc658a8dd1b6d9c4b4d01b67662b90f971677d684eaaf91615b049c8450135fd,857b691d5a76c33139e83a49e9950d2feaa513d08b3693009ba4cbefd5b9aa82,2023-02-09T02:56:21Z,DUPLICATE,DUPLICATE_IN_BATCH,EXACT,
batch_001,encounters_legacy_meditech.csv,73,LEGACY_MEDITECH,133739,aec5963972c759bf36bad80fc908b3f103e73c8cebf7c5535a847bb0bbb987e8,34bd77dfe35d36844bad8d39c99fe6a5921c64ae6494900fd610d169ca3febe0,2024-06-28T00:41:27Z,NEW_ENCOUNTER,,,
batch_001,encounters_legacy_meditech.csv,74,LEGACY_MEDITECH,131955,c3e7489438def1120af93befc41028c2cdec4e336219d57f9561efcb995362ae,e815f0f63ce714c29b136212c3e5b7c1c99baf024331d2efbca20f1e4fd9b530,2024-08-07T06:11:36Z,NEW_ENCOUNTER,,,
batch_001,encounters_legacy_meditech.csv,75,LEGACY_MEDITECH,123428,15bfedbbca22ee1bf31917b276768e3b9c6b856bb97cfe7296816a5ddf571161,fe967e653b329ae5fe112bbc4c0528197c5f690cdbb66660afdd5fed7cd97c2b,2023-06-28T01:38:21Z,NEW_ENCOUNTER,,,
batch_001,encounters_legacy_meditech.csv,76,LEGACY_MEDITECH,120596,d7a2a29e7df18a735a2b75393402adf34d9a21620c2cd3028f9cf872ce841f66,0fdd5ac5fcb13eaf9178a05de3b4d258121ab44b0ed7363452914fa814e11b45,2024-05-19T04:39:33Z,NEW_ENCOUNTER,,,
batch_001,encounters_legacy_meditech.csv,77,LEGACY_MEDITECH,100535,9f25208c745f537695dc8c624ca228aec620796fee59a0857ae720510ef3f5fe,8a1835576853d5aec7b3c6bc73ed97d6e3e79be338a02a5162201f185906b467,2024-04-22T13:50:38Z,NEW_ENCOUNTER,,,
batch_001,encounters_legacy_meditech.csv,78,LEGACY_MEDITECH,108133,2e074307153e2947b3861d9a87e60b3c4af9e28075d6c3cecd6194d288226806,d3ce33a833635a02cb389d1ba9d26eba4b936bf7e671dc9c8b70a4e4afbad93e,2023-01-17T09:58:17Z,NEW_ENCOUNTER,,,
batch_001,encounters_legacy_meditech.csv,79,LEGACY_MEDITECH,115995,663320ec1ba4885cc45081fbedf3e9199a0507b34d66c87e567bd0c54c095ce3,baf8f4581a1bea710e713c2b80a085bb219ed7ad2a826c2539ff23cc5932b596,2023-05-05T09:26:07Z,NEW_ENCOUNTER,,,
batch_001,encounters_legacy_meditech.csv,80,LEGACY_MEDITECH,104207,e014932ff242debdfd247f8307de5770d1c18b43bba50f2c49c3feab1daac60c,48c38356a034e248e9b9f34ebb509622ebbbeae6581601c8e70babe0fec4f94c,2024-06-18T08:36:21Z,NEW_ENCOUNTER,,,
batch_001,encounters_legacy_meditech.csv,81,LEGACY_MEDITECH,116405,a8cebea71db8ef240252c443281d416fd19d9f0373471d04060cc24609e2b9b2,bf0d7518a80f573456404c1a410a5b914c53f33303936d8bb4f6c19ee478ee67,2023-03-02T10:17:59Z,NEW_ENCOUNTER,,,
batch_001,encounters_legacy_meditech.csv,82,LEGACY_MEDITECH,115410,c4e7f9187d9dab9c55d3896ae78144d2493ed7bf83907d8de298a1937b94aa27,12034621660a2928d69f73c9a30606d79e30d7717b310374f5376abf3036e906,2024-08-10T21:54:09Z,NEW_ENCOUNTER,,,
batch_001,encounters_legacy_meditech.csv,83,LEGACY_MEDITECH,134917,9b9a0523acedd5763101224ac2a1368e5fd5679b69509d8695bf9fdc5399e85a,c53a0d6b814681b35f323d5f149e9194a2acbd91acfe77ac58c8d201c087ff31,2023-09-27T11:41:04Z,NEW_ENCOUNTER,,,
batch_001,encounters_legacy_meditech.csv,84,LEGACY_MEDITECH,123899,8fd54e422f8e7b9f1ee397ffae4c759798dee63d9dd1df0d16bd7e6645060774,4aa13dd23588193f45754c1d5fc4de773597a9fd2de72125de448e263bb8fc27,2024-08-04T23:30:42Z,NEW_ENCOUNTER,,,
batch_001,encounters_legacy_meditech.csv,85,LEGACY_MEDITECH,114474,b13042fe8af94a2a24ef1d838cc9e4a66e6ddd8f7eb82b08c849967d1e7ea249,3d869f0320589f5feff41acd2c3471c84db2df25e7259c75efe96c9ae543121a,2024-04-05T06:03:00Z,NEW_ENCOUNTER,,,
batch_001,encounters_legacy_meditech.csv,86,LEGACY_MEDITECH,103105,9f5aa14ebe8a83cfd79a210a08ca6d7353edb172085f6a45db83a3bb687394fe,5a2a1da12ded35a67c228b0a5e4d97d32ee789fd4244cb66ddda4aebfcaeae0c,2024-07-31T07:56:24Z,NEW_ENCOUNTER,,,
batch_001,encounters_legacy_meditech.csv,87,LEGACY_MEDITECH,132796,7d2fc3504bb230d7dee18a648114ce78562ad042b2af40e31823af89009a1207,1a4476a1e4fc2913f36b2b3b65fbed39c59c460d1cfe960e6f5c579b4027828b,2023-04-18T11:53:46Z,NEW_ENCOUNTER,,,
batch_001,encounters_legacy_meditech.csv,88,LEGACY_MEDITECH,107129,a6831394d0f85275538de22ece8aa1b99f2d95a969d5f4dfa0404ba0b6cf5fc2,d4d5374c71b8184594cea631ed0193067fc1b6a3517f4a2e7e309a6cb82229a0,2024-07-25T10:16:50Z,NEW_ENCOUNTER,,,
batch_001,encounters_legacy_meditech.csv,89,LEGACY_MEDITECH,110820,055705d1aaf59219bf1d4708c239f379901b64412aefe038e59231471df4fce5,4fb5a241bf1bf513e04a20455637d097ab68f1986803a0fe9b010fef67e6b63b,2024-09-10T15:50:13Z,NEW_ENCOUNTER,,,
batch_001,encounters_legacy_meditech.csv,90,LEGACY_MEDITECH,117968,6c37a49decce28f618006ffb3291be8abdf1d57cc957430d843be1ef2469803d,053e9fd613529fd7af720c11ea6c97e6e4a60316e5ce1fa8a0e5dddd28004df3,2024-09-11T05:39:36Z,NEW_ENCOUNTER,,,
batch_001,encounters_legacy_meditech.csv,91,LEGACY_MEDITECH,129987,abe5db666f17fb0c4b1b69f85a3895d372831c8207acb18dc1d4638ff6d59c0a,3bfccf1355605b89a3b3db0f7796be9550b32c7f1c9ae1f00a5a147aac260263,2024-10-04T21:06:51Z,NEW_ENCOUNTER,,,
batch_001,encounters_legacy_meditech.csv,92,LEGACY_MEDITECH,105132,9291728ead7977b2ae052f5bbbc6b1873685e52a9e0e4f4bc3229d77f1e3156e,4ce26fbd1a4519a4dd3ea4b8fe8301231ef1387e9e9a2986e3d613fa10cd1740,2024-05-21T14:54:57Z,NEW_ENCOUNTER,,,
batch_001,encounters_legacy_meditech.csv,93,LEGACY_MEDITECH,119442,55370c10eabeab043fe4e8abfbe158fdc7671096795c22bfe91e408bf6dd7cbe,32b0678427edc8c366c03a200293816aa41eb5131f47449bc87f22675b1d3d7d,2024-04-08T19:53:14Z,NEW_ENCOUNTER,,,
batch_001,encounters_legacy_meditech.csv,94,LEGACY_MEDITECH,119901,609387c0e75c8b2021fabf6803bcc8eae042a957b31e0c1c10e592d0cde8c538,81df00a98b392fde816067d73cb30f26a411c6bbbc45c28a5bfb46a0158e53be,2023-08-13T07:17:27Z,NEW_ENCOUNTER,,,
batch_001,encounters_legacy_meditech.csv,95,LEGACY_MEDITECH,102497,8652176570fe17e8700b43c019ee28b2d230bbd897ba2a7e024d80d428eab048,af458c5012e35952cd9af16b173410236780e6c0130a14ea0c61a84be71b45b0,2024-03-30T03:56:20Z,NEW_ENCOUNTER,,,
batch_001,encounters_legacy_meditech.csv,96,LEGACY_MEDITECH,129219,4ad4dac012328cc301d2e3f74ea80418f6ea3573fb27a67ebc4c6f48ad49b830,a1316030831eaed005f69c49bb7b6f2824d9b8d9f7d325b17a46615a02df9095,2023-12-04T12:20:18Z,NEW_ENCOUNTER,,,
batch_001,encounters_legacy_meditech.csv,97,LEGACY_MEDITECH,123639,34d805523ce68dafafee3703ef803d37e509d75f0d335940bbe5c2cf54ddefa4,8dd6a47769a52bee2955f362a272252cd70d4c07bad5374a5144705d80f7e997,2024-10-19T11:24:17Z,NEW_ENCOUNTER,,,
batch_001,encounters_legacy_meditech.csv,98,LEGACY_MEDITECH,121802,67dfa70b402344eb15cbe1ef06d73fb762c7a049317950272fc2624dd37cf04f,478d193026631b36885ac4a67d17e222c070f9b1e8e6fcb51291e1f1e8c296f7,2024-06-13T06:25:08Z,NEW_ENCOUNTER,,,
batch_001,encounters_legacy_meditech.csv,99,LEGACY_MEDITECH,136900,94cea46eca1a1932b29905613a325376ab07fd05d64a2c84651e9cc59f984309,d5b7ab25bd983a9106a02a1079743134dffbc9b278493f583e18aadb5c6d3b59,2024-04-23T13:03:53Z,NEW_ENCOUNTER,,,
batch_001,encounters_legacy_meditech.csv,100,LEGACY_MEDITECH,103380,21396a3603a7c2b688063850949474f49bd91cfdb7ed48ef4132b8318c6610ef,35b3af2675125c44d15463f76eabdb566d60e08b244d3620e6d864f7fecc06cc,2024-06-11T19:09:31Z,NEW_ENCOUNTER,,,
batch_001,encounters_legacy_meditech.csv,101,LEGACY_MEDITECH,131358,5c6af0abcebbe661423935853f78c8a618cb4e1412f6c0efb7cc7d982765fa11,2eefaed485b4df7b9527dafed6e958789caadf700612f4d890e603c6a66396e3,2024-04-28T13:20:53Z,NEW_ENCOUNTER,,,
batch_001,encounters_legacy_meditech.csv,102,LEGACY_MEDITECH,127709,29369e9bb358d0e13707e93962e08d7f5e3b4506bc855ad887247c00cb9b9bbf,6b8ddbf6996ed6d21a4ca9d3ced605ce3583c01da0c0516ef716121b3a61ea4d,2024-07-29T17:02:57Z,NEW_ENCOUNTER,,,
batch_001,encounters_legacy_meditech.csv,103,LEGACY_MEDITECH,115970,ca8302baee2cb9c362ddc3f70f1f9b84763ed57ae62f781be237409bc1efa294,cef2869944e3cddc0abeae4add1d255483f145cb303fd795d5721241615c1fb2,2024-02-14T17:48:02Z,NEW_ENCOUNTER,,,
batch_001,encounters_legacy_meditech.csv,104,LEGACY_MEDITECH,117903,ff3544fa18677fd19d670051b53d4f246ac9d1a29c1976c889857bec020f597a,1dffb0b7c968bc964fe3fbdb702e4586514f63945e06bce3ac09f79ed5467f56,2023-07-07T10:21:13Z,NEW_ENCOUNTER,,,
batch_001,encounters_legacy_meditech.csv,105,LEGACY_MEDITECH,108548,92e973fd075e74bb7b681d522958aa2e04f5e2269a98fabb07775c4ff4947238,5aab8bfbf18c63c4fb54d9e18d820988dd83f433a6f74ec8cc5d2527eb36facf,2024-07-07T13:15:24Z,NEW_ENCOUNTER,,,
batch_001,encounters_legacy_meditech.csv,106,LEGACY_MEDITECH,133013,d0cff0f795382799040a5ffad51d7006b12265095fcac5385e5aacd3666046bc,c4cf49d1b0588b5fb6f4c93107826a0c85440126b51a674373c0c97a7d673d32,2024-06-04T23:42:03Z,NEW_ENCOUNTER,,,
batch_001,encounters_legacy_meditech.csv,107,LEGACY_MEDITECH,134129,717a16676f317c1f2b0e842cac2ca79580aff5719ef298295eb01daabb62ff5a,b7079753cc2be73afc17e420cc8e294caeb51402ce06dd0a12d63d8b37781bbb,2024-02-16T23:26:01Z,NEW_ENCOUNTER,,,
batch_001,encounters_legacy_meditech.csv,108,LEGACY_MEDITECH,109031,43180bc7ebfb2fc5b9222349151c06f8a3d0fe5bd661267fa0b8ba6e281ad112,bcc2996f97aa49ff79004d84cc27d4061c12f3acba29a600ab9bc0facae95884,2023-03-12T07:32:38Z,NEW_ENCOUNTER,,,
batch_001,encounters_legacy_meditech.csv,109,LEGACY_MEDITECH,127751,6c2f2807c515b360114c54119b79f9d19b42977abf62061e0dea5a9fbba21012,aff0b14e974b1a98129f4e2dac4f132b6b1acd31b09c0bccb0ff88e6a7a1feb0,2024-08-02T19:59:02Z,NEW_ENCOUNTER,,,
batch_001,encounters_legacy_meditech.csv,110,LEGACY_MEDITECH,137455,3d55e4ad19d2cbd52d2cf9c1182c5df99b6fb0ee0dbd9827ba784481dfca7ed6,9382aaf29b453ef7cdac80f3d64cea18bb10f111109cb47b92a8d7a879d3d5b0,2024-10-24T17:27:57Z,NEW_ENCOUNTER,,,
batch_001,encounters_legacy_meditech.csv,111,LEGACY_MEDITECH,137700,41c7e4cd0e81190edd8a2755ed7098f41f6f1b23dc615f951e4d2f9d7b68bd2b,b01613a8b3a98af0e102b0bc649e79a369165deeab5d075834d23cbae8ea1a88,2024-04-03T20:09:48Z,NEW_ENCOUNTER,,,
batch_001,encounters_legacy_meditech.csv,112,LEGACY_MEDITECH,114463,4077f36d00bc3eed111b5382c6486f3bf137dee6cb104d90c2d3a685e43fd3a8,422b814a61512c5fa423b2c2ed2438b0267f94ebec075aa47bf5ac57d53a71bd,2023-10-02T14:40:05Z,NEW_ENCOUNTER,,,
batch_001,encounters_legacy_meditech.csv,113,LEGACY_MEDITECH,113204,5f5a73643fcc45fe407ccaa5f9c6a691606a4f9609cb7afda032e14b57a57d7d,43ce821f50e3bd2919fe26a03ae7398fded5995a5766a7a132924be7ff004bc0,2023-05-15T13:16:19Z,NEW_ENCOUNTER,,,
batch_001,encounters_legacy_meditech.csv,114,LEGACY_MEDITECH,103690,1280adec6283f29e63f0435f175af6bb165014cbdb3343226f298de66ce24b02,818354682ca48c79c20b74873f06073b0f7f61f6cde983b89323f4517143213a,2024-03-21T16:51:58Z,NEW_ENCOUNTER,,,
batch_001,encounters_legacy_meditech.csv,115,LEGACY_MEDITECH,102147,7324736ad5f43c31089324895f94a1c8761dc395e4f7d1bb922570ea7d7b43d0,b354f6cd48b940eecf0afb549fa241032a9084f9bff5bc5cb22360d313649877,2024-07-24T11:47:58Z,NEW_ENCOUNTER,,,
batch_001,encounters_legacy_meditech.csv,116,LEGACY_MEDITECH,132006,369b29c2aeba9f2172ffec82eb1ab4acd88d0a54209cd6e77cdc27af2761d53b,e4f31f34c1c11b37d388828b6cbe6fe062e3cedb9e9496318da90fa9fafccf4d,2024-10-21T17:23:01Z,NEW_ENCOUNTER,,,
batch_001,encounters_legacy_meditech.csv,117,LEGACY_MEDITECH,117661,6159cd33fcf90303226fc9bdbc78b7fdb2df89a88700ee7106198aafcea85d94,ca9bf65202bfacf0fca9221eabb0357168837155b0109b6caeb536fae7269e16,2023-06-19T02:46:15Z,NEW_ENCOUNTER,,,
batch_001,encounters_legacy_meditech.csv,118,LEGACY_MEDITECH,123863,ce1441efc692fb30b4671ab5590c44e276d0b67b049f25822425ad9edac2f7a7,6789bbdbfb958ab1a4061418a74ce13ce1b48ffed735312789eaf3c708932f14,2023-11-22T14:05:07Z,NEW_ENCOUNTER,,,
batch_001,encounters_legacy_meditech.csv,119,LEGACY_MEDITECH,116755,42c53c0f0335f5dea22545a7ccc9aa3ee4eee3d289b8a53c9e533b18b39e805a,cf1209d1b15a3c422fb1ace68b28668845af868775c7ec78ce984267c6025034,2024-09-19T04:28:54Z,NEW_ENCOUNTER,,,
batch_001,encounters_legacy_meditech.csv,120,LEGACY_MEDITECH,135156,2b0a3c5fb9fa71024ead9f240bea3de6c6b6a5841615596fab044a42e5f7004e,4ffcf5562ffeb53c7d4f32fa984d3fa2dad0269d120508e8ee7d5adc51fc2b37,2024-02-14T06:07:51Z,NEW_ENCOUNTER,,,
batch_001,encounters_legacy_meditech.csv,121,LEGACY_MEDITECH,129823,12aa5db0aa4e8fd29a983a83d16973ea0aebfc526752af0ddcf2da8ec411ff36,0bcc953304b454a3616f0620e9e495128e454ffec3486f8edf117365242443f6,2023-09-18T00:06:40Z,NEW_ENCOUNTER,,,
batch_001,encounters_legacy_meditech.csv,122,LEGACY_MEDITECH,110226,18cb82cc1c07d522cbfed2c0544f70f5be1d0f1f4afb2be508ce979e087b0d4f,2a1f4a01eb90e19eae838cb10df55ee382f4f759cf410629ce3416a1b27bb738,2024-04-26T23:31:32Z,NEW_ENCOUNTER,,,
batch_001,encounters_legacy_meditech.csv,123,LEGACY_MEDITECH,132836,0a49a981dde71295326aa6c7e68758ad7fac479ece99f1760e6ef46d718b9541,6823e3ee4b0d67279a0a7591e3e95a4563f7f23477014673f11d9e3a106c4972,2024-05-29T07:53:56Z,NEW_ENCOUNTER,,,
batch_001,encounters_legacy_meditech.csv,124,LEGACY_MEDITECH,129941,7f0f8500a8a28d72f8fef7858e57aed1aa2b451859b12646174c47c8162c7a0d,fb15550d89cd10649a22fe9fe0f8ac20d77e49e247a6da248c74b7ba5399b5a2,2024-07-18T20:51:27Z,NEW_ENCOUNTER,,,
batch_001,encounters_legacy_meditech.csv,125,LEGACY_MEDITECH,109816,c6fb0d16fe0fd530edf8c68404b5a5acf79116dcdcc8a26a02147d86372e8fe7,1a14a6a7b4a98c09516cda788fe7eca3ebbaf5a3f84aa8ad50d5edbd127a5ec9,2023-02-04T10:17:10Z,NEW_ENCOUNTER,,,
batch_001,encounters_legacy_meditech.csv,126,LEGACY_MEDITECH,120562,0818eb3db98da3526d97013daba961298a784f017bb89d69247567caf6a60caf,cbd05050bf5971f93c064e2d1393167ddd1dc7d97aceb9c092351c1422c61605,2024-05-28T14:05:41Z,NEW_ENCOUNTER,,,
batch_001,encounters_legacy_meditech.csv,127,LEGACY_MEDITECH,137552,52fba37ff13a9f802ac9d490ab907a6a81b4bda6f6755df758324d70729d7bee,0c98f56585b7ef4f626eaeb7b9bcf1d8083619613782099985128828fec4598f,2023-08-26T01:32:14Z,NEW_ENCOUNTER,,,
batch_001,encounters_legacy_meditech.csv,128,LEGACY_MEDITECH,118520,1fce24fd62b52589951d6b738e2c36564122eb1952789ea7b0ec14d6bb6f8f3c,626ac51fc9759b5a81eba302961b64cc15bec5abefa05cba01a09aa071e8f94b,2024-07-21T01:14:26Z,NEW_ENCOUNTER,,,
batch_001,encounters_legacy_meditech.csv,129,LEGACY_MEDITECH,116357,7198618d0647276647e50da6a367df07f2bfabf323c842037e44938c9baa1076,f72147481961e28df71de24441a7f7d8f94998fb771bd4823f0d232e46b70e85,2024-06-10T17:31:54Z,NEW_ENCOUNTER,,,
batch_001,encounters_legacy_meditech.csv,130,LEGACY_MEDITECH,133646,59242fc3aaf29ce53af5405a3a95d6d88936afd949617065bc567f3741495e03,c93c3a9a2d432fb7dbdbd8db7573c92a17cbdb230ea31e42b16716313018dc4b,2024-09-11T08:43:12Z,NEW_ENCOUNTER,,,
batch_001,encounters_legacy_meditech.csv,131,LEGACY_MEDITECH,121244,ee7af72e0a8d8c95982dee22ae84881ac12abb546e1d1db6c8f195c265a60cf9,76a1b463d71cd0b41dcb03fec74368939a126ded70afe78631cfe151a126dd63,2023-04-02T09:07:31Z,NEW_ENCOUNTER,,,
batch_001,encounters_legacy_meditech.csv,132,LEGACY_MEDITECH,124364,08080af2e7fba852e09f30842e6af129d4c79ff8e4eff1794804c8dee8f0fa14,bf03abc5b342cc7a296ea0a363db70cc93e856d4b9974728673f881ddc1a2261,2024-04-05T06:19:35Z,NEW_ENCOUNTER,,,
batch_001,encounters_legacy_meditech.csv,133,LEGACY_MEDITECH,120920,7269c39a2f549c711463db4c2a6b12a4fea2989a35fcf79249707bbc0075b18c,f0b1e9cf6bee49dfc5b8ace26dd6a47049c7d12f75f985b59e1c15fd73d773bb,2024-04-18T08:42:55Z,NEW_ENCOUNTER,,,
batch_001,encounters_legacy_meditech.csv,134,LEGACY_MEDITECH,118438,80e55fe391e8baa87e149c92c80e5a1c0ebc0e93c88b05e27fb3147ce432cbb8,efc9389b08f36d84279ba1362c16fbfe6d904c2c5102e0b90f3e87694c513b31,2024-12-11T08:50:16Z,NEW_ENCOUNTER,,,
batch_001,encounters_legacy_meditech.csv,135,LEGACY_MEDITECH,119208,654174c377981a2f01a0f2e62c3320414eca93b486b328468ab3f74284b5d593,b68c20b69d2d0615c45dc78d5e85a7789aaf1ea7f010cd9b27dbca8e0aa3a272,2023-03-05T21:49:41Z,NEW_ENCOUNTER,,,
batch_001,encounters_legacy_meditech.csv,136,LEGACY_MEDITECH,100019,fee236fbd3a14163ca410ff047b5aa20b9ad7562a7faf83ee7423e22f56def90,55e4499f7b6f516be7881830d5504d9cb08a431f9fb824677b100f552f792bce,2024-09-26T13:47:29Z,NEW_ENCOUNTER,,,
batch_001,encounters_legacy_meditech.csv,137,LEGACY_MEDITECH,104901,3e537243542acf7b41acba512d3c362f246d362097b7bf53300e93474cb8657b,30a0175f9ab89db9700d36c6290fdd9680940833dc9b23406901805441d68ad1,2024-04-15T06:35:41Z,NEW_ENCOUNTER,,,
batch_001,encounters_legacy_meditech.csv,138,LEGACY_MEDITECH,131527,2f16a3fe78f411f715561b1536ba8f394e072491a7ef360d27cb7eb147224439,342a9f6711a1c70681fae061c69569384fe0539bc048a711a0d2e90168d89c9a,2023-07-10T12:20:34Z,NEW_ENCOUNTER,,,
batch_001,encounters_legacy_meditech.csv,139,LEGACY_MEDITECH,117428,1d5a5bc9443e30305240fc06651985267a0492bb1b9cd8129c41928582f3a60f,24d4e88d3705d979857eef3423eed6579e72c097b3a5eddfcc93f7b496035611,2024-11-24T13:45:44Z,NEW_ENCOUNTER,,,
batch_001,encounters_legacy_meditech.csv,140,LEGACY_MEDITECH,121627,0e4609350d502b34b6d57266044fdd53a731d6a38007663238cd47789ab14271,3e1d85ec47513654031c32dc267c42b733ef7458dc15c2a711e7fd05e210b1f1,2023-05-11T22:53:54Z,NEW_ENCOUNTER,,,
batch_001,encounters_legacy_meditech.csv,141,LEGACY_MEDITECH,133116,ef31a052edb292202d446a6f3536b33ca96cf46476f0ce45f35add4a249d5c48,3e13f97960f46db16c25fe58238315ca29cd3e3cab93f6448a258bcfa13e3cd9,2024-08-22T16:20:19Z,NEW_ENCOUNTER,,,
batch_001,encounters_legacy_meditech.csv,142,LEGACY_MEDITECH,110992,c69823fcf8cf658f412e6d7a4144a22fb06a65c8433687fef1da925079c6d25e,24e02e29ee8c076fadea11e461cc6237fdc17966230f05caedcdfb00bceeed36,2024-04-28T07:37:26Z,NEW_ENCOUNTER,,,
batch_001,encounters_legacy_meditech.csv,143,LEGACY_MEDITECH,139478,19b5a142f3734a84e612876ba03c347496456713b2931f6becd73a8f9efcecf5,8e4637376b2b307caea76528a01b92a1376bbf6b2f7994ef7419c9f3c6d97b80,2024-06-29T22:19:32Z,NEW_ENCOUNTER,,,
batch_001,encounters_legacy_meditech.csv,144,LEGACY_MEDITECH,102389,8f088010891771d0795cffc76423ecc548cb419c9f12e2427977efdd9809b912,8775d37fae149aba1775cfcb141fdeecd366b2173a99556773709666dddf6ac2,2024-10-22T08:58:07Z,NEW_ENCOUNTER,,,
batch_001,encounters_legacy_meditech.csv,145,LEGACY_MEDITECH,128575,7bea4e2f58c95cb6625663431b43228b0d26efbbc42353ac71b8f337a2c070d4,f81a0a0bc110a7235c552e97d8572abb14c84e0fb9c7b7459828735cfe38ba48,2023-07-07T14:59:30Z,NEW_ENCOUNTER,,,
batch_001,encounters_legacy_meditech.csv,146,LEGACY_MEDITECH,110028,0ed0120b33e0efd6fc136b6a874f33335e6af74e009a7e1678d67f0a559cfb0f,ef578942bef97ba3495fa4f6048a56a88992650c0562da9806b035ddbd5cefbe,2023-05-13T07:27:36Z,NEW_ENCOUNTER,,,
batch_001,encounters_legacy_meditech.csv,147,LEGACY_MEDITECH,119157,e505185168e24dccb2b5c7231ae24b872658a970ecad10c319dbb4ac3017ee38,4715572f768b9319ee041cbde6d9403b3a93ab7854bc01188fb478ea073a2c3a,2024-04-27T23:54:19Z,NEW_ENCOUNTER,,,
batch_001,encounters_legacy_meditech.csv,148,LEGACY_MEDITECH,124642,526a254a95108729fd4df8eef46776f7b034b0453e140b49e4b64eb07aeec4b6,4f3b1d666509979df6a46f47ff192a07da2acf021c9324c9e86062e11892d959,2024-04-07T01:26:09Z,NEW_ENCOUNTER,,,
batch_001,encounters_legacy_meditech.csv,149,LEGACY_MEDITECH,117990,cd5998ecdccd5ca72fe5d71ba927ceb0a1524e6f3c75f2c08097a24f4a95f6e6,4915be9b01686e24b332763e4085118bb3f9ca27bacc1d04dcf889707f4ea27f,2024-09-29T06:55:54Z,NEW_ENCOUNTER,,,
batch_001,encounters_legacy_meditech.csv,150,LEGACY_MEDITECH,127220,f13969996e1ba9336315eddb5b8658e87717985686a6646e765723285cb458fc,035789ebf48d069326774a1413d729b686e23ebebb0813bb0b54313710c47af2,2024-06-26T05:52:19Z,NEW_ENCOUNTER,,,
batch_001,encounters_legacy_meditech.csv,151,LEGACY_MEDITECH,132710,32cf33cd6001ca2e5315cfa2186f9edf7d56b94d6f4a8917caaadf678bb64436,cd71082d95273fd102676ccd9105d88e9e59f6f0430ea56f4f873c139272a685,2024-06-13T19:23:04Z,NEW_ENCOUNTER,,,
batch_001,encounters_legacy_meditech.csv,152,LEGACY_MEDITECH,129582,3d3e9573982fd8841d71b26d0515f3b246c18042b74f34c4cfcbcc74d741ede1,a06a78723fadb0de002ee622aaf4fd6bcb79e578a3fc17e3c4c77435ebc70b9a,2024-05-14T00:16:11Z,NEW_ENCOUNTER,,,
batch_001,encounters_legacy_meditech.csv,153,LEGACY_MEDITECH,114492,d23b5e6e2f9fa818a2b3d5f099b4c564caafef6ecf5376d1b62e5c3e23971fbd,855f614b61b16425160c2bac27004fcacc7fd9fb2fc492d4c19109e964194706,2023-05-16T07:25:30Z,NEW_ENCOUNTER,,,
batch_001,encounters_legacy_meditech.csv,154,LEGACY_MEDITECH,133904,8ab94d2397020747acb89784c42f168fda8927e842bfd56ac75b8f24789466cb,8ec5889ff335135f5a05ba477e22243a17bb0f15a84f5aa5bbf82e20acdca06e,2024-03-25T20:53:18Z,NEW_ENCOUNTER,,,
batch_001,encounters_legacy_meditech.csv,155,LEGACY_MEDITECH,118605,3f10ccb539b503012f36a499938738f610f2b508850a39f9d3fe534e0d90e640,e1f0f759d2ed33f28db97cbc56418fd3b78573b3d4d0769d175097731ac74e92,2024-12-06T16:16:31Z,NEW_ENCOUNTER,,,
batch_001,encounters_legacy_meditech.csv,156,LEGACY_MEDITECH,128309,dcdc42673a22b4de70520e20ee99719c45b291509aa4821409ef55b42d2d03f4,cc49a19de5a5c2ff54abd510ee92d377a122ca9b10e836dcf073d0954f96ea7b,2024-09-19T05:20:13Z,NEW_ENCOUNTER,,,
batch_001,encounters_legacy_meditech.csv,157,LEGACY_MEDITECH,115016,5825c4602e3ebfc143b6b5c05845e8d13dea770bfb9e0fec26f186b17f8967bb,76b3011f4c713f9ce7f7a5c41066a5b3a07c395a71ac08f6b3edd725746854b6,2024-09-12T06:47:29Z,NEW_ENCOUNTER,,,
batch_001,encounters_legacy_meditech.csv,158,LEGACY_MEDITECH,100513,7916521376f632307615ba76a69ea1fe8a345de53775f9edf79f3833b7b3fa88,ac7fb002e596c510cf2202512df3144a364cb304b33b73234a716470f8d7577e,2024-10-19T14:52:46Z,NEW_ENCOUNTER,,,
batch_001,encounters_legacy_meditech.csv,159,LEGACY_MEDITECH,139141,d8599332206553070c6dc82015e693a0b7e443cdb2a6a1e1d62a929b4477b1a9,a65045c107ec10131ee166efcab931a410cbbdebf5448ec37a24713e1e3c0e5b,2024-04-06T06:46:27Z,NEW_ENCOUNTER,,,
batch_001,encounters_legacy_meditech.csv,160,LEGACY_MEDITECH,108609,71ad429c4d8e0904494a6e55b250575aff206a685f100e6f638d46527829f8a1,c9429d858d143dbd764652f093105d000661d043ea695ed02f8c277ed19e140b,2024-11-09T03:00:18Z,NEW_ENCOUNTER,,,
batch_001,encounters_legacy_meditech.csv,161,LEGACY_MEDITECH,100552,382b7b50469214f5ac3f61a277caf5746c77c2a8d1106f7222be5a6b361fd708,86169d4daa896f50b37e0de8f8b4d0cac5f195f8b25b17498e4b9ddbad66ddb0,2024-12-24T14:29:33Z,NEW_ENCOUNTER,,,
batch_001,encounters_legacy_meditech.csv,162,LEGACY_MEDITECH,122878,bffc0c10582eca5d7038098fec4c0de7db44de5cf9274ea3d69ef38582d275aa,8ded213b8db0f1eabfe91db7cbc31b6c6da1af749ac3054c6d569133f8268ee1,2024-01-26T18:22:55Z,NEW_ENCOUNTER,,,
batch_001,encounters_legacy_meditech.csv,163,LEGACY_MEDITECH,108196,9db8bb4d8a17dd54fd7ab36c0469ac4e10b1e8e214a5727fc9fbfa6fe821948d,8e84adc4264a64b587f6084df266df591377f11d6ab32fd5e259723349b65fe4,2024-07-27T03:18:07Z,NEW_ENCOUNTER,,,
batch_001,encounters_legacy_meditech.csv,164,LEGACY_MEDITECH,117475,bd9e5f3ced9bd6ec98f8e8580b7b074a20153406c8292d5801e97274231194b9,65fccbe79cae0ae3e70d92dd0cc87de9fa7e990d48f9f386af649dcda24ebd71,2023-11-06T02:35:18Z,NEW_ENCOUNTER,,,
batch_001,encounters_legacy_meditech.csv,165,LEGACY_MEDITECH,138155,9f003550af50e5386f9048f85ab06f8055d93e922339c1ba1a6d35d805ad1ccb,377197705d6e4c630cd676bf39b2acd771dd4ced6deddf1092f4b1c5baf9feea,2023-03-01T09:44:06Z,NEW_ENCOUNTER,,,
batch_001,encounters_legacy_meditech.csv,166,LEGACY_MEDITECH,128567,57bcb9fd17a560d8ad87f574624485b06b59116b65cc6f393e9bdea0db45fe98,dfe930bd13ed59be4a23ebde83283719766526ec34116a3a42a33cf8a4bb849f,2024-07-31T12:20:08Z,NEW_ENCOUNTER,,,
batch_001,encounters_legacy_meditech.csv,167,LEGACY_MEDITECH,104665,e2667129ed50038678130a3aa01f93cfb9f9e7b3dfae7e82fd0d4b38193a1e0b,3b911861f7aabb6dbddb5a8dc1ea4db5b0b7423947e6be1b12d7fda40173aa12,2024-07-09T06:28:12Z,NEW_ENCOUNTER,,,
batch_001,encounters_legacy_meditech.csv,168,LEGACY_MEDITECH,129553,5d7adafc07f68bad62ddd39ab1eca583f5fd05640c50dc917ad19bbd68be6edc,71091284578904d4bf9b3e32f0e74eef10251bdaf57ba7b8887d27af0140f1a3,2023-09-04T13:27:45Z,NEW_ENCOUNTER,,,
batch_001,encounters_legacy_meditech.csv,169,LEGACY_MEDITECH,114644,84c558ed985079ae28e6c5328b4c724d90d8ef5d3b5e5198e105423e33c1e3ec,44e6c498ea69d4b1e6178c0d7583aeb9e69df4c0f511fe544b0b518701ea89f3,2023-10-31T11:36:26Z,NEW_ENCOUNTER,,,
batch_001,encounters_legacy_meditech.csv,170,LEGACY_MEDITECH,106914,e66818f984569046215ae890f782574fa9a7d14bc34142fb6fada5b9174e6534,69f7d4f2b288fe28f167bcdb3aa23b4614f2b244305aa083dd15f9684f35fb6b,2023-05-04T21:59:50Z,NEW_ENCOUNTER,,,
batch_001,encounters_legacy_meditech.csv,171,LEGACY_MEDITECH,135512,27bd40aafa4322ee07672908abf155a1f6adfafcf7e82d69fb21ec49dcc1ac20,d9dcb7aab3a25f095a383239fbb448bb327824f37c250a206f89a54a2b44ad23,2023-10-15T10:21:57Z,NEW_ENCOUNTER,,,
batch_001,encounters_legacy_meditech.csv,172,LEGACY_MEDITECH,112860,f095e3b6d145af4809d8943af6b612063a1592e591a3572d3714bc3cab62064a,aaffdce5b361cc393b0a91bc6982c085b96b429c35b6634f58a1a872a3e889c5,2024-04-17T00:15:18Z,NEW_ENCOUNTER,,,
batch_001,encounters_legacy_meditech.csv,173,LEGACY_MEDITECH,132432,4b7798dc6a0f9c9f93ab462c10ad5289b9b944744fa533eb212839a6acdae278,96e146f2d7272849eacd777c988b5a3c9caeae2bff2eb6f863673724311ff191,2024-10-07T20:33:24Z,NEW_ENCOUNTER,,,
batch_001,encounters_legacy_meditech.csv,174,LEGACY_MEDITECH,135861,71143652e91748005b3bc302841bab59dcd40a30a498ac9cd1a333b52b88e1ed,03a5f610bf9138d146731166c67f7b30c8631e1b466eb59d3e9dfef7b8e974f5,2023-05-07T14:48:49Z,NEW_ENCOUNTER,,,
batch_001,encounters_legacy_meditech.csv,175,LEGACY_MEDITECH,109837,59b0bf0a915ab57b26a61637fd06fb272d249d8b22168bab4193d328038ad90f,3a53940ec66702e8941a709333edc7151bd988287f9ddf08158ca38f47b8f77d,2023-12-16T16:07:10Z,NEW_ENCOUNTER,,,
batch_001,encounters_legacy_meditech.csv,176,LEGACY_MEDITECH,120347,a83d59924755600867157eb86fbe99d79ebb1fee49c610dbef440fe4bc6fb4d2,951a1645a132778375d725449b8d80880ac5d5d38fadd0168a396f1efe1eb5b9,2024-05-18T05:37:17Z,NEW_ENCOUNTER,,,
batch_001,encounters_legacy_meditech.csv,177,LEGACY_MEDITECH,103030,daca998956f7942b26e6d53edb226c556dedba5e1c9b765bc6439a541f11f567,72b6e03cdd884c6463bd74b76a5cc7918dc300672631c49c77f995fec2a4dd8f,2024-04-01T22:18:51Z,NEW_ENCOUNTER,,,
batch_001,encounters_legacy_meditech.csv,178,LEGACY_MEDITECH,117351,5ea4b91eafeb1f8361d66de2711fd98103aeb78d31932ed0457348f7f7b27439,aa733241e7ecd5e6995db5229cf68c518dadd79544fbaf1d5d824b16e3a7bb31,2024-07-04T21:20:17Z,NEW_ENCOUNTER,,,
batch_001,encounters_legacy_meditech.csv,179,LEGACY_MEDITECH,117361,60de36b0e471a8378bb4adae81f8f7f9a594855129e716e031b618739576bf36,7b0551496c1aa6e1a92429516bc34f866d7cc863c27a3586a3caf4adaa8635e5,2024-12-13T13:47:31Z,NEW_ENCOUNTER,,,
batch_001,encounters_legacy_meditech.csv,180,LEGACY_MEDITECH,123766,8977cad681c81b981a70c8db5a733597ce4593b8b0d34c00fe2f3c4c2aec7186,c768632a6feacc4b92fab5af380b436648609ad1805b3b7c16ba5d64e7a97870,2024-09-27T12:38:07Z,NEW_ENCOUNTER,,,
batch_001,encounters_legacy_meditech.csv,181,LEGACY_MEDITECH,117382,52069b56fda7469af86dba1a8b9ede4d70be0f0aca5b1571e02c15c94438911b,94ec3a3d2ff2106407c055f959581ed07e19d0fb6df88292e8aaf05c4def8ec3,2024-09-15T14:07:36Z,NEW_ENCOUNTER,,,
batch_001,encounters_legacy_meditech.csv,182,LEGACY_MEDITECH,125350,e578f4d8388611613d17b7c8c2cb7624be5ed694f9a8eb7389cf6de825c50f98,7e14dee3da62c81376b928ea8e6021eeef8148dbda4d2f42f92db560c4debff4,2024-11-25T14:14:25Z,NEW_ENCOUNTER,,,
batch_001,encounters_legacy_meditech.csv,183,LEGACY_MEDITECH,122562,e07369aaa2297904bd7b59f55f2383750d308a6403503c1ac2e4dc43768fdb95,f9b4a1d1f57aefbef9521893956e989fba92133460011e192aee1bde06d4a74d,2023-02-10T17:25:41Z,NEW_ENCOUNTER,,,
batch_001,encounters_legacy_meditech.csv,184,LEGACY_MEDITECH,124000,98782d1f0265cd012a69ee1b8d897d1f1e7e0613c729de68f158f309e63f9934,3c898e6bef90969f3c24ede3fc5b5fa087fa6acdbaf500e60d878da794f652a6,2023-09-03T19:40:54Z,NEW_ENCOUNTER,,,
batch_001,encounters_legacy_meditech.csv,185,LEGACY_MEDITECH,114790,d4c88e44533de3e61224b73b5bf91a05a0e88ee6a5916b503151a83cf2406ab3,2fb7da10b23374f1bfea2f5be78c826c8fd0388224e4958d3a8fe704db62368b,2024-05-05T02:44:35Z,NEW_ENCOUNTER,,,
batch_001,encounters_legacy_meditech.csv,186,LEGACY_MEDITECH,121496,d3fb3067ec30a976bf28573c27d34409b56be36bb99b73f64b156fe2b8d44dd7,ae3971b7689bd2cbec5f4fc6c3eabfb240ad703a8a8d7b782e111c4fa29acb06,2023-02-09T20:44:19Z,NEW_ENCOUNTER,,,
batch_001,encounters_legacy_meditech.csv,187,LEGACY_MEDITECH,118059,7fdd7544ae0ff699fbcdb5317e36d0cbd9bd04b1eb02681a7282bd09e6de84ee,275dbcfea22ef9438eb061e880b1792a402de06880c07e5ab3c40d6bbc36109c,2023-02-20T08:37:31Z,NEW_ENCOUNTER,,,
batch_001,encounters_legacy_meditech.csv,188,LEGACY_MEDITECH,117374,ae9907487e6d4f2229b763dd5e5fd566e9bf733935e39a4b1b2629acf742fa61,5837832cfa964df028d28d213b9648329034c873a4fa2c2a44e2c382258acf48,2024-06-17T20:44:16Z,NEW_ENCOUNTER,,,
batch_001,encounters_legacy_meditech.csv,189,LEGACY_MEDITECH,123153,377e9d701ca2b492822c3bd8ed692822940e1c5cf55e3216d4979c177ec87099,bd626db94569939b235b8f09a3e35c95b9c97770b6a1995edfeec1f8877d83cf,2024-07-30T21:20:14Z,NEW_ENCOUNTER,,,
batch_001,encounters_legacy_meditech.csv,190,LEGACY_MEDITECH,112237,20e1abe4bc87135e2d85e1d3b4529343722f1f07b1c43d4f44f880cb9f6d3286,1f20351a109f28ae5bbb316b7f29181501d807f59739600130d7a4eea1c5a7f4,2024-07-15T14:09:43Z,NEW_ENCOUNTER,,,
batch_001,encounters_legacy_meditech.csv,191,LEGACY_MEDITECH,135169,2a308826fbd5487548654a3293b0d529ffed4b1f7dab55cb44e1624dc8a85a7a,073e02d4ff765ef6307972b7c973575727b79a69771e60036d2e500a32ce871f,2024-08-30T12:26:45Z,NEW_ENCOUNTER,,,
batch_001,encounters_legacy_meditech.csv,192,LEGACY_MEDITECH,108441,592a46eff995331511b628436b374a98bd24840776bf2be2c6dc8d5d9f3c866a,a1d5df5b1ac5a81aa81e0b1a0d96c54fb5aa6cd92323f88c897268e35945516b,2024-10-05T21:05:38Z,NEW_ENCOUNTER,,,
batch_001,encounters_legacy_meditech.csv,193,LEGACY_MEDITECH,133262,ae36d5a1db2832d804c232c9dd513daf6f972935ee41574550a4e0a94e4028cc,6535cc26067911927cd4302bf56196046126fa4ad92e9ef45510f49aa16f5007,2024-05-29T04:31:51Z,NEW_ENCOUNTER,,,
batch_001,encounters_legacy_meditech.csv,194,LEGACY_MEDITECH,128478,6b07590238ee44ddb3776dbf51287e4f9c51680b99d2527b37425281b39a01f5,9ba349f40986c8fb5ee7e56a9c5518ea6fd0431461ad5a40b10223321965aa95,2024-05-14T18:39:31Z,NEW_ENCOUNTER,,,
batch_001,encounters_legacy_meditech.csv,195,LEGACY_MEDITECH,138967,9651020ba902ea724698dce48d0dc0173d7f437045ea295132f6c17554309b01,4b0f4aa5b8f7d3b7af7ba3557edd447561a0f36f0401531eaaf697cfee8ac7f5,2024-06-08T19:51:53Z,NEW_ENCOUNTER,,,
batch_001,encounters_legacy_meditech.csv,196,LEGACY_MEDITECH,100776,965829ab144964a37487454f274cfe697a9f5869f3f53830c99311778d243388,e7e2d92676279d0e92a84893ea1cd902c4ff6c4028c49028a6386f3a121dfa43,2024-05-06T12:24:01Z,NEW_ENCOUNTER,,,
batch_001,encounters_legacy_meditech.csv,197,LEGACY_MEDITECH,130264,cd3936104f1b8068d2eac78f6fd7e09bea7c74c92fe2f964251026d0ca340f95,6548ebb356b698cb5d737ffb3efd845fa1b5822a1e00a07b676798a2697a1cf9,2024-12-25T22:16:41Z,NEW_ENCOUNTER,,,
batch_001,encounters_legacy_meditech.csv,198,LEGACY_MEDITECH,111911,baacf9777208b2de3429c81ca425cdb13f7ee9df6c968e52b3edb76eb15893bc,6b0e8850166257bf76b8a417ee2f0fb0d924981942d32ebfa300b7fd135f70a0,2023-10-25T21:59:31Z,NEW_ENCOUNTER,,,
batch_001,encounters_legacy_meditech.csv,199,LEGACY_MEDITECH,121108,1d1779224933d08342928bf9f8ed9d332199494c67f98420a124a8be3edab408,62e9194c8ae1f1b1c95b60aea47f2da9c701400bbc9eb99ef17c1f38fe0047e2,2024-07-28T01:35:00Z,NEW_ENCOUNTER,,,
batch_001,encounters_legacy_meditech.csv,200,LEGACY_MEDITECH,104962,0813fdfbbbc88456893f14dff41b0c098795d8d9edcafefb5d5f45e6244c22bc,50741c324037cdba088245afa8b6288ff74ec23027788b246ba3437a9f10e1d5,2023-04-30T02:38:26Z,NEW_ENCOUNTER,,,
batch_001,encounters_legacy_meditech.csv,201,LEGACY_MEDITECH,111377,258aee0fabc4459b0e8b68b5cd0315ee9355aeab2d9b02e3bd05e37c7bfa0a71,e12809f2ccd7fb51f2de8ad158ebae8e6e3c4ff316c3980632349db660398652,2024-07-22T03:03:05Z,NEW_ENCOUNTER,,,
batch_001,encounters_legacy_meditech.csv,202,LEGACY_MEDITECH,110958,2481160c85fd8b5a4f50980dfbee0ad627dc69138e47215c2ffb9c096170e660,6f59b86dc907d31f4fe6321ab62e2eff97ba06a92ff0a56e1e98c5e5b6f1a744,2024-11-24T19:39:19Z,NEW_ENCOUNTER,,,
batch_001,encounters_legacy_meditech.csv,203,LEGACY_MEDITECH,114986,e2016cba9b3da053b86f8ddafa3820a6aaefe58347aeb08a1139133d4156ef72,1c00520c5535eca26fbd67df2b166cb6e152dc16605c42d52455b6713fa8f5d8,2024-07-01T09:33:48Z,NEW_ENCOUNTER,,,
batch_001,encounters_legacy_meditech.csv,204,LEGACY_MEDITECH,103556,6573c18044b8bfa388861c9de846a103f3dffb5421cbe30c985eb2493a58e596,9059327aab98af1d1278adea87c067000b7b562f4a12a5060a2fba40e8fb00c2,2024-07-11T02:00:45Z,NEW_ENCOUNTER,,,
batch_001,encounters_legacy_meditech.csv,205,LEGACY_MEDITECH,121819,c654ee2deb8a746dc3b83a2ab3914b3b5cacc64ba5bfe7ce7bc80513499a5eaf,0af7e9d0b5e144d87581492a53a1ee62ce750a39ff033caa6041686d4edbb00f,2023-11-07T11:42:24Z,NEW_ENCOUNTER,,,
batch_001,encounters_legacy_meditech.csv,206,LEGACY_MEDITECH,121824,66887baf17cb9c6f1708551d971a69bb66f399250899a79398295095938155bb,45a0b81ccbadeec9b4b73bfbfa8768bb2800133cdb61242aea9b2f290580059a,2023-06-14T01:37:19Z,NEW_ENCOUNTER,,,
batch_001,encounters_legacy_meditech.csv,207,LEGACY_MEDITECH,133412,0951f0bffcb8e2aa7c607f6a6001d1608fa78b89afa73ffd9f15bdb78d025d66,bb37fb4414893761c1ba177e81c47bc9466c68fe2fcefeb5a8722f31ea059460,2024-01-08T18:16:41Z,NEW_ENCOUNTER,,,
batch_001,encounters_legacy_meditech.csv,208,LEGACY_MEDITECH,124055,c75d988a4fe5c63f14a10880549bd2e40610c103cb39364bb4e7bb8244d4ecf9,7e725287787981a8f73b1d6ddc4db6b3905b18e2f4ae9fa0d2c8cf0cd621450d,2023-10-14T16:42:30Z,NEW_ENCOUNTER,,,
batch_001,encounters_legacy_meditech.csv,209,LEGACY_MEDITECH,134685,851a417b635b7f756e397278b8e0d3163cac181abd4c0cb70ef3675de4089baf,6dcbbafa716873bff3bd0d6ae8e053e8b9b28f7e89e7636237c41b8c6fcae8a0,2024-08-11T15:23:53Z,NEW_ENCOUNTER,,,
batch_001,encounters_legacy_meditech.csv,210,LEGACY_MEDITECH,105394,b8c657a2531b59ffccb4460232950544f6256dbe2a799b26108c0e71d7931af1,d2dc48b6e640844dd612d11b6fe46293ae70dce47059aa05a35e9ba7746074cc,2023-12-01T22:32:52Z,NEW_ENCOUNTER,,,
batch_001,encounters_legacy_meditech.csv,211,LEGACY_MEDITECH,105234,99d295e8ae270e32f78d61fdd8c55573c9d81b837c70c4d861e734ccb5c51ca1,27a36b4a642996790c3d15119f9f1373485f8a2fb23aed444185cf18b003ef1a,2024-07-27T12:34:04Z,NEW_ENCOUNTER,,,
batch_001,encounters_legacy_meditech.csv,212,LEGACY_MEDITECH,110363,58e89efadd7b6184755338cc7f29ca9b231d30802f568b27788d502cd225a4a6,5ba124b1556d465d78b4ad501109a5e50903c5062ed0de2792099c410ac82160,2024-08-09T06:45:26Z,NEW_ENCOUNTER,,,
batch_001,encounters_legacy_meditech.csv,213,LEGACY_MEDITECH,101954,b871c6a9c047130c7aefa215db23cc59eaef56a2287d1881682bec77fda8f0c1,271158ce1a348daeeb8bf402e8d7aed961a89f006c516d5d953816fda7a37d89,2024-03-04T20:23:22Z,NEW_ENCOUNTER,,,
batch_001,encounters_legacy_meditech.csv,214,LEGACY_MEDITECH,107263,9909902feef0d479ae6638cfcba1260f0286b22310da29efd13f2c5f5937b70b,fd5d157d5530e8de770455e2ef6d1ec4e3016db59e2f2ec6499ca6067bd3002e,2024-04-08T14:54:03Z,NEW_ENCOUNTER,,,
batch_001,encounters_legacy_meditech.csv,215,LEGACY_MEDITECH,123063,ff3abfedb7fd6c132d344280ca518a74d5aac11d31abbdda94130ddcc160cefb,e61a2eecda5d32fe6b17d72eb4317650dc1cbfcc8b47b38dc55aac648a7e41f2,2024-05-03T13:11:30Z,NEW_ENCOUNTER,,,
batch_001,encounters_legacy_meditech.csv,216,LEGACY_MEDITECH,134487,1216d6fcdfa0b0226b673ab0ad578f0c15fcd5d79191605d5d2eb747ede8a003,5ab9963b7ec53e3e16bd0b6609d1533daa65f9ce814f78461c431e30f2bb00d7,2023-08-10T19:41:30Z,NEW_ENCOUNTER,,,
batch_001,encounters_legacy_meditech.csv,217,LEGACY_MEDITECH,127586,7ee9a5704080456d6b18bf3e99b76328fa7bedcdb1f60cad19208191e9c03e42,6657aeae79d3e6975dda2a8bcbf14625ecbe37b563ae0df3f0bfed4251eabe17,2024-04-16T00:45:48Z,NEW_ENCOUNTER,,,
batch_001,encounters_legacy_meditech.csv,218,LEGACY_MEDITECH,112870,d6f2a3041da7b2ec429dd935b3fb117e1a0805b156d6f0b053e79f2a83be1e94,93347fa674ab77e6a745de349f6a873c9f91793cf6cc2db2497de0fc0c5590e6,2023-12-01T22:06:50Z,NEW_ENCOUNTER,,,
batch_001,encounters_legacy_meditech.csv,219,LEGACY_MEDITECH,123101,9c7c2dfaecdb1d933457040192daff6963769870e0ee517a4597a9ceb161548c,3afe905efa88a8feb13267878e1b7fe383bedd1eea01e6aba0e4f32425916f11,2024-03-29T14:44:29Z,NEW_ENCOUNTER,,,
batch_001,encounters_legacy_meditech.csv,220,LEGACY_MEDITECH,104538,837f8f781d4d5a31de0b65b26903634b085de9e168fbc5b050b191715c6603fc,609c828cac43de1b2a414e9f282a771c4ba13913169d22a37180c872ea738291,2023-04-09T01:15:42Z,NEW_ENCOUNTER,,,
batch_001,encounters_legacy_meditech.csv,221,LEGACY_MEDITECH,101272,fea71ad1735283c93477925b25f2b49c3ba583571a340cf36c9e7c95b695a6f6,06160d7914dcc2a3f56d37b4311438431dd55a96eee3a8b30ffc1f6a1c7a28ca,2024-03-24T23:44:40Z,NEW_ENCOUNTER,,,
batch_001,encounters_legacy_meditech.csv,222,LEGACY_MEDITECH,122712,f2028132d27cce565c61fd3dedbccc3ead79dcda3d01a6d043624a0528f4540c,a7523bafadbbc1ced0902b1f9d136c59772ba8e12bdf36378c915bb1b846dc66,2024-12-19T05:44:03Z,NEW_ENCOUNTER,,,
batch_001,encounters_legacy_meditech.csv,223,LEGACY_MEDITECH,112643,3bc7db91b36115e637b9db8ccbe5c64958e18794ad8a3f20ddf3b7316190239c,ef66c5cc95af4bdc81ab4d05804a6cb9046ffe17006f1cfb4077da531dfc3717,2024-05-17T19:59:39Z,NEW_ENCOUNTER,,,
batch_001,encounters_legacy_meditech.csv,224,LEGACY_MEDITECH,123618,7a2395de75305d0237e089c9f11985ef80fe455d409e44af720c5a1fc70d2d7e,7027b1437aa2f44d4e22ce0fca7559d2b1eade022a0caf84c6144d9d2a28df3c,2024-12-01T18:03:47Z,NEW_ENCOUNTER,,,
batch_001,encounters_legacy_meditech.csv,225,LEGACY_MEDITECH,115277,3068bfc660197254c7b6cca6633d87ce5bc51efbe1e5e8651e611ad4ea5c3ae8,eb69ef5c889dcc9fa017a72fed2ea5da2f46a7c6539b26878d16213a7884782b,2024-10-01T01:26:59Z,NEW_ENCOUNTER,,,
batch_001,encounters_legacy_meditech.csv,226,LEGACY_MEDITECH,131324,456101a33322b5b6630ab85aef69911f81003272a9dff544b7c0a36edf79b69c,e925b08446cb7c2c5e6e25ab096ca27cc026ee52a367bb457a13e477003b7969,2023-12-31T09:34:09Z,NEW_ENCOUNTER,,,
batch_001,encounters_legacy_meditech.csv,227,LEGACY_MEDITECH,133691,22bbe5861d7bcb20a784bf0dbdfc565096bb6ade18beb05675d44c9565a5c4dc,84660b80c62efce23f19e286510a912ef03050e3cf9360cb8efb622ffb182004,2024-09-16T15:59:30Z,NEW_ENCOUNTER,,,
batch_001,encounters_legacy_meditech.csv,228,LEGACY_MEDITECH,124370,0582a06636e03c08659d53f474212ee6e5bb7c141dcda38f9eae9b8f1ecbefe7,882630f104f164128c50ac269d504316410813bda0ad8bd450e5c96c196c07fd,2023-07-03T04:23:04Z,NEW_ENCOUNTER,,,
batch_001,encounters_legacy_meditech.csv,229,LEGACY_MEDITECH,138625,dd71d78c5aaf7293977622b5076f26202a2bab8bf920b484fb19e2aafe7a04d9,aa8eb4356aa63168d000ec098bd17f0fd6db6530e4a78bfe2fa4a55a11ccadad,2024-01-13T04:30:58Z,NEW_ENCOUNTER,,,
batch_001,encounters_legacy_meditech.csv,230,LEGACY_MEDITECH,108866,33e1c8bd5f58118c0bb3627b99010bb986032050595dca19e4923fdc8dbb1510,573ceb2181c5b8c99340d26f1a3778c2c1e16373f8c583fac1a66b095864b697,2024-02-29T11:12:58Z,NEW_ENCOUNTER,,,
batch_001,encounters_legacy_meditech.csv,231,LEGACY_MEDITECH,128581,bc9024cd75ebaff885f572851bf5250588baa50e1ffad0bb0231bcac2e3cb199,21799d64575365c8da0d69a9af518573007440cc84966fe495cb7f521c1879b6,2024-03-27T10:29:20Z,NEW_ENCOUNTER,,,
batch_001,encounters_legacy_meditech.csv,232,LEGACY_MEDITECH,124811,8f82ee42a457b29e51df96d6984dd6ae99741fcd9d16db6d93723c508e18f0d2,819940725a5b4568cf1dd68e9e4803b5a33d463d749e8db25daf01403d25d7c8,2024-10-25T05:00:41Z,NEW_ENCOUNTER,,,
batch_001,encounters_legacy_meditech.csv,233,LEGACY_MEDITECH,134267,e6981cce2a791008d6b8401aa7d3ebc8c36fe51dadb27e3a4d98ba445f3a1408,f1ab7cfc4d8cbbef2c3af78fc0163238a5618c9fb5d59ea123706d89db9e4eb2,2024-12-10T12:33:04Z,NEW_ENCOUNTER,,,
batch_001,encounters_legacy_meditech.csv,234,LEGACY_MEDITECH,127154,e54c5361ca24207bdfc4fdfab6e9ce5bf3da0165c0903352dc477d28ff0f7b30,08096c140b5f26cf54711931540e3bfecb2c436d91f953e0e32b4bdc34f39cf3,2024-09-26T19:45:08Z,NEW_ENCOUNTER,,,
batch_001,encounters_legacy_meditech.csv,235,LEGACY_MEDITECH,119357,6f77a76b109e43e96f43c96f2b15109ec48825c5c00d643c4f9ce515a55d1aa1,9f473e9f48a147db5ea3ef5509ec6c60c63b7f17efda177a120df1a541b7b8b8,2024-06-03T04:17:41Z,NEW_ENCOUNTER,,,
batch_001,encounters_legacy_meditech.csv,236,LEGACY_MEDITECH,139659,51e4af424ef6869dc97b8e556c0f92dff6ca1f3ed7ae5ee9cb24d34e5db61c7b,56a2d810e704b9cd0f8b8eb6e00261bd8a1790f094d5a61a9f76f6a286296cfa,2023-04-10T07:38:58Z,NEW_ENCOUNTER,,,
batch_001,encounters_legacy_meditech.csv,237,LEGACY_MEDITECH,126936,8e5bc67c9b1e221c2d3b64c402a73d7be5a14cbb8984a93a7bbb4f0fac8faa3a,4f0249f751377b492c99f4692645a1aeccde130087c1a91285821444d9b1a1f8,2024-12-14T22:08:23Z,NEW_ENCOUNTER,,,
batch_001,encounters_legacy_meditech.csv,238,LEGACY_MEDITECH,138938,1a2afb2533d4d84ed5a284b0e0ed94f95ae70544c37f93f73126df2c14e93847,4e4cf2fdb649dfc3db7505a38133f3e6128479badad4b70e0c237c95c467ba3f,2024-05-26T11:05:16Z,NEW_ENCOUNTER,,,
batch_001,encounters_legacy_meditech.csv,239,LEGACY_MEDITECH,136241,bc66d2187142b4f99833475a7ab535e7ea8a368d9615a57f17a91b2dd922fb9f,c7b4c2450d41cb4df12b528b4f57c47aa45bb241c18b564ac3f63816ddb1ad49,2024-08-07T09:01:04Z,NEW_ENCOUNTER,,,
batch_001,encounters_legacy_meditech.csv,240,LEGACY_MEDITECH,108699,a7bdacf9c97c9ec7148255b1f44ecba20eb09aa6f825bb4680ca91c01ceb699a,edd1ff44f576e83a98c31dc1c920ab8400140f1c48c38241a28e41e1c263aef1,2024-06-26T08:33:14Z,NEW_ENCOUNTER,,,
batch_001,encounters_legacy_meditech.csv,241,LEGACY_MEDITECH,130282,b4e50ad67668b6d8e5d31b8c336c2ea605c79188e8656fbcf88567800f39b448,92dfba3bd2000ce199a615752438d16b2616743970cfa37e8fa2b39f06bec913,2024-08-30T05:28:04Z,NEW_ENCOUNTER,,,
batch_001,encounters_legacy_meditech.csv,242,LEGACY_MEDITECH,113284,b1615a5a63c81fce5e1e77d30c5c0b6ee88600129c8f1d03daaf0658849a6ec1,0844353e512a4e02e30dac889368d207225518975eb4cf3dc25404067720729a,2024-07-17T08:33:24Z,NEW_ENCOUNTER,,,
batch_001,encounters_legacy_meditech.csv,243,LEGACY_MEDITECH,122909,f6e8c8e9e4ffe34ccddccce45b375cb089742f723d77fc3b842b3db2ad365439,853224b9789ddc02170d0b1cb2bbdbe9f97e8ff4c2807f774b5f24d3ad51713b,2024-11-17T04:40:01Z,NEW_ENCOUNTER,,,
batch_001,encounters_legacy_meditech.csv,244,LEGACY_MEDITECH,113586,4c99ac9790fc9638f6dfccef800b0506ab6f7c67a200c2a3afae8d67b10cfb1c,e6c83be90e368aba695216d89d3d88d92f7c001f1b18022e6283406f1621ba27,2024-11-04T18:25:14Z,NEW_ENCOUNTER,,,
batch_001,encounters_legacy_meditech.csv,245,LEGACY_MEDITECH,129612,bdd6594e545802a8c999e1f0ec56ed9665a4decda947bc8aec3bcd7bf52a7c4f,2619d0799c8afb2db43868fbda53a9c1d6dc92c99d7955ee748b3fc10fe4604a,2024-09-03T09:52:04Z,NEW_ENCOUNTER,,,
batch_001,encounters_legacy_meditech.csv,246,LEGACY_MEDITECH,106507,310b4a5c51f75091bb281bc7868546ce029e3fad4bbda38f387d76f59a456251,0fc8f0cdeaa8b76d494ea683eed02d6c79a32eb4a359c2de85bfd54cf05af69e,2023-06-09T05:30:41Z,NEW_ENCOUNTER,,,
batch_001,encounters_legacy_meditech.csv,247,LEGACY_MEDITECH,109640,8af8a38b08fa6d5faa605c318f523934b6eef4bdf1067e0234bd5dab2d5571e7,452f566437f201c5391e88b422910bf75a67f9ad9fac359d60add68d2d637858,2023-09-23T22:24:52Z,NEW_ENCOUNTER,,,
batch_001,encounters_legacy_meditech.csv,248,LEGACY_MEDITECH,131797,339ba492a0f6e665a73b7b2397f5b5cda5f752233c3012824bbf0fd8b699fd5c,5cd2ceb0470b0a1b9f96efc885a793cac4627c5cc5d938c5b7dcc3cb06ea308f,2023-05-05T13:28:14Z,NEW_ENCOUNTER,,,
batch_001,encounters_legacy_meditech.csv,249,LEGACY_MEDITECH,129338,fb2e1ed48021361e5820a332d14fe647b30941af7f1fe09d5da9e91cdd01b40d,a7d92b1d9388b32789558af6fff312e0ee7dd829465fce21e9f2fce90393d49e,2024-01-27T21:43:25Z,NEW_ENCOUNTER,,,
batch_001,encounters_legacy_meditech.csv,250,LEGACY_MEDITECH,130091,77a29dcf28516bebd8f90b37174bb0b9bba41197c0731fc118b16cc8d370915b,2ae6b5d550d6d9a51e5c957de261388c279c49fcb27b6d2ac43d69b426e2de09,2023-05-14T20:47:23Z,NEW_ENCOUNTER,,,
batch_001,encounters_legacy_meditech.csv,251,LEGACY_MEDITECH,113634,3fab89d7ab65f4d067be2fb31852aa42115e624112a6535c5a34b136b89940ed,069d041c57de78f028110d6ffe3e74ce623480a4ee8a8a09f538a8e52a280195,2023-12-13T06:16:04Z,NEW_ENCOUNTER,,,
batch_001,encounters_legacy_meditech.csv,252,LEGACY_MEDITECH,116577,4a4d4368e28a3270e98e34a5fc6d50eb4f2c5ffcffd1267d4800b6583d1ccdb5,b3545276757944f3f031f5ece4bc659abf3304a6e5951203f52b1868390dc6ed,2024-03-29T01:03:19Z,NEW_ENCOUNTER,,,
batch_001,encounters_legacy_meditech.csv,253,LEGACY_MEDITECH,123206,8b1891427ff757bcf7309a055a289c44c1eb984d430b73d4e6bbd19953776929,64735c98defcc10cc77fc3060c09904f5c78f9463f47352e053a25702854b0dc,2024-06-18T00:39:10Z,NEW_ENCOUNTER,,,
batch_001,encounters_legacy_meditech.csv,254,LEGACY_MEDITECH,116056,84ae7e26906168b9b3c87402c401e9da7d36c1635872904b242ae982cbf84e88,c917e6f34102740b6ba6b3bd0ac366e270a60aae20ce07b181be9f4f63cb1228,2024-12-09T20:52:53Z,NEW_ENCOUNTER,,,
batch_001,encounters_legacy_meditech.csv,255,LEGACY_MEDITECH,101926,9fc5e07a00670c5950141279f53dedf8ed7aa1c39d75a31bff7ecef93c01a48a,c82244191debebd95f8ac1cc08e8c01ba4d4ed9e01e16488f34d9a8b1b142884,2024-11-19T17:20:01Z,NEW_ENCOUNTER,,,
batch_001,encounters_legacy_meditech.csv,256,LEGACY_MEDITECH,110903,5184ee4351bb0d617303f833fca0c300b12a6eac7acc2c817d4d805b462ae1b0,5e722628d5d659a3e5319d67006625ef55d8f146a4bacc5fb07818befcad41a4,2024-12-03T02:13:24Z,NEW_ENCOUNTER,,,
batch_001,encounters_legacy_meditech.csv,257,LEGACY_MEDITECH,112228,db7c9a4e989e50d3e0897ae57f09211a2184d3405ba48ec92790e46f0657a760,5aec64ee82d0f9be2d63e57ec1253448bad63c1ff0d2b4a080d8433f90b4d8b8,2023-10-16T22:47:37Z,NEW_ENCOUNTER,,,
batch_001,encounters_legacy_meditech.csv,258,LEGACY_MEDITECH,129044,a7b60d23ae3663c1f24726546d5e72b530e411a19fb077084aac98474f8df26e,8754c11d900ee18f1455dd508e2486d7452380902dd4da6cd2a68aa1b15ba7d2,2024-01-03T11:10:45Z,NEW_ENCOUNTER,,,
batch_001,encounters_legacy_meditech.csv,259,LEGACY_MEDITECH,125169,90e1988e28163d362dd1a50b57970081d22d95daa31a90020f9b52fda48fda4e,433f073724cb8a98cb9e4de27f3f6a909a3ae276fd12cf26013c1e4d7dcea435,2024-08-22T13:25:22Z,NEW_ENCOUNTER,,,
batch_001,encounters_legacy_meditech.csv,260,LEGACY_MEDITECH,130271,990a991230f537381189051a0e2c9dcbcfacf4fd69c6446ffc87e7cb455a0290,8acac8065424ac30c1cf47dc604739a9a00d3b71b492e41acfa06edc37fb93ef,2023-10-25T20:05:29Z,NEW_ENCOUNTER,,,
batch_001,encounters_legacy_meditech.csv,261,LEGACY_MEDITECH,122965,cd632e225ff6b701f889501e77fb9541f32167fcb9507d8d8a6d336e50d4dd53,e5bdce820b344970f5b6820ee7ac96ff5d81955a3b24e3ec0ea3ba47203c6f0b,2024-10-23T18:46:33Z,NEW_ENCOUNTER,,,
batch_001,encounters_legacy_meditech.csv,262,LEGACY_MEDITECH,138126,7c0b10692c173561b657402bd840873f131f71597cb12f56bf44605c82921bcf,60f982e6e243b4ec81e6047b833a3439ab5b12cf400a2fa54b3dad9af436c798,2024-06-21T04:57:29Z,NEW_ENCOUNTER,,,
batch_001,encounters_legacy_meditech.csv,263,LEGACY_MEDITECH,115549,4612dcad7c800728c209aac3376babf3387a45114a5f11724e34dda6aa673a58,a12dadfed8a7b82c244b50cd56de252af6ca327e3aa50c66db40b23d058147bf,2024-08-22T08:27:58Z,DUPLICATE,DUPLICATE_IN_BATCH,EXACT,
batch_001,encounters_legacy_meditech.csv,264,LEGACY_MEDITECH,116232,a77081de3c88d7fe91797b01eb14f4e427d495f7008530221e54f98c5a726f42,8c696484f4c9c75551db346bfae42723abcc1b12bbe278372763bea5ba6f17e0,2023-04-04T14:17:58Z,NEW_ENCOUNTER,,,
batch_001,encounters_legacy_meditech.csv,265,LEGACY_MEDITECH,128496,b37e03d5b59d56dcd31b06c9a3d7848cf1d9cfe2f3f979793331e085c85f950b,36ab2ecaedd46e512bc01aabf289cc06671f176417f0ea963b7ec54154e0679d,2024-09-27T08:20:24Z,NEW_ENCOUNTER,,,
batch_001,encounters_legacy_meditech.csv,266,LEGACY_MEDITECH,120367,bed94c2c262cf47bccc6083514fcec9725fd3917ffa351ad127c27f1c6837db7,c3a2b8dbaf5973d44c0e28675dfe08ea74fba498cadf22dd34cd2d7be41aa756,2024-05-12T18:46:43Z,NEW_ENCOUNTER,,,
batch_001,encounters_legacy_meditech.csv,267,LEGACY_MEDITECH,110863,0d90cd2aecf0ae956b65c2abec7323c39f9dd36a9baaed9cba88dbb929cdd930,4a34fb5d20a3802528715adca714504b65c4c0b549be27bd690dc80014de8ccb,2024-05-04T11:13:44Z,NEW_ENCOUNTER,,,
batch_001,encounters_legacy_meditech.csv,268,LEGACY_MEDITECH,132236,f99d95f549dcc290204cf1c56f618a3cc14c1ac722ab2009b3464f2967efde25,4720aa6701a36da704895ae8a172b15fb56f25f4a436314f84db20d29bd67152,2023-02-21T21:58:58Z,NEW_ENCOUNTER,,,
batch_001,encounters_legacy_meditech.csv,269,LEGACY_MEDITECH,120010,193e78b882032b0d603bca7cc77dbb401453b200c6b8b688cc889ded86b566b2,841a25ed662cf91df5da7e5b9665e6a6937257ecc31888b94c125dac7f9c96c8,2024-11-08T00:42:04Z,NEW_ENCOUNTER,,,
batch_001,encounters_legacy_meditech.csv,270,LEGACY_MEDITECH,127751,6c2f2807c515b360114c54119b79f9d19b42977abf62061e0dea5a9fbba21012,aff0b14e974b1a98129f4e2dac4f132b6b1acd31b09c0bccb0ff88e6a7a1feb0,2024-08-02T19:59:02Z,DUPLICATE,DUPLICATE_IN_BATCH,EXACT,
batch_001,encounters_legacy_meditech.csv,271,LEGACY_MEDITECH,119916,3cb3faeede9c14de38c5f4d17d539c65991c1e5db45cb68dd7b098a241cf7c51,f85a35ff12761a2642ac3fce394e3288f436336af82801d646178eb022758989,2023-10-27T08:15:48Z,NEW_ENCOUNTER,,,
batch_001,encounters_legacy_meditech.csv,272,LEGACY_MEDITECH,116438,71527e70f4c74e4c38788d35e20378cb1a78b350e674b2c68f41223329f6404e,98dd64fd6cc0c8452582c14bd4e0006ab82717abac2254895999ed6f09f7d527,2024-08-15T01:45:21Z,NEW_ENCOUNTER,,,
batch_001,encounters_legacy_meditech.csv,273,LEGACY_MEDITECH,137691,438e167a6867149885e24164de0b10b8fa4d56d6ef88c93e4fdb6b26a07bbe0c,3cb835f59b0c71a962279c323dc5dd85af9a0c843159814fdd49e29f4d8745e5,2024-05-01T01:00:50Z,NEW_ENCOUNTER,,,
batch_001,encounters_legacy_meditech.csv,274,LEGACY_MEDITECH,132586,8cdafaed3adc5f242d4f7571d980598a448f908de6a5103e620fda76185d2c2d,7f568f6d4c1bc1b28cd0fa466cd3dfebbeaf773367c99bdf28acdc3df245efbf,2024-08-08T00:29:08Z,NEW_ENCOUNTER,,,
batch_001,encounters_legacy_meditech.csv,275,LEGACY_MEDITECH,139496,b65c5c2c5cd4b10b43275d791051fbbc687beedf8cfa0986cc5c8cfd5fcce77c,73fe0d8906489d87587f72813493934b1d6d97203508a8b21d25ea32de122390,2024-11-11T17:41:57Z,NEW_ENCOUNTER,,,
batch_001,encounters_legacy_meditech.csv,276,LEGACY_MEDITECH,111033,55cb115cddb4c1e924b8b15dafcbd0f8235c6887f9e02f37d2523113f407a217,23805f6143faf5962b9cfadf91dd5ec5e1660f0c922ad6290de90cadc16db5fe,2024-10-26T19:41:55Z,NEW_ENCOUNTER,,,
batch_001,encounters_legacy_meditech.csv,277,LEGACY_MEDITECH,116005,462235b9ab3bea97cb38b84fe270edba3b73c254eddf005b92de418b35db10f7,f74d6c3278cad13781101268917ccb8558cecc0c3c26dc1ca9325d768617db21,2024-09-18T00:02:22Z,DUPLICATE,DUPLICATE_IN_BATCH,EXACT,
batch_001,encounters_legacy_meditech.csv,278,LEGACY_MEDITECH,113148,31a0e2f122e45f33b402543fada02c0895bc6fd0eea9bf05c5400dd5fa1f641f,59a760bd6198150823c13bc3baf134a47e85b5fd7328cea711b80ac4d2cee3a4,2023-11-22T03:11:31Z,NEW_ENCOUNTER,,,
batch_001,encounters_legacy_meditech.csv,279,LEGACY_MEDITECH,103034,0024809d79fe46292d6c81f1cf578120e84447e652b1c3646618dc6b03d4f0ea,ac7ca0d8ad338f22a64c2ad5dc1083b3fe416635a04fe4bd0b1dcda7d80ed1b9,2024-07-10T09:37:20Z,NEW_ENCOUNTER,,,
batch_001,encounters_legacy_meditech.csv,280,LEGACY_MEDITECH,117369,0a8c0b212238adf0443b841e80a791e1a7a459ffd48f7ccf3f3baa8cec40fec1,3cecaa57e4c24c475899c26bb30cb8ad0908428f9bbe010208482ca3cebbb3e0,2024-01-27T23:31:14Z,NEW_ENCOUNTER,,,
batch_001,encounters_legacy_meditech.csv,281,LEGACY_MEDITECH,139234,03272a624a28990b46ed3b9d69c1cc43798ae2fcea7126751a8505dd567719fe,d9c6a2ee6ee3659bbdb9da56e01352f5d7b23a1310e2f851a45d69dbbf7f8a72,2024-06-15T03:38:45Z,NEW_ENCOUNTER,,,
batch_001,encounters_legacy_meditech.csv,282,LEGACY_MEDITECH,104050,8a38bd34a14c1edbeedd920ded20a6f118be95b6f8672de11397f8c60a2b859d,52461662121ad9f1642ffa8515902d3b45c4856163759d09f8166567d20aea22,2024-06-26T23:02:32Z,NEW_ENCOUNTER,,,
batch_001,encounters_legacy_meditech.csv,283,LEGACY_MEDITECH,123584,c5b91536c66d2c569ff94104757705ec4a37d9d7399442309b414985374df3af,f2944d426baf2730cc9bc1927a52b819e3e65302a275f62886720460aaf0e017,2024-05-14T12:16:15Z,NEW_ENCOUNTER,,,
batch_001,encounters_legacy_meditech.csv,284,LEGACY_MEDITECH,138991,28c4870199de3e0f3a8864ee614d62d4ac475f28e52e1dc1e9b6dfa5198dbc4b,4652ee5034af892adf6c4963b9b860668331c10092a142dd208a5469ec5c4231,2024-03-14T05:51:09Z,NEW_ENCOUNTER,,,
batch_001,encounters_legacy_meditech.csv,285,LEGACY_MEDITECH,130562,9a50ce63b83a1164894c3f7157ded72cb441b8b7d2be7c71b55602f73ece1cfd,dd9ba73855fe98319561a331133e3c9377695088a997a60143c82002a164b108,2023-08-18T14:54:59Z,NEW_ENCOUNTER,,,
batch_001,encounters_legacy_meditech.csv,286,LEGACY_MEDITECH,131873,469bad226d5f5703737672ab683ad5a22e530c241c93122644b3dc1b0cab4dee,816dcd8c5d7a070e4a8506dda7c0ddebbba51fafc68fd69e0ea14b03e56708af,2024-12-07T16:57:22Z,NEW_ENCOUNTER,,,
batch_001,encounters_legacy_meditech.csv,287,LEGACY_MEDITECH,124987,b87c4c07ef963370006a6afb2f88a0103a349229f45b5ecdac5845125cba23a8,6ee067bcf6ff76e7df160ceb2aca77ccfefd21ebe1a94e2fae0e6ea6d3d992a4,2024-07-05T06:50:40Z,NEW_ENCOUNTER,,,
batch_001,encounters_legacy_meditech.csv,288,LEGACY_MEDITECH,102230,f269578bd3efebe1a3b035ded1629c4032ab6ba34ff8261d85d8a5b7bde9fa17,01baa599ffb617861fe3ebf019e7f4ebf7e627135f8e21d81a69346465cb5ac2,2023-07-30T09:07:26Z,NEW_ENCOUNTER,,,
batch_001,encounters_legacy_meditech.csv,289,LEGACY_MEDITECH,108643,ff9735ee1c90ad509d8743b29154705ca0e6c0f473967a48102826dc7395aed4,a2bd24023d8d4345b4b6f9bec0b232933ca14e5af9e422395bafa706965b6dbe,2023-09-22T05:46:43Z,NEW_ENCOUNTER,,,
batch_001,encounters_legacy_meditech.csv,290,LEGACY_MEDITECH,129407,9666ffb5e49cae5969420c4dc52cf3a0b36d82df31998abc0001efa53f12bb17,21ab1b7d8745a974928c3f1ae070ce73c7d2dd41eaa21769cdef69dac672f713,2024-01-03T02:56:13Z,NEW_ENCOUNTER,,,
batch_001,encounters_legacy_meditech.csv,291,LEGACY_MEDITECH,103456,720ecb5d4d1ce04c5550864d8524f747b221ba59543507f7ec41da688f39446d,f6d6f330a60fe72047c0ad293a0fe87ee1d9a94d039c831198dcb8d28e924a10,2024-08-13T21:44:06Z,NEW_ENCOUNTER,,,
batch_001,encounters_legacy_meditech.csv,292,LEGACY_MEDITECH,124198,bf342838fee2e699d5d0ac59a87306c07254f37f366eb53a34210aae276eccf6,11521c48276ba4f8cec8bb2beaf489bde765664696b5c4d2f3a45eb4adcdabf7,2024-04-17T05:33:25Z,NEW_ENCOUNTER,,,
batch_001,encounters_legacy_meditech.csv,293,LEGACY_MEDITECH,120213,73adb6b55afc1fb83e5f36bf48bc753052b13f72c902d6d81f1b5503fe1f7878,e35a7d9357b4a5ff84a5c3edf512e32f4a62aa80bff03f88da9252b84d786510,2024-09-06T14:34:51Z,NEW_ENCOUNTER,,,
batch_001,encounters_legacy_meditech.csv,294,LEGACY_MEDITECH,110785,3d6dc8bf39b43037886f4b5252c9aceb34fde10db5a2b3165628897c5fc90b3d,7c88c4b43b0e6eee509e08d81acb66db819e7642b835269f0ecc20f2ef2a960d,2024-08-14T10:23:37Z,NEW_ENCOUNTER,,,
batch_001,encounters_legacy_meditech.csv,295,LEGACY_MEDITECH,127042,ee205c05efe747cc2be8e78a35cbdcd5b9c5b16553253c1901d8a753ac2dd0cd,a0df0bb24cc863c4826f84b522f61240324f112d63ddbe577d7a8e52d4a11687,2024-06-24T06:30:38Z,NEW_ENCOUNTER,,,
batch_001,encounters_legacy_meditech.csv,296,LEGACY_MEDITECH,122640,f2630896830899ffb8aaeb2bcf782420590f8391e21bd4c66a3b67e8598c57ff,827c635c07305307c34754a694ef9a772958ac4c99b55dd86a726a060783847c,2024-11-16T04:32:12Z,NEW_ENCOUNTER,,,
batch_001,encounters_legacy_meditech.csv,297,LEGACY_MEDITECH,121359,d58088e915a172ee0493f45505849c3a2128f9a63dcda3266133f3ae3e139f80,e9d189c37053a24a2e307c25c599ff7765332fab0b79d2c1a836b36f8fc725a4,2024-06-05T17:46:25Z,NEW_ENCOUNTER,,,
batch_001,encounters_legacy_meditech.csv,298,LEGACY_MEDITECH,102474,6cb662f002d24be298b6b5d5a5b4df50bc2310e31e7828559342cfeb49f25cf4,52221cf7a2fc497030c6c301b453e176cf653bc77c43f71ad519a0899a873862,2024-08-20T23:15:06Z,NEW_ENCOUNTER,,,
batch_001,encounters_legacy_meditech.csv,299,LEGACY_MEDITECH,129664,1ed0f26f173f3561a597b7c19f338927d35eaa354ed8ace3fb9eae5abe41108b,6ead795bcfa01bc4dd5eb0c55d86219ad08c49a28425d1509c3fab2d5c2a41c3,2023-12-26T11:21:16Z,NEW_ENCOUNTER,,,
batch_001,encounters_legacy_meditech.csv,300,LEGACY_MEDITECH,123465,d6d11a32f6061b9a993fe99ceb5b9ab6d84bef8abceb8d4b9d042ebf444fdeac,fe8d06f7bb0d2163cb000ddd0a2974b1821680b5d9ff641dd0a4b9687911314e,2023-05-08T07:42:32Z,NEW_ENCOUNTER,,,
batch_001,encounters_legacy_meditech.csv,301,LEGACY_MEDITECH,130524,e25a1a482e7b2f44a4d5ba611ae8b1f3cee3cad00975813b315a46660ea89a27,524e07278a3e3d55271badb347c45892f67f791d4aa08c1c9d1295383109e114,2024-09-25T02:19:00Z,NEW_ENCOUNTER,,,
batch_001,encounters_legacy_meditech.csv,302,LEGACY_MEDITECH,113019,1a9efe9db606eaad46ba42c746d8d0421fc7dde5a54679351ea47481a46e2de8,c294e12245337f6e69546f75a2c4341dff61c4a033a347678c8e6464a7ec94c3,2024-04-26T15:18:28Z,NEW_ENCOUNTER,,,
batch_001,encounters_legacy_meditech.csv,303,LEGACY_MEDITECH,117080,ac09139642971d2c43e86739e59af3dbffe2967d86d4fe9cd547ff795ce9d185,bd5bd3b029cce7f2b4b8485d9cffe9a6f9053837a1435c2ca74f2a23bf2df862,2024-06-21T17:28:10Z,NEW_ENCOUNTER,,,
batch_001,encounters_legacy_meditech.csv,304,LEGACY_MEDITECH,122899,b0b351e10a26ed445c4739e82dccde825484c1176dcd0210e1650cb387b6a431,5e91522fff094e8ae209e2291a4fd1699aa49d5b27b44a84a67d600828799c2b,2024-06-03T02:58:45Z,NEW_ENCOUNTER,,,
batch_001,encounters_legacy_meditech.csv,305,LEGACY_MEDITECH,119958,384d2a534fbcf1274126fd8d7f16b79eeab752d73a4a4d06aaf3a44e723b6270,f6d3b8ba5f68d3008d4d9dff03aa506eecc7869f6c43b4fd6eefb4630e8029da,2024-04-13T03:00:02Z,NEW_ENCOUNTER,,,
batch_001,encounters_legacy_meditech.csv,306,LEGACY_MEDITECH,119706,fe356df1c3ce572c27c35e51e0f12a5b57d6bd03782a6d14a62ffdd5cec11d73,953c06c3482be3d6408ab647944cab004d3f5f0983b18d1b65dd8eabc37233c9,2023-06-22T00:33:05Z,NEW_ENCOUNTER,,,
batch_001,encounters_legacy_meditech.csv,307,LEGACY_MEDITECH,126022,55839d2c7fa4f5d69efcdadac28069c8b35e691501a4eb3b174e8e85a7123d91,90e1981ef1a4e53b7b6782cdf6b9a7c4421c6d20f55c04fbb717c7f4accbb68e,2024-03-25T00:00:18Z,NEW_ENCOUNTER,,,
batch_001,encounters_legacy_meditech.csv,308,LEGACY_MEDITECH,115441,45fa3fcc492a2a6e699e5a334cc5ac51759b5fd3ccadacf8cfe8f6998acd7780,291871896336c6ac6b3c12d93a4e369c521eca11883b0d715d68deecd18581ad,2024-01-11T21:51:17Z,NEW_ENCOUNTER,,,
batch_001,encounters_legacy_meditech.csv,309,LEGACY_MEDITECH,126050,4b93d4cfc9cb7fef933b5fbaf9edcb896524eaf2ea55e897665e5b4d62851faf,02626e4faeb5c3fa8c8449b86fb0f0cac2037c9b3ade80f0eead5fb0bf3b0336,2024-04-28T23:24:21Z,NEW_ENCOUNTER,,,
batch_001,encounters_legacy_meditech.csv,310,LEGACY_MEDITECH,132695,31506616a7099a4c05ae4817c532d8b588f48b0f974256de2094c17706eb24fa,685680dba574d1f645eae54b7072112ee90c47335ad257c157bab5b660262726,2024-08-11T18:24:28Z,NEW_ENCOUNTER,,,
batch_001,encounters_legacy_meditech.csv,311,LEGACY_MEDITECH,122865,eb7855f26e1aa0a00c631dd68970bd670e9e2aa995b3076fb54d8f13a36bdc8a,35b0324e0650445d36a37ced284ead2916b4f38f32e2b156d6c38729f8b6b8ab,2024-10-10T11:48:17Z,NEW_ENCOUNTER,,,
batch_001,encounters_legacy_meditech.csv,312,LEGACY_MEDITECH,117121,532820dc7db6a0cfa6b69bc2f36cb73147a277b6f53f58094916d5b8d335d261,5598fae7462a35560351449670fcfaf68b520fbec4bcc2b96ca5bfb45f52b6ca,2024-06-17T03:47:39Z,NEW_ENCOUNTER,,,
batch_001,encounters_legacy_meditech.csv,313,LEGACY_MEDITECH,122613,3f28352682a14dee591f03e6354f4b088b64569b0d02aa3d7badbab172718101,931438ec1bc98a62f91cd2eb989ec51d0ae836f03a774ab2440e2075143fc329,2024-09-10T09:10:40Z,NEW_ENCOUNTER,,,
batch_001,encounters_legacy_meditech.csv,314,LEGACY_MEDITECH,105964,d541000b00fe1141ddfed63f56a4c77e66afd9d9aec5ed7cac47eee0ddca0ac6,ca64f012efb3d972f74bebe52161e08c624ba2dc7dae0c17e98d1d3c644c9445,2023-11-02T02:30:30Z,NEW_ENCOUNTER,,,
batch_001,encounters_legacy_meditech.csv,315,LEGACY_MEDITECH,139257,fb2c4bf466b0949fae680724c6003095cb4b0b4f5b57a6a5eb5dfa188a8c523c,8e0d3410c32487618a949251f8e61c9b836b983fb9dffabaec7c192c57986c84,2023-10-31T05:53:45Z,NEW_ENCOUNTER,,,
batch_001,encounters_legacy_meditech.csv,316,LEGACY_MEDITECH,118526,d69601a1b0a9a621ad729df2db8961f627526900bf6302a9b85cc5e0a6271ba9,ecde696c5beef5fb118d9a5b889422d5415493a695bd0467b9e6c3ee0a6907da,2024-01-10T12:08:32Z,NEW_ENCOUNTER,,,
batch_001,encounters_legacy_meditech.csv,317,LEGACY_MEDITECH,135841,691642aa99a1ffc07972a5d25c3cd8110cb31260ef57dc064949de8b8f3bf242,f4e9f41f9de636c5629a12a2f61130a88f5635c6aae4b346d15070e93463bba8,2024-03-28T21:13:08Z,NEW_ENCOUNTER,,,
batch_001,encounters_legacy_meditech.csv,318,LEGACY_MEDITECH,106512,0065225683a7a914f9440e727a24ec69529b1a7e3b2ccf2fc424f0df77f5e043,96784d5fdf53f79b94b418ad198da03e03f2e2f18046871a25ce35c0439e7d1f,2024-02-04T07:21:48Z,NEW_ENCOUNTER,,,
batch_001,encounters_legacy_meditech.csv,319,LEGACY_MEDITECH,131239,7908e3183988dac054a50012fcb6a236cf0015608c6cc3d7cff2fe2a45cc0630,db72239e9371bf1bac30e259e212cbb42573fc62afd65c797d978b11b5f977df,2024-04-23T01:39:52Z,NEW_ENCOUNTER,,,
batch_001,encounters_legacy_meditech.csv,320,LEGACY_MEDITECH,137558,c089e96b02f4483d025ee83d01edaeba99b1fa33dfd60ae7cd503334c70f23eb,ce9631f711d5bd397692dd41ea6f79c8793a4b8f98bf69b98bd31e09a9a07e29,2023-03-05T21:18:34Z,NEW_ENCOUNTER,,,
batch_001,encounters_legacy_meditech.csv,321,LEGACY_MEDITECH,118557,c3deeb6446eb3acb9743f1ed8da28969cfb3fb90dbb28c58bca4d4df1d226d43,9f512e3b6d564600a6c746e2803ec1e437591509c29f8fce5a4cb8db3fcc32d6,2024-05-02T07:38:05Z,NEW_ENCOUNTER,,,
batch_001,encounters_legacy_meditech.csv,322,LEGACY_MEDITECH,106784,3eeb769b0ca41f6ce61ebb9a34a36631e0a7fa6a9eca4e0289799de42fa6b4c3,4791b51c5956edb05d9ae7c6d64d368fdd1461d87153fa82b78b98378d6bea8b,2024-04-01T05:17:32Z,NEW_ENCOUNTER,,,
batch_001,encounters_legacy_meditech.csv,323,LEGACY_MEDITECH,131962,1be816590c5e5194acbd1e9e9fe7b4592875a567e6475c1dd38e7d0d138786d6,c888f6a25109f935182ff9bc87ad7347beb2aa4ede743ce5d3592a2b715d771b,2024-05-28T13:30:33Z,NEW_ENCOUNTER,,,
batch_001,encounters_legacy_meditech.csv,324,LEGACY_MEDITECH,124821,032d676e996def8622e819cf7188cacf2ee486b66107e4f9086d071b04474934,af826efefe23aef08ee2ba01a8e7596032a4eaeb15dfa61604f9cd935f6601fb,2023-04-02T04:27:43Z,NEW_ENCOUNTER,,,
batch_001,encounters_legacy_meditech.csv,325,LEGACY_MEDITECH,102106,f6e323e279d542d54b0442cac0457bbf36990156e12e0b0a16078da2e4297c09,d78c1b4aadc03c2db129b538ce3cfe66ff9817de9f65c10ba2b560e99f595344,2024-06-22T15:54:39Z,NEW_ENCOUNTER,,,
batch_001,encounters_legacy_meditech.csv,326,LEGACY_MEDITECH,117285,f71bff24525221504e9849751fc2632a940b37e8891c86202a4dc4c89b7c928f,31a88f845e89d4ec8e288f13e9f767ce836312921915674652d9d1110a607441,2024-06-26T13:11:40Z,NEW_ENCOUNTER,,,
batch_001,encounters_legacy_meditech.csv,327,LEGACY_MEDITECH,139569,00e3437d63c0e5acf5d410bd4728d554dc54e15a973418e36887cd459367b85a,388f474c2c12517e711a83515b762d14750d4ca57d0189d9cdeb82dd512d962a,2023-07-28T08:22:08Z,NEW_ENCOUNTER,,,
batch_001,encounters_legacy_meditech.csv,328,LEGACY_MEDITECH,131962,1be816590c5e5194acbd1e9e9fe7b4592875a567e6475c1dd38e7d0d138786d6,c888f6a25109f935182ff9bc87ad7347beb2aa4ede743ce5d3592a2b715d771b,2024-05-28T13:30:33Z,DUPLICATE,DUPLICATE_IN_BATCH,EXACT,
batch_001,encounters_legacy_meditech.csv,329,LEGACY_MEDITECH,138077,501c2165de949af3b71208dff6ab20e978f08790785e0df7d2ee1a70d8c6ae62,65d771ae910566119c751258429e404e1d048e8d5e09ec19c63b579e0bb54ccd,2024-03-30T09:04:39Z,NEW_ENCOUNTER,,,
batch_001,encounters_legacy_meditech.csv,330,LEGACY_MEDITECH,117071,258a772377c9c8dd60614c019ce81d7d3aa6db363c949cfbe3401562afc5cb55,7ccda29fc622ee53600aa55c530b558222bf14298c29538bbec7a22302a9b72b,2023-10-10T14:32:16Z,NEW_ENCOUNTER,,,
batch_001,encounters_legacy_meditech.csv,331,LEGACY_MEDITECH,116605,f0a755ac705f2dd4c2c202ea5251473d771c8fe4d0ca81e2474a6a66f5b0c2d0,7c4586d0987ea16f493785a0f18b35e5d35ce9845fdd240a3e5c638f543802bd,2024-10-26T09:28:47Z,NEW_ENCOUNTER,,,
batch_001,encounters_legacy_meditech.csv,332,LEGACY_MEDITECH,138394,ac6ffa249c4f871e4f59a6e5e09d9bd7486e5602cc2b8ac480f26ef2868424d5,426bbedd9c15a95517e855e5a1d969c82f4aa7a69d06705e4af3cef9e4c3593a,2024-05-09T07:02:21Z,NEW_ENCOUNTER,,,
batch_001,encounters_legacy_meditech.csv,333,LEGACY_MEDITECH,124031,8c3290d86d150451e63c2666814a2cbcee046c7b2cb2c467c3295b1ef0331724,0741be80aa10b2b1fa5d879cddf8e05e8b0bd39fa3030184bcdadf8ae3825f8e,2024-08-22T04:20:03Z,NEW_ENCOUNTER,,,
batch_001,encounters_legacy_meditech.csv,334,LEGACY_MEDITECH,120575,fa437a6906e61fa124bbd7dcc9ee7819ae200ba8ab4f13791550867fe628dce9,fffe0716b2d12831456c2b223dc9a5a4484f27e428c65147908e774464c4a6b8,2024-06-07T00:38:43Z,NEW_ENCOUNTER,,,
batch_001,encounters_legacy_meditech.csv,335,LEGACY_MEDITECH,122559,2971e3e92e2abd26624301acbf353d17cd6d21facded191773b443aead4d3c6b,525f4c2ec3382c610939249ff53a9981657b47ea7e4c11ebc774c4110fa360b9,2024-01-06T05:26:14Z,NEW_ENCOUNTER,,,
batch_001,encounters_legacy_meditech.csv,336,LEGACY_MEDITECH,117327,b7e3a7c6790fcc96a414a738d8389b212d2177af9fcb05060d2ad66dd238fad5,5150a1a87397bfeaabf983744d12a13f3768ca02f3d6a2630c66d891b50a0241,2023-06-08T21:33:06Z,NEW_ENCOUNTER,,,
batch_001,encounters_legacy_meditech.csv,337,LEGACY_MEDITECH,126675,2e1cab7ad993794f237a1cb011454f7bfc32d48289113debc454fa14dbb9ac81,1418e55de8d13a3b4d5f4e2f783ea4c82908160eaba1709269adbef7dc659c77,2024-09-04T21:05:07Z,NEW_ENCOUNTER,,,
batch_001,encounters_legacy_meditech.csv,338,LEGACY_MEDITECH,113931,1624a147779ec17572c8c7727109a8a6914d85a88f23ed7639c6a23df6403d1f,8fb961cef78762e35031cf3eeb5cd47184691d0d9407b64a58114d96c0d25764,2023-05-19T10:41:16Z,NEW_ENCOUNTER,,,
batch_001,encounters_legacy_meditech.csv,339,LEGACY_MEDITECH,125775,c4eb145f166484cf0e9e6c7f8b3e6aa4f30efad98e76792b8b9d558c255bb292,f4c81bd7fbf2cc0f379abc39d2e0366a6a5f238b181b5d33451c0b1b44630fcb,2023-10-05T14:31:58Z,NEW_ENCOUNTER,,,
batch_001,encounters_legacy_meditech.csv,340,LEGACY_MEDITECH,103523,a0938bca7dffe999be1a06ea2a543ba4e4ffbfc58b19cd11f2a88ac36d26d194,39430a94583eb22713faf66e3afc89d79a58da489a5b9984157e79d7869459a0,2024-07-20T07:10:40Z,NEW_ENCOUNTER,,,
batch_001,encounters_legacy_meditech.csv,341,LEGACY_MEDITECH,125013,74600184ed8a074b729a75f4a0a98927bf744380bc68abc9f7455a1a30fb8cae,03f1a3678634d944426eb60cee638609c8bedc3f51a44b5e18d1ae837058612a,2024-10-18T13:36:41Z,NEW_ENCOUNTER,,,
batch_002,encounters_athena_clinics.csv,1,ATHENA_CLINICS,118506,fc532eb8abd9fce280a6e72bc5fa50fd70f220475816c52f878173f104c06b7c,dd55fc6cddb3396e200e9da0c52e86acb6fa856a485c4b0a912ab137c307a847,2025-01-13T05:15:34Z,NEW_VERSION,,,a937a74f20ab1e3d7297a1a0fcf64e1b2b8e9b195506d43e758f65d986c890cd
batch_002,encounters_athena_clinics.csv,2,ATHENA_CLINICS,106211,56b488be8fbfe29759b7f607deff16fa965f0cae9d161e3c6a95f643ace91786,4176d7e3eaed7db0384b5123e6196e1af116ec42f7a7bde9ca100086f0ddd85e,2024-12-16T09:27:56Z,NEW_ENCOUNTER,,,
batch_002,encounters_athena_clinics.csv,3,ATHENA_CLINICS,118136,078c3649a9195c88d152ae696e10ce2b1d08180201f01d19d6bc93de722cb897,450ac79110f8a498a35962ab282f07fd27f927de3839add0ac0eaeba025a47e3,2024-12-23T18:55:50Z,NEW_ENCOUNTER,,,
batch_002,encounters_athena_clinics.csv,4,ATHENA_CLINICS,105569,f7cfd0b5a2d81ec8bdbea32115e4e06a0d7d2a0c1707dca2232a82626f825a29,068cb0ec514f1a9ea9e54cca20640d8c4a771e495630502116ff77ba5fe1a6fb,2024-12-19T01:31:24Z,NEW_ENCOUNTER,,,
batch_002,encounters_athena_clinics.csv,5,ATHENA_CLINICS,108513,e74420bed14d49764a46830c189bb5f8d1106ddc8a750151fd22458bbe6c2b61,025c8c1a28e3c153ee19ef7dd3c3c67f0ad26714ba1a0c6af12558a3e4b81712,2025-01-09T20:31:08Z,NEW_VERSION,,,4bfe96586fb4666d7629401df894cb749732bcd73219c351ff2ab913c3111e46
batch_002,encounters_athena_clinics.csv,6,ATHENA_CLINICS,133055,d25bc3b68fe4a3a8d4f8d4c504da9a0a168d19c9252a85f46c36385d727529ac,682243998fc52709d4cc07b6d0b9a332609ac7b98470a9b3be4fdd714911d654,2024-11-07T11:37:37Z,DUPLICATE,DUPLICATE_OF_HELD_VERSION,EXACT,682243998fc52709d4cc07b6d0b9a332609ac7b98470a9b3be4fdd714911d654
batch_002,encounters_athena_clinics.csv,7,ATHENA_CLINICS,106228,1349bf3e3a7b39bdeccea0b11c2d09aad323d090f34461607065007cc7e567d3,9578eb2d5b80b45c18e783be7024c8bb0ddd725bdf30bd737a3fa9dd7ab6733f,2024-12-29T11:57:05Z,NEW_ENCOUNTER,,,
batch_002,encounters_athena_clinics.csv,8,ATHENA_CLINICS,108626,aca8e4c3bbed0938c60fcb21c6183f02342d5b262ee40473a66f0210cb3efdf5,adc78b24cf10803588b511b9d3f5a67c6ffcd50d4a7e0ef9b533f8f93b1be788,2024-12-19T20:49:49Z,NEW_ENCOUNTER,,,
batch_002,encounters_athena_clinics.csv,9,ATHENA_CLINICS,113789,c543b079cce5dfe2667a3ac23d35d208b837af38c5ecb2e63cf08570546c14ab,83ab7bb1649d2bf3887eef12bbdc5e08dae6be75d6c8e623ee170378142b07a8,2023-10-30T15:05:40Z,DUPLICATE,DUPLICATE_OF_HELD_VERSION,EXACT,83ab7bb1649d2bf3887eef12bbdc5e08dae6be75d6c8e623ee170378142b07a8
batch_002,encounters_athena_clinics.csv,10,ATHENA_CLINICS,122271,896a3e48f06cb546765eebe60e221714ee3592a9479bc09bf8ffc0a89621da4f,ff10566442970ca8626ae42d2bea970f32f467012735442f0b15fb56e1fb1a3b,2023-03-18T14:18:36Z,NEW_ENCOUNTER,,,
batch_002,encounters_athena_clinics.csv,11,ATHENA_CLINICS,106426,5f2b6443fc8f5169730d2b0769214f96608bb3f718a8fbdaccb077d928a933b1,7a391b9b860807999ba11b8e79c6df7d4181e54f3299d7a521ad4f0cb17aa99c,2025-01-09T02:00:30Z,NEW_VERSION,,,1a452bc5afe18a0469d363132c30cb739223a9de5a95507ca61c5c30adda187f
batch_002,encounters_athena_clinics.csv,12,ATHENA_CLINICS,124777,bcf276329d7fef54e01e6e4a565a63e90b667750a1b114ef335b4f011ee2d92a,cf8777bbd70e130a8032383840ea3e0bbf7fa05438a4e5633a1376847f6ef33c,2023-03-30T18:14:01Z,NEW_ENCOUNTER,,,
batch_002,encounters_athena_clinics.csv,13,ATHENA_CLINICS,103729,e5e6d7476712df5addba7adb136a728efaa889f11dfd6d7f5949b3591923ab4b,0d74118b4b5da4bdd82c8b921efffd2717efb7d9dfe4557d3663d4152d71d7c5,2025-01-08T05:07:12Z,NEW_VERSION,,,f9a72ee3692cd2f6f6eb8375ab98b4e7e176e87ef0c597aef44a62d9dfb4c473
batch_002,encounters_athena_clinics.csv,14,ATHENA_CLINICS,125701,559884a1cfc2398a061d2af52d56e94007e5fb75717158b6fe4672258523f9d3,531b2dafc72bc14103a1ecca954f99c4a40e2e4cc9118c04055f5dfceac8496a,2024-12-30T01:35:43Z,NEW_ENCOUNTER,,,
batch_002,encounters_athena_clinics.csv,15,ATHENA_CLINICS,133006,ca34a0e93eb648ab6a9e6412be7e97973c803da2c46227798bb9bb248e680a1c,1b9e935f313cd73c922d87f055d1552e33ac27b4e4225a340d5a9022c5e7fa9f,2025-01-11T13:40:06Z,NEW_VERSION,,,e6e0fb4536307309755db8b2370be2f719bd53a31ff82502e151cb76a77d4fa8
batch_002,encounters_athena_clinics.csv,16,ATHENA_CLINICS,133767,c5b9c1f158e78539c49543b15570aa115d37392f45970634abc2e828540082a6,f8a40ea95299325e2d13d9fc21ced59f62927334e606b7e44cbe21ba95c16062,2023-07-18T04:18:42Z,DUPLICATE,DUPLICATE_OF_HELD_VERSION,EXACT,f8a40ea95299325e2d13d9fc21ced59f62927334e606b7e44cbe21ba95c16062
batch_002,encounters_athena_clinics.csv,17,ATHENA_CLINICS,133038,27cd9d38f683a79dd0293c5db3b10ca23fad61cb24eb98c44d6ad41ef086fc57,f463f068065864bd5401b661bfdee9bd85812652f7bbaf91bebeb660ae3527dc,2024-06-30T01:37:36Z,NEW_ENCOUNTER,,,
batch_002,encounters_athena_clinics.csv,18,ATHENA_CLINICS,104667,1cce85a53c5ace1d39fe32fa6e33b26ac649db3cc3422a57bfa21f0d93a95ecb,2516458900b78d1d5789eb40eb4cd7e01c9a53b76b171d0d9e4b4e9fbd885f48,2024-08-27T17:13:40Z,DUPLICATE,DUPLICATE_OF_HELD_VERSION,EXACT,2516458900b78d1d5789eb40eb4cd7e01c9a53b76b171d0d9e4b4e9fbd885f48
batch_002,encounters_athena_clinics.csv,19,ATHENA_CLINICS,137769,78ceb18700ad5c152bb6b743f3b44fd1dc6ab8c56a323ec271ec85f6f8c38ca0,38207f4e4bb7a43980dfd83be9239860a0ab65d4f6dd3ffa20500655a05271f2,2025-01-09T23:40:14Z,NEW_VERSION,,,091254ca9ce7d4c2484baf42d2e9d580f6debdfffd08d1c69530833155b772bb
batch_002,encounters_athena_clinics.csv,20,ATHENA_CLINICS,135731,d3e3a97c26f93d500223d8b7273802cabd6b176f796ff44ebe11f4a62ec1d186,00d0027fada996a2f27ae3d2b372d3f7a69a25ce0143fc1e68b794b8239a4e70,2024-09-05T06:46:44Z,NEW_ENCOUNTER,,,
batch_002,encounters_athena_clinics.csv,21,ATHENA_CLINICS,131348,c979bec6a31b82eb0c9ba1472e8f63d04d61996c989a2065aa55c7c78f571b13,d8bf6a5a3fcd44d1fd949ef8ad396f594c56b53f1a991dc8b9d4798d4f2b1750,2025-01-05T23:46:06Z,NEW_ENCOUNTER,,,
batch_002,encounters_athena_clinics.csv,22,ATHENA_CLINICS,132359,2fc90c6632780252c6c50b1c13800806754184ae9259a18e6bca449fc3370d9a,4f5b790f8ff22e6568c0826051dd48be690ec1d77e5bf73f0f5772dd2fa9990d,2024-12-13T14:09:46Z,NEW_ENCOUNTER,,,
batch_002,encounters_athena_clinics.csv,23,ATHENA_CLINICS,108949,0b4eca0ff800dcfc70fcdbe0f646af2084116b4e08228109fd01bf1621cfadf0,e46bd6d430b7107c6e7c635d27a8fe632589873336cdec126debbacfd1e712f3,2024-12-12T14:20:38Z,NEW_ENCOUNTER,,,
batch_002,encounters_athena_clinics.csv,24,ATHENA_CLINICS,104640,794b506baff82b56b250320463fef28fe8ec481dbef78a08a4caab54be9ad72b,df42065b7ab59e593ac8ee4f6751ba966628294db533d771b7138ea08bf42e12,2025-01-11T03:06:16Z,NEW_VERSION,,,26f9b4bd6635bf08c5a63c62e753108154c2987eb4f69bcf20e190f21b1d7cf0
batch_002,encounters_athena_clinics.csv,25,ATHENA_CLINICS,103978,d4449f4068360abb4872cd2bf65bdb19a41ac397760fdca4bdc4b5173cf766dc,6530cd509c0b0e94a254b72b10e62434eb4133404db42e0df88bcc36c54300e7,2025-01-09T20:56:24Z,NEW_VERSION,,,c171204020134b3bdb6b0db22716f1bfa103272f37b2735fecbba95294439ce8
batch_002,encounters_athena_clinics.csv,26,ATHENA_CLINICS,115922,bf4bad2257f5506522951311e41922169f8c8cda9bbfe6c1a1d56b93d3519cf3,42a5d9daba535068344d221001c2656c771cec21810f42f26a316ace088715b4,2025-01-01T07:10:01Z,NEW_ENCOUNTER,,,
batch_002,encounters_athena_clinics.csv,27,ATHENA_CLINICS,133133,c2921863c7cd027f803973a75c059b8c76e46317b79ab9337a1a062dec0041d8,8f3522fa6f3071f463d2fcc1da1d4c4dc53a6b6d8e50fa865c1acc1af3696648,2024-07-03T15:28:29Z,DUPLICATE,DUPLICATE_OF_HELD_VERSION,EXACT,8f3522fa6f3071f463d2fcc1da1d4c4dc53a6b6d8e50fa865c1acc1af3696648
batch_002,encounters_athena_clinics.csv,28,ATHENA_CLINICS,137772,8f4a2482c9d9d80d637881abcfeb8ae4b238936c3fcd5bb1deeb2e68dd649840,75a683cdc0d9be225764d72ab44fbc4d624d7a284bc28f098dedd542e3f39570,2025-01-08T05:01:29Z,NEW_VERSION,,,b5cd3cee0f616bc6b3cfa3c8479e04b622cd5ad941ed49b58d495560116a1ce5
batch_002,encounters_athena_clinics.csv,29,ATHENA_CLINICS,102117,16f7ab2e1de8a68ff3b5263b29302a9f56e863cf42bbe5238b3c3eca2f526532,4582f49b9d2e03297c4163db22482702b1e803d590395b5e3ef4c54bc46f9eef,2025-01-07T23:48:53Z,NEW_VERSION,,,c31327bfc3b811f0b288a2bfe41cdbd947849a0e32a652fbfe77c9652dee3257
batch_002,encounters_athena_clinics.csv,30,ATHENA_CLINICS,116289,c48c20fb81f95f6e6c7cbadef7e7ebcaeff4b1b47b13ee6fef2f98824ef93a4b,b5130f7fee5894d2c652ae2b5335ef1a67c3f63aae95db5295d3a1bd5a5ef037,2025-01-07T09:24:45Z,NEW_VERSION,,,760f7bbfde3bc23c9fe0b83e26e8c7f4f068ffb880f0f030e8a44e08ca2b3c25
batch_002,encounters_athena_clinics.csv,31,ATHENA_CLINICS,113760,f2a827e29442e1b085392ef672274c1b52f9dd41b6f231b0157cd75b0e50fadc,f963494d24ef83c953ac3e626186ebd08be79ca54d3ac5b6be0fd2a43392a978,2024-02-20T08:22:40Z,NEW_ENCOUNTER,,,
batch_002,encounters_athena_clinics.csv,32,ATHENA_CLINICS,101489,7e0381652b6ccbdfbfa130f775a5893864bebbf534bab43c8e60fc3ed864ab8d,37e66613230d5864ebdd09af990dfa51860daf5f239b009cfcf3638f1a6c56e4,2024-12-18T15:11:43Z,NEW_ENCOUNTER,,,
batch_002,encounters_athena_clinics.csv,33,ATHENA_CLINICS,132043,27c3081220589159c7808f6ed9b03545fef140162b9b0757e7f07e57ecafb27a,006390f0ffeac1610c47a7b586c3aa9cb41d0d141974c7653009359fe9d2a895,2025-01-11T05:58:44Z,NEW_VERSION,,,1feb98d70b1cbc730d6ad897c48ea6b23d6ee687453355227b6adc1d084abbce
batch_002,encounters_athena_clinics.csv,34,ATHENA_CLINICS,112353,145d6cfe9b78531f7fd0b80ac9ee71879eb7cc55663e59f0c1f04e238144f4e9,423ec4a2c485806079db74a915ed7c0e157ca791e9b2d4ed174d33ba450e3cc6,2025-01-09T14:26:38Z,NEW_VERSION,,,a962823ef1e3031d1a9e59d1156206e5381a992a1e519ded3c1456a3a158b8de
batch_002,encounters_athena_clinics.csv,35,ATHENA_CLINICS,139827,2bb7350d7ccb2d98df4f92e2d96a011a9725ca4e69c0324165631af1382d27d4,0c31bdb74f2b92b6fadcdcb2d4c0a9f634497dfa09174a0accfbb616e305412c,2025-01-09T03:16:46Z,NEW_VERSION,,,228f1acf38123c0486c2a88033e3eb88251e66e0b9e0fe9cfdf9114ae031b748
batch_002,encounters_athena_clinics.csv,36,ATHENA_CLINICS,119388,7aefabb7bdf4f19d6a64dd4d85b0c407f74344caa554b59a28869970aa86fc39,92500cdad20ff78597dc83946e3a02b30ff99cf9f813cd568bfc0caf96859d4c,2025-01-11T21:42:07Z,NEW_VERSION,,,29ecbefc9ccb850e652365b480991a89c9539f60f60788bb92425916d0774a6e
batch_002,encounters_athena_clinics.csv,37,ATHENA_CLINICS,119247,0738c0703ef278985acf70842907b2478d2543c92ecb1e9595f1e83ec1f7f143,6f80386a452a6533a288c662dce261e584fc590d1452e2afaae4b95aad93360c,2025-01-04T06:12:27Z,NEW_ENCOUNTER,,,
batch_002,encounters_athena_clinics.csv,38,ATHENA_CLINICS,106848,c46006c3a55d029d424d148bc444083ade7c8b05c110e59f52be5e64e9f9347f,0946737f1c03c49a83423245fdbd88534ab3f92673436bf4a6d293e0559ad9e8,2025-01-12T16:30:15Z,NEW_VERSION,,,7d880448be2546218401821ef36b458c9dac923d8d416a8cd7bd41f9ee4c3bef
batch_002,encounters_athena_clinics.csv,39,ATHENA_CLINICS,118479,8f7257d79650155e03411d2fba00c4e3d1072a0f3769ad391124da0e227bf132,154597cbe7a2e772749a45bd5cbf0c64d477cbf46c4d067d257924682e4f3177,2024-10-31T07:55:52Z,DUPLICATE,DUPLICATE_OF_HELD_VERSION,EXACT,154597cbe7a2e772749a45bd5cbf0c64d477cbf46c4d067d257924682e4f3177
batch_002,encounters_athena_clinics.csv,40,ATHENA_CLINICS,106066,0b6e521843c94151338ad3a6545f9739f5e37f39dbbad571e8ff0345b4573628,aa05520ac67865d3369b60489c753762da9b9900102d3c5047513004aef28d8d,2024-12-30T21:48:40Z,NEW_ENCOUNTER,,,
batch_002,encounters_athena_clinics.csv,41,ATHENA_CLINICS,107418,8c949b9672be92dfc6fe8b5a19f84aadc65c892eeb5233aaeceba49679131f2b,3f468232c9d274f06b111e1f584aa0c3df51eff6f602e7a775ba0ebbb5ef7024,2024-12-15T12:31:48Z,NEW_ENCOUNTER,,,
batch_002,encounters_athena_clinics.csv,42,ATHENA_CLINICS,139639,676b9ef0fb1981c00d6befa71a2199174d4405eded90ed08d19cb75aba3c764d,452cf2d15edc9998cb69a2f597ad7c4377058f2b1f5ffd07edd6b6fce525175c,2025-01-07T23:09:37Z,NEW_VERSION,,,18d9a1d9664724ca44a2ceb1f7fc9b4a678002e18a7e3da70fa72723a4725fd4
batch_002,encounters_athena_clinics.csv,43,ATHENA_CLINICS,117968,bae93ee1676f5e95f1e5232456c0fa3c51380ae8d56d2ecc1a4265a28e9fe690,c0d61b0184b202a21c5036f8ff9030cfc35d5ce11b5ae7d5a681cf38a6720a93,2025-01-10T17:15:10Z,NEW_VERSION,,,7f277d567182b55dd0fc0939eb3ff91be61039767c5d7b292d98189de8ca3254
batch_002,encounters_athena_clinics.csv,44,ATHENA_CLINICS,131723,a949ed7979c21560dee906427ebe923d502cb9880b52d2472a4bc489533f04da,a9fab2295731ac4736d01464bc1e2f08d8d7eff3c37fad358b98bffd95e1bea1,2025-01-11T20:22:35Z,NEW_VERSION,,,00dbd6c879d1b848cadd16b5f54a4ced56cc04ab44c2dcea0be56b8f1320ef06
batch_002,encounters_athena_clinics.csv,45,ATHENA_CLINICS,134464,d80c2108d23c653d17c998cdde950bb6dc965ef5e4a2fd731929a85816041a7e,52cc878daa58350fc26fe570b0b7c1ab285ecfadfd15e7dfe9fba8704332bf0d,2024-12-25T03:42:11Z,NEW_ENCOUNTER,,,
batch_002,encounters_athena_clinics.csv,46,ATHENA_CLINICS,105004,e08dff7881c18a77cc75d007e93df3d7ccb62d98e662b449aef9d0c31c0b4c15,a1fdbcb9ac62751d1e588fa9fb9a2f458641e83ba4e33b615fb86dbaa68ed783,2025-01-10T18:23:17Z,NEW_VERSION,,,a6e5a16f79e4fd9c45c5f1a9fad46d6e512cd3900550122e01b6c4dbbeb4e9b7
batch_002,encounters_athena_clinics.csv,47,ATHENA_CLINICS,109426,29b0f144cc6c78bc34b83b7346625668d6f36f4922deef692552c3e2d3c95e7e,c5bfaee6d427a442163c953ad478c78140e9f190372aac8b9e59135f948898fd,2025-01-07T14:58:51Z,NEW_VERSION,,,6f66e70463d8c4e82a890ef9bd661bf55a6aac7112608607789f3925f6a1b940
batch_002,encounters_athena_clinics.csv,48,ATHENA_CLINICS,103846,6cf5e60d0648f97a00c12cc2ad1d36b22c4e17d9fce592f3993daf3d89ee2260,4d51843acded75b373359e333fe28672a3b89bcdc5bdbfdb5b87f924e4c8e3cf,2025-01-13T05:06:22Z,NEW_VERSION,,,455847caa3d54ff80653669e26aa673df4fe13f7847795a8d55ef27c2e600697
batch_002,encounters_athena_clinics.csv,49,ATHENA_CLINICS,104061,ec787d8b8c3c7089d5d8d0411561f6ac3daed25541a3aa89d5494e5c984f584e,3e85e1972fa5cc57f03fce19c342fc42536f7987725bc9b91c7ee7ebbe94b204,2024-12-27T07:33:39Z,NEW_ENCOUNTER,,,
batch_002,encounters_athena_clinics.csv,50,ATHENA_CLINICS,108682,adee20c331e40adb3ab33ad233ab3a11950312ead22da73274205a0db14726f9,d1dfcee66dfd860c0d6cc317c020279e0a12f17400802e42688bec3b65338012,2025-01-10T18:48:23Z,NEW_VERSION,,,feb011a49e1216a14ff66f056571881e31fcca8ec422112066c5bcfbaad3f521
batch_002,encounters_athena_clinics.csv,51,ATHENA_CLINICS,136111,8b43a4e3aa7bde974c1a395fb4c65babfb764ee496cd0c83cd90c7d19a88de4c,0eb04fef5cd24cef16ecbf03119cc8a0cef59d2825be7f94c9d79fca668093d1,2023-04-06T07:39:49Z,NEW_ENCOUNTER,,,
batch_002,encounters_athena_clinics.csv,52,ATHENA_CLINICS,107653,e4b26eadd9195cc0b4106d0c792fc766ed0cc0d2177505c00a1a008c0c86d14c,c6b2bf44dac407fd755383f892e62b79f2e94ddf52f8b635cfcb3269ca4ac842,2024-12-23T02:04:51Z,NEW_ENCOUNTER,,,
batch_002,encounters_athena_clinics.csv,53,ATHENA_CLINICS,114079,0b93b84183b9475670ea428e329b3d43b898e6dc89fe68e082b92681a5c089c7,854f47c117f0777cd3b5329a1ee74c61ed6d4f6e7251262877137758a42e8232,2025-01-07T07:22:14Z,NEW_VERSION,,,264b06f722443c9683e35086f8286e0e0e5dc1aa949d0e31922035e69058ff70
batch_002,encounters_athena_clinics.csv,54,ATHENA_CLINICS,136552,d9358b9f925934b6547bf8b4c880ee577786e4f16e5cb555cfd8d01df87348c0,8247f7a4d128e6a40cd686edc97a1ec8a6694f91734864bf5df45f2b9d960702,2024-11-18T22:26:31Z,DUPLICATE,DUPLICATE_OF_HELD_VERSION,EXACT,8247f7a4d128e6a40cd686edc97a1ec8a6694f91734864bf5df45f2b9d960702
batch_002,encounters_athena_clinics.csv,55,ATHENA_CLINICS,138131,fe006076b85f37e90ad0ac25e983653b5effc31ec98cedaaf5d11b83c28cbded,64a0bd98cc25a9564770eac02cec4270658c40749ce4c5f5658c4d9c5961e78e,2024-12-23T12:41:48Z,NEW_ENCOUNTER,,,
batch_002,encounters_athena_clinics.csv,56,ATHENA_CLINICS,104156,5b45e05c91f453dd0828e413a057f6828e692a422db2db6139eee1ab56a8e877,a28e4d44527ad66ad26d978503043a81e8e08868613176ba7c2d4dfb421b7975,2023-02-01T21:18:14Z,DUPLICATE,DUPLICATE_OF_HELD_VERSION,EXACT,a28e4d44527ad66ad26d978503043a81e8e08868613176ba7c2d4dfb421b7975
batch_002,encounters_athena_clinics.csv,57,ATHENA_CLINICS,125120,7f8230afd8aa109ef8d86755de77c801f7ea084e93304e6191165f78a40e4d16,3aea62ebfa40cb16edf37042300b7820426ba4ac3c554c5501be87597e19ea70,2023-04-15T01:51:12Z,DUPLICATE,DUPLICATE_OF_HELD_VERSION,EXACT,3aea62ebfa40cb16edf37042300b7820426ba4ac3c554c5501be87597e19ea70
batch_002,encounters_athena_clinics.csv,58,ATHENA_CLINICS,108861,7cc5fcbcc06716418f3a6738737b8a0941d5e42a62b6873652597ee8be9d7a81,e632c766369d8fb0eaaf6e4725543b8c249f4e7f42e33127a992b92201df3c0a,2024-12-25T11:44:20Z,NEW_ENCOUNTER,,,
batch_002,encounters_athena_clinics.csv,59,ATHENA_CLINICS,125003,ed2e5b8a01e4385552409df3360ccebeec8c3d30a1a667aedf318f9ba061ab34,424a102b78477462aeaa6b04c23fb31325f051a9e643a5f3c6fe6f3f51adc384,2025-01-10T01:58:14Z,NEW_VERSION,,,46353559fe780e8b98d796877b181087a7436bb61b8fb7c0fbbeec720a3df3d2
batch_002,encounters_athena_clinics.csv,60,ATHENA_CLINICS,129389,ab3100d2d66aa388f505a8016add0439a07ad4fc7b39ab70fee759189db1f152,2ebd153842bec320655b6c9bb7d6926e6817de431b89b3f58da0892e0a40f8d8,2025-01-11T09:02:34Z,NEW_VERSION,,,3df2995880e8831bcd213dac6cec1d203ce3ca76f6c7255ed9afcb6b76253838
batch_002,encounters_athena_clinics.csv,61,ATHENA_CLINICS,132299,5b4782998c0d37300847c59a53be1208fea2f8579d2178e71d254777450ad2f4,ff2b9792dbbdaaad564091e6203c108df44fcf2a1482bac84ba9a682e5085ac4,2025-01-06T10:58:18Z,NEW_VERSION,,,aee65023ae96f9348797342ff69dd6e47a20858caecd9d15086488145cee52b5
batch_002,encounters_athena_clinics.csv,62,ATHENA_CLINICS,104610,96a3daaa620ef98dbc7014702581220e82685369af0adc10606c18b86a165baa,7381d518d3fdf885c98f277a6614c8a0c14d5ee02696a31a20e091b58a965cec,2025-01-08T22:01:49Z,NEW_VERSION,,,42c654ca7272497fd12012c917f426b992ceb76142a7088951ce7098fc939a60
batch_002,encounters_athena_clinics.csv,63,ATHENA_CLINICS,122428,31427e3657ea0356a4338c7b758f57063d987e3a854a27dbd1ea3f94b9b5eb62,c82d67e710199b526b8bbba9aeda332fecadcbbc975b3586e3e6e1e624544304,2024-06-14T14:29:52Z,NEW_ENCOUNTER,,,
batch_002,encounters_athena_clinics.csv,64,ATHENA_CLINICS,124335,ed8cd169e2354b41d2dabdb92d88cdac28fd41278353fa6272853859bb7b5b57,d497d3710ab61a1a3c0c53005d1270fae7562841f41d4040ad27b168286d759b,2024-08-25T21:22:15Z,DUPLICATE,DUPLICATE_OF_HELD_VERSION,EXACT,d497d3710ab61a1a3c0c53005d1270fae7562841f41d4040ad27b168286d759b
batch_002,encounters_athena_clinics.csv,65,ATHENA_CLINICS,115660,bf15b3c2be160904a3e9b87cb4a7ee883f7cd85e45d61c27c3b60646f14aaaf5,f6ad68efb99b63ae0962393e0aca49812e36e1662ff1bae9218970b5ddc783a1,2025-01-08T17:24:16Z,NEW_VERSION,,,e5ed454c0a698c86264e3283fcff4cb6aa9ba52bbc09b0597db9ca67a7d880c9
batch_002,encounters_athena_clinics.csv,66,ATHENA_CLINICS,103333,ccbc7aeb78e64ce8b6c859859b921344626d5e3bfa25b11228250160d650d269,aa37d6c145b89343faf770425bd703151ee0e4a7728a0a38f71f40cd4c4c08d6,2025-01-06T08:55:02Z,NEW_VERSION,,,bb486407eea19a916572b63ce5a9a09116678443ea4ff4a882359d021529178e
batch_002,encounters_athena_clinics.csv,67,ATHENA_CLINICS,113026,352e08c22ea569c69624872deb1bb3ab4b65762b86f0b8e677e59b0c3e0c9303,4aeb37db34309705c04ad867e0649044ba9eafe0dda631a20c82e1f923f8f9f8,2023-05-09T18:10:52Z,NEW_ENCOUNTER,,,
batch_002,encounters_athena_clinics.csv,68,ATHENA_CLINICS,107326,7e2de17271e2b5d878a241d5ea7cfa3bc1045582186cbd6e93cb230a6dd85776,e39e9a1fc410edf9a23b2b119a68cc879672cb4321a87ab886a01f8fd9fa48af,2025-01-11T17:02:58Z,NEW_VERSION,,,6d860fb425198fed7c6d0484503b508885a7c30cd6359282644c7108f7f16476
batch_002,encounters_athena_clinics.csv,69,ATHENA_CLINICS,133693,5a669af6f92c3ee59963a345146ea78638899356c253345314e04f88fcfbfc2a,1b9f67e3b9f7fd038b2da8840afc236b2dcae5d97c5bc454413159218e871f30,2025-01-06T08:45:00Z,NEW_VERSION,,,e66a0dfa2c2e8c1a198823d0e64e1672f417fa36cc1c2a61bd640598caf660d8
batch_002,encounters_athena_clinics.csv,70,ATHENA_CLINICS,107234,9eed9d25d6abf5a1e980fbb498c1164ed9bec8aaf5274375994b6e4728ed2f5a,1de709a6bbc3d641f32e5ece24af0a89a06e9614629a82329997cb7a70c38a76,2025-01-08T14:00:08Z,NEW_VERSION,,,baef8349f5a75bada4be1c0e3c9e7c7b0c6834cdeb1d13bc8e951e1233ac3d75
batch_002,encounters_athena_clinics.csv,71,ATHENA_CLINICS,103926,b5ba81c68f3b5de651bfb2d8997d640334af91705a89031fdb6b09a68b4b5b70,2f008a95459e621da7106ffbbf9449bf35c9512c812d5b8e9ff3d8c827363d3c,2025-01-10T05:36:58Z,NEW_VERSION,,,2fcb8ef08dffb0eee8b7eb4395237f950f34f9f193ef24df157f60036224a77f
batch_002,encounters_athena_clinics.csv,72,ATHENA_CLINICS,135244,213ba64a30479c084e274cd1cbdfef182fc6c7de250304dcea683f909e167770,f9ba353fe1402d1d6393952adb2582585b1f80a2ee4662015a5e4bd78da355e5,2025-01-11T08:55:37Z,NEW_VERSION,,,a64222729606a9f3c757dd5240d94b6aadad96f1262984af2072da6f504a69e4
batch_002,encounters_athena_clinics.csv,73,ATHENA_CLINICS,115154,72e08c1241c90e937bc0ffcd61d61636aa8102c0b002b3e198af11eb635e050e,2bbbb692b9b1d2bd280e1aa944c5f07797b4368c1774fdf27d8b77e68ad7234a,2025-01-07T00:28:06Z,NEW_VERSION,,,1dda7aa7749adbbeedbee6d032690595bb53f18ed65ea8f926ae919a27bec8dd
batch_002,encounters_athena_clinics.csv,74,ATHENA_CLINICS,101255,4b0acd30cedddfa537cf662f9175866137466d097703e476879c6388ad89c4f0,1b2370c5002260528b04b116248a0d95cbe12682136a9737983eeb0e1ac74198,2025-01-01T01:34:28Z,NEW_ENCOUNTER,,,
batch_002,encounters_athena_clinics.csv,75,ATHENA_CLINICS,106692,4bd188f6fbfa7dae92b03610f1bf152109fdca0d6f5f02429b4d64f26e0c883e,e689e94a374feda608d704c67d9b8cb8ee379787eda0ecd00c4555fa846410d5,2025-01-08T08:50:01Z,NEW_ENCOUNTER,,,
batch_002,encounters_athena_clinics.csv,76,ATHENA_CLINICS,124054,fde333206b24332d006bc640aed7afab9edaba21ff492c343e8fb33504436c71,61f6c677e73e8723619caa305ca7305d3fee43741af12d23adcfbcb8d3c9432e,2025-01-13T05:35:31Z,NEW_VERSION,,,11f516400f910d6028da3152a53b6cd9d95f98a1258b117fd3fcb6809f88be9f
batch_002,encounters_athena_clinics.csv,77,ATHENA_CLINICS,137157,6feca4f4d9ce625305da33fb0dd415624227b2ec67e4cd42075c827c42aee430,b46975328891628f95d9af09ccef8485b947cb844f47147c1c4bc1b8b303e8ce,2025-01-06T10:35:04Z,NEW_VERSION,,,d708a6efa11c3a45be80efa47519a274ed0ae29fa9d34ad723e3328d9989966b
batch_002,encounters_athena_clinics.csv,78,ATHENA_CLINICS,111710,a1fe240353af5a07096c3dc6e4eeba6b85b2465b37425965c7f108f886f71ea8,f2e24523508fce80bc5132d139e2b4b10b584b177eab0b0fd7dd12d1b9ede660,2025-01-10T17:41:35Z,NEW_VERSION,,,be3a7dbf59d26fe6060d259ac900ed1f102f097fcfd23417df6360bfd8a6fa9b
batch_002,encounters_athena_clinics.csv,79,ATHENA_CLINICS,115185,916c797c57fc72c1757ca73a167eff15c55192ecef07f65491043271efc3b2b8,333f47e7af54cde0053a40c7a42c7022181579ad93ff9e17d1c4053e447305be,2025-01-11T02:17:26Z,NEW_VERSION,,,84c056c8f239cea8a387b2ec23dc5378909e6cb85c432af9c81190e6bafa2d32
batch_002,encounters_athena_clinics.csv,80,ATHENA_CLINICS,105785,64b90aab08a0c2939b5fcefa1ce97e08e5dc513aaebe0c55283052552906d9c0,d5eed4d0306f8c388d245dfed66bb563081b0f7a1309449a1914c687a73b58f9,2025-01-06T19:54:30Z,NEW_VERSION,,,f8742a82285f413dae0eaa2182f79afd609132508e0ea07d4122be93c5a07aca
batch_002,encounters_athena_clinics.csv,81,ATHENA_CLINICS,102467,b35ac5c9263a7f0441c1dd78189a423aeeffa25bae91cf173321afec6414a31b,6acda4353385a83cfc6897e806dfcd99b6cd8d42fa05c03d23d5e778404c825e,2024-01-03T12:48:08Z,NEW_ENCOUNTER,,,
batch_002,encounters_athena_clinics.csv,82,ATHENA_CLINICS,120406,9797ff7332fa590ba1522b3409e91b5c513870641ca90bee7b7a5a3ec3e35dcf,9f3e3bee5fe478dbb4adfd00b576bbb70e8288caaac97e54a7922926a06155b9,2025-01-09T03:06:50Z,NEW_VERSION,,,c1728653a1dfa5a9b5d605a0997527fd752e0d4d3a339009a6b04133b8b170b9
batch_002,encounters_athena_clinics.csv,83,ATHENA_CLINICS,116676,f6d6e54522c1a89a79f8934ee214b879efcd67c89d5c5a24520690f557470282,5c4d8bd58453acc147af7e20d936f518734b76be64f04237af5c2919f4e64ded,2025-01-10T17:00:53Z,NEW_VERSION,,,62deeb7b49524b4a63c0532c052e09b2315ce938ba1574b1a04ca4d2cee9e837
batch_002,encounters_athena_clinics.csv,84,ATHENA_CLINICS,139109,43b46bb6df2bdd424f7532d65b6776244bade30209dd21f1ff6de9f5a61d0bfd,3295b7261349877eb0d105edc118977ad6ab843ca768861914273e033f806cd8,2025-01-13T04:29:01Z,NEW_VERSION,,,2e1e0f685fd71cab81cd3c64136fd176ddee35234c3c38d4b680dee0a91cdcee
batch_002,encounters_athena_clinics.csv,85,ATHENA_CLINICS,115749,0ec7ead0775369f068fd7b25b49bc9ca3ff53046f0c46c80ae6482c915d8de45,bb36702b654fad1f03354b387c51effe675e4cf71c5f8f2537840789f5742aae,2023-05-15T12:30:30Z,NEW_ENCOUNTER,,,
batch_002,encounters_athena_clinics.csv,86,ATHENA_CLINICS,120637,f5a22fd5dfacaa4db0664b9b1f4291ab885e4490b9eefcb38ea51795db70efcd,ea3d0a7a88ea41d6281985a33e415f68617833608ad8b8bfdece1c3b8289c954,2024-12-23T06:13:34Z,NEW_ENCOUNTER,,,
batch_002,encounters_athena_clinics.csv,87,ATHENA_CLINICS,126277,7d6d9621ca41fcca36ab81ce5d0b4a47f1db9900192edfe0533b50174c2d2a73,c9c7b4ae722060a858deac5f71f8aaaa413e65cc2b98abe9d0cade8428d2b64d,2024-12-23T14:13:13Z,NEW_ENCOUNTER,,,
batch_002,encounters_athena_clinics.csv,88,ATHENA_CLINICS,112889,92a527b561c0203e2cd18989c95ab81acc8f60a56e922da0a7800fa37ccba74c,3954d2af8c0b80bdfb1c29237b15d841d932803cd1ee3cd304117991c247eb6b,2023-06-24T18:21:54Z,NEW_ENCOUNTER,,,
batch_002,encounters_athena_clinics.csv,89,ATHENA_CLINICS,129219,c73b98d7323962cf9617f375b589dc6f7bd776ac9fa7e365e12f43117fffb66b,213458df516ece7d37a5049f8918e7f18242d3ef54a6ace38a8ed36716a14207,2023-03-08T23:57:32Z,DUPLICATE,DUPLICATE_OF_HELD_VERSION,EXACT,213458df516ece7d37a5049f8918e7f18242d3ef54a6ace38a8ed36716a14207
batch_002,encounters_athena_clinics.csv,90,ATHENA_CLINICS,105776,01f02fd0587f1505b5aeaa1e0110b9ef0270cc3ecd135404993de0753eb059f6,cf4707e556e14116569e95960c2e3e1b1a9583171d511a8100bdcf24dc0b852a,2023-12-06T11:49:04Z,NEW_ENCOUNTER,,,
batch_002,encounters_athena_clinics.csv,91,ATHENA_CLINICS,100076,e5f8968b75140a28b388c37655016ab614adef7daae2c8d149825d7dd89ffc9c,8c677ac42d64d03c7070a6c505d26f4edc60a45f9b7712cf222297083989eac0,2024-12-30T08:06:53Z,NEW_ENCOUNTER,,,
batch_002,encounters_athena_clinics.csv,92,ATHENA_CLINICS,118974,92ad2dbd16603e6ec55662052e196c05ee840c645fc5243d20d89ab4ce5d31b8,0f896b595602ae7606a13058e0d650b8d54c48e7c398a3d885b62668f3330219,2024-12-19T00:06:54Z,NEW_ENCOUNTER,,,
batch_002,encounters_athena_clinics.csv,93,ATHENA_CLINICS,126420,d2c2ea6dfd253ea4721856b0e56c61bb806952e199a50139719a8a3234116f1d,f158b159bc1e2f593521c73be51d2cf9d31b819bc93449ff77ddc91731971032,2024-12-20T18:34:10Z,NEW_ENCOUNTER,,,
batch_002,encounters_athena_clinics.csv,94,ATHENA_CLINICS,123434,4382815a2554f4962391d9be5ea6bc005eb5fd5caf03a2efda62b2d0de1f8ed7,9c548e54cc905ff87fe8f236541ba7f8cc365d3a1c9a03398e8867e469948719,2025-01-13T05:35:13Z,NEW_VERSION,,,6dfd9a55c90edae1a72994a7c91f0ca914082931d5253966d1d02a7cbe75d6aa
batch_002,encounters_athena_clinics.csv,95,ATHENA_CLINICS,125032,34f86df1be1defd4f304899bd45b580206b076321722f854ef4b7075579b3335,1fe4e2e2a6f813177359d64abfc3634d38a549e25df8e5a8b95b0192bfd4de8a,2024-12-23T04:04:40Z,NEW_ENCOUNTER,,,
batch_002,encounters_athena_clinics.csv,96,ATHENA_CLINICS,104214,caf583ba24d6308257090f6fbd091891468fb0df121a8787ff03028e0150c2d5,6e26534428f2a7bd59cad8f98b3c333e3cfa9ef64262263ebb2f8c0f62fbc049,2025-01-13T01:17:49Z,NEW_VERSION,,,4f73d55075a00ef34360aeb4e83e450f4e3cd794141cc03170078359888dbd17
batch_002,encounters_athena_clinics.csv,97,ATHENA_CLINICS,109536,dde892a59dea5e426f024bcdda615653720378483217f76ef7047e28c581b5a0,8706ffcbd3835ed20031f3d792f6ad64b232db941ce4df25504604e180d399cf,2025-01-07T01:56:04Z,NEW_VERSION,,,e81afb67d9e8df17c01656b75b8e9ef9ee9b6afa8606b03fe650746bbb4deac8
batch_002,encounters_athena_clinics.csv,98,ATHENA_CLINICS,116704,3ea19bf76cc79eeec9c87cc729d5a2307100854b77c6ca877d52582d73424131,4c88491ef155168634dad70ab638a5db14c26e4494ec78e7e14742e5c38248ad,2025-01-13T05:15:43Z,NEW_VERSION,,,47a1eff579bff318184ad71cd4ba42cbecbbabf43b5e575fdc5a77b18b505d5f
batch_002,encounters_athena_clinics.csv,99,ATHENA_CLINICS,118085,4de0f4f1b8e39d72bbaebca09ef9783d847cc56db962e23b6fe4cf113d548f3e,40ed4ed33e9b80cf2f225df4deac2ecb111c34bb27e9524bbfc75aa19a194ab2,2024-12-23T04:40:03Z,NEW_ENCOUNTER,,,
batch_002,encounters_athena_clinics.csv,100,ATHENA_CLINICS,113087,1c698157361addd7bb4d0b8d9d8c8de9f0f3fa4819ef88b573e35082b4a8d98b,f5dfc074894c3af54b33885aaef281e126f55ba70b3cfafed956c8f4c734c82b,2025-01-10T22:24:48Z,NEW_VERSION,,,dee5a2c991c3909c9da6c87dcf4376e6d06ff4418ea174f316d8028c367bceda
batch_002,encounters_athena_clinics.csv,101,ATHENA_CLINICS,103669,986aaa9afa554e9348cb19853cb20bfe98b3fa8bd6483c36f636b2f698216f81,13bd6b3ac86221c2bc3106c8e97533dd5c8d6845ea888104c733faf4fca73318,2025-01-08T07:15:41Z,NEW_VERSION,,,8c4b6a63db97e382bad2b31d0d28e983aac84704dc2d3b3cacd99f75d380f5e7
batch_002,encounters_athena_clinics.csv,102,ATHENA_CLINICS,121831,320ae4bde1ad710bc1c6a48c16cc1ad70cd16924abc919498292bd141cd7a80c,97ac44b75461debf6bc2cb6612045109266363f711a38087f5da2d922654b29b,2025-01-02T08:46:57Z,NEW_ENCOUNTER,,,
batch_002,encounters_athena_clinics.csv,103,ATHENA_CLINICS,108315,8e202749b2c578c697537114f39231ef72a321862b58ecbf6ffb6fb356983627,f8b00e5ef7d8d2c0b77d6c9aa8c4df3cfe82c309fabb7ca640356bc94e8f4e11,2024-12-31T15:54:24Z,NEW_ENCOUNTER,,,
batch_002,encounters_athena_clinics.csv,104,ATHENA_CLINICS,132547,05402f0eb61fc94dc2662ed815f3a2145f4fd1ca1f829c9d4d76c58606fe6dc1,fe6b3107f49c0a18000256485df4213188a983c48629bd10f12a94a494f2bcec,2025-01-06T22:33:47Z,NEW_VERSION,,,828f6c110f7452734a923ab35812941d216c9a5fcf5f7b75ed0142e7de4baf3b
batch_002,encounters_athena_clinics.csv,105,ATHENA_CLINICS,126674,541bca294e381aaf5f77b07870114baa0bbbafcec2ce57174f91b88077f6a005,65723a17bf351e60f81a1235d8d3c86d4f0a08de54eeb38006c16d8c97b8141f,2023-09-25T17:40:12Z,NEW_ENCOUNTER,,,
batch_002,encounters_athena_clinics.csv,106,ATHENA_CLINICS,100920,004cfb48d81996e07edf8d48e9a14764b700d0135e3076bb44745b2ba260c0f9,4ccab56f7a1b01526b480e6fd6cad64e4cb6d1f6e3a845887b9dc726e97b8ccc,2025-01-11T09:15:56Z,NEW_VERSION,,,41b80666802a8a62a31794eafeaafd3132d85fabe90638e2bb3926540692b6de
batch_002,encounters_athena_clinics.csv,107,ATHENA_CLINICS,130552,0380c5e8f9cfaf1074a75cd66ef04e276849600516a7becb430e8a7268cc875e,36049350c72a33a7d6d30c7cd258acd038c5f95cc60073ba6c260d73b3e491de,2025-01-13T05:29:24Z,NEW_VERSION,,,577613481f5ced6a6e609153b5edbe9ef714bf2ac7a58c23882f7c98fa66ff73
batch_002,encounters_athena_clinics.csv,108,ATHENA_CLINICS,139507,18f7c48ac6948d5049640f125970f5fd034c934c5ea10397b288fc3854078b7e,9d1b5f03a3e7c488f658a6335d5e8e9595ae401b5c9a55720a21e4c9ce931934,2025-01-06T23:33:09Z,NEW_VERSION,,,37b5d42517fc6d62c68df903eb5a89ccb4ffa7cc8816f58a560b6b506a300a6a
batch_002,encounters_athena_clinics.csv,109,ATHENA_CLINICS,121852,3ef0a6dbd96caf9bee6f577228f71fa45466046817cac084c2a3f5ed29b18fb6,028e34ea84162b553328070dae8061f067d369fde1a591330c9c25ee8b93f5d8,2025-01-13T05:26:33Z,NEW_VERSION,,,4d1adec61481d297e0d154554fb084806166741a3c37c960d757e7b0bf370907
batch_002,encounters_athena_clinics.csv,110,ATHENA_CLINICS,133495,33160177a447ea7bda57fcee0af37acafc5e7d9e0d5bdcc4a85bab05058d354a,d9f5e396209f278e117c455893894f096dfd84f05615a22fc5ef02210915d8ae,2024-08-25T16:23:33Z,NEW_ENCOUNTER,,,
batch_002,encounters_athena_clinics.csv,111,ATHENA_CLINICS,134603,35932a1d6ac022da695cb93af1bbfabbd14202c3b49443e301b97e4eab2fb65e,1ea1f914d9d95b48caca7cdd03482383f8e9ebceb709b779b036fc0acf0c02e2,2025-01-10T10:25:03Z,NEW_VERSION,,,a8657f0d606e74beb964fbc111337b23e2258f45638e513e01d3f006dc522ef8
batch_002,encounters_athena_clinics.csv,112,ATHENA_CLINICS,107133,8a8f07c609264fb00e161dd6314995a0ee2240e0d363026b4962335b2ece403a,2bf7ce96ef055843ac91e7350ffe4d53854d25cdace19901c039dc5900f7faff,2024-12-18T18:18:16Z,NEW_ENCOUNTER,,,
batch_002,encounters_athena_clinics.csv,113,ATHENA_CLINICS,100209,d027acc251ffcb52a522fa9b31d16c2c55f804f2490afc5b3155f6f1132ad3ff,5e37f9c8d907834ef4b2fe7c306f82292b9487418d8fe4c492e2fad2c07d79d6,2024-12-15T14:59:58Z,NEW_ENCOUNTER,,,
batch_002,encounters_athena_clinics.csv,114,ATHENA_CLINICS,114341,4b066279c81e827980629ccf1be5574e60009be4372083513636155d5cf3fa72,3b0b9541f14ce7a96c701be8ee07788ac7975f8f179781784d666cfc9782686b,2023-07-07T20:31:30Z,NEW_ENCOUNTER,,,
batch_002,encounters_athena_clinics.csv,115,ATHENA_CLINICS,136363,4a57416d53579dbd8d0a05bdb7ec6fe26280c2828ea75b1be25cb5e7138b1aab,8106cde3b3ed8715db4e0a458f96b19dce3366ad8f0ec10ae70981ec95565074,2024-12-28T11:54:31Z,NEW_ENCOUNTER,,,
batch_002,encounters_athena_clinics.csv,116,ATHENA_CLINICS,133944,191fadb2b013bfe5449209811da00dd7833827d75f6b6a845ee7781c564e9f05,89a51e8481767845e7849769f143b77dc56e895686b231b694e3a0042aca1f85,2025-01-12T17:16:26Z,NEW_VERSION,,,90f9d49b230851567c81dbe742779d7631f5b1d9dadbe0641acdfd30e469db15
batch_002,encounters_athena_clinics.csv,117,ATHENA_CLINICS,136184,e10271a7c5fc9ee23f0f02a2f04594e3f9a9f622c57ba1aef8cc3b173fb55b12,33c25fc92291c3f2bcc17b88ca5f136e8d39e628baf6f754f52004154f983ca7,2024-03-10T01:13:36Z,NEW_ENCOUNTER,,,
batch_002,encounters_athena_clinics.csv,118,ATHENA_CLINICS,122036,dd59e228dc00474fd7641e1813fb384f7799069fec8c4074970a9e5c35f13094,53b4dc6ec99028bc27facf35bd5b81a1b4caec71ca9b427b21ff5ce612d7949e,2025-01-09T14:50:42Z,NEW_VERSION,,,6a8dd4ae9177bc152b322cf59347587f6e101ec1fed7e6625c114f9b2b8c038b
batch_002,encounters_athena_clinics.csv,119,ATHENA_CLINICS,116453,b8d6ead3653fab44d4eba774f068fd7d42b7dfdaf950a61f9e8aa7df620d2255,7c9671b37a0f365920c32c53b7b215075818020dd72346331293b1725e79df5b,2025-01-08T13:17:50Z,NEW_VERSION,,,a34eb490d145b845911ec1d610981c51edabd5da1f356dadb449876791a8eb3e
batch_002,encounters_athena_clinics.csv,120,ATHENA_CLINICS,129168,36f84c22bfd7e11dbbfab2c6da18c13a5b5478dd66b35887330c101b292045f2,92d4ba4ab3f20c95d1dfcf777f129848ff363296d0404f5b9f06afcc916a52df,2024-12-29T07:15:14Z,NEW_ENCOUNTER,,,
batch_002,encounters_athena_clinics.csv,121,ATHENA_CLINICS,103817,0a18d558d9626769f4a0217a3710729555ac71d9f50fa1dae22375e5d7ede9d4,3ca2888833099f7d338416ca046567ea7271f7af46f3a39ba0ad8bd60b71849e,2024-12-30T19:27:11Z,NEW_ENCOUNTER,,,
batch_002,encounters_athena_clinics.csv,122,ATHENA_CLINICS,136451,4bc5e2fa6233dfba1a92d6a3d4209a2438876da82d79f43f7ae84e5d0644e40c,416e1ea7057ae652e1e039440602655723b40c8fc971339c8b808f3567ff0376,2024-12-22T13:12:16Z,NEW_ENCOUNTER,,,
batch_002,encounters_athena_clinics.csv,123,ATHENA_CLINICS,130200,5146a2772e75c60a94ff82b421bad44b3ed4f090d0a9e6c0bec2c64cba83bafd,d8a812bf5e5b6c234ba3ea99002cc8226ed5ae85534b1c3feab9a752f6b5d7ba,2024-12-15T17:58:15Z,NEW_ENCOUNTER,,,
batch_002,encounters_athena_clinics.csv,124,ATHENA_CLINICS,131455,2d4fc73f11caff3441ad84f0bce5395d4ea6c896c05b7ea421ec1555914c4dbc,606dfbd4f31b4cfb409ae351dd381e2d09ed180536ff67d19cfb48f0e42a9bfd,2024-12-22T20:34:05Z,NEW_ENCOUNTER,,,
batch_002,encounters_athena_clinics.csv,125,ATHENA_CLINICS,112302,ef509d62e613336c26bafa639af24364e527da1d42b7b397b723f46778718a52,cf3a6c8681f67c1fa18c1f7db121e8a9397fea7302c28a981bf782d28dd8bef7,2023-03-25T16:50:47Z,DUPLICATE,DUPLICATE_OF_HELD_VERSION,EXACT,cf3a6c8681f67c1fa18c1f7db121e8a9397fea7302c28a981bf782d28dd8bef7
batch_002,encounters_athena_clinics.csv,126,ATHENA_CLINICS,100613,866aa59595dc9e690c01ca6be226de71667d50bf1b8db9d7c874882c68ef6923,551dbe0149243ea1e5ddf81fbf0178a3ddf68a3c729e1e6256b7962fa4670421,2025-01-09T06:07:47Z,NEW_VERSION,,,4e927184e8c2be0d7c5630ef092e0865347b56410ec45ec66d4659ca36945ae1
batch_002,encounters_athena_clinics.csv,127,ATHENA_CLINICS,126060,e51f50a8fbfaf1050beaaa17753c5e759b5b439569f330d8277d103759e296e8,a8457bdf9c58d2ca82d939f4fd7fca7e6481b6480b3a715ab9545f3aca706e79,2025-01-13T05:31:40Z,NEW_VERSION,,,f75ce8a7015d596d2e8c5445823e6f9241380ecdd18b635ed9faa5d71981e023
batch_002,encounters_athena_clinics.csv,128,ATHENA_CLINICS,127291,dc6bb272855c895c245c3c72d629b10d0395ce5967475a2417915f6eefc853da,6ad2aafe6c4935cc255667c38dd70a941b4f46515dc795c06c232373bbebd055,2024-12-19T05:31:14Z,NEW_ENCOUNTER,,,
batch_002,encounters_athena_clinics.csv,129,ATHENA_CLINICS,127893,913377201f2be5b67ec1133eb5cb5b252d4efaac71f7d9397a0b88318757d057,c0fe371b195ff998a13ba7e3abd7ced6b0b32eb9b5f7189a359195d8fdc045d7,2025-01-04T22:09:03Z,NEW_ENCOUNTER,,,
batch_002,encounters_athena_clinics.csv,130,ATHENA_CLINICS,107516,c064eb348b69c0b8a69080446cf31a51daead39b0ae33a2560fc5b2441e8d57b,f6b4fad2794268faec83af04c5f4a08da6760f91be1dc38f32afddd54f260504,2025-01-10T15:23:04Z,NEW_VERSION,,,346762579cb136a96a1a0693d6df14cbc1da576c74d23f4947feb5e6756ffe5f
batch_002,encounters_athena_clinics.csv,131,ATHENA_CLINICS,128815,34874a82e30dc6ce06d8e580f26878bfcb9c6f16ad016a23fcbfa53e33c31b12,f105d3b734f132d28decb07a8e54c43bc0ce93bbbd4197488eb1b14982ff50d0,2024-03-12T16:38:12Z,NEW_ENCOUNTER,,,
batch_002,encounters_athena_clinics.csv,132,ATHENA_CLINICS,107569,3754a8500efdf680f84b1c5d66e7736e3a09577fdce5d8efac05c0299c42be5e,64c9d19d45c91c0ca37eaab94ba3714bba58948be37b4ad03cb5938d326b7411,2025-01-10T13:24:18Z,NEW_VERSION,,,7b16e2216ec381fd3067ab96b7ba3754aa5eaaa71669b0d42cf3652e586eb527
batch_002,encounters_athena_clinics.csv,133,ATHENA_CLINICS,128251,7eb7d318c19b11190f0b73bbd05d9e6ea695e06bbcbbe0f02284e08ba1a373b0,5a6f5b7ce2f456a21195681e1efd5ad2be8ff06b696ad161bb580974fdd7ec1b,2025-01-09T14:20:51Z,NEW_VERSION,,,94fbbcd026ab80c36fe49cfc9cc582f20aa81ffaac903305f12df298c6874187
batch_002,encounters_athena_clinics.csv,134,ATHENA_CLINICS,117138,8041643df5d30dfb1184e20687694d0e17ed7849fb9ad5344cad9bcfc41c23bf,e43854e5c99d73fd03ead4be24d7dc27beb2c2ab569dcf560b8392762ec1b7b8,2025-01-12T18:54:21Z,NEW_VERSION,,,640110847502f4613847dcd02903cffbd4857df2a5b1e7f9df4d2ca7d0428daf
batch_002,encounters_athena_clinics.csv,135,ATHENA_CLINICS,114429,39814ecf15b4c4938e5d55b310f5fbb5f0228bac985f73dfafe23c6c398ef645,bc03e2853c4549d2af187a3f5a37d3700a0584329bbdbd22885defb88ca4da4d,2023-05-03T07:38:58Z,NEW_ENCOUNTER,,,
batch_002,encounters_athena_clinics.csv,136,ATHENA_CLINICS,101733,ce3329240414b847eca9f6eab01516c10debb898e695e828d352817cf875bf49,6939ec5926d94a5552b18ecfd9b397c43d6803345722becfdab80b85a47855b4,2025-01-07T19:43:33Z,NEW_VERSION,,,fff440a63c5968fe86e47181ebab04bef9cb493f75a7be2d0f2af6027fb466f8
batch_002,encounters_athena_clinics.csv,137,ATHENA_CLINICS,130234,78eed7a6782f147c51c38bff5c75692bdbdccdd2428b03666db9af16c5fcb6dd,a62bd2d5fc0fbefa5145b5a65877205ea9c2d1a27af57bd15daee279afdb8c80,2024-11-15T19:41:45Z,NEW_ENCOUNTER,,,
batch_002,encounters_athena_clinics.csv,138,ATHENA_CLINICS,128340,1c41d0b1e2fecbe3bef9311a631ef57a15b6567b99d4fc49d7a9e1e82ef6ec68,87d092fc941d854046a6311c1b4d2beca9c4483c16a636f3ab79acd34b427ead,2025-01-09T05:28:03Z,NEW_VERSION,,,d99856497c4dfc05fa081da2b9131233de39b535765915565126322b1b463c1b
batch_002,encounters_athena_clinics.csv,139,ATHENA_CLINICS,102732,c76249dae232a281c477a7a38f9310dfed0d93c687cc64ca4204985698cbbe0e,d3de808483b73094fef20756f3111e932b811eeaee0b6913aa641c4727292c03,2025-01-08T14:36:55Z,NEW_VERSION,,,082f9b099f847f2127628bd96ae0968f8111f3d2b7978dc8e1f40aaff79c9aad
batch_002,encounters_athena_clinics.csv,140,ATHENA_CLINICS,115026,cdf13d17264350499e9ff4fe39dd50c154813a8be7e43ffbfe8eaae3f77e2729,987d139f7831a6ca992f7eea41d943c44da0f9039b330bb8875086f7bb689a2a,2024-12-28T18:57:49Z,NEW_ENCOUNTER,,,
batch_002,encounters_athena_clinics.csv,141,ATHENA_CLINICS,128773,761a292b3e998909241c489357cb6c699364fd9bd03d5a7fe76e0b44dfdced00,80aa0f8921cbf26db7d6d4a70764410a0db74dcb134c59a6f99afaa5b493d9b0,2025-01-10T04:43:29Z,NEW_VERSION,,,85e824ddf328b6746ee23aab73d379a2ce4f14b81ad238565bb6b61298137382
batch_002,encounters_athena_clinics.csv,142,ATHENA_CLINICS,103055,594df2180b6ab43eadc9670834f43ac7bb2073d11c25cd355e4ae7dac912a2f7,d6973efe25d60fc502385ac94890ba2298c42b8fbd3b3a96b7efbf699b762463,2025-01-08T09:57:23Z,NEW_VERSION,,,a9b4ab6b063328cfc09ab602b09e4cf50f676670ab4ce9cf2f90c6b944e31e88
batch_002,encounters_athena_clinics.csv,143,ATHENA_CLINICS,126924,231e4e909ca45fd44bfd8c271203b779f571fbf60b3d5198f098020c7837671a,315f4024339a06c0468912ee419cdd401a15ada9353bae10159f7d6bc8aaa6ad,2024-10-19T18:32:50Z,NEW_ENCOUNTER,,,
batch_002,encounters_athena_clinics.csv,144,ATHENA_CLINICS,102921,bd569831db194c23a56294484223db7be314613039c5f21b020723b7bd5971ce,2bdabcc4122445d530d398658974b02e3247d5996526b60c895b5cde40a98f46,2025-01-10T04:02:17Z,NEW_VERSION,,,fc361cfa9096b3cd7595b200ad5462f7dc005e8724f9ac4b1c72319903d62829
batch_002,encounters_athena_clinics.csv,145,ATHENA_CLINICS,101169,efa022311f50dad5b4d9a97e894605b042087c9d7d71533cf0e29b5f1e4a4929,ed83f2ee30f7b5498ca879acafefab1c249d9bd45a86199bdffa9c671100be12,2024-05-28T07:01:15Z,DUPLICATE,DUPLICATE_OF_HELD_VERSION,EXACT,ed83f2ee30f7b5498ca879acafefab1c249d9bd45a86199bdffa9c671100be12
batch_002,encounters_athena_clinics.csv,146,ATHENA_CLINICS,117733,d5fa86938013943c37d301c8c7da47ed14a1f3abf716eb87639beba314c4f0a5,bd4657ffa176d0b4cc0c58b47bd794e88fe4b8cef3926a6cd9805bcfefd52afa,2025-01-10T01:48:22Z,NEW_VERSION,,,e0f157329f0ccc32344dc7e1a4da7d138df61893ea67ec140235178cb082c72b
batch_002,encounters_athena_clinics.csv,147,ATHENA_CLINICS,116888,25de8dda62f8a5732e1d3646c1c7dcabda67b848456adcf6866ddfd12a00994c,af7bc6b1c4a4e188c5d8806c973663dc325e050c83f50bcf70390200c5a89871,2023-09-01T18:03:56Z,DUPLICATE,DUPLICATE_OF_HELD_VERSION,EXACT,af7bc6b1c4a4e188c5d8806c973663dc325e050c83f50bcf70390200c5a89871
batch_002,encounters_epic_north.csv,1,EPIC_NORTH,E9096265,c2be8cd4059e2e783e2af3d08e547eb168dfbbec6e40a01c492c83cee5b974ae,93647bea63ada26b18d1a1966eaee2cb493517659ac5f6d6b3fc1909ccb48962,2023-07-06T11:51:26Z,DUPLICATE,DUPLICATE_OF_HELD_VERSION,EXACT,93647bea63ada26b18d1a1966eaee2cb493517659ac5f6d6b3fc1909ccb48962
batch_002,encounters_epic_north.csv,2,EPIC_NORTH,E3239417,5cd03f9a6704735bc5b9e4cedef0046b2aa95f0fc3c6bf02aad6399d2ed88021,331986e0f339d5d8affdca3847f2337795ab8e3362a5e842a402ca40eea4da5c,2025-01-12T06:17:42Z,NEW_VERSION,,,ac2e195ad569d1d70ee51088bffa7ba08a44d2eaeabc831f5db3d2cc4a516ea3
batch_002,encounters_epic_north.csv,3,EPIC_NORTH,E5413227,0c94c60b6033ea1ab6b24060759a8811beaacd41ef55b648a25affd592113829,af26c4fa2a014f42fc49381d57197099467a8220ef2f9b07fb7ee7f5cfa691e8,2025-01-10T15:31:53Z,NEW_VERSION,,,9dda5537b1e650ed2289b61b480d1fad48971bc4fb468a5e6dd373de8a80da39
batch_002,encounters_epic_north.csv,4,EPIC_NORTH,E3790803,6d602f1d85379da15c26f33b2ae15883169853f56b27e1e66af0a924c4912995,e8652a6c998aabcde4cdcd9af838c9c3cb5a998e0fcbcf18b3e5e6d61f686438,2024-10-03T19:35:07Z,DUPLICATE,DUPLICATE_OF_HELD_VERSION,EXACT,e8652a6c998aabcde4cdcd9af838c9c3cb5a998e0fcbcf18b3e5e6d61f686438
batch_002,encounters_epic_north.csv,5,EPIC_NORTH,E7142769,08671aad3213927a96ed9d4f84de8e9a8b1e18811b254a14db4f70e167c90dc0,fa311ccb4816c56d2577e36d159424a94558b5a0f78c7ea591acc4aa4112ce75,2025-01-09T00:54:44Z,NEW_VERSION,,,dc85019cfb06964e573bb8ec8aa3962c5218236d33621995846469f1a0c538af
batch_002,encounters_epic_north.csv,6,EPIC_NORTH,E8635156,f5014f61591d12b9e71995e25cb89b231f3a14b726503d0f11bb79058df2f32e,426a26801a64591bd7516372555b1ca6386506c381d97dd6cb2d75d194aeefae,2023-09-18T02:06:57Z,DUPLICATE,DUPLICATE_OF_HELD_VERSION,EXACT,426a26801a64591bd7516372555b1ca6386506c381d97dd6cb2d75d194aeefae
batch_002,encounters_epic_north.csv,7,EPIC_NORTH,E1891021,6f0afc4a8b0e7618efb5078a632205218c67150edf2c5069e34955d36882573e,9e19e0fa83fd8e7533528da4a36d9f6bd85c0f0f218a754259b070e562fb29b4,2025-01-12T10:18:18Z,NEW_VERSION,,,b7b67b74c686fad8acb8ba8b07aa21c6131f745ab703cbdc8671c5bc29494c39
batch_002,encounters_epic_north.csv,8,EPIC_NORTH,E1592274,e21657e1c931e290c72830fc2ec010e76b12fba6ca3c6a97822749b23b7a44cb,0fbacd7dce8bb002940e265a1f80e276544649b5a5a44c7f03dfee5f5614b043,2024-12-31T22:05:28Z,NEW_ENCOUNTER,,,
batch_002,encounters_epic_north.csv,9,EPIC_NORTH,E5693211,be712ce48b966e49a0abab07b814bae58e9406d8ae80c65a62c5bcb74f9bbf0f,e87b77c8a90a922530258991521bc00213171859f90c692da7a25089f4104f6e,2024-03-03T23:19:49Z,DUPLICATE,DUPLICATE_OF_HELD_VERSION,EXACT,e87b77c8a90a922530258991521bc00213171859f90c692da7a25089f4104f6e
batch_002,encounters_epic_north.csv,10,EPIC_NORTH,E4392402,4715be47d1badb33316c74cf6cffb3853278251892a4868da52cbe45493e7de6,0fa3c132ad05fd97983ec9afbfcaf41eb6cdb841097410bda503163eabed6c93,2023-10-10T15:09:02Z,NEW_ENCOUNTER,,,
batch_002,encounters_epic_north.csv,11,EPIC_NORTH,E5726151,58e62563482b8d3f825454c8225dcc7a93a672800a4c8d9538f421bf8f75aad9,10cda0de5d66fa48cf12ac2927f4cff515c3aef6f6f43e455d2122d210668cdb,2025-01-09T08:16:01Z,NEW_VERSION,,,c588df30587e22dfa32017f409da9ca6aa7c93b78c36d73394e5ac770ae3df8a
batch_002,encounters_epic_north.csv,12,EPIC_NORTH,E5320527,8fa36dfa1f4c9ab7287f6a1d83d2d358b8596cf6de49264e295d1d8b9bafacf8,19782e1d33cb25ff849331921ee07aa51b9debc2d58d4cdb39ea8acd7b5b2c13,2025-01-07T03:55:09Z,NEW_VERSION,,,30fd54539009c155f2c7c3be5f44d7de75e8ccd482500aeaec75069c7b13bd49
batch_002,encounters_epic_north.csv,13,EPIC_NORTH,E7319500,1e8ed5313f85eb3cd585c51eb61f5069b93a31fd9c7721bf495ca1e22615d7c7,578368c1d056d27e9f86c3ca10f8f1cf76f3703ca4ea2b2281a612370b6b04ca,2025-01-10T04:49:20Z,NEW_VERSION,,,d55327e28087c3768b027d122b6785367f7ec1f81bfb38b744554838ab831a93
batch_002,encounters_epic_north.csv,14,EPIC_NORTH,E7935318,0de2a86729211ccdf9b502108cf6370256a5c81624f24f924f0928635e844bb3,ff3fa0ced6457f220b7a1c456bb7e4d36210b54dc8293bd252dff5949ee77046,2025-01-03T05:59:21Z,NEW_ENCOUNTER,,,
batch_002,encounters_epic_north.csv,15,EPIC_NORTH,E8575374,bf5ec2625f3f1e92b5000ec454b903615fcc7f7de1e72314be349ff263f18b47,e1572bebcab31f92f70271e0bf501c3b4cacf4ea26330d31dd175fabc33234e2,2025-01-07T11:53:44Z,NEW_VERSION,,,015280724bee7862cda406de5262eefe9a92a4bb1843d20f0fac6d64d872fb83
batch_002,encounters_epic_north.csv,16,EPIC_NORTH,E5502852,153037acd1fa582fda66c117179352d349bb81c1aae9024cb6a7a4fc4d3d4539,b8d46a1d29193991b37e314a9001f2d8d37580b5ff14def1a5eda204ead8aaa3,2024-12-23T21:27:50Z,NEW_ENCOUNTER,,,
batch_002,encounters_epic_north.csv,17,EPIC_NORTH,E9355967,b8bb4cfa27e12b21d7a90c3294abb68451fedf5bce146b1b00f0dce7827a961e,71bfd91ff37fed3a6467929099d2783ca39ec8f48f41793bbc1d542f766aa6eb,2023-08-16T15:15:41Z,DUPLICATE,DUPLICATE_OF_HELD_VERSION,EXACT,71bfd91ff37fed3a6467929099d2783ca39ec8f48f41793bbc1d542f766aa6eb
batch_002,encounters_epic_north.csv,18,EPIC_NORTH,E3132845,2213f5ef80016a7320e302a659e60ecb506810c792b3033d635b461dfb00fead,3753f498060621a2b7f0963797bdd7f2308793bddf3f3c066ebce5a1aeb236e2,2024-10-04T03:50:24Z,NEW_ENCOUNTER,,,
batch_002,encounters_epic_north.csv,19,EPIC_NORTH,E6965553,1ab2b66875a7365a9737968f645dc81be6646871f19ac7f5135aae1702579fb3,5fc71d75baf96f6dead1e7ab724312b41a3208d00184756fcf4dd38321e7d7fe,2025-01-12T14:46:55Z,NEW_VERSION,,,24fc1c3ed18680fada1bf7bb8e826baef85d49e162d68acc935bf24d2527098f
batch_002,encounters_epic_north.csv,20,EPIC_NORTH,E8539020,b8b4f068e849a023e85ff648f841aae7c7a6cc3307252706e6061a7b9c8d4f32,9549eb9e795288d1998d88dbc3c6b6250285bc9a4df3b16d264dae3c6e8a8582,2023-07-03T08:47:01Z,NEW_ENCOUNTER,,,
batch_002,encounters_epic_north.csv,21,EPIC_NORTH,E5039137,c0e54d479d3bd89852d26d3e831c508905217565887049351cfef86952eae33f,e0442675207f8411300b552087e229b0c537bca9e7238db81f46063b9ba45ead,2024-01-02T20:18:12Z,NEW_ENCOUNTER,,,
batch_002,encounters_epic_north.csv,22,EPIC_NORTH,E9338668,72cf39bace8072f6e60775a31a34b50495dce99318970a50fed3473143675fc8,182fb9d412d517ab44112e292174714e10ec9bebedcdc0c3078d38c4529b70b3,2025-01-10T04:59:51Z,NEW_VERSION,,,d36080bfa121ee8713662b318a2b29e79ad5fdd1dabc6d2c67f5176cdd9f20f7
batch_002,encounters_epic_north.csv,23,EPIC_NORTH,E1339016,49396e5f65b260087d809df153f22c11bd55e2e1d96c2193699b31ef3df4f0cd,b3f9ee0a2c1fcb02693cd5af4b5fbd6324fe9434fe02d13678b82011c2fb0e20,2023-11-13T22:14:13Z,NEW_ENCOUNTER,,,
batch_002,encounters_epic_north.csv,24,EPIC_NORTH,E1836474,044509026ccf00537047827864b11399d0e473732ad1f1a287bafe03a15d4a51,c183dedfbf6a04036d6b3342772ad2b55edf40706c19f0da457cc58e0254fbfe,2025-01-06T17:41:34Z,NEW_VERSION,,,e4c0b75a10fa6e8851af0eae89892952dc93a0eec9fe2e87a8a4d13d3bb1f9ee
batch_002,encounters_epic_north.csv,25,EPIC_NORTH,E5452132,5a31e2753b093c4ce30c034e583e35217731e09fed5dcdea4b98433a563d2e1b,f39f87c5fb5535391ba826fb03c59ff0a50e350cccc5b33277da93323ad7d8fe,2025-01-09T06:49:18Z,NEW_VERSION,,,125b783a4cf600032ea307bebf04cb3595004620630b999d4b97d98ed030ede7
batch_002,encounters_epic_north.csv,26,EPIC_NORTH,E3242940,e6e6a8f7bcb5e5aaf911d2fc005365aab3c7f7d47c7b77c14cc821319a25d394,f471938233132176ba9d3a08ec106ebfc76bfa3a179cc3f064a020621ec09bc6,2025-01-11T18:26:50Z,NEW_VERSION,,,d78b7a78317b555a89ba408b82e715e7c5194122307fb9bfd2ddb6a76a463da0
batch_002,encounters_epic_north.csv,27,EPIC_NORTH,E8497053,b5d7f54206536e71ed076d8172f2c82b11b65a95713644144f6b1c1daa356d2b,a9878d68153969161408ee5fea591b8bfe63bbcc0030f3a892c32e02d0f5c0f6,2024-12-21T21:20:14Z,NEW_ENCOUNTER,,,
batch_002,encounters_epic_north.csv,28,EPIC_NORTH,E1584979,7eb690e58c06b4b2f5edb9dff307d71df49070bcd115eaf085d623af2269cd1b,c052082d84f9571b6158645d280b85ceafd7294e2e52f724488669e37c37bef5,2025-01-09T12:04:17Z,NEW_VERSION,,,825f5ef65dfcd72e4b96e75ca60267c7d9e5e32ce9a4eb0437808ec32608d85b
batch_002,encounters_epic_north.csv,29,EPIC_NORTH,E7976360,a165bd7e62f787340f5c4acf6917e76c0e2a7b01f0db59ef4582b582efa3ca2d,862435f0bb65314a2bf6e44e6d51e2f2cb9880c8a2d0c35927610267d155a24b,2025-01-10T09:15:19Z,NEW_VERSION,,,0db8015e0af7d2e0e75cef07a8642aa21032a60b306698a944efafe2af59df58
batch_002,encounters_epic_north.csv,30,EPIC_NORTH,E9668205,d312442d6b72ce88661fedd041c2373d79eaacec6a36268e834ba0be4eb7a9a3,ddedfc6e4af389850bd20df720b4b1fab24b3304d2f2fa9717f75b7972d129e8,2025-01-06T12:22:59Z,NEW_VERSION,,,df937d073b96a199fd9eedc079d70ec8bd4017cac309db0c3781f68a626bdc8b
batch_002,encounters_epic_north.csv,31,EPIC_NORTH,E7056322,4ab2c6d73124ad7ba695aef4ac0fd34bb63cbcf03c3830f32a3f3ee7206f3fb2,53901042211eff37542aa519b2e9a2cc5289ac3bd932b8d0c725adf001d844c8,2025-01-09T19:10:50Z,NEW_VERSION,,,0a2811c4c8d233e225be8139b286ae8403432ae338abd07565ec5fa744a27a66
batch_002,encounters_epic_north.csv,32,EPIC_NORTH,E2872245,6cd645fbbfe46df3782c6bfbafd327bafe955761bf5efe73e8d7fdd760df68f7,d7f736df3264fb60efb1f9f568fbc5cc7b8f2b37f8a30c10516c82657ed437ec,2025-01-07T07:50:48Z,NEW_VERSION,,,f21b0460332f316ee2539a43c1652a24d694df84f212c9cfe70c291f40a1821e
batch_002,encounters_epic_north.csv,33,EPIC_NORTH,E2984803,301eff6632d2ea6ec89ec3bbb2c967176ee16c648745510847e03d2b9a8a3e7f,5b9228e266af4532c01b8bb4d923b80e545b7e6835950e41e9fbae32475b7efd,2025-01-06T19:22:23Z,NEW_VERSION,,,e644c0e309876b261e4cbfc154e8d864e336244da8823ef5a3def249f34b5b52
batch_002,encounters_epic_north.csv,34,EPIC_NORTH,E4580367,92045392ff93b54351f8b6a860a349d4958f541190adb41e5633cf757ba8215e,22986b85ffa4660ab07528d4d4e0bf70035190f24cebe8a85a1e31b7df25eb62,2025-01-10T11:11:21Z,NEW_VERSION,,,1f5e0faa395baf57ea0ec35d95b4a5682206cfd011fc0e677e0bddb19555fbb7
batch_002,encounters_epic_north.csv,35,EPIC_NORTH,E1838822,4616d477e919ff5b3ef365ea236c6bec66e5be326a5a7eb20a02af507be68394,99fbc1001bbbd67808b88e1def24ffa75088d178f89c4a26ec2ebf7396f9dcde,2024-12-30T16:29:26Z,NEW_ENCOUNTER,,,
batch_002,encounters_epic_north.csv,36,EPIC_NORTH,E1371908,b862dcb558deabc4387f5ba49bf2ffc20d26768ba185267490716297e584c06b,7b607f4a66886abed2fff899e3040c7e489f436035b9a6d46e93ffe55fda1da6,2025-01-07T14:55:31Z,NEW_ENCOUNTER,,,
batch_002,encounters_epic_north.csv,37,EPIC_NORTH,E3948254,8c5b4aee40f23290a4ef778b3c282167c8e285cd553c48a7b28d8a519bdd4864,0923d5d246867b038ea92783706bb79d5dd75600023fd39585c1c8d18bb79975,2024-12-26T00:31:27Z,NEW_ENCOUNTER,,,
batch_002,encounters_epic_north.csv,38,EPIC_NORTH,E2666185,b92f0429a07baa5527b04cf75f28c9e963ad3330960cd3f33218fd7b42ca2cda,48749d9082f5086cf72bdfe56a520aacf275fdff0ffd5ae0743c1b4f4c0fbc35,2023-05-09T23:06:30Z,NEW_ENCOUNTER,,,
batch_002,encounters_epic_north.csv,39,EPIC_NORTH,E6870824,8aba12f01ab34a81e36e0896cb1959e0336ebd949cc8ad96697f2c01893efae7,de449d73a6a85e2fa7745b3375fc5f712356c093a0c9f282af0ca5a3a3ca67ec,2024-12-24T23:17:05Z,NEW_ENCOUNTER,,,
batch_002,encounters_epic_north.csv,40,EPIC_NORTH,E6060577,c293bf0bf9cb6f936ea279f2f135746a91210bbd1aa483b76005742fb5220fe2,d0fcb5072bde7b809e0a42bc10a1622ea8dca0bcf798d3363ed15c788335cdf4,2024-07-31T12:32:40Z,NEW_ENCOUNTER,,,
batch_002,encounters_epic_north.csv,41,EPIC_NORTH,E9227003,0b0415ea9d8783325aa3d32da60a8f677ac48322e88f52ebcb8c33ae9e7ba3ba,23fbf986fdc34a7920c429c4698ce1ae73faeb09a7fdf80d679d1b608b506c0f,2025-01-12T15:38:22Z,NEW_VERSION,,,a530a5f9e32e89bb0bc0a46d1dbcfec232bb0c2407c4ade1cbda9f27bbf7ef5b
batch_002,encounters_epic_north.csv,42,EPIC_NORTH,E1384373,7e488e42e91bb2cca2cb15903f167cbe2ce32a89f7c92213267a1882ad4d9308,15227a36c27cebc1714e3bb6fb89b22941b7087c84fcbfa71bb054b4d903f785,2025-01-09T18:39:06Z,NEW_VERSION,,,2e4b9b29e1a3bdb89cea1bb2ef4a87ca6ca80a0c44ec9f499234667a87673090
batch_002,encounters_epic_north.csv,43,EPIC_NORTH,E6325405,063b5d4cdb23575ca15619578f938cb682a8aa3e3ee1cbd7698a3c45aa812222,4998df9e5789263802a88d1ebce97415cb4294dbb3e941876a897588521cdd00,2025-01-09T17:45:05Z,NEW_ENCOUNTER,,,
batch_002,encounters_epic_north.csv,44,EPIC_NORTH,E4588971,b052278faccc99e34621f3f561a674c9d436ee1e4d7e5ed9b3111e27483f012e,0ad47d937240dbaec11f4f817dcada72d6d70fb94cc2ed395a6f57f4cd1b7f97,2025-01-08T04:17:35Z,NEW_VERSION,,,e5506364f8d10bb97d94065fdba073e514a592d3f5d7b70d3df0bdbf5a472fc0
batch_002,encounters_epic_north.csv,45,EPIC_NORTH,E5418926,eaa2711b3cf88aef41b3b42f45d8e0811d83dae6b7b6073146ee31c1cbd0b15a,b81e35388eef7124a7cfdd4c02020fb83aaa722c50b352546f8ba223171c9a7b,2024-07-14T19:04:07Z,NEW_ENCOUNTER,,,
batch_002,encounters_epic_north.csv,46,EPIC_NORTH,E5539654,750d4c489eac1fd7fb2287356f6951b7405786f17f68a1f1811c37a564987014,37f931776b95992464e3106725e1d5e3259810023bd1bde37e553990a927aea8,2024-12-28T15:56:24Z,NEW_ENCOUNTER,,,
batch_002,encounters_epic_north.csv,47,EPIC_NORTH,E9213543,73d6ccfccdd226e49e72bf28107677400c1d1c94bbe8daa2437d30515dc4e44f,6f7eeee7eb4c28a9cf7badc0c35d34c2482661ccb3e6f0b0e30757773bcd5b58,2024-12-18T12:29:15Z,NEW_ENCOUNTER,,,
batch_002,encounters_epic_north.csv,48,EPIC_NORTH,E1006227,bd368e5b1d28df7ab6ca56c0496b9abb029b3230d21b2b1fd1b3ce3927adeb6f,36cb64360de1b312dc203eb0312ecd7bb152dd2c2dff1d934ab5b01980807379,2025-01-11T20:18:36Z,NEW_VERSION,,,7fb1ff60f34e98274630665d4fcf340ca4edf390cea17c43528e462a5736afb3
batch_002,encounters_epic_north.csv,49,EPIC_NORTH,E4232902,25f65df0d754736ad1038386540cbb19305d24c31f77b747fd64ca3a5af2dcfa,41de1fd69f402599ad3b017c839f69fff496c9bb0ccde7329b8d54dcd348268c,2025-01-07T11:07:51Z,NEW_VERSION,,,6e648c86aa36de77ca75fab450454029ea97bd7e25dcc16c44be07ab87ff40c3
batch_002,encounters_epic_north.csv,50,EPIC_NORTH,E6779430,849ed167b03b25f45fb0b24b22917973040bc7b44a3a27961e7403fd4b7c7db7,56a5dc8dab112ca109b01f8a60b95529519c254e973b36989ade5a5d89976e6d,2025-01-13T02:10:14Z,NEW_VERSION,,,cb8fffe7d5cc1b2b91f6e5fb90b9dd51e40ddcc3747cf2a124af5eb4303336d9
batch_002,encounters_epic_north.csv,51,EPIC_NORTH,E6720893,4e889dc83dd161d37b49d5017c312498f5c13aa41c8a09c1513b7021002398b0,d0aabaacc772163a24165914ce1906aa366dc78fff11c2c81b2c7d99f04e0d82,2025-01-10T17:22:15Z,NEW_VERSION,,,50a0bff7abab238cfa2e1a0c14dd57e991b29c5f5f1b94f01fccebb6c477a1fc
batch_002,encounters_epic_north.csv,52,EPIC_NORTH,E1842108,05e11c19c0735b30da4abb6c1a395d1653def971a9b8c488e140cf0292a40376,f9d2e971fe9341573f220b1960f6c47224d92902d11f18c89b5a6a0af184a7f3,2024-02-28T18:15:16Z,NEW_ENCOUNTER,,,
batch_002,encounters_epic_north.csv,53,EPIC_NORTH,E3168433,511264664eac6c2c0aa102a0ff75b79ce92bb60b4637214f4b9fb7f4adf081dd,19311b262afbcedaa5a9d5eb1afe7b89a98897082a5021f5247783565f6660e7,2025-01-07T13:58:01Z,NEW_VERSION,,,0d2efd442633ad21110112574d527f11a88516f64139fd231a57d44701487f06
batch_002,encounters_epic_north.csv,54,EPIC_NORTH,E5287058,8dd3006e0b2f2fa74aee975f14fe02bbaafe47fb82edfefcc97da0f140d1653f,e2c34627eef7897f85e7bb38e331f0570a1b473e258b28f06ad0d09ddc64a873,2025-01-10T08:51:49Z,NEW_VERSION,,,a2cb221c41071c9c6157e395d868c034617ac7b0c9f76239117e152118ca94c0
batch_002,encounters_epic_north.csv,55,EPIC_NORTH,E5005388,56842970d5a598c5932174c74bf05e7a421b37d0054c97a564f7a91560b732cd,ead75242311516e7ff324f176fee49bbd875ec0d5d2ba8580a8e0faf607d7ae7,2023-11-06T01:51:55Z,NEW_ENCOUNTER,,,
batch_002,encounters_epic_north.csv,56,EPIC_NORTH,E1050924,679b863a749ec5e615595e3e0293e1aaadca48528ebcb1c2f85448cfa8b3ed21,7590819442825ce84b22540ce91cfd51a98dc6da6cfe236e184737b7d76a055d,2025-01-11T00:16:07Z,NEW_VERSION,,,be87fcf3f0341bfeb29f9df72560c0b042370d6e77a34a56f34ee0d585f40291
batch_002,encounters_epic_north.csv,57,EPIC_NORTH,E3289195,0a067d9344730cbd56345b458a3a7245d819a50895802a1af8354d3eef2bd86a,e29825ea6aa79f4fb4d7038a1df999bb2aa8762086d36583e31aab6cebacb8be,2025-01-09T11:22:35Z,NEW_VERSION,,,860cdcd7873716a389a388155d14807a74fa18cc3684d4ef6ffd8c094ac680bc
batch_002,encounters_epic_north.csv,58,EPIC_NORTH,E4465624,08ec9835821d27c510f07aa504d7174f78b75d99c3ee7b37c7730c99d429b0ee,58af2f02dff71d8268592302f1c73f1773ad7f364896d2a59cba6e8002ebfacb,2023-09-19T10:07:07Z,DUPLICATE,DUPLICATE_OF_HELD_VERSION,EXACT,58af2f02dff71d8268592302f1c73f1773ad7f364896d2a59cba6e8002ebfacb
batch_002,encounters_epic_north.csv,59,EPIC_NORTH,E3424192,c38dfd0886bca7d93fee3608ca85df283427e5f458bdcd190b3a9864d416c301,66d9cd0cb86ccecb2bb2e75249a5241ce326be94b4a301c31a6ba1cfa0729933,2024-10-21T03:44:08Z,NEW_ENCOUNTER,,,
batch_002,encounters_epic_north.csv,60,EPIC_NORTH,E9585619,ed4ed4a4ac5fe820181116b58de77e1fd2d01d1bc2f833e6720b2660dd0704da,02fea12b20be7dd90fb668814af64b2c0f908a96c4acb72c9f133b79cc41211b,2025-01-09T00:07:25Z,NEW_VERSION,,,1b161d977cef4ed04507d7e05303c4a2449c12ac96e41f42f07fd8c38f59242c
batch_002,encounters_epic_north.csv,61,EPIC_NORTH,E2592616,de401b187e114e12075176956c050c0da9fa333a82b765a3531cbf6e5285d753,4527496bb1993b2715ee7797aab98d4fc3ca67d689cbbd04c6d3ca21ad524d30,2025-01-10T01:33:14Z,NEW_VERSION,,,d7f76b6e4e4af32ff6214d0cac9a7563b7706e50f4a0739d01c94a3fa51b988e
batch_002,encounters_epic_north.csv,62,EPIC_NORTH,E5771544,d63a28d31637a57f1fd9d9c648f99949bfa118ed8177db1c929286ee4aa9c0be,a2a652b37006c91d03549998350268dd3872220ee63942d44b59c45ced59a026,2025-01-11T04:07:35Z,NEW_VERSION,,,46857438a830c8c77db92bea190074fa6ba22bd183f79bd0f8dc0cc7df5924f4
batch_002,encounters_epic_north.csv,63,EPIC_NORTH,E2289534,0df39fef818f42d9d0cb693282c24690c00c0adf074516ee238eded31f5a4725,fc16528fb66d572792e0f2b65c4c173e667850fdc32f45691c2d6ed222389132,2025-01-10T00:18:57Z,NEW_ENCOUNTER,,,
batch_002,encounters_epic_north.csv,64,EPIC_NORTH,E9154808,c5f1e5a6ff8a6097d91ca5c2cb3f7c3964704655e5d23de444c9994043c3590a,5e9ad4ea334021bb5b418607127b6ef94a88e8ddbf62c248c1b88709f0816997,2025-01-12T10:01:38Z,NEW_ENCOUNTER,,,
batch_002,encounters_epic_north.csv,65,EPIC_NORTH,E1641480,979799077c32f00fdb78e49d38f215e51aec012754971583eed9123fec550680,23ec45756afff672da1c0f6ca098d64ee20da58352a9cca2264121924113062f,2025-01-11T20:42:20Z,NEW_VERSION,,,5e8adb91d6c9a8861c9761f1fd44c3ee0a46ff65840be659013f7b3a7c4624a1
batch_002,encounters_epic_north.csv,66,EPIC_NORTH,E1454027,4b5c68395afaad9301641b2d694c31dfe00a741a1c784c2279db5539e4d20814,ef4186fb7b404bc2c0b34bec6be3f81ed0b6b14990af38459f4d90504a0f65e7,2024-12-30T12:05:34Z,NEW_ENCOUNTER,,,
batch_002,encounters_epic_north.csv,67,EPIC_NORTH,E3433273,916baffcc60e3ce3ee59b6ec74e81e206ca4411eb2bece67a321e45dc410dd37,ff21794706bbec93ba4308afef8838b1370fbba3d707f71d30d79f2b9cdba781,2023-03-25T20:51:28Z,NEW_ENCOUNTER,,,
batch_002,encounters_epic_north.csv,68,EPIC_NORTH,E9096265,c2be8cd4059e2e783e2af3d08e547eb168dfbbec6e40a01c492c83cee5b974ae,a2eb753bd0bd2f5693db590383c61731d12d136e3fa8a41c816e9f66c78abced,2025-01-06T07:11:17Z,NEW_VERSION,,,93647bea63ada26b18d1a1966eaee2cb493517659ac5f6d6b3fc1909ccb48962
batch_002,encounters_epic_north.csv,69,EPIC_NORTH,E1356743,f2858a12c437c4988891f17c1aecbf2066d19dbf388303c808b05ac694956f6d,5b9958230d987f42a48b33a1e76574fb891befe12097869a60e402636aecadba,2023-09-27T15:05:05Z,DUPLICATE,DUPLICATE_OF_HELD_VERSION,EXACT,5b9958230d987f42a48b33a1e76574fb891befe12097869a60e402636aecadba
batch_002,encounters_epic_north.csv,70,EPIC_NORTH,E8142350,6421bd9c485f8a41fcf654a186d4272b9c19eeb8a06f757dc71677144cc2bd48,a2198004049234627a868d8693d6beac68084f2584fa693751fa636b2c58293a,2025-01-12T20:43:06Z,NEW_ENCOUNTER,,,
batch_002,encounters_epic_north.csv,71,EPIC_NORTH,E1704593,5fdfcc8f8a20f8a67ec1f77ca7cd71cb15d641ea59a43c4f867713f3da6b3805,8f6dc6920f75446554774a67ba1e3813da9b1b93298106ad91f93a283da773d2,2025-01-11T12:00:23Z,NEW_VERSION,,,6f8637dc4f166cace3bed286221ba72ecbfc0ac250c7efc292db087b0a93afc5
batch_002,encounters_epic_north.csv,72,EPIC_NORTH,E1799789,700d7db58cfe40b9310854d1403aad0ea04c62cfa6f2491269ea3321bc3dce09,8d54637bba38e628579631e6c216c38ec58833611a51953b073b9059fbe06c45,2025-01-06T18:39:19Z,NEW_VERSION,,,c3ca7cc01e77b5b6715165577725e6afdf48b2332c9cc9d0f0f0e8cebce334a9
batch_002,encounters_epic_north.csv,73,EPIC_NORTH,E8021513,34f37434f8a563b78855cb56e0e43ef0680d6523bb2f5e0fcfb13bbf1625922a,3e5281975ca2690c33a57def9fe6331b857962daeec445da05a7bb3aaa37370d,2023-11-03T05:24:10Z,DUPLICATE,DUPLICATE_OF_HELD_VERSION,EXACT,3e5281975ca2690c33a57def9fe6331b857962daeec445da05a7bb3aaa37370d
batch_002,encounters_epic_north.csv,74,EPIC_NORTH,E6812954,5636abb520f2a364e042ec968d15791c8b224d5f065ddd440d99b3fe46b8226e,fff8f06a50f6cd2a2153dcc4c2cbaf8bebeddf91f9cdb8e1b7f86062ee95cada,2025-01-12T17:04:02Z,NEW_ENCOUNTER,,,
batch_002,encounters_epic_north.csv,75,EPIC_NORTH,E3924619,9d080baaefe4d377ed38f50d09ee1b6e38b9bfa3afd7258a8565f7ab037c868a,7a4de291b763e81447bee6cd033e374b3c6a48941230df3be2450a123b39a2a8,2023-07-23T04:15:18Z,NEW_ENCOUNTER,,,
batch_002,encounters_epic_north.csv,76,EPIC_NORTH,E2818119,a88eed08cf537ba033bc48c1349f7db72033f437c427a742671a9e85f0262320,0d2d0eeb0b0404469d986d330c3dc43650145ff65c8192d1ee6ce411708e4e80,2025-01-09T16:14:02Z,NEW_VERSION,,,d1b2d239144dcbb6c97bc6a828b58e64e3827ce555feb264bee829987d216961
batch_002,encounters_epic_north.csv,77,EPIC_NORTH,E8683443,a134c4ca7e93984ecd90c3f1874603a6649759d34e42c8bb14f5c2ca287c76eb,9a141eb393813514e25dc4a19bce90644d28af3bc1163daacead8029e75d8a8f,2025-01-12T20:35:19Z,NEW_VERSION,,,14b299bac44808bb3570efee9623163692aa1128a74b7584e1334002684e743d
batch_002,encounters_epic_north.csv,78,EPIC_NORTH,E2457624,6ecd4959a051a5ddaf369d2a94f99f02f4d9d0e74d183a79214d285f094ac960,1b943f1aafa2f4271e979cecd7157878370b2147f78bdf98e15f08ebbc82bbb4,2023-06-18T21:20:36Z,DUPLICATE,DUPLICATE_OF_HELD_VERSION,EXACT,1b943f1aafa2f4271e979cecd7157878370b2147f78bdf98e15f08ebbc82bbb4
batch_002,encounters_epic_north.csv,79,EPIC_NORTH,E1416613,5c416d9fcf7dc12ca039be87655350f9c4bc6587a46bff06f70952d40c7cf817,2c6d3c1b4f81af61bbe5e0342f4186c571eff0fbda2771fd666734118f4dda79,2023-11-29T13:42:42Z,NEW_ENCOUNTER,,,
batch_002,encounters_epic_north.csv,80,EPIC_NORTH,E2454407,6a6038a9a35757e1aa82c1729a07c104dca970d4e19f95c5ff9015b5e61d064b,d75e48e193c997f89175a9bcb626c607f56e00320f7379612092d460ce53cbdc,2025-01-10T00:34:36Z,NEW_VERSION,,,c961dcda644dff668795ce90b96ca0302b08cf6cdce9a6536d37548e14c9ea01
batch_002,encounters_epic_north.csv,81,EPIC_NORTH,E7545634,b957c97023408e389769182f35b1d25ac7e1eaf2096289d1d24d736310623ecb,d0f3949648f55944104b401384d43e61298115e70a9d2435b9f4f07fe6c1c42d,2025-01-06T11:02:26Z,NEW_ENCOUNTER,,,
batch_002,encounters_epic_north.csv,82,EPIC_NORTH,E5321590,ea7c77d30cfb986c773eb3d576608ee52b5a8df2b9a48262c4fe0e91f2a88335,cabd0f959cd9f312ba44d1101574fbfca50c869d466f7aa12ea8cdfc69db85cb,2025-01-07T14:46:20Z,NEW_VERSION,,,c6e4f7ac2144da69f467cccccc2282ac507c80c820cc244339892d0ebf8c4c9c
batch_002,encounters_epic_north.csv,83,EPIC_NORTH,E3116736,2599f7fbaa85e3301bdc30378e58ba054bcea118d875c6db5126cd43d6438bc5,d4f96172e12022461b0844df1b0835c0ca967f957d65d04aa012e1aa9d15254a,2025-01-12T20:50:05Z,NEW_VERSION,,,5b2ad3b4056216181f8a8c0122d2adb8777412d20a08a541d77f1af38f4891eb
batch_002,encounters_epic_north.csv,84,EPIC_NORTH,E7071281,adfc83f5322c1a44b7d4aca936bec19db7ea0acd444e9072e2b9f0a6e1a989cd,a27f3a973fc943f06f91d798de1ae1c4a405c6cca490129907d6d3a4b07b5866,2023-07-02T14:02:39Z,DUPLICATE,DUPLICATE_OF_HELD_VERSION,EXACT,a27f3a973fc943f06f91d798de1ae1c4a405c6cca490129907d6d3a4b07b5866
batch_002,encounters_epic_north.csv,85,EPIC_NORTH,E2115387,f8bf59dd407daadce6f554a94c16e826e9cd3be5a1d20de2038c9937b9811f95,f694b2cff29a1a46f74054202946b0151fab0ff61af4c280e7aa45eed7f7da5d,2024-12-31T23:11:09Z,NEW_ENCOUNTER,,,
batch_002,encounters_epic_north.csv,86,EPIC_NORTH,E4208459,97bf261356cfee75db4d5f4f36e2b6e9ed064c39d592f8427ecc52323d67a1bb,cb12c1ed418fe3b16e3569b65adbc5420269cf6a948342cfe78e559c098967ad,2024-10-23T20:25:44Z,NEW_ENCOUNTER,,,
batch_002,encounters_epic_north.csv,87,EPIC_NORTH,E8036795,a2ed84ae9fd359036360417d635ebae0b30afbc4571129a6530d0dcd73d3ff77,e9a8dcc90a8f1e2256cc65eaad7623a1fba0003d79480dfbbed197ad8dbaa163,2024-06-08T11:33:24Z,NEW_ENCOUNTER,,,
batch_002,encounters_epic_north.csv,88,EPIC_NORTH,E2292298,5c3a104c821d35329b4ba4bd83e50035914f2e27f3f8cf7e5b1c624c47f1e682,2221ab9e2ba31329bdf46d10d1572bf9cb41eadbb938c217b7bf7f0a9bf7df7e,2024-10-29T08:56:53Z,NEW_ENCOUNTER,,,
batch_002,encounters_epic_north.csv,89,EPIC_NORTH,E5072153,6cd831378f8448a9d3239020430c18687bdf2dcd868ef12862b445a19aa754c0,eca4e1581de081d8d3fac8dd8ec11ee672f632e0fdf5cdb9cc8bcbd698f1cc22,2024-12-13T23:49:47Z,NEW_ENCOUNTER,,,
batch_002,encounters_epic_north.csv,90,EPIC_NORTH,E5251832,f08e169dd27538defc12a7d60e22c07d32b4f5cb574dc203a07440101b050fec,5aa9894416ab9231845c37ef964ca0695f4397a0e28a7be84cc99c44cc3e0a50,2025-01-06T21:28:34Z,NEW_VERSION,,,9686cffba9522a7dfffb30b77f3368244745c43e1f913eab0b6866f83b57dff7
batch_002,encounters_epic_north.csv,91,EPIC_NORTH,E1341690,06e0e28729643bb72ddade8695a1ef48100daa135b5fea2af190b8a5a4e40077,fba9faf86bcc1943bde89bb860c47f1c111cb245a8d10795ee9bea5ac10631e1,2025-01-12T20:11:24Z,NEW_VERSION,,,0ea5cdef4785395a43eeb014dc2255feb87261ac0b5b61e44c3f74e4c348c05c
batch_002,encounters_epic_north.csv,92,EPIC_NORTH,E4959329,6c94553d390d1868812d6fbbb2a4967e9274740b81a91c23f9c25e4c0b4d39be,45b3b5f3d7bbe7a815639402ef8d729f563e3c3bf43a3a070283001a85e20578,2024-12-18T10:04:48Z,NEW_ENCOUNTER,,,
batch_002,encounters_epic_north.csv,93,EPIC_NORTH,E7976360,a165bd7e62f787340f5c4acf6917e76c0e2a7b01f0db59ef4582b582efa3ca2d,0db8015e0af7d2e0e75cef07a8642aa21032a60b306698a944efafe2af59df58,2024-01-17T07:28:57Z,DUPLICATE,DUPLICATE_OF_HELD_VERSION,EXACT,0db8015e0af7d2e0e75cef07a8642aa21032a60b306698a944efafe2af59df58
batch_002,encounters_epic_north.csv,94,EPIC_NORTH,E4011473,daa930b3ccb53e6e9ea316e491e997ed7177142a96d5e07deecb579eda7b4b10,1ed38bd4aba413155d16c78650562ae3005e57b1f799aaaa362ad122481c0e49,2025-01-10T20:58:31Z,NEW_VERSION,,,8f54756442f600f46a67c741e2b07607e7839adce8c8844c2e21e5f39f56ad45
batch_002,encounters_epic_north.csv,95,EPIC_NORTH,E3428495,9d3695bae9a5796804e7faac56e4d2d4a58e848e221273b40311495cbafb516f,f2b26388e36fb6f4162d79d4b7e09b8eb7c0b81a3728c72725cf7d3ecd84ce94,2024-12-31T06:27:33Z,NEW_ENCOUNTER,,,
batch_002,encounters_epic_north.csv,96,EPIC_NORTH,E9617201,80243b20d2c2de149d7bc4efb47b20fc5ac23d37c459b00170404fc0ea3a0407,4fa0b2e64195043eaf5cc539e138e9ad0bda008bf4599845593e1cff3f660c98,2025-01-10T10:36:38Z,NEW_VERSION,,,0677db20529ac6344b35f17153518a4cde9b0d8d0f68334551262cac9cb491e5
batch_002,encounters_epic_north.csv,97,EPIC_NORTH,E2067261,350cf1ba8c1b4f0fc0510da80a9ce7b936f3d894428d02f13553d6d491c10352,15e249e6f91312568eced382f8a2099045e3d051a85cb179458b0029c0ef9cca,2025-01-07T17:35:02Z,NEW_VERSION,,,008c9034a3de6acfb94826ec007138f0631485a6e53a46eb9fcccc4f875ccc76
batch_002,encounters_epic_north.csv,98,EPIC_NORTH,E3721405,22cc1ceb6811a119ea14f3e5fceea66ebc1965e97c3fcf889713590818093795,e45bba4fecc1afe49d8649c0f2f85cd7d8b0af243f274364b728e72fcd1b2932,2025-01-07T03:47:01Z,NEW_VERSION,,,1bb2fdb0ffc0b2d57fd0ca6487e8d9da98e5538382f9f69e477953f882886518
batch_002,encounters_epic_north.csv,99,EPIC_NORTH,E2667571,de8673594ba9f393ad77972620889e818beea4442c1caf860d63a617d3fe2316,85635efd601bd06055dd05b5430df2362173529589a5226f19efe5cc71e3fee1,2025-01-07T04:06:09Z,NEW_VERSION,,,311b3c236f7f7d0d25635f580ce835dd208c0b0c44d204601eafc42d12170b0f
batch_002,encounters_epic_north.csv,100,EPIC_NORTH,E3160456,6ded90e24b81194a1c6e4a848988d0a526d8e03a5a5104e88c82e1bcc3989b28,9b783e1d3c2cabbb15d171d018040a516e5fa8d95d31ba71ef00abdc525ef41c,2024-01-08T19:40:23Z,NEW_ENCOUNTER,,,
batch_002,encounters_epic_north.csv,101,EPIC_NORTH,E4356482,25854b49676ac25f425d6ce8ffdc23b0530cce8af0dce56a55f3b246d622ef86,62e5f88175d8125277b1f9f3e1bafb56fbff377f01d0e487cbdbb1667095a3fe,2024-12-19T23:17:34Z,NEW_ENCOUNTER,,,
batch_002,encounters_epic_north.csv,102,EPIC_NORTH,E4418536,a7b585dbd41e5ab248c210d5642e3cf815ed00555b19eb1c62fe48b1f9df6434,3a6cf788e59cdd4a31cf495027c78ec727020e891a68deb4e888a44f8d55688e,2024-02-19T15:12:12Z,DUPLICATE,DUPLICATE_OF_HELD_VERSION,EXACT,3a6cf788e59cdd4a31cf495027c78ec727020e891a68deb4e888a44f8d55688e
batch_002,encounters_epic_north.csv,103,EPIC_NORTH,E1253036,d7c95002e294023c8279a2f74e1c813083afa07c3afc107f382103dc76a7f740,ce9ac622bbf55e5c40957e09cf4cd34d63533ce41aeac91324cd7810bf396ed3,2025-01-06T10:06:28Z,NEW_VERSION,,,92deb516b4d36eac03172f663bd2ba614ea7613f728c232bf5d2400ea9990bbc
batch_002,encounters_epic_north.csv,104,EPIC_NORTH,E3004274,0ba8f8426fc9d5a2a9e933f7904d1d348b9032d954d448f68220ec5c593a2bf1,1d79ec0901ab3bcefb32508023f63a6a2a70eb78e3e54a2d8ad8640635956fc9,2024-06-09T19:49:43Z,DUPLICATE,DUPLICATE_OF_HELD_VERSION,EXACT,1d79ec0901ab3bcefb32508023f63a6a2a70eb78e3e54a2d8ad8640635956fc9
batch_002,encounters_epic_north.csv,105,EPIC_NORTH,E4785753,b30d830dce96887b5856fdde8c514191fd2cc48ec8f5eb7dddacdf939cb52139,6dd9521b0ffd0a11012937462b76bef3fe734a45360d754e616f24254841a80b,2025-01-07T04:31:09Z,NEW_VERSION,,,f7a97337b9965fc52bf6e398001f6f1e89ad6f17feadcbdf6bae58ba8667b85b
batch_002,encounters_epic_north.csv,106,EPIC_NORTH,E8876545,8bd5e176ff1444819ed507f5bb0838e2d3c89991b4ecfb4fc6790112f9270a67,df779699db2b9fcc92c5eb0f01c0eea9ce1acac8df2b839bd90cc99edd39e99d,2025-01-07T05:52:37Z,NEW_VERSION,,,4a69d20e2b03e64592edfd9f96d7042ad56fcfca7793c9e32c44517eac668856
batch_002,encounters_epic_north.csv,107,EPIC_NORTH,E9566372,ce66bf5b1df0bc75b571cc8d37c0c31f1d18a663c8ffeb4ef8290379dcb2b0ab,5a3eb9250ef49272203b628198ac873cc8e80b4a6e9024f9474b9db4805f0c3e,2024-12-11T15:46:50Z,NEW_ENCOUNTER,,,
batch_002,encounters_epic_north.csv,108,EPIC_NORTH,E4770113,46b62b5fc49fbe720fbfbafbeded6b6dbebf47aa4c27bb480b52a0a351b34443,66bc95cb740e614816cfcbc81481294427bd6d68158bfb7de0b24fb3c3a74138,2025-01-06T08:45:29Z,NEW_VERSION,,,cfd43084c08d3c87eaffbbbbe024aae94e7b75e00d7661ccbf279c27d3f36a08
batch_002,encounters_epic_north.csv,109,EPIC_NORTH,E6202000,0d46ec4a71fd52781a3a9589e85c6d8bbe52f16df9ee5212b1aa1168ee03eaaf,f67078e2262368002d140e379414799ec45a12aa68c3fc20b87c326708b2d6f0,2025-01-08T01:00:58Z,NEW_VERSION,,,e120310526289a0784fcee1f023bb9d21d283dc99678f5f6eba8c7b41e2393b8
batch_002,encounters_epic_north.csv,110,EPIC_NORTH,E3865085,b8e8c5f9ec680562b28058dcb702fa3a4b6b1898d0d305b53e13cfb8513a1ad8,c379467e92c8940bad3c231fefe11cc8f7a9d60cd7ae474c59389340949a025d,2024-12-22T08:35:05Z,NEW_ENCOUNTER,,,
batch_002,encounters_epic_north.csv,111,EPIC_NORTH,E6291931,1551a8d8a516f2f050a02752b3c1a2ea541ec55b25767f1518feb00cd3b3960f,1acbfb5daabf94b978b1944e6ac89af14118e560572faae50f504b475e766590,2025-01-08T05:54:00Z,NEW_VERSION,,,4db6e4e9adf97fd0d416bcfd0bf5b1172603f2327986ea9f39a39390763d5bcc
batch_002,encounters_epic_north.csv,112,EPIC_NORTH,E7194183,05432e06901e162433b6a419ad84323cd31c233894b4e2e834453431a4c78a30,2377683eeb81548ee2ac3a6b73f6559233ecf4f9f81f9a2367b07d9712d92d7f,2024-12-27T11:08:35Z,NEW_ENCOUNTER,,,
batch_002,encounters_epic_north.csv,113,EPIC_NORTH,E5667383,a42682869537f84e6ba6986fa9c4d0d76e41c2da32aef5036276f238a2f5b4a6,816fcabb56234a9a1d845863edc5faa0faf331e5161652215dcdbf857282d451,2025-01-06T13:10:22Z,NEW_VERSION,,,1d4bf01ec2b5a0eacc8b195ab5d1bd4d74be17ff4ddc6bb4e74636d24a529f9a
batch_002,encounters_epic_north.csv,114,EPIC_NORTH,E1055849,2fd1da046c03e499808a7fdd1295b2c83b0e824cede505c82757c6b41ff3a010,0acd9a81f3eb310b5575d287320b6a11ad1af690ea1dd77ec20e580b8980d5fa,2024-12-31T07:59:55Z,NEW_ENCOUNTER,,,
batch_002,encounters_epic_north.csv,115,EPIC_NORTH,E7321153,703597f1fee876b2d1ba73d03d209e0763ece6a6b3ef1c46cd7f3ae79f879f4f,2dd57be68bd97ae1de7ecf65d2bdd365d165b1758b8ffb4a198f32c1dd76c953,2024-12-22T22:20:00Z,NEW_ENCOUNTER,,,
batch_002,encounters_epic_north.csv,116,EPIC_NORTH,E6713998,e8f403753812bb0532226edc423b5976bdc899dcad146ab1ba87fdf298bbaa0a,754509db87c1ab26aed0550b1e2fba922104ea9fc304d2e1797c1b2cccaca4dd,2024-12-21T17:21:04Z,NEW_ENCOUNTER,,,
batch_002,encounters_epic_north.csv,117,EPIC_NORTH,E3145629,53596e83575c4d0d1831d90f632556f470bf99f38671c6f5569c321bbbbd45b9,fd83eb46674e576add0353866cc610673c3a9fe85cd7899719646706b5d36540,2025-01-09T10:50:12Z,NEW_VERSION,,,b771ac368668e08585a2c07205ad17a1d5df940b3c917fa432aaa299b25a78e1
batch_002,encounters_epic_north.csv,118,EPIC_NORTH,E7792535,a2dff3a40be58bece87b3d3e889917143053d906a02be554755135452b903cb8,9b11ae23f90dfd486f3fae326486341b4815411b36c5a77539616ae8b3d03b03,2023-03-16T10:57:44Z,NEW_ENCOUNTER,,,
batch_002,encounters_epic_north.csv,119,EPIC_NORTH,E5389341,b13ac4818c5f7aa56c6c35127be86a30b11124929b390db30afce2d15855c6eb,ee4387fa77216ea52de6865b201e49cbaeb10c5ee6671160764fcb9f4dcd7915,2025-01-12T09:59:45Z,NEW_VERSION,,,5046876e80671565af814dfb51ef73cdad2a53affe37ad7b00cf26060b2540cf
batch_002,encounters_epic_north.csv,120,EPIC_NORTH,E2778940,c9454a5804209e12fb5bfc612c5728d6ae59ff6295bac79b62ee8ff017991e76,2933ba15062a2e50c572c8b74bded059ab320f734a08c259fe30b58715afbb15,2025-01-08T20:40:33Z,NEW_VERSION,,,6bb4a08fbac0d56337f166830e86ae2efec935d613d0bc01dc67b8e2064d6761
batch_002,encounters_epic_north.csv,121,EPIC_NORTH,E9374463,9afa90e04814d512cb30883dd0492d1d66a842a4182b96dd352d4f68fbad67eb,14664f696bafaa63a5b4f1a600177ab38fd691d9614025f04720f0699298a2b3,2025-01-06T11:01:38Z,NEW_VERSION,,,ff6e493e1b56770c30aba46998e094e7ae16d73a765c60303f0fb252f314f655
batch_002,encounters_epic_north.csv,122,EPIC_NORTH,E9073503,73e0e09b2f6ff693324770e7c8ab40cbd03306782b541175b027176d82095907,add4013cbd43250a05fc716a4cb59fbbef151f3aafd07ec181395e8eda92ed75,2023-04-06T13:33:34Z,NEW_ENCOUNTER,,,
batch_002,encounters_epic_north.csv,123,EPIC_NORTH,E9832623,c9da4dc0410d5fedbb223fef3fa039324110ec8dbf723a5b03759091156a4573,395a3c1414207c5494499ff8731eafa9f629fa88488fe4712573c36e7c9aa9c5,2025-01-09T22:53:52Z,NEW_VERSION,,,c50dafc373e1c7b6d10b1167573f3274a67b44a486f93d57e973693f77326497
batch_002,encounters_epic_north.csv,124,EPIC_NORTH,E6988790,b9ebe78e20d15a85f0efe94a78799ec5fff8aa743cf973333cbe326bdef5468e,55dc4a18168709ece4238494e01844d1a45b339d232adab1aef61a09fba3bb2f,2025-01-06T21:34:25Z,NEW_VERSION,,,8b17a5fb3c63ecbc56b3235961286670767c803f461cd17ce72d808230434b6c
batch_002,encounters_epic_north.csv,125,EPIC_NORTH,E1599873,c5a4fe4197ef08143745eaa687263109deb7238648e021f718e92281755b583c,5c502a01185ab8b3b39a1d07f5c70508d53199719a1dd63e038993848df094c9,2025-01-06T15:12:11Z,NEW_VERSION,,,0a8fa9ab1db87f3c90021d4f2f00ba57d8fd9aa55744d0136afd4965d8797a99
batch_002,encounters_epic_north.csv,126,EPIC_NORTH,E7919508,77ec1bb250e087de8b6cb06ed921a409f0f0de826d49ef1e1bb229f261efcb45,84645df71f144b8ac61c4cf375ddda63490675b54c306b2e84e96d07ab8d545a,2025-01-08T19:19:54Z,NEW_VERSION,,,d2bfaad53afd10858df944b6bd0c97bf5c05efbecf17079218a3a13181c196a3
batch_002,encounters_epic_north.csv,127,EPIC_NORTH,E5513433,4f65ecb8d2d8c8d6941d3577de467556d7dc8c6a1af3aa71a8dfdd75f36df887,49c591f27784bbe449d10384c47c28323859037dc3d03312907bc8bee556b836,2025-01-05T11:14:19Z,NEW_ENCOUNTER,,,
batch_002,encounters_epic_north.csv,128,EPIC_NORTH,E7543833,c41d5b1d63ae074cab4c7456a504e52e50b13fdb624a16313d866be4c5fee492,8c1552515aded9a9a35478cb76455593469d2d10f350b21a05b1988cc5ea25e7,2023-11-10T10:42:38Z,DUPLICATE,DUPLICATE_OF_HELD_VERSION,EXACT,8c1552515aded9a9a35478cb76455593469d2d10f350b21a05b1988cc5ea25e7
batch_002,encounters_epic_north.csv,129,EPIC_NORTH,E4802405,cd74bee63bc23c56f5574b75e47ff39803276024f9e5d6f7e1262ee62dd1bd16,dc6bf33eff1c6078afb3c9a7f8c9c0f1f7e9705e1941cde7ba2894cfd66a714b,2025-01-06T07:00:47Z,NEW_VERSION,,,0c7bd5907907a29c3d510f7cbda0f04da291ae55d953fccc042495e1a8ee9ae9
batch_002,encounters_epic_north.csv,130,EPIC_NORTH,E1415066,504349a345974bedab826c28dbd9ae2864b9254e9df215a6c541525468d88683,41957f14f1a874eebdc195627512a54b0317f422d0013287ea76d35a401efa13,2023-08-12T21:41:48Z,DUPLICATE,DUPLICATE_OF_HELD_VERSION,EXACT,41957f14f1a874eebdc195627512a54b0317f422d0013287ea76d35a401efa13
batch_002,encounters_epic_north.csv,131,EPIC_NORTH,E4113536,92a1f19053d36cd27fb413f48a9ce51de67cca957819a571bb6c2527d1361743,5bcc113169e8700c8d341f198f7ab0e8dae5f49494ea4f3d400f2c4573a9c6ce,2025-01-10T04:26:02Z,NEW_ENCOUNTER,,,
batch_002,encounters_epic_north.csv,132,EPIC_NORTH,E5321590,ea7c77d30cfb986c773eb3d576608ee52b5a8df2b9a48262c4fe0e91f2a88335,c6e4f7ac2144da69f467cccccc2282ac507c80c820cc244339892d0ebf8c4c9c,2023-06-28T05:01:26Z,DUPLICATE,DUPLICATE_OF_HELD_VERSION,EXACT,c6e4f7ac2144da69f467cccccc2282ac507c80c820cc244339892d0ebf8c4c9c
batch_002,encounters_epic_north.csv,133,EPIC_NORTH,E3545544,80bc73b7bd09b3f6fe76c44cef0bbbfa93721ce3d356767c49722f14cb3bf281,7f7e314022a95992cce3023bccb8d80b3907ea1378339acca169d54744c69945,2024-05-24T17:48:15Z,NEW_ENCOUNTER,,,
batch_002,encounters_epic_north.csv,134,EPIC_NORTH,E7204104,be3dfdec9f3028c9bff06cda0cfbe10d9c5efa5f8c89587346bc4011ef2d58fa,6baaa289ac9df329de07ff3af60a03422e1e55fbbc8bef040573e696cfefd3f8,2024-12-30T09:15:42Z,NEW_ENCOUNTER,,,
batch_002,encounters_epic_north.csv,135,EPIC_NORTH,E9733520,4fa67f0264470941e5d1b30318d02c98f3cc3dd556a1f9db2def2562d584ac58,1155426cbd110fd1fb484648789ca2d762bdffcfc8f1cc5b341349c62b4454a7,2024-12-16T23:49:18Z,NEW_ENCOUNTER,,,
batch_002,encounters_epic_north.csv,136,EPIC_NORTH,E2660265,1bbb23175c01d07394f8d3f2b3be26c2799944daa1837ee50f6e0e741df7337d,4ceba30805c2b12e08f2ac5de32f776dc97dab6086fe0dec06c3fce6bc5d1908,2025-01-08T02:59:57Z,NEW_VERSION,,,23a6157efe837d8cdcebff3ae519e4758425bd6c73714526a6cdfbceed7993a0
batch_002,encounters_epic_north.csv,137,EPIC_NORTH,E9740432,cfca4f29478bff4da9864c34e0cf36aabe8d3b79740cc88f6050b4064c17cc79,cd1646e7b2e54575642d997cd25f3cca0d933512134e3090fdc0d48aec5a4b09,2025-01-12T07:52:07Z,NEW_VERSION,,,9235e80c75a52e29f8969cf68c24cc70287f6e41e8c598e811c6e928c257d97c
batch_002,encounters_epic_north.csv,138,EPIC_NORTH,E6324430,4281daa356554893942c1d0de5b1ea5d2be8b01b0e09261e1ec018664870b093,a0a93b5cbaad04085771c771ffbbca86be5f5148efe251a51aa2b91dfcba66d3,2024-05-03T15:54:18Z,DUPLICATE,DUPLICATE_OF_HELD_VERSION,EXACT,a0a93b5cbaad04085771c771ffbbca86be5f5148efe251a51aa2b91dfcba66d3
batch_002,encounters_epic_north.csv,139,EPIC_NORTH,E2109143,b04e26a9f2d4a85953693da7c212c351a364d7554a7cfd3e3a98db4cc2bc065f,31bc351040b35279d7db3405e54f80abc2045d4e7c8f55f4b8a4a3b3391c3ac4,2025-01-12T05:36:16Z,NEW_VERSION,,,f6d43ae3471d76ac560e8469471a1033bcefbf678ba7622a721fdb801037b740
batch_002,encounters_epic_north.csv,140,EPIC_NORTH,E8023211,c73c9330cb95e06b990c99140aa78587107e7276681eaa9aa1c773aabce8f81c,b05abfda5b7e0108dfc7aa4a517a05d37f20ad2a861d0367cf0bc3704b4aa368,2025-01-12T03:04:48Z,NEW_VERSION,,,30c3e2339f0ab247137bee04efee0d224e9fc4df21d5ea46d45b79c5da955e41
batch_002,encounters_epic_north.csv,141,EPIC_NORTH,E1816099,9b69b7b8de427ccfc06f5745fea0e881d1451d7c5bc65a34a65e3f95e1215350,91a702a5d77114f8ea410e37ac67dffc8cc25fdd68589a2794c509e91416da80,2023-07-28T08:18:47Z,NEW_ENCOUNTER,,,
batch_002,encounters_epic_north.csv,142,EPIC_NORTH,E2456755,0a60cbed6ea8cf02dcba0857b028c0c6eb4f3aa3df3095e9901979645a07d2c6,5109d3101e9964934f2152706a8c19018473a5705017a7035a2b1b8d897f9d97,2023-06-08T10:29:31Z,NEW_ENCOUNTER,,,
batch_002,encounters_epic_north.csv,143,EPIC_NORTH,E7818003,d71357b6e419a095b061a7f52d1f61556f3ca6901b3c68edec0cf2b28ee294ce,041df73a1574381d49ca6e9f36abb1c1a7e23a211ce59b0801572f9aeec885d4,2023-08-20T15:05:37Z,NEW_ENCOUNTER,,,
batch_002,encounters_epic_north.csv,144,EPIC_NORTH,E4011270,413dc90fb9a80de737f1cc5e95ee85a988543bd1ab9c9e8d0adda37ad2d9eae7,25bdbfdb70b2d20c891d1915604332a9ea5eb2ab1ec6107a57f743b8d2dc9958,2023-02-07T06:03:43Z,NEW_ENCOUNTER,,,
batch_002,encounters_epic_north.csv,145,EPIC_NORTH,E6512509,14c974bee053e254c04c36d1a3f6ba8f3f1834dc0e75c268bfc3a25a769ed1d9,2df2c0094f71365135cbcdc5777b354318af4d7e84d5765d3b23f12527dfb613,2025-01-12T05:19:50Z,NEW_VERSION,,,36ef604ddd8942402da6dcb89e6117fcbaa863269de6d5215a85685f93b4d720
batch_002,encounters_epic_north.csv,146,EPIC_NORTH,E1436304,ade3d5f228e32919f535401d597b68e87e6913f619b0065098f962a1d21cced8,6168bb6df049905eb829ef40c744a2c873644c7f0cc78909ed7bc14ac119eaa7,2024-05-26T16:57:59Z,DUPLICATE,DUPLICATE_OF_HELD_VERSION,EXACT,6168bb6df049905eb829ef40c744a2c873644c7f0cc78909ed7bc14ac119eaa7
batch_002,encounters_epic_north.csv,147,EPIC_NORTH,E7173964,c83d846994d392ba5fc2aa5546b04224ff4dc12f18fdd8dbaf24f23e951dd6b6,3e55d5f010d8211105b4954a963a08d75a27e63e54d41fac87ffbf91d7b52a11,2023-05-10T13:33:54Z,DUPLICATE,DUPLICATE_OF_HELD_VERSION,EXACT,3e55d5f010d8211105b4954a963a08d75a27e63e54d41fac87ffbf91d7b52a11
batch_002,encounters_epic_north.csv,148,EPIC_NORTH,E5765331,18f9ab7f84e0618ec0448cc4fec0fba80b92e2253fc96a91a4e335b534b5b796,d9d282cf09b35c394a2652f64abf2693ad82c18d0918ae9a1455ebcf56963d33,2025-01-06T06:53:32Z,NEW_VERSION,,,84a4fe0d8aeaca28f38210ef0d72b06ffbeb7091cd0b6df7628744b3ae5716f5
batch_002,encounters_epic_north.csv,149,EPIC_NORTH,E8864120,89e56ab0f954d66b860d11c20f968dbdba96ec51218dd5cf4ca9168c0c41e756,cf1e5ac6354a34a7ab1cd733274e7838f2363c9ee8e487511c3d2ee39eeaec6e,2023-05-10T16:22:12Z,NEW_ENCOUNTER,,,
batch_002,encounters_epic_north.csv,150,EPIC_NORTH,E6438421,74c699ba5f1c6f41185dd0fafadf63a5197bc691080f21d32ac28de7e538b64d,494dce719c515ee1202f413084bea7427a93d2e2966cc14f80168233ea9cbfd1,2024-12-22T16:08:54Z,NEW_ENCOUNTER,,,
batch_002,encounters_epic_north.csv,151,EPIC_NORTH,E5983559,7ae0f63324a8038b12e3b7178d9b4bc2c29b9a9b6c2f43c6dcc955288a77097c,c546297973a22e22a2442bdc06395af530b283bbd7b755f367fd517e5bacce4d,2024-12-21T14:12:34Z,NEW_ENCOUNTER,,,
batch_002,encounters_epic_north.csv,152,EPIC_NORTH,E8952212,1f21033f3467724e2be609976ffc94da66903339c795955745bb46bceb4136b2,a3beafb9696cfc01e4580c0fa577feab7d5a94b0903bfc5a7b070ba11817a30f,2024-12-14T03:53:46Z,NEW_ENCOUNTER,,,
batch_002,encounters_epic_north.csv,153,EPIC_NORTH,E6761363,96f8f850a375189f827aea2ae8e1996d6a3af89cff8f51c92acdda407e4d4892,744540c5b4549f3efef8af948af94a809a9ccfa03d02dbb20c392ec6e76e489c,2025-01-11T16:55:07Z,NEW_VERSION,,,b46de2c8571d41b906825720e7e7f138f7c3f9d6337a97b305406f2332db32f4
batch_002,encounters_epic_north.csv,154,EPIC_NORTH,E4751500,677ce5ed229a2c0589b38b21d5bae153f23f8c0a41fba21fcd54bb17bcc40a33,39804aed5c5fe1e405e68e9855cddefcd74f928ed81a18a99b925d5e77315585,2025-01-07T05:50:11Z,NEW_VERSION,,,321ab09f092eab8fc95aa54b7699e354c5a08d4fbd28408c0c6f3959acaaf599
batch_002,encounters_epic_north.csv,155,EPIC_NORTH,E8418834,eee3f4b63c9f688317de06a73788874d931a23e0343883bbf18912e378ff04a8,bb0c80f51357ca9de6c7e26e9e6ff94f9e20fa1448590d350f5f33cd0db42289,2024-12-25T12:40:03Z,NEW_ENCOUNTER,,,
batch_002,encounters_epic_north.csv,156,EPIC_NORTH,E2832331,3691d0426280890e612415b6b7a06dabbe0fa8488fc35ebe61d57e97bac3f39f,0121f59d65ab3293dac63ea96a3e5815b9fbf1401bb5d0bce5de3d32b6092e6e,2023-12-16T18:44:05Z,DUPLICATE,DUPLICATE_OF_HELD_VERSION,EXACT,0121f59d65ab3293dac63ea96a3e5815b9fbf1401bb5d0bce5de3d32b6092e6e
batch_002,encounters_epic_north.csv,157,EPIC_NORTH,E8134203,c1cecbdf967569cb8217ba0898f26853b5265d40215c254bd6672f4961353037,449a8a343e974017f1b04ec023b874dea90e5dfd1d8a94287161782e9bd7567c,2025-01-11T04:18:31Z,NEW_VERSION,,,e7b8f86f0205deeecb4b51fddb47e2151838dae82cae96e4c65e05bdd30c2b9c
batch_002,encounters_epic_north.csv,158,EPIC_NORTH,E1145731,b0185679e6d56fc412fe7e6d70587575d24ab1ff5a382db52b7ccd757010ede6,5ce6c9c5301beeb9fa2988ee648e202f03de8615d168ad4db212f01cf2d42054,2025-01-11T01:07:40Z,NEW_VERSION,,,5b3965f04581157cb5171eed1d084da2b8efb281cf3a059e2766e5987473c783
batch_002,encounters_epic_north.csv,159,EPIC_NORTH,E7086408,6bcb601791988692cf5bfe6acef5590cf20020319198c3664b9d5c062174b6ad,ac587be15f40c089c25065b6b2f509e72a1bdcf11b7a42b31adc945e79d61cbe,2025-01-11T05:34:52Z,NEW_VERSION,,,9a951334a6e1fe6f9205071e4c2623edb9c8a1c204315792449f94b654be67c1
batch_002,encounters_epic_north.csv,160,EPIC_NORTH,E2463574,9efdcb73372ff79c032cca150ac8a0c02e1a02175b3971c2654ccd6aaae8a900,353b98f08aafc159add8b83324ca1c50189163cbf23dba335278dd278135af1a,2025-01-10T13:24:19Z,NEW_VERSION,,,9e4d349ff0b0c172db24671a1b838defb999b48bb78bf1d26840b8d217f6272a
batch_002,encounters_epic_north.csv,161,EPIC_NORTH,E5244981,e14660b17f176079fe26f977d1399a96f0bbc180669c10eb556fced07008b94e,3ee5dd935af0d62fa28a4e4f2790acf5bc5d0b536aacc4de4db830460786a95b,2025-01-06T19:31:32Z,NEW_VERSION,,,8adfd2630cf0f735c6c83de779e703b8632e4b3ff2eea5a1af7be73750de41b3
batch_002,encounters_epic_north.csv,162,EPIC_NORTH,E6837452,042d228fe6d12e5f26a15f180466620499b789b9ee4c22e11d0fb42207e1ce1f,7b928ae281b860eda3eeeb5f4c341105688b404f770d1b665f982e74e2e7aa34,2024-12-20T14:26:05Z,NEW_ENCOUNTER,,,
batch_002,encounters_epic_north.csv,163,EPIC_NORTH,E3030760,e6d108db4c91df188822976f7a1b71f861e64e82f9bf967d7e354ea8af0a0520,4e15be23dea86c211306d5448daf6bb28aed53e6cdba9406843e7d3db2dc0fbe,2023-06-20T20:11:58Z,NEW_ENCOUNTER,,,
batch_002,encounters_epic_north.csv,164,EPIC_NORTH,E1770351,f2f3b3e06351db17d757bede66efe5fb135af8adf35807af79397177ef19fc85,e09c5c19a4ad4e5445f900b5a37f1fc9048712ac262091a6bed213ff14d5ea10,2024-01-18T01:40:52Z,NEW_ENCOUNTER,,,
batch_002,encounters_epic_north.csv,165,EPIC_NORTH,E8757191,b4376035fdabf2acec8a265da2ad33787b10dbfba4d609011e75acb68cd12576,92691db58e6a4acc5107c1b953bd2815ee9cd6dfb6320ba6d31b6aa5a15e9e75,2025-01-12T02:26:23Z,NEW_VERSION,,,5b34bcd5b271240c7f39159fabbc6b9933f639bd4a28984a853527064d6e6b57
batch_002,encounters_epic_north.csv,166,EPIC_NORTH,E2195944,81263490556f1dd25d30ff4a974d03362f798d8a727ee602ec9ae5a99f7003de,a41cd4f5280d3f7376460afa54839545b6115a55ff7e38d151f5d6d044593b7e,2025-01-07T16:09:38Z,NEW_VERSION,,,57918aaef1d28a0426aa057b814336b1a10a0cad39dc36b693fc83154cdcf818
batch_002,encounters_epic_north.csv,167,EPIC_NORTH,E6809904,3aa6437e30aad3b5faa963553aed8b0e1fa899798a2166c5f295e890634e07e4,a745b26d005cefdfa0e24a1a55fa5fc3fd166ffa59209dbc1e4ab9c84d8cb4a8,2025-01-07T11:03:32Z,NEW_VERSION,,,69ba4811f451556bcc2040984b88c13cf4a10242cac1240e64d8f8c746cca477
batch_002,encounters_epic_north.csv,168,EPIC_NORTH,E4288503,01514aa4daa90593224569c293ec58c711dd41ebedb94d5cfb18ae6ec07a17fc,9b64403992f6c01aa65ab36022dd54e07c30e0964591256803f7441fcc3e1b78,2024-12-25T02:48:09Z,NEW_ENCOUNTER,,,
batch_002,encounters_epic_north.csv,169,EPIC_NORTH,E8196351,b662eb1169c7d9cbf9c67c29003c617f63d59bf89fa5ffb05a6a0d7b96e9a43a,bc421dfc8edcd098bbbf9d7b7387aa2bd0f86497ca62ee18cb3ca7bc1a3b4166,2024-12-24T05:33:11Z,NEW_ENCOUNTER,,,
batch_002,encounters_epic_north.csv,170,EPIC_NORTH,E6973711,b47af10fdc7c5a4ce041987ac398ef5e70d1191943a56d0d8149dd1936d1e4dd,ecbbf3569f04cfa93f2df9e5e75588b1ca401eb77d129e5011c390093f128906,2025-01-09T05:02:04Z,NEW_VERSION,,,dde5f36c607e94f84ba5ec425d7c94831fafe1e4b9b37055abe27121a2f2553c
batch_002,encounters_epic_north.csv,171,EPIC_NORTH,E9541509,9518d4c8bcfea39f10188cb6aa2a6d6d042f93f52db71ea6f9c804bc155a0615,c14880aa04ec818d173ccc78228413927eb6f78a064dc508e717441ec1e37f08,2025-01-13T03:04:24Z,NEW_VERSION,,,9b9942b5dfb33178ae789a698e2400eb17d9bf6e3b1ae26850ee808572ca2161
batch_002,encounters_epic_north.csv,172,EPIC_NORTH,E4756315,cf38cac70e2de13e991fa16dc6e6323f32b30eed6ae2d8edd73dc3259956f858,b8a50fb32d31a0337890732e0e5b9c60790f20b302b5ec1f083c8f2334c302b0,2024-12-16T07:40:48Z,NEW_ENCOUNTER,,,
batch_002,encounters_epic_north.csv,173,EPIC_NORTH,E1328262,1887a76ca1e6463def8586764e549a43455af3977046ba01686cee8ee8384bca,dcae127f22f109785bc03e83f7a800639b658cd17cf8eac32e601ca078cc08a9,2025-01-12T03:53:40Z,NEW_VERSION,,,56dca3d3d2e92fc2d76ba3a4a79229f2a22b86c428b44a80dae2fb64750516f6
batch_002,encounters_epic_north.csv,174,EPIC_NORTH,E6726336,b53fa06cd589c388817542315fb2edbb6cea2ac2014fdbc361ee2e025a92039f,41eebf7a46d3885dc445f90ca3e06bd50307988bd030a086f89d8cbf4153db27,2024-08-31T09:24:28Z,NEW_ENCOUNTER,,,
batch_002,encounters_legacy_meditech.csv,1,LEGACY_MEDITECH,106813,ab1babf5bb9595332c1cb9868b126dab1e4422bcbd6b3e2d2ad396fc8bc0213c,f865aca01776584fe6de8760eff0cd87ab096e6095a217de88d5c0c026aa00d9,2023-08-24T14:20:05Z,NEW_ENCOUNTER,,,
batch_002,encounters_legacy_meditech.csv,2,LEGACY_MEDITECH,126428,173337880e3894a56ccc28d2090f9e91bbd1523594c925e3f9eefd9cccff50ce,9755943e7825e3be15fd1d502bf0d4015f5757400b5191ef7d93632dfbbb5970,2023-04-22T02:36:56Z,NEW_ENCOUNTER,,,
batch_002,encounters_legacy_meditech.csv,3,LEGACY_MEDITECH,125679,1cc7fe579b505d80501943b5b2110614e737ca42292b77251d326d945026eefb,20921d13976c24c33d6f176009ac77191482193221d493b672796c8fb4e2f3fb,2023-11-19T07:28:34Z,NEW_ENCOUNTER,,,
batch_002,encounters_legacy_meditech.csv,4,LEGACY_MEDITECH,117755,2ee930b2478b19b4fe7fb02a0c511ae9f507ff1936da06b3ff3e788c0530b299,7acf638390e3989638fdb0be1de13e82c7b965e3a060cf445ef5e481c762a9c5,2023-09-01T15:36:39Z,NEW_ENCOUNTER,,,
batch_002,encounters_legacy_meditech.csv,5,LEGACY_MEDITECH,134099,261d17b0638ee79f09474fa13b9d4504440b6d25670bd1023ad35d9615c95bd6,28903593b35814cbdb6f8271c32277eb8860b3e6b8def96db2518b8d6cee7ea8,2024-02-18T00:13:26Z,NEW_ENCOUNTER,,,
batch_002,encounters_legacy_meditech.csv,6,LEGACY_MEDITECH,113426,c799d0cc27f152be7ce264ba4bd113de4652ba3843698453deacac854cbed297,956fa839a9e17bddf5133c602964278bf1c1c41e677b0d03546302a353e27d3c,2023-11-27T23:21:07Z,NEW_ENCOUNTER,,,
batch_002,encounters_legacy_meditech.csv,7,LEGACY_MEDITECH,117385,964100c1d0004b8905efe1cb407f096303ec81808294d4f2ea2c8e5312754299,39986be434f40bb093a7eddfbd9d5e43317133f2ff357e55785ac1d2a83666ae,2023-12-18T17:08:00Z,NEW_ENCOUNTER,,,
batch_002,encounters_legacy_meditech.csv,8,LEGACY_MEDITECH,115556,a547b16d5ca1371bf7239b9c0d469d72dae9ef9515e526158d7efc7fa95c26cb,d265144d6435e26365dc55361b52c9306bd33e7eb9b476c3aba669a3b94d8915,2023-11-05T23:03:03Z,NEW_ENCOUNTER,,,
batch_002,encounters_legacy_meditech.csv,9,LEGACY_MEDITECH,130131,c3e6756207ca36c36c05c1914d093d00746df853095385a608e73c43388d32d3,adf20a752ff326a3b28c8e83ba99b887e301a8b0a8ca23f835a19e94b3634998,2023-07-28T07:23:07Z,NEW_ENCOUNTER,,,
batch_002,encounters_legacy_meditech.csv,10,LEGACY_MEDITECH,130516,52ebc02a0feda2ee25bca035557bd4dffbabdb42f5577d2fb8f868678b82ea2b,1a4b2f296b39331c6fcf00a6c49322dff604c705d630e1803edca90876851e70,2024-12-08T16:56:23Z,NEW_ENCOUNTER,,,
batch_002,encounters_legacy_meditech.csv,11,LEGACY_MEDITECH,125775,c4eb145f166484cf0e9e6c7f8b3e6aa4f30efad98e76792b8b9d558c255bb292,17b51f983dfb105c183fb58e9683afa5cbb96af8bda3239d3c143a75a60e79f0,2025-01-11T11:17:17Z,NEW_VERSION,,,f4c81bd7fbf2cc0f379abc39d2e0366a6a5f238b181b5d33451c0b1b44630fcb
batch_002,encounters_legacy_meditech.csv,12,LEGACY_MEDITECH,128482,dff30e4f031862426a08cd68f7b79b8a36ef42d4cefa7991d06f0dcece8439d5,74e4458e11c49390d4d0b0b643db479e1fb43d5d090b971c2673e934802a4ef4,2023-12-16T06:17:55Z,NEW_ENCOUNTER,,,
batch_002,encounters_legacy_meditech.csv,13,LEGACY_MEDITECH,113065,d78056be7222f2f60a7762bc7d984599071f18197ec23255b18db392cb82cbe1,3045ecedcda8921e99ef0d7909db150d4941b1f62bb48718b6377ab76f4f5282,2023-02-13T19:53:36Z,NEW_ENCOUNTER,,,
batch_002,encounters_legacy_meditech.csv,14,LEGACY_MEDITECH,103644,3c0aedbc976e4b833282a6e7157056a56a381c77b588ddfe1d4b40a4ab43f444,adc47a7b214e7c7cc168b97945313acbe41fa7e912dcca5bcbd4c8f1f8ecbab1,2023-08-14T19:01:35Z,NEW_ENCOUNTER,,,
batch_002,encounters_legacy_meditech.csv,15,LEGACY_MEDITECH,117856,5967af528f63b243e3ca71cf015bd9e94067185074fd782995412e72dc720bdb,fe7ef4824a30d774812b57e39e411629ad06dec52bcdb5c8e9df25ca02226f64,2024-02-16T03:45:03Z,NEW_ENCOUNTER,,,
batch_002,encounters_legacy_meditech.csv,16,LEGACY_MEDITECH,138700,76c305a9dfc7f77df26a4c40df9b5b43afbdd38d1a42dcf4d42a2e0da5c488d5,4bb1bdfa3c504d2bd5b75d02bd62dee26d3592b725f4e0a12be6bd71ae7a919e,2023-09-02T22:36:26Z,NEW_ENCOUNTER,,,
batch_002,encounters_legacy_meditech.csv,17,LEGACY_MEDITECH,106896,44b72c40198d0e033e6217c7ca529c5dd1e6ce873bb9e8a79b8cd157c8c7bd4e,8590b35024ed230464254e838eb29b2fa31db8fc3e6ed44df2f6a2b5ea7de688,2023-08-04T22:44:17Z,NEW_ENCOUNTER,,,
batch_002,encounters_legacy_meditech.csv,18,LEGACY_MEDITECH,124828,4d4d861b3fa0e219112d612596d4f98d7546a8252e38e6e1ff1725273aaecabd,f11dc924e0ed76c785f0679e3c4fd411b7df91528e2ce7de3483fda72163324a,2023-05-14T21:38:22Z,NEW_ENCOUNTER,,,
batch_002,encounters_legacy_meditech.csv,19,LEGACY_MEDITECH,106301,f615333182392bcf54a94ee2edf3d29b9135ee7e5c4b578f4501b5a701bdd0a5,fd1e11f6c0316039ea8c27ee9b5b23c043b4dd593101eb5873a5ef86b299b3d8,2023-01-11T21:18:17Z,NEW_ENCOUNTER,,,
batch_002,encounters_legacy_meditech.csv,20,LEGACY_MEDITECH,131891,b45437b91049bad9a77836c3e4f0db94fb78f4a8504ca7b49710337c823ea519,5cc4ccd1fc5ad02a3e4ac44444b9d3890005bc5fc597da445d2e1be48bbf26f4,2023-05-01T21:17:02Z,NEW_ENCOUNTER,,,
batch_002,encounters_legacy_meditech.csv,21,LEGACY_MEDITECH,134586,630824c78c992c5a9f357ede0a2fbcea1dc90ef1a1309ef5f1422cbb05a57525,a475a1de28ec2efb10129672c9de5907c6dd980ff58e81ef1d2aeb6516ef66bc,2023-11-14T22:59:16Z,NEW_ENCOUNTER,,,
batch_002,encounters_legacy_meditech.csv,22,LEGACY_MEDITECH,131847,ee79c1e98afafa00e73c478ec2b3fc9ba1a3ea3ce1cd32a15a63b841d75c7d4e,3696cf4eeb456f0c69e37d87a39cedccdcd9a2e938fc151cd8b39b11f5d13db8,2023-04-05T14:09:54Z,NEW_ENCOUNTER,,,
batch_002,encounters_legacy_meditech.csv,23,LEGACY_MEDITECH,139043,34bbfd7a2826fcb604bbffd24b011f7c555364316bf67c4e44a025a838258643,1276be2e9052840d830ea01fe085682473c5ba2d60223e9c8577c425db613dfe,2023-09-25T00:58:06Z,NEW_ENCOUNTER,,,
batch_002,encounters_legacy_meditech.csv,24,LEGACY_MEDITECH,133393,95c42f5acf3d0fada8a3a649fe1d67f3338eb01e3dd5a152764deb0fe21fd491,8b6faa2aa3aed0d76096655a2090efc319cbba353f4eaf649f6b297dacd260b9,2023-07-06T16:40:45Z,NEW_ENCOUNTER,,,
batch_002,encounters_legacy_meditech.csv,25,LEGACY_MEDITECH,139573,3d19cf1c5b8688f33401779b2e9fecd33e0fd0d557e22c73ecf3388e0fe4e77c,73f64ddedee03b9b5184f34305e9272ba020d3f815ef3a9a5fc9c2a51978139b,2023-06-09T02:43:20Z,NEW_ENCOUNTER,,,
batch_002,encounters_legacy_meditech.csv,26,LEGACY_MEDITECH,139677,951df4ef51f338e1b586133724c7f1183382a4e9b1597245136e5a7f84575d4a,1baa08c6ec6be821c3bdcfcadfb38aea9694e620e07506c29c3937c9a81eb946,2023-02-03T19:55:20Z,NEW_ENCOUNTER,,,
batch_002,encounters_legacy_meditech.csv,27,LEGACY_MEDITECH,132490,64e681f849152b106fd11f74199463f636488db8c9b9b424a24c5991ed98fdbe,814ca8a354235c2f076fd8c0388ae015cd159e045dd5ca6a7f48301d97062ee0,2023-09-30T23:37:32Z,NEW_ENCOUNTER,,,
batch_002,encounters_legacy_meditech.csv,28,LEGACY_MEDITECH,137099,31f4aaefd8afc8a6776cdc03ef1a17b310e19c8ab901f9e9837ab354e325fc3e,12d90f71c1eca48c5047bf4bf4525e54a84b8a9623eba66a493c67e491a1f6a0,2023-02-11T03:14:32Z,NEW_ENCOUNTER,,,
batch_002,encounters_legacy_meditech.csv,29,LEGACY_MEDITECH,133243,19935352e8b3a8e5416c1c67fffa882376056c6dc25ecb60cc059e786db96ed1,9d6d16cbfe24ba96a8dec286c6f8f55a27b6224b27c96ee8ca240bccd6a91cc7,2024-12-22T02:32:43Z,NEW_ENCOUNTER,,,
batch_002,encounters_legacy_meditech.csv,30,LEGACY_MEDITECH,132585,92f7a1faf568870bbb125c68f3dc4c5eac2770ac04b7a1985cfed062219303aa,7c99e46f35bf3adce9145de444bdd057dea8643351ce50f303e14e98bc4c4f26,2023-06-18T09:35:07Z,NEW_ENCOUNTER,,,
batch_002,encounters_legacy_meditech.csv,31,LEGACY_MEDITECH,113271,048524abc432f98dd3026bc71a9372318f0e78252b683921c956bc9eab1ba747,e87cefe00693110ed4871f43fe0267c6ed1f17a411ddc02d6bd0f413cb665379,2024-02-05T16:20:31Z,NEW_ENCOUNTER,,,
batch_002,encounters_legacy_meditech.csv,32,LEGACY_MEDITECH,118520,1fce24fd62b52589951d6b738e2c36564122eb1952789ea7b0ec14d6bb6f8f3c,a95b71b81015481546f0e4c71240ce0d283ce8bf940bd48d83d68187b3b9f092,2025-01-06T07:53:43Z,NEW_VERSION,,,626ac51fc9759b5a81eba302961b64cc15bec5abefa05cba01a09aa071e8f94b
batch_002,encounters_legacy_meditech.csv,33,LEGACY_MEDITECH,102726,10d04794a2f9db1e3be9e2c2a658ec1279fe53499b13bc521ad99d514d3c0972,d9fe55c4521053f283d7eb7bed0744a2dad8f94e0226b1372875fac06ceb89eb,2023-03-30T01:22:31Z,NEW_ENCOUNTER,,,
batch_002,encounters_legacy_meditech.csv,34,LEGACY_MEDITECH,126067,a0713b516cad56e91b64f38974dd35e3680f46b09a003041677988e449cac040,cb2ffa936c0e34c9fa64112c188ff99e2ca6dd5c6cb0489fd59b5b7367c88ecf,2024-12-04T04:26:12Z,NEW_ENCOUNTER,,,
batch_002,encounters_legacy_meditech.csv,35,LEGACY_MEDITECH,104131,43e0d2fe634b8bb20204b7487d77ee08ea728bf3c213ef0586f635f0ebd664e6,7f20b842ec444e17e98d0d939750f1d2bc3222fa0844b4a9479b71c87cd630a9,2023-09-22T22:30:47Z,NEW_ENCOUNTER,,,
batch_002,encounters_legacy_meditech.csv,36,LEGACY_MEDITECH,132535,729d44493166acb65d362802dfddcabc6cff6967f437d77d997b12ea6108cefd,543a582c81abf2995c5bc8e1849175f56d5fbf086f0ca0e04247be3a76e4115c,2023-05-10T05:44:01Z,NEW_ENCOUNTER,,,
batch_002,encounters_legacy_meditech.csv,37,LEGACY_MEDITECH,137043,070b048bd3cd897cd3976ff3e2029148bf2ef24c02497ff8689cd00cd9659a73,68b28f9451f2dc04891dd5621446cf9417bfad01587f5edd993f7e9aad3c412a,2024-02-07T17:58:13Z,NEW_ENCOUNTER,,,
batch_002,encounters_legacy_meditech.csv,38,LEGACY_MEDITECH,108139,dcaf059c700e2df0e96fbf50fc914124f031d0f77575fe28f45ccbbf651ef423,2905b890d610a61484bec457d95e170c22c1861959da39e6dedbcf1fa11d21c3,2023-12-29T14:14:06Z,NEW_ENCOUNTER,,,
batch_002,encounters_legacy_meditech.csv,39,LEGACY_MEDITECH,100724,ea730fc93073a6a7ad8277bd4e508c6a6e21fdd02b9c56afdc0b6b89a1491144,066a61e0d108a5c026d3508d267b5969bb69da974af8b9c0eb21bf5aec75c87c,2023-10-03T06:38:08Z,NEW_ENCOUNTER,,,
batch_002,encounters_legacy_meditech.csv,40,LEGACY_MEDITECH,117305,bf2fcba87a653034bad12eb8b927fc78e1dea66c5203b5b747862f520451377d,8dbebe433bbee7055def9491fa35fd6171f5fc1cc7a0ae3c5100fda210a65cd4,2023-02-19T12:16:12Z,NEW_ENCOUNTER,,,
batch_002,encounters_legacy_meditech.csv,41,LEGACY_MEDITECH,118605,3f10ccb539b503012f36a499938738f610f2b508850a39f9d3fe534e0d90e640,53dc7dfdaff089be54f7382c9fbc0bb99c04e0608f4848e29924f9be3e84ba0d,2025-01-12T14:10:12Z,NEW_VERSION,,,e1f0f759d2ed33f28db97cbc56418fd3b78573b3d4d0769d175097731ac74e92
batch_002,encounters_legacy_meditech.csv,42,LEGACY_MEDITECH,105715,5cb79d229ca5fa354a902670d79b0bb90cc2c6d7f6e952ac8f835f8c8803d94a,c76feb53a61ef7fcfcc738f4ca4f80dbd788f36148fe0676e53d60bc27de052a,2023-01-12T05:54:23Z,NEW_ENCOUNTER,,,
batch_002,encounters_legacy_meditech.csv,43,LEGACY_MEDITECH,139265,1b57c739e8b1187be032bc56f82a254a8ce79fc32be49fb6ddfb0ffb5fa2d29f,98d3b944934323c5ef0306999e29b727bfa2a5c9114ab28a6b6ae5ff37483782,2023-08-02T20:02:27Z,NEW_ENCOUNTER,,,
batch_002,encounters_legacy_meditech.csv,44,LEGACY_MEDITECH,104109,a6ca2d5b59954e85e3af76897c667540a2c75b03e50f72872085e27c7562dc3d,06c00c33b2faa06e84d277f7cd9df0a379eb08db083b099a17b5d41b9aa040a4,2023-05-26T03:06:44Z,NEW_ENCOUNTER,,,
batch_002,encounters_legacy_meditech.csv,45,LEGACY_MEDITECH,102656,00dccf8243f516585fdef48464c34a595d00002cd39a84a0a3569e8117a233cb,a09d5d206080896de93b5665eee60283cb09684df2faee4672c04ff7fc03b269,2023-03-24T01:31:59Z,NEW_ENCOUNTER,,,
batch_002,encounters_legacy_meditech.csv,46,LEGACY_MEDITECH,114407,f4268fcb2d15c5c3f0e316fb043f57493284984beb8511e5a1fed5ff6da9383d,5e2d37cdd6b45b23345e1530b1468435f86bc781e1db279572f9ced62f2d052d,2023-05-02T16:51:41Z,NEW_ENCOUNTER,,,
batch_002,encounters_legacy_meditech.csv,47,LEGACY_MEDITECH,110753,930be928f2af73785438c894ce5ea5983f9f9c2d7e4b7163c806b233d9be1496,9dbd8ce68d7818a2421786fa693fcbb3ee85a58b884c7eef97e9699d7e2e4458,2023-01-27T09:57:47Z,NEW_ENCOUNTER,,,
batch_002,encounters_legacy_meditech.csv,48,LEGACY_MEDITECH,113421,93b32aa693fe28a2cd3cfe2743f35c096b792c61fb6b092e2d1989ad1b151cb7,1d2e2ba87b0ef916fae4de9afd13045e7ba1c2b1bf77cfa4127f2d6e5de267c1,2024-02-16T07:00:42Z,NEW_ENCOUNTER,,,
batch_002,encounters_legacy_meditech.csv,49,LEGACY_MEDITECH,106736,0e29da7280cb61ddddc1da1d12fbd448016a99049be2d036c29113d6fa3e8b3a,aabe4820c9c1615c0b5cccc7cf1ec430501b70dbabfd73baca6dd21ad52fd083,2024-01-04T06:19:57Z,NEW_ENCOUNTER,,,
batch_002,encounters_legacy_meditech.csv,50,LEGACY_MEDITECH,130598,e4e66160b9c42e344409ec5fcc611ddf1e8903509ac81fdf870c45d0d11ada5b,3e76819b578795a80a8025304239fec003a9bf1dfa2390a091ce4f2e3a49f35f,2023-11-03T09:20:42Z,NEW_ENCOUNTER,,,
batch_002,encounters_legacy_meditech.csv,51,LEGACY_MEDITECH,114986,e2016cba9b3da053b86f8ddafa3820a6aaefe58347aeb08a1139133d4156ef72,b39fad5dd7635ad2eec17aeaa4cbebc7f7b12386ad8fbaba0716e28d732ca922,2025-01-11T16:10:53Z,NEW_VERSION,,,1c00520c5535eca26fbd67df2b166cb6e152dc16605c42d52455b6713fa8f5d8
batch_002,encounters_legacy_meditech.csv,52,LEGACY_MEDITECH,106479,4db3c886647ad4100bf1a994a51af852b6aca74942dee7417cf0ed3923479942,8df347a3b3cf716667bf570ffce3a4ab0c7ca6dc5ee30c9fae488f6413d10e10,2023-11-18T14:10:33Z,NEW_ENCOUNTER,,,
batch_002,encounters_legacy_meditech.csv,53,LEGACY_MEDITECH,123335,b32a3e1807dd6bcfae9a0c37332198566759544a868a475723405267ce776843,d160a2170e1e2207a90a69fc0739c884673f2c94cb593e9521c1c85288fef3ce,2023-05-02T15:13:56Z,NEW_ENCOUNTER,,,
batch_002,encounters_legacy_meditech.csv,54,LEGACY_MEDITECH,134134,fe99e2d8bdc29c21a31ff2fb5f0a49cf9dc9438bbb0583b0fd2c25359683472b,6e54cdb46c7639db211c4017969ac3b72e771fa1095627453dff762d11cb2fb9,2023-11-16T15:57:02Z,NEW_ENCOUNTER,,,
batch_002,encounters_legacy_meditech.csv,55,LEGACY_MEDITECH,130264,cd3936104f1b8068d2eac78f6fd7e09bea7c74c92fe2f964251026d0ca340f95,ee763ccda844bc84fbd962f5a4bbdc3f2796efc71986c65383ae499ad534ab64,2025-01-06T17:06:15Z,NEW_VERSION,,,6548ebb356b698cb5d737ffb3efd845fa1b5822a1e00a07b676798a2697a1cf9
batch_002,encounters_legacy_meditech.csv,56,LEGACY_MEDITECH,109952,07fa5e90658246979c3a27082ae6ed0bae0199467bd698d8cd89af15947ff8f6,4687f1af6c818f3b52ba259a9fbd4d58625fd129287ea62fc8a9eec180dc2dc8,2023-12-21T13:57:00Z,NEW_ENCOUNTER,,,
batch_002,encounters_legacy_meditech.csv,57,LEGACY_MEDITECH,119413,6c7800f259b9626dbe97072405b006bc964aa8555d5665ddd1af15221f5ece4f,7462d92d3ab71e2769199404e66a52fc1b50379fb5814142a6e50f36077049c5,2023-06-09T11:23:55Z,NEW_ENCOUNTER,,,
batch_002,encounters_legacy_meditech.csv,58,LEGACY_MEDITECH,120873,2d6ffe722a2b906bc2e9cd832340f4f5b7704fed759bffbdbd0bc68351201dde,75f3eae9e341e0e323d689d01e08d6f1bd7b5c6782f39a64b3629deb6a342261,2023-02-13T10:07:57Z,NEW_ENCOUNTER,,,
batch_002,encounters_legacy_meditech.csv,59,LEGACY_MEDITECH,135940,691cef765f4053698d2bb70402022b9f589799cd5b242e843e7aea660849e57b,9be98db8e21c113a3b513c3fdf12c30115cac1d527d6af1d290b1b44399de808,2023-06-20T01:41:49Z,NEW_ENCOUNTER,,,
batch_002,encounters_legacy_meditech.csv,60,LEGACY_MEDITECH,128966,0b661f171ea2ffcd9f6afc1cf8d4c34d54eb3a44429b648a824f38faa890abe1,a1b3ddd032c813f4cb977f94c9ce4f75836e5d3088b12668ea8273608f2a04ee,2023-07-27T16:31:26Z,NEW_ENCOUNTER,,,
batch_002,encounters_legacy_meditech.csv,61,LEGACY_MEDITECH,137751,c1792dfb0426d6a98c887496890c19b40617299dfe663d94ba269d8688245feb,477dcd08df00c85bfca6914cef005dcdd5b2677c2ee3d29a51e03296fd00238f,2023-10-26T23:43:50Z,NEW_ENCOUNTER,,,
batch_002,encounters_legacy_meditech.csv,62,LEGACY_MEDITECH,101195,189f84b1321ed2490776dcb792e46144437f06c5d2e76cbb8eb92e013ed31a11,4f996605b73972f22b07fe9aff337c1802dbfff6c013e430b562b1b7f2a645cd,2024-01-03T18:38:45Z,NEW_ENCOUNTER,,,
batch_002,encounters_legacy_meditech.csv,63,LEGACY_MEDITECH,109632,21b8b4b8d530d9edaa5de4c789984715ebfafb1ac4f04f815a6f3d6979e286aa,cd0381194004d46c871427825cb998dfbab82d0c2dce9aa92c54f490c1b56190,2023-09-29T07:53:57Z,NEW_ENCOUNTER,,,
batch_002,encounters_legacy_meditech.csv,64,LEGACY_MEDITECH,137862,52cd9d6ac7dd61452e46c95a3cebca18d47eaca8193e0ba10a819db4eb05948f,44039d93939263b9c7dc568aaa69972f77c4b5dff6c440b2d5f91accb55acae5,2024-02-22T18:52:31Z,NEW_ENCOUNTER,,,
batch_002,encounters_legacy_meditech.csv,65,LEGACY_MEDITECH,137265,ffcf06674ebec8c1cc118b0dbd6cd0179a72f977ec525c2defff9647dca70dc2,dc1adad479794873eca9fac28e4062604bedcf9dd32a025b261126c3c884f8ad,2025-01-08T10:32:30Z,NEW_VERSION,,,e96fa6548126547c6cd54de03bf69ea9d93a8517ec3c2e80d8feba3bd1ff73a8
batch_002,encounters_legacy_meditech.csv,66,LEGACY_MEDITECH,127709,29369e9bb358d0e13707e93962e08d7f5e3b4506bc855ad887247c00cb9b9bbf,0357de06f5b8b04463c37323b2635b4f034081b61ea8a950f2c0507f1b93c3bb,2025-01-08T20:38:44Z,NEW_VERSION,,,6b8ddbf6996ed6d21a4ca9d3ced605ce3583c01da0c0516ef716121b3a61ea4d
batch_002,encounters_legacy_meditech.csv,67,LEGACY_MEDITECH,117990,cd5998ecdccd5ca72fe5d71ba927ceb0a1524e6f3c75f2c08097a24f4a95f6e6,d1ac940bf841310050875b7442d6092791908fd5ef5d435e3ecfc1382fd60f35,2025-01-06T16:48:39Z,NEW_VERSION,,,4915be9b01686e24b332763e4085118bb3f9ca27bacc1d04dcf889707f4ea27f
batch_002,encounters_legacy_meditech.csv,68,LEGACY_MEDITECH,126950,bdd9cd417e9f54ce0636527b6ea8ff6bd9331354b398521165cf6c592e35c12f,223a62d43d515f1cf7f532b5ff48f5627e1310e58fad2f2ecb604e4e77bdb914,2023-08-29T15:34:40Z,NEW_ENCOUNTER,,,
batch_002,encounters_legacy_meditech.csv,69,LEGACY_MEDITECH,131313,b1e1401010e605279268646acf76548637380d10c7518cf7063d127a107454b1,1c62ae9ef84fa6534d9c55bc0545a04f14f7effee36f39e8b056c6782288dd44,2023-03-25T12:45:01Z,NEW_ENCOUNTER,,,
batch_002,encounters_legacy_meditech.csv,70,LEGACY_MEDITECH,131052,6988418e93d0767eb03fe1efdf3c59c5deeee025157bc79b17f4450f582b7dc6,cfe22595e755f5850679202120f125aa5c4afd787c3249a5f94ca971e2dfa95b,2023-12-11T20:38:28Z,NEW_ENCOUNTER,,,
batch_002,encounters_legacy_meditech.csv,71,LEGACY_MEDITECH,131873,469bad226d5f5703737672ab683ad5a22e530c241c93122644b3dc1b0cab4dee,fbe54f0ee44996f6e6e1d5da7f1d95b36b970d3cd26d57fb6d0fbda1ed167de4,2025-01-11T04:37:27Z,NEW_VERSION,,,816dcd8c5d7a070e4a8506dda7c0ddebbba51fafc68fd69e0ea14b03e56708af
batch_002,encounters_legacy_meditech.csv,72,LEGACY_MEDITECH,126075,7925b92bb87966869e1f0a0d20cb97900476dd33d5a8ec204115fdbef8a0762c,a4585614ff77b6613d612280603575f72179ef4ec745d320023d41ad51784cca,2023-06-27T23:06:04Z,NEW_ENCOUNTER,,,
batch_002,encounters_legacy_meditech.csv,73,LEGACY_MEDITECH,131498,166b0eab044bfbdf2e378e0eb8feeb4c98b6b7fe6ff8fff78a7eb64e53f5474b,6f0f18c2ebd65a7f0da03a251efd36f87ecd649d49f0aa5a3952e89529fb67e4,2025-01-12T06:25:16Z,NEW_ENCOUNTER,,,
batch_002,encounters_legacy_meditech.csv,74,LEGACY_MEDITECH,108981,55c181c6607129d96112feb0a09f4bf189b5fe7f44c1c80933e20deee77d06eb,d617e00b12e6bc8301cdfceaa36f239070211426f3423b9121c8dae3172d8e50,2023-11-06T23:24:47Z,NEW_ENCOUNTER,,,
batch_002,encounters_legacy_meditech.csv,75,LEGACY_MEDITECH,110436,7853e2acec905099610b150a638fa9df1051334e74f24a70d2a089b5dd699190,7a7d0ae4d1b5f2e24880a982402547958f20dd8bb9e49ccab95581048861a03c,2023-05-27T04:34:35Z,NEW_ENCOUNTER,,,
batch_002,encounters_legacy_meditech.csv,76,LEGACY_MEDITECH,124127,ed17df7067889e58726324a01aff573079e226539a77eda948598cd42403932a,427a0dfea88b470eac1d2c1fc4842fc62fc5c7470ce97f36a5f8161ce31ecbdd,2024-12-18T02:46:31Z,NEW_ENCOUNTER,,,
batch_002,encounters_legacy_meditech.csv,77,LEGACY_MEDITECH,117190,11bc0e5fbf0b18af6965d80eed77b88896beb8ee701aa63787f46577d25ca6a6,ad28dbb3229133b454c28b5d71fd046c10fd95205b1ef30d7ff932c49af54fd7,2023-05-16T01:23:04Z,NEW_ENCOUNTER,,,
batch_002,encounters_legacy_meditech.csv,78,LEGACY_MEDITECH,123477,1758a61232c6cd5a119d3513a127f188599fc86b3260cdceda6358158664735b,2f9563c9983571014d6f20de1aae9df4a3fd9d6b8104aec4f67e9bbba6177546,2023-05-27T04:39:57Z,NEW_ENCOUNTER,,,
batch_002,encounters_legacy_meditech.csv,79,LEGACY_MEDITECH,130502,1e8a63c7614f2776bfa15e4db9db1ac7b87f554b2012f78b519ea62148e5aec0,5ac623c36ce930c1c3d59e719740fcdafabdbd183ae2a92ba47f8cfd2d4d1203,2023-01-31T19:37:37Z,NEW_ENCOUNTER,,,
batch_002,encounters_legacy_meditech.csv,80,LEGACY_MEDITECH,122946,728243da1e4f1493942e7a56aba7104af16d52c0d2f7142411e6926505853406,6116340ee8f32c64ba52531139e73d20f5d809526bb23beac1b11d81a1b31031,2023-12-23T09:32:45Z,NEW_ENCOUNTER,,,
batch_002,encounters_legacy_meditech.csv,81,LEGACY_MEDITECH,101805,6b9ebaf780a7b412f7acf00d85929bc1839366757c9ddae0873766764a916233,32130ecc0a7a9fe8d48e69f6f95389c935dd2ade5890937c3020357d563986f5,2023-07-04T16:03:51Z,NEW_ENCOUNTER,,,
batch_002,encounters_legacy_meditech.csv,82,LEGACY_MEDITECH,106166,aa05019d27322bbb2ab99f149810d19e6a93bfce0f44f1314c7e9af92731521e,e233c197d1b63d3d97cba6f0992a2b258c6f2ff7fa4c7b2cda3cdc7b9b883a8a,2025-01-02T15:13:20Z,NEW_ENCOUNTER,,,
batch_002,encounters_legacy_meditech.csv,83,LEGACY_MEDITECH,135262,847e5ce8a6cbb289b7736c90e1f2206cec0ec105f572c3540a5ec323046255ff,24a9c396c4a52d12d08c25ef2fff699303be28f7fe18b73bba7a9e40ce36148f,2023-05-07T00:15:34Z,NEW_ENCOUNTER,,,
batch_002,encounters_legacy_meditech.csv,84,LEGACY_MEDITECH,127094,9a2af880e182e16a91928f96961fe1b3695572dd28642fc4ef5d8ae9218fe53c,60c6e103bdaa753879eab7ecd4e3afe8183770b4b488e8e0701977ecd286f1b3,2024-12-29T14:05:10Z,NEW_ENCOUNTER,,,
batch_002,encounters_legacy_meditech.csv,85,LEGACY_MEDITECH,114449,4bc9e6b52c7465aa5573909c63be4c532f5352bfa2f3f8a45851bfe590296d3f,412deebaf07819159521c0736845c500fa801933594cc171925fc884182464ce,2023-05-09T00:38:15Z,NEW_ENCOUNTER,,,
batch_002,encounters_legacy_meditech.csv,86,LEGACY_MEDITECH,103244,fc3edae5f5f49755ea039d73838bfba5d25a2df7bae0f673b34709ff0849854a,9658a6c324265d4b157c0a13710ee635269854f44d26f9cfb4e62c31dacb8841,2023-06-17T16:29:06Z,NEW_ENCOUNTER,,,
batch_002,encounters_legacy_meditech.csv,87,LEGACY_MEDITECH,113988,d9aea2a23b2f4a7cb1c97bc8eed04581f4c07d9f54f34c8f5f745d23b207a36a,d51499c6ab6566dc7384901ae9ede276bf1d5969f4704d0776e3a155cf765421,2023-01-17T00:39:44Z,NEW_ENCOUNTER,,,
batch_002,encounters_legacy_meditech.csv,88,LEGACY_MEDITECH,123557,22db86f879aef765a27c10c14445c2d6b5a2118ac16954d1af55163bbef50d32,70612bcfc7d7083aa641246f94a0825fecfc7156a06901f981d35a00255bb66a,2023-06-01T07:03:09Z,NEW_ENCOUNTER,,,
batch_002,encounters_legacy_meditech.csv,89,LEGACY_MEDITECH,100254,e637b47f2db042046b156fb69c571ac3c0c2372dac0cbdf686215eede47b7ff3,0616dc84274c6c025465d834b1492393e7a47084b499f22bb096f99352a4c7a5,2023-10-06T17:14:58Z,NEW_ENCOUNTER,,,
batch_002,encounters_legacy_meditech.csv,90,LEGACY_MEDITECH,104024,6a6b21286a94e1d8fbdf9f3908002838ae3c38eb22dc86281ab0a1f30c853e24,f36dfd97c53972d3bdc3c0630243371ed53f574c344d2c84846f9b0b2a07e1d4,2023-12-17T22:15:56Z,NEW_ENCOUNTER,,,
batch_002,encounters_legacy_meditech.csv,91,LEGACY_MEDITECH,117428,1d5a5bc9443e30305240fc06651985267a0492bb1b9cd8129c41928582f3a60f,cee7e34fcc123bba68d67a4d1408136e1be30884f9cee3fbba3540c2b6fb23ca,2025-01-06T10:03:37Z,NEW_VERSION,,,24d4e88d3705d979857eef3423eed6579e72c097b3a5eddfcc93f7b496035611
batch_002,encounters_legacy_meditech.csv,92,LEGACY_MEDITECH,122699,56e4ed3b177ba75ee67feb12a9ae2762a79220aceb32c5493b30f19c5e5e9baa,dacac0857bccfc5a6e268783c4a764b8a44e32a4e73d5ea74bfdc7483e1a69e7,2024-03-01T03:47:59Z,NEW_ENCOUNTER,,,
batch_002,encounters_legacy_meditech.csv,93,LEGACY_MEDITECH,136018,12b8b6b8f338673bafb644fa0fe49713d1e9ca5c67a5bf35e3d3bfaebf794287,d55fa6bfcfa6877ff01d5c097d57ca0e3fd8430dd8909105cd4cacb64caa9409,2023-06-22T12:22:08Z,NEW_ENCOUNTER,,,
batch_002,encounters_legacy_meditech.csv,94,LEGACY_MEDITECH,126779,2aee722a2109dc202024da68e2e957f565f2cd869c35f3851d39c4c015919b7e,bbfa1b8618527cbb839eb462c8c2f43ed1e58a4f09aeca756f1a74fba88c525b,2023-12-22T02:38:43Z,NEW_ENCOUNTER,,,
batch_002,encounters_legacy_meditech.csv,95,LEGACY_MEDITECH,135921,7ceda83e8398fcc144503f0ba86523c5f64f82a6d9decf1339d01ed229b6205f,099caf7d185e11d618d18de9ee3645dad4088ad05053ac9ae30d1b7ee8bf9316,2023-05-24T05:51:25Z,NEW_ENCOUNTER,,,
batch_002,encounters_legacy_meditech.csv,96,LEGACY_MEDITECH,114935,9a19abbced526eba8b59fca19002d02b5c7c1cf1a90fc1e1f39bdf6e2de20f5c,a745872b88068029cb4ddb805b250142bc12dd4a7914eeb5fd86925edcbb74a3,2023-05-19T13:44:52Z,NEW_ENCOUNTER,,,
batch_002,encounters_legacy_meditech.csv,97,LEGACY_MEDITECH,133690,9e95b4dfba37cdf6dd23062b787b98c198f63733003157245cd404988cd043b5,264c11d013eed4764b1b81994a6f25be4593b932c484a599d3a650ea259ccd4d,2023-10-07T22:33:25Z,NEW_ENCOUNTER,,,
batch_002,encounters_legacy_meditech.csv,98,LEGACY_MEDITECH,120101,5720a8054da2ab61f5e6c9772cdae7ddd499f2f85ac88c7c25fe574a9ec1d905,d3895beb81625ec1097a1baf51611578bbf9288358bd3828226ebec19fed6e04,2023-05-20T18:53:19Z,NEW_ENCOUNTER,,,
batch_002,encounters_legacy_meditech.csv,99,LEGACY_MEDITECH,112749,61d2dd9248abd588bcb42560bbd012467875bf6e4127c97fb7b48800a956b630,3315499125442eed25de904601ef40547c96c397d0ba450509b6d7816ca17ac3,2023-01-31T12:02:11Z,NEW_ENCOUNTER,,,
batch_002,encounters_legacy_meditech.csv,100,LEGACY_MEDITECH,139932,0f1d246b48d7616bb8f085964cc085a69e5f5b54b3191528e1b59338182127b5,8d743ac393f74670a6647c7f990be3437a6ea2725d39371801609379123e62a7,2023-11-21T08:44:52Z,NEW_ENCOUNTER,,,
batch_002,encounters_legacy_meditech.csv,101,LEGACY_MEDITECH,123675,c0172d8c6e71146a475fa46beccf6e042a3858664bab8c210a7a7839836473ac,0d3402bc32a009702795ee087c314d7c14ec55c8e04d4eb63c73317dcd5f7c98,2023-07-11T23:42:10Z,NEW_ENCOUNTER,,,
batch_002,encounters_legacy_meditech.csv,102,LEGACY_MEDITECH,134370,81ce50825019e7b96d29d74ad85fac71fc0cbfccef696d038262c183e5a7585b,f82b892e3951aa51ff9e1bcda7466c6cfa302d283eba3ccaa63930bb7125ca24,2023-04-01T13:32:08Z,NEW_ENCOUNTER,,,
batch_002,encounters_legacy_meditech.csv,103,LEGACY_MEDITECH,121973,a5ed39e505d02157894e12d91aa18d725086bb9ccbc718132de4c059bbe86904,967ad95c3a58163a471d9ced017da059555a882e1a6e2facda6bb004f6b2795f,2023-02-13T03:42:58Z,NEW_ENCOUNTER,,,
batch_002,encounters_legacy_meditech.csv,104,LEGACY_MEDITECH,138510,9ae77966af0d5bc28ca3a431c8c416a6c493e1aa7c24a43c14005b1da4e610dc,55a02cccfa06cb1e27b26726c671d663031ba7c7101f409f39f5423c23bd2c0f,2023-05-30T04:35:21Z,NEW_ENCOUNTER,,,
batch_002,encounters_legacy_meditech.csv,105,LEGACY_MEDITECH,131037,35f748e024208d193080f5fee6b4ab2f12284eeebec6622135790009e80137f1,35e8dbb3a6f22340bc02d4d0250db1976195e74d66bb82baaad74abe8d5bc935,2023-04-19T19:11:18Z,NEW_ENCOUNTER,,,
batch_002,encounters_legacy_meditech.csv,106,LEGACY_MEDITECH,117135,9d29c1b7b373d7c1da25fa13e762a5dfffba49525e25a41a4c3fe24260644b07,308c5925a210e507d1fee73ddafadd47686d00197fb4bf12aff16e4999288233,2023-05-17T07:05:10Z,NEW_ENCOUNTER,,,
batch_002,encounters_legacy_meditech.csv,107,LEGACY_MEDITECH,118947,6616ab062617b2f034397b4f88294b44c55218d0313cba020a6b3ca06908db24,41b7398203e9ef968e7711a2283420e1e364a84c25d1e9223d020f1e50475637,2023-04-07T22:52:44Z,NEW_ENCOUNTER,,,
batch_002,encounters_legacy_meditech.csv,108,LEGACY_MEDITECH,125598,677b0d6772ada7ac8178ccd2f3e979f607589014878acb0788d7dce46cfb89dd,5cce8469fbc5351eff5c0a3eec447bebbc7a7ec5390845d628eda732eb3f16e3,2023-04-18T19:41:23Z,NEW_ENCOUNTER,,,
batch_002,encounters_legacy_meditech.csv,109,LEGACY_MEDITECH,122681,4efbdc0207ae665473106e509794cc991e1087f91a018e42449ab6847a69e12c,ae0aa4e8425574f82fa64f6aa84737988f109836e4aa5fbbbfa2fdc53484c58b,2024-02-14T14:54:20Z,NEW_ENCOUNTER,,,
batch_002,encounters_legacy_meditech.csv,110,LEGACY_MEDITECH,123857,8b24de3b24017832fd8c4abb385e713b55bf3bcb08e37cf4ca93d8944a598ea1,5a57051db4aa9ebf19c1378d47dfe52bb845fa3649417d84f64a6818934e4acd,2023-09-19T17:20:49Z,NEW_ENCOUNTER,,,
batch_002,encounters_legacy_meditech.csv,111,LEGACY_MEDITECH,107632,0cd189f4490cde4479d3b1dd4a8f75188b4f97affa29eb607fcdba23812ed8c1,286cf9ae73e8e3b2946b00ed9c7f6426dce47f08a59d33dd167cc47b8b589f28,2025-01-05T21:36:39Z,NEW_ENCOUNTER,,,
batch_002,encounters_legacy_meditech.csv,112,LEGACY_MEDITECH,115065,9adbfdd1bfababdf3645270501ef8c92703d1c8eeabf530356e3ed9406df6b09,780aefc39fc8d46ffda3b956bda1b03121a16ec729235eaca39eab6707b3b55c,2023-10-09T04:06:52Z,NEW_ENCOUNTER,,,
batch_002,encounters_legacy_meditech.csv,113,LEGACY_MEDITECH,123282,aef48d138b7fe59d1489a848da861233d3a8d50623a98b391f5642b8f1de55f0,27bb15d1e7f96b5aef5adde8a509012154c94e3747e398c5ac81a541d770b7bb,2024-02-10T08:18:57Z,NEW_ENCOUNTER,,,
batch_002,encounters_legacy_meditech.csv,114,LEGACY_MEDITECH,130513,92f3a68409ccb8e8f4033fbde3d8d98de2ad064f0e9fe6c9ec97f7520ea003a8,e34d2d6e868d0451bd96d65d098ce5c7cfebc80ffec48747aa953c921823b416,2023-12-05T11:53:32Z,NEW_ENCOUNTER,,,
batch_002,encounters_legacy_meditech.csv,115,LEGACY_MEDITECH,124874,8e4181ea83e6159493221f1448c3ceb36a54bf55a1285650c2a394cb3fd4e067,546ce2f199916aadd8f97112101da989c8834643acb51cefaa8a97a610c5eef2,2023-03-06T23:40:58Z,NEW_ENCOUNTER,,,
batch_002,encounters_legacy_meditech.csv,116,LEGACY_MEDITECH,117182,fe41daff707bbfb9aa4cb3fb7c83a20f9c00c397b7b7dc0b353f8c4e24cbf4bd,470cd79a3a82cd5e7fd49bc772ce5bb18254932f48f84e49046c5ab3f035874f,2023-09-04T14:44:29Z,NEW_ENCOUNTER,,,
batch_002,encounters_legacy_meditech.csv,117,LEGACY_MEDITECH,130249,5ee24054da90c23d8d3aa0e954f97fad8e4bdb0c3c9e6311635ba7d9771fa31e,f329d9701fd66e820484247258de3b528aa3238515a42743d2f54018429b2421,2023-03-09T02:20:33Z,NEW_ENCOUNTER,,,
batch_002,encounters_legacy_meditech.csv,118,LEGACY_MEDITECH,126726,83141bcb400404d8f224b374f087076ecc82c7a9ed9e09d0e8d22c06024100dd,1c415e1919b08698328d57f565c6cc87d85be6de55c47562e7dc7002debc56c5,2023-02-04T20:32:21Z,NEW_ENCOUNTER,,,
batch_002,encounters_legacy_meditech.csv,119,LEGACY_MEDITECH,126022,55839d2c7fa4f5d69efcdadac28069c8b35e691501a4eb3b174e8e85a7123d91,7beff6c51f8833a9cd4537de9fb01690541e454f9d48d13f6b9e6ec7483cc620,2025-01-07T12:53:50Z,NEW_VERSION,,,90e1981ef1a4e53b7b6782cdf6b9a7c4421c6d20f55c04fbb717c7f4accbb68e
batch_002,encounters_legacy_meditech.csv,120,LEGACY_MEDITECH,111361,190b2ef5ed355cb7cb6d72c81a01362fe482bf4d598bb893149106cbafc36dd3,78c2fc486c88299627e2aa38af798da017072f54d2fc0abff60abd99d079bc18,2023-11-04T14:32:41Z,NEW_ENCOUNTER,,,
batch_002,encounters_legacy_meditech.csv,121,LEGACY_MEDITECH,126126,57881cfc35c92584c33b7b6335f9864a50de0a185ada0f32962f890c0e4e8fbd,abfb5763a2356655ffdbd0463be05573e8386497c8a9f109cbeb32eb2a8ad13e,2024-02-24T05:18:17Z,NEW_ENCOUNTER,,,
batch_002,encounters_legacy_meditech.csv,122,LEGACY_MEDITECH,106716,cf43067169e2b029f5e969a3c1c7e2bad3b34e4e8a2ac92bd5a50d3722361704,80969738a2d108a7848bd6f30baf70ee92f1e2a74bdb61ed824ce4984f8de40c,2023-09-11T05:27:16Z,NEW_ENCOUNTER,,,
batch_002,encounters_legacy_meditech.csv,123,LEGACY_MEDITECH,139234,03272a624a28990b46ed3b9d69c1cc43798ae2fcea7126751a8505dd567719fe,55117460e37b8e3d536cc3475dd4c257417169cbf2e607a8ac8ae2d9fb47a244,2025-01-08T06:53:01Z,NEW_VERSION,,,d9c6a2ee6ee3659bbdb9da56e01352f5d7b23a1310e2f851a45d69dbbf7f8a72
batch_002,encounters_legacy_meditech.csv,124,LEGACY_MEDITECH,111689,7c17fa9b70bfb52742911c744a7b724f44ebf827946ddc2d0b46da3c67d81b3b,84675c4f1dcf8afd13b0c3337b09d3236516ef2c95a4aad40c07121772849676,2023-06-24T02:06:47Z,NEW_ENCOUNTER,,,
batch_002,encounters_legacy_meditech.csv,125,LEGACY_MEDITECH,123509,3c0b5af65fb987a7faa9218585d6c59c8d0d471bb6a256bd654357b89ac90da9,08bbce01c3b61695dc60ec8b6e27fa42bf5186139b0aed1e1b78abce4c6a9534,2024-02-23T00:44:02Z,NEW_ENCOUNTER,,,
batch_002,encounters_legacy_meditech.csv,126,LEGACY_MEDITECH,114060,f61762deb3883c737716e5c5f349ec325d5f43e5e4d2bab6b3e292cfaf363d69,23cae2aee7745bd9a8b4d30333117750ccd3a5ec1cfe75fcead147d6e2255599,2023-05-14T22:34:45Z,NEW_ENCOUNTER,,,
batch_002,encounters_legacy_meditech.csv,127,LEGACY_MEDITECH,129442,f65901078367096b8b1259760ad10480ca4e304588a685a21c9ae3d5045c5343,96cb7ede4856ef756492242b59c5de686d7e8da0145fb4783488b62cc93f1cef,2023-03-15T10:08:55Z,NEW_ENCOUNTER,,,
batch_002,encounters_legacy_meditech.csv,128,LEGACY_MEDITECH,130310,bdaa52b961c99d6be522f80f105cdc68df2262e6f084777dbabd02a7e4da74f3,4f85e49cad863220869056f0c6b9a1d8419a905217b5acfc675dd248a58fc9ba,2024-06-29T09:31:29Z,DUPLICATE,DUPLICATE_OF_HELD_VERSION,EXACT,4f85e49cad863220869056f0c6b9a1d8419a905217b5acfc675dd248a58fc9ba
batch_002,encounters_legacy_meditech.csv,129,LEGACY_MEDITECH,118496,996b2f9ec6f78476461f3a05da42434a2b0abf907cc24fe57d790bde8bc3bc12,be4aa32c95312c03e5465ad777d996d85b05a5550832d446fbe9c76eb26ffafc,2023-09-23T08:24:23Z,NEW_ENCOUNTER,,,
batch_002,encounters_legacy_meditech.csv,130,LEGACY_MEDITECH,100704,d44ac19193b35b180dc90250910b54190e6a78c3e5de31348d1c54f0f7cd4c18,c1841954aa76bb016b4864454d4a922f2731becde6af8a601e56fcfb8c4e4354,2023-10-01T11:09:46Z,NEW_ENCOUNTER,,,
batch_002,encounters_legacy_meditech.csv,131,LEGACY_MEDITECH,133379,bd2ecaf958f4c21598b1f9e6d8c764b59c6d434d4659e89198ad7a58560b8384,42c31f80b1674a13b77a739cb2be9756713d147a74cf9980de3ca887b054dff2,2023-10-08T14:16:27Z,NEW_ENCOUNTER,,,
batch_002,encounters_legacy_meditech.csv,132,LEGACY_MEDITECH,139557,2605f173894f01a15fb70d92436619c11599b33006042e73d2e1b2b2fa2f3afa,961eb2b188d1ee8b95da065b1f9b96013ce130269ca7f0960446c0af188f5bf2,2023-10-21T14:40:22Z,NEW_ENCOUNTER,,,
batch_002,encounters_legacy_meditech.csv,133,LEGACY_MEDITECH,129842,8745b89a466fef9ca943d1347c7bab329ed4c3565111078f3405e5c9027adabf,76015437154c64ddf25e49c10140b67a0ea6cd93dcebf3a5f9ab7d064701c5a7,2023-11-21T06:45:28Z,NEW_ENCOUNTER,,,
batch_002,encounters_legacy_meditech.csv,134,LEGACY_MEDITECH,127515,269ec46f0761722b1fbb1ba888eb76ae46b5ae69e686b0ef48720e24b829d31d,c4bc0fe2a1ae67fccfc5732b35a7d65320a8db2f7497eed67c0bf29746165f64,2023-10-31T14:44:55Z,NEW_ENCOUNTER,,,
batch_002,encounters_legacy_meditech.csv,135,LEGACY_MEDITECH,139659,51e4af424ef6869dc97b8e556c0f92dff6ca1f3ed7ae5ee9cb24d34e5db61c7b,42d311a5df4a95edab7259f338496ac9acf979a90aa9e8434e857fdabb18abac,2025-01-12T08:16:26Z,NEW_VERSION,,,56a2d810e704b9cd0f8b8eb6e00261bd8a1790f094d5a61a9f76f6a286296cfa
batch_002,encounters_legacy_meditech.csv,136,LEGACY_MEDITECH,116605,f0a755ac705f2dd4c2c202ea5251473d771c8fe4d0ca81e2474a6a66f5b0c2d0,7c4586d0987ea16f493785a0f18b35e5d35ce9845fdd240a3e5c638f543802bd,2024-10-26T09:28:47Z,DUPLICATE,DUPLICATE_OF_HELD_VERSION,EXACT,7c4586d0987ea16f493785a0f18b35e5d35ce9845fdd240a3e5c638f543802bd
batch_002,encounters_legacy_meditech.csv,137,LEGACY_MEDITECH,102308,de26bc2470e05e99e38bb91d242ab29522df12f8c9b6d31327731cdecd1c7b52,dc29dec4016ffb60a0b449075945f4c95d728ce57e913be454aa4230702cf5cf,2024-02-13T10:55:13Z,NEW_ENCOUNTER,,,
batch_002,encounters_legacy_meditech.csv,138,LEGACY_MEDITECH,126050,4b93d4cfc9cb7fef933b5fbaf9edcb896524eaf2ea55e897665e5b4d62851faf,1fe659ab5d38d93786822817117ed0037d77281d915ee67b37b2d93999da8df0,2025-01-07T03:16:27Z,NEW_VERSION,,,02626e4faeb5c3fa8c8449b86fb0f0cac2037c9b3ade80f0eead5fb0bf3b0336
batch_002,encounters_legacy_meditech.csv,139,LEGACY_MEDITECH,120147,0bb04c477afbc6d91a7789c4cb5478dbe0c9ebbf710acf450df01cbc1399a3f9,a7ea9d0d85eff82a42549be3fce05717dd6b5809573672823b386462fa298d9c,2024-02-10T01:41:52Z,NEW_ENCOUNTER,,,
batch_002,encounters_legacy_meditech.csv,140,LEGACY_MEDITECH,127158,bebfe0338d077ece1e00351b26af10cfc3eb0199ffc63aac0cf1d630baea71e2,1ab962a93129827d5540ec3523968cc97a919ce0bb71fe16f5fd8e569f758e84,2023-11-08T17:29:17Z,NEW_ENCOUNTER,,,
batch_002,encounters_legacy_meditech.csv,141,LEGACY_MEDITECH,104182,9717774fc39d1b72c639370b49032ba21c6137cd75f09d92066bd54fab082af9,30c5cff21c0bfcff3d47492d88ba1e57d855c8849e4b321739555f6f9fbf022e,2024-07-27T10:28:31Z,DUPLICATE,DUPLICATE_OF_HELD_VERSION,EXACT,30c5cff21c0bfcff3d47492d88ba1e57d855c8849e4b321739555f6f9fbf022e
batch_002,encounters_legacy_meditech.csv,142,LEGACY_MEDITECH,103544,d578499def5778872ba2737ccdc176d4dfe1f9523e1639d55acfbc38e28bf7cb,bf25761fe4080fb15fa0b69f445ad44771d0f67650d08b4ad76c0a8c0939143a,2023-10-08T21:06:13Z,NEW_ENCOUNTER,,,
batch_002,encounters_legacy_meditech.csv,143,LEGACY_MEDITECH,112562,30a53ceb2b4238364ec60bec1672250fa6bbb169170c9dd767a49157f5357fa0,b701d704d7ec3fe49d52ef488a17e78d57effa8dab7d32d78e4e79dfd812d6a5,2023-11-21T00:40:04Z,NEW_ENCOUNTER,,,
batch_002,encounters_legacy_meditech.csv,144,LEGACY_MEDITECH,101900,9c2ef27a98c867bb6b0957555ad8bf9320526f9020fc73e6517165db65bbea88,99fcebf8fcd5bd1bd935a6726bc72e334f0d9e6f1d47c7da982379b3a9142f2f,2024-03-22T18:59:27Z,NEW_ENCOUNTER,,,
batch_002,encounters_legacy_meditech.csv,145,LEGACY_MEDITECH,126936,8e5bc67c9b1e221c2d3b64c402a73d7be5a14cbb8984a93a7bbb4f0fac8faa3a,87dcffd8959a4ae19bacd832d90f01650a0d4412bffe439f38e0bcf41aba5936,2025-01-09T03:56:00Z,NEW_VERSION,,,4f0249f751377b492c99f4692645a1aeccde130087c1a91285821444d9b1a1f8
batch_002,encounters_legacy_meditech.csv,146,LEGACY_MEDITECH,139533,ac11895244e7f900725e983431f4bb201706cd64850c56881a88b9c37dca8d92,4dc86f61d41adfc25b1277a8f062b22b02efedfb4b3c5c3eb19f413089329019,2024-01-05T05:04:53Z,NEW_ENCOUNTER,,,
batch_002,encounters_legacy_meditech.csv,147,LEGACY_MEDITECH,102548,40b1312555ac40a175c6c4bc7a1713fb4d232efb191e2c8c9a78fdcf17cc79ec,090f300750accd53baca1f5f7e323be9aa1b719c53e1365c157313375e3e2f4d,2024-05-27T01:02:28Z,NEW_ENCOUNTER,,,
batch_002,encounters_legacy_meditech.csv,148,LEGACY_MEDITECH,105965,73eb02ca1d6de9b5a6d75857926cdf048a9dac8dc33085f59143f11101865898,a2dfd4e72b5243b7d3d06dd5fac4f9ee7e8c4ae63859b16ccedb1c828095c521,2023-07-29T18:16:44Z,NEW_ENCOUNTER,,,
batch_002,encounters_legacy_meditech.csv,149,LEGACY_MEDITECH,113501,d956393b5924bf9f5b46be5fbe143d4bb9466b3305d59713635642d405b91a18,90a1536ee1b625838408af22d94f3bd9c70fa037c564a8db9d643c2400937b5f,2024-01-26T18:24:35Z,NEW_ENCOUNTER,,,
batch_002,encounters_legacy_meditech.csv,150,LEGACY_MEDITECH,124055,c75d988a4fe5c63f14a10880549bd2e40610c103cb39364bb4e7bb8244d4ecf9,3fe503386598a6f3016edf68f5ea4ce0311ebc655309ae0497ff4366de970974,2025-01-08T02:33:20Z,NEW_VERSION,,,7e725287787981a8f73b1d6ddc4db6b3905b18e2f4ae9fa0d2c8cf0cd621450d
batch_002,encounters_legacy_meditech.csv,151,LEGACY_MEDITECH,101941,2da7e49c32e804b22779cce7958abef91696fe901585dbab9944afc5607465f8,b614265ca1980bf29747659eb8aa87b330b7c504dd786028a2114276e1af7639,2023-12-13T19:21:32Z,NEW_ENCOUNTER,,,
batch_002,encounters_legacy_meditech.csv,152,LEGACY_MEDITECH,128775,337d9b266fcae48ff1166ca4ca8dfb45c3fa9c01941c8406d37c88ad5e52045c,97e3936b7b2bd1b930522f3c543c03f36127f35a57eeaa9f8d4c23dd2c772bc2,2023-03-31T11:18:07Z,NEW_ENCOUNTER,,,
batch_002,encounters_legacy_meditech.csv,153,LEGACY_MEDITECH,123652,bfba0df012abb706f7b8c4b6b495d8d3589318748f3d97fd983ed36301f5f6d0,2758df66daca4f6388bb43d1f204132127b09b42f2c8c5e1b14267f9e2a84163,2023-06-10T16:07:11Z,NEW_ENCOUNTER,,,
batch_002,encounters_legacy_meditech.csv,154,LEGACY_MEDITECH,112834,7e3c9d25b373100d97bea67d6edb307dd18a016b255db864a15fa17fbdf02add,ee8936a3970f7601698a6ac6c9412f0bc272db236c54733e5f11e19cbaf2a64a,2024-02-05T20:28:15Z,NEW_ENCOUNTER,,,
batch_002,encounters_legacy_meditech.csv,155,LEGACY_MEDITECH,136154,4bff1804173dee11c6a675418b4e7ca3cd2def62ebc8d4a857f55426459f8762,47c0d27b20d01b244023c71bf6e210ac0c4ee5664055e95d25cfbb74d8955d2d,2023-03-09T08:36:41Z,NEW_ENCOUNTER,,,
batch_002,encounters_legacy_meditech.csv,156,LEGACY_MEDITECH,107219,4b803c1e0a24f549a293800c88e58b9a07352d315a64d2d9b9a6ad7ba213fac9,e8a22b5e067303d4bd525e1130e91c4a80395b0f4917950d2dfe4b01a4b73b2d,2023-06-04T11:03:02Z,NEW_ENCOUNTER,,,
batch_002,encounters_legacy_meditech.csv,157,LEGACY_MEDITECH,117624,12f1f8d7af1fd7365964562bddf4734b5e33f51681a0d47aedf3c13374c89ef3,d7638555a18cefe7b2d621b66e07f7cf6b673dbeeef3bb57b500a2a1a7de6f6c,2023-10-02T20:55:40Z,NEW_ENCOUNTER,,,
batch_002,encounters_legacy_meditech.csv,158,LEGACY_MEDITECH,111348,008d4ef8b60daf10b9db7ace4b72d5b1963c64abd1fbd5024c843f39a0ddfb98,e4eb2b56c003639cc58c85a54bdeed71a86cb94b9716efe227012add3dae5a06,2023-07-29T05:58:09Z,NEW_ENCOUNTER,,,
batch_002,encounters_legacy_meditech.csv,159,LEGACY_MEDITECH,113710,e783feb7888c23c62a5d8b582419f1f770a8d2160d415cbcf8dd42265d50674b,faaae355660de694a0c0c480f14b16d86a83c8e24dbe260a53b954754ac7997b,2023-09-23T14:37:21Z,NEW_ENCOUNTER,,,
batch_002,encounters_legacy_meditech.csv,160,LEGACY_MEDITECH,120874,20335228c91a4b0aa962f0c2b3ea1010ff9a32dd99a844f0e769111266db76dc,2f58ac65c50d03a0d52d2a8f6341a8cd13d469e0d76155263ddcf3ea00aebedb,2023-05-08T21:05:40Z,NEW_ENCOUNTER,,,
batch_002,encounters_legacy_meditech.csv,161,LEGACY_MEDITECH,116755,42c53c0f0335f5dea22545a7ccc9aa3ee4eee3d289b8a53c9e533b18b39e805a,aced19f6602d6e498fa69ccc27e5c85f6f110e5108d9be5d4cdd5eedb9e8ee74,2025-01-13T02:14:38Z,NEW_VERSION,,,cf1209d1b15a3c422fb1ace68b28668845af868775c7ec78ce984267c6025034
batch_002,encounters_legacy_meditech.csv,162,LEGACY_MEDITECH,132477,aa44fe513d9b9005605acad4df27a1ef0fcdc78832de03496cb88d96dbdaff3f,b484f406e9fd2fa89f757a5a9c11b8732398e3b005c777011089aa36282c0532,2023-07-15T03:39:14Z,NEW_ENCOUNTER,,,
batch_002,encounters_legacy_meditech.csv,163,LEGACY_MEDITECH,123899,8fd54e422f8e7b9f1ee397ffae4c759798dee63d9dd1df0d16bd7e6645060774,f3f719d6b5422fe99b411170ebfb005f285b10039b2eb93dc80921a4f73267bd,2025-01-07T21:50:00Z,NEW_VERSION,,,4aa13dd23588193f45754c1d5fc4de773597a9fd2de72125de448e263bb8fc27
batch_002,encounters_legacy_meditech.csv,164,LEGACY_MEDITECH,116465,c479fabc42f0afcbe143573dfd4e1bb08b86e1d1687f9ba0ee805f1f0483abc3,858732c9333902550e44946f2cb069ebe9eb088e7e8e0ab0d8fb6a436b223bc7,2023-06-30T18:12:20Z,NEW_ENCOUNTER,,,
batch_002,encounters_legacy_meditech.csv,165,LEGACY_MEDITECH,120808,691d42aa5e3252b34492576e6b71760f0308d46b98c7947d4d00e316739ce2f5,22000f3fd4b617a6e472c815ab3e3615f24fde5fe36d91ff16856e7ab7490c97,2024-03-02T10:27:24Z,NEW_ENCOUNTER,,,
batch_002,encounters_legacy_meditech.csv,166,LEGACY_MEDITECH,116841,4892456e328690bf4f9d26bb5afc2a52945d630b800e7bba3e9dc91bda653ab0,d84230f2bfd92fef586e242535b672a43b036001b0707d33d8cb66bd023641d2,2024-08-30T07:22:39Z,NEW_ENCOUNTER,,,
batch_002,encounters_legacy_meditech.csv,167,LEGACY_MEDITECH,107234,80688e362a6745fc9c744e5f504c96c484f06e16f9c24a9670e7fefca0bdffc4,da7a6ef3268c766886f6c5b78b145027ce1de4ef37845f5e1c33d692201ba9bd,2023-09-17T03:00:46Z,NEW_ENCOUNTER,,,
batch_002,encounters_legacy_meditech.csv,168,LEGACY_MEDITECH,121784,e28938a38c17dee11edba2214d9cbfc270185ca979eafeef57852acb3c62ae33,8903a9ea23bbf2e58c253efdf92f6229c6cb8b7ceeebc998e534737e531beaca,2023-06-03T01:58:16Z,NEW_ENCOUNTER,,,
batch_002,encounters_legacy_meditech.csv,169,LEGACY_MEDITECH,110506,654132b47f383f104aa6b8b6d06f1a3ee79802ce2508e32ae5280ddd0fef5ae5,17ecf4c57c95c993f135176b8a3b55763a4abc0e38411dd27574227a48178786,2023-06-11T10:48:18Z,NEW_ENCOUNTER,,,
batch_002,encounters_legacy_meditech.csv,170,LEGACY_MEDITECH,118800,e60f7c8c1372370b35f06f429331006847d0ebadbe64a6283475842bf821eae8,039b51771d3ae89b330f5d4f361c192f359a8ab1d663993b9c4354ce420cdae0,2023-12-25T10:10:42Z,NEW_ENCOUNTER,,,
batch_002,encounters_legacy_meditech.csv,171,LEGACY_MEDITECH,136849,dc31ee81172c015621a2f66e4550267941b9784820a164f6f0648223a66d4dec,2d3321c3d0f5106d2f382ab17625f93a8e2dc4e3cff335b09e998f4dba583b7d,2023-10-02T21:44:31Z,NEW_ENCOUNTER,,,
batch_002,encounters_legacy_meditech.csv,172,LEGACY_MEDITECH,103411,bcba0593be5194b6ee1bb9ea737647515fbf24225907c9299663c49fa3083669,8a37f6ba0311cc52402f208b369c69e056815580aed43bf710594d1c7cf86583,2023-07-19T15:15:50Z,NEW_ENCOUNTER,,,
batch_002,encounters_legacy_meditech.csv,173,LEGACY_MEDITECH,131151,58a67ea1322eaa29f4b2890587a02e0b189a37a1d0c553b615a10e405fb6a94b,1e9ec5d306407236bb1fe3c092df216898abf1b37e58482b6035ffe189f75f04,2023-12-22T12:14:02Z,NEW_ENCOUNTER,,,
batch_002,encounters_legacy_meditech.csv,174,LEGACY_MEDITECH,131062,d25cf5cba8a1ec46994a5ff00271ee49edb06d2d3fc2a1ebb5193c3b8a9d1e1d,1b38d982dae4dbcd72e5471e751f782c431b0b7be3756efd2fb0dd266934869f,2023-02-06T21:13:02Z,NEW_ENCOUNTER,,,
batch_002,encounters_legacy_meditech.csv,175,LEGACY_MEDITECH,105340,d844f269c5a2f9e85119ece5747d4976946a1865a801f0486b2f09a2ec4d0c9e,e25f083251fd9e4b583dfaaff51bed5a4ef4600f01e1e5dba9ab68bc8ce72283,2025-01-09T03:53:18Z,NEW_VERSION,,,c8db0084c824032150bad3eb35a3013203437c3930b8248c645cf44df88a86b8
batch_002,encounters_legacy_meditech.csv,176,LEGACY_MEDITECH,105730,24499752c221d2c5b9259a362309a7acbcfbb96d6fb2557422dff8e8738f4937,b048a50127700fc217f6b74b2dd106c1cd42e85f068e0550d460aab47c61e9f1,2024-01-31T01:45:38Z,NEW_ENCOUNTER,,,
batch_002,encounters_legacy_meditech.csv,177,LEGACY_MEDITECH,123387,0ee6b599a4e7a0512392905688b1ee9fa88478e391f0f13d9be253436fecf175,3dafa784427e3b0eddeaec4bfe56a534cc9574088b81e991cdd31234ad294e4b,2023-05-28T05:43:23Z,NEW_ENCOUNTER,,,
batch_002,encounters_legacy_meditech.csv,178,LEGACY_MEDITECH,105586,d18425162bb2ded602e12579db592c022e0380ba35f94a215bc4b987b0c0ffbe,088f2c190ce56499b42531b54e0e017379ec3f3f04cee8b816a09dc7ed62edf9,2024-08-11T08:58:49Z,NEW_ENCOUNTER,,,
batch_002,encounters_legacy_meditech.csv,179,LEGACY_MEDITECH,124271,e61cc6ee4387162239f660f7b0a5bb184b1228c0f73a2e3881871e07266bf8bc,5c2158decc614d69faa7e9d50049c428a17398afa82943820de4baf8eb7e4983,2023-12-23T22:15:36Z,NEW_ENCOUNTER,,,
batch_002,encounters_legacy_meditech.csv,180,LEGACY_MEDITECH,116966,963a1f881dc488772fb1c6f188fc476c5f430cd46c61355edaea03e7a9c1f3c6,bfd466d9faab6641ffbd5881364771948b35d5dbad81f0028df75f0795d2923d,2023-05-05T17:22:07Z,NEW_ENCOUNTER,,,
batch_002,encounters_legacy_meditech.csv,181,LEGACY_MEDITECH,107158,654768028a4562dbfdb52e4095f6bac84d764bad6291ec4a14a87a3f9cab335e,5a0225b1110f5c00d14e151af3270522fde4babd70f5ba8f6810ee2c1c478b39,2025-01-02T08:28:29Z,NEW_ENCOUNTER,,,
batch_002,encounters_legacy_meditech.csv,182,LEGACY_MEDITECH,105956,5747dee13ec109b570e42f2b776f666d85a35441d370283605aac562a4dbdd7a,66b6c6ca2158dea29d1fa2379b325957d2a93d236ab528e4c885cabe8275dca1,2023-11-11T12:53:35Z,NEW_ENCOUNTER,,,
batch_002,encounters_legacy_meditech.csv,183,LEGACY_MEDITECH,117637,bd3f864ebee0f639724ece187317c665da8f51517d32810779e8036220bcc723,9e4b0790b3f71ecf642a8708cf8da005f302750db0a2bf7049d6a86703d69007,2023-05-03T18:06:02Z,NEW_ENCOUNTER,,,
batch_002,encounters_legacy_meditech.csv,184,LEGACY_MEDITECH,112990,f19e247fec8ebcc50bcb761c482b7b11b940f0b19a0ba7abe4aa6aabfd172a7b,c114cc2cbf6622eaf8040c415bbe50626cc73748fe16c34641a46f360a617f0d,2023-03-29T21:33:26Z,NEW_ENCOUNTER,,,
batch_002,encounters_legacy_meditech.csv,185,LEGACY_MEDITECH,116310,2e91b4faba36783a69f69cf5af4256032d06275af4e645416a388c0dc04be3c3,766a12b1d28bcca5e51acfa55b61383d8793ec5f2beab3e9d4b00e990a87203a,2023-03-05T02:53:43Z,NEW_ENCOUNTER,,,
batch_002,encounters_legacy_meditech.csv,186,LEGACY_MEDITECH,133675,c6c55892652ee3c5648a43f443442b966a016f30745f6ea0529ebcfbc12462cb,24d34d2d14cc921629d03b609d7cba9331211fd228b37eaf35a004a84a8277e0,2023-06-12T22:32:23Z,NEW_ENCOUNTER,,,
batch_002,encounters_legacy_meditech.csv,187,LEGACY_MEDITECH,118938,5a27e87b131b1f66f3340af68ed4f8ad41b469bc6785ea950eaa81aa98366c2d,1893d984d89005574ff9b7f727ccb82b908f05fb606452720ba315f4c62e59d7,2024-01-05T18:44:46Z,NEW_ENCOUNTER,,,
batch_002,encounters_legacy_meditech.csv,188,LEGACY_MEDITECH,119231,e9fe83a16ff04ec00fadae83f43a5d12064c4b3c7777388ae7087abaac24056f,86443e127d31800e294f0234db6ee2f5d9b91a578367c66e6fce4ca25a861e84,2023-11-09T01:09:23Z,NEW_ENCOUNTER,,,
batch_002,encounters_legacy_meditech.csv,189,LEGACY_MEDITECH,116056,84ae7e26906168b9b3c87402c401e9da7d36c1635872904b242ae982cbf84e88,eb2e8417b4c058750439b2d27fc7353aa1b2ba60c38a78c35aa777025c10586f,2025-01-10T08:29:20Z,NEW_VERSION,,,c917e6f34102740b6ba6b3bd0ac366e270a60aae20ce07b181be9f4f63cb1228
batch_002,encounters_legacy_meditech.csv,190,LEGACY_MEDITECH,123808,5a234413c618c613f3a183fe36663fa22bf265ec1ddb473f87e74dfbc5feffdc,1033c5bca3210eb5eb2b49c2758f6b16ded726d4d22bb2330d192433e5d60a27,2023-12-25T04:54:19Z,NEW_ENCOUNTER,,,
batch_002,encounters_legacy_meditech.csv,191,LEGACY_MEDITECH,132136,fe41653445b1cd46e8e655b7f3d3184841d3f0f967bdb0663c49d1740375b16d,33bbc71a5343be6f9835fa5d964b0d8df6e4952cede0a8d6e9c2989095f892f9,2023-07-01T18:40:59Z,NEW_ENCOUNTER,,,
batch_002,encounters_legacy_meditech.csv,192,LEGACY_MEDITECH,131150,00f92dbd8dbb2ed96b5b2e0abc6d008f9141fa149ccd431a5309d38390d2c751,3dfc84d37c7647bc220cca5e902b976753b66e5f8f2b44fcce9e5d7eeac17d39,2023-11-03T16:27:46Z,NEW_ENCOUNTER,,,
batch_002,encounters_legacy_meditech.csv,193,LEGACY_MEDITECH,100188,d47e1ebffa8464d3416ea9713b7c238e5c277dbf38c76b329fdcff0ec41d8e9e,be01074bd98ab3c5e50bb26a3db0954ec657256953695786ffe3db9f4d990374,2024-01-12T00:57:09Z,NEW_ENCOUNTER,,,
batch_002,encounters_legacy_meditech.csv,194,LEGACY_MEDITECH,111510,b7f14f450a6bd77d93461b6991015e72069dba477742e4bd99e179d03123c5be,9fa1dd06c4d184c190b693e2f17ff5cf69e8113c306e171703fe8312f86ee960,2023-01-17T08:46:32Z,NEW_ENCOUNTER,,,
batch_002,encounters_legacy_meditech.csv,195,LEGACY_MEDITECH,114387,72964a0856196cd9b1ed7b01cb6c2ebbb35d0fe25c5d76f84e02482e435c2556,736fde7dfc1df6d2ae602013c6b5cc086d967283d35495006c9d43b5a01cde21,2024-01-15T02:38:06Z,NEW_ENCOUNTER,,,
batch_002,encounters_legacy_meditech.csv,196,LEGACY_MEDITECH,122212,bcc880aea49ee01f21b3835f5cea32c24a1f55eb14635a3cf81007b4b5e0ba06,0083518b680486731ecf6aecdc453eb3fd5d6e03b44b5638a7778f37bfb62e6b,2023-03-14T13:41:03Z,NEW_ENCOUNTER,,,
batch_002,encounters_legacy_meditech.csv,197,LEGACY_MEDITECH,118627,9b35604e69e49b16721566cff9d566e41ab669c5cf367974adef997258272b38,d1333fc5eb06829f4513d12a890a9b145bdebc0ea0aacb7eb651d81f5c11fd6d,2023-04-01T18:19:16Z,NEW_ENCOUNTER,,,
batch_002,encounters_legacy_meditech.csv,198,LEGACY_MEDITECH,108414,ec4598fc4b0e0193d6647edddbca23cc80708941235f6978cc7f1a936f21e5ac,605b80205d65d5769d94bc4b2904d6f65e2136955702227f7116ffd087f68293,2023-05-09T15:17:21Z,NEW_ENCOUNTER,,,
batch_002,encounters_legacy_meditech.csv,199,LEGACY_MEDITECH,119671,2b0952128d75d77fa3912d44a350da568574a12cc39d6ef727f54cf3122857a5,601f3f2e58bdca550f955c562a60ce616f23bab7a1416ee24cad37fdfbc491c3,2023-10-30T03:35:42Z,NEW_ENCOUNTER,,,
batch_002,encounters_legacy_meditech.csv,200,LEGACY_MEDITECH,116992,6d4593cb9d40d627ef890255ac691883c267bf8ce2c3f80c91a7eb51177f286d,09fbf8f1c2b622a24aa770302cca3046979ba43286c04c55e5a5b2a488e129a9,2023-09-13T08:30:14Z,NEW_ENCOUNTER,,,
batch_002,encounters_legacy_meditech.csv,201,LEGACY_MEDITECH,134323,05253a42e177a9e842ad8a64f5aa065c59c8f07570dc1691e2cd2ed7621fe87d,5b6e4cec113db6b2ae2d63efd98789be68c8178dbf29ade30324e9ce85df8494,2024-03-24T00:10:12Z,NEW_ENCOUNTER,,,
batch_002,encounters_legacy_meditech.csv,202,LEGACY_MEDITECH,122712,f2028132d27cce565c61fd3dedbccc3ead79dcda3d01a6d043624a0528f4540c,b50de261a94d8ec0b4abaf5286e0ab91808727654a95972716c76789116f6d7d,2025-01-12T00:56:24Z,NEW_VERSION,,,a7523bafadbbc1ced0902b1f9d136c59772ba8e12bdf36378c915bb1b846dc66
batch_002,encounters_legacy_meditech.csv,203,LEGACY_MEDITECH,102511,c918e661d072dc7906a45d72cf424f8ad2e45852bb4eac38aff2bd369bf25e56,358f5d433b165ea468414da988e37f04237761293d1f49eb765682850d0a98f2,2023-08-29T04:59:34Z,NEW_ENCOUNTER,,,
batch_002,encounters_legacy_meditech.csv,204,LEGACY_MEDITECH,103260,ff8e6fdfc66cb705fafdafa12e4690277ea89c0998be8bb8182dccfa16525590,550b1e16fa0d8fa1fb9c46e1c2abaddad45b537e161e607384fd0007ecc8a42c,2023-05-04T01:58:49Z,NEW_ENCOUNTER,,,
batch_002,encounters_legacy_meditech.csv,205,LEGACY_MEDITECH,121114,26526a8a30122006360e0152ce04527705fadbaaf75897a9658261fdbfb503bd,73b94a55d9c2c85f2a8f5b01415cf869ffca507c8310c54aecc61b46900bd337,2023-03-17T09:49:52Z,NEW_ENCOUNTER,,,
batch_002,encounters_legacy_meditech.csv,206,LEGACY_MEDITECH,112860,f095e3b6d145af4809d8943af6b612063a1592e591a3572d3714bc3cab62064a,9ec8ac3c10d4115d30fd06e3a0330027d1254f949e79a1f97e54f4d0251b1256,2025-01-10T13:48:30Z,NEW_VERSION,,,aaffdce5b361cc393b0a91bc6982c085b96b429c35b6634f58a1a872a3e889c5
batch_002,encounters_legacy_meditech.csv,207,LEGACY_MEDITECH,110839,86b8ebe5d21d64f1f4e7629d4bfc27a26443e74bb423256a6a72f29ef22b0ff9,b9c80fc79857364b54becdbd6e52e072cac4258715b249c9b8963e6c278375b8,2024-02-16T01:15:45Z,NEW_ENCOUNTER,,,
batch_002,encounters_legacy_meditech.csv,208,LEGACY_MEDITECH,115773,5ecba7aa665529d79d6a388c0f4e86a86fad8a6309fea1666bff3fe70eb36670,ae48e605f51221d741f5923042207a0dd76d31417065d01199ec7666254fd6d3,2023-08-12T04:04:05Z,NEW_ENCOUNTER,,,
batch_002,encounters_legacy_meditech.csv,209,LEGACY_MEDITECH,123846,1566b077bd84a672e44d6b8ca636a8a9d1b143c185c125f1c1ede87d6f9b8913,a7fea5f201205690124b2c3a454fe72393dbde4864ec79922dee26029db8e8f8,2023-11-08T04:25:49Z,NEW_ENCOUNTER,,,
batch_002,encounters_legacy_meditech.csv,210,LEGACY_MEDITECH,106958,1abced2a45c5f8af556cc8139961d4fa3ea2cfd0dabe24bab2df7226cbfb593d,2bcccf15b509cc1d542b4abc926e0b60defed8bde91727dcc9d29fb0f7596a7c,2023-10-13T03:14:22Z,NEW_ENCOUNTER,,,
batch_002,encounters_legacy_meditech.csv,211,LEGACY_MEDITECH,107061,b7ee2bf38a90309c6420ee6150273b076c6fb0d3cb31f932f0804f71e0184ffc,6e6b8ff375c86b111e550cd2585e66ebfc9f691d8a53bc25972d796978b778be,2024-01-16T07:44:04Z,NEW_ENCOUNTER,,,
batch_002,encounters_legacy_meditech.csv,212,LEGACY_MEDITECH,129398,19105aa2c05c0e2923b759f5d6db58448b73934daf28bb2ec480fa0adfee5ed5,4a36c22873806cd6b5100862cd9e6118f5f62f0fee4b1b59ebe5d0b33b818cfc,2023-08-15T13:32:23Z,NEW_ENCOUNTER,,,
batch_002,encounters_legacy_meditech.csv,213,LEGACY_MEDITECH,124896,5fde81d2c7782ef44c50f6f2bd145b5b4c1424038d10f59909215d57ba638462,02afca338622a70cf4c0767f1c18f536e615b52c8267524b4ece2f3490996e15,2023-12-08T09:59:08Z,NEW_ENCOUNTER,,,
batch_002,encounters_legacy_meditech.csv,214,LEGACY_MEDITECH,107631,55f79359fd433d4025f7dd6c0c0212c46931439e11bb8be83ab29ce7208599a5,b4e3af05c8841cae03cb020226aa5bbc0a077ed753fe7b168cfe32a8726f4001,2023-11-11T08:53:33Z,NEW_ENCOUNTER,,,
batch_002,encounters_legacy_meditech.csv,215,LEGACY_MEDITECH,134564,f2b68eed00919328accc9e8db40cc49129e1fc77fd20d1d023783d7bd867bc20,642f4c375e85c98a17ee4e7b009e71139ed449c0bbf8d9a5d8705dfa73d9480b,2024-02-02T05:17:08Z,NEW_ENCOUNTER,,,
batch_002,encounters_legacy_meditech.csv,216,LEGACY_MEDITECH,105971,f3f57fff5fe34a57332aeb03d6eab396bfbbadbd609fe0bdb82ecfd54a598bd9,f37c79bcdacdc66d100ae4631c74797d7bb93d59b2c4187855f51e2dbb6a9814,2024-03-02T10:26:26Z,NEW_ENCOUNTER,,,
batch_002,encounters_legacy_meditech.csv,217,LEGACY_MEDITECH,131015,c5a4abad65c328c3bab4dcd8a1a8af5b8ce0c50599fb78ab94baf57fa8c18e25,aaff122d52920129ebe5727cae64e33fcedf7dbcfaf3c78bd7a71ffdc7d0d78d,2023-06-03T13:40:47Z,NEW_ENCOUNTER,,,
batch_002,encounters_legacy_meditech.csv,218,LEGACY_MEDITECH,117361,60de36b0e471a8378bb4adae81f8f7f9a594855129e716e031b618739576bf36,71352a33aa3196262111d8b6db94c0eb084e774f9c0fd24a9e3b02cc574acfeb,2025-01-08T08:28:51Z,NEW_VERSION,,,7b0551496c1aa6e1a92429516bc34f866d7cc863c27a3586a3caf4adaa8635e5
batch_002,encounters_legacy_meditech.csv,219,LEGACY_MEDITECH,112208,9fadb1eb14346a2fb1642cc47339811ba8dd3f016fd0c8968add9cd96d6aa71d,75f0c9f53cad87afb2fe03fd7f427a17d20d3559481ff4eb00c211121af43e0f,2023-06-01T19:06:10Z,NEW_ENCOUNTER,,,
batch_002,encounters_legacy_meditech.csv,220,LEGACY_MEDITECH,117661,6159cd33fcf90303226fc9bdbc78b7fdb2df89a88700ee7106198aafcea85d94,ca9bf65202bfacf0fca9221eabb0357168837155b0109b6caeb536fae7269e16,2023-06-19T02:46:15Z,DUPLICATE,DUPLICATE_OF_HELD_VERSION,EXACT,ca9bf65202bfacf0fca9221eabb0357168837155b0109b6caeb536fae7269e16
batch_002,encounters_legacy_meditech.csv,221,LEGACY_MEDITECH,137894,13f02476f58d8e3c615ee11020277c2b099edf890a0ba360c16af2e7f5d4c320,015e4b394b853a59b7410b7990b7955e73fc9c0525a748b2c8538a5a986927bf,2023-10-30T14:32:27Z,NEW_ENCOUNTER,,,
batch_002,encounters_legacy_meditech.csv,222,LEGACY_MEDITECH,116796,aefb155b845f02b15c863e3fad95fbc854c3ca57900bad15525b0dd6413957b7,60da65f7a943beb5ecc27b168e3c3de7846e565d9ea76d27f200a2e21517d649,2023-12-01T12:25:52Z,NEW_ENCOUNTER,,,
batch_002,encounters_legacy_meditech.csv,223,LEGACY_MEDITECH,125548,05ce70fd7243abc80ce64f82264e1a3162b5e56908d42102a1ffd996076a5787,2271df5e6c9ff1b9a2059f088bd8aeaa352eb5aea99547a1bc6773b215c5b585,2023-07-11T00:31:21Z,NEW_ENCOUNTER,,,
batch_002,encounters_legacy_meditech.csv,224,LEGACY_MEDITECH,112636,16b936a010e880562cc5365cc0d7efde56802943cf25fe0abf754747f696a884,00db3d47533c988ea277dcf371dd67134d65e2681fd67537b585699931bb224a,2024-12-29T20:21:47Z,NEW_ENCOUNTER,,,
batch_002,encounters_legacy_meditech.csv,225,LEGACY_MEDITECH,137753,2ec80729c89ffa0796c951f7c368b61b85ad0c70570534e13362e8d4caa66726,a0831ded2c05a87773e0698ffdbe76a5173a21c37d68419d09d7a17b3a456c3e,2023-07-02T08:10:59Z,NEW_ENCOUNTER,,,
batch_002,encounters_legacy_meditech.csv,226,LEGACY_MEDITECH,139906,d77d122f77472272b90acbaa742564528dee9145e6eeb6f8d866186f8b65bfeb,4d81e1b363227390f573dbbe4abd902b2a69a26c9b087416e9cbe3858b5429a9,2023-02-27T14:36:07Z,NEW_ENCOUNTER,,,
batch_002,encounters_legacy_meditech.csv,227,LEGACY_MEDITECH,115267,7d52b3b69335a808064aeb648fd83b883d671fba272a766d8f9fa85f708a597b,5187afd51dae13702216570e1cba05c7985fe78f1a9d2af5b9126596ac745afc,2024-02-13T20:53:47Z,NEW_ENCOUNTER,,,
batch_002,encounters_legacy_meditech.csv,228,LEGACY_MEDITECH,118804,264dedea288cc51ff3b919699332864ed7fdb7fafb0d318d0b12548e0df8357c,192a0d571bf2a3cbd8e70f0a993b1a5a36f1141657e59448745ccf377f1a45d6,2023-02-11T17:32:05Z,NEW_ENCOUNTER,,,
batch_002,encounters_legacy_meditech.csv,229,LEGACY_MEDITECH,105314,43942bac96d94f004e81331d7cd5afd9720b299c5cbe5a6dfbfe7fb001e1b01b,e575b5adf45806e782bab12e26a6a603038eccc39b40a3ee218c4973f44c319f,2023-12-24T23:25:51Z,NEW_ENCOUNTER,,,
batch_002,encounters_legacy_meditech.csv,230,LEGACY_MEDITECH,122379,2d5a7b572757ffe4f175bbe6b3df2fc71fb9bc80c010cb18c28aa8c2f743aa79,73f8480912d9e6f24bd1e4986520a53ae8e59b6089a143a612f15ff6f37a2118,2023-12-03T11:29:04Z,NEW_ENCOUNTER,,,
batch_002,encounters_legacy_meditech.csv,231,LEGACY_MEDITECH,122540,b3691db46b38d367a6f88e6e216e9608d595f6560c8d2d5a55a660e828ac7d8c,0da4d730b6f04a29963ac01ed0fa8c3ddcb675de99b0888636ce41a0160c8c1d,2023-05-05T20:27:53Z,NEW_ENCOUNTER,,,
batch_002,encounters_legacy_meditech.csv,232,LEGACY_MEDITECH,101880,c5c6e96464492695be4a581d2e091ebf5612f5368a9174a50cc04e98a215dfb1,7fb8a03342b85ee7dffe3114a1ac783f0228ead7fae0ab97f0772234781232c8,2023-11-25T09:56:36Z,NEW_ENCOUNTER,,,
batch_002,encounters_legacy_meditech.csv,233,LEGACY_MEDITECH,130475,cb45c1a06b82fad44f89cfa343545b4beca14e13ba55e7fb814d22693a82c8a4,b469056322c07cf4565bb01e336f7a2a7870a2c2536baf7f08dd3a712487227e,2023-10-05T14:05:25Z,NEW_ENCOUNTER,,,
batch_002,encounters_legacy_meditech.csv,234,LEGACY_MEDITECH,108081,5c9873321211dba6114f142bb814b1b7364bfa1c46f0050ad26b03ae5e03f737,6ed17a797a64c3b0445fa8b0f41f7e8a98b6259def673db159214edd1806c991,2023-02-06T18:41:06Z,NEW_ENCOUNTER,,,
batch_002,encounters_legacy_meditech.csv,235,LEGACY_MEDITECH,110044,26766ae543e92b52147762ff33ca5b60aa6d7984abd40fbab978aac926f0d821,f84a397a9a149e22dce2189e6726d6bdd3b7c2293427443ec587efe495531f05,2023-11-08T12:16:54Z,NEW_ENCOUNTER,,,
batch_002,encounters_legacy_meditech.csv,236,LEGACY_MEDITECH,130211,d443a366dd10929744684e027974bca968ebc37a731f8560f506a214e582c1b5,5700b89d8af154f597d2be85f18f53e87229ea0789b1a96cb2da5111ea59b433,2023-05-15T07:01:55Z,NEW_ENCOUNTER,,,
batch_002,encounters_legacy_meditech.csv,237,LEGACY_MEDITECH,110346,36e89144fc141f5552135c580834eaf8c24501174c15bd17cc18312e84e1353f,5e0c86c5bd22b9d290032d06b1cb594d926176718ce7c7f4c2414b182e0f7be0,2025-01-12T15:04:48Z,NEW_ENCOUNTER,,,
batch_002,encounters_legacy_meditech.csv,238,LEGACY_MEDITECH,100215,0cc6d8dab7ac8478b420968799d6f36d0a985bb59ed631ab0cee7e7b0195ebfe,d0f9d842e3005bdd8d2041652ffef193f392dc7e94028aaa8fbda9d423942d16,2024-02-02T09:56:49Z,NEW_ENCOUNTER,,,
batch_002,encounters_legacy_meditech.csv,239,LEGACY_MEDITECH,103105,9f5aa14ebe8a83cfd79a210a08ca6d7353edb172085f6a45db83a3bb687394fe,35d19f884c4e10160463348745f390580a3de6f909176365d5e5646fe4f69883,2025-01-07T12:03:07Z,NEW_VERSION,,,5a2a1da12ded35a67c228b0a5e4d97d32ee789fd4244cb66ddda4aebfcaeae0c
batch_002,encounters_legacy_meditech.csv,240,LEGACY_MEDITECH,136229,be4e17dea7879d44c1abe29d8e07a353a80615f4b6ee1d0d10e3cb6612d960b5,9bd75bbbe07e07a2732ebb3bd0acba0d61a2f50550ec65d85fe96ba888f6a631,2023-01-07T09:09:24Z,NEW_ENCOUNTER,,,
batch_002,encounters_legacy_meditech.csv,241,LEGACY_MEDITECH,108842,7427a8af17889bca502a85df7b1a77a324ebb35c81f9f621b808eb343ab13783,0e878a446f47282795f8148d0af88206adb570d475f3faf69551d2b382aa690d,2023-05-14T01:17:22Z,NEW_ENCOUNTER,,,
batch_002,encounters_legacy_meditech.csv,242,LEGACY_MEDITECH,118605,3f10ccb539b503012f36a499938738f610f2b508850a39f9d3fe534e0d90e640,e1f0f759d2ed33f28db97cbc56418fd3b78573b3d4d0769d175097731ac74e92,2024-12-06T16:16:31Z,DUPLICATE,DUPLICATE_OF_HELD_VERSION,EXACT,e1f0f759d2ed33f28db97cbc56418fd3b78573b3d4d0769d175097731ac74e92
batch_002,encounters_legacy_meditech.csv,243,LEGACY_MEDITECH,138925,30029188d8bcf808a129916b5d6a0675eaa84f6e15e41a4faa15e03a7fbf94ff,e1ce7f1feb49d43735658d8caacdf17ab1f5b5098f13f60450c0af4d17537cc3,2024-01-20T14:13:58Z,NEW_ENCOUNTER,,,
batch_002,encounters_legacy_meditech.csv,244,LEGACY_MEDITECH,106552,d2001e30d7de5a5d221c61d975eac890c3b16b7bbe888090d323758b645fed23,f038d71bdbfe210a829eeb9adc554a95a4f9ee322bee531dfbe7e33acef15e08,2024-03-12T10:48:12Z,NEW_ENCOUNTER,,,
batch_002,encounters_legacy_meditech.csv,245,LEGACY_MEDITECH,100510,0661ece57516e79a00e88126f0fbaa944d0dbe72de3fd2d898b6f33d4de5a402,0dabf2116ced1046ae89db04fb2243fca2bfda0eb6ceefaac893cc53056f1883,2023-02-27T21:21:26Z,NEW_ENCOUNTER,,,
batch_002,encounters_legacy_meditech.csv,246,LEGACY_MEDITECH,108318,f7b3c4cd5c3a306fbf45bed43de8889341505c4408ab80293134225c90652860,1646716a8713a0e3c546ff88e3183ebe61aacf84f8d0460c20b31c2947a949ed,2023-06-23T08:58:46Z,NEW_ENCOUNTER,,,
batch_002,encounters_legacy_meditech.csv,247,LEGACY_MEDITECH,109746,641d18b7a8cddf33374df0bcb75b4615a51b43c98cd71fc885a3d5562653a420,5cfdb3c92f60deffb3f76f660d72e038eb827a260fe038eafa2101eef2966793,2023-12-04T15:08:03Z,NEW_ENCOUNTER,,,
batch_002,encounters_legacy_meditech.csv,248,LEGACY_MEDITECH,102510,c110c50da4aa83448b4de5a230190aa69e29d0d71568ecdc604f57b27a093f69,a3b518ca8fb5de84999824ed48335bd4210b90b09f6dd17460de0e0c658e1b3a,2023-05-25T19:23:34Z,NEW_ENCOUNTER,,,
batch_002,encounters_legacy_meditech.csv,249,LEGACY_MEDITECH,139521,48b370ce3dcb06a3b988a0beff6a508a3d34d21bb462999ce9e28a71aa1ee67b,28b954fa292d0bb8f48597cd863071f9e126052423ae7a41e863c8e89dab1e6d,2023-02-13T06:24:11Z,NEW_ENCOUNTER,,,
batch_002,encounters_legacy_meditech.csv,250,LEGACY_MEDITECH,117890,a09fc9068a5545c5ad646e6964eeaec80f9b80a8922cb03c304cdc10717d3546,73bec97ec3fb8d275610264be21307f6d877b09a106d62ce17adc0107a2d4e5c,2023-03-05T14:59:15Z,NEW_ENCOUNTER,,,
batch_002,encounters_legacy_meditech.csv,251,LEGACY_MEDITECH,105737,62addf9022cc96728bcb301c167633f2753563449dfe56bdb287c9aa5e675bc9,ba0afeb5c36a999804a83d6ed97542218cf91c17468258eef21d64209c13ccd6,2024-01-30T17:26:14Z,NEW_ENCOUNTER,,,
batch_002,encounters_legacy_meditech.csv,252,LEGACY_MEDITECH,101802,06368ab07d77c1e5a883d5cf58474fd2b09dd661183843a331701ac2caac8582,87953c8ed96bd89a9418bb7d104c2caf028a97ee3565fc739b292061803f3675,2023-02-18T08:21:07Z,NEW_ENCOUNTER,,,
batch_002,encounters_legacy_meditech.csv,253,LEGACY_MEDITECH,100552,382b7b50469214f5ac3f61a277caf5746c77c2a8d1106f7222be5a6b361fd708,37e44d3e30b23a64c37461b70c0652958895e6d5653f4495c1e8972256b726c7,2025-01-07T01:15:50Z,NEW_VERSION,,,86169d4daa896f50b37e0de8f8b4d0cac5f195f8b25b17498e4b9ddbad66ddb0
batch_002,encounters_legacy_meditech.csv,254,LEGACY_MEDITECH,121191,549c7fa6c6ddb9bf895d63fc3563f6472937b5df7f5ca835d7fe5a20d88c0f9f,43bd49201699ff114fa4a4279e09279b0578ea903ef29173cc181553b73728e2,2023-12-04T17:33:51Z,NEW_ENCOUNTER,,,
batch_002,encounters_legacy_meditech.csv,255,LEGACY_MEDITECH,133746,5abc70b7be5d2b6c6071163ea6b579747bc5ef8fd3d755ed14e9fcb0938a552b,35027b6c67102e9fd3380c248be00d5cc46afc68a1a777fb1e7ff307b6f68c1e,2024-12-07T07:05:27Z,NEW_ENCOUNTER,,,
batch_002,encounters_legacy_meditech.csv,256,LEGACY_MEDITECH,124660,aebb981ef8b24215d5cd7602f830dffbdd692006210007f525177dd60cd9ec5a,6c3bb785024012857bdfd686c5641e32dc4b6162614582f79bb6e3afdb0d3f19,2023-11-28T08:25:59Z,NEW_ENCOUNTER,,,
batch_002,encounters_legacy_meditech.csv,257,LEGACY_MEDITECH,134267,e6981cce2a791008d6b8401aa7d3ebc8c36fe51dadb27e3a4d98ba445f3a1408,6b9eb29f7c99999c4049e885fae51244042670269581e8cfb5cbe7181522024a,2025-01-10T05:39:18Z,NEW_VERSION,,,f1ab7cfc4d8cbbef2c3af78fc0163238a5618c9fb5d59ea123706d89db9e4eb2
batch_002,encounters_legacy_meditech.csv,258,LEGACY_MEDITECH,110238,405151168946d4ef3e577f43fbf4e99ef878a881c901a3b333b79899d39829be,c983f432b92a71495c4c59cf95fe77e9856891d8d147738f2de96232bc502664,2023-06-17T18:16:42Z,NEW_ENCOUNTER,,,
batch_002,encounters_legacy_meditech.csv,259,LEGACY_MEDITECH,105139,3ae97fb4da943566461cf4e9edf3109c250b5f38e94282ebec86b184d849aacc,bf7891d6d63dcbc389f8c3843d73aadf5e48f8ee294b9f60effcd95b6f3129c8,2023-04-02T18:25:42Z,NEW_ENCOUNTER,,,
batch_002,encounters_legacy_meditech.csv,260,LEGACY_MEDITECH,139244,22f996db5ab46eadf0fcf31df463196fe4a9c12f8b11a9378d6035f2cc75250d,7716357f8ba810c6f63e8deb55e034936667753899875535f180c13f38617530,2023-04-12T03:16:25Z,NEW_ENCOUNTER,,,
batch_002,encounters_legacy_meditech.csv,261,LEGACY_MEDITECH,111213,09cdc3e10290a0f9b6cd839e9f91dccd797406aa2acb9ee5045b4bed496215b9,f6ccee31c3c5396bb2579801e106309cc97c88154e918feb246b276abfdcc8f0,2023-09-08T14:09:24Z,NEW_ENCOUNTER,,,
batch_002,encounters_legacy_meditech.csv,262,LEGACY_MEDITECH,126278,c9f33f557efaafec5837ee19ff356498187ee114b7de046f6c21ebeb3ee18896,81844f097d82b605e05f42e920b8084c74e11d0f31d4ee668ab5ef5cd3039d2b,2023-07-25T15:54:13Z,NEW_ENCOUNTER,,,
batch_002,encounters_legacy_meditech.csv,263,LEGACY_MEDITECH,104970,49fe73c999206fd97699c5d03a70053cc8c744035a94ffe255a0b732cc5980b5,b12cf61a1902c78a69179bbf57821e329c8e8af3b11639ff1fbb484df7a6455f,2023-10-27T09:23:28Z,DUPLICATE,DUPLICATE_OF_HELD_VERSION,EXACT,b12cf61a1902c78a69179bbf57821e329c8e8af3b11639ff1fbb484df7a6455f
batch_002,encounters_legacy_meditech.csv,264,LEGACY_MEDITECH,135941,ff413a63850e5a13cd01a7c212bad9888b26d91221b6aaa7ea6a82c6188721f2,250f1d15a12c35a2c940a8b91536ff3e42857c0ce290090e36e24b943d4be73a,2023-06-06T04:53:46Z,NEW_ENCOUNTER,,,
batch_003,encounters_athena_clinics.csv,1,ATHENA_CLINICS,119665,6d7ae27adaddbfc8e7924ec016ea3f08aaaa6438a5e45ec3e475617fac58c5e2,9dc8b44865c82a82211a253ce7f80cf8446eb74cf569d34d7380982649589870,2024-11-22T00:14:31Z,NEW_ENCOUNTER,,,
batch_003,encounters_athena_clinics.csv,2,ATHENA_CLINICS,100076,e5f8968b75140a28b388c37655016ab614adef7daae2c8d149825d7dd89ffc9c,b961cadaf160fc1aaa3dc2cc2e65bae27a91e2b2519c65e83bbd6ea21299f678,2025-01-13T21:08:46Z,NEW_VERSION,,,8c677ac42d64d03c7070a6c505d26f4edc60a45f9b7712cf222297083989eac0
batch_003,encounters_athena_clinics.csv,3,ATHENA_CLINICS,130200,5146a2772e75c60a94ff82b421bad44b3ed4f090d0a9e6c0bec2c64cba83bafd,b07ae66609a622dfb1d3e739aa2fb28a06f82482fbe5dd16f5e8808606753479,2025-01-17T00:51:52Z,NEW_VERSION,,,d8a812bf5e5b6c234ba3ea99002cc8226ed5ae85534b1c3feab9a752f6b5d7ba
batch_003,encounters_athena_clinics.csv,4,ATHENA_CLINICS,119852,17216d73aa0125363168d4049f617733838e76866d69fecc1691f3f8a5a10706,c2e107bd3f06f3d059b0d9e5da67c7b358a6c488eef3df9fcb9b4b9a0a0fdb38,2025-01-15T01:36:53Z,NEW_ENCOUNTER,,,
batch_003,encounters_athena_clinics.csv,5,ATHENA_CLINICS,122456,8010b7badd81a72aef362d806bf54523d10c01fd97e00e14178d8328022563b3,c251fb2a0d46f858c9ead92d20ecb522572ed3378ad3f8d145aca17320f566ff,2024-07-07T12:46:12Z,NEW_ENCOUNTER,,,
batch_003,encounters_athena_clinics.csv,6,ATHENA_CLINICS,134490,7896506bf545c6f407c5854b262e45581e6995b8a90bc899a87157c91bc20009,b9a6f9ad0f89279ae5563dffa72bcbc86751b69b26165f5a43a3a7575d75c43a,2024-11-27T19:49:29Z,NEW_ENCOUNTER,,,
batch_003,encounters_athena_clinics.csv,7,ATHENA_CLINICS,126060,e51f50a8fbfaf1050beaaa17753c5e759b5b439569f330d8277d103759e296e8,992e315181624fce859642a82016b61dc46eb143c742688820f4b4d7a0ad331f,2025-01-13T07:26:40Z,NEW_VERSION,,,a8457bdf9c58d2ca82d939f4fd7fca7e6481b6480b3a715ab9545f3aca706e79
batch_003,encounters_athena_clinics.csv,8,ATHENA_CLINICS,105569,f7cfd0b5a2d81ec8bdbea32115e4e06a0d7d2a0c1707dca2232a82626f825a29,a6b80f5f5c152bc40fa4c9077055bd383cbd53189826bbfedcd2aa3885075511,2025-01-19T21:25:16Z,NEW_VERSION,,,068cb0ec514f1a9ea9e54cca20640d8c4a771e495630502116ff77ba5fe1a6fb
batch_003,encounters_athena_clinics.csv,9,ATHENA_CLINICS,137772,8f4a2482c9d9d80d637881abcfeb8ae4b238936c3fcd5bb1deeb2e68dd649840,b5cd3cee0f616bc6b3cfa3c8479e04b622cd5ad941ed49b58d495560116a1ce5,2024-11-17T23:21:59Z,STALE,STALE_REPLAY,EQUIVALENT,75a683cdc0d9be225764d72ab44fbc4d624d7a284bc28f098dedd542e3f39570
batch_003,encounters_athena_clinics.csv,10,ATHENA_CLINICS,115922,bf4bad2257f5506522951311e41922169f8c8cda9bbfe6c1a1d56b93d3519cf3,b39ef2966a5b45a04429bfe983cadaf65f08171541031eef4fe5a4dbba2e9c66,2025-01-13T18:34:40Z,NEW_VERSION,,,42a5d9daba535068344d221001c2656c771cec21810f42f26a316ace088715b4
batch_003,encounters_athena_clinics.csv,11,ATHENA_CLINICS,115660,bf15b3c2be160904a3e9b87cb4a7ee883f7cd85e45d61c27c3b60646f14aaaf5,e5ed454c0a698c86264e3283fcff4cb6aa9ba52bbc09b0597db9ca67a7d880c9,2024-06-17T07:00:11Z,STALE,STALE_REPLAY,EQUIVALENT,f6ad68efb99b63ae0962393e0aca49812e36e1662ff1bae9218970b5ddc783a1
batch_003,encounters_athena_clinics.csv,12,ATHENA_CLINICS,103846,6cf5e60d0648f97a00c12cc2ad1d36b22c4e17d9fce592f3993daf3d89ee2260,73ddaad25bf3577f2bb082f9826d40be32c3d3b938c094eda659c176e903c3b4,2025-01-13T06:41:22Z,NEW_VERSION,,,4d51843acded75b373359e333fe28672a3b89bcdc5bdbfdb5b87f924e4c8e3cf
batch_003,encounters_athena_clinics.csv,13,ATHENA_CLINICS,105855,5cb84f03185f67ec9be48351a61cf656ea79356e120bf90f7247e2dcdde882ab,3c519732fd98dfd26385738ee1725cb3d45a9def6c927cc37de09f5546331c79,2024-12-06T05:26:30Z,NEW_ENCOUNTER,,,
batch_003,encounters_athena_clinics.csv,14,ATHENA_CLINICS,108315,8e202749b2c578c697537114f39231ef72a321862b58ecbf6ffb6fb356983627,a1f8791fc822f7d5a627161e12b501d895f108e277b60e0e2fdf3447a32edad0,2025-01-20T04:12:59Z,NEW_VERSION,,,f8b00e5ef7d8d2c0b77d6c9aa8c4df3cfe82c309fabb7ca640356bc94e8f4e11
batch_003,encounters_athena_clinics.csv,15,ATHENA_CLINICS,107314,21cf9e16acaffed9e3b7ee1d008ebd415effffbf3efe720ad3ab21e2a71bf9e6,df33fd67f3f2c3b0a8a5a23cb9ce85519cc45654805baa14c13b0198294c9c59,2023-02-22T06:14:50Z,NEW_ENCOUNTER,,,
batch_003,encounters_athena_clinics.csv,16,ATHENA_CLINICS,134789,6920260f4a5a18a1984fea67913708d8a1c4ea738751f8b75fc10398f94f4ded,ce1340e052ea49183fc9aac36199b3d13217bd17a7661dba3ce80ba2c281b306,2025-01-05T19:44:07Z,NEW_ENCOUNTER,,,
batch_003,encounters_athena_clinics.csv,17,ATHENA_CLINICS,108949,0b4eca0ff800dcfc70fcdbe0f646af2084116b4e08228109fd01bf1621cfadf0,c98be6b07fdc1b5ff1805e6f6e0e16e84ae85b9a56227ac620ddec4814d419fe,2025-01-18T03:38:16Z,NEW_VERSION,,,e46bd6d430b7107c6e7c635d27a8fe632589873336cdec126debbacfd1e712f3
batch_003,encounters_athena_clinics.csv,18,ATHENA_CLINICS,130564,b1e487a3a9c050c5e351188ae02c573d2ff2f25950b264e4c173db0ccff7a373,eea79befdc07193fc95e5075d2b13ea64d4e0327ac96119fb90f51521117c878,2023-10-24T19:01:50Z,NEW_ENCOUNTER,,,
batch_003,encounters_athena_clinics.csv,19,ATHENA_CLINICS,139109,43b46bb6df2bdd424f7532d65b6776244bade30209dd21f1ff6de9f5a61d0bfd,2e1e0f685fd71cab81cd3c64136fd176ddee35234c3c38d4b680dee0a91cdcee,2023-04-15T03:15:33Z,STALE,STALE_REPLAY,EQUIVALENT,3295b7261349877eb0d105edc118977ad6ab843ca768861914273e033f806cd8
batch_003,encounters_athena_clinics.csv,20,ATHENA_CLINICS,105836,d6abdbd61850a207d2ea83ef8f29c93b0b759ecaa12526bed03af86b24daae55,1f705ce540f9b492cef7944378af547c4c44feb3351db6fd09fc68c86f1dbea3,2025-01-03T16:02:59Z,NEW_ENCOUNTER,,,
batch_003,encounters_athena_clinics.csv,21,ATHENA_CLINICS,116704,3ea19bf76cc79eeec9c87cc729d5a2307100854b77c6ca877d52582d73424131,8deb6dce58bfc95f0fb48814a60680636b9494c20b82c8365679f6001507e714,2025-01-13T07:32:43Z,NEW_VERSION,,,4c88491ef155168634dad70ab638a5db14c26e4494ec78e7e14742e5c38248ad
batch_003,encounters_athena_clinics.csv,22,ATHENA_CLINICS,131723,a949ed7979c21560dee906427ebe923d502cb9880b52d2472a4bc489533f04da,2ba965af3d6ae469b2e4ea0cd3fd8dc93e6be5796280f6ac0ec2d1a52de70203,2025-01-19T04:18:41Z,NEW_VERSION,,,a9fab2295731ac4736d01464bc1e2f08d8d7eff3c37fad358b98bffd95e1bea1
batch_003,encounters_athena_clinics.csv,23,ATHENA_CLINICS,116289,c48c20fb81f95f6e6c7cbadef7e7ebcaeff4b1b47b13ee6fef2f98824ef93a4b,760f7bbfde3bc23c9fe0b83e26e8c7f4f068ffb880f0f030e8a44e08ca2b3c25,2024-12-01T22:05:48Z,STALE,STALE_REPLAY,EQUIVALENT,b5130f7fee5894d2c652ae2b5335ef1a67c3f63aae95db5295d3a1bd5a5ef037
batch_003,encounters_athena_clinics.csv,24,ATHENA_CLINICS,115663,9ff2dc1c3c6f300a32ed2883c199d68f8bdfdd56aaa875fc952152830ff12748,77bc4460e42295aa25eccc7f819d0ec4c2ca0c5f3efad62102f526d1913577de,2025-01-14T16:11:52Z,NEW_ENCOUNTER,,,
batch_003,encounters_athena_clinics.csv,25,ATHENA_CLINICS,118506,fc532eb8abd9fce280a6e72bc5fa50fd70f220475816c52f878173f104c06b7c,ebf8f8175ce8064c3176f02020876a560cf0f36a40aba46026381543b5667c6b,2025-01-13T07:09:34Z,NEW_VERSION,,,dd55fc6cddb3396e200e9da0c52e86acb6fa856a485c4b0a912ab137c307a847
batch_003,encounters_athena_clinics.csv,26,ATHENA_CLINICS,107133,8a8f07c609264fb00e161dd6314995a0ee2240e0d363026b4962335b2ece403a,c50c54889d8249b53a19922f0818163a133de50cb79eefb0ec57648f38a0f389,2025-01-13T18:23:37Z,NEW_VERSION,,,2bf7ce96ef055843ac91e7350ffe4d53854d25cdace19901c039dc5900f7faff
batch_003,encounters_athena_clinics.csv,27,ATHENA_CLINICS,120637,f5a22fd5dfacaa4db0664b9b1f4291ab885e4490b9eefcb38ea51795db70efcd,9118fd67e6da43ba81b7effb5872d77fcf285ea133a7cea9aa1ee8e363c64797,2025-01-14T17:55:54Z,NEW_VERSION,,,ea3d0a7a88ea41d6281985a33e415f68617833608ad8b8bfdece1c3b8289c954
batch_003,encounters_athena_clinics.csv,28,ATHENA_CLINICS,131455,2d4fc73f11caff3441ad84f0bce5395d4ea6c896c05b7ea421ec1555914c4dbc,2e4a40fd82d1d3cb0ee194e1fc9cb4d953e357df4ff6e62eecd029c0d3ebe5a0,2025-01-16T08:31:53Z,NEW_VERSION,,,606dfbd4f31b4cfb409ae351dd381e2d09ed180536ff67d19cfb48f0e42a9bfd
batch_003,encounters_athena_clinics.csv,29,ATHENA_CLINICS,103333,ccbc7aeb78e64ce8b6c859859b921344626d5e3bfa25b11228250160d650d269,bb486407eea19a916572b63ce5a9a09116678443ea4ff4a882359d021529178e,2024-08-16T19:56:04Z,STALE,STALE_REPLAY,EQUIVALENT,aa37d6c145b89343faf770425bd703151ee0e4a7728a0a38f71f40cd4c4c08d6
batch_003,encounters_athena_clinics.csv,30,ATHENA_CLINICS,106066,0b6e521843c94151338ad3a6545f9739f5e37f39dbbad571e8ff0345b4573628,7714adca93fe6ac68c190bbf68305759c92601cbc89d9db98a9a02ecc1bad158,2025-01-20T00:49:15Z,NEW_VERSION,,,aa05520ac67865d3369b60489c753762da9b9900102d3c5047513004aef28d8d
batch_003,encounters_athena_clinics.csv,31,ATHENA_CLINICS,118136,078c3649a9195c88d152ae696e10ce2b1d08180201f01d19d6bc93de722cb897,f1b5fa7c20474fce76a4fef63a6ee0be468517c8b012a6ff7a409a52e93d90f1,2025-01-16T19:27:14Z,NEW_VERSION,,,450ac79110f8a498a35962ab282f07fd27f927de3839add0ac0eaeba025a47e3
batch_003,encounters_athena_clinics.csv,32,ATHENA_CLINICS,107418,8c949b9672be92dfc6fe8b5a19f84aadc65c892eeb5233aaeceba49679131f2b,cccc6bdeacbb4ee738aeaf73df8befe88b76881d59ae53a05e1bc70a4005082d,2025-01-13T15:59:09Z,NEW_VERSION,,,3f468232c9d274f06b111e1f584aa0c3df51eff6f602e7a775ba0ebbb5ef7024
batch_003,encounters_athena_clinics.csv,33,ATHENA_CLINICS,136363,4a57416d53579dbd8d0a05bdb7ec6fe26280c2828ea75b1be25cb5e7138b1aab,6c08565a8467523471e0498e549732390c142701ed062915cd428daef3531496,2025-01-18T02:08:34Z,NEW_VERSION,,,8106cde3b3ed8715db4e0a458f96b19dce3366ad8f0ec10ae70981ec95565074
batch_003,encounters_athena_clinics.csv,34,ATHENA_CLINICS,100442,12cb5379618bdc0b5bc05711926755838635cde692004b418f7506342275eed5,d3d3a794dd11810c68b59720653e359641b8351b7eeb1345c6d75769f54314a0,2025-01-13T21:31:04Z,NEW_ENCOUNTER,,,
batch_003,encounters_athena_clinics.csv,35,ATHENA_CLINICS,133006,ca34a0e93eb648ab6a9e6412be7e97973c803da2c46227798bb9bb248e680a1c,e6e0fb4536307309755db8b2370be2f719bd53a31ff82502e151cb76a77d4fa8,2023-12-30T04:00:08Z,STALE,STALE_REPLAY,EQUIVALENT,1b9e935f313cd73c922d87f055d1552e33ac27b4e4225a340d5a9022c5e7fa9f
batch_003,encounters_athena_clinics.csv,36,ATHENA_CLINICS,121852,3ef0a6dbd96caf9bee6f577228f71fa45466046817cac084c2a3f5ed29b18fb6,07b4066a6958bb8327acd01f1406e113aa85989adfbd1148b4aa680ac8973aec,2025-01-13T07:45:33Z,NEW_VERSION,,,028e34ea84162b553328070dae8061f067d369fde1a591330c9c25ee8b93f5d8
batch_003,encounters_athena_clinics.csv,37,ATHENA_CLINICS,134464,d80c2108d23c653d17c998cdde950bb6dc965ef5e4a2fd731929a85816041a7e,025b16e419aa6d3a8809dfde50c5e365904eff052f6458c754d4856672c71818,2025-01-15T09:05:46Z,NEW_VERSION,,,52cc878daa58350fc26fe570b0b7c1ab285ecfadfd15e7dfe9fba8704332bf0d
batch_003,encounters_athena_clinics.csv,38,ATHENA_CLINICS,107516,c064eb348b69c0b8a69080446cf31a51daead39b0ae33a2560fc5b2441e8d57b,b4598e796b592eb9dfe6dad629707fa6b5a9afe9da38ffe5bd30715799ddb80f,2025-01-16T06:27:14Z,NEW_VERSION,,,f6b4fad2794268faec83af04c5f4a08da6760f91be1dc38f32afddd54f260504
batch_003,encounters_athena_clinics.csv,39,ATHENA_CLINICS,121572,04e95870af64eedcbd2b4c52d1d92c0660264c1b7bf2c37adc7d79e640b01b3f,a41a0c216c79e76351586a5e9373e39c32cd0c80d3495d327abf964de7be95af,2024-12-29T12:02:03Z,NEW_ENCOUNTER,,,
batch_003,encounters_athena_clinics.csv,40,ATHENA_CLINICS,115026,cdf13d17264350499e9ff4fe39dd50c154813a8be7e43ffbfe8eaae3f77e2729,263253d7d701f65a5d64de00eb34e585cf9bc5c889c2b3978a5e3f6cf9f51203,2025-01-14T07:23:14Z,NEW_VERSION,,,987d139f7831a6ca992f7eea41d943c44da0f9039b330bb8875086f7bb689a2a
batch_003,encounters_athena_clinics.csv,41,ATHENA_CLINICS,132523,3a6f25fadf86529918825363f137cc01efe64f9ee7e15fa869413d7f358aa3ff,5f823a357fb4339c8efa8621835391ae81d55eb6d017754ee703a48fa1493b0f,2025-01-10T22:10:36Z,NEW_ENCOUNTER,,,
batch_003,encounters_athena_clinics.csv,42,ATHENA_CLINICS,122272,4d4b77b1a6506d807db74f3b425b53314e686fd53c7e7f437ae855480fe8a3ad,c753e93eb6b6c34f9d355299271f80a7209c0d60fca5ad4ee3bf3d0ee2c7a63b,2025-01-12T13:47:06Z,NEW_ENCOUNTER,,,
batch_003,encounters_athena_clinics.csv,43,ATHENA_CLINICS,124758,86c357ac2864b1e8c0d570d3110eb627e9bf1b9ea25adc14a21970639de193d3,fd7190eb018d723ed59893dd4a8831da07c46cb2d4363b2e4bb1d3a19f1128ab,2023-12-28T20:11:28Z,NEW_ENCOUNTER,,,
batch_003,encounters_athena_clinics.csv,44,ATHENA_CLINICS,106692,4bd188f6fbfa7dae92b03610f1bf152109fdca0d6f5f02429b4d64f26e0c883e,e18abad1f40dbf8dbf5f47cdbba017d16c8c26e789563f77c02b3a07ced81de7,2025-01-18T04:34:17Z,NEW_VERSION,,,e689e94a374feda608d704c67d9b8cb8ee379787eda0ecd00c4555fa846410d5
batch_003,encounters_athena_clinics.csv,45,ATHENA_CLINICS,127833,1c12bcc3255dd3ee24e7cc98b74e79dba6dd08281a8fd8a77fa29bc5ec01c2f5,70b406370b8818ffe4b357eb4036e536cc3ececcd3394becee09e7c1b5601ce1,2023-12-19T05:40:23Z,NEW_ENCOUNTER,,,
batch_003,encounters_athena_clinics.csv,46,ATHENA_CLINICS,108626,aca8e4c3bbed0938c60fcb21c6183f02342d5b262ee40473a66f0210cb3efdf5,bcda82ff4a708509d742a1947e18251943e25b206f6ccf45dca86d6785324e25,2025-01-18T03:24:46Z,NEW_VERSION,,,adc78b24cf10803588b511b9d3f5a67c6ffcd50d4a7e0ef9b533f8f93b1be788
batch_003,encounters_athena_clinics.csv,47,ATHENA_CLINICS,132299,5b4782998c0d37300847c59a53be1208fea2f8579d2178e71d254777450ad2f4,aee65023ae96f9348797342ff69dd6e47a20858caecd9d15086488145cee52b5,2023-02-03T07:48:17Z,STALE,STALE_REPLAY,EQUIVALENT,ff2b9792dbbdaaad564091e6203c108df44fcf2a1482bac84ba9a682e5085ac4
batch_003,encounters_athena_clinics.csv,48,ATHENA_CLINICS,139507,18f7c48ac6948d5049640f125970f5fd034c934c5ea10397b288fc3854078b7e,37b5d42517fc6d62c68df903eb5a89ccb4ffa7cc8816f58a560b6b506a300a6a,2024-10-29T19:52:47Z,STALE,STALE_REPLAY,EQUIVALENT,9d1b5f03a3e7c488f658a6335d5e8e9595ae401b5c9a55720a21e4c9ce931934
batch_003,encounters_athena_clinics.csv,49,ATHENA_CLINICS,125032,34f86df1be1defd4f304899bd45b580206b076321722f854ef4b7075579b3335,63241983073bae7bc68eee05e9784a2e11aa58aa9fafed7c3d0a4c1134227cc7,2025-01-16T22:02:12Z,NEW_VERSION,,,1fe4e2e2a6f813177359d64abfc3634d38a549e25df8e5a8b95b0192bfd4de8a
batch_003,encounters_athena_clinics.csv,50,ATHENA_CLINICS,118974,92ad2dbd16603e6ec55662052e196c05ee840c645fc5243d20d89ab4ce5d31b8,3104ab214a46da1172486912a70c825600944786bef9454ad1b6f2ba3209435b,2025-01-16T21:00:37Z,NEW_VERSION,,,0f896b595602ae7606a13058e0d650b8d54c48e7c398a3d885b62668f3330219
batch_003,encounters_athena_clinics.csv,51,ATHENA_CLINICS,130552,0380c5e8f9cfaf1074a75cd66ef04e276849600516a7becb430e8a7268cc875e,4a3fc175069e3d32accc64a10a69ab76925a31e3ed53d36e65f636ab0b6692ce,2025-01-13T07:12:24Z,NEW_VERSION,,,36049350c72a33a7d6d30c7cd258acd038c5f95cc60073ba6c260d73b3e491de
batch_003,encounters_athena_clinics.csv,52,ATHENA_CLINICS,106211,56b488be8fbfe29759b7f607deff16fa965f0cae9d161e3c6a95f643ace91786,52025aa9731b7e208af57ba47000126aebafcb1ff3f0c1166fde180da943fe56,2025-01-13T18:59:22Z,NEW_VERSION,,,4176d7e3eaed7db0384b5123e6196e1af116ec42f7a7bde9ca100086f0ddd85e
batch_003,encounters_athena_clinics.csv,53,ATHENA_CLINICS,112572,59e41b647cf52dc5f7607f4e57ddd40ce0045fc84baa455904dbbf598f86d96c,661f31f2e52e020ba563f1c67b3f5680699fa337cd408031c4ec26014b4fd542,2025-01-16T07:29:19Z,NEW_ENCOUNTER,,,
batch_003,encounters_athena_clinics.csv,54,ATHENA_CLINICS,124389,e3cd575f46f2c9da261b20e019afdd69b3bf0f32cf98863dffaeab73aa8a36dd,ab8d7e597eed0ce7ea0cf738b5c05109bd9364a26c5ce3a352f6e2b80ca2c1d2,2024-12-19T03:24:53Z,NEW_ENCOUNTER,,,
batch_003,encounters_athena_clinics.csv,55,ATHENA_CLINICS,118085,4de0f4f1b8e39d72bbaebca09ef9783d847cc56db962e23b6fe4cf113d548f3e,737b3a9bf1230ec70fff6565dcbd69ee6c8669e57b67dcc3b2f6e95e6f1617c8,2025-01-18T21:12:09Z,NEW_VERSION,,,40ed4ed33e9b80cf2f225df4deac2ecb111c34bb27e9524bbfc75aa19a194ab2
batch_003,encounters_athena_clinics.csv,56,ATHENA_CLINICS,127291,dc6bb272855c895c245c3c72d629b10d0395ce5967475a2417915f6eefc853da,da68b800d58211aca516282a7bf5ed332491c4a691ec5c18ef45c1dfee9f39a2,2025-01-17T10:40:26Z,NEW_VERSION,,,6ad2aafe6c4935cc255667c38dd70a941b4f46515dc795c06c232373bbebd055
batch_003,encounters_athena_clinics.csv,57,ATHENA_CLINICS,124998,b61f00e0136086a6bfb7b1d12d795bb9c36490ccd2617473fb0338bc82c88e18,c2007c00188336f3785925a932f7d670f8663679b83e1ff27ba41772eb3ea0dc,2023-03-16T08:39:48Z,NEW_ENCOUNTER,,,
batch_003,encounters_athena_clinics.csv,58,ATHENA_CLINICS,115085,22f174001d7e7716613b7ffbfa629355250c916b06f985eae9b5afcf34cd5b1c,5f057790443f8a252c5b2c496f47e60100d4c282ef773743c23d83850927da14,2025-01-14T10:58:30Z,NEW_ENCOUNTER,,,
batch_003,encounters_athena_clinics.csv,59,ATHENA_CLINICS,105785,64b90aab08a0c2939b5fcefa1ce97e08e5dc513aaebe0c55283052552906d9c0,61799ade9c7d381f5f1dc5ad259bfb36df5c5a45998e1f4f6e025255b0ec1520,2025-01-18T11:00:09Z,NEW_VERSION,,,d5eed4d0306f8c388d245dfed66bb563081b0f7a1309449a1914c687a73b58f9
batch_003,encounters_athena_clinics.csv,60,ATHENA_CLINICS,138131,fe006076b85f37e90ad0ac25e983653b5effc31ec98cedaaf5d11b83c28cbded,93660029c92f3ba75f133ae6b89db73270ef4742ece7cc6bb84c3ed7b6971125,2025-01-17T13:22:19Z,NEW_VERSION,,,64a0bd98cc25a9564770eac02cec4270658c40749ce4c5f5658c4d9c5961e78e
batch_003,encounters_athena_clinics.csv,61,ATHENA_CLINICS,117733,d5fa86938013943c37d301c8c7da47ed14a1f3abf716eb87639beba314c4f0a5,e0f157329f0ccc32344dc7e1a4da7d138df61893ea67ec140235178cb082c72b,2023-05-17T23:20:58Z,STALE,STALE_REPLAY,EQUIVALENT,bd4657ffa176d0b4cc0c58b47bd794e88fe4b8cef3926a6cd9805bcfefd52afa
batch_003,encounters_athena_clinics.csv,62,ATHENA_CLINICS,119247,0738c0703ef278985acf70842907b2478d2543c92ecb1e9595f1e83ec1f7f143,2abed77f8f2185d5afcc31b3642fc14d67822bf4c0b3c0e33f86f327aa125071,2025-01-14T06:43:11Z,NEW_VERSION,,,6f80386a452a6533a288c662dce261e584fc590d1452e2afaae4b95aad93360c
batch_003,encounters_athena_clinics.csv,63,ATHENA_CLINICS,127893,913377201f2be5b67ec1133eb5cb5b252d4efaac71f7d9397a0b88318757d057,cb8ae7a95d70e9dbe7039f3b1163ad626b0246525b22b7321e63488ff9d5f4d0,2025-01-15T06:02:04Z,NEW_VERSION,,,c0fe371b195ff998a13ba7e3abd7ced6b0b32eb9b5f7189a359195d8fdc045d7
batch_003,encounters_athena_clinics.csv,64,ATHENA_CLINICS,123434,4382815a2554f4962391d9be5ea6bc005eb5fd5caf03a2efda62b2d0de1f8ed7,5a3f3e38d131af162022cde52971dc75f3028c0709dba8687bf27b14257ff3b7,2025-01-13T06:49:13Z,NEW_VERSION,,,9c548e54cc905ff87fe8f236541ba7f8cc365d3a1c9a03398e8867e469948719
batch_003,encounters_athena_clinics.csv,65,ATHENA_CLINICS,126591,cf7b4b5d4d0764fc3804041e5ab9499f49493a8122e0bb15398d4c0ba29085e3,3766095bea53620921e5bc954d82f6aa9adbe7dcad42008267a6c59494231640,2024-12-31T07:48:11Z,NEW_ENCOUNTER,,,
batch_003,encounters_athena_clinics.csv,66,ATHENA_CLINICS,130035,e7405a5b87d03abe11829860b9511c3c44b103faec9be4f84dea45e85c369a04,3a3d14d4ad848e2b86d78791cd77b94679203e9352179158e1e3462cb287ba5e,2024-05-31T06:09:45Z,NEW_ENCOUNTER,,,
batch_003,encounters_athena_clinics.csv,67,ATHENA_CLINICS,103817,0a18d558d9626769f4a0217a3710729555ac71d9f50fa1dae22375e5d7ede9d4,dc3ff6ffb20a41b9e0b587e8f5abee0eaf800ef1a1401d632593acfc75ef42c2,2025-01-19T11:11:00Z,NEW_VERSION,,,3ca2888833099f7d338416ca046567ea7271f7af46f3a39ba0ad8bd60b71849e
batch_003,encounters_athena_clinics.csv,68,ATHENA_CLINICS,129389,ab3100d2d66aa388f505a8016add0439a07ad4fc7b39ab70fee759189db1f152,2a4fe5bab595cdd08d4a62fc9244eebffee4776122d00e33b7685476d7c8903c,2025-01-16T08:48:20Z,NEW_VERSION,,,2ebd153842bec320655b6c9bb7d6926e6817de431b89b3f58da0892e0a40f8d8
batch_003,encounters_athena_clinics.csv,69,ATHENA_CLINICS,130535,f5559f1765587ba4e28cf00501408e81061d04921ee57fc38a9f07b915c888f6,c6bae6d96c22e56db6d8e0c82580bb278fd524c8abc4f52762cb005166cc7790,2024-12-26T21:11:41Z,NEW_ENCOUNTER,,,
batch_003,encounters_athena_clinics.csv,70,ATHENA_CLINICS,136018,ce3711c842f5fd03d239c833009dc21d2bb23132e1c8364f4970baaa509754ce,a3e12600c1877b19dd60df8e507c702e5377052db71f04f726273eee0ded5923,2023-12-12T22:21:07Z,NEW_ENCOUNTER,,,
batch_003,encounters_athena_clinics.csv,71,ATHENA_CLINICS,137157,6feca4f4d9ce625305da33fb0dd415624227b2ec67e4cd42075c827c42aee430,b4298bf69a2f38fd2d66a84514467b59903b842b9805d68fe9ac2632dd1b6938,2025-01-13T13:55:06Z,NEW_VERSION,,,b46975328891628f95d9af09ccef8485b947cb844f47147c1c4bc1b8b303e8ce
batch_003,encounters_athena_clinics.csv,72,ATHENA_CLINICS,124054,fde333206b24332d006bc640aed7afab9edaba21ff492c343e8fb33504436c71,d978574b5d4ed49dc59bf33d9791b54d38ed9d16884ab2255670f0314a00820e,2025-01-13T07:20:31Z,NEW_VERSION,,,61f6c677e73e8723619caa305ca7305d3fee43741af12d23adcfbcb8d3c9432e
batch_003,encounters_athena_clinics.csv,73,ATHENA_CLINICS,107336,d8ff50ec37a0dddae3784ced41f9ce9c0df99333035f3014043bdde4701ec0cc,0869259247d289087af0ea32bdee08e410bc44009c1e7d6972cd61db61c4908c,2025-01-12T03:35:46Z,NEW_ENCOUNTER,,,
batch_003,encounters_athena_clinics.csv,74,ATHENA_CLINICS,126277,7d6d9621ca41fcca36ab81ce5d0b4a47f1db9900192edfe0533b50174c2d2a73,ea83a6e81dbd675835ab8eb180f1abe97d788c5d14bf9555ac8bb51cf323020a,2025-01-17T18:42:05Z,NEW_VERSION,,,c9c7b4ae722060a858deac5f71f8aaaa413e65cc2b98abe9d0cade8428d2b64d
batch_003,encounters_epic_north.csv,1,EPIC_NORTH,E9004176,4aee23f454e9ec7102e94fbbf358fb56f994a3a1dcb9e5e0078b279ceccbb841,3d1b7e47e35e800782224d5731135339bf66e129ef63a56fa39d1865c2eb09c8,2025-01-19T11:59:58Z,NEW_ENCOUNTER,,,
batch_003,encounters_epic_north.csv,2,EPIC_NORTH,E9572732,d88d4032af0d87c6a9c14a16aebdf5f92fac2fe09e57fd3da9b2598476931812,12c50d4e88e7010d72ec79a5e2092765220ce931b2923ef31d12ef68841bdb0d,2024-12-31T17:19:31Z,NEW_ENCOUNTER,,,
batch_003,encounters_epic_north.csv,3,EPIC_NORTH,E3145629,53596e83575c4d0d1831d90f632556f470bf99f38671c6f5569c321bbbbd45b9,cb94fdeb32fc71985d2397b47ad0de596a2f940b1af7933ecac6590b9545796c,2025-01-18T02:24:21Z,NEW_VERSION,,,fd83eb46674e576add0353866cc610673c3a9fe85cd7899719646706b5d36540
batch_003,encounters_epic_north.csv,4,EPIC_NORTH,E6812954,5636abb520f2a364e042ec968d15791c8b224d5f065ddd440d99b3fe46b8226e,3b18716aa3c50655dd880391669dff49d2994d809304bd7c29447291902f1588,2025-01-18T11:55:53Z,NEW_VERSION,,,fff8f06a50f6cd2a2153dcc4c2cbaf8bebeddf91f9cdb8e1b7f86062ee95cada
batch_003,encounters_epic_north.csv,5,EPIC_NORTH,E5244981,e14660b17f176079fe26f977d1399a96f0bbc180669c10eb556fced07008b94e,8adfd2630cf0f735c6c83de779e703b8632e4b3ff2eea5a1af7be73750de41b3,2023-03-02T03:18:26Z,STALE,STALE_REPLAY,EXACT,3ee5dd935af0d62fa28a4e4f2790acf5bc5d0b536aacc4de4db830460786a95b
batch_003,encounters_epic_north.csv,6,EPIC_NORTH,E6183614,6f5098142c281ac8fc6f2ab796224b61be04e08e100205166bbedf35095427df,a563cdbea5f6da4856f3265ce191a635f72e6432089a00c0100ba96d095d9882,2025-01-10T01:45:39Z,NEW_ENCOUNTER,,,
batch_003,encounters_epic_north.csv,7,EPIC_NORTH,E8472483,193ded19ad552a237f0b1994417a0bc52850b10e8cb8158a67336b7f3c49e491,f00863638b6819e306ada8163288c21a418e82aa7f404df172e62620433b5a23,2025-01-19T17:59:53Z,NEW_ENCOUNTER,,,
batch_003,encounters_epic_north.csv,8,EPIC_NORTH,E4310184,59762823c031058cdc37e39e4177976d82149ecf1964e54a9861b8b8fb7bc92f,6170bc8c89b53ade54a82ec30b71dc2c9f4d6822be2e73c1b9035e0fe36d0252,2024-02-03T08:38:43Z,NEW_ENCOUNTER,,,
batch_003,encounters_epic_north.csv,9,EPIC_NORTH,E5087098,b508a732a49184ffe866812a8ddf093a95e3883bb2e7291aeb70cde9cff38ad4,d2c75c59b89108eda22a05604190eeb08389d6eeb8b65f79e6bdcb0500439c79,2024-12-12T23:02:50Z,NEW_ENCOUNTER,,,
batch_003,encounters_epic_north.csv,10,EPIC_NORTH,E3168433,511264664eac6c2c0aa102a0ff75b79ce92bb60b4637214f4b9fb7f4adf081dd,0d2efd442633ad21110112574d527f11a88516f64139fd231a57d44701487f06,2023-10-11T18:00:46Z,STALE,STALE_REPLAY,EXACT,19311b262afbcedaa5a9d5eb1afe7b89a98897082a5021f5247783565f6660e7
batch_003,encounters_epic_north.csv,11,EPIC_NORTH,E8575374,bf5ec2625f3f1e92b5000ec454b903615fcc7f7de1e72314be349ff263f18b47,015280724bee7862cda406de5262eefe9a92a4bb1843d20f0fac6d64d872fb83,2024-11-27T00:39:55Z,STALE,STALE_REPLAY,EXACT,e1572bebcab31f92f70271e0bf501c3b4cacf4ea26330d31dd175fabc33234e2
batch_003,encounters_epic_north.csv,12,EPIC_NORTH,E5285052,f92e5db856017591e172bda08fe537e5f163a180957f228b91d1a61e23464a29,56061479bc736aa9f34177b5bd3f4d972ddf60a540dacdb0f6b64f67c7ab196c,2023-01-19T04:37:14Z,NEW_ENCOUNTER,,,
batch_003,encounters_epic_north.csv,13,EPIC_NORTH,E4113536,92a1f19053d36cd27fb413f48a9ce51de67cca957819a571bb6c2527d1361743,af596f24a4ddd9f1857023637cf3a4c61ae38e8c7c0576e57d235d7235edf013,2025-01-19T03:18:28Z,NEW_VERSION,,,5bcc113169e8700c8d341f198f7ab0e8dae5f49494ea4f3d400f2c4573a9c6ce
batch_003,encounters_epic_north.csv,14,EPIC_NORTH,E4232902,25f65df0d754736ad1038386540cbb19305d24c31f77b747fd64ca3a5af2dcfa,6e648c86aa36de77ca75fab450454029ea97bd7e25dcc16c44be07ab87ff40c3,2024-06-21T21:42:30Z,STALE,STALE_REPLAY,EXACT,41de1fd69f402599ad3b017c839f69fff496c9bb0ccde7329b8d54dcd348268c
batch_003,encounters_epic_north.csv,15,EPIC_NORTH,E2042449,22ddc112c4c1bcf078dece11b29171874e4cc9b45302e9616234c15d1e688acd,8eb1ff3fd48a4642f51dcb4676900c0e5f540f56572279a8d5911c198422e6a5,2024-12-31T07:27:07Z,NEW_ENCOUNTER,,,
batch_003,encounters_epic_north.csv,16,EPIC_NORTH,E2667571,de8673594ba9f393ad77972620889e818beea4442c1caf860d63a617d3fe2316,7a70a0872ef64077bc3831bd00d94717f9af6523cf34441e335af09315e0a3b4,2025-01-17T17:58:24Z,NEW_VERSION,,,85635efd601bd06055dd05b5430df2362173529589a5226f19efe5cc71e3fee1
batch_003,encounters_epic_north.csv,17,EPIC_NORTH,E8757191,b4376035fdabf2acec8a265da2ad33787b10dbfba4d609011e75acb68cd12576,5b34bcd5b271240c7f39159fabbc6b9933f639bd4a28984a853527064d6e6b57,2023-09-24T04:11:15Z,STALE,STALE_REPLAY,EXACT,92691db58e6a4acc5107c1b953bd2815ee9cd6dfb6320ba6d31b6aa5a15e9e75
batch_003,encounters_epic_north.csv,18,EPIC_NORTH,E2818119,a88eed08cf537ba033bc48c1349f7db72033f437c427a742671a9e85f0262320,d1b2d239144dcbb6c97bc6a828b58e64e3827ce555feb264bee829987d216961,2023-11-05T09:53:02Z,STALE,STALE_REPLAY,EXACT,0d2d0eeb0b0404469d986d330c3dc43650145ff65c8192d1ee6ce411708e4e80
batch_003,encounters_epic_north.csv,19,EPIC_NORTH,E4691810,a113c14c087b37d414c6e8568e40c74733a8925dd0e9d3b48611292381314d55,592d3d204c618ec50a90cddd0ea92e8cc1f21fc19b57484529e0ebd9e21eb924,2024-01-25T02:17:30Z,NEW_ENCOUNTER,,,
batch_003,encounters_epic_north.csv,20,EPIC_NORTH,E2094367,b66c922abe28d057c4f6e606a0fef7ea83b9755d48617ffa83226a5e78dcc056,9794f1024a5213fcd324f001b3b2005d2a22e9c78b3f843ffd3afeeb14cc6bda,2025-01-17T22:21:55Z,NEW_ENCOUNTER,,,
batch_003,encounters_epic_north.csv,21,EPIC_NORTH,E8023211,c73c9330cb95e06b990c99140aa78587107e7276681eaa9aa1c773aabce8f81c,cdef2af1d8ce13745e34573268d06621172715d2da5273a92c9cb9de061c5aaf,2025-01-13T21:51:15Z,NEW_VERSION,,,b05abfda5b7e0108dfc7aa4a517a05d37f20ad2a861d0367cf0bc3704b4aa368
batch_003,encounters_epic_north.csv,22,EPIC_NORTH,E4356482,25854b49676ac25f425d6ce8ffdc23b0530cce8af0dce56a55f3b246d622ef86,759ff2d89a0d808a5b18d75ba6e90100645a85a779237b5c8b6b35eb87102cf1,2025-01-17T13:13:30Z,NEW_VERSION,,,62e5f88175d8125277b1f9f3e1bafb56fbff377f01d0e487cbdbb1667095a3fe
batch_003,encounters_epic_north.csv,23,EPIC_NORTH,E9154808,c5f1e5a6ff8a6097d91ca5c2cb3f7c3964704655e5d23de444c9994043c3590a,e30861d7d2d6de7d530f5bc49b483affa6ea0590a2900040e4e16105802df33f,2025-01-16T19:27:20Z,NEW_VERSION,,,5e9ad4ea334021bb5b418607127b6ef94a88e8ddbf62c248c1b88709f0816997
batch_003,encounters_epic_north.csv,24,EPIC_NORTH,E1891021,6f0afc4a8b0e7618efb5078a632205218c67150edf2c5069e34955d36882573e,b7b67b74c686fad8acb8ba8b07aa21c6131f745ab703cbdc8671c5bc29494c39,2023-08-08T22:23:02Z,STALE,STALE_REPLAY,EXACT,9e19e0fa83fd8e7533528da4a36d9f6bd85c0f0f218a754259b070e562fb29b4
batch_003,encounters_epic_north.csv,25,EPIC_NORTH,E9887124,f12c22f0b3eafaab8c6d3f2fca0bd6d539a5c31f27b86f63446f889000664421,ed222c639183043d89f40b570d1ef24fd776850df05d124585e081ade72fb5bb,2024-12-17T01:21:00Z,NEW_ENCOUNTER,,,
batch_003,encounters_epic_north.csv,26,EPIC_NORTH,E8314212,21163b6f5edd2d838f2d54fc2f8adfd8f0ffe2c997f18e2d52ad3d67554d40ea,98595d676f39087e31b90eb3a3c0576b878291cc3c821d17316ce336803af1e0,2025-01-11T02:27:25Z,NEW_ENCOUNTER,,,
batch_003,encounters_epic_north.csv,27,EPIC_NORTH,E4632804,e53722f1effd23fc179d153f4683d856a0d813215cd655abfcd18f1c5413202d,a9f39c8161d5933ca7885f9077bc0b3b6b40fe78689e328ff192ccd5771935c0,2023-09-15T14:33:59Z,NEW_ENCOUNTER,,,
batch_003,encounters_epic_north.csv,28,EPIC_NORTH,E8418834,eee3f4b63c9f688317de06a73788874d931a23e0343883bbf18912e378ff04a8,0a25ca7b7cfe6963a60fe4606252b99e5c541703b97d21293b32b5c25e290197,2025-01-13T07:53:25Z,NEW_VERSION,,,bb0c80f51357ca9de6c7e26e9e6ff94f9e20fa1448590d350f5f33cd0db42289
batch_003,encounters_epic_north.csv,29,EPIC_NORTH,E6325405,063b5d4cdb23575ca15619578f938cb682a8aa3e3ee1cbd7698a3c45aa812222,2691754afd0424e88d47cb22be5d924caea4a54022ed1ccb2ba4a61ab4273bc0,2025-01-18T21:51:10Z,NEW_VERSION,,,4998df9e5789263802a88d1ebce97415cb4294dbb3e941876a897588521cdd00
batch_003,encounters_epic_north.csv,30,EPIC_NORTH,E7545634,b957c97023408e389769182f35b1d25ac7e1eaf2096289d1d24d736310623ecb,0b1d39ce652df2f8ec6ef5ce0bae3e3e4ee74f00a5dffb80791ab3f6a81d924d,2025-01-13T09:01:19Z,NEW_VERSION,,,d0f3949648f55944104b401384d43e61298115e70a9d2435b9f4f07fe6c1c42d
batch_003,encounters_epic_north.csv,31,EPIC_NORTH,E5321590,ea7c77d30cfb986c773eb3d576608ee52b5a8df2b9a48262c4fe0e91f2a88335,c6e4f7ac2144da69f467cccccc2282ac507c80c820cc244339892d0ebf8c4c9c,2023-06-28T05:01:26Z,STALE,STALE_REPLAY,EXACT,cabd0f959cd9f312ba44d1101574fbfca50c869d466f7aa12ea8cdfc69db85cb
batch_003,encounters_epic_north.csv,32,EPIC_NORTH,E7081615,bd9b453ee6e38a13588bdacf45a344e8564d7c01ce5fe6cf55c4534503b5b3d8,ae1cf859903b61c51f4003a470173d06c12f06b72a8839fbc03a945de7e991a1,2025-01-19T06:58:45Z,NEW_ENCOUNTER,,,
batch_003,encounters_epic_north.csv,33,EPIC_NORTH,E5969639,0bb5deade9d2aacd4a3d2b29e5c131561d9357ff51d28f89d1223760b45e387f,56cf92fe867046132e18ccaab3d9ded840dcd547893725f677593bdf4e283171,2024-05-31T02:34:23Z,NEW_ENCOUNTER,,,
batch_003,encounters_epic_north.csv,34,EPIC_NORTH,E2109143,b04e26a9f2d4a85953693da7c212c351a364d7554a7cfd3e3a98db4cc2bc065f,f79cdba12a1d6a23864c294ea2b41d6fa5e09bb7c587c989b1f216b081f3cf49,2025-01-19T02:38:32Z,NEW_VERSION,,,31bc351040b35279d7db3405e54f80abc2045d4e7c8f55f4b8a4a3b3391c3ac4
batch_003,encounters_epic_north.csv,35,EPIC_NORTH,E3428495,9d3695bae9a5796804e7faac56e4d2d4a58e848e221273b40311495cbafb516f,4c25e2371b17a6b8f38e9675d566947eb315e556a574e63740184346c3b7ee18,2025-01-17T18:26:50Z,NEW_VERSION,,,f2b26388e36fb6f4162d79d4b7e09b8eb7c0b81a3728c72725cf7d3ecd84ce94
batch_003,encounters_epic_north.csv,36,EPIC_NORTH,E2274352,9bc8b834d39e6649d6248ed0dd5921487d6f83d7819aba5539e27513440f9673,f462f04f7e7017edac788833cc676c7466e02faadb645e77731ff5e9f9ee7ccf,2024-12-28T22:51:26Z,NEW_ENCOUNTER,,,
batch_003,encounters_epic_north.csv,37,EPIC_NORTH,E2054782,21e74357b64c7b0ca6b0685c6cafd064c25a5636fb021b8769b579d4cf31d5ef,51003058fad5349d6b5fb7d31bcc7fbcdd79ccadec7fef46b7a9db7d6ab3814d,2025-01-19T01:14:36Z,NEW_ENCOUNTER,,,
batch_003,encounters_epic_north.csv,38,EPIC_NORTH,E3239417,5cd03f9a6704735bc5b9e4cedef0046b2aa95f0fc3c6bf02aad6399d2ed88021,2d4427b4b95ac28ccd968dd18514f72cffac9b1e5d2b1b405f4b715c31eef8a6,2025-01-13T15:43:58Z,NEW_VERSION,,,331986e0f339d5d8affdca3847f2337795ab8e3362a5e842a402ca40eea4da5c
batch_003,encounters_epic_north.csv,39,EPIC_NORTH,E3865085,b8e8c5f9ec680562b28058dcb702fa3a4b6b1898d0d305b53e13cfb8513a1ad8,2cd8e6ac40c14319aa587023172e7c870866203f4ee56a3f9ad5f220e1361343,2025-01-19T07:41:50Z,NEW_VERSION,,,c379467e92c8940bad3c231fefe11cc8f7a9d60cd7ae474c59389340949a025d
batch_003,encounters_epic_north.csv,40,EPIC_NORTH,E6965553,1ab2b66875a7365a9737968f645dc81be6646871f19ac7f5135aae1702579fb3,b375e4c36a1ca06701d880f2a8c13ef197e12933736f9d214f716d80a9e48d9d,2025-01-13T22:33:59Z,NEW_VERSION,,,5fc71d75baf96f6dead1e7ab724312b41a3208d00184756fcf4dd38321e7d7fe
batch_003,encounters_epic_north.csv,41,EPIC_NORTH,E8142350,6421bd9c485f8a41fcf654a186d4272b9c19eeb8a06f757dc71677144cc2bd48,afe6f1788272a9d3a530bf78d0cd75e52fdc8bce096c4ef0dda6331d5bb3394e,2025-01-16T15:24:15Z,NEW_VERSION,,,a2198004049234627a868d8693d6beac68084f2584fa693751fa636b2c58293a
batch_003,encounters_epic_north.csv,42,EPIC_NORTH,E6969671,4dd1c139feb06eb65358620270668df8396de7580f1ba2905546ee2d6c498546,a5ab04b64644006d229de272b5ea8b618122827244586e767d361f3fb75359e8,2025-01-19T02:45:49Z,NEW_ENCOUNTER,,,
batch_003,encounters_epic_north.csv,43,EPIC_NORTH,E4210487,69a2f86b666d27d0fdfdbdf727d4b64f9506336b6510002ce3fa9274a5efca82,8cbaa44e1ddbaff77fd2d761d93693e77c615d398ba64592e9ef80b3c8f65a66,2024-12-03T00:38:32Z,NEW_ENCOUNTER,,,
batch_003,encounters_epic_north.csv,44,EPIC_NORTH,E3497042,f7f079eb3d82966d5daae228ae5855bf4710d621e428ca5dd2b2434c62c2e47d,fe006f614bdff32b711158e850e13ea79bd25e834cd731a54dde36cb4453e8bb,2025-01-19T07:22:57Z,NEW_ENCOUNTER,,,
batch_003,encounters_epic_north.csv,45,EPIC_NORTH,E7321153,703597f1fee876b2d1ba73d03d209e0763ece6a6b3ef1c46cd7f3ae79f879f4f,f7e71f61e8e37b8f88032c5058c428f7f6b0d3ccaebdf6b314b16a1fc9669bd8,2025-01-18T09:24:44Z,NEW_VERSION,,,2dd57be68bd97ae1de7ecf65d2bdd365d165b1758b8ffb4a198f32c1dd76c953
batch_003,encounters_epic_north.csv,46,EPIC_NORTH,E5072153,6cd831378f8448a9d3239020430c18687bdf2dcd868ef12862b445a19aa754c0,13d12141f1e36ec59cb1774d6c3a5440ccfd5ab7a89bf68863064c2cc5e6a9d7,2025-01-17T05:24:53Z,NEW_VERSION,,,eca4e1581de081d8d3fac8dd8ec11ee672f632e0fdf5cdb9cc8bcbd698f1cc22
batch_003,encounters_epic_north.csv,47,EPIC_NORTH,E5700568,d7bd036d0c9a454fb15290e1364d085e98c6e6d7a8fe74a2ce1354bb532103d0,e2c94d989cf414b3aaa9b55b268c9682c948accdb47ab844d823294bbdbee8f3,2025-01-19T16:28:00Z,NEW_ENCOUNTER,,,
batch_003,encounters_epic_north.csv,48,EPIC_NORTH,E3948254,8c5b4aee40f23290a4ef778b3c282167c8e285cd553c48a7b28d8a519bdd4864,9d01b0130d8b76768c69afbd5bcd20625faf882b63de9a9bdb9be0ba2b0e750f,2025-01-20T04:29:48Z,NEW_VERSION,,,0923d5d246867b038ea92783706bb79d5dd75600023fd39585c1c8d18bb79975
batch_003,encounters_epic_north.csv,49,EPIC_NORTH,E7919678,decf01090d1343c3542c0186634d41b89e89ad391117fe66e07d337d437da14b,0f4723f076cbb7fed7c9eb8a8a304e67846baca2bb583a8731d033dd93132dda,2023-02-17T01:01:17Z,NEW_ENCOUNTER,,,
batch_003,encounters_epic_north.csv,50,EPIC_NORTH,E4548266,1ada825b539b59a40e1ef43b3eabd86d643afc3b23ba288280724f26cd595c9d,1bfc9fbb7560fd66ca6257add923686c307e014e3f91d5603e3a64781e6470c8,2025-01-13T11:29:50Z,NEW_ENCOUNTER,,,
batch_003,encounters_epic_north.csv,51,EPIC_NORTH,E4081235,a20fc2b4e06981fd1e81b18c6b554922ba9660ad64e2dbb40f5f8a07e79ef674,758cfba474116e5e57074b748394f6d5e6149a922119f083c7dadc1b659bda13,2025-01-10T12:18:51Z,NEW_ENCOUNTER,,,
batch_003,encounters_epic_north.csv,52,EPIC_NORTH,E2115387,f8bf59dd407daadce6f554a94c16e826e9cd3be5a1d20de2038c9937b9811f95,848a11f248b8a63602eec2f7fcad8cbbc35be070cc5072c5cc66e6a12ec48ce9,2025-01-16T06:17:23Z,NEW_VERSION,,,f694b2cff29a1a46f74054202946b0151fab0ff61af4c280e7aa45eed7f7da5d
batch_003,encounters_epic_north.csv,53,EPIC_NORTH,E9733520,4fa67f0264470941e5d1b30318d02c98f3cc3dd556a1f9db2def2562d584ac58,181169a47c629e4dfe6d23e3bded2ee820dab68194e374ad021948518db62147,2025-01-19T03:28:52Z,NEW_VERSION,,,1155426cbd110fd1fb484648789ca2d762bdffcfc8f1cc5b341349c62b4454a7
batch_003,encounters_epic_north.csv,54,EPIC_NORTH,E7996335,02caf2d7233b52476e63779202bde34ea98b18d625ad1d093c3059c4b8cce7ac,5f35c6cfab008aeedf624407b7e6ba2f61585f27a973884ab242649d5640914f,2025-01-01T05:07:59Z,NEW_ENCOUNTER,,,
batch_003,encounters_epic_north.csv,55,EPIC_NORTH,E1599873,c5a4fe4197ef08143745eaa687263109deb7238648e021f718e92281755b583c,0a8fa9ab1db87f3c90021d4f2f00ba57d8fd9aa55744d0136afd4965d8797a99,2023-02-08T18:10:19Z,STALE,STALE_REPLAY,EXACT,5c502a01185ab8b3b39a1d07f5c70508d53199719a1dd63e038993848df094c9
batch_003,encounters_epic_north.csv,56,EPIC_NORTH,E4282050,748676d85ecbee7cb19f26b5ac8acdf3f9c67e5a2a1c3f2cf10fc44696ba76d1,9e5f64768dde68bb1c344cff6f873f094cd36623d19f3013e098f96523944bbe,2025-01-01T00:01:26Z,NEW_ENCOUNTER,,,
batch_003,encounters_epic_north.csv,57,EPIC_NORTH,E4011473,daa930b3ccb53e6e9ea316e491e997ed7177142a96d5e07deecb579eda7b4b10,8f54756442f600f46a67c741e2b07607e7839adce8c8844c2e21e5f39f56ad45,2024-03-07T11:44:32Z,STALE,STALE_REPLAY,EXACT,1ed38bd4aba413155d16c78650562ae3005e57b1f799aaaa362ad122481c0e49
batch_003,encounters_epic_north.csv,58,EPIC_NORTH,E9668205,d312442d6b72ce88661fedd041c2373d79eaacec6a36268e834ba0be4eb7a9a3,291d93a1ee515589d7525b33cb09b21724c75aa6ac0f1baa34fb21eca616280c,2025-01-17T02:54:40Z,NEW_VERSION,,,ddedfc6e4af389850bd20df720b4b1fab24b3304d2f2fa9717f75b7972d129e8
batch_003,encounters_epic_north.csv,59,EPIC_NORTH,E7204104,be3dfdec9f3028c9bff06cda0cfbe10d9c5efa5f8c89587346bc4011ef2d58fa,c15728827e154f45413050e561f30c60c7f30717c368c7884cacfd31be57aa2e,2025-01-18T14:08:45Z,NEW_VERSION,,,6baaa289ac9df329de07ff3af60a03422e1e55fbbc8bef040573e696cfefd3f8
batch_003,encounters_epic_north.csv,60,EPIC_NORTH,E8999555,c720893900192641e3c342f9bcd30384371e53437590bec8567617edbd177614,a8038f37a0771adbc8819469c5c12e0ce378cf5db6e21c3c5b0afcba65be7003,2025-01-19T17:55:10Z,NEW_ENCOUNTER,,,
batch_003,encounters_epic_north.csv,61,EPIC_NORTH,E2289534,0df39fef818f42d9d0cb693282c24690c00c0adf074516ee238eded31f5a4725,0cc6cc5d6d7db01e694f5263108ec20f7fad5bbba3a68ab70e93cb8561b50d97,2025-01-13T22:40:26Z,NEW_VERSION,,,fc16528fb66d572792e0f2b65c4c173e667850fdc32f45691c2d6ed222389132
batch_003,encounters_epic_north.csv,62,EPIC_NORTH,E5983559,7ae0f63324a8038b12e3b7178d9b4bc2c29b9a9b6c2f43c6dcc955288a77097c,d47702bdebb4d6aee6ef60ea7441f19b8356a3556066f86a031ca79d4157ae47,2025-01-19T14:41:36Z,NEW_VERSION,,,c546297973a22e22a2442bdc06395af530b283bbd7b755f367fd517e5bacce4d
batch_003,encounters_epic_north.csv,63,EPIC_NORTH,E5564037,38abe423846e1302d3d94e7430866623dd8d110b71a6ff8f396bfecd77f7b82d,54ae82fda42192f753b9f824c8bdafa1629ac3c743400ebc9f63dd332fde0ab6,2023-07-06T12:41:43Z,NEW_ENCOUNTER,,,
batch_003,encounters_epic_north.csv,64,EPIC_NORTH,E8952212,1f21033f3467724e2be609976ffc94da66903339c795955745bb46bceb4136b2,0eea41a722e1eeed911176b2701018bd89af0f71ded30a38986362a14a35a01a,2025-01-17T07:22:17Z,NEW_VERSION,,,a3beafb9696cfc01e4580c0fa577feab7d5a94b0903bfc5a7b070ba11817a30f
batch_003,encounters_epic_north.csv,65,EPIC_NORTH,E7976360,a165bd7e62f787340f5c4acf6917e76c0e2a7b01f0db59ef4582b582efa3ca2d,0db8015e0af7d2e0e75cef07a8642aa21032a60b306698a944efafe2af59df58,2024-01-17T07:28:57Z,STALE,STALE_REPLAY,EXACT,862435f0bb65314a2bf6e44e6d51e2f2cb9880c8a2d0c35927610267d155a24b
batch_003,encounters_epic_north.csv,66,EPIC_NORTH,E6438421,74c699ba5f1c6f41185dd0fafadf63a5197bc691080f21d32ac28de7e538b64d,080fb5a402fed19b0bdd0def4249e04166ac1b73a2c9dc3be671fb273910c6e8,2025-01-19T18:02:07Z,NEW_VERSION,,,494dce719c515ee1202f413084bea7427a93d2e2966cc14f80168233ea9cbfd1
batch_003,encounters_epic_north.csv,67,EPIC_NORTH,E1371908,b862dcb558deabc4387f5ba49bf2ffc20d26768ba185267490716297e584c06b,cc5e51d4a13c2e07d27383b67dc17fb546cddfa38bbf332f320197835da359a1,2025-01-15T00:00:19Z,NEW_VERSION,,,7b607f4a66886abed2fff899e3040c7e489f436035b9a6d46e93ffe55fda1da6
batch_003,encounters_epic_north.csv,68,EPIC_NORTH,E8196351,b662eb1169c7d9cbf9c67c29003c617f63d59bf89fa5ffb05a6a0d7b96e9a43a,9c0fc7b72c1570886af5bdfcd9ffb4736157c90849b9b4ee0d29d9b0f9e080b3,2025-01-14T02:49:00Z,NEW_VERSION,,,bc421dfc8edcd098bbbf9d7b7387aa2bd0f86497ca62ee18cb3ca7bc1a3b4166
batch_003,encounters_epic_north.csv,69,EPIC_NORTH,E5513433,4f65ecb8d2d8c8d6941d3577de467556d7dc8c6a1af3aa71a8dfdd75f36df887,fafa03e17e14575cf68884033fcc884bd3ce236747d15216cc22a76a3174aff9,2025-01-18T11:39:17Z,NEW_VERSION,,,49c591f27784bbe449d10384c47c28323859037dc3d03312907bc8bee556b836
batch_003,encounters_epic_north.csv,70,EPIC_NORTH,E7942880,2b7a77ee4b799b5b394c5872f7a9280c180d1c8cdb389df761d668d1a508c1ad,578d4d995c0c8e22b26574e431a97b476ebb9beb2a0b6a746ef1f8fd2dc92896,2025-01-14T18:35:43Z,NEW_ENCOUNTER,,,
batch_003,encounters_epic_north.csv,71,EPIC_NORTH,E5461848,5e4ebf911a2aacaefc3a1b2a7d7ef2a9c751fe0bdca9fd252476bfdc234f1716,8d5a8977e585ef219df12a3834549148825aa1a12d06e58d7ba3b824be66267c,2025-01-13T07:59:22Z,NEW_ENCOUNTER,,,
batch_003,encounters_epic_north.csv,72,EPIC_NORTH,E4916633,d74cfd2ff08fc320ae7a01501cd5bdaa29a72f9ac896915bfc919c083d90bfb1,951e98336f132fe629808eb54cc7a6241edb287fda091c852dfcdbc778ea394c,2025-01-05T08:00:48Z,NEW_ENCOUNTER,,,
batch_003,encounters_epic_north.csv,73,EPIC_NORTH,E5539654,750d4c489eac1fd7fb2287356f6951b7405786f17f68a1f1811c37a564987014,68275a19874b7a966fd821b6aff321389b2fbc2d76ad1e5ac6d11cef16abe577,2025-01-18T20:14:10Z,NEW_VERSION,,,37f931776b95992464e3106725e1d5e3259810023bd1bde37e553990a927aea8
batch_003,encounters_epic_north.csv,74,EPIC_NORTH,E6870824,8aba12f01ab34a81e36e0896cb1959e0336ebd949cc8ad96697f2c01893efae7,a3919c6db3e2bb7a00685825042ff6f6bbe79b9cce5e28688a618a9d3393f268,2025-01-17T12:01:33Z,NEW_VERSION,,,de449d73a6a85e2fa7745b3375fc5f712356c093a0c9f282af0ca5a3a3ca67ec
batch_003,encounters_epic_north.csv,75,EPIC_NORTH,E1838822,4616d477e919ff5b3ef365ea236c6bec66e5be326a5a7eb20a02af507be68394,3ae735e5415935d9f7f8890c7e0755fe4a76db06218bdb99ed56e5d011aab6c0,2025-01-14T19:46:49Z,NEW_VERSION,,,99fbc1001bbbd67808b88e1def24ffa75088d178f89c4a26ec2ebf7396f9dcde
batch_003,encounters_epic_north.csv,76,EPIC_NORTH,E7222696,094b70b8b84fb0c7c9ed791bf48019cdc713e3cb7690492789b5315bf5522f7b,77992957fcdea25e78620f09918099514f543fa6355e89ce5e3bbe9678368338,2025-01-19T15:28:51Z,NEW_ENCOUNTER,,,
batch_003,encounters_epic_north.csv,77,EPIC_NORTH,E9541509,9518d4c8bcfea39f10188cb6aa2a6d6d042f93f52db71ea6f9c804bc155a0615,9b9942b5dfb33178ae789a698e2400eb17d9bf6e3b1ae26850ee808572ca2161,2023-03-19T20:14:57Z,STALE,STALE_REPLAY,EXACT,c14880aa04ec818d173ccc78228413927eb6f78a064dc508e717441ec1e37f08
batch_003,encounters_epic_north.csv,78,EPIC_NORTH,E7983743,4876f7b560399b8eb920cc8b971db06d90ab2ec4df937c595dac53b5d50e49b8,ce35e962ef87355ff6a759d6b5bb24cde6f9df8a27dd895c732e50a65012f913,2025-01-18T11:07:34Z,NEW_ENCOUNTER,,,
batch_003,encounters_epic_north.csv,79,EPIC_NORTH,E9566372,ce66bf5b1df0bc75b571cc8d37c0c31f1d18a663c8ffeb4ef8290379dcb2b0ab,15734290c432efa08d3ec5b1b448e746df75b8d6624b64f5863a9108238bb81d,2025-01-13T10:21:38Z,NEW_VERSION,,,5a3eb9250ef49272203b628198ac873cc8e80b4a6e9024f9474b9db4805f0c3e
batch_003,encounters_epic_north.csv,80,EPIC_NORTH,E9825575,62990f89627a614c3bba20778d70261e7378757aa31e0e96307cac2a8d275b82,c6956e672ec3a4ec132e4a116cb901b452db430f63ad9a474391a3382af412f3,2025-01-16T18:56:08Z,NEW_ENCOUNTER,,,
batch_003,encounters_epic_north.csv,81,EPIC_NORTH,E3828641,8ec8dfdd46436ada06d472be5f0318d1a1cf184de8ef41d1bd86b4e37b064f32,2374af38419931cf5f7b0ea2a1fdbe622d5310c1a7bb96a36a0e7c0b63b30444,2025-01-16T05:08:47Z,NEW_ENCOUNTER,,,
batch_003,encounters_epic_north.csv,82,EPIC_NORTH,E6291931,1551a8d8a516f2f050a02752b3c1a2ea541ec55b25767f1518feb00cd3b3960f,bfd93058082d9d1dcd7c03cd13084bb87a1022b1e3c5c2def1ffba468cffb3b9,2025-01-14T10:19:15Z,NEW_VERSION,,,1acbfb5daabf94b978b1944e6ac89af14118e560572faae50f504b475e766590
batch_003,encounters_epic_north.csv,83,EPIC_NORTH,E5813301,84f16eb69dddf109947de0e866e764eae11ce9af47b35156ea66981e578e07fc,b32ec4a98418cc227e4a26fd18016ea57cddd0e2e09391863eaad0300886ef99,2025-01-14T08:47:38Z,NEW_ENCOUNTER,,,
batch_003,encounters_legacy_meditech.csv,1,LEGACY_MEDITECH,109465,a553ec39c03af8228b8c4f859c16e78eb79e458c7e35cecf541940ea660320e4,949135fcaec64349f12d3b8543ffcb36fac9b815aa8692dcb339f2050858bcd4,2023-02-15T17:22:35Z,NEW_ENCOUNTER,,,
batch_003,encounters_legacy_meditech.csv,2,LEGACY_MEDITECH,133243,19935352e8b3a8e5416c1c67fffa882376056c6dc25ecb60cc059e786db96ed1,0b23adc1407b2215b03ec62ec89a3df13c65fc3bc2d409dfa95c01e9733ffa83,2025-01-18T20:26:13Z,NEW_VERSION,,,9d6d16cbfe24ba96a8dec286c6f8f55a27b6224b27c96ee8ca240bccd6a91cc7
batch_003,encounters_legacy_meditech.csv,3,LEGACY_MEDITECH,113431,06ca4cb5481c446cfbf6e769356cf7f2f20d707bb0daf35200b6b750abcd45bb,fea7656d779cb0fd414613cda5441094f837e63920eca52d801927842f90c84f,2024-12-07T17:42:18Z,NEW_ENCOUNTER,,,
batch_003,encounters_legacy_meditech.csv,4,LEGACY_MEDITECH,112860,f095e3b6d145af4809d8943af6b612063a1592e591a3572d3714bc3cab62064a,aaffdce5b361cc393b0a91bc6982c085b96b429c35b6634f58a1a872a3e889c5,2024-04-17T00:15:18Z,STALE,STALE_REPLAY,EXACT,9ec8ac3c10d4115d30fd06e3a0330027d1254f949e79a1f97e54f4d0251b1256
batch_003,encounters_legacy_meditech.csv,5,LEGACY_MEDITECH,125398,4580c4afc0a233391a71bfa4378fcbb1c92a00e9bd9ae97badc7ff605907c72a,acde46e9931d159a1236672fdd3c504ac05d0bd24226144a973bfe272ec2bc27,2025-01-02T21:44:19Z,NEW_ENCOUNTER,,,
batch_003,encounters_legacy_meditech.csv,6,LEGACY_MEDITECH,112275,fab6f3263ac523fc995d42abcad56558035ebeac7654946d1571a65ae21f401b,94f8ae15a834d45601bb68f3d7bfced6adf0e78ce224d78dd53458b1836e975f,2024-12-05T02:01:55Z,NEW_ENCOUNTER,,,
batch_003,encounters_legacy_meditech.csv,7,LEGACY_MEDITECH,107632,0cd189f4490cde4479d3b1dd4a8f75188b4f97affa29eb607fcdba23812ed8c1,2aba993d2e759c930b74fe7320d0694602a37917c72044cbad4773158efe4b3e,2025-01-19T07:00:08Z,NEW_VERSION,,,286cf9ae73e8e3b2946b00ed9c7f6426dce47f08a59d33dd167cc47b8b589f28
batch_003,encounters_legacy_meditech.csv,8,LEGACY_MEDITECH,125805,bec2e5d6f7d49cdf322f61be2cbfd45500c5f9dd6e9e9c70fa9374b229a91a77,32b321645aa5c8b92afb570dbf3eefcf44c50ad22f5252e9c4b08f37483b29a4,2024-12-18T23:51:58Z,NEW_ENCOUNTER,,,
batch_003,encounters_legacy_meditech.csv,9,LEGACY_MEDITECH,118520,1fce24fd62b52589951d6b738e2c36564122eb1952789ea7b0ec14d6bb6f8f3c,626ac51fc9759b5a81eba302961b64cc15bec5abefa05cba01a09aa071e8f94b,2024-07-21T01:14:26Z,STALE,STALE_REPLAY,EXACT,a95b71b81015481546f0e4c71240ce0d283ce8bf940bd48d83d68187b3b9f092
batch_003,encounters_legacy_meditech.csv,10,LEGACY_MEDITECH,100293,c814acb95ec64cafda76e63843af3680d6e5e3d7a3586bb8abf26d178e808ce8,04da39bc5dd27fde21c280cd0422886be0f7f267cd0697a2165fa8db381d9b90,2024-11-07T09:21:14Z,NEW_ENCOUNTER,,,
batch_003,encounters_legacy_meditech.csv,11,LEGACY_MEDITECH,129440,8dc7204db7285b3373979e684194671a688d4fb1e81db5df9ad2dbe178c86c30,c971db097bde0b91687a46635f8696fbe9b692bbbad6c3073fd3ada05d95b341,2024-12-29T02:43:08Z,NEW_ENCOUNTER,,,
batch_003,encounters_legacy_meditech.csv,12,LEGACY_MEDITECH,107158,654768028a4562dbfdb52e4095f6bac84d764bad6291ec4a14a87a3f9cab335e,4dc4c231c78cbe04a8890e7d9c154d98437fd733f390608603e9720ccf23133b,2025-01-16T07:53:08Z,NEW_VERSION,,,5a0225b1110f5c00d14e151af3270522fde4babd70f5ba8f6810ee2c1c478b39
batch_003,encounters_legacy_meditech.csv,13,LEGACY_MEDITECH,118470,a27229d360c4059cadff2ff5f6804dde9854873b255ea7c7352d325b31d5b119,f3b7873df02c0408f4ae624ede0cf5509423dc65ee91d0d65806cb3f706e1029,2025-01-19T15:38:30Z,NEW_ENCOUNTER,,,
batch_003,encounters_legacy_meditech.csv,14,LEGACY_MEDITECH,107988,1cfed15aa0ab6f7e4f213d3b2875195d4accf3042af2076de30e1a8722d83472,da1f7e526d3838dd4ffb7177535790d930dc1d1606b24d71bca632928c516516,2025-01-13T07:39:32Z,NEW_ENCOUNTER,,,
batch_003,encounters_legacy_meditech.csv,15,LEGACY_MEDITECH,128505,2a0b2a5353ce7e2f4011730cac1a2d709705441f2f13f3ba73d3bd821299fd3d,8b22e271b57aa05ea82cddf9d41de012f8cfec2f91b57699d49d2e07c2cc2687,2025-01-08T21:44:35Z,NEW_ENCOUNTER,,,
batch_003,encounters_legacy_meditech.csv,16,LEGACY_MEDITECH,110346,36e89144fc141f5552135c580834eaf8c24501174c15bd17cc18312e84e1353f,7ebd4c9daa0cc375355879738bf00ff4a9dfbd256e22f2c9d4cdebea963dd171,2025-01-16T13:01:55Z,NEW_VERSION,,,5e0c86c5bd22b9d290032d06b1cb594d926176718ce7c7f4c2414b182e0f7be0
batch_003,encounters_legacy_meditech.csv,17,LEGACY_MEDITECH,124127,ed17df7067889e58726324a01aff573079e226539a77eda948598cd42403932a,6110eb2b5e7f06c3a3b14fec99a13841acc2a4760268520b5e250cdfa0083783,2025-01-19T05:30:48Z,NEW_VERSION,,,427a0dfea88b470eac1d2c1fc4842fc62fc5c7470ce97f36a5f8161ce31ecbdd
batch_003,encounters_legacy_meditech.csv,18,LEGACY_MEDITECH,106166,aa05019d27322bbb2ab99f149810d19e6a93bfce0f44f1314c7e9af92731521e,9e20ef133647c8c2adae42221c1899d50f458c721231af1aaf90da8ec0cbad74,2025-01-14T16:47:56Z,NEW_VERSION,,,e233c197d1b63d3d97cba6f0992a2b258c6f2ff7fa4c7b2cda3cdc7b9b883a8a
batch_003,encounters_legacy_meditech.csv,19,LEGACY_MEDITECH,130516,52ebc02a0feda2ee25bca035557bd4dffbabdb42f5577d2fb8f868678b82ea2b,401303ad2d2fc71601ca80f9b184cd5b54cbfbfb76a65d8ccecab7b014bc1380,2025-01-14T16:24:08Z,NEW_VERSION,,,1a4b2f296b39331c6fcf00a6c49322dff604c705d630e1803edca90876851e70
batch_003,encounters_legacy_meditech.csv,20,LEGACY_MEDITECH,134267,e6981cce2a791008d6b8401aa7d3ebc8c36fe51dadb27e3a4d98ba445f3a1408,f1ab7cfc4d8cbbef2c3af78fc0163238a5618c9fb5d59ea123706d89db9e4eb2,2024-12-10T12:33:04Z,STALE,STALE_REPLAY,EXACT,6b9eb29f7c99999c4049e885fae51244042670269581e8cfb5cbe7181522024a
batch_003,encounters_legacy_meditech.csv,21,LEGACY_MEDITECH,122896,4e0d2b979cb87c7a96f01bfbc9cc1a86b27a137f6f374c3579e6c71fe776e4c0,74dc5db2676e510ab3a5d02508c47423fa601afe5e389bc9928776bf447a55fd,2025-01-06T02:23:19Z,NEW_ENCOUNTER,,,
batch_003,encounters_legacy_meditech.csv,22,LEGACY_MEDITECH,131478,6750f1070a91fd44c2ec8be2fe206d799d4d920a4a3cd46b9262e9171b9df2c1,0a0bbbe08bbad2ac70670b014524da5e66958e5b510dc9ca34336da0c77fbd6b,2024-05-25T12:58:11Z,NEW_ENCOUNTER,,,
batch_003,encounters_legacy_meditech.csv,23,LEGACY_MEDITECH,122364,855a8413828a7929bb297fd7cf6d35bd8db094998e293e122b751acdc27e2509,817fc35687cd14e78d35a78b95d834a498df7ebeb132e4defc612cd2de9bedad,2024-12-28T06:54:14Z,NEW_ENCOUNTER,,,
batch_003,encounters_legacy_meditech.csv,24,LEGACY_MEDITECH,116755,42c53c0f0335f5dea22545a7ccc9aa3ee4eee3d289b8a53c9e533b18b39e805a,236e3bdf00c4baf9ec6c969869aeb00821bf989e5d1591a1f1f0ba6b4de0ed08,2025-01-17T01:10:18Z,NEW_VERSION,,,aced19f6602d6e498fa69ccc27e5c85f6f110e5108d9be5d4cdd5eedb9e8ee74
batch_003,encounters_legacy_meditech.csv,25,LEGACY_MEDITECH,127269,b0cd52c4421d2a18cf9f72dd5be28e6bae32c96778b1d9122b891da900c6efcc,71f5f03e4a4b387cae451533f222fd856ba7ddf6ed2c1622e5bf38526cd8a326,2025-01-19T02:38:39Z,NEW_ENCOUNTER,,,
batch_003,encounters_legacy_meditech.csv,26,LEGACY_MEDITECH,107017,a9e8343bcf22a3739d2fb360f918fa8cbaa27fd72d1a64bc2a488d806f866c42,887b73ecb922e1cb54fc6fca24acfb5ae3402328cc3085054362000525408096,2024-08-07T03:00:04Z,NEW_ENCOUNTER,,,
batch_003,encounters_legacy_meditech.csv,27,LEGACY_MEDITECH,103075,879bd78a8363495e6273ef179046f42fbf906b2f8e13e97f2f7828f6a1291a05,9a8096fd98d3825e46339c1429c218831b7d1ed4216f527d5b911665d3dd5796,2025-01-19T16:44:36Z,NEW_ENCOUNTER,,,
batch_003,encounters_legacy_meditech.csv,28,LEGACY_MEDITECH,133746,5abc70b7be5d2b6c6071163ea6b579747bc5ef8fd3d755ed14e9fcb0938a552b,b9afc5ebe1ae5f6e303d569a00af498d2576331c08fb145d7b7074c1802034c4,2025-01-17T00:08:47Z,NEW_VERSION,,,35027b6c67102e9fd3380c248be00d5cc46afc68a1a777fb1e7ff307b6f68c1e
batch_003,encounters_legacy_meditech.csv,29,LEGACY_MEDITECH,127790,ca966aac202c9d770a05bfe17577b8a36761b15e140349afd0cc06218640be11,d68c7285be2253f6bd47b888d2fbf2f3413134ce1cbde4ad5a4d7f078a072018,2024-12-21T01:44:32Z,NEW_ENCOUNTER,,,
batch_003,encounters_legacy_meditech.csv,30,LEGACY_MEDITECH,105311,ad0080d5ef94838b93250ab15c4dbbaa3dee2795cd4121c861ba11c3717e89a3,01e0d8779789c43756a71d27577c971f92a81f0e448014bd61611b9c7caafb8e,2025-01-03T03:49:38Z,NEW_ENCOUNTER,,,
batch_003,encounters_legacy_meditech.csv,31,LEGACY_MEDITECH,117990,cd5998ecdccd5ca72fe5d71ba927ceb0a1524e6f3c75f2c08097a24f4a95f6e6,4915be9b01686e24b332763e4085118bb3f9ca27bacc1d04dcf889707f4ea27f,2024-09-29T06:55:54Z,STALE,STALE_REPLAY,EXACT,d1ac940bf841310050875b7442d6092791908fd5ef5d435e3ecfc1382fd60f35
