batch_id,file_name,source_row_number,source_system,source_record_id,patient_key,patient_link_status,patient_link_reason,sex,sex_reason,age_band,age_band_reason,zip3,zip3_reason
batch_001,encounters_athena_clinics.csv,1,ATHENA_CLINICS,125198,dad26770882e1efaef4127bdf5e277c3b97662f601165f142bdc7e61154cbede,LINKED,,F,,65+,,543,
batch_001,encounters_athena_clinics.csv,2,ATHENA_CLINICS,139876,4a9bcf7754d99628dabfe108c43cb33d1b6c37b41df0194442dcb015f561a36f,LINKED,,F,,65+,,532,
batch_001,encounters_athena_clinics.csv,3,ATHENA_CLINICS,136520,7b247182695667b0dccfc06d4739f22d89d7fb80375b0ce4b7ba9df7370f1510,LINKED,,F,,40-64,,532,
batch_001,encounters_athena_clinics.csv,4,ATHENA_CLINICS,120496,256b78fe828e21011b80b64a850521811e576eb258914b3429a30b92453e2675,LINKED,,M,,65+,,543,
batch_001,encounters_athena_clinics.csv,5,ATHENA_CLINICS,138014,d243ffeccc7554237b8da4eb44df3623d47c70c5895f194411537199e5f3ecd6,LINKED,,M,,40-64,,532,
batch_001,encounters_athena_clinics.csv,6,ATHENA_CLINICS,138769,22e8f91b9d24c3a2fc30cf3e94445fe3ffeb2232189b04334caea23dfa75fa2b,LINKED,,M,,65+,,520,
batch_001,encounters_athena_clinics.csv,7,ATHENA_CLINICS,108105,dd7797a871ca9f0f062f216660eb36441026ccbbe2256ba62a34881bdedef583,LINKED,,M,,65+,,532,
batch_001,encounters_athena_clinics.csv,8,ATHENA_CLINICS,113675,d109b0a9eb38f02197cd98663199c3d3df790a9cd2d32a4dab6a3d3fce976460,LINKED,,M,,65+,,541,
batch_001,encounters_athena_clinics.csv,9,ATHENA_CLINICS,132219,a319036656ca0ccc960347a6bb567254c6143e40870a9490d63085f682661eca,LINKED,,M,,65+,,524,
batch_001,encounters_athena_clinics.csv,10,ATHENA_CLINICS,113590,ddbae9686c495888259f67dc159a714affc18b6abae91c3438605f993ab595c7,LINKED,,F,,65+,,531,
batch_001,encounters_athena_clinics.csv,11,ATHENA_CLINICS,107124,6549108b576c1b57178e332cb6e7c9edc23dafe4fcd139907c80f16e8493fdef,LINKED,,M,,65+,,520,
batch_001,encounters_athena_clinics.csv,12,ATHENA_CLINICS,138169,5ae22d4e1014608f349b7c6a58d2f310579d8219b53b7f52347b73585ad9983a,LINKED,,F,,18-39,,541,
batch_001,encounters_athena_clinics.csv,13,ATHENA_CLINICS,136552,fa9194b5950c118c33c910138fe3c66dd66e93bdfb181e684a3fed726820c3c9,LINKED,,F,,40-64,,541,
batch_001,encounters_athena_clinics.csv,14,ATHENA_CLINICS,108821,42abc802a7d49602b5224f92666cdc38efb67dbf53448a9274bd0f758836b9cd,LINKED,,F,,40-64,,524,
batch_001,encounters_athena_clinics.csv,15,ATHENA_CLINICS,121060,6579d88d605b7ef4b1fd0f0c08c975853804c5a969ba330b38e1fb138bb87fb2,LINKED,,F,,40-64,,537,
batch_001,encounters_athena_clinics.csv,16,ATHENA_CLINICS,135268,b4ec76e1d99119759313e88f3bbf05685e4426ed8f28955ce24e125b094a73b3,LINKED,,M,,18-39,,520,
batch_001,encounters_athena_clinics.csv,17,ATHENA_CLINICS,105537,fbaa9bdfdf56714c6df4675873bd1bb230153725da365dfa8342638a757b5db2,LINKED,,F,,18-39,,524,
batch_001,encounters_athena_clinics.csv,18,ATHENA_CLINICS,133910,31375476920765617e3d2819aa1f7062f8f1089686927e3a522163c9977604b3,LINKED,,M,,40-64,,537,
batch_001,encounters_athena_clinics.csv,19,ATHENA_CLINICS,100439,9395ad15788b8f6622797dd73869fe2ed6de5edfe09ff80b1cdddd3524be9f61,LINKED,,M,,65+,,520,
batch_001,encounters_athena_clinics.csv,20,ATHENA_CLINICS,124915,a229e56574aee3e0f23af28ef55056a042c589a470bfe0fdc295bc0e45eb428a,LINKED,,M,,40-64,,532,
batch_001,encounters_athena_clinics.csv,21,ATHENA_CLINICS,130495,dad26770882e1efaef4127bdf5e277c3b97662f601165f142bdc7e61154cbede,LINKED,,F,,65+,,543,
batch_001,encounters_athena_clinics.csv,22,ATHENA_CLINICS,101711,ddbae9686c495888259f67dc159a714affc18b6abae91c3438605f993ab595c7,LINKED,,F,,65+,,531,
batch_001,encounters_athena_clinics.csv,23,ATHENA_CLINICS,104773,e0ac13edc1861d955ee34dd503a5e4855f35bcbb52fa730ff5a6355ff6855eea,LINKED,,F,,40-64,,531,
batch_001,encounters_athena_clinics.csv,24,ATHENA_CLINICS,132228,9e16988a1d984cc9696be9ccc8a2caf09dda86c00274f283f8df91f429d4d2bd,LINKED,,F,,65+,,537,
batch_001,encounters_athena_clinics.csv,25,ATHENA_CLINICS,130647,7606b44faee793109404e605af8c4b09a79c12564ff76be3c88abbd23fb55ddc,LINKED,,F,,18-39,,520,
batch_001,encounters_athena_clinics.csv,26,ATHENA_CLINICS,126147,e75f28601c06b5e8c38c4720ce25908961aecefb4d15be6a49f14385df418856,LINKED,,F,,18-39,,520,
batch_001,encounters_athena_clinics.csv,27,ATHENA_CLINICS,112538,c1e11f355feac2a276d0fc3f6a768b8e95c87f108beb2750b25fcae2d1f14bec,LINKED,,F,,18-39,,532,
batch_001,encounters_athena_clinics.csv,28,ATHENA_CLINICS,108895,99763ba3c2eb89ee777f898662e4bbdfec6658245498f016576a521cfcb92375,LINKED,,F,,65+,,524,
batch_001,encounters_athena_clinics.csv,29,ATHENA_CLINICS,128679,ff1eef223c4ae758e173fbb0a46bec04547b2262a9696e4dfdbdcc1197eadb01,LINKED,,F,,UNKNOWN,AGE_BAND_ADMIT_UNAVAILABLE,541,
batch_001,encounters_athena_clinics.csv,30,ATHENA_CLINICS,130184,b456dd1a776f9050d09c7cb845b2b34263f9bfd6e0bee2643d852b24424d3a09,LINKED,,M,,40-64,,541,
batch_001,encounters_athena_clinics.csv,31,ATHENA_CLINICS,106893,e75f28601c06b5e8c38c4720ce25908961aecefb4d15be6a49f14385df418856,LINKED,,F,,18-39,,520,
batch_001,encounters_athena_clinics.csv,32,ATHENA_CLINICS,113228,f4ad134efe0fdeb49617ab08f38a36bda789da8abaff0913490db4a4de126872,LINKED,,F,,40-64,,531,
batch_001,encounters_athena_clinics.csv,33,ATHENA_CLINICS,100001,61051b8c88c4090a425f9bc53c4aef53b640ed2a755f8e3f60545e2a651db025,LINKED,,M,,65+,,524,
batch_001,encounters_athena_clinics.csv,34,ATHENA_CLINICS,102413,d6368cebfdb34f4c2853ce658efdd6d76e090b0bfe77333de1844c0f18fb0262,LINKED,,F,,40-64,,520,
batch_001,encounters_athena_clinics.csv,35,ATHENA_CLINICS,104459,72936083e9785c0003975d1e6eb380dbdd05ba7799701d7fe30a9f7759457267,LINKED,,M,,40-64,,543,
batch_001,encounters_athena_clinics.csv,36,ATHENA_CLINICS,130434,1ac5a1fe69f4928319161dd5655e811d1dfb080ba5e7fa3fdcef00c37456a1d5,LINKED,,M,,18-39,,532,
batch_001,encounters_athena_clinics.csv,37,ATHENA_CLINICS,109450,d6368cebfdb34f4c2853ce658efdd6d76e090b0bfe77333de1844c0f18fb0262,LINKED,,F,,40-64,,520,
batch_001,encounters_athena_clinics.csv,38,ATHENA_CLINICS,103185,53cf740aa2f1e5ddc68cebfaccb2e005d26c4a39b164b010e06e8457cc11494f,LINKED,,F,,40-64,,541,
batch_001,encounters_athena_clinics.csv,39,ATHENA_CLINICS,132529,d51d7603666275b524b36df6117396fb1b1d9e3782d245878d28337bad21aa51,LINKED,,M,,40-64,,532,
batch_001,encounters_athena_clinics.csv,40,ATHENA_CLINICS,100102,bb8b03172cf4a57e3c050513ab6a0b435adfb02d175a6bc4377f9f108e76d78f,LINKED,,F,,18-39,,537,
batch_001,encounters_athena_clinics.csv,41,ATHENA_CLINICS,125278,4627dafad734617f6d088f7a6b47eb34e3f7dafae55a585078b66bf4f502f5f2,LINKED,,F,,65+,,541,
batch_001,encounters_athena_clinics.csv,42,ATHENA_CLINICS,132449,308f4e7c3ae3498dae223475f28d37c7c4f6d90b23cc0f1b86bec961ea7def47,LINKED,,F,,18-39,,537,
batch_001,encounters_athena_clinics.csv,43,ATHENA_CLINICS,124001,629e9138580091cf5ca65937b357d173c8e838c38d205dbfcafb4b754e2fc19c,LINKED,,F,,40-64,,531,
batch_001,encounters_athena_clinics.csv,44,ATHENA_CLINICS,117253,4b1c82d0d130620b04e44fc19646d206b6e7d5804290083abd4b701b9a4a6c71,LINKED,,M,,40-64,,520,
batch_001,encounters_athena_clinics.csv,45,ATHENA_CLINICS,121959,11cd28a8207840b9ba78b4db96cff0a18d5d07f88535218ee50dbca0138e5f85,LINKED,,M,,18-39,,537,
batch_001,encounters_athena_clinics.csv,46,ATHENA_CLINICS,102380,46ca4dc96f019bc5536dc1a060373f2c355325c0f0eb1c7314bbcc09f6bb66e5,LINKED,,M,,UNKNOWN,AGE_BAND_ADMIT_UNAVAILABLE,537,
batch_001,encounters_athena_clinics.csv,47,ATHENA_CLINICS,109283,b417eb821ca27d02625520d1fb62e39224838d52035f20a42ba379f0e408ff7f,LINKED,,F,,40-64,,531,
batch_001,encounters_athena_clinics.csv,48,ATHENA_CLINICS,103580,7b3777721223b93d78975e7279a1a459296d0586a77a1a3495aae86b058c9af8,LINKED,,M,,65+,,537,
batch_001,encounters_athena_clinics.csv,49,ATHENA_CLINICS,120231,a93aeef597f1fa17baaf3ccbe7bb61a593ef5693ea11dc1a1b91077e40a84ce3,LINKED,,F,,40-64,,524,
batch_001,encounters_athena_clinics.csv,50,ATHENA_CLINICS,112212,5d9d7e13d599ce1b3d6cd8bb8ba11caeac42751bc94b6b1733ce313f2b3aea54,LINKED,,M,,40-64,,537,
batch_001,encounters_athena_clinics.csv,51,ATHENA_CLINICS,116704,fbaa9bdfdf56714c6df4675873bd1bb230153725da365dfa8342638a757b5db2,LINKED,,F,,18-39,,524,
batch_001,encounters_athena_clinics.csv,52,ATHENA_CLINICS,115623,be4655bf6e60bf7b2c5226540822aa2c26cde40425ba620947c843e557eff16b,LINKED,,F,,18-39,,531,
batch_001,encounters_athena_clinics.csv,53,ATHENA_CLINICS,110079,b50ca191409a9406e6fbab759b7782508d3c20185dadcbc110d977b6be689fd5,LINKED,,M,,40-64,,543,
batch_001,encounters_athena_clinics.csv,54,ATHENA_CLINICS,135545,6579d88d605b7ef4b1fd0f0c08c975853804c5a969ba330b38e1fb138bb87fb2,LINKED,,F,,40-64,,537,
batch_001,encounters_athena_clinics.csv,55,ATHENA_CLINICS,100862,f7d2f488ff254b82e858f13b38eaf9d10973ea7d591932b568a7b867e98251fb,LINKED,,M,,40-64,,543,
batch_001,encounters_athena_clinics.csv,56,ATHENA_CLINICS,111307,6b81c0cd99f1aa1dfd4bf5bcaa672962c474083db07c49a0a959215934e92420,LINKED,,M,,65+,,520,
batch_001,encounters_athena_clinics.csv,57,ATHENA_CLINICS,111611,38f212d44ef11dcdcb1ac316b3944ae98d69ae6ef2c9e4a6f9d22b6ae6694f28,LINKED,,M,,18-39,,541,
batch_001,encounters_athena_clinics.csv,58,ATHENA_CLINICS,128111,9d3919502b2f5cc86510411fe63bab71eb47c6cfd5cf64e429c7b051cb1cf646,LINKED,,F,,40-64,,532,
batch_001,encounters_athena_clinics.csv,59,ATHENA_CLINICS,104463,3896ba8fb97187d9e4482fbb2e7b659929ece6a4564179968f9567ee7fb2415f,LINKED,,F,,65+,,541,
batch_001,encounters_athena_clinics.csv,60,ATHENA_CLINICS,128340,d8f6db0ceea761a1001f08f1a99277c18e28a62661e2269f9471bafc938e7136,LINKED,,M,,65+,,531,
batch_001,encounters_athena_clinics.csv,61,ATHENA_CLINICS,134806,66503c799ad9b789eb446f7bb90cf525d1a0ae5ea0d906ac05915a860ab5725f,LINKED,,F,,40-64,,543,
batch_001,encounters_athena_clinics.csv,62,ATHENA_CLINICS,136078,99d7f43b02b9fd4fc003b4364f48754b94e7ad4f4dd2c247b05ef01618c28a04,LINKED,,M,,40-64,,532,
batch_001,encounters_athena_clinics.csv,63,ATHENA_CLINICS,104916,4bf8096383aa07d345f03b14f043e72889f5a07adeef0e3bb83fb6f649668495,LINKED,,F,,65+,,524,
batch_001,encounters_athena_clinics.csv,64,ATHENA_CLINICS,104097,66017a60ebb5199ec76f568ed7bc12c35b0d097001262aadc0d7fcdda3d48eb4,LINKED,,F,,18-39,,531,
batch_001,encounters_athena_clinics.csv,65,ATHENA_CLINICS,114039,1f1d4406a6f38fa6b7ff4f3f70fbe8a3abc83407120ccb10848d31c6f6625183,LINKED,,M,,40-64,,524,
batch_001,encounters_athena_clinics.csv,66,ATHENA_CLINICS,113264,2291d45abdf5ae64efe5bbfe170178aa5a507d9a921b83d0cc9ddf8c852849ef,LINKED,,F,,65+,,543,
batch_001,encounters_athena_clinics.csv,67,ATHENA_CLINICS,123011,72936083e9785c0003975d1e6eb380dbdd05ba7799701d7fe30a9f7759457267,LINKED,,M,,40-64,,543,
batch_001,encounters_athena_clinics.csv,68,ATHENA_CLINICS,138079,2291d45abdf5ae64efe5bbfe170178aa5a507d9a921b83d0cc9ddf8c852849ef,LINKED,,F,,65+,,543,
batch_001,encounters_athena_clinics.csv,69,ATHENA_CLINICS,100644,e4e1dc1d19dbba1e9be26117c64817a33e4cd29ef7a6cd40622cb5fae0031c21,LINKED,,F,,65+,,541,
batch_001,encounters_athena_clinics.csv,70,ATHENA_CLINICS,122937,f5809453db9a16ce910623d488f59d5c333a80c5e992300dc70e408f5fb9fc54,LINKED,,M,,65+,,541,
batch_001,encounters_athena_clinics.csv,71,ATHENA_CLINICS,133985,e158aea01f8bda4b1ae73fe9deb61a86e8ecca73bf9eef1c069b0efc56b6285a,LINKED,,M,,65+,,524,
batch_001,encounters_athena_clinics.csv,72,ATHENA_CLINICS,136682,ba4ffe8c621f5215c7b8e544df0d1740deccc6054e362a6daeb1acb3d9fc905f,LINKED,,M,,18-39,,537,
batch_001,encounters_athena_clinics.csv,73,ATHENA_CLINICS,133319,78e45f0a7184759025c720321173d99ffa476f4d2b30a01f18649baede771045,LINKED,,F,,40-64,,537,
batch_001,encounters_athena_clinics.csv,74,ATHENA_CLINICS,101869,98b551b78ed918cca743895c7b9dde37a83eb69a5162727b07afb34bf483da18,LINKED,,M,,40-64,,543,
batch_001,encounters_athena_clinics.csv,75,ATHENA_CLINICS,136298,26dfe60dd85b0c466457ed8ad7611f8786b10e31c7e6bf667db801b005bad5f5,LINKED,,F,,65+,,524,
batch_001,encounters_athena_clinics.csv,76,ATHENA_CLINICS,117429,79689f8915d89a037acb0e4eac8e79a7806553be0c0e46c764d70828d87439c2,LINKED,,M,,40-64,,520,
batch_001,encounters_athena_clinics.csv,77,ATHENA_CLINICS,101537,6c0e5303eaf144ad77cc3faf748e1f0c12707ddedba16c9a30e3882cc8d1507c,LINKED,,M,,40-64,,524,
batch_001,encounters_athena_clinics.csv,78,ATHENA_CLINICS,135878,a2066fdbe0913f6a09fbfdc4c7b687bab993b21bd1d3b108f577f33d8f3dfb1c,LINKED,,M,,18-39,,543,
batch_001,encounters_athena_clinics.csv,79,ATHENA_CLINICS,120889,5e4d67d8aa4035bc853eb464313f1da480267ae9beb22e2f09dcce96367feef2,LINKED,,M,,65+,,532,
batch_001,encounters_athena_clinics.csv,80,ATHENA_CLINICS,135168,8a6458ab2827c9c7a42b7ba341a5ea77ba9d2d38383df11afe68a504243e67f0,LINKED,,M,,40-64,,537,
batch_001,encounters_athena_clinics.csv,81,ATHENA_CLINICS,117935,19c66882db7b7d8b26efd3b7e3bbf6e446a7df3507ecaf165eb87675ccae9f4f,LINKED,,M,,40-64,,532,
batch_001,encounters_athena_clinics.csv,82,ATHENA_CLINICS,116930,fbaa9bdfdf56714c6df4675873bd1bb230153725da365dfa8342638a757b5db2,LINKED,,F,,18-39,,524,
batch_001,encounters_athena_clinics.csv,83,ATHENA_CLINICS,121190,188dd40007588bcedb56d17acb84eaea5654839132f45aca2f88d17fdcd53a80,LINKED,,M,,40-64,,531,
batch_001,encounters_athena_clinics.csv,84,ATHENA_CLINICS,123969,5e01f44f3b26bf3e67c1a0926cac26138e1fc0dbcc2a7b7f6bc863c0b33be39d,LINKED,,M,,40-64,,531,
batch_001,encounters_athena_clinics.csv,85,ATHENA_CLINICS,113614,7b3777721223b93d78975e7279a1a459296d0586a77a1a3495aae86b058c9af8,LINKED,,M,,65+,,537,
batch_001,encounters_athena_clinics.csv,86,ATHENA_CLINICS,104370,a38a13598c19806a3714d4235a4d6c7a6c048452b1b22a3dae8fc46f2e07a46d,LINKED,,M,,65+,,524,
batch_001,encounters_athena_clinics.csv,87,ATHENA_CLINICS,139755,ba797391ce666242564d74c3a6892aebf0277b4679494e458e77c8f904cf531b,LINKED,,M,,40-64,,532,
batch_001,encounters_athena_clinics.csv,88,ATHENA_CLINICS,117148,3461593a686e57b9a180ae7129fe1c9666ded87150562403b2b6f6f54231e4ab,LINKED,,F,,18-39,,541,
batch_001,encounters_athena_clinics.csv,89,ATHENA_CLINICS,110594,4b1c82d0d130620b04e44fc19646d206b6e7d5804290083abd4b701b9a4a6c71,LINKED,,M,,40-64,,520,
batch_001,encounters_athena_clinics.csv,90,ATHENA_CLINICS,127319,7e7c835a2b8fef1d18a339e9f65d4a1dbd88aa7ea5d6a2a6827e747fd494b787,LINKED,,M,,40-64,,524,
batch_001,encounters_athena_clinics.csv,91,ATHENA_CLINICS,102353,a229e56574aee3e0f23af28ef55056a042c589a470bfe0fdc295bc0e45eb428a,LINKED,,M,,40-64,,532,
batch_001,encounters_athena_clinics.csv,92,ATHENA_CLINICS,101794,3fa851421a8b51be7ce66acba511b59ef40a543021cebfc4625f7e363ba3a4cd,LINKED,,F,,65+,,541,
batch_001,encounters_athena_clinics.csv,93,ATHENA_CLINICS,115707,9d3919502b2f5cc86510411fe63bab71eb47c6cfd5cf64e429c7b051cb1cf646,LINKED,,F,,40-64,,532,
batch_001,encounters_athena_clinics.csv,94,ATHENA_CLINICS,119641,443a0a5388a7054493416e927ba8df9496f1355b67cdf89a84e7dae192a6d7c5,LINKED,,M,,65+,,524,
batch_001,encounters_athena_clinics.csv,95,ATHENA_CLINICS,115044,070f07d7c5442552cf56c22d45203a66c7b5768f87c64d04620246b75d50da89,LINKED,,M,,65+,,532,
batch_001,encounters_athena_clinics.csv,96,ATHENA_CLINICS,127687,43eb85e84d6e02d90e6aa84f8b84b39b22811307f08316a60ae7c777b1f017e9,LINKED,,F,,65+,,524,
batch_001,encounters_athena_clinics.csv,97,ATHENA_CLINICS,131191,8d37dee3dcdfdbe8f879033cb7c14c7d20735785a9b35a8b245006aac924f18a,LINKED,,M,,40-64,,531,
batch_001,encounters_athena_clinics.csv,98,ATHENA_CLINICS,131891,c7ab164f3578bf6b729a101b9a5895a603f2f13e2176815b4630060b568f4927,LINKED,,M,,40-64,,524,
batch_001,encounters_athena_clinics.csv,99,ATHENA_CLINICS,124690,a655c8fdc272fe31bc3bdfcd05e72c04b992c84b22c0867d3e5fd0648614a0bf,LINKED,,F,,40-64,,520,
batch_001,encounters_athena_clinics.csv,100,ATHENA_CLINICS,113045,f7725788effe15c56301cfa6962284417c0ed9b020a0a04317ba8485c9beccd4,LINKED,,F,,40-64,,532,
batch_001,encounters_athena_clinics.csv,101,ATHENA_CLINICS,108000,cd39db3ac2ad4f1aa4a619210c5904576448f07df6ee2eddf9f5987784515cf6,LINKED,,M,,18-39,,537,
batch_001,encounters_athena_clinics.csv,102,ATHENA_CLINICS,139273,f7725788effe15c56301cfa6962284417c0ed9b020a0a04317ba8485c9beccd4,LINKED,,F,,40-64,,532,
batch_001,encounters_athena_clinics.csv,103,ATHENA_CLINICS,114177,8d37dee3dcdfdbe8f879033cb7c14c7d20735785a9b35a8b245006aac924f18a,LINKED,,M,,40-64,,531,
batch_001,encounters_athena_clinics.csv,104,ATHENA_CLINICS,103089,3335d4c0d55cfd5360eb911653a987f6c5241803378dd97f0ed7d84af3e65b67,LINKED,,M,,40-64,,531,
batch_001,encounters_athena_clinics.csv,105,ATHENA_CLINICS,105597,c75c33a8304a013456e510314eff11134358992cd2111eac79e0b5c10d151885,LINKED,,M,,65+,,524,
batch_001,encounters_athena_clinics.csv,106,ATHENA_CLINICS,100920,e78fac0ece883cf6667d22b7b1ed863d827fe000061c3be1ead4db9f0f0ee991,LINKED,,M,,40-64,,531,
batch_001,encounters_athena_clinics.csv,107,ATHENA_CLINICS,100915,48756528aa945e43e9812a45eaef265f61d951cf45144ebe34e926de372944ca,LINKED,,F,,65+,,541,
batch_001,encounters_athena_clinics.csv,108,ATHENA_CLINICS,122598,e78fac0ece883cf6667d22b7b1ed863d827fe000061c3be1ead4db9f0f0ee991,LINKED,,M,,40-64,,531,
batch_001,encounters_athena_clinics.csv,109,ATHENA_CLINICS,122725,349bb29751a6e360becf6b1c751f1eeba724069314475b15c88f1a508ecb6144,LINKED,,F,,40-64,,524,
batch_001,encounters_athena_clinics.csv,110,ATHENA_CLINICS,125376,f7725788effe15c56301cfa6962284417c0ed9b020a0a04317ba8485c9beccd4,LINKED,,F,,40-64,,532,
batch_001,encounters_athena_clinics.csv,111,ATHENA_CLINICS,126629,a11c2d07db81b21b40be043b4d689640ed99ba6c6af0abe83fba200b380abef3,LINKED,,F,,40-64,,520,
batch_001,encounters_athena_clinics.csv,112,ATHENA_CLINICS,133769,443a0a5388a7054493416e927ba8df9496f1355b67cdf89a84e7dae192a6d7c5,LINKED,,M,,65+,,524,
batch_001,encounters_athena_clinics.csv,113,ATHENA_CLINICS,105982,070f07d7c5442552cf56c22d45203a66c7b5768f87c64d04620246b75d50da89,LINKED,,M,,65+,,532,
batch_001,encounters_athena_clinics.csv,114,ATHENA_CLINICS,114152,f86690d8992be0a5024bbd7d2a95e6a60a19b452279c9929c56ee5a350181910,LINKED,,F,,65+,,520,
batch_001,encounters_athena_clinics.csv,115,ATHENA_CLINICS,131150,0ff2a16cdd3b7ab0e5d0c73eb4c1e94774344164eaa565610d9ec9edfc2b810b,LINKED,,F,,18-39,,543,
batch_001,encounters_athena_clinics.csv,116,ATHENA_CLINICS,109543,d109b0a9eb38f02197cd98663199c3d3df790a9cd2d32a4dab6a3d3fce976460,LINKED,,M,,65+,,541,
batch_001,encounters_athena_clinics.csv,117,ATHENA_CLINICS,105859,66503c799ad9b789eb446f7bb90cf525d1a0ae5ea0d906ac05915a860ab5725f,LINKED,,F,,65+,,543,
batch_001,encounters_athena_clinics.csv,118,ATHENA_CLINICS,102056,70d23d78b5c2962372b765f321abb22abda3833d1f49217ede6d01fbf9e2e384,LINKED,,F,,40-64,,532,
batch_001,encounters_athena_clinics.csv,119,ATHENA_CLINICS,120091,b1d3b6823abd231621e8328d94075fce8532ec7c2193ea6bce7e29ed45a50ef5,LINKED,,M,,40-64,,543,
batch_001,encounters_athena_clinics.csv,120,ATHENA_CLINICS,107065,53463cbb1b1e44e280d69b8af52f8f9b802c4adb6b0bc06e7d44a40ab22038a6,LINKED,,M,,18-39,,520,
batch_001,encounters_athena_clinics.csv,121,ATHENA_CLINICS,106179,3be5563a8fdc16588804f17b48b1a14723df0ce42a9b44e09dcabb1554f1e124,LINKED,,M,,65+,,531,
batch_001,encounters_athena_clinics.csv,122,ATHENA_CLINICS,113122,66503c799ad9b789eb446f7bb90cf525d1a0ae5ea0d906ac05915a860ab5725f,LINKED,,F,,65+,,543,
batch_001,encounters_athena_clinics.csv,123,ATHENA_CLINICS,103284,c6cda1df38827a4d7a71172e935e5af853a8914605dc8e25e3944b2c5cb40039,LINKED,,F,,65+,,531,
batch_001,encounters_athena_clinics.csv,124,ATHENA_CLINICS,111710,3033e551586db7588177c3b72949f9ea315415a4e58ac163ea5f97a80dfd7d0f,LINKED,,F,,65+,,524,
batch_001,encounters_athena_clinics.csv,125,ATHENA_CLINICS,132055,e0541b79238c4040a6bae3bd1e7ee789d6e64cfc59a444502fd4492d298ce872,LINKED,,M,,40-64,,520,
batch_001,encounters_athena_clinics.csv,126,ATHENA_CLINICS,128133,30685b11f6e8fa14c3949e87a52aaa32fc62a1f78694adf03fa8717833bc10a0,LINKED,,M,,18-39,,531,
batch_001,encounters_athena_clinics.csv,127,ATHENA_CLINICS,139746,efbe9c52360b2f11500309e01cbd648ed5f5a954d70e7c3506a8047a05431f5d,LINKED,,F,,18-39,,541,
batch_001,encounters_athena_clinics.csv,128,ATHENA_CLINICS,102361,3f5540eefa94b20ec80033ed3f1d57ee7547c512f8f252b696c2449eb3d95268,LINKED,,M,,65+,,537,
batch_001,encounters_athena_clinics.csv,129,ATHENA_CLINICS,138328,ff8181d6b69cca90984cd03f2bde7f855e24210951c2cbc21edff3e3a0557f76,LINKED,,F,,65+,,543,
batch_001,encounters_athena_clinics.csv,130,ATHENA_CLINICS,135032,a229e56574aee3e0f23af28ef55056a042c589a470bfe0fdc295bc0e45eb428a,LINKED,,M,,40-64,,532,
batch_001,encounters_athena_clinics.csv,131,ATHENA_CLINICS,109831,308de212542056892a11c6a36686b41af9f420d46547871bb9c840cca89861d9,LINKED,,F,,40-64,,520,
batch_001,encounters_athena_clinics.csv,132,ATHENA_CLINICS,128491,b496a8c65e7f18580ed2ea44b296f33d50e6e317be04f8fbdd04ba0455c92e8c,LINKED,,M,,65+,,531,
batch_001,encounters_athena_clinics.csv,133,ATHENA_CLINICS,101967,2913a5696723f4057d5c6f98f3c1deef3cfdfa7b4043dd389e5537f510cc7d99,LINKED,,M,,40-64,,531,
batch_001,encounters_athena_clinics.csv,134,ATHENA_CLINICS,112039,6009ca7d43f97b10b1d7e1c9d7c58df502771fe8b7d57fa97dee79b24a659921,LINKED,,F,,40-64,,531,
batch_001,encounters_athena_clinics.csv,135,ATHENA_CLINICS,122132,a93aeef597f1fa17baaf3ccbe7bb61a593ef5693ea11dc1a1b91077e40a84ce3,LINKED,,F,,40-64,,524,
batch_001,encounters_athena_clinics.csv,136,ATHENA_CLINICS,109845,6bb5f322f82ba8f52d959c0e499efa77149bc6ed9976828dcab67a51291ac066,LINKED,,F,,40-64,,520,
batch_001,encounters_athena_clinics.csv,137,ATHENA_CLINICS,131596,8a366c4213df2f67677d4b43c1a9b7e3c371ce019e6df7b855ff3ed314383d87,LINKED,,F,,18-39,,520,
batch_001,encounters_athena_clinics.csv,138,ATHENA_CLINICS,117138,a319036656ca0ccc960347a6bb567254c6143e40870a9490d63085f682661eca,LINKED,,M,,65+,,524,
batch_001,encounters_athena_clinics.csv,139,ATHENA_CLINICS,100346,fff455ff80881fa2ffc2e2765fcfd775d1d4ea4c3b2a9a91943c9abd1f70a2cf,LINKED,,F,,40-64,,524,
batch_001,encounters_athena_clinics.csv,140,ATHENA_CLINICS,101169,7e7c835a2b8fef1d18a339e9f65d4a1dbd88aa7ea5d6a2a6827e747fd494b787,LINKED,,M,,40-64,,524,
batch_001,encounters_athena_clinics.csv,141,ATHENA_CLINICS,114589,a229e56574aee3e0f23af28ef55056a042c589a470bfe0fdc295bc0e45eb428a,LINKED,,M,,40-64,,532,
batch_001,encounters_athena_clinics.csv,142,ATHENA_CLINICS,139107,06bf7a1d03ddebabb1547089018afcf769861c2a1c07eb4c3234771be410b89b,LINKED,,F,,40-64,,524,
batch_001,encounters_athena_clinics.csv,143,ATHENA_CLINICS,112067,530c68ce5d486ee81305f358343ceec150439d0a08607dbb264dd4058bfd1770,LINKED,,M,,40-64,,541,
batch_001,encounters_athena_clinics.csv,144,ATHENA_CLINICS,139824,37d868cca5011c81dc48eeef33164d967c599b87716f4ee824edca342419a631,LINKED,,M,,65+,,524,
batch_001,encounters_athena_clinics.csv,145,ATHENA_CLINICS,102892,fbaa9bdfdf56714c6df4675873bd1bb230153725da365dfa8342638a757b5db2,LINKED,,F,,18-39,,524,
batch_001,encounters_athena_clinics.csv,146,ATHENA_CLINICS,113613,a229e56574aee3e0f23af28ef55056a042c589a470bfe0fdc295bc0e45eb428a,LINKED,,M,,40-64,,532,
batch_001,encounters_athena_clinics.csv,147,ATHENA_CLINICS,120847,426f47473a38e51553a01869fb06c87c7cdb1d4a7d2f5f0408c3cd539c5e47ee,LINKED,,F,,40-64,,524,
batch_001,encounters_athena_clinics.csv,148,ATHENA_CLINICS,116802,3fa851421a8b51be7ce66acba511b59ef40a543021cebfc4625f7e363ba3a4cd,LINKED,,F,,65+,,541,
batch_001,encounters_athena_clinics.csv,149,ATHENA_CLINICS,129038,cd39db3ac2ad4f1aa4a619210c5904576448f07df6ee2eddf9f5987784515cf6,LINKED,,M,,18-39,,537,
batch_001,encounters_athena_clinics.csv,150,ATHENA_CLINICS,110969,1807ca46c711d58ac96c8a59571002bec4a6935735182d9731f233a04b568f75,LINKED,,F,,18-39,,524,
batch_001,encounters_athena_clinics.csv,151,ATHENA_CLINICS,102072,e244c0ead0af8a7ea186a2e831c3505cf7c95e344c01c0bb0fe302248cb1cdba,LINKED,,F,,18-39,,520,
batch_001,encounters_athena_clinics.csv,152,ATHENA_CLINICS,109737,16b6df1e88ad0651e7ff7c63227e0ab6274344028b8f86ae0bb6d5536702d6c5,LINKED,,F,,40-64,,537,
batch_001,encounters_athena_clinics.csv,153,ATHENA_CLINICS,105785,b417eb821ca27d02625520d1fb62e39224838d52035f20a42ba379f0e408ff7f,LINKED,,F,,40-64,,531,
batch_001,encounters_athena_clinics.csv,154,ATHENA_CLINICS,113424,30685b11f6e8fa14c3949e87a52aaa32fc62a1f78694adf03fa8717833bc10a0,LINKED,,M,,18-39,,531,
batch_001,encounters_athena_clinics.csv,155,ATHENA_CLINICS,117575,478b51c4efa1ad3cd87bf72d2e5ee2134852862fda73450e569c19bef3f13702,LINKED,,M,,40-64,,532,
batch_001,encounters_athena_clinics.csv,156,ATHENA_CLINICS,106871,fa9194b5950c118c33c910138fe3c66dd66e93bdfb181e684a3fed726820c3c9,LINKED,,F,,40-64,,541,
batch_001,encounters_athena_clinics.csv,157,ATHENA_CLINICS,122203,b1d3b6823abd231621e8328d94075fce8532ec7c2193ea6bce7e29ed45a50ef5,LINKED,,M,,40-64,,543,
batch_001,encounters_athena_clinics.csv,158,ATHENA_CLINICS,104667,1ea95288e5c5c229c784565c804e239f7d433b22325488681aa5a1892d52baa4,LINKED,,M,,65+,,543,
batch_001,encounters_athena_clinics.csv,159,ATHENA_CLINICS,108603,572ddb7e887bbda96150658616c86e5320020cf0e57772cc27521c6005db791f,LINKED,,F,,65+,,532,
batch_001,encounters_athena_clinics.csv,160,ATHENA_CLINICS,112911,99d7f43b02b9fd4fc003b4364f48754b94e7ad4f4dd2c247b05ef01618c28a04,LINKED,,M,,40-64,,532,
batch_001,encounters_athena_clinics.csv,161,ATHENA_CLINICS,108581,fc918094b2678d201129bbffef2ec4c7291fc53d7fa90a51b100a6e75d405742,LINKED,,M,,65+,,531,
batch_001,encounters_athena_clinics.csv,162,ATHENA_CLINICS,109393,0b9fd7b2a5cb75fdd327d624ecb981cd47934abba78b8349a6a733ece36be8cf,LINKED,,F,,40-64,,541,
batch_001,encounters_athena_clinics.csv,163,ATHENA_CLINICS,125458,3335d4c0d55cfd5360eb911653a987f6c5241803378dd97f0ed7d84af3e65b67,LINKED,,M,,40-64,,531,
batch_001,encounters_athena_clinics.csv,164,ATHENA_CLINICS,133905,38527ff4370c9911600ba70cad4fc2386c0bff8e08aefaf2f72d86f04199a52c,LINKED,,F,,40-64,,532,
batch_001,encounters_athena_clinics.csv,165,ATHENA_CLINICS,138592,0bc4c24c06e79332bedaa5d38ceab8d0812c15b03893e88542fa3e468f87c412,LINKED,,M,,40-64,,524,
batch_001,encounters_athena_clinics.csv,166,ATHENA_CLINICS,110125,05e2b3702028ee0a402f224780732c9dc25001971d6489282f0a0fb9ce77a6b2,LINKED,,M,,40-64,,541,
batch_001,encounters_athena_clinics.csv,167,ATHENA_CLINICS,134688,ba797391ce666242564d74c3a6892aebf0277b4679494e458e77c8f904cf531b,LINKED,,M,,40-64,,532,
batch_001,encounters_athena_clinics.csv,168,ATHENA_CLINICS,102409,e78fac0ece883cf6667d22b7b1ed863d827fe000061c3be1ead4db9f0f0ee991,LINKED,,M,,40-64,,531,
batch_001,encounters_athena_clinics.csv,169,ATHENA_CLINICS,130844,d4217112e493d8859bef8a13de4eb0ed383f18901dfe0a954c5738e4d0e9b442,LINKED,,M,,65+,,524,
batch_001,encounters_athena_clinics.csv,170,ATHENA_CLINICS,109426,dd7797a871ca9f0f062f216660eb36441026ccbbe2256ba62a34881bdedef583,LINKED,,M,,65+,,532,
batch_001,encounters_athena_clinics.csv,171,ATHENA_CLINICS,128536,89843194047ef6815dd7879eb3e34941079a9193ed8f668733da0e6d0f14fd6e,LINKED,,M,,40-64,,543,
batch_001,encounters_athena_clinics.csv,172,ATHENA_CLINICS,112654,d9c8c4023d335ad6bfded1948706404413443833e4820eb253071cf19c30802c,LINKED,,F,,40-64,,520,
batch_001,encounters_athena_clinics.csv,173,ATHENA_CLINICS,119667,2fc9c481dfb99fd19728bc9c4a9f8955d3fe669f51febcab6b80b28e8644b5ad,LINKED,,F,,40-64,,520,
batch_001,encounters_athena_clinics.csv,174,ATHENA_CLINICS,122808,48756528aa945e43e9812a45eaef265f61d951cf45144ebe34e926de372944ca,LINKED,,F,,65+,,541,
batch_001,encounters_athena_clinics.csv,175,ATHENA_CLINICS,136713,a8ee66efd66260bbfb8feef8c980c46e39ec6e47f68408f25e353b529b84c9bb,LINKED,,M,,40-64,,531,
batch_001,encounters_athena_clinics.csv,176,ATHENA_CLINICS,123937,6831a6559126ad79efffb24f26c392a643635615e3ee323964c95b3c7794dd41,LINKED,,M,,18-39,,532,
batch_001,encounters_athena_clinics.csv,177,ATHENA_CLINICS,136903,b417eb821ca27d02625520d1fb62e39224838d52035f20a42ba379f0e408ff7f,LINKED,,F,,40-64,,531,
batch_001,encounters_athena_clinics.csv,178,ATHENA_CLINICS,104624,78e45f0a7184759025c720321173d99ffa476f4d2b30a01f18649baede771045,LINKED,,F,,40-64,,537,
batch_001,encounters_athena_clinics.csv,179,ATHENA_CLINICS,117058,d8891a58982499f1e92ce525be412f6227c43d3d9eda71d579dc9dac7c84078d,LINKED,,M,,40-64,,524,
batch_001,encounters_athena_clinics.csv,180,ATHENA_CLINICS,115859,46e0bde6b8ed9335eb33fd5647bad3c21e0816e6f50fdff0a69622056dccfe44,LINKED,,F,,18-39,,541,
batch_001,encounters_athena_clinics.csv,181,ATHENA_CLINICS,139507,648c1977d75c7c6edd7299edede4eb41b9c39ec6ceba6abc6f36414223ab8b04,LINKED,,F,,40-64,,524,
batch_001,encounters_athena_clinics.csv,182,ATHENA_CLINICS,134975,f47fa1489b9621d0164cceef7b6753be8d8bf455b322a01a5bdea83a75204439,UNLINKED,PATIENT_UNLINKED_NO_DOB,M,,UNKNOWN,AGE_BAND_DOB_UNAVAILABLE,524,
batch_001,encounters_athena_clinics.csv,183,ATHENA_CLINICS,122342,1dbeb9fcf131756a47f7a165624783247596e8b745c7468abee216edefb1dd1a,LINKED,,M,,40-64,,520,
batch_001,encounters_athena_clinics.csv,184,ATHENA_CLINICS,136259,e7b022e30ea6f720241dd5d58e5ca9de7f1c9928f77d8360842629c2845dcd5d,LINKED,,M,,40-64,,532,
batch_001,encounters_athena_clinics.csv,185,ATHENA_CLINICS,137487,78c40befafdccbeb2b7ba4933e10ccad74446907b3dd909d41c9d3b781324f1c,LINKED,,M,,65+,,541,
batch_001,encounters_athena_clinics.csv,186,ATHENA_CLINICS,112385,c4a84863d0e9628342a33c382001221eef9c1a21eb5e7890dda4fe9697e1b810,LINKED,,M,,40-64,,524,
batch_001,encounters_athena_clinics.csv,187,ATHENA_CLINICS,110926,f3d867eba4de75fd5035e8a0e6c1f977684f4f49d09d9f57f5f0cbc7f05e8666,LINKED,,F,,65+,,531,
batch_001,encounters_athena_clinics.csv,188,ATHENA_CLINICS,110400,bb71add7ca0e7df7feec6c7b608cac38643d91d94848b5d4ca78057ecc74490b,LINKED,,F,,65+,,524,
batch_001,encounters_athena_clinics.csv,189,ATHENA_CLINICS,120482,09095ebdd94104ef353fd321483b416b8afb41e9167416427d1a1972b5f6ba62,LINKED,,F,,40-64,,543,
batch_001,encounters_athena_clinics.csv,190,ATHENA_CLINICS,118796,3ccacfc4f1ac0841a029b39d27a38905d925a07eae118bdfea9620f563968294,LINKED,,M,,40-64,,541,
batch_001,encounters_athena_clinics.csv,191,ATHENA_CLINICS,133261,0bc91a41a4fb472639a8de2b9382e2dc90f88246011d3f4622224b61b925b042,LINKED,,M,,40-64,,532,
batch_001,encounters_athena_clinics.csv,192,ATHENA_CLINICS,111988,7026a774414b765d987d38f40984391543cb6b79debb1aa02bbe691ba48d97fb,LINKED,,M,,UNKNOWN,AGE_BAND_ADMIT_UNAVAILABLE,520,
batch_001,encounters_athena_clinics.csv,193,ATHENA_CLINICS,130523,b417eb821ca27d02625520d1fb62e39224838d52035f20a42ba379f0e408ff7f,LINKED,,F,,40-64,,531,
batch_001,encounters_athena_clinics.csv,194,ATHENA_CLINICS,127571,c96db337938787615f2f5858d38d2d89f1bebfe9286aca6dff9c96f6ec7e29c9,LINKED,,F,,65+,,524,
batch_001,encounters_athena_clinics.csv,195,ATHENA_CLINICS,116417,9e16988a1d984cc9696be9ccc8a2caf09dda86c00274f283f8df91f429d4d2bd,LINKED,,F,,65+,,537,
batch_001,encounters_athena_clinics.csv,196,ATHENA_CLINICS,131970,b50ca191409a9406e6fbab759b7782508d3c20185dadcbc110d977b6be689fd5,LINKED,,M,,40-64,,543,
batch_001,encounters_athena_clinics.csv,197,ATHENA_CLINICS,133141,0e28e4c9bab710224d629271d49906460c24931b4c479783935100de20873206,LINKED,,F,,40-64,,520,
batch_001,encounters_athena_clinics.csv,198,ATHENA_CLINICS,118243,e777566353b8553a1412160d3f275dd8af763e619ee158bd581572dfb3b61201,LINKED,,F,,65+,,537,
batch_001,encounters_athena_clinics.csv,199,ATHENA_CLINICS,108001,99d7f43b02b9fd4fc003b4364f48754b94e7ad4f4dd2c247b05ef01618c28a04,LINKED,,M,,40-64,,532,
batch_001,encounters_athena_clinics.csv,200,ATHENA_CLINICS,133006,3eb0be7bf0f06bfe1891886df62fe9a6081c0b3b3eeb6fa460509ac60fe0b3eb,LINKED,,F,,40-64,,520,
batch_001,encounters_athena_clinics.csv,201,ATHENA_CLINICS,120270,f5809453db9a16ce910623d488f59d5c333a80c5e992300dc70e408f5fb9fc54,LINKED,,M,,40-64,,541,
batch_001,encounters_athena_clinics.csv,202,ATHENA_CLINICS,116523,c96db337938787615f2f5858d38d2d89f1bebfe9286aca6dff9c96f6ec7e29c9,LINKED,,F,,65+,,524,
batch_001,encounters_athena_clinics.csv,203,ATHENA_CLINICS,125758,38527ff4370c9911600ba70cad4fc2386c0bff8e08aefaf2f72d86f04199a52c,LINKED,,F,,40-64,,532,
batch_001,encounters_athena_clinics.csv,204,ATHENA_CLINICS,103537,5f7f3974bf02593eaac647c5c01721f0c9c5a4b5fb81d5a19a871923f9e1fd6b,LINKED,,F,,65+,,543,
batch_001,encounters_athena_clinics.csv,205,ATHENA_CLINICS,119322,666f68bca704e5cdf884793a8554791e29216fb63f0c6c7b8637c99dc9ad02f2,LINKED,,M,,65+,,524,
batch_001,encounters_athena_clinics.csv,206,ATHENA_CLINICS,139779,59e1925247801fcf4e1e449943a2cb3aac0562a5f386dacde39867febd970059,LINKED,,M,,65+,,537,
batch_001,encounters_athena_clinics.csv,207,ATHENA_CLINICS,129884,baf35add2c86a20030e4f9e4649d985c73985c574d5a5b775c766d2092a34c54,LINKED,,F,,40-64,,524,
batch_001,encounters_athena_clinics.csv,208,ATHENA_CLINICS,136679,8a6458ab2827c9c7a42b7ba341a5ea77ba9d2d38383df11afe68a504243e67f0,LINKED,,M,,18-39,,537,
batch_001,encounters_athena_clinics.csv,209,ATHENA_CLINICS,115949,08b1ddc539912437931a1adef3921a3f074b6464e31aa7b2dd75ea07d703aa02,LINKED,,M,,40-64,,543,
batch_001,encounters_athena_clinics.csv,210,ATHENA_CLINICS,136233,3eb522c3632943655b93587ea0ef7b3d765d1e4287115a88ee24528d3fec0b3e,LINKED,,F,,65+,,520,
batch_001,encounters_athena_clinics.csv,211,ATHENA_CLINICS,123608,c7ab164f3578bf6b729a101b9a5895a603f2f13e2176815b4630060b568f4927,LINKED,,M,,40-64,,524,
batch_001,encounters_athena_clinics.csv,212,ATHENA_CLINICS,125068,fae18e88d908ece782d90e4b1ee5086b03a6b76cc9a6aced57438854898c7f5f,LINKED,,M,,40-64,,531,
batch_001,encounters_athena_clinics.csv,213,ATHENA_CLINICS,120348,0bd53c602dd14429b5a34ba989d186e76149b367eb3fb99dfe7a4da950ed2c1c,LINKED,,F,,40-64,,541,
batch_001,encounters_athena_clinics.csv,214,ATHENA_CLINICS,109491,97902dbd6e4d6d4bb24a308776274ff52e1b15367ab109984de20f68e2b5b12d,LINKED,,M,,40-64,,543,
batch_001,encounters_athena_clinics.csv,215,ATHENA_CLINICS,103659,66017a60ebb5199ec76f568ed7bc12c35b0d097001262aadc0d7fcdda3d48eb4,LINKED,,F,,18-39,,531,
batch_001,encounters_athena_clinics.csv,216,ATHENA_CLINICS,132285,1f1d4406a6f38fa6b7ff4f3f70fbe8a3abc83407120ccb10848d31c6f6625183,LINKED,,M,,40-64,,524,
batch_001,encounters_athena_clinics.csv,217,ATHENA_CLINICS,128728,30685b11f6e8fa14c3949e87a52aaa32fc62a1f78694adf03fa8717833bc10a0,LINKED,,M,,18-39,,531,
batch_001,encounters_athena_clinics.csv,218,ATHENA_CLINICS,117968,483f06416eb921a01656a02123c3cc02482e2d233173d4d13369fb552fdad39a,LINKED,,M,,40-64,,531,
batch_001,encounters_athena_clinics.csv,219,ATHENA_CLINICS,109334,7b3777721223b93d78975e7279a1a459296d0586a77a1a3495aae86b058c9af8,LINKED,,M,,65+,,537,
batch_001,encounters_athena_clinics.csv,220,ATHENA_CLINICS,135137,478b51c4efa1ad3cd87bf72d2e5ee2134852862fda73450e569c19bef3f13702,LINKED,,M,,40-64,,532,
batch_001,encounters_athena_clinics.csv,221,ATHENA_CLINICS,123011,72936083e9785c0003975d1e6eb380dbdd05ba7799701d7fe30a9f7759457267,LINKED,,M,,40-64,,543,
batch_001,encounters_athena_clinics.csv,222,ATHENA_CLINICS,126288,ba797391ce666242564d74c3a6892aebf0277b4679494e458e77c8f904cf531b,LINKED,,M,,65+,,532,
batch_001,encounters_athena_clinics.csv,223,ATHENA_CLINICS,136233,3eb522c3632943655b93587ea0ef7b3d765d1e4287115a88ee24528d3fec0b3e,LINKED,,F,,65+,,520,
batch_001,encounters_athena_clinics.csv,224,ATHENA_CLINICS,120117,efbe9c52360b2f11500309e01cbd648ed5f5a954d70e7c3506a8047a05431f5d,LINKED,,F,,18-39,,541,
batch_001,encounters_athena_clinics.csv,225,ATHENA_CLINICS,116474,4b585397b7687c88503e8c1dc0cd90d1996300b4da48c0072690022b0ddf3f29,LINKED,,F,,18-39,,537,
batch_001,encounters_athena_clinics.csv,226,ATHENA_CLINICS,135986,e7b022e30ea6f720241dd5d58e5ca9de7f1c9928f77d8360842629c2845dcd5d,LINKED,,M,,40-64,,532,
batch_001,encounters_athena_clinics.csv,227,ATHENA_CLINICS,134129,4627dafad734617f6d088f7a6b47eb34e3f7dafae55a585078b66bf4f502f5f2,LINKED,,F,,65+,,541,
batch_001,encounters_athena_clinics.csv,228,ATHENA_CLINICS,120564,3d617f962cc89cf47e39a5a793deef48309341e5a1f17d7a866ef913dd94e85c,LINKED,,F,,40-64,,541,
batch_001,encounters_athena_clinics.csv,229,ATHENA_CLINICS,128927,664f3be12f6185c007df190379b12642e4566fb0e8eb866b749c903d8269f976,LINKED,,M,,40-64,,524,
batch_001,encounters_athena_clinics.csv,230,ATHENA_CLINICS,138976,5377356d5d63269d2a27ad21e544bf986b6fa84df35283c29f2dfd79eab85e3f,LINKED,,F,,40-64,,531,
batch_001,encounters_athena_clinics.csv,231,ATHENA_CLINICS,100274,c75c33a8304a013456e510314eff11134358992cd2111eac79e0b5c10d151885,LINKED,,M,,65+,,524,
batch_001,encounters_athena_clinics.csv,232,ATHENA_CLINICS,122059,544a9ae3e885dabc41f1b174ea5a5c58b36ac868efa21c4cb5f2e98fbc7234cd,LINKED,,M,,40-64,,524,
batch_001,encounters_athena_clinics.csv,233,ATHENA_CLINICS,112478,fbaa9bdfdf56714c6df4675873bd1bb230153725da365dfa8342638a757b5db2,LINKED,,F,,18-39,,524,
batch_001,encounters_athena_clinics.csv,234,ATHENA_CLINICS,115667,4be35dc267356777d72b51cf9a1336a5d4375cbdfb86fb0c3ba43f565984f27c,LINKED,,F,,65+,,531,
batch_001,encounters_athena_clinics.csv,235,ATHENA_CLINICS,128315,483f06416eb921a01656a02123c3cc02482e2d233173d4d13369fb552fdad39a,LINKED,,M,,40-64,,531,
batch_001,encounters_athena_clinics.csv,236,ATHENA_CLINICS,114492,b4ec76e1d99119759313e88f3bbf05685e4426ed8f28955ce24e125b094a73b3,LINKED,,M,,18-39,,520,
batch_001,encounters_athena_clinics.csv,237,ATHENA_CLINICS,131745,9a95c3a7b00c99a30f27de0ba4661ec91030e1b6a442b3cdf09a385419c1ce9c,LINKED,,M,,18-39,,524,
batch_001,encounters_athena_clinics.csv,238,ATHENA_CLINICS,118601,622b758cba797910cf82495a185ad312075001a3ef5bad15c363a0f425720fba,LINKED,,F,,40-64,,543,
batch_001,encounters_athena_clinics.csv,239,ATHENA_CLINICS,106759,dc24a57c51dd8f9c402c597e7f66cd3320d57ffe136144b3dd875596de4ea8c3,LINKED,,F,,40-64,,524,
batch_001,encounters_athena_clinics.csv,240,ATHENA_CLINICS,126808,d57325493f8bc235279ad48271bad3e374a5d58d3368e082d5b5a6379a86fa67,LINKED,,M,,65+,,531,
batch_001,encounters_athena_clinics.csv,241,ATHENA_CLINICS,138245,efbe9c52360b2f11500309e01cbd648ed5f5a954d70e7c3506a8047a05431f5d,LINKED,,F,,18-39,,541,
batch_001,encounters_athena_clinics.csv,242,ATHENA_CLINICS,121793,efbe9c52360b2f11500309e01cbd648ed5f5a954d70e7c3506a8047a05431f5d,LINKED,,F,,18-39,,541,
batch_001,encounters_athena_clinics.csv,243,ATHENA_CLINICS,105771,b417eb821ca27d02625520d1fb62e39224838d52035f20a42ba379f0e408ff7f,LINKED,,F,,40-64,,531,
batch_001,encounters_athena_clinics.csv,244,ATHENA_CLINICS,139087,ddbae9686c495888259f67dc159a714affc18b6abae91c3438605f993ab595c7,LINKED,,F,,65+,,531,
batch_001,encounters_athena_clinics.csv,245,ATHENA_CLINICS,112640,dc24a57c51dd8f9c402c597e7f66cd3320d57ffe136144b3dd875596de4ea8c3,LINKED,,F,,40-64,,524,
batch_001,encounters_athena_clinics.csv,246,ATHENA_CLINICS,115317,a229e56574aee3e0f23af28ef55056a042c589a470bfe0fdc295bc0e45eb428a,LINKED,,M,,40-64,,532,
batch_001,encounters_athena_clinics.csv,247,ATHENA_CLINICS,121340,4fddc0238298c5d4228bb597c97a4545b2e203d838a11b1f85d343b15583ed37,LINKED,,F,,40-64,,532,
batch_001,encounters_athena_clinics.csv,248,ATHENA_CLINICS,125266,08b1ddc539912437931a1adef3921a3f074b6464e31aa7b2dd75ea07d703aa02,LINKED,,M,,40-64,,543,
batch_001,encounters_athena_clinics.csv,249,ATHENA_CLINICS,127031,61051b8c88c4090a425f9bc53c4aef53b640ed2a755f8e3f60545e2a651db025,LINKED,,M,,65+,,524,
batch_001,encounters_athena_clinics.csv,250,ATHENA_CLINICS,111463,5e01f44f3b26bf3e67c1a0926cac26138e1fc0dbcc2a7b7f6bc863c0b33be39d,LINKED,,M,,40-64,,531,
batch_001,encounters_athena_clinics.csv,251,ATHENA_CLINICS,116470,5751c0c47256e4ee768b3bcec10eac6418540f10b8697e9f0d2ee6d70745d511,LINKED,,M,,65+,,532,
batch_001,encounters_athena_clinics.csv,252,ATHENA_CLINICS,139119,af209cde404f61480ed25d9a4857d7afd44a32d677e8f8cfa1e09d43592fd2fa,LINKED,,M,,18-39,,537,
batch_001,encounters_athena_clinics.csv,253,ATHENA_CLINICS,137189,cd5f3dea1f578df2af474bca5a7034b7de9956c68512f7effb90bbee6a4d1a70,LINKED,,M,,65+,,524,
batch_001,encounters_athena_clinics.csv,254,ATHENA_CLINICS,130184,b456dd1a776f9050d09c7cb845b2b34263f9bfd6e0bee2643d852b24424d3a09,LINKED,,M,,40-64,,541,
batch_001,encounters_athena_clinics.csv,255,ATHENA_CLINICS,112353,11f5f8d04a20e769f9ad324e92b976e2bd64f3ea8ffaaa7f21330fdaee7fab23,LINKED,,M,,65+,,532,
batch_001,encounters_athena_clinics.csv,256,ATHENA_CLINICS,130552,5377356d5d63269d2a27ad21e544bf986b6fa84df35283c29f2dfd79eab85e3f,LINKED,,F,,40-64,,531,
batch_001,encounters_athena_clinics.csv,257,ATHENA_CLINICS,112204,d17b5fa7773a5243f35cda0ba6311896cd3af8815df6f5c2143af87f897ac4e6,LINKED,,F,,40-64,,537,
batch_001,encounters_athena_clinics.csv,258,ATHENA_CLINICS,132397,6549108b576c1b57178e332cb6e7c9edc23dafe4fcd139907c80f16e8493fdef,LINKED,,M,,65+,,520,
batch_001,encounters_athena_clinics.csv,259,ATHENA_CLINICS,139777,714ea9eb09915b44ca74948ecbe1fddf7ead5c0d0d8c886167486fe81a5a8479,LINKED,,M,,18-39,,520,
batch_001,encounters_athena_clinics.csv,260,ATHENA_CLINICS,124180,ac7d6323d1ba190920973e65d3d1a01170893e17bf5ad3bb58cd0899adfe8a5e,LINKED,,F,,40-64,,611,
batch_001,encounters_athena_clinics.csv,261,ATHENA_CLINICS,115863,e042e2ccb0ad7fca26413d84b1b491952ebf6258c38a264700d06ae646ccc87b,LINKED,,M,,18-39,,541,
batch_001,encounters_athena_clinics.csv,262,ATHENA_CLINICS,129943,0579551e1dc1eed130a78c3c799bb230ff49e8a9751cc873999c23345961d560,LINKED,,M,,40-64,,524,
batch_001,encounters_athena_clinics.csv,263,ATHENA_CLINICS,127400,cd39db3ac2ad4f1aa4a619210c5904576448f07df6ee2eddf9f5987784515cf6,LINKED,,M,,18-39,,537,
batch_001,encounters_athena_clinics.csv,264,ATHENA_CLINICS,130084,129401aaaede89e5a1799147747099c96706f733801efe7245c3793a78214e83,LINKED,,M,,40-64,,524,
batch_001,encounters_athena_clinics.csv,265,ATHENA_CLINICS,106307,bf3bb69ca37d4879474f1cff09f14e776cfbb759732855e7e718b954a2fa0306,LINKED,,F,,65+,,531,
batch_001,encounters_athena_clinics.csv,266,ATHENA_CLINICS,129407,baf35add2c86a20030e4f9e4649d985c73985c574d5a5b775c766d2092a34c54,LINKED,,F,,40-64,,524,
batch_001,encounters_athena_clinics.csv,267,ATHENA_CLINICS,120080,faf60aaef82f9fce0f4f101aabc9c9f9e5acf00d17b9cd921376f5f1fc1e520e,LINKED,,M,,40-64,,543,
batch_001,encounters_athena_clinics.csv,268,ATHENA_CLINICS,103073,36b051c3c7106353caf8223ba2e2410daddc2126bddc154f4a0ba49ec17bb538,LINKED,,M,,65+,,541,
batch_001,encounters_athena_clinics.csv,269,ATHENA_CLINICS,117135,38527ff4370c9911600ba70cad4fc2386c0bff8e08aefaf2f72d86f04199a52c,LINKED,,F,,40-64,,532,
batch_001,encounters_athena_clinics.csv,270,ATHENA_CLINICS,128234,4a9bcf7754d99628dabfe108c43cb33d1b6c37b41df0194442dcb015f561a36f,LINKED,,F,,65+,,532,
batch_001,encounters_athena_clinics.csv,271,ATHENA_CLINICS,117631,3335d4c0d55cfd5360eb911653a987f6c5241803378dd97f0ed7d84af3e65b67,LINKED,,M,,40-64,,531,
batch_001,encounters_athena_clinics.csv,272,ATHENA_CLINICS,123464,19c66882db7b7d8b26efd3b7e3bbf6e446a7df3507ecaf165eb87675ccae9f4f,LINKED,,M,,40-64,,532,
batch_001,encounters_athena_clinics.csv,273,ATHENA_CLINICS,115682,89843194047ef6815dd7879eb3e34941079a9193ed8f668733da0e6d0f14fd6e,LINKED,,M,,40-64,,543,
batch_001,encounters_athena_clinics.csv,274,ATHENA_CLINICS,118390,d17b5fa7773a5243f35cda0ba6311896cd3af8815df6f5c2143af87f897ac4e6,LINKED,,F,,40-64,,537,
batch_001,encounters_athena_clinics.csv,275,ATHENA_CLINICS,112418,66503c799ad9b789eb446f7bb90cf525d1a0ae5ea0d906ac05915a860ab5725f,LINKED,,F,,40-64,,543,
batch_001,encounters_athena_clinics.csv,276,ATHENA_CLINICS,110455,ef5cdd6998cd2b085758e2491cecedb71134acf64a398059dbfe9a2d91d9ce9b,LINKED,,F,,40-64,,524,
batch_001,encounters_athena_clinics.csv,277,ATHENA_CLINICS,113429,ee19c746d92d0d6d4e33fffc9c6757f61119597274fa9a544763232b391fc206,LINKED,,M,,18-39,,524,
batch_001,encounters_athena_clinics.csv,278,ATHENA_CLINICS,105203,085d5ee432064987cf014b7715c748688299ff2806c7930249ae139bea9b52cf,LINKED,,F,,40-64,,524,
batch_001,encounters_athena_clinics.csv,279,ATHENA_CLINICS,117238,2ebd788be7dfc3f9fe037affa31b3965d06cae0be1e1a6da33f519627ec85ba7,LINKED,,F,,65+,,537,
batch_001,encounters_athena_clinics.csv,280,ATHENA_CLINICS,105004,352532b8bc2196693b12ef7db9d712af8b87b479691a6cecc7cf500a14887766,LINKED,,F,,40-64,,537,
batch_001,encounters_athena_clinics.csv,281,ATHENA_CLINICS,107748,c55795c58727d94974ec5c7b33fcabc6c78b7c4b9d6c4833272ec6b1007a41bc,LINKED,,M,,40-64,,524,
batch_001,encounters_athena_clinics.csv,282,ATHENA_CLINICS,117568,53463cbb1b1e44e280d69b8af52f8f9b802c4adb6b0bc06e7d44a40ab22038a6,LINKED,,M,,18-39,,520,
batch_001,encounters_athena_clinics.csv,283,ATHENA_CLINICS,110594,4b1c82d0d130620b04e44fc19646d206b6e7d5804290083abd4b701b9a4a6c71,LINKED,,M,,40-64,,520,
batch_001,encounters_athena_clinics.csv,284,ATHENA_CLINICS,131651,6983d30d10318a29807e68a4144a48a19e42aecf77b51e71180f30077435f64f,LINKED,,M,,40-64,,543,
batch_001,encounters_athena_clinics.csv,285,ATHENA_CLINICS,139393,2291d45abdf5ae64efe5bbfe170178aa5a507d9a921b83d0cc9ddf8c852849ef,LINKED,,F,,65+,,543,
batch_001,encounters_athena_clinics.csv,286,ATHENA_CLINICS,103978,23d2f97d35af43cdb35ed8b1a45e6c02c805db9383f34836b4e47932173d8e29,LINKED,,F,,40-64,,524,
batch_001,encounters_athena_clinics.csv,287,ATHENA_CLINICS,118881,98b551b78ed918cca743895c7b9dde37a83eb69a5162727b07afb34bf483da18,LINKED,,M,,40-64,,543,
batch_001,encounters_athena_clinics.csv,288,ATHENA_CLINICS,134384,0bc4c24c06e79332bedaa5d38ceab8d0812c15b03893e88542fa3e468f87c412,LINKED,,M,,40-64,,524,
batch_001,encounters_athena_clinics.csv,289,ATHENA_CLINICS,137217,9549c7736b148a5dbcc904234381799033a72f0c5bc0f74138ec2544969317c3,LINKED,,F,,65+,,520,
batch_001,encounters_athena_clinics.csv,290,ATHENA_CLINICS,121089,3f5540eefa94b20ec80033ed3f1d57ee7547c512f8f252b696c2449eb3d95268,LINKED,,M,,65+,,537,
batch_001,encounters_athena_clinics.csv,291,ATHENA_CLINICS,132795,5eabaa8a217a32f0309f8a62ae43a0fa710fffee3ae3108278cc64c9510c7fa1,LINKED,,M,,40-64,,541,
batch_001,encounters_athena_clinics.csv,292,ATHENA_CLINICS,101096,d8f6db0ceea761a1001f08f1a99277c18e28a62661e2269f9471bafc938e7136,LINKED,,M,,65+,,531,
batch_001,encounters_athena_clinics.csv,293,ATHENA_CLINICS,106157,188dd40007588bcedb56d17acb84eaea5654839132f45aca2f88d17fdcd53a80,LINKED,,M,,40-64,,531,
batch_001,encounters_athena_clinics.csv,294,ATHENA_CLINICS,130965,f7d2f488ff254b82e858f13b38eaf9d10973ea7d591932b568a7b867e98251fb,LINKED,,M,,40-64,,543,
batch_001,encounters_athena_clinics.csv,295,ATHENA_CLINICS,134501,37371f42695b9494b39c8f4ad69daceacb7f442c503d9d20320cb18b75a0788f,LINKED,,M,,40-64,,532,
batch_001,encounters_athena_clinics.csv,296,ATHENA_CLINICS,124338,349bb29751a6e360becf6b1c751f1eeba724069314475b15c88f1a508ecb6144,LINKED,,F,,40-64,,524,
batch_001,encounters_athena_clinics.csv,297,ATHENA_CLINICS,111231,fa9194b5950c118c33c910138fe3c66dd66e93bdfb181e684a3fed726820c3c9,LINKED,,F,,40-64,,541,
batch_001,encounters_athena_clinics.csv,298,ATHENA_CLINICS,123642,6bb5f322f82ba8f52d959c0e499efa77149bc6ed9976828dcab67a51291ac066,LINKED,,F,,40-64,,520,
batch_001,encounters_athena_clinics.csv,299,ATHENA_CLINICS,128640,2e9fa96e93120047ec7cd219ede45dde9c35d0cd512a2e9c1267a8b206d08634,LINKED,,M,,65+,,532,
batch_001,encounters_athena_clinics.csv,300,ATHENA_CLINICS,106848,23d2f97d35af43cdb35ed8b1a45e6c02c805db9383f34836b4e47932173d8e29,LINKED,,F,,40-64,,524,
batch_001,encounters_athena_clinics.csv,301,ATHENA_CLINICS,127800,30685b11f6e8fa14c3949e87a52aaa32fc62a1f78694adf03fa8717833bc10a0,LINKED,,M,,18-39,,531,
batch_001,encounters_athena_clinics.csv,302,ATHENA_CLINICS,123744,6867003adaf972632132ac999d999da05341090285896c7bde64d65a12d11b5a,LINKED,,M,,65+,,520,
batch_001,encounters_athena_clinics.csv,303,ATHENA_CLINICS,129209,df7ce2a1a3b7c0986c53b7d8fe084f437ec80496594ea0272b537c36f5e795d8,LINKED,,F,,40-64,,524,
batch_001,encounters_athena_clinics.csv,304,ATHENA_CLINICS,113502,bf78298b0e07c9e029a725a277fd2ca635e7f785e3273ef341e51fa562ac310c,LINKED,,F,,18-39,,520,
batch_001,encounters_athena_clinics.csv,305,ATHENA_CLINICS,103162,8442a212d438a4217cbf544566025a77fbb09f0a8da99b32370a5c40c645768f,LINKED,,F,,65+,,524,
batch_001,encounters_athena_clinics.csv,306,ATHENA_CLINICS,133133,b5fc69de531ff8ba4ce5eb823d83bc9931bfd3294d7c8716ecca7b2d2578dcbb,LINKED,,M,,65+,,520,
batch_001,encounters_athena_clinics.csv,307,ATHENA_CLINICS,118802,6e460d8e09d8294e688eebf828ccdbc758f8afc411d480f024a352565fcabc45,LINKED,,F,,65+,,531,
batch_001,encounters_athena_clinics.csv,308,ATHENA_CLINICS,103332,7a5b47d84e364e8f64e69527752bcce1584aa8800c5235f79385fc92423eb927,LINKED,,M,,65+,,520,
batch_001,encounters_athena_clinics.csv,309,ATHENA_CLINICS,127109,22e8f91b9d24c3a2fc30cf3e94445fe3ffeb2232189b04334caea23dfa75fa2b,LINKED,,M,,65+,,520,
batch_001,encounters_athena_clinics.csv,310,ATHENA_CLINICS,134586,fdac3d58762abb434b74ca735ec4d4d2275cfeb4f121169f4f8de57eb6720efb,LINKED,,F,,40-64,,531,
batch_001,encounters_athena_clinics.csv,311,ATHENA_CLINICS,102394,b00fc8986bef2a410fedb9d8ed147f25cfb04f592bd443c1eb27fedceed1d35d,LINKED,,M,,40-64,,531,
batch_001,encounters_athena_clinics.csv,312,ATHENA_CLINICS,135088,02b72ffad8c74249be20f7abf1100f1b008dcc310f2194bf255dba494ee0e923,LINKED,,F,,18-39,,532,
batch_001,encounters_athena_clinics.csv,313,ATHENA_CLINICS,122833,5e4d67d8aa4035bc853eb464313f1da480267ae9beb22e2f09dcce96367feef2,LINKED,,M,,65+,,532,
batch_001,encounters_athena_clinics.csv,314,ATHENA_CLINICS,137300,195c5beac9dd15e07b606828ce98461bc622a9518aadd3339423118d81db99e8,LINKED,,F,,40-64,,543,
batch_001,encounters_athena_clinics.csv,315,ATHENA_CLINICS,111431,fe469902f05b3b39c38c4dd979cc54c6f4cca1a899db9f51298e30f0e7f9c4f9,LINKED,,F,,65+,,532,
batch_001,encounters_athena_clinics.csv,316,ATHENA_CLINICS,106932,1f1d4406a6f38fa6b7ff4f3f70fbe8a3abc83407120ccb10848d31c6f6625183,LINKED,,M,,40-64,,524,
batch_001,encounters_athena_clinics.csv,317,ATHENA_CLINICS,116431,c1e11f355feac2a276d0fc3f6a768b8e95c87f108beb2750b25fcae2d1f14bec,LINKED,,F,,18-39,,532,
batch_001,encounters_athena_clinics.csv,318,ATHENA_CLINICS,124930,2592620a76de18a8d43cc912bfdc488beccdb1e1f6a55174a2c0dddd1e1f991e,LINKED,,M,,40-64,,541,
batch_001,encounters_athena_clinics.csv,319,ATHENA_CLINICS,102546,be8a5d36f607e5d49752d35f77b578c35a0ba6a075bc9db99e6dfa7ba6d698a4,LINKED,,F,,65+,,520,
batch_001,encounters_athena_clinics.csv,320,ATHENA_CLINICS,100408,16b6df1e88ad0651e7ff7c63227e0ab6274344028b8f86ae0bb6d5536702d6c5,LINKED,,F,,40-64,,537,
batch_001,encounters_athena_clinics.csv,321,ATHENA_CLINICS,113727,89e3882760db1ae6cb6db67fe5cf89781f22f5bb1c0ac19fdff76b3c1ae34b1d,LINKED,,M,,18-39,,543,
batch_001,encounters_athena_clinics.csv,322,ATHENA_CLINICS,120657,6009ca7d43f97b10b1d7e1c9d7c58df502771fe8b7d57fa97dee79b24a659921,LINKED,,F,,40-64,,531,
batch_001,encounters_athena_clinics.csv,323,ATHENA_CLINICS,131963,42274b5158098db1895c6f928cf243484c313b7321fd79b3dfb8f8784a4f3456,LINKED,,F,,40-64,,532,
batch_001,encounters_athena_clinics.csv,324,ATHENA_CLINICS,103836,bb71add7ca0e7df7feec6c7b608cac38643d91d94848b5d4ca78057ecc74490b,LINKED,,F,,65+,,524,
batch_001,encounters_athena_clinics.csv,325,ATHENA_CLINICS,102312,6579d88d605b7ef4b1fd0f0c08c975853804c5a969ba330b38e1fb138bb87fb2,LINKED,,F,,40-64,,537,
batch_001,encounters_athena_clinics.csv,326,ATHENA_CLINICS,104925,9395ad15788b8f6622797dd73869fe2ed6de5edfe09ff80b1cdddd3524be9f61,LINKED,,M,,65+,,520,
batch_001,encounters_athena_clinics.csv,327,ATHENA_CLINICS,133275,3f5540eefa94b20ec80033ed3f1d57ee7547c512f8f252b696c2449eb3d95268,LINKED,,M,,65+,,537,
batch_001,encounters_athena_clinics.csv,328,ATHENA_CLINICS,135512,9d3919502b2f5cc86510411fe63bab71eb47c6cfd5cf64e429c7b051cb1cf646,LINKED,,F,,40-64,,532,
batch_001,encounters_athena_clinics.csv,329,ATHENA_CLINICS,106811,4d6aaa0a933cc65b60b9c3cc5fc9a9d02471a0089a9b937fff3a37cb43a5cbeb,LINKED,,M,,18-39,,532,
batch_001,encounters_athena_clinics.csv,330,ATHENA_CLINICS,136270,b50ca191409a9406e6fbab759b7782508d3c20185dadcbc110d977b6be689fd5,LINKED,,M,,40-64,,543,
batch_001,encounters_athena_clinics.csv,331,ATHENA_CLINICS,108372,c5f1c8e03de93de3ee7c065dc1fff92348f2430a8ffd7ed0dbbbd2742d73ffd2,LINKED,,F,,65+,,541,
batch_001,encounters_athena_clinics.csv,332,ATHENA_CLINICS,115133,5486170f58053522005445b2094d0d4f9222aba7d1e23a8b1818c1be70317131,LINKED,,M,,40-64,,531,
batch_001,encounters_athena_clinics.csv,333,ATHENA_CLINICS,131886,9e16988a1d984cc9696be9ccc8a2caf09dda86c00274f283f8df91f429d4d2bd,LINKED,,F,,65+,,537,
batch_001,encounters_athena_clinics.csv,334,ATHENA_CLINICS,137129,ac5ee46ea0f4df37b2a1e078064e310be8162d8479e910816797e99b2d446f50,LINKED,,F,,40-64,,531,
batch_001,encounters_athena_clinics.csv,335,ATHENA_CLINICS,124731,d8891a58982499f1e92ce525be412f6227c43d3d9eda71d579dc9dac7c84078d,LINKED,,M,,40-64,,524,
batch_001,encounters_athena_clinics.csv,336,ATHENA_CLINICS,105104,db97aa49a709b9252335a66b0fde9c722ee46dd2376d87650e3df4b8c994305f,LINKED,,F,,65+,,524,
batch_001,encounters_athena_clinics.csv,337,ATHENA_CLINICS,123505,72936083e9785c0003975d1e6eb380dbdd05ba7799701d7fe30a9f7759457267,LINKED,,M,,40-64,,543,
batch_001,encounters_athena_clinics.csv,338,ATHENA_CLINICS,120516,673dcff3830ab3aac2ad8983d854e93ba117265fdc5253f5b740f067966817b9,LINKED,,M,,18-39,,531,
batch_001,encounters_athena_clinics.csv,339,ATHENA_CLINICS,119263,11f5f8d04a20e769f9ad324e92b976e2bd64f3ea8ffaaa7f21330fdaee7fab23,LINKED,,M,,65+,,532,
batch_001,encounters_athena_clinics.csv,340,ATHENA_CLINICS,127954,881163f9595761cfe73e86800eadad3182bee37aff890f4f50b995779a01d6c0,LINKED,,M,,40-64,,520,
batch_001,encounters_athena_clinics.csv,341,ATHENA_CLINICS,133969,ba797391ce666242564d74c3a6892aebf0277b4679494e458e77c8f904cf531b,LINKED,,M,,65+,,532,
batch_001,encounters_athena_clinics.csv,342,ATHENA_CLINICS,126861,57a21b849cb9dc8863fa8727099e9412fa55d7bf4104c6b6d99dcb88d82ab1f6,LINKED,,M,,40-64,,524,
batch_001,encounters_athena_clinics.csv,343,ATHENA_CLINICS,102686,87e5964bcb3d3bf0bb78962d932134aa3a16c67a7c444144a7161bb57845b598,LINKED,,M,,40-64,,524,
batch_001,encounters_athena_clinics.csv,344,ATHENA_CLINICS,132060,a2ed36e0fddd6dede2cc5d168780fda1485b50553b5779cd2bee4617dd6c8588,LINKED,,M,,40-64,,524,
batch_001,encounters_athena_clinics.csv,345,ATHENA_CLINICS,102034,f3d867eba4de75fd5035e8a0e6c1f977684f4f49d09d9f57f5f0cbc7f05e8666,LINKED,,F,,65+,,531,
batch_001,encounters_athena_clinics.csv,346,ATHENA_CLINICS,106873,02b72ffad8c74249be20f7abf1100f1b008dcc310f2194bf255dba494ee0e923,LINKED,,F,,18-39,,532,
batch_001,encounters_athena_clinics.csv,347,ATHENA_CLINICS,132528,3c1609d2404df9e633be9faccacc215b1bd76f12afbc23a9d7d27a3cd1f39e94,LINKED,,M,,40-64,,532,
batch_001,encounters_athena_clinics.csv,348,ATHENA_CLINICS,118315,64c62679643df28bf20c975c61917f2513a6350c88112cb8205f35acf0f7bb53,LINKED,,M,,18-39,,537,
batch_001,encounters_athena_clinics.csv,349,ATHENA_CLINICS,132217,3461593a686e57b9a180ae7129fe1c9666ded87150562403b2b6f6f54231e4ab,LINKED,,F,,18-39,,541,
batch_001,encounters_athena_clinics.csv,350,ATHENA_CLINICS,116039,31aba787fac60247818de5cfd970e3510bbeb82b83ce5d01bed1536bfc235d68,LINKED,,M,,40-64,,543,
batch_001,encounters_athena_clinics.csv,351,ATHENA_CLINICS,102960,2759a7d5b4e3d0737c4fa349162246eaee7796a5c38572e9462b5b87c1746aea,LINKED,,F,,40-64,,531,
batch_001,encounters_athena_clinics.csv,352,ATHENA_CLINICS,104241,16a7c4ccb5b9e46323f76f1a5450ade612a99d3c996554b3892269fda19dde99,LINKED,,F,,40-64,,524,
batch_001,encounters_athena_clinics.csv,353,ATHENA_CLINICS,130741,f7725788effe15c56301cfa6962284417c0ed9b020a0a04317ba8485c9beccd4,LINKED,,F,,40-64,,532,
batch_001,encounters_athena_clinics.csv,354,ATHENA_CLINICS,137962,4be35dc267356777d72b51cf9a1336a5d4375cbdfb86fb0c3ba43f565984f27c,LINKED,,F,,65+,,531,
batch_001,encounters_athena_clinics.csv,355,ATHENA_CLINICS,110659,774510af7e697d2f275112648e928456ea7c9d7c28fb899790135ea9ba813dec,LINKED,,F,,40-64,,520,
batch_001,encounters_athena_clinics.csv,356,ATHENA_CLINICS,100503,a7dab7bb227d326b13d5b50419870826aeab63d6ace803b04d5f612f1dad43e9,LINKED,,F,,65+,,524,
batch_001,encounters_athena_clinics.csv,357,ATHENA_CLINICS,137355,61051b8c88c4090a425f9bc53c4aef53b640ed2a755f8e3f60545e2a651db025,LINKED,,M,,65+,,524,
batch_001,encounters_athena_clinics.csv,358,ATHENA_CLINICS,103610,5d9d7e13d599ce1b3d6cd8bb8ba11caeac42751bc94b6b1733ce313f2b3aea54,LINKED,,M,,40-64,,537,
batch_001,encounters_athena_clinics.csv,359,ATHENA_CLINICS,112291,c6ba0f7666c6fb5d276ed29fe9b2d790c0ca8264e4b32cb9a09ddcec0e62095a,LINKED,,M,,40-64,,524,
batch_001,encounters_athena_clinics.csv,360,ATHENA_CLINICS,101167,79078f68a644f3023b37b384e4399ef0e466a56ae2417a8f1c5fa642939e855a,LINKED,,M,,18-39,,524,
batch_001,encounters_athena_clinics.csv,361,ATHENA_CLINICS,125327,6579d88d605b7ef4b1fd0f0c08c975853804c5a969ba330b38e1fb138bb87fb2,LINKED,,F,,40-64,,537,
batch_001,encounters_athena_clinics.csv,362,ATHENA_CLINICS,130821,352532b8bc2196693b12ef7db9d712af8b87b479691a6cecc7cf500a14887766,LINKED,,F,,40-64,,537,
batch_001,encounters_athena_clinics.csv,363,ATHENA_CLINICS,108808,36b051c3c7106353caf8223ba2e2410daddc2126bddc154f4a0ba49ec17bb538,LINKED,,M,,65+,,541,
batch_001,encounters_athena_clinics.csv,364,ATHENA_CLINICS,102604,42e83e53c9a1fc6560add369cb129db37e1a5e8619fd52ca1885b4dd332f11ae,LINKED,,F,,18-39,,520,
batch_001,encounters_athena_clinics.csv,365,ATHENA_CLINICS,112411,599469c521be9b9087152c59acffae4797cffb8ed02e87ab43c292ca1ea680f0,LINKED,,F,,40-64,,531,
batch_001,encounters_athena_clinics.csv,366,ATHENA_CLINICS,104451,9c652655f89d53bf11230dbe906c66456095008dad81ccacb6db2193c079be4c,LINKED,,M,,40-64,,537,
batch_001,encounters_athena_clinics.csv,367,ATHENA_CLINICS,132177,6d96b705159a0dd7b48d349dcf6e1e536c861e17daa3a7dd3b881bec0a2ff9f5,LINKED,,F,,65+,,520,
batch_001,encounters_athena_clinics.csv,368,ATHENA_CLINICS,110085,129401aaaede89e5a1799147747099c96706f733801efe7245c3793a78214e83,LINKED,,M,,40-64,,524,
batch_001,encounters_athena_clinics.csv,369,ATHENA_CLINICS,111928,99d88222026fa40f6a73016db191b42cff2574650ea5533d1d61f2158124ef3f,LINKED,,M,,65+,,531,
batch_001,encounters_athena_clinics.csv,370,ATHENA_CLINICS,128904,57a21b849cb9dc8863fa8727099e9412fa55d7bf4104c6b6d99dcb88d82ab1f6,LINKED,,M,,40-64,,524,
batch_001,encounters_athena_clinics.csv,371,ATHENA_CLINICS,132796,2291d45abdf5ae64efe5bbfe170178aa5a507d9a921b83d0cc9ddf8c852849ef,LINKED,,F,,65+,,543,
batch_001,encounters_athena_clinics.csv,372,ATHENA_CLINICS,104530,61051b8c88c4090a425f9bc53c4aef53b640ed2a755f8e3f60545e2a651db025,LINKED,,M,,65+,,524,
batch_001,encounters_athena_clinics.csv,373,ATHENA_CLINICS,104015,7903f134368bb9863666ee9a72f216646d64b3d5a8296572011019305245012a,LINKED,,M,,40-64,,520,
batch_001,encounters_athena_clinics.csv,374,ATHENA_CLINICS,122630,d74bc5f20692778acd6257601c7198bc657cd818d604d30ef399f0fc02ddb78b,LINKED,,M,,18-39,,524,
batch_001,encounters_athena_clinics.csv,375,ATHENA_CLINICS,115299,5486170f58053522005445b2094d0d4f9222aba7d1e23a8b1818c1be70317131,LINKED,,M,,40-64,,531,
batch_001,encounters_athena_clinics.csv,376,ATHENA_CLINICS,127506,a8fd4e19eb0ee07fce107838bc9f07e73b3dd783b12c96e707ac84a4ffacb68a,LINKED,,M,,40-64,,541,
batch_001,encounters_athena_clinics.csv,377,ATHENA_CLINICS,116477,d51d7603666275b524b36df6117396fb1b1d9e3782d245878d28337bad21aa51,LINKED,,M,,40-64,,532,
batch_001,encounters_athena_clinics.csv,378,ATHENA_CLINICS,126387,6d96b705159a0dd7b48d349dcf6e1e536c861e17daa3a7dd3b881bec0a2ff9f5,LINKED,,F,,65+,,520,
batch_001,encounters_athena_clinics.csv,379,ATHENA_CLINICS,100513,6b81c0cd99f1aa1dfd4bf5bcaa672962c474083db07c49a0a959215934e92420,LINKED,,M,,65+,,520,
batch_001,encounters_athena_clinics.csv,380,ATHENA_CLINICS,130849,402e27938409db6a09deb17520b41e6edf116e8b9910da7e893e54c7ffdb2955,LINKED,,F,,65+,,532,
batch_001,encounters_athena_clinics.csv,381,ATHENA_CLINICS,128068,19c66882db7b7d8b26efd3b7e3bbf6e446a7df3507ecaf165eb87675ccae9f4f,LINKED,,M,,40-64,,532,
batch_001,encounters_athena_clinics.csv,382,ATHENA_CLINICS,125252,66017a60ebb5199ec76f568ed7bc12c35b0d097001262aadc0d7fcdda3d48eb4,LINKED,,F,,18-39,,531,
batch_001,encounters_athena_clinics.csv,383,ATHENA_CLINICS,101199,dc24a57c51dd8f9c402c597e7f66cd3320d57ffe136144b3dd875596de4ea8c3,LINKED,,F,,40-64,,524,
batch_001,encounters_athena_clinics.csv,384,ATHENA_CLINICS,103411,fb63c31909cb207589c26f34b58d43dd5728cce75cd279d6110fccecab0f6c71,LINKED,,M,,40-64,,520,
batch_001,encounters_athena_clinics.csv,385,ATHENA_CLINICS,101733,c81d25f472a3ac0c8aae4ece60d793b2669c00a88a8ebe4626e03011b11bbbf3,LINKED,,M,,18-39,,524,
batch_001,encounters_athena_clinics.csv,386,ATHENA_CLINICS,133944,aefd18d7ef9e040ad89d734dd1f9226bef389719496b5277f9626930f7febaad,LINKED,,M,,40-64,,532,
batch_001,encounters_athena_clinics.csv,387,ATHENA_CLINICS,131962,4d9484d9b6e83d25471e8f29c3fe1decdfa616a9d9a6720c70125d6dd9ed6281,LINKED,,M,,18-39,,537,
batch_001,encounters_athena_clinics.csv,388,ATHENA_CLINICS,128562,66017a60ebb5199ec76f568ed7bc12c35b0d097001262aadc0d7fcdda3d48eb4,LINKED,,F,,18-39,,531,
batch_001,encounters_athena_clinics.csv,389,ATHENA_CLINICS,114785,5aa5c198865edabd2e0e76d4b25003e00d52c65ba28c9e3e0c91b398f59ec0e3,LINKED,,M,,40-64,,531,
batch_001,encounters_athena_clinics.csv,390,ATHENA_CLINICS,123797,be8a5d36f607e5d49752d35f77b578c35a0ba6a075bc9db99e6dfa7ba6d698a4,LINKED,,F,,65+,,520,
batch_001,encounters_athena_clinics.csv,391,ATHENA_CLINICS,106582,42274b5158098db1895c6f928cf243484c313b7321fd79b3dfb8f8784a4f3456,LINKED,,F,,40-64,,532,
batch_001,encounters_athena_clinics.csv,392,ATHENA_CLINICS,114525,6b81c0cd99f1aa1dfd4bf5bcaa672962c474083db07c49a0a959215934e92420,LINKED,,M,,65+,,520,
batch_001,encounters_athena_clinics.csv,393,ATHENA_CLINICS,132883,fa9194b5950c118c33c910138fe3c66dd66e93bdfb181e684a3fed726820c3c9,LINKED,,F,,40-64,,541,
batch_001,encounters_athena_clinics.csv,394,ATHENA_CLINICS,124869,1dbeb9fcf131756a47f7a165624783247596e8b745c7468abee216edefb1dd1a,LINKED,,M,,40-64,,520,
batch_001,encounters_athena_clinics.csv,395,ATHENA_CLINICS,105260,673dcff3830ab3aac2ad8983d854e93ba117265fdc5253f5b740f067966817b9,LINKED,,M,,18-39,,531,
batch_001,encounters_athena_clinics.csv,396,ATHENA_CLINICS,126541,494174e1f442831defbdd46d349923ea5958648953267ac18c57541cdae1d952,LINKED,,M,,40-64,,543,
batch_001,encounters_athena_clinics.csv,397,ATHENA_CLINICS,121303,68a5c60fb262a1835b394e6d40104c7d75f3e4725d85e4e6118f6cd8ef015ee9,LINKED,,F,,65+,,524,
batch_001,encounters_athena_clinics.csv,398,ATHENA_CLINICS,118689,5ac37e35d53d2ed29a1e649e7dc26df810fbcc91f640ed84b7ea9219dc1797fa,LINKED,,M,,40-64,,543,
batch_001,encounters_athena_clinics.csv,399,ATHENA_CLINICS,103141,aaac25b97f7d2c80c945d7b70f1d945b4c86f5138c6b5c62b6a3b0d737fc5d0f,LINKED,,M,,40-64,,541,
batch_001,encounters_athena_clinics.csv,400,ATHENA_CLINICS,102991,4d6aaa0a933cc65b60b9c3cc5fc9a9d02471a0089a9b937fff3a37cb43a5cbeb,LINKED,,M,,18-39,,532,
batch_001,encounters_athena_clinics.csv,401,ATHENA_CLINICS,139968,f7725788effe15c56301cfa6962284417c0ed9b020a0a04317ba8485c9beccd4,LINKED,,F,,40-64,,532,
batch_001,encounters_athena_clinics.csv,402,ATHENA_CLINICS,103961,ba4ffe8c621f5215c7b8e544df0d1740deccc6054e362a6daeb1acb3d9fc905f,LINKED,,M,,18-39,,537,
batch_001,encounters_athena_clinics.csv,403,ATHENA_CLINICS,126491,5d9d7e13d599ce1b3d6cd8bb8ba11caeac42751bc94b6b1733ce313f2b3aea54,LINKED,,M,,40-64,,537,
batch_001,encounters_athena_clinics.csv,404,ATHENA_CLINICS,101012,7903f134368bb9863666ee9a72f216646d64b3d5a8296572011019305245012a,LINKED,,M,,40-64,,520,
batch_001,encounters_athena_clinics.csv,405,ATHENA_CLINICS,110762,c47dbf897847f449b06939e2af5a5eae58b4e50620404602d9a7b20f0e9bbaaf,LINKED,,F,,65+,,532,
batch_001,encounters_athena_clinics.csv,406,ATHENA_CLINICS,121545,d1eaad60c011202954286668d4baef77e878df0471fc36115f2105863360fd01,LINKED,,F,,18-39,,537,
batch_001,encounters_athena_clinics.csv,407,ATHENA_CLINICS,124134,d9c8c4023d335ad6bfded1948706404413443833e4820eb253071cf19c30802c,LINKED,,F,,40-64,,520,
batch_001,encounters_athena_clinics.csv,408,ATHENA_CLINICS,133839,9693d1986e504e97255f036a9e18319a58ccfb686b6ecfced23c7d779365ef93,LINKED,,M,,65+,,531,
batch_001,encounters_athena_clinics.csv,409,ATHENA_CLINICS,101720,881163f9595761cfe73e86800eadad3182bee37aff890f4f50b995779a01d6c0,LINKED,,M,,40-64,,520,
batch_001,encounters_athena_clinics.csv,410,ATHENA_CLINICS,103334,1f1d4406a6f38fa6b7ff4f3f70fbe8a3abc83407120ccb10848d31c6f6625183,LINKED,,M,,40-64,,524,
batch_001,encounters_athena_clinics.csv,411,ATHENA_CLINICS,127901,f24418c3177d997c0ebdab7de44cade20a160add46e1535486f4fbc8023e4fa6,LINKED,,M,,65+,,532,
batch_001,encounters_athena_clinics.csv,412,ATHENA_CLINICS,116331,a93aeef597f1fa17baaf3ccbe7bb61a593ef5693ea11dc1a1b91077e40a84ce3,LINKED,,F,,40-64,,524,
batch_001,encounters_athena_clinics.csv,413,ATHENA_CLINICS,125363,9b498ffd439bfeb4e25697ff10082d0d8e93c8cc1ba58665f92f365ab8e14d6b,LINKED,,M,,65+,,541,
batch_001,encounters_athena_clinics.csv,414,ATHENA_CLINICS,113584,3ccacfc4f1ac0841a029b39d27a38905d925a07eae118bdfea9620f563968294,LINKED,,M,,40-64,,541,
batch_001,encounters_athena_clinics.csv,415,ATHENA_CLINICS,131072,5a91ccafcfeb2ed4be55e9e5d90368e9d75e80044625dc33e289cdd30e8571b2,LINKED,,F,,18-39,,524,
batch_001,encounters_athena_clinics.csv,416,ATHENA_CLINICS,129193,4d9484d9b6e83d25471e8f29c3fe1decdfa616a9d9a6720c70125d6dd9ed6281,LINKED,,M,,18-39,,537,
batch_001,encounters_athena_clinics.csv,417,ATHENA_CLINICS,114009,5d9d7e13d599ce1b3d6cd8bb8ba11caeac42751bc94b6b1733ce313f2b3aea54,LINKED,,M,,40-64,,537,
batch_001,encounters_athena_clinics.csv,418,ATHENA_CLINICS,126894,30685b11f6e8fa14c3949e87a52aaa32fc62a1f78694adf03fa8717833bc10a0,LINKED,,M,,18-39,,531,
batch_001,encounters_athena_clinics.csv,419,ATHENA_CLINICS,103241,5aa5c198865edabd2e0e76d4b25003e00d52c65ba28c9e3e0c91b398f59ec0e3,LINKED,,M,,40-64,,531,
batch_001,encounters_athena_clinics.csv,420,ATHENA_CLINICS,113795,98b551b78ed918cca743895c7b9dde37a83eb69a5162727b07afb34bf483da18,LINKED,,M,,40-64,,543,
batch_001,encounters_athena_clinics.csv,421,ATHENA_CLINICS,103880,98b551b78ed918cca743895c7b9dde37a83eb69a5162727b07afb34bf483da18,LINKED,,M,,40-64,,543,
batch_001,encounters_athena_clinics.csv,422,ATHENA_CLINICS,131748,98b551b78ed918cca743895c7b9dde37a83eb69a5162727b07afb34bf483da18,LINKED,,M,,40-64,,543,
batch_001,encounters_athena_clinics.csv,423,ATHENA_CLINICS,119853,5aa5c198865edabd2e0e76d4b25003e00d52c65ba28c9e3e0c91b398f59ec0e3,LINKED,,M,,40-64,,531,
batch_001,encounters_athena_clinics.csv,424,ATHENA_CLINICS,107549,532c917143e2cbdaf2488d5f8444e60112699cfcddcc15908e08c0e151e7ca3c,LINKED,,M,,65+,,543,
batch_001,encounters_athena_clinics.csv,425,ATHENA_CLINICS,103861,fb241f3bd2569f3a673e4a21cecfc15475ff517615cd2e8d13a683b1268179e7,LINKED,,F,,40-64,,531,
batch_001,encounters_athena_clinics.csv,426,ATHENA_CLINICS,120722,54fef6e88a3230a6acc47c509a4c081fa836475432a86f82496d69899b32daa2,LINKED,,M,,65+,,541,
batch_001,encounters_athena_clinics.csv,427,ATHENA_CLINICS,125007,8a6458ab2827c9c7a42b7ba341a5ea77ba9d2d38383df11afe68a504243e67f0,LINKED,,M,,18-39,,537,
batch_001,encounters_athena_clinics.csv,428,ATHENA_CLINICS,115660,2aba48da8bdb0ba888c05d77d86538f0db8ecab577020f96fe32424e7ba531c2,LINKED,,M,,65+,,537,
batch_001,encounters_athena_clinics.csv,429,ATHENA_CLINICS,129035,0ff2a16cdd3b7ab0e5d0c73eb4c1e94774344164eaa565610d9ec9edfc2b810b,LINKED,,F,,18-39,,543,
batch_001,encounters_athena_clinics.csv,430,ATHENA_CLINICS,121211,e4e1dc1d19dbba1e9be26117c64817a33e4cd29ef7a6cd40622cb5fae0031c21,LINKED,,F,,65+,,541,
batch_001,encounters_athena_clinics.csv,431,ATHENA_CLINICS,138068,c4a84863d0e9628342a33c382001221eef9c1a21eb5e7890dda4fe9697e1b810,LINKED,,M,,40-64,,524,
batch_001,encounters_athena_clinics.csv,432,ATHENA_CLINICS,138064,09f5e6422bb825504a419b21d710fb7687e1b755f9b4123f46a6fcbf8262c62c,LINKED,,F,,40-64,,543,
batch_001,encounters_athena_clinics.csv,433,ATHENA_CLINICS,103658,5377356d5d63269d2a27ad21e544bf986b6fa84df35283c29f2dfd79eab85e3f,LINKED,,F,,40-64,,531,
batch_001,encounters_athena_clinics.csv,434,ATHENA_CLINICS,122236,36b051c3c7106353caf8223ba2e2410daddc2126bddc154f4a0ba49ec17bb538,LINKED,,M,,65+,,541,
batch_001,encounters_athena_clinics.csv,435,ATHENA_CLINICS,107411,4b585397b7687c88503e8c1dc0cd90d1996300b4da48c0072690022b0ddf3f29,LINKED,,F,,18-39,,537,
batch_001,encounters_athena_clinics.csv,436,ATHENA_CLINICS,135134,e0541b79238c4040a6bae3bd1e7ee789d6e64cfc59a444502fd4492d298ce872,LINKED,,M,,40-64,,520,
batch_001,encounters_athena_clinics.csv,437,ATHENA_CLINICS,125527,0bd53c602dd14429b5a34ba989d186e76149b367eb3fb99dfe7a4da950ed2c1c,LINKED,,F,,40-64,,541,
batch_001,encounters_athena_clinics.csv,438,ATHENA_CLINICS,106313,0dc4e8fff52d4c2f34bd252948456008dc0fede8280ac3f33bd68f3d7f1b0c3b,LINKED,,F,,40-64,,520,
batch_001,encounters_athena_clinics.csv,439,ATHENA_CLINICS,136782,c6cda1df38827a4d7a71172e935e5af853a8914605dc8e25e3944b2c5cb40039,LINKED,,F,,65+,,531,
batch_001,encounters_athena_clinics.csv,440,ATHENA_CLINICS,112704,3de9acdc92923e57bc29b3984318ed204f00da0b7233b99d036a6fbf0b5203b4,LINKED,,F,,18-39,,537,
batch_001,encounters_athena_clinics.csv,441,ATHENA_CLINICS,118603,aaac25b97f7d2c80c945d7b70f1d945b4c86f5138c6b5c62b6a3b0d737fc5d0f,LINKED,,M,,40-64,,541,
batch_001,encounters_athena_clinics.csv,442,ATHENA_CLINICS,118506,4a9bcf7754d99628dabfe108c43cb33d1b6c37b41df0194442dcb015f561a36f,LINKED,,F,,65+,,532,
batch_001,encounters_athena_clinics.csv,443,ATHENA_CLINICS,139823,2e9fa96e93120047ec7cd219ede45dde9c35d0cd512a2e9c1267a8b206d08634,LINKED,,M,,65+,,532,
batch_001,encounters_athena_clinics.csv,444,ATHENA_CLINICS,104610,efbe9c52360b2f11500309e01cbd648ed5f5a954d70e7c3506a8047a05431f5d,LINKED,,F,,18-39,,541,
batch_001,encounters_athena_clinics.csv,445,ATHENA_CLINICS,117487,7e7c835a2b8fef1d18a339e9f65d4a1dbd88aa7ea5d6a2a6827e747fd494b787,LINKED,,M,,40-64,,524,
batch_001,encounters_athena_clinics.csv,446,ATHENA_CLINICS,137769,afe4e90c76d6a3c3dfb0b6d6666b841d0d88fc54dfa3851b7f65e183bdedd46c,LINKED,,F,,40-64,,520,
batch_001,encounters_athena_clinics.csv,447,ATHENA_CLINICS,117257,b1d3b6823abd231621e8328d94075fce8532ec7c2193ea6bce7e29ed45a50ef5,LINKED,,M,,40-64,,543,
batch_001,encounters_athena_clinics.csv,448,ATHENA_CLINICS,119238,5e4d67d8aa4035bc853eb464313f1da480267ae9beb22e2f09dcce96367feef2,LINKED,,M,,65+,,532,
batch_001,encounters_athena_clinics.csv,449,ATHENA_CLINICS,123034,1f1d4406a6f38fa6b7ff4f3f70fbe8a3abc83407120ccb10848d31c6f6625183,LINKED,,M,,40-64,,524,
batch_001,encounters_athena_clinics.csv,450,ATHENA_CLINICS,114137,78e45f0a7184759025c720321173d99ffa476f4d2b30a01f18649baede771045,LINKED,,F,,40-64,,537,
batch_001,encounters_athena_clinics.csv,451,ATHENA_CLINICS,126774,1dbeb9fcf131756a47f7a165624783247596e8b745c7468abee216edefb1dd1a,LINKED,,M,,40-64,,520,
batch_001,encounters_athena_clinics.csv,452,ATHENA_CLINICS,126060,ac5ee46ea0f4df37b2a1e078064e310be8162d8479e910816797e99b2d446f50,LINKED,,F,,40-64,,531,
batch_001,encounters_athena_clinics.csv,453,ATHENA_CLINICS,101089,714ea9eb09915b44ca74948ecbe1fddf7ead5c0d0d8c886167486fe81a5a8479,LINKED,,M,,18-39,,520,
batch_001,encounters_athena_clinics.csv,454,ATHENA_CLINICS,117791,2ebd788be7dfc3f9fe037affa31b3965d06cae0be1e1a6da33f519627ec85ba7,LINKED,,F,,65+,,537,
batch_001,encounters_athena_clinics.csv,455,ATHENA_CLINICS,137772,266bd7248b61174aaf79aba80f1691860d52925358df4aa21852b09784496e59,LINKED,,F,,65+,,520,
batch_001,encounters_athena_clinics.csv,456,ATHENA_CLINICS,134858,402e27938409db6a09deb17520b41e6edf116e8b9910da7e893e54c7ffdb2955,LINKED,,F,,65+,,532,
batch_001,encounters_athena_clinics.csv,457,ATHENA_CLINICS,104167,1746b8550de16a020206bd5374a50646e1686d58a9f234783ec2fbc522bf0ab5,LINKED,,M,,40-64,,520,
batch_001,encounters_athena_clinics.csv,458,ATHENA_CLINICS,132704,0bc4c24c06e79332bedaa5d38ceab8d0812c15b03893e88542fa3e468f87c412,LINKED,,M,,40-64,,524,
batch_001,encounters_athena_clinics.csv,459,ATHENA_CLINICS,123498,7e7c835a2b8fef1d18a339e9f65d4a1dbd88aa7ea5d6a2a6827e747fd494b787,LINKED,,M,,40-64,,524,
batch_001,encounters_athena_clinics.csv,460,ATHENA_CLINICS,136067,a796ce18eca256cd8b36df934dfaf15cfa4766bec0bb3ede24b7383903147ea6,LINKED,,F,,18-39,,532,
batch_001,encounters_athena_clinics.csv,461,ATHENA_CLINICS,132172,70d23d78b5c2962372b765f321abb22abda3833d1f49217ede6d01fbf9e2e384,LINKED,,F,,40-64,,532,
batch_001,encounters_athena_clinics.csv,462,ATHENA_CLINICS,114074,532c917143e2cbdaf2488d5f8444e60112699cfcddcc15908e08c0e151e7ca3c,LINKED,,M,,65+,,543,
batch_001,encounters_athena_clinics.csv,463,ATHENA_CLINICS,125003,4b1c82d0d130620b04e44fc19646d206b6e7d5804290083abd4b701b9a4a6c71,LINKED,,M,,40-64,,520,
batch_001,encounters_athena_clinics.csv,464,ATHENA_CLINICS,115340,469000cc7eceff751707ebb9793762b19b20ea8d74e076461b6f428ba33c3644,LINKED,,M,,40-64,,531,
batch_001,encounters_athena_clinics.csv,465,ATHENA_CLINICS,118236,fb241f3bd2569f3a673e4a21cecfc15475ff517615cd2e8d13a683b1268179e7,LINKED,,F,,40-64,,531,
batch_001,encounters_athena_clinics.csv,466,ATHENA_CLINICS,103335,ac528e4d4797af86e133c763f389cfa8977cce5ab493338c04c0814e2820fb30,LINKED,,F,,65+,,541,
batch_001,encounters_athena_clinics.csv,467,ATHENA_CLINICS,122174,8342ecb05f439b9fde39ed5c1a5dd565f991d94682a6e161e4b3e6b0546fd0fe,LINKED,,F,,40-64,,531,
batch_001,encounters_athena_clinics.csv,468,ATHENA_CLINICS,122534,2aba48da8bdb0ba888c05d77d86538f0db8ecab577020f96fe32424e7ba531c2,LINKED,,M,,65+,,537,
batch_001,encounters_athena_clinics.csv,469,ATHENA_CLINICS,119349,5d8806d882c961df870145c68b428ba613e97ac5477142ecc698c3bdec6af325,LINKED,,F,,65+,,524,
batch_001,encounters_athena_clinics.csv,470,ATHENA_CLINICS,129389,bcd75a502f539f9ffe590c905464fd8960eb9efc87332855848f64409ee434b1,LINKED,,F,,40-64,,611,
batch_001,encounters_athena_clinics.csv,471,ATHENA_CLINICS,126317,ef5cdd6998cd2b085758e2491cecedb71134acf64a398059dbfe9a2d91d9ce9b,LINKED,,F,,40-64,,524,
batch_001,encounters_athena_clinics.csv,472,ATHENA_CLINICS,106663,129401aaaede89e5a1799147747099c96706f733801efe7245c3793a78214e83,LINKED,,M,,40-64,,524,
batch_001,encounters_athena_clinics.csv,473,ATHENA_CLINICS,104037,4fddc0238298c5d4228bb597c97a4545b2e203d838a11b1f85d343b15583ed37,LINKED,,F,,40-64,,532,
batch_001,encounters_athena_clinics.csv,474,ATHENA_CLINICS,119103,78e45f0a7184759025c720321173d99ffa476f4d2b30a01f18649baede771045,LINKED,,F,,40-64,,537,
batch_001,encounters_athena_clinics.csv,475,ATHENA_CLINICS,122562,fff455ff80881fa2ffc2e2765fcfd775d1d4ea4c3b2a9a91943c9abd1f70a2cf,LINKED,,F,,40-64,,524,
batch_001,encounters_athena_clinics.csv,476,ATHENA_CLINICS,134603,a8395f139212be054f58ffeaed07c1a2e4c969ea37f783f893adb98e093c6af3,LINKED,,M,,40-64,,524,
batch_001,encounters_athena_clinics.csv,477,ATHENA_CLINICS,114360,50316e7bcad0865dd01e574907387e2377ef7a1064a4e31b5588b05636269029,LINKED,,F,,40-64,,541,
batch_001,encounters_athena_clinics.csv,478,ATHENA_CLINICS,113101,75cf13576a56f35baeae0b2ab5de79d4f8d9cc24364cad389000587d57ef5c8c,LINKED,,F,,40-64,,524,
batch_001,encounters_athena_clinics.csv,479,ATHENA_CLINICS,135506,11cd28a8207840b9ba78b4db96cff0a18d5d07f88535218ee50dbca0138e5f85,LINKED,,M,,18-39,,537,
batch_001,encounters_athena_clinics.csv,480,ATHENA_CLINICS,138070,c4a84863d0e9628342a33c382001221eef9c1a21eb5e7890dda4fe9697e1b810,LINKED,,M,,65+,,524,
batch_001,encounters_athena_clinics.csv,481,ATHENA_CLINICS,138335,11f5f8d04a20e769f9ad324e92b976e2bd64f3ea8ffaaa7f21330fdaee7fab23,LINKED,,M,,65+,,532,
batch_001,encounters_athena_clinics.csv,482,ATHENA_CLINICS,120415,89843194047ef6815dd7879eb3e34941079a9193ed8f668733da0e6d0f14fd6e,LINKED,,M,,40-64,,543,
batch_001,encounters_athena_clinics.csv,483,ATHENA_CLINICS,130027,e777566353b8553a1412160d3f275dd8af763e619ee158bd581572dfb3b61201,LINKED,,F,,65+,,537,
batch_001,encounters_athena_clinics.csv,484,ATHENA_CLINICS,115083,4be35dc267356777d72b51cf9a1336a5d4375cbdfb86fb0c3ba43f565984f27c,LINKED,,F,,65+,,531,
batch_001,encounters_athena_clinics.csv,485,ATHENA_CLINICS,106733,2291d45abdf5ae64efe5bbfe170178aa5a507d9a921b83d0cc9ddf8c852849ef,LINKED,,F,,65+,,543,
batch_001,encounters_athena_clinics.csv,486,ATHENA_CLINICS,107766,c6cda1df38827a4d7a71172e935e5af853a8914605dc8e25e3944b2c5cb40039,LINKED,,F,,65+,,531,
batch_001,encounters_athena_clinics.csv,487,ATHENA_CLINICS,135849,b56c8d909bedbd222a0e17bd49319815e292608b8a624dca8c41e712b9f13031,LINKED,,M,,40-64,,524,
batch_001,encounters_athena_clinics.csv,488,ATHENA_CLINICS,114668,cd5f3dea1f578df2af474bca5a7034b7de9956c68512f7effb90bbee6a4d1a70,LINKED,,M,,65+,,524,
batch_001,encounters_athena_clinics.csv,489,ATHENA_CLINICS,100490,a93aeef597f1fa17baaf3ccbe7bb61a593ef5693ea11dc1a1b91077e40a84ce3,LINKED,,F,,40-64,,524,
batch_001,encounters_athena_clinics.csv,490,ATHENA_CLINICS,137434,a229e56574aee3e0f23af28ef55056a042c589a470bfe0fdc295bc0e45eb428a,LINKED,,M,,40-64,,532,
batch_001,encounters_athena_clinics.csv,491,ATHENA_CLINICS,101158,ba797391ce666242564d74c3a6892aebf0277b4679494e458e77c8f904cf531b,LINKED,,M,,65+,,532,
batch_001,encounters_athena_clinics.csv,492,ATHENA_CLINICS,110353,11f5f8d04a20e769f9ad324e92b976e2bd64f3ea8ffaaa7f21330fdaee7fab23,LINKED,,M,,65+,,532,
batch_001,encounters_athena_clinics.csv,493,ATHENA_CLINICS,139639,0ff2a16cdd3b7ab0e5d0c73eb4c1e94774344164eaa565610d9ec9edfc2b810b,LINKED,,F,,18-39,,543,
batch_001,encounters_athena_clinics.csv,494,ATHENA_CLINICS,120413,7b3777721223b93d78975e7279a1a459296d0586a77a1a3495aae86b058c9af8,LINKED,,M,,65+,,537,
batch_001,encounters_athena_clinics.csv,495,ATHENA_CLINICS,125984,6549108b576c1b57178e332cb6e7c9edc23dafe4fcd139907c80f16e8493fdef,LINKED,,M,,65+,,520,
batch_001,encounters_athena_clinics.csv,496,ATHENA_CLINICS,129335,e4e5acf3112b8aee492a71ce95dda71b53d67f9c82e7bdae6c30085b7cb6bfdf,LINKED,,F,,40-64,,532,
batch_001,encounters_athena_clinics.csv,497,ATHENA_CLINICS,125058,3ca3cdb0636f1ecf0806752ab2bb68a44af7523b1005a20af33aa0026d88e151,LINKED,,F,,65+,,532,
batch_001,encounters_athena_clinics.csv,498,ATHENA_CLINICS,129445,e65466716147124a15ceb78304a512eb323b9431cff6145829f9dca44ce17258,LINKED,,M,,UNKNOWN,AGE_BAND_ADMIT_UNAVAILABLE,541,
batch_001,encounters_athena_clinics.csv,499,ATHENA_CLINICS,126838,e675c29592dc57db66c1b42ffcd5521ade0f0e3a9e0bfb9820d4b85201bf807e,LINKED,,M,,0-17,,537,
batch_001,encounters_athena_clinics.csv,500,ATHENA_CLINICS,124062,6bb5f322f82ba8f52d959c0e499efa77149bc6ed9976828dcab67a51291ac066,LINKED,,F,,40-64,,520,
batch_001,encounters_athena_clinics.csv,501,ATHENA_CLINICS,135097,afe4e90c76d6a3c3dfb0b6d6666b841d0d88fc54dfa3851b7f65e183bdedd46c,LINKED,,F,,40-64,,520,
batch_001,encounters_athena_clinics.csv,502,ATHENA_CLINICS,134891,1f1d4406a6f38fa6b7ff4f3f70fbe8a3abc83407120ccb10848d31c6f6625183,LINKED,,M,,40-64,,524,
batch_001,encounters_athena_clinics.csv,503,ATHENA_CLINICS,107351,73b0159886a92d7e1faf6057306c6a9ffc3b7d6d54c81b851e106a44319a180f,LINKED,,M,,0-17,,531,
batch_001,encounters_athena_clinics.csv,504,ATHENA_CLINICS,134806,66503c799ad9b789eb446f7bb90cf525d1a0ae5ea0d906ac05915a860ab5725f,LINKED,,F,,40-64,,543,
batch_001,encounters_athena_clinics.csv,505,ATHENA_CLINICS,110859,5377356d5d63269d2a27ad21e544bf986b6fa84df35283c29f2dfd79eab85e3f,LINKED,,F,,40-64,,531,
batch_001,encounters_athena_clinics.csv,506,ATHENA_CLINICS,114772,faf60aaef82f9fce0f4f101aabc9c9f9e5acf00d17b9cd921376f5f1fc1e520e,LINKED,,M,,40-64,,543,
batch_001,encounters_athena_clinics.csv,507,ATHENA_CLINICS,106713,76ba7b720cf1a7fe0e5ad307a164fdf0dd2328cee7a2fe04682199925adbdf76,LINKED,,F,,65+,,524,
batch_001,encounters_athena_clinics.csv,508,ATHENA_CLINICS,136591,fb63c31909cb207589c26f34b58d43dd5728cce75cd279d6110fccecab0f6c71,LINKED,,M,,40-64,,520,
batch_001,encounters_athena_clinics.csv,509,ATHENA_CLINICS,115627,d6368cebfdb34f4c2853ce658efdd6d76e090b0bfe77333de1844c0f18fb0262,LINKED,,F,,40-64,,520,
batch_001,encounters_athena_clinics.csv,510,ATHENA_CLINICS,126179,426f47473a38e51553a01869fb06c87c7cdb1d4a7d2f5f0408c3cd539c5e47ee,LINKED,,F,,40-64,,524,
batch_001,encounters_athena_clinics.csv,511,ATHENA_CLINICS,138669,262801407bc8e93b840fa60edefb02d14bc94def87a85d443dc595fe01b2e7d1,LINKED,,M,,40-64,,524,
batch_001,encounters_athena_clinics.csv,512,ATHENA_CLINICS,138668,f47fa1489b9621d0164cceef7b6753be8d8bf455b322a01a5bdea83a75204439,UNLINKED,PATIENT_UNLINKED_NO_DOB,M,,UNKNOWN,AGE_BAND_DOB_UNAVAILABLE,524,
batch_001,encounters_athena_clinics.csv,513,ATHENA_CLINICS,136856,0dc4e8fff52d4c2f34bd252948456008dc0fede8280ac3f33bd68f3d7f1b0c3b,LINKED,,F,,UNKNOWN,AGE_BAND_ADMIT_UNAVAILABLE,520,
batch_001,encounters_athena_clinics.csv,514,ATHENA_CLINICS,128208,1ec8f79d559229843e03cb9f68cd320295cab41a3f93e12b5de1d3384e4b8955,LINKED,,M,,65+,,520,
batch_001,encounters_athena_clinics.csv,515,ATHENA_CLINICS,127997,50316e7bcad0865dd01e574907387e2377ef7a1064a4e31b5588b05636269029,LINKED,,F,,40-64,,541,
batch_001,encounters_athena_clinics.csv,516,ATHENA_CLINICS,127492,66017a60ebb5199ec76f568ed7bc12c35b0d097001262aadc0d7fcdda3d48eb4,LINKED,,F,,18-39,,531,
batch_001,encounters_athena_clinics.csv,517,ATHENA_CLINICS,123072,426f47473a38e51553a01869fb06c87c7cdb1d4a7d2f5f0408c3cd539c5e47ee,LINKED,,F,,40-64,,524,
batch_001,encounters_athena_clinics.csv,518,ATHENA_CLINICS,129763,c14b0ab46bd84e2e73235c2a02aa42f238ee49711f252edc1edb4b6f57196b45,LINKED,,M,,65+,,543,
batch_001,encounters_athena_clinics.csv,519,ATHENA_CLINICS,122157,774510af7e697d2f275112648e928456ea7c9d7c28fb899790135ea9ba813dec,LINKED,,F,,40-64,,520,
batch_001,encounters_athena_clinics.csv,520,ATHENA_CLINICS,119992,aa38a1c923eb364a7519c4c6b5cc470f7e07e1ca18a1706ae4184683cf82bf96,LINKED,,M,,40-64,,520,
batch_001,encounters_athena_clinics.csv,521,ATHENA_CLINICS,130074,494174e1f442831defbdd46d349923ea5958648953267ac18c57541cdae1d952,LINKED,,M,,40-64,,543,
batch_001,encounters_athena_clinics.csv,522,ATHENA_CLINICS,134200,d1eaad60c011202954286668d4baef77e878df0471fc36115f2105863360fd01,LINKED,,F,,18-39,,537,
batch_001,encounters_athena_clinics.csv,523,ATHENA_CLINICS,121266,50316e7bcad0865dd01e574907387e2377ef7a1064a4e31b5588b05636269029,LINKED,,F,,40-64,,541,
batch_001,encounters_athena_clinics.csv,524,ATHENA_CLINICS,108136,63782d819b30874b508e9919b70205395620cc4c75b63c7cc6506255bcd655ad,LINKED,,M,,65+,,524,
batch_001,encounters_athena_clinics.csv,525,ATHENA_CLINICS,139325,68a5c60fb262a1835b394e6d40104c7d75f3e4725d85e4e6118f6cd8ef015ee9,LINKED,,F,,65+,,524,
batch_001,encounters_athena_clinics.csv,526,ATHENA_CLINICS,132715,8a6458ab2827c9c7a42b7ba341a5ea77ba9d2d38383df11afe68a504243e67f0,LINKED,,M,,40-64,,537,
batch_001,encounters_athena_clinics.csv,527,ATHENA_CLINICS,116744,e4e5acf3112b8aee492a71ce95dda71b53d67f9c82e7bdae6c30085b7cb6bfdf,LINKED,,F,,40-64,,532,
batch_001,encounters_athena_clinics.csv,528,ATHENA_CLINICS,124106,df7ce2a1a3b7c0986c53b7d8fe084f437ec80496594ea0272b537c36f5e795d8,LINKED,,F,,18-39,,524,
batch_001,encounters_athena_clinics.csv,529,ATHENA_CLINICS,102691,baf35add2c86a20030e4f9e4649d985c73985c574d5a5b775c766d2092a34c54,LINKED,,F,,40-64,,524,
batch_001,encounters_athena_clinics.csv,530,ATHENA_CLINICS,133166,9a0046f39751996b9d3be975139643aecc160b4d263f126963f9943a6f9e7890,LINKED,,M,,65+,,524,
batch_001,encounters_athena_clinics.csv,531,ATHENA_CLINICS,105332,6579d88d605b7ef4b1fd0f0c08c975853804c5a969ba330b38e1fb138bb87fb2,LINKED,,F,,40-64,,537,
batch_001,encounters_athena_clinics.csv,532,ATHENA_CLINICS,126106,78c40befafdccbeb2b7ba4933e10ccad74446907b3dd909d41c9d3b781324f1c,LINKED,,M,,65+,,541,
batch_001,encounters_athena_clinics.csv,533,ATHENA_CLINICS,116035,349bb29751a6e360becf6b1c751f1eeba724069314475b15c88f1a508ecb6144,LINKED,,F,,40-64,,524,
batch_001,encounters_athena_clinics.csv,534,ATHENA_CLINICS,122419,b821af7372f351212514d6476da9e64e4b1cca070593d60f1fd3d1e55062cd68,LINKED,,F,,18-39,,532,
batch_001,encounters_athena_clinics.csv,535,ATHENA_CLINICS,116170,7e7c835a2b8fef1d18a339e9f65d4a1dbd88aa7ea5d6a2a6827e747fd494b787,LINKED,,M,,40-64,,524,
batch_001,encounters_athena_clinics.csv,536,ATHENA_CLINICS,131022,a9d201e8c82c33aaa972e9ebe17546e8fdc89f14ebab1a9c6dbc087b18ac7696,LINKED,,F,,65+,,537,
batch_001,encounters_athena_clinics.csv,537,ATHENA_CLINICS,133385,664f3be12f6185c007df190379b12642e4566fb0e8eb866b749c903d8269f976,LINKED,,M,,40-64,,524,
batch_001,encounters_athena_clinics.csv,538,ATHENA_CLINICS,125798,7484ea6f5d67bde833e59c8919e6d238a7fff2f3356ae906966406c66dbf3c96,LINKED,,F,,18-39,,520,
batch_001,encounters_athena_clinics.csv,539,ATHENA_CLINICS,128378,c6cda1df38827a4d7a71172e935e5af853a8914605dc8e25e3944b2c5cb40039,LINKED,,F,,65+,,531,
batch_001,encounters_athena_clinics.csv,540,ATHENA_CLINICS,131723,be3b5286b7c1f158295b0171889197b581686cce8129d0f28f9d379f1c3b4671,LINKED,,M,,18-39,,524,
batch_001,encounters_athena_clinics.csv,541,ATHENA_CLINICS,114354,61051b8c88c4090a425f9bc53c4aef53b640ed2a755f8e3f60545e2a651db025,LINKED,,M,,65+,,524,
batch_001,encounters_athena_clinics.csv,542,ATHENA_CLINICS,123927,881163f9595761cfe73e86800eadad3182bee37aff890f4f50b995779a01d6c0,LINKED,,M,,40-64,,520,
batch_001,encounters_athena_clinics.csv,543,ATHENA_CLINICS,136719,d8f6db0ceea761a1001f08f1a99277c18e28a62661e2269f9471bafc938e7136,LINKED,,M,,65+,,531,
batch_001,encounters_athena_clinics.csv,544,ATHENA_CLINICS,132806,9a5f574473a67eca784ba91e0e6d6ae207ea3cfc361f20d15f243b8161ea03d2,LINKED,,M,,40-64,,531,
batch_001,encounters_athena_clinics.csv,545,ATHENA_CLINICS,115642,0bd53c602dd14429b5a34ba989d186e76149b367eb3fb99dfe7a4da950ed2c1c,LINKED,,F,,40-64,,541,
batch_001,encounters_athena_clinics.csv,546,ATHENA_CLINICS,129230,3f2ae8c5da48f6cb2a5f80edae553e7e8cc203f8b344e7d63d081d892ff88fbd,LINKED,,M,,40-64,,541,
batch_001,encounters_athena_clinics.csv,547,ATHENA_CLINICS,111401,022ca5e29860b93259cf6bffaa4202a327015a375a9204daad751de23f2dde40,LINKED,,M,,65+,,537,
batch_001,encounters_athena_clinics.csv,548,ATHENA_CLINICS,136207,b964860af8b7bd10b6127f012c4ec5dc2285a0d4d2c4a3adbeaef172fb3c4d09,LINKED,,M,,65+,,532,
batch_001,encounters_athena_clinics.csv,549,ATHENA_CLINICS,108513,3fa851421a8b51be7ce66acba511b59ef40a543021cebfc4625f7e363ba3a4cd,LINKED,,F,,65+,,541,
batch_001,encounters_athena_clinics.csv,550,ATHENA_CLINICS,119278,46ca4dc96f019bc5536dc1a060373f2c355325c0f0eb1c7314bbcc09f6bb66e5,LINKED,,M,,65+,,537,
batch_001,encounters_athena_clinics.csv,551,ATHENA_CLINICS,133902,c53d3b2e0585205d791b31e92ef1c38f4b5cbf9c0d70b7959ff67c9a640d7a8a,LINKED,,M,,40-64,,520,
batch_001,encounters_athena_clinics.csv,552,ATHENA_CLINICS,136412,c7ab164f3578bf6b729a101b9a5895a603f2f13e2176815b4630060b568f4927,LINKED,,M,,40-64,,524,
batch_001,encounters_athena_clinics.csv,553,ATHENA_CLINICS,114673,25c0d26abbc25a8366228c7fc693105832e23fda7d5551109b3d525526b2607d,LINKED,,M,,18-39,,541,
batch_001,encounters_athena_clinics.csv,554,ATHENA_CLINICS,137744,baf35add2c86a20030e4f9e4649d985c73985c574d5a5b775c766d2092a34c54,LINKED,,F,,40-64,,524,
batch_001,encounters_athena_clinics.csv,555,ATHENA_CLINICS,102346,3cc482660bc942a6861dca779ef1e034da17a6dbc29891fae137401432738e6d,LINKED,,M,,40-64,,531,
batch_001,encounters_athena_clinics.csv,556,ATHENA_CLINICS,116904,16a7c4ccb5b9e46323f76f1a5450ade612a99d3c996554b3892269fda19dde99,LINKED,,F,,40-64,,524,
batch_001,encounters_athena_clinics.csv,557,ATHENA_CLINICS,117733,5ae22d4e1014608f349b7c6a58d2f310579d8219b53b7f52347b73585ad9983a,LINKED,,F,,18-39,,541,
batch_001,encounters_athena_clinics.csv,558,ATHENA_CLINICS,124865,4ee83bb8fcd4aca6b7afccffdc111b71d79a351a91a08ab48b77a881ee036aa5,LINKED,,F,,18-39,,520,
batch_001,encounters_athena_clinics.csv,559,ATHENA_CLINICS,114561,f47fa1489b9621d0164cceef7b6753be8d8bf455b322a01a5bdea83a75204439,UNLINKED,PATIENT_UNLINKED_NO_DOB,M,,UNKNOWN,AGE_BAND_DOB_UNAVAILABLE,524,
batch_001,encounters_athena_clinics.csv,560,ATHENA_CLINICS,111383,352532b8bc2196693b12ef7db9d712af8b87b479691a6cecc7cf500a14887766,LINKED,,F,,40-64,,537,
batch_001,encounters_athena_clinics.csv,561,ATHENA_CLINICS,113864,5ae22d4e1014608f349b7c6a58d2f310579d8219b53b7f52347b73585ad9983a,LINKED,,F,,18-39,,541,
batch_001,encounters_athena_clinics.csv,562,ATHENA_CLINICS,139109,53cf740aa2f1e5ddc68cebfaccb2e005d26c4a39b164b010e06e8457cc11494f,LINKED,,F,,40-64,,541,
batch_001,encounters_athena_clinics.csv,563,ATHENA_CLINICS,110098,fc918094b2678d201129bbffef2ec4c7291fc53d7fa90a51b100a6e75d405742,LINKED,,M,,65+,,531,
batch_001,encounters_athena_clinics.csv,564,ATHENA_CLINICS,117146,2913a5696723f4057d5c6f98f3c1deef3cfdfa7b4043dd389e5537f510cc7d99,LINKED,,M,,40-64,,531,
batch_001,encounters_athena_clinics.csv,565,ATHENA_CLINICS,134226,75cf13576a56f35baeae0b2ab5de79d4f8d9cc24364cad389000587d57ef5c8c,LINKED,,F,,40-64,,524,
batch_001,encounters_athena_clinics.csv,566,ATHENA_CLINICS,128907,6b81c0cd99f1aa1dfd4bf5bcaa672962c474083db07c49a0a959215934e92420,LINKED,,M,,65+,,520,
batch_001,encounters_athena_clinics.csv,567,ATHENA_CLINICS,113312,89843194047ef6815dd7879eb3e34941079a9193ed8f668733da0e6d0f14fd6e,LINKED,,M,,40-64,,543,
batch_001,encounters_athena_clinics.csv,568,ATHENA_CLINICS,130578,a2066fdbe0913f6a09fbfdc4c7b687bab993b21bd1d3b108f577f33d8f3dfb1c,LINKED,,M,,18-39,,543,
batch_001,encounters_athena_clinics.csv,569,ATHENA_CLINICS,107326,f3d867eba4de75fd5035e8a0e6c1f977684f4f49d09d9f57f5f0cbc7f05e8666,LINKED,,F,,65+,,531,
batch_001,encounters_athena_clinics.csv,570,ATHENA_CLINICS,128251,c7ab164f3578bf6b729a101b9a5895a603f2f13e2176815b4630060b568f4927,LINKED,,M,,40-64,,524,
batch_001,encounters_athena_clinics.csv,571,ATHENA_CLINICS,130531,55917b1cb33d206446973565e21f1dcccfafa467973e158cbfea73c40124845a,LINKED,,M,,40-64,,543,
batch_001,encounters_athena_clinics.csv,572,ATHENA_CLINICS,131654,7606b44faee793109404e605af8c4b09a79c12564ff76be3c88abbd23fb55ddc,LINKED,,F,,18-39,,520,
batch_001,encounters_athena_clinics.csv,573,ATHENA_CLINICS,113670,6c0e5303eaf144ad77cc3faf748e1f0c12707ddedba16c9a30e3882cc8d1507c,LINKED,,M,,40-64,,524,
batch_001,encounters_athena_clinics.csv,574,ATHENA_CLINICS,102117,43eb85e84d6e02d90e6aa84f8b84b39b22811307f08316a60ae7c777b1f017e9,LINKED,,F,,65+,,524,
batch_001,encounters_athena_clinics.csv,575,ATHENA_CLINICS,123060,666f68bca704e5cdf884793a8554791e29216fb63f0c6c7b8637c99dc9ad02f2,LINKED,,M,,65+,,524,
batch_001,encounters_athena_clinics.csv,576,ATHENA_CLINICS,121242,8117f5f26e4411b536fc1e43978af5abd443d46e75550f96f27dc4b59112bf56,LINKED,,M,,65+,,524,
batch_001,encounters_athena_clinics.csv,577,ATHENA_CLINICS,123906,4b585397b7687c88503e8c1dc0cd90d1996300b4da48c0072690022b0ddf3f29,LINKED,,F,,18-39,,537,
batch_001,encounters_athena_clinics.csv,578,ATHENA_CLINICS,119512,308de212542056892a11c6a36686b41af9f420d46547871bb9c840cca89861d9,LINKED,,F,,40-64,,520,
batch_001,encounters_athena_clinics.csv,579,ATHENA_CLINICS,103926,42abc802a7d49602b5224f92666cdc38efb67dbf53448a9274bd0f758836b9cd,LINKED,,F,,40-64,,524,
batch_001,encounters_athena_clinics.csv,580,ATHENA_CLINICS,117378,87e5964bcb3d3bf0bb78962d932134aa3a16c67a7c444144a7161bb57845b598,LINKED,,M,,40-64,,524,
batch_001,encounters_athena_clinics.csv,581,ATHENA_CLINICS,123664,06bf7a1d03ddebabb1547089018afcf769861c2a1c07eb4c3234771be410b89b,LINKED,,F,,40-64,,524,
batch_001,encounters_athena_clinics.csv,582,ATHENA_CLINICS,126725,9d3919502b2f5cc86510411fe63bab71eb47c6cfd5cf64e429c7b051cb1cf646,LINKED,,F,,40-64,,532,
batch_001,encounters_athena_clinics.csv,583,ATHENA_CLINICS,134657,24f343919e67f80ecef63893b4a3b170ea12745fe934148d736661af1a3eae15,LINKED,,F,,40-64,,537,
batch_001,encounters_athena_clinics.csv,584,ATHENA_CLINICS,113630,664f3be12f6185c007df190379b12642e4566fb0e8eb866b749c903d8269f976,LINKED,,M,,40-64,,524,
batch_001,encounters_athena_clinics.csv,585,ATHENA_CLINICS,125942,9e60969ca059707139c86fc2416c5cdd22a3eed6e9ff6ebba3774622cf6f9877,LINKED,,M,,40-64,,537,
batch_001,encounters_athena_clinics.csv,586,ATHENA_CLINICS,102685,f5809453db9a16ce910623d488f59d5c333a80c5e992300dc70e408f5fb9fc54,LINKED,,M,,40-64,,541,
batch_001,encounters_athena_clinics.csv,587,ATHENA_CLINICS,123360,43eb85e84d6e02d90e6aa84f8b84b39b22811307f08316a60ae7c777b1f017e9,LINKED,,F,,65+,,524,
batch_001,encounters_athena_clinics.csv,588,ATHENA_CLINICS,127393,a796ce18eca256cd8b36df934dfaf15cfa4766bec0bb3ede24b7383903147ea6,LINKED,,F,,18-39,,532,
batch_001,encounters_athena_clinics.csv,589,ATHENA_CLINICS,112236,51795f678008129a9ad0a54945f17ee260ea8791d3bf8a3600d3c32356246c96,UNLINKED,PATIENT_UNLINKED_NO_DOB,F,,UNKNOWN,AGE_BAND_DOB_UNAVAILABLE,531,
batch_001,encounters_athena_clinics.csv,590,ATHENA_CLINICS,130568,8a6458ab2827c9c7a42b7ba341a5ea77ba9d2d38383df11afe68a504243e67f0,LINKED,,M,,18-39,,537,
batch_001,encounters_athena_clinics.csv,591,ATHENA_CLINICS,102921,1f1d4406a6f38fa6b7ff4f3f70fbe8a3abc83407120ccb10848d31c6f6625183,LINKED,,M,,40-64,,524,
batch_001,encounters_athena_clinics.csv,592,ATHENA_CLINICS,136110,908e805eb08531dda98f6e53a4fa1ac9476988cb60ad77d075f97628c99794fb,LINKED,,M,,40-64,,541,
batch_001,encounters_athena_clinics.csv,593,ATHENA_CLINICS,136563,43b3f009fa0201fd8d8216e30fa1552c37056453a3a3e63226f14586ffe176da,LINKED,,F,,65+,,537,
batch_001,encounters_athena_clinics.csv,594,ATHENA_CLINICS,132501,5aa5c198865edabd2e0e76d4b25003e00d52c65ba28c9e3e0c91b398f59ec0e3,LINKED,,M,,40-64,,531,
batch_001,encounters_athena_clinics.csv,595,ATHENA_CLINICS,127998,ef5cdd6998cd2b085758e2491cecedb71134acf64a398059dbfe9a2d91d9ce9b,LINKED,,F,,40-64,,524,
batch_001,encounters_athena_clinics.csv,596,ATHENA_CLINICS,113051,99d7f43b02b9fd4fc003b4364f48754b94e7ad4f4dd2c247b05ef01618c28a04,LINKED,,M,,40-64,,532,
batch_001,encounters_athena_clinics.csv,597,ATHENA_CLINICS,109042,3efbbab0772c7a018c5bc3ea0dbaef3fbec3dfc51148e0ec14973fcf7bab85a8,LINKED,,F,,40-64,,537,
batch_001,encounters_athena_clinics.csv,598,ATHENA_CLINICS,133268,195c5beac9dd15e07b606828ce98461bc622a9518aadd3339423118d81db99e8,LINKED,,F,,40-64,,543,
batch_001,encounters_athena_clinics.csv,599,ATHENA_CLINICS,116289,3ca3cdb0636f1ecf0806752ab2bb68a44af7523b1005a20af33aa0026d88e151,LINKED,,F,,65+,,532,
batch_001,encounters_athena_clinics.csv,600,ATHENA_CLINICS,111311,7eeae86c35604f96de1c929b57350a6e43bc16579d705217044af50c69b1b8c4,LINKED,,F,,18-39,,532,
batch_001,encounters_athena_clinics.csv,601,ATHENA_CLINICS,103669,0c66cd7b759ecc5116cb4b65c95ddde9e3d2d40c038e92398967a14dc8855dee,LINKED,,F,,40-64,,543,
batch_001,encounters_athena_clinics.csv,602,ATHENA_CLINICS,119824,e0ac13edc1861d955ee34dd503a5e4855f35bcbb52fa730ff5a6355ff6855eea,LINKED,,F,,40-64,,531,
batch_001,encounters_athena_clinics.csv,603,ATHENA_CLINICS,134318,23b3558cc023055f65025db67ce80bee37e15a4954a7f38ff716b218f7fde9d9,LINKED,,M,,40-64,,520,
batch_001,encounters_athena_clinics.csv,604,ATHENA_CLINICS,104640,9d3919502b2f5cc86510411fe63bab71eb47c6cfd5cf64e429c7b051cb1cf646,LINKED,,F,,40-64,,532,
batch_001,encounters_athena_clinics.csv,605,ATHENA_CLINICS,138311,d243ffeccc7554237b8da4eb44df3623d47c70c5895f194411537199e5f3ecd6,LINKED,,M,,40-64,,532,
batch_001,encounters_athena_clinics.csv,606,ATHENA_CLINICS,126843,3cc482660bc942a6861dca779ef1e034da17a6dbc29891fae137401432738e6d,LINKED,,M,,40-64,,531,
batch_001,encounters_athena_clinics.csv,607,ATHENA_CLINICS,136952,57a21b849cb9dc8863fa8727099e9412fa55d7bf4104c6b6d99dcb88d82ab1f6,LINKED,,M,,40-64,,524,
batch_001,encounters_athena_clinics.csv,608,ATHENA_CLINICS,110477,24f343919e67f80ecef63893b4a3b170ea12745fe934148d736661af1a3eae15,LINKED,,F,,40-64,,537,
batch_001,encounters_athena_clinics.csv,609,ATHENA_CLINICS,118869,2ebd788be7dfc3f9fe037affa31b3965d06cae0be1e1a6da33f519627ec85ba7,LINKED,,F,,65+,,537,
batch_001,encounters_athena_clinics.csv,610,ATHENA_CLINICS,123393,53b4424fc6aef56f841ff6becce1d3f893f06e7980918e474656c6b8a7032ce0,LINKED,,F,,18-39,,532,
batch_001,encounters_athena_clinics.csv,611,ATHENA_CLINICS,116676,5377356d5d63269d2a27ad21e544bf986b6fa84df35283c29f2dfd79eab85e3f,LINKED,,F,,40-64,,531,
batch_001,encounters_athena_clinics.csv,612,ATHENA_CLINICS,128304,c14b0ab46bd84e2e73235c2a02aa42f238ee49711f252edc1edb4b6f57196b45,LINKED,,M,,65+,,543,
batch_001,encounters_athena_clinics.csv,613,ATHENA_CLINICS,128762,dfcc638e5ccfab2b9fa8808f5cced082d9b32404e16f1256aa146764edff3c61,LINKED,,M,,18-39,,532,
batch_001,encounters_athena_clinics.csv,614,ATHENA_CLINICS,105434,5aa5c198865edabd2e0e76d4b25003e00d52c65ba28c9e3e0c91b398f59ec0e3,LINKED,,M,,40-64,,531,
batch_001,encounters_athena_clinics.csv,615,ATHENA_CLINICS,110459,a229e56574aee3e0f23af28ef55056a042c589a470bfe0fdc295bc0e45eb428a,LINKED,,M,,40-64,,532,
batch_001,encounters_athena_clinics.csv,616,ATHENA_CLINICS,114079,9395ad15788b8f6622797dd73869fe2ed6de5edfe09ff80b1cdddd3524be9f61,LINKED,,M,,65+,,520,
batch_001,encounters_athena_clinics.csv,617,ATHENA_CLINICS,102487,0bd53c602dd14429b5a34ba989d186e76149b367eb3fb99dfe7a4da950ed2c1c,LINKED,,F,,40-64,,541,
batch_001,encounters_athena_clinics.csv,618,ATHENA_CLINICS,129972,b00fc8986bef2a410fedb9d8ed147f25cfb04f592bd443c1eb27fedceed1d35d,LINKED,,M,,40-64,,531,
batch_001,encounters_athena_clinics.csv,619,ATHENA_CLINICS,133234,2759a7d5b4e3d0737c4fa349162246eaee7796a5c38572e9462b5b87c1746aea,LINKED,,F,,18-39,,531,
batch_001,encounters_athena_clinics.csv,620,ATHENA_CLINICS,134742,25c0d26abbc25a8366228c7fc693105832e23fda7d5551109b3d525526b2607d,LINKED,,M,,18-39,,541,
batch_001,encounters_athena_clinics.csv,621,ATHENA_CLINICS,126120,352532b8bc2196693b12ef7db9d712af8b87b479691a6cecc7cf500a14887766,LINKED,,F,,40-64,,537,
batch_001,encounters_athena_clinics.csv,622,ATHENA_CLINICS,111327,4be35dc267356777d72b51cf9a1336a5d4375cbdfb86fb0c3ba43f565984f27c,LINKED,,F,,65+,,531,
batch_001,encounters_athena_clinics.csv,623,ATHENA_CLINICS,135265,3033e551586db7588177c3b72949f9ea315415a4e58ac163ea5f97a80dfd7d0f,LINKED,,F,,65+,,524,
batch_001,encounters_athena_clinics.csv,624,ATHENA_CLINICS,130026,b3009dca730eb011c8859201f7f4570367d6bbaeea2b9ff25157afd99d31a17a,LINKED,,F,,65+,,524,
batch_001,encounters_athena_clinics.csv,625,ATHENA_CLINICS,137452,df7ce2a1a3b7c0986c53b7d8fe084f437ec80496594ea0272b537c36f5e795d8,LINKED,,F,,40-64,,524,
batch_001,encounters_athena_clinics.csv,626,ATHENA_CLINICS,108348,46ca4dc96f019bc5536dc1a060373f2c355325c0f0eb1c7314bbcc09f6bb66e5,LINKED,,M,,65+,,537,
batch_001,encounters_athena_clinics.csv,627,ATHENA_CLINICS,109703,b50ca191409a9406e6fbab759b7782508d3c20185dadcbc110d977b6be689fd5,LINKED,,M,,40-64,,543,
batch_001,encounters_athena_clinics.csv,628,ATHENA_CLINICS,111011,1ec8f79d559229843e03cb9f68cd320295cab41a3f93e12b5de1d3384e4b8955,LINKED,,M,,65+,,520,
batch_001,encounters_athena_clinics.csv,629,ATHENA_CLINICS,116453,266bd7248b61174aaf79aba80f1691860d52925358df4aa21852b09784496e59,LINKED,,F,,65+,,520,
batch_001,encounters_athena_clinics.csv,630,ATHENA_CLINICS,101037,d6d99145ea67a4492aac593b342819caa9985597d50188e1d53d7dc907a97309,LINKED,,M,,18-39,,543,
batch_001,encounters_athena_clinics.csv,631,ATHENA_CLINICS,134023,7e7c835a2b8fef1d18a339e9f65d4a1dbd88aa7ea5d6a2a6827e747fd494b787,LINKED,,M,,40-64,,524,
batch_001,encounters_athena_clinics.csv,632,ATHENA_CLINICS,119809,30685b11f6e8fa14c3949e87a52aaa32fc62a1f78694adf03fa8717833bc10a0,LINKED,,M,,18-39,,531,
batch_001,encounters_athena_clinics.csv,633,ATHENA_CLINICS,111581,c6cda1df38827a4d7a71172e935e5af853a8914605dc8e25e3944b2c5cb40039,LINKED,,F,,65+,,531,
batch_001,encounters_athena_clinics.csv,634,ATHENA_CLINICS,100613,d9c8c4023d335ad6bfded1948706404413443833e4820eb253071cf19c30802c,LINKED,,F,,40-64,,520,
batch_001,encounters_athena_clinics.csv,635,ATHENA_CLINICS,119515,59e1925247801fcf4e1e449943a2cb3aac0562a5f386dacde39867febd970059,LINKED,,M,,65+,,537,
batch_001,encounters_athena_clinics.csv,636,ATHENA_CLINICS,100248,a11c2d07db81b21b40be043b4d689640ed99ba6c6af0abe83fba200b380abef3,LINKED,,F,,40-64,,520,
batch_001,encounters_athena_clinics.csv,637,ATHENA_CLINICS,103845,9693d1986e504e97255f036a9e18319a58ccfb686b6ecfced23c7d779365ef93,LINKED,,M,,65+,,531,
batch_001,encounters_athena_clinics.csv,638,ATHENA_CLINICS,108682,9011221dcfc658d0a938717af02c54fca52524b527ac9e7946dbde2ab7b3c608,LINKED,,M,,40-64,,520,
batch_001,encounters_athena_clinics.csv,639,ATHENA_CLINICS,125286,37d868cca5011c81dc48eeef33164d967c599b87716f4ee824edca342419a631,LINKED,,M,,65+,,524,
batch_001,encounters_athena_clinics.csv,640,ATHENA_CLINICS,138235,66017a60ebb5199ec76f568ed7bc12c35b0d097001262aadc0d7fcdda3d48eb4,LINKED,,F,,18-39,,531,
batch_001,encounters_athena_clinics.csv,641,ATHENA_CLINICS,104782,b50ca191409a9406e6fbab759b7782508d3c20185dadcbc110d977b6be689fd5,LINKED,,M,,40-64,,543,
batch_001,encounters_athena_clinics.csv,642,ATHENA_CLINICS,125532,53463cbb1b1e44e280d69b8af52f8f9b802c4adb6b0bc06e7d44a40ab22038a6,LINKED,,M,,18-39,,520,
batch_001,encounters_athena_clinics.csv,643,ATHENA_CLINICS,115552,3be5563a8fdc16588804f17b48b1a14723df0ce42a9b44e09dcabb1554f1e124,LINKED,,M,,65+,,531,
batch_001,encounters_athena_clinics.csv,644,ATHENA_CLINICS,132802,352532b8bc2196693b12ef7db9d712af8b87b479691a6cecc7cf500a14887766,LINKED,,F,,40-64,,537,
batch_001,encounters_athena_clinics.csv,645,ATHENA_CLINICS,122221,b50ca191409a9406e6fbab759b7782508d3c20185dadcbc110d977b6be689fd5,LINKED,,M,,40-64,,543,
batch_001,encounters_athena_clinics.csv,646,ATHENA_CLINICS,122291,ff8181d6b69cca90984cd03f2bde7f855e24210951c2cbc21edff3e3a0557f76,LINKED,,F,,65+,,543,
batch_001,encounters_athena_clinics.csv,647,ATHENA_CLINICS,129361,f0982df256debf7aca88ddeb10312fd27d68d5050bfd2b9dfb32d8fec812ffc4,LINKED,,M,,18-39,,541,
batch_001,encounters_athena_clinics.csv,648,ATHENA_CLINICS,121478,d9c8c4023d335ad6bfded1948706404413443833e4820eb253071cf19c30802c,LINKED,,F,,40-64,,520,
batch_001,encounters_athena_clinics.csv,649,ATHENA_CLINICS,122588,b278465f5956d118397f32bee7ec253a3affb6c0193d08512e2120e1dd25a5d9,LINKED,,F,,18-39,,532,
batch_001,encounters_athena_clinics.csv,650,ATHENA_CLINICS,137544,8442a212d438a4217cbf544566025a77fbb09f0a8da99b32370a5c40c645768f,LINKED,,F,,65+,,524,
batch_001,encounters_athena_clinics.csv,651,ATHENA_CLINICS,112005,1f1d4406a6f38fa6b7ff4f3f70fbe8a3abc83407120ccb10848d31c6f6625183,LINKED,,M,,40-64,,524,
batch_001,encounters_athena_clinics.csv,652,ATHENA_CLINICS,107659,984ffc626e39aaa484600024dfb8a65c5cbdce9991eeb9c6412d31b0b817f5a5,LINKED,,M,,65+,,541,
batch_001,encounters_athena_clinics.csv,653,ATHENA_CLINICS,116458,b9c818ea8e27ad546e8111acfc5d6e5432aff122faa9f5c9f60d975d7c3addeb,LINKED,,M,,40-64,,537,
batch_001,encounters_athena_clinics.csv,654,ATHENA_CLINICS,123303,61051b8c88c4090a425f9bc53c4aef53b640ed2a755f8e3f60545e2a651db025,LINKED,,M,,65+,,524,
batch_001,encounters_athena_clinics.csv,655,ATHENA_CLINICS,136299,f0a6fa0aa4b4a26187c517fdf425cf5cbe7cb4ec7f07854a21e069e4d4f147b2,LINKED,,F,,0-17,,531,
batch_001,encounters_athena_clinics.csv,656,ATHENA_CLINICS,106841,984ffc626e39aaa484600024dfb8a65c5cbdce9991eeb9c6412d31b0b817f5a5,LINKED,,M,,65+,,541,
batch_001,encounters_athena_clinics.csv,657,ATHENA_CLINICS,134305,a2ed36e0fddd6dede2cc5d168780fda1485b50553b5779cd2bee4617dd6c8588,LINKED,,M,,40-64,,524,
batch_001,encounters_athena_clinics.csv,658,ATHENA_CLINICS,128616,45281aa5880b6a51fea693e66e141b071248af52512b5bfbaedc07ff75bc9e6b,LINKED,,M,,65+,,532,
batch_001,encounters_athena_clinics.csv,659,ATHENA_CLINICS,119698,3461593a686e57b9a180ae7129fe1c9666ded87150562403b2b6f6f54231e4ab,LINKED,,F,,18-39,,541,
batch_001,encounters_athena_clinics.csv,660,ATHENA_CLINICS,107715,51795f678008129a9ad0a54945f17ee260ea8791d3bf8a3600d3c32356246c96,UNLINKED,PATIENT_UNLINKED_NO_DOB,F,,UNKNOWN,AGE_BAND_DOB_UNAVAILABLE,531,
batch_001,encounters_athena_clinics.csv,661,ATHENA_CLINICS,107569,0dc4e8fff52d4c2f34bd252948456008dc0fede8280ac3f33bd68f3d7f1b0c3b,LINKED,,F,,18-39,,520,
batch_001,encounters_athena_clinics.csv,662,ATHENA_CLINICS,116283,e0541b79238c4040a6bae3bd1e7ee789d6e64cfc59a444502fd4492d298ce872,LINKED,,M,,40-64,,520,
batch_001,encounters_athena_clinics.csv,663,ATHENA_CLINICS,139644,800e1903284e5b92e4d0c551e4490a3917ba291f81d460572e18cf84bd203505,LINKED,,F,,65+,,524,
batch_001,encounters_athena_clinics.csv,664,ATHENA_CLINICS,139250,d6368cebfdb34f4c2853ce658efdd6d76e090b0bfe77333de1844c0f18fb0262,LINKED,,F,,40-64,,520,
batch_001,encounters_athena_clinics.csv,665,ATHENA_CLINICS,131167,b2f3ae098859f7334a79af2653176e459148ea68ac19af9c6debf0fc4636147f,LINKED,,M,,40-64,,532,
batch_001,encounters_athena_clinics.csv,666,ATHENA_CLINICS,118388,ba797391ce666242564d74c3a6892aebf0277b4679494e458e77c8f904cf531b,LINKED,,M,,65+,,532,
batch_001,encounters_athena_clinics.csv,667,ATHENA_CLINICS,125043,494174e1f442831defbdd46d349923ea5958648953267ac18c57541cdae1d952,LINKED,,M,,40-64,,543,
batch_001,encounters_athena_clinics.csv,668,ATHENA_CLINICS,103568,9e16988a1d984cc9696be9ccc8a2caf09dda86c00274f283f8df91f429d4d2bd,LINKED,,F,,65+,,537,
batch_001,encounters_athena_clinics.csv,669,ATHENA_CLINICS,114955,3335d4c0d55cfd5360eb911653a987f6c5241803378dd97f0ed7d84af3e65b67,LINKED,,M,,40-64,,531,
batch_001,encounters_athena_clinics.csv,670,ATHENA_CLINICS,130775,7e7c835a2b8fef1d18a339e9f65d4a1dbd88aa7ea5d6a2a6827e747fd494b787,LINKED,,M,,40-64,,524,
batch_001,encounters_athena_clinics.csv,671,ATHENA_CLINICS,137654,af209cde404f61480ed25d9a4857d7afd44a32d677e8f8cfa1e09d43592fd2fa,LINKED,,M,,18-39,,537,
batch_001,encounters_athena_clinics.csv,672,ATHENA_CLINICS,109787,e20e94c379775d102e7a0c5899517413004be9a8137011b0be547e8c9b713da5,LINKED,,F,,40-64,,537,
batch_001,encounters_athena_clinics.csv,673,ATHENA_CLINICS,117013,dd7797a871ca9f0f062f216660eb36441026ccbbe2256ba62a34881bdedef583,LINKED,,M,,65+,,532,
batch_001,encounters_athena_clinics.csv,674,ATHENA_CLINICS,117000,42e83e53c9a1fc6560add369cb129db37e1a5e8619fd52ca1885b4dd332f11ae,LINKED,,F,,18-39,,520,
batch_001,encounters_athena_clinics.csv,675,ATHENA_CLINICS,109516,7026a774414b765d987d38f40984391543cb6b79debb1aa02bbe691ba48d97fb,LINKED,,M,,65+,,520,
batch_001,encounters_athena_clinics.csv,676,ATHENA_CLINICS,135616,3efbbab0772c7a018c5bc3ea0dbaef3fbec3dfc51148e0ec14973fcf7bab85a8,LINKED,,F,,40-64,,537,
batch_001,encounters_athena_clinics.csv,677,ATHENA_CLINICS,118863,f86690d8992be0a5024bbd7d2a95e6a60a19b452279c9929c56ee5a350181910,LINKED,,F,,65+,,520,
batch_001,encounters_athena_clinics.csv,678,ATHENA_CLINICS,125347,443a0a5388a7054493416e927ba8df9496f1355b67cdf89a84e7dae192a6d7c5,LINKED,,M,,65+,,524,
batch_001,encounters_athena_clinics.csv,679,ATHENA_CLINICS,120907,08b1ddc539912437931a1adef3921a3f074b6464e31aa7b2dd75ea07d703aa02,LINKED,,M,,40-64,,543,
batch_001,encounters_athena_clinics.csv,680,ATHENA_CLINICS,129961,0421e7cd42bfdbd98e7ad407427947465d7c3e7192dfb36604b47c3ea722c292,LINKED,,F,,18-39,,532,
batch_001,encounters_athena_clinics.csv,681,ATHENA_CLINICS,139971,be3b5286b7c1f158295b0171889197b581686cce8129d0f28f9d379f1c3b4671,LINKED,,M,,18-39,,524,
batch_001,encounters_athena_clinics.csv,682,ATHENA_CLINICS,134656,5a91ccafcfeb2ed4be55e9e5d90368e9d75e80044625dc33e289cdd30e8571b2,LINKED,,F,,18-39,,524,
batch_001,encounters_athena_clinics.csv,683,ATHENA_CLINICS,119449,11cd28a8207840b9ba78b4db96cff0a18d5d07f88535218ee50dbca0138e5f85,LINKED,,M,,18-39,,537,
batch_001,encounters_athena_clinics.csv,684,ATHENA_CLINICS,107206,26b9401e64d6929d229a651cc995e7155d5ba1216a2bfe65d4666c92fbc345d1,LINKED,,F,,18-39,,520,
batch_001,encounters_athena_clinics.csv,685,ATHENA_CLINICS,129164,4d9484d9b6e83d25471e8f29c3fe1decdfa616a9d9a6720c70125d6dd9ed6281,LINKED,,M,,18-39,,537,
batch_001,encounters_athena_clinics.csv,686,ATHENA_CLINICS,126322,15b4878f3d2d3673a2b482c8992e807728e84b20738e10b294e433a674a697cc,LINKED,,F,,40-64,,520,
batch_001,encounters_athena_clinics.csv,687,ATHENA_CLINICS,111765,6579d88d605b7ef4b1fd0f0c08c975853804c5a969ba330b38e1fb138bb87fb2,LINKED,,F,,40-64,,537,
batch_001,encounters_athena_clinics.csv,688,ATHENA_CLINICS,107234,6c0e5303eaf144ad77cc3faf748e1f0c12707ddedba16c9a30e3882cc8d1507c,LINKED,,M,,40-64,,524,
batch_001,encounters_athena_clinics.csv,689,ATHENA_CLINICS,108409,648c1977d75c7c6edd7299edede4eb41b9c39ec6ceba6abc6f36414223ab8b04,LINKED,,F,,40-64,,524,
batch_001,encounters_athena_clinics.csv,690,ATHENA_CLINICS,103705,e244c0ead0af8a7ea186a2e831c3505cf7c95e344c01c0bb0fe302248cb1cdba,LINKED,,F,,18-39,,520,
batch_001,encounters_athena_clinics.csv,691,ATHENA_CLINICS,106227,79078f68a644f3023b37b384e4399ef0e466a56ae2417a8f1c5fa642939e855a,LINKED,,M,,18-39,,524,
batch_001,encounters_athena_clinics.csv,692,ATHENA_CLINICS,115790,352532b8bc2196693b12ef7db9d712af8b87b479691a6cecc7cf500a14887766,LINKED,,F,,40-64,,537,
batch_001,encounters_athena_clinics.csv,693,ATHENA_CLINICS,130852,2759a7d5b4e3d0737c4fa349162246eaee7796a5c38572e9462b5b87c1746aea,LINKED,,F,,40-64,,531,
batch_001,encounters_athena_clinics.csv,694,ATHENA_CLINICS,101392,d691ebea8335d72e130452de245029d83768e5577a03b6a341d536e5d1212054,LINKED,,F,,18-39,,532,
batch_001,encounters_athena_clinics.csv,695,ATHENA_CLINICS,108390,1c6876e19534a4f1ff53cb42f1a2cfb2d71fa0bb3f893b865c61404df06df03c,LINKED,,M,,40-64,,537,
batch_001,encounters_athena_clinics.csv,696,ATHENA_CLINICS,126968,70d23d78b5c2962372b765f321abb22abda3833d1f49217ede6d01fbf9e2e384,LINKED,,F,,40-64,,532,
batch_001,encounters_athena_clinics.csv,697,ATHENA_CLINICS,134576,f89c1c5394609ce33479303d4ba49fff60437814a48425a4d5d298b88123a0cb,LINKED,,M,,18-39,,541,
batch_001,encounters_athena_clinics.csv,698,ATHENA_CLINICS,101628,494174e1f442831defbdd46d349923ea5958648953267ac18c57541cdae1d952,LINKED,,M,,40-64,,543,
batch_001,encounters_athena_clinics.csv,699,ATHENA_CLINICS,132299,4b2879539f735ede231dd6b636c3c6e8e53e3b3ebc6761adf5f31290d4144c97,LINKED,,F,,65+,,543,
batch_001,encounters_athena_clinics.csv,700,ATHENA_CLINICS,135373,1746b8550de16a020206bd5374a50646e1686d58a9f234783ec2fbc522bf0ab5,LINKED,,M,,40-64,,520,
batch_001,encounters_athena_clinics.csv,701,ATHENA_CLINICS,135422,b56c8d909bedbd222a0e17bd49319815e292608b8a624dca8c41e712b9f13031,LINKED,,M,,40-64,,524,
batch_001,encounters_athena_clinics.csv,702,ATHENA_CLINICS,132717,666f68bca704e5cdf884793a8554791e29216fb63f0c6c7b8637c99dc9ad02f2,LINKED,,M,,65+,,524,
batch_001,encounters_athena_clinics.csv,703,ATHENA_CLINICS,107694,5542c9570f0c4f7bd064bd89eba5780322c29d807feba7677f75a875a6909f5a,LINKED,,M,,40-64,,524,
batch_001,encounters_athena_clinics.csv,704,ATHENA_CLINICS,110258,df7ce2a1a3b7c0986c53b7d8fe084f437ec80496594ea0272b537c36f5e795d8,LINKED,,F,,18-39,,524,
batch_001,encounters_athena_clinics.csv,705,ATHENA_CLINICS,126446,3033e551586db7588177c3b72949f9ea315415a4e58ac163ea5f97a80dfd7d0f,LINKED,,F,,65+,,524,
batch_001,encounters_athena_clinics.csv,706,ATHENA_CLINICS,130946,baf35add2c86a20030e4f9e4649d985c73985c574d5a5b775c766d2092a34c54,LINKED,,F,,40-64,,524,
batch_001,encounters_athena_clinics.csv,707,ATHENA_CLINICS,136239,f7d2f488ff254b82e858f13b38eaf9d10973ea7d591932b568a7b867e98251fb,LINKED,,M,,40-64,,543,
batch_001,encounters_athena_clinics.csv,708,ATHENA_CLINICS,125028,352532b8bc2196693b12ef7db9d712af8b87b479691a6cecc7cf500a14887766,LINKED,,F,,40-64,,537,
batch_001,encounters_athena_clinics.csv,709,ATHENA_CLINICS,111038,aa38a1c923eb364a7519c4c6b5cc470f7e07e1ca18a1706ae4184683cf82bf96,LINKED,,M,,UNKNOWN,AGE_BAND_ADMIT_UNAVAILABLE,520,
batch_001,encounters_athena_clinics.csv,710,ATHENA_CLINICS,125102,629e9138580091cf5ca65937b357d173c8e838c38d205dbfcafb4b754e2fc19c,LINKED,,F,,40-64,,531,
batch_001,encounters_athena_clinics.csv,711,ATHENA_CLINICS,130403,3033e551586db7588177c3b72949f9ea315415a4e58ac163ea5f97a80dfd7d0f,LINKED,,F,,65+,,524,
batch_001,encounters_athena_clinics.csv,712,ATHENA_CLINICS,114684,ae7e75d3a7f6adec7854feb27de9a29ce3f6ad8417a20bd7b7ca5fa5fb064dd2,LINKED,,M,,0-17,,537,
batch_001,encounters_athena_clinics.csv,713,ATHENA_CLINICS,107036,f24418c3177d997c0ebdab7de44cade20a160add46e1535486f4fbc8023e4fa6,LINKED,,M,,65+,,532,
batch_001,encounters_athena_clinics.csv,714,ATHENA_CLINICS,129224,349bb29751a6e360becf6b1c751f1eeba724069314475b15c88f1a508ecb6144,LINKED,,F,,40-64,,524,
batch_001,encounters_athena_clinics.csv,715,ATHENA_CLINICS,103370,42e83e53c9a1fc6560add369cb129db37e1a5e8619fd52ca1885b4dd332f11ae,LINKED,,F,,18-39,,520,
batch_001,encounters_athena_clinics.csv,716,ATHENA_CLINICS,103729,262ab4aaf8654d8d94bf6631f5304e2ee391042d81e0c8f3ab139aa6b38b4706,LINKED,,M,,0-17,,537,
batch_001,encounters_athena_clinics.csv,717,ATHENA_CLINICS,126877,a8fd4e19eb0ee07fce107838bc9f07e73b3dd783b12c96e707ac84a4ffacb68a,LINKED,,M,,40-64,,541,
batch_001,encounters_athena_clinics.csv,718,ATHENA_CLINICS,136508,b0b6b45fe052e8515aca8551ef58a50fec1b6e2d2416305949cffe7dacc20c0c,LINKED,,M,,65+,,531,
batch_001,encounters_athena_clinics.csv,719,ATHENA_CLINICS,102962,efbe9c52360b2f11500309e01cbd648ed5f5a954d70e7c3506a8047a05431f5d,LINKED,,F,,18-39,,541,
batch_001,encounters_athena_clinics.csv,720,ATHENA_CLINICS,132547,f0982df256debf7aca88ddeb10312fd27d68d5050bfd2b9dfb32d8fec812ffc4,LINKED,,M,,18-39,,541,
batch_001,encounters_athena_clinics.csv,721,ATHENA_CLINICS,129219,3461593a686e57b9a180ae7129fe1c9666ded87150562403b2b6f6f54231e4ab,LINKED,,F,,18-39,,541,
batch_001,encounters_athena_clinics.csv,722,ATHENA_CLINICS,125609,11f5f8d04a20e769f9ad324e92b976e2bd64f3ea8ffaaa7f21330fdaee7fab23,LINKED,,M,,65+,,532,
batch_001,encounters_athena_clinics.csv,723,ATHENA_CLINICS,114001,666f68bca704e5cdf884793a8554791e29216fb63f0c6c7b8637c99dc9ad02f2,LINKED,,M,,65+,,524,
batch_001,encounters_athena_clinics.csv,724,ATHENA_CLINICS,120026,87e5964bcb3d3bf0bb78962d932134aa3a16c67a7c444144a7161bb57845b598,LINKED,,M,,40-64,,524,
batch_001,encounters_athena_clinics.csv,725,ATHENA_CLINICS,113789,977131ebaff2c77211f8cfee1d52b3972931e2750b6cf206b7eb7467e937e939,LINKED,,F,,40-64,,520,
batch_001,encounters_athena_clinics.csv,726,ATHENA_CLINICS,138616,5377356d5d63269d2a27ad21e544bf986b6fa84df35283c29f2dfd79eab85e3f,LINKED,,F,,40-64,,531,
batch_001,encounters_athena_clinics.csv,727,ATHENA_CLINICS,136759,e78fac0ece883cf6667d22b7b1ed863d827fe000061c3be1ead4db9f0f0ee991,LINKED,,M,,40-64,,531,
batch_001,encounters_athena_clinics.csv,728,ATHENA_CLINICS,121307,42274b5158098db1895c6f928cf243484c313b7321fd79b3dfb8f8784a4f3456,LINKED,,F,,40-64,,532,
batch_001,encounters_athena_clinics.csv,729,ATHENA_CLINICS,132413,5377356d5d63269d2a27ad21e544bf986b6fa84df35283c29f2dfd79eab85e3f,LINKED,,F,,40-64,,531,
batch_001,encounters_athena_clinics.csv,730,ATHENA_CLINICS,119556,fb241f3bd2569f3a673e4a21cecfc15475ff517615cd2e8d13a683b1268179e7,LINKED,,F,,40-64,,531,
batch_001,encounters_athena_clinics.csv,731,ATHENA_CLINICS,104156,42abc802a7d49602b5224f92666cdc38efb67dbf53448a9274bd0f758836b9cd,LINKED,,F,,40-64,,524,
batch_001,encounters_athena_clinics.csv,732,ATHENA_CLINICS,126826,5854706554c1fe1f00b6745b3e0cee1c466a8ee63a787294bdc9474451d5e1a0,LINKED,,F,,18-39,,520,
batch_001,encounters_athena_clinics.csv,733,ATHENA_CLINICS,131402,0421e7cd42bfdbd98e7ad407427947465d7c3e7192dfb36604b47c3ea722c292,LINKED,,F,,18-39,,532,
batch_001,encounters_athena_clinics.csv,734,ATHENA_CLINICS,124674,6009ca7d43f97b10b1d7e1c9d7c58df502771fe8b7d57fa97dee79b24a659921,LINKED,,F,,40-64,,531,
batch_001,encounters_athena_clinics.csv,735,ATHENA_CLINICS,116192,3be5563a8fdc16588804f17b48b1a14723df0ce42a9b44e09dcabb1554f1e124,LINKED,,M,,65+,,531,
batch_001,encounters_athena_clinics.csv,736,ATHENA_CLINICS,105954,efbe9c52360b2f11500309e01cbd648ed5f5a954d70e7c3506a8047a05431f5d,LINKED,,F,,18-39,,541,
batch_001,encounters_athena_clinics.csv,737,ATHENA_CLINICS,111394,f5809453db9a16ce910623d488f59d5c333a80c5e992300dc70e408f5fb9fc54,LINKED,,M,,40-64,,541,
batch_001,encounters_athena_clinics.csv,738,ATHENA_CLINICS,107557,ef5cdd6998cd2b085758e2491cecedb71134acf64a398059dbfe9a2d91d9ce9b,LINKED,,F,,40-64,,524,
batch_001,encounters_athena_clinics.csv,739,ATHENA_CLINICS,135099,ddbae9686c495888259f67dc159a714affc18b6abae91c3438605f993ab595c7,LINKED,,F,,65+,,531,
batch_001,encounters_athena_clinics.csv,740,ATHENA_CLINICS,135709,8342ecb05f439b9fde39ed5c1a5dd565f991d94682a6e161e4b3e6b0546fd0fe,LINKED,,F,,40-64,,531,
batch_001,encounters_athena_clinics.csv,741,ATHENA_CLINICS,121086,426f47473a38e51553a01869fb06c87c7cdb1d4a7d2f5f0408c3cd539c5e47ee,LINKED,,F,,40-64,,524,
batch_001,encounters_athena_clinics.csv,742,ATHENA_CLINICS,106426,8a366c4213df2f67677d4b43c1a9b7e3c371ce019e6df7b855ff3ed314383d87,LINKED,,F,,18-39,,520,
batch_001,encounters_athena_clinics.csv,743,ATHENA_CLINICS,109465,8442a212d438a4217cbf544566025a77fbb09f0a8da99b32370a5c40c645768f,LINKED,,F,,65+,,524,
batch_001,encounters_athena_clinics.csv,744,ATHENA_CLINICS,107631,572ddb7e887bbda96150658616c86e5320020cf0e57772cc27521c6005db791f,LINKED,,F,,65+,,532,
batch_001,encounters_athena_clinics.csv,745,ATHENA_CLINICS,107398,1746b8550de16a020206bd5374a50646e1686d58a9f234783ec2fbc522bf0ab5,LINKED,,M,,40-64,,520,
batch_001,encounters_athena_clinics.csv,746,ATHENA_CLINICS,119296,837f414619a4f3820f000da41a8d54007bca6d185e4e9e941fdb97f1c460fbc1,LINKED,,M,,40-64,,537,
batch_001,encounters_athena_clinics.csv,747,ATHENA_CLINICS,115185,09f5e6422bb825504a419b21d710fb7687e1b755f9b4123f46a6fcbf8262c62c,LINKED,,F,,40-64,,543,
batch_001,encounters_athena_clinics.csv,748,ATHENA_CLINICS,134167,478b51c4efa1ad3cd87bf72d2e5ee2134852862fda73450e569c19bef3f13702,LINKED,,M,,40-64,,532,
batch_001,encounters_athena_clinics.csv,749,ATHENA_CLINICS,129946,a2ed36e0fddd6dede2cc5d168780fda1485b50553b5779cd2bee4617dd6c8588,LINKED,,M,,40-64,,524,
batch_001,encounters_athena_clinics.csv,750,ATHENA_CLINICS,113843,9fcffe0f36dab02e1d17403e88bc344a22729e016ad96f6da31ce87025450f4a,LINKED,,M,,18-39,,537,
batch_001,encounters_athena_clinics.csv,751,ATHENA_CLINICS,131835,fb241f3bd2569f3a673e4a21cecfc15475ff517615cd2e8d13a683b1268179e7,LINKED,,F,,40-64,,531,
batch_001,encounters_athena_clinics.csv,752,ATHENA_CLINICS,136544,f173a285380f4e74417211340185298758c78ee0225bf4eaf5f3571a9188526f,LINKED,,M,,18-39,,543,
batch_001,encounters_athena_clinics.csv,753,ATHENA_CLINICS,117392,113b7d01a9f8bf39da97fcf34b54a1defadc4fda5ae463049436c84b85800c44,LINKED,,F,,18-39,,524,
batch_001,encounters_athena_clinics.csv,754,ATHENA_CLINICS,113810,6bb5f322f82ba8f52d959c0e499efa77149bc6ed9976828dcab67a51291ac066,LINKED,,F,,40-64,,520,
batch_001,encounters_athena_clinics.csv,755,ATHENA_CLINICS,139259,d4297abdec31a01475860dd5fda0380e7b06bc4cd3aca26b0ee371febdfe7913,LINKED,,F,,65+,,537,
batch_001,encounters_athena_clinics.csv,756,ATHENA_CLINICS,107954,4b2879539f735ede231dd6b636c3c6e8e53e3b3ebc6761adf5f31290d4144c97,LINKED,,F,,65+,,543,
batch_001,encounters_athena_clinics.csv,757,ATHENA_CLINICS,114073,d9c8c4023d335ad6bfded1948706404413443833e4820eb253071cf19c30802c,LINKED,,F,,40-64,,520,
batch_001,encounters_athena_clinics.csv,758,ATHENA_CLINICS,106302,cee805d68c23ffbf4c0715bb3d0d9c294a96ae448982334bdb08ecc1e90eecf6,LINKED,,M,,65+,,537,
batch_001,encounters_athena_clinics.csv,759,ATHENA_CLINICS,120801,a11c2d07db81b21b40be043b4d689640ed99ba6c6af0abe83fba200b380abef3,LINKED,,F,,40-64,,520,
batch_001,encounters_athena_clinics.csv,760,ATHENA_CLINICS,113044,bf78298b0e07c9e029a725a277fd2ca635e7f785e3273ef341e51fa562ac310c,LINKED,,F,,18-39,,520,
batch_001,encounters_athena_clinics.csv,761,ATHENA_CLINICS,100643,64c62679643df28bf20c975c61917f2513a6350c88112cb8205f35acf0f7bb53,LINKED,,M,,18-39,,537,
batch_001,encounters_athena_clinics.csv,762,ATHENA_CLINICS,121448,a655c8fdc272fe31bc3bdfcd05e72c04b992c84b22c0867d3e5fd0648614a0bf,LINKED,,F,,40-64,,520,
batch_001,encounters_athena_clinics.csv,763,ATHENA_CLINICS,125281,9395ad15788b8f6622797dd73869fe2ed6de5edfe09ff80b1cdddd3524be9f61,LINKED,,M,,65+,,520,
batch_001,encounters_athena_clinics.csv,764,ATHENA_CLINICS,108752,483f06416eb921a01656a02123c3cc02482e2d233173d4d13369fb552fdad39a,LINKED,,M,,40-64,,531,
batch_001,encounters_athena_clinics.csv,765,ATHENA_CLINICS,101232,d74bc5f20692778acd6257601c7198bc657cd818d604d30ef399f0fc02ddb78b,LINKED,,M,,18-39,,524,
batch_001,encounters_athena_clinics.csv,766,ATHENA_CLINICS,127850,4627dafad734617f6d088f7a6b47eb34e3f7dafae55a585078b66bf4f502f5f2,LINKED,,F,,65+,,541,
batch_001,encounters_athena_clinics.csv,767,ATHENA_CLINICS,106961,7a5b47d84e364e8f64e69527752bcce1584aa8800c5235f79385fc92423eb927,LINKED,,M,,65+,,520,
batch_001,encounters_athena_clinics.csv,768,ATHENA_CLINICS,123514,43eb85e84d6e02d90e6aa84f8b84b39b22811307f08316a60ae7c777b1f017e9,LINKED,,F,,65+,,524,
batch_001,encounters_athena_clinics.csv,769,ATHENA_CLINICS,103678,f7725788effe15c56301cfa6962284417c0ed9b020a0a04317ba8485c9beccd4,LINKED,,F,,40-64,,532,
batch_001,encounters_athena_clinics.csv,770,ATHENA_CLINICS,104120,c7ab164f3578bf6b729a101b9a5895a603f2f13e2176815b4630060b568f4927,LINKED,,M,,40-64,,524,
batch_001,encounters_athena_clinics.csv,771,ATHENA_CLINICS,118694,d8891a58982499f1e92ce525be412f6227c43d3d9eda71d579dc9dac7c84078d,LINKED,,M,,40-64,,524,
batch_001,encounters_athena_clinics.csv,772,ATHENA_CLINICS,124868,fa9194b5950c118c33c910138fe3c66dd66e93bdfb181e684a3fed726820c3c9,LINKED,,F,,40-64,,541,
batch_001,encounters_athena_clinics.csv,773,ATHENA_CLINICS,116340,42274b5158098db1895c6f928cf243484c313b7321fd79b3dfb8f8784a4f3456,LINKED,,F,,40-64,,532,
batch_001,encounters_athena_clinics.csv,774,ATHENA_CLINICS,106837,262801407bc8e93b840fa60edefb02d14bc94def87a85d443dc595fe01b2e7d1,LINKED,,M,,40-64,,524,
batch_001,encounters_athena_clinics.csv,775,ATHENA_CLINICS,106720,a8fd4e19eb0ee07fce107838bc9f07e73b3dd783b12c96e707ac84a4ffacb68a,LINKED,,M,,40-64,,541,
batch_001,encounters_athena_clinics.csv,776,ATHENA_CLINICS,130828,9edef373beba02061d9a12f948d68c3e6b97a594373ac1f39eab29f6f663f591,LINKED,,F,,40-64,,541,
batch_001,encounters_athena_clinics.csv,777,ATHENA_CLINICS,107837,50316e7bcad0865dd01e574907387e2377ef7a1064a4e31b5588b05636269029,LINKED,,F,,40-64,,541,
batch_001,encounters_athena_clinics.csv,778,ATHENA_CLINICS,132043,99763ba3c2eb89ee777f898662e4bbdfec6658245498f016576a521cfcb92375,LINKED,,F,,65+,,524,
batch_001,encounters_athena_clinics.csv,779,ATHENA_CLINICS,124492,3335d4c0d55cfd5360eb911653a987f6c5241803378dd97f0ed7d84af3e65b67,LINKED,,M,,40-64,,531,
batch_001,encounters_athena_clinics.csv,780,ATHENA_CLINICS,106665,61051b8c88c4090a425f9bc53c4aef53b640ed2a755f8e3f60545e2a651db025,LINKED,,M,,65+,,524,
batch_001,encounters_athena_clinics.csv,781,ATHENA_CLINICS,114999,c4a84863d0e9628342a33c382001221eef9c1a21eb5e7890dda4fe9697e1b810,LINKED,,M,,40-64,,524,
batch_001,encounters_athena_clinics.csv,782,ATHENA_CLINICS,107773,e244c0ead0af8a7ea186a2e831c3505cf7c95e344c01c0bb0fe302248cb1cdba,LINKED,,F,,18-39,,520,
batch_001,encounters_athena_clinics.csv,783,ATHENA_CLINICS,111729,9e60969ca059707139c86fc2416c5cdd22a3eed6e9ff6ebba3774622cf6f9877,LINKED,,M,,40-64,,537,
batch_001,encounters_athena_clinics.csv,784,ATHENA_CLINICS,130323,352532b8bc2196693b12ef7db9d712af8b87b479691a6cecc7cf500a14887766,LINKED,,F,,40-64,,537,
batch_001,encounters_athena_clinics.csv,785,ATHENA_CLINICS,125199,63782d819b30874b508e9919b70205395620cc4c75b63c7cc6506255bcd655ad,LINKED,,M,,65+,,524,
batch_001,encounters_athena_clinics.csv,786,ATHENA_CLINICS,104437,25c0d26abbc25a8366228c7fc693105832e23fda7d5551109b3d525526b2607d,LINKED,,M,,18-39,,541,
batch_001,encounters_athena_clinics.csv,787,ATHENA_CLINICS,118670,7a5b47d84e364e8f64e69527752bcce1584aa8800c5235f79385fc92423eb927,LINKED,,M,,65+,,520,
batch_001,encounters_athena_clinics.csv,788,ATHENA_CLINICS,110016,66503c799ad9b789eb446f7bb90cf525d1a0ae5ea0d906ac05915a860ab5725f,LINKED,,F,,65+,,543,
batch_001,encounters_athena_clinics.csv,789,ATHENA_CLINICS,125120,e4e1dc1d19dbba1e9be26117c64817a33e4cd29ef7a6cd40622cb5fae0031c21,LINKED,,F,,65+,,541,
batch_001,encounters_athena_clinics.csv,790,ATHENA_CLINICS,116792,23d2f97d35af43cdb35ed8b1a45e6c02c805db9383f34836b4e47932173d8e29,LINKED,,F,,40-64,,524,
batch_001,encounters_athena_clinics.csv,791,ATHENA_CLINICS,119837,e4e5acf3112b8aee492a71ce95dda71b53d67f9c82e7bdae6c30085b7cb6bfdf,LINKED,,F,,40-64,,532,
batch_001,encounters_athena_clinics.csv,792,ATHENA_CLINICS,135262,0bc91a41a4fb472639a8de2b9382e2dc90f88246011d3f4622224b61b925b042,LINKED,,M,,40-64,,532,
batch_001,encounters_athena_clinics.csv,793,ATHENA_CLINICS,104748,0bd53c602dd14429b5a34ba989d186e76149b367eb3fb99dfe7a4da950ed2c1c,LINKED,,F,,40-64,,541,
batch_001,encounters_athena_clinics.csv,794,ATHENA_CLINICS,108843,2291d45abdf5ae64efe5bbfe170178aa5a507d9a921b83d0cc9ddf8c852849ef,LINKED,,F,,65+,,543,
batch_001,encounters_athena_clinics.csv,795,ATHENA_CLINICS,125011,705cf44c985e1e4f377bb5769c0207def56a84dd04aaefacdc035cbd8f7d71dc,LINKED,,M,,40-64,,531,
batch_001,encounters_athena_clinics.csv,796,ATHENA_CLINICS,135449,d17b5fa7773a5243f35cda0ba6311896cd3af8815df6f5c2143af87f897ac4e6,LINKED,,F,,40-64,,537,
batch_001,encounters_athena_clinics.csv,797,ATHENA_CLINICS,122036,be4655bf6e60bf7b2c5226540822aa2c26cde40425ba620947c843e557eff16b,LINKED,,F,,18-39,,531,
batch_001,encounters_athena_clinics.csv,798,ATHENA_CLINICS,100265,483f06416eb921a01656a02123c3cc02482e2d233173d4d13369fb552fdad39a,LINKED,,M,,40-64,,531,
batch_001,encounters_athena_clinics.csv,799,ATHENA_CLINICS,116006,fbaa9bdfdf56714c6df4675873bd1bb230153725da365dfa8342638a757b5db2,LINKED,,F,,18-39,,524,
batch_001,encounters_athena_clinics.csv,800,ATHENA_CLINICS,135449,d17b5fa7773a5243f35cda0ba6311896cd3af8815df6f5c2143af87f897ac4e6,LINKED,,F,,40-64,,537,
batch_001,encounters_athena_clinics.csv,801,ATHENA_CLINICS,109141,bcd75a502f539f9ffe590c905464fd8960eb9efc87332855848f64409ee434b1,LINKED,,F,,40-64,,611,
batch_001,encounters_athena_clinics.csv,802,ATHENA_CLINICS,116318,8a6458ab2827c9c7a42b7ba341a5ea77ba9d2d38383df11afe68a504243e67f0,LINKED,,M,,40-64,,537,
batch_001,encounters_athena_clinics.csv,803,ATHENA_CLINICS,126717,a7dab7bb227d326b13d5b50419870826aeab63d6ace803b04d5f612f1dad43e9,LINKED,,F,,65+,,524,
batch_001,encounters_athena_clinics.csv,804,ATHENA_CLINICS,108081,b9beb6bc261af85d14f7578004bd3f6be6e408f93c7a93954eda0d067a5dfd67,LINKED,,M,,40-64,,520,
batch_001,encounters_athena_clinics.csv,805,ATHENA_CLINICS,106564,494174e1f442831defbdd46d349923ea5958648953267ac18c57541cdae1d952,LINKED,,M,,40-64,,543,
batch_001,encounters_athena_clinics.csv,806,ATHENA_CLINICS,117663,622b758cba797910cf82495a185ad312075001a3ef5bad15c363a0f425720fba,LINKED,,F,,40-64,,543,
batch_001,encounters_athena_clinics.csv,807,ATHENA_CLINICS,105884,572ddb7e887bbda96150658616c86e5320020cf0e57772cc27521c6005db791f,LINKED,,F,,65+,,532,
batch_001,encounters_athena_clinics.csv,808,ATHENA_CLINICS,116888,08b1ddc539912437931a1adef3921a3f074b6464e31aa7b2dd75ea07d703aa02,LINKED,,M,,40-64,,543,
batch_001,encounters_athena_clinics.csv,809,ATHENA_CLINICS,126329,ba797391ce666242564d74c3a6892aebf0277b4679494e458e77c8f904cf531b,LINKED,,M,,40-64,,532,
batch_001,encounters_athena_clinics.csv,810,ATHENA_CLINICS,123656,3fd7ab441f5bd0b78d9a8a11dd903da5db8565b1ac9b6deb734aee71cb6c9561,LINKED,,F,,40-64,,524,
batch_001,encounters_athena_clinics.csv,811,ATHENA_CLINICS,119333,2ebd788be7dfc3f9fe037affa31b3965d06cae0be1e1a6da33f519627ec85ba7,LINKED,,F,,65+,,537,
batch_001,encounters_athena_clinics.csv,812,ATHENA_CLINICS,128387,1dbeb9fcf131756a47f7a165624783247596e8b745c7468abee216edefb1dd1a,LINKED,,M,,40-64,,520,
batch_001,encounters_athena_clinics.csv,813,ATHENA_CLINICS,117743,5919a5626adcb0bdb05751a99c88dfd6be765a6c3e29c2d4b2a0dc8407b0912f,LINKED,,F,,65+,,520,
batch_001,encounters_athena_clinics.csv,814,ATHENA_CLINICS,118968,2329d862ab69dc5028034cb22c45357693cc817f2203f9dd2e6649079fa75692,LINKED,,M,,18-39,,520,
batch_001,encounters_athena_clinics.csv,815,ATHENA_CLINICS,137194,070f07d7c5442552cf56c22d45203a66c7b5768f87c64d04620246b75d50da89,LINKED,,M,,65+,,532,
batch_001,encounters_athena_clinics.csv,816,ATHENA_CLINICS,108928,3d617f962cc89cf47e39a5a793deef48309341e5a1f17d7a866ef913dd94e85c,LINKED,,F,,40-64,,541,
batch_001,encounters_athena_clinics.csv,817,ATHENA_CLINICS,106598,3d617f962cc89cf47e39a5a793deef48309341e5a1f17d7a866ef913dd94e85c,LINKED,,F,,40-64,,541,
batch_001,encounters_athena_clinics.csv,818,ATHENA_CLINICS,116448,7b3777721223b93d78975e7279a1a459296d0586a77a1a3495aae86b058c9af8,LINKED,,M,,65+,,537,
batch_001,encounters_athena_clinics.csv,819,ATHENA_CLINICS,128186,b50ca191409a9406e6fbab759b7782508d3c20185dadcbc110d977b6be689fd5,LINKED,,M,,40-64,,543,
batch_001,encounters_athena_clinics.csv,820,ATHENA_CLINICS,109539,9a1732afd60c2b981add11c0b34fa08c2abbe1b86b49f060141b8b6a37a3651e,LINKED,,M,,65+,,537,
batch_001,encounters_athena_clinics.csv,821,ATHENA_CLINICS,131867,99763ba3c2eb89ee777f898662e4bbdfec6658245498f016576a521cfcb92375,LINKED,,F,,65+,,524,
batch_001,encounters_athena_clinics.csv,822,ATHENA_CLINICS,127210,b9c818ea8e27ad546e8111acfc5d6e5432aff122faa9f5c9f60d975d7c3addeb,LINKED,,M,,40-64,,537,
batch_001,encounters_athena_clinics.csv,823,ATHENA_CLINICS,103802,c12449d4a4d06d9ea10bd0d5ca3069668f1ee8e5b65e08fc71df2d7e04a48679,LINKED,,F,,40-64,,524,
batch_001,encounters_athena_clinics.csv,824,ATHENA_CLINICS,112032,df7ce2a1a3b7c0986c53b7d8fe084f437ec80496594ea0272b537c36f5e795d8,LINKED,,F,,40-64,,524,
batch_001,encounters_athena_clinics.csv,825,ATHENA_CLINICS,127286,61051b8c88c4090a425f9bc53c4aef53b640ed2a755f8e3f60545e2a651db025,LINKED,,M,,65+,,524,
batch_001,encounters_athena_clinics.csv,826,ATHENA_CLINICS,122461,c7ab164f3578bf6b729a101b9a5895a603f2f13e2176815b4630060b568f4927,LINKED,,M,,40-64,,524,
batch_001,encounters_athena_clinics.csv,827,ATHENA_CLINICS,115638,6009ca7d43f97b10b1d7e1c9d7c58df502771fe8b7d57fa97dee79b24a659921,LINKED,,F,,40-64,,531,
batch_001,encounters_athena_clinics.csv,828,ATHENA_CLINICS,139342,4a9bcf7754d99628dabfe108c43cb33d1b6c37b41df0194442dcb015f561a36f,LINKED,,F,,65+,,532,
batch_001,encounters_athena_clinics.csv,829,ATHENA_CLINICS,133055,a11c2d07db81b21b40be043b4d689640ed99ba6c6af0abe83fba200b380abef3,LINKED,,F,,40-64,,520,
batch_001,encounters_athena_clinics.csv,830,ATHENA_CLINICS,107933,43eb85e84d6e02d90e6aa84f8b84b39b22811307f08316a60ae7c777b1f017e9,LINKED,,F,,65+,,524,
batch_001,encounters_athena_clinics.csv,831,ATHENA_CLINICS,101173,696d03cc46407937c3985ce09256ee89aea80aa4730f7e8c94fd323951f78839,LINKED,,M,,65+,,537,
batch_001,encounters_athena_clinics.csv,832,ATHENA_CLINICS,136760,7b3777721223b93d78975e7279a1a459296d0586a77a1a3495aae86b058c9af8,LINKED,,M,,65+,,537,
batch_001,encounters_athena_clinics.csv,833,ATHENA_CLINICS,117312,d6368cebfdb34f4c2853ce658efdd6d76e090b0bfe77333de1844c0f18fb0262,LINKED,,F,,40-64,,520,
batch_001,encounters_athena_clinics.csv,834,ATHENA_CLINICS,119610,d9c8c4023d335ad6bfded1948706404413443833e4820eb253071cf19c30802c,LINKED,,F,,40-64,,520,
batch_001,encounters_athena_clinics.csv,835,ATHENA_CLINICS,121064,7fe1d7d60e623b106e54167eaa1e1a29d495d94a5018066aa04a20f0c51ee57a,LINKED,,M,,40-64,,520,
batch_001,encounters_athena_clinics.csv,836,ATHENA_CLINICS,116824,0bc4c24c06e79332bedaa5d38ceab8d0812c15b03893e88542fa3e468f87c412,LINKED,,M,,40-64,,524,
batch_001,encounters_athena_clinics.csv,837,ATHENA_CLINICS,108652,c81d25f472a3ac0c8aae4ece60d793b2669c00a88a8ebe4626e03011b11bbbf3,LINKED,,M,,18-39,,524,
batch_001,encounters_athena_clinics.csv,838,ATHENA_CLINICS,133789,0c66cd7b759ecc5116cb4b65c95ddde9e3d2d40c038e92398967a14dc8855dee,LINKED,,F,,40-64,,543,
batch_001,encounters_athena_clinics.csv,839,ATHENA_CLINICS,121203,d1eaad60c011202954286668d4baef77e878df0471fc36115f2105863360fd01,LINKED,,F,,18-39,,537,
batch_001,encounters_athena_clinics.csv,840,ATHENA_CLINICS,103846,195c5beac9dd15e07b606828ce98461bc622a9518aadd3339423118d81db99e8,LINKED,,F,,40-64,,543,
batch_001,encounters_athena_clinics.csv,841,ATHENA_CLINICS,115570,8d37dee3dcdfdbe8f879033cb7c14c7d20735785a9b35a8b245006aac924f18a,LINKED,,M,,40-64,,531,
batch_001,encounters_athena_clinics.csv,842,ATHENA_CLINICS,130854,dad26770882e1efaef4127bdf5e277c3b97662f601165f142bdc7e61154cbede,LINKED,,F,,65+,,543,
batch_001,encounters_athena_clinics.csv,843,ATHENA_CLINICS,120483,349bb29751a6e360becf6b1c751f1eeba724069314475b15c88f1a508ecb6144,LINKED,,F,,40-64,,524,
batch_001,encounters_athena_clinics.csv,844,ATHENA_CLINICS,130514,77abc77fb95a5d1562dcf17d97f7a17c1bc0a6ce7a2879c46bdf6750b5bed1e9,LINKED,,F,,40-64,,524,
batch_001,encounters_athena_clinics.csv,845,ATHENA_CLINICS,102673,572ddb7e887bbda96150658616c86e5320020cf0e57772cc27521c6005db791f,LINKED,,F,,65+,,532,
batch_001,encounters_athena_clinics.csv,846,ATHENA_CLINICS,125129,494174e1f442831defbdd46d349923ea5958648953267ac18c57541cdae1d952,LINKED,,M,,40-64,,543,
batch_001,encounters_athena_clinics.csv,847,ATHENA_CLINICS,102121,e244c0ead0af8a7ea186a2e831c3505cf7c95e344c01c0bb0fe302248cb1cdba,LINKED,,F,,18-39,,520,
batch_001,encounters_athena_clinics.csv,848,ATHENA_CLINICS,113087,ba797391ce666242564d74c3a6892aebf0277b4679494e458e77c8f904cf531b,LINKED,,M,,65+,,532,
batch_001,encounters_athena_clinics.csv,849,ATHENA_CLINICS,106982,bb8b03172cf4a57e3c050513ab6a0b435adfb02d175a6bc4377f9f108e76d78f,LINKED,,F,,40-64,,537,
batch_001,encounters_athena_clinics.csv,850,ATHENA_CLINICS,120417,23b3558cc023055f65025db67ce80bee37e15a4954a7f38ff716b218f7fde9d9,LINKED,,M,,40-64,,520,
batch_001,encounters_athena_clinics.csv,851,ATHENA_CLINICS,110589,c4cbd69f739eed19b24c126c8cb752a8576bac3c3edd32a223d5b1815bdc05d5,LINKED,,F,,65+,,543,
batch_001,encounters_athena_clinics.csv,852,ATHENA_CLINICS,119349,5d8806d882c961df870145c68b428ba613e97ac5477142ecc698c3bdec6af325,LINKED,,F,,65+,,524,
batch_001,encounters_athena_clinics.csv,853,ATHENA_CLINICS,127835,3ccacfc4f1ac0841a029b39d27a38905d925a07eae118bdfea9620f563968294,LINKED,,M,,40-64,,541,
batch_001,encounters_athena_clinics.csv,854,ATHENA_CLINICS,118502,a11c2d07db81b21b40be043b4d689640ed99ba6c6af0abe83fba200b380abef3,LINKED,,F,,40-64,,520,
batch_001,encounters_athena_clinics.csv,855,ATHENA_CLINICS,136327,673dcff3830ab3aac2ad8983d854e93ba117265fdc5253f5b740f067966817b9,LINKED,,M,,18-39,,531,
batch_001,encounters_athena_clinics.csv,856,ATHENA_CLINICS,128773,3ccacfc4f1ac0841a029b39d27a38905d925a07eae118bdfea9620f563968294,LINKED,,M,,40-64,,541,
batch_001,encounters_athena_clinics.csv,857,ATHENA_CLINICS,116093,b067572502003964263cc878cd23ac1cbfa379c7ac3593a2ee417827ad5c327b,LINKED,,F,,40-64,,520,
batch_001,encounters_athena_clinics.csv,858,ATHENA_CLINICS,125954,a8fd4e19eb0ee07fce107838bc9f07e73b3dd783b12c96e707ac84a4ffacb68a,LINKED,,M,,40-64,,541,
batch_001,encounters_athena_clinics.csv,859,ATHENA_CLINICS,108090,9693d1986e504e97255f036a9e18319a58ccfb686b6ecfced23c7d779365ef93,LINKED,,M,,65+,,531,
batch_001,encounters_athena_clinics.csv,860,ATHENA_CLINICS,130302,dfab70661578255cb5eaf7c50858275062a24297f99d988c02036532994bca76,LINKED,,F,,40-64,,537,
batch_001,encounters_athena_clinics.csv,861,ATHENA_CLINICS,105840,7e7c835a2b8fef1d18a339e9f65d4a1dbd88aa7ea5d6a2a6827e747fd494b787,LINKED,,M,,40-64,,524,
batch_001,encounters_athena_clinics.csv,862,ATHENA_CLINICS,137005,3ca3cdb0636f1ecf0806752ab2bb68a44af7523b1005a20af33aa0026d88e151,LINKED,,F,,65+,,532,
batch_001,encounters_athena_clinics.csv,863,ATHENA_CLINICS,138857,45281aa5880b6a51fea693e66e141b071248af52512b5bfbaedc07ff75bc9e6b,LINKED,,M,,65+,,532,
batch_001,encounters_athena_clinics.csv,864,ATHENA_CLINICS,138727,0dc4e8fff52d4c2f34bd252948456008dc0fede8280ac3f33bd68f3d7f1b0c3b,LINKED,,F,,18-39,,520,
batch_001,encounters_athena_clinics.csv,865,ATHENA_CLINICS,139827,f3e88a71f34c0742164f6e211e1748a09c00d2724029d3f12bfd2af43ccde044,LINKED,,M,,40-64,,537,
batch_001,encounters_athena_clinics.csv,866,ATHENA_CLINICS,134252,be3b5286b7c1f158295b0171889197b581686cce8129d0f28f9d379f1c3b4671,LINKED,,M,,18-39,,524,
batch_001,encounters_athena_clinics.csv,867,ATHENA_CLINICS,110167,5d8806d882c961df870145c68b428ba613e97ac5477142ecc698c3bdec6af325,LINKED,,F,,65+,,524,
batch_001,encounters_athena_clinics.csv,868,ATHENA_CLINICS,121332,08b1ddc539912437931a1adef3921a3f074b6464e31aa7b2dd75ea07d703aa02,LINKED,,M,,40-64,,543,
batch_001,encounters_athena_clinics.csv,869,ATHENA_CLINICS,102493,fb241f3bd2569f3a673e4a21cecfc15475ff517615cd2e8d13a683b1268179e7,LINKED,,F,,40-64,,531,
batch_001,encounters_athena_clinics.csv,870,ATHENA_CLINICS,118479,bd8306d5ec8cc88318a48f19552cf39c51c3e2bfc9a09de7c24aecbaa70cf15a,LINKED,,F,,40-64,,531,
batch_001,encounters_athena_clinics.csv,871,ATHENA_CLINICS,121378,dfcc638e5ccfab2b9fa8808f5cced082d9b32404e16f1256aa146764edff3c61,LINKED,,M,,18-39,,532,
batch_001,encounters_athena_clinics.csv,872,ATHENA_CLINICS,137682,68a5c60fb262a1835b394e6d40104c7d75f3e4725d85e4e6118f6cd8ef015ee9,LINKED,,F,,65+,,524,
batch_001,encounters_athena_clinics.csv,873,ATHENA_CLINICS,114218,3c1609d2404df9e633be9faccacc215b1bd76f12afbc23a9d7d27a3cd1f39e94,LINKED,,M,,40-64,,532,
batch_001,encounters_athena_clinics.csv,874,ATHENA_CLINICS,102638,4d9484d9b6e83d25471e8f29c3fe1decdfa616a9d9a6720c70125d6dd9ed6281,LINKED,,M,,18-39,,537,
batch_001,encounters_athena_clinics.csv,875,ATHENA_CLINICS,128677,1dbeb9fcf131756a47f7a165624783247596e8b745c7468abee216edefb1dd1a,LINKED,,M,,40-64,,520,
batch_001,encounters_athena_clinics.csv,876,ATHENA_CLINICS,117616,f0982df256debf7aca88ddeb10312fd27d68d5050bfd2b9dfb32d8fec812ffc4,LINKED,,M,,18-39,,541,
batch_001,encounters_athena_clinics.csv,877,ATHENA_CLINICS,114937,8d37dee3dcdfdbe8f879033cb7c14c7d20735785a9b35a8b245006aac924f18a,LINKED,,M,,40-64,,531,
batch_001,encounters_athena_clinics.csv,878,ATHENA_CLINICS,116679,d4217112e493d8859bef8a13de4eb0ed383f18901dfe0a954c5738e4d0e9b442,LINKED,,M,,65+,,524,
batch_001,encounters_athena_clinics.csv,879,ATHENA_CLINICS,117526,08b1ddc539912437931a1adef3921a3f074b6464e31aa7b2dd75ea07d703aa02,LINKED,,M,,40-64,,543,
batch_001,encounters_athena_clinics.csv,880,ATHENA_CLINICS,126487,79078f68a644f3023b37b384e4399ef0e466a56ae2417a8f1c5fa642939e855a,LINKED,,M,,18-39,,524,
batch_001,encounters_athena_clinics.csv,881,ATHENA_CLINICS,127592,256b78fe828e21011b80b64a850521811e576eb258914b3429a30b92453e2675,LINKED,,M,,65+,,543,
batch_001,encounters_athena_clinics.csv,882,ATHENA_CLINICS,133507,ddbae9686c495888259f67dc159a714affc18b6abae91c3438605f993ab595c7,LINKED,,F,,65+,,531,
batch_001,encounters_athena_clinics.csv,883,ATHENA_CLINICS,117932,3f5540eefa94b20ec80033ed3f1d57ee7547c512f8f252b696c2449eb3d95268,LINKED,,M,,65+,,537,
batch_001,encounters_athena_clinics.csv,884,ATHENA_CLINICS,139010,8a366c4213df2f67677d4b43c1a9b7e3c371ce019e6df7b855ff3ed314383d87,LINKED,,F,,18-39,,520,
batch_001,encounters_athena_clinics.csv,885,ATHENA_CLINICS,129488,38527ff4370c9911600ba70cad4fc2386c0bff8e08aefaf2f72d86f04199a52c,LINKED,,F,,40-64,,532,
batch_001,encounters_athena_clinics.csv,886,ATHENA_CLINICS,116577,11f5f8d04a20e769f9ad324e92b976e2bd64f3ea8ffaaa7f21330fdaee7fab23,LINKED,,M,,65+,,532,
batch_001,encounters_athena_clinics.csv,887,ATHENA_CLINICS,122114,dd7797a871ca9f0f062f216660eb36441026ccbbe2256ba62a34881bdedef583,LINKED,,M,,65+,,532,
batch_001,encounters_athena_clinics.csv,888,ATHENA_CLINICS,100518,0e28e4c9bab710224d629271d49906460c24931b4c479783935100de20873206,LINKED,,F,,40-64,,520,
batch_001,encounters_athena_clinics.csv,889,ATHENA_CLINICS,130975,87e5964bcb3d3bf0bb78962d932134aa3a16c67a7c444144a7161bb57845b598,LINKED,,M,,40-64,,524,
batch_001,encounters_athena_clinics.csv,890,ATHENA_CLINICS,107628,1ac5a1fe69f4928319161dd5655e811d1dfb080ba5e7fa3fdcef00c37456a1d5,LINKED,,M,,18-39,,532,
batch_001,encounters_athena_clinics.csv,891,ATHENA_CLINICS,124288,72936083e9785c0003975d1e6eb380dbdd05ba7799701d7fe30a9f7759457267,LINKED,,M,,40-64,,543,
batch_001,encounters_athena_clinics.csv,892,ATHENA_CLINICS,137922,0bd53c602dd14429b5a34ba989d186e76149b367eb3fb99dfe7a4da950ed2c1c,LINKED,,F,,40-64,,541,
batch_001,encounters_athena_clinics.csv,893,ATHENA_CLINICS,134342,b50ca191409a9406e6fbab759b7782508d3c20185dadcbc110d977b6be689fd5,LINKED,,M,,40-64,,543,
batch_001,encounters_athena_clinics.csv,894,ATHENA_CLINICS,112610,48756528aa945e43e9812a45eaef265f61d951cf45144ebe34e926de372944ca,LINKED,,F,,65+,,541,
batch_001,encounters_athena_clinics.csv,895,ATHENA_CLINICS,139398,b1d3b6823abd231621e8328d94075fce8532ec7c2193ea6bce7e29ed45a50ef5,LINKED,,M,,40-64,,543,
batch_001,encounters_athena_clinics.csv,896,ATHENA_CLINICS,109536,b456dd1a776f9050d09c7cb845b2b34263f9bfd6e0bee2643d852b24424d3a09,LINKED,,M,,40-64,,541,
batch_001,encounters_athena_clinics.csv,897,ATHENA_CLINICS,112764,3cc482660bc942a6861dca779ef1e034da17a6dbc29891fae137401432738e6d,LINKED,,M,,40-64,,531,
batch_001,encounters_athena_clinics.csv,898,ATHENA_CLINICS,138000,5f7f3974bf02593eaac647c5c01721f0c9c5a4b5fb81d5a19a871923f9e1fd6b,LINKED,,F,,65+,,543,
batch_001,encounters_athena_clinics.csv,899,ATHENA_CLINICS,131746,6741c5a803e4a7a42b75a5a53ee0638ddd8dd67476b032efcb5ef03583cef252,LINKED,,M,,65+,,524,
batch_001,encounters_athena_clinics.csv,900,ATHENA_CLINICS,119892,a796ce18eca256cd8b36df934dfaf15cfa4766bec0bb3ede24b7383903147ea6,LINKED,,F,,18-39,,532,
batch_001,encounters_athena_clinics.csv,901,ATHENA_CLINICS,135244,8ff6e8e2702ba401e6a26a913de2dfb046bd54218d830d77b0e1f2a05b2e2f4e,LINKED,,M,,65+,,541,
batch_001,encounters_athena_clinics.csv,902,ATHENA_CLINICS,124054,d57325493f8bc235279ad48271bad3e374a5d58d3368e082d5b5a6379a86fa67,LINKED,,M,,65+,,531,
batch_001,encounters_athena_clinics.csv,903,ATHENA_CLINICS,123049,1074400d9cafcf74cf5c336b816c99e166f4babfc8568dd9aa183a01278998f2,LINKED,,M,,18-39,,541,
batch_001,encounters_athena_clinics.csv,904,ATHENA_CLINICS,103196,ef5cdd6998cd2b085758e2491cecedb71134acf64a398059dbfe9a2d91d9ce9b,LINKED,,F,,40-64,,524,
batch_001,encounters_athena_clinics.csv,905,ATHENA_CLINICS,104596,53cf740aa2f1e5ddc68cebfaccb2e005d26c4a39b164b010e06e8457cc11494f,LINKED,,F,,40-64,,541,
batch_001,encounters_athena_clinics.csv,906,ATHENA_CLINICS,126461,965e299a45f96e7e9693e30edeb4482df3ba4de9561e25281682bcf4465bb59d,LINKED,,F,,40-64,,611,
batch_001,encounters_athena_clinics.csv,907,ATHENA_CLINICS,104214,0f1d424cfc5fc0c47e8fbd0c3ef8841e85e312f2043db2a2270f41792a0ed426,LINKED,,M,,40-64,,541,
batch_001,encounters_athena_clinics.csv,908,ATHENA_CLINICS,113652,43eb85e84d6e02d90e6aa84f8b84b39b22811307f08316a60ae7c777b1f017e9,LINKED,,F,,65+,,524,
batch_001,encounters_athena_clinics.csv,909,ATHENA_CLINICS,139326,c4a84863d0e9628342a33c382001221eef9c1a21eb5e7890dda4fe9697e1b810,LINKED,,M,,40-64,,524,
batch_001,encounters_athena_clinics.csv,910,ATHENA_CLINICS,108423,55917b1cb33d206446973565e21f1dcccfafa467973e158cbfea73c40124845a,LINKED,,M,,40-64,,543,
batch_001,encounters_athena_clinics.csv,911,ATHENA_CLINICS,123161,b00fc8986bef2a410fedb9d8ed147f25cfb04f592bd443c1eb27fedceed1d35d,LINKED,,M,,40-64,,531,
batch_001,encounters_athena_clinics.csv,912,ATHENA_CLINICS,105411,e042e2ccb0ad7fca26413d84b1b491952ebf6258c38a264700d06ae646ccc87b,LINKED,,M,,18-39,,541,
batch_001,encounters_athena_clinics.csv,913,ATHENA_CLINICS,122914,5542c9570f0c4f7bd064bd89eba5780322c29d807feba7677f75a875a6909f5a,LINKED,,M,,40-64,,524,
batch_001,encounters_athena_clinics.csv,914,ATHENA_CLINICS,136781,e244c0ead0af8a7ea186a2e831c3505cf7c95e344c01c0bb0fe302248cb1cdba,LINKED,,F,,18-39,,520,
batch_001,encounters_athena_clinics.csv,915,ATHENA_CLINICS,112609,666f68bca704e5cdf884793a8554791e29216fb63f0c6c7b8637c99dc9ad02f2,LINKED,,M,,65+,,524,
batch_001,encounters_athena_clinics.csv,916,ATHENA_CLINICS,114400,0579551e1dc1eed130a78c3c799bb230ff49e8a9751cc873999c23345961d560,LINKED,,M,,40-64,,524,
batch_001,encounters_athena_clinics.csv,917,ATHENA_CLINICS,133210,89843194047ef6815dd7879eb3e34941079a9193ed8f668733da0e6d0f14fd6e,LINKED,,M,,40-64,,543,
batch_001,encounters_athena_clinics.csv,918,ATHENA_CLINICS,117755,262801407bc8e93b840fa60edefb02d14bc94def87a85d443dc595fe01b2e7d1,LINKED,,M,,40-64,,524,
batch_001,encounters_athena_clinics.csv,919,ATHENA_CLINICS,116631,98b551b78ed918cca743895c7b9dde37a83eb69a5162727b07afb34bf483da18,LINKED,,M,,40-64,,543,
batch_001,encounters_athena_clinics.csv,920,ATHENA_CLINICS,105226,3de9acdc92923e57bc29b3984318ed204f00da0b7233b99d036a6fbf0b5203b4,LINKED,,F,,18-39,,537,
batch_001,encounters_athena_clinics.csv,921,ATHENA_CLINICS,117833,72a3e4724033f9fbdb08987c2fff6e6f6773e26311938d27f7041ab77c4a911c,LINKED,,F,,18-39,,532,
batch_001,encounters_athena_clinics.csv,922,ATHENA_CLINICS,132770,9395ad15788b8f6622797dd73869fe2ed6de5edfe09ff80b1cdddd3524be9f61,LINKED,,M,,65+,,520,
batch_001,encounters_athena_clinics.csv,923,ATHENA_CLINICS,100953,f7725788effe15c56301cfa6962284417c0ed9b020a0a04317ba8485c9beccd4,LINKED,,F,,40-64,,532,
batch_001,encounters_athena_clinics.csv,924,ATHENA_CLINICS,103527,e4e5acf3112b8aee492a71ce95dda71b53d67f9c82e7bdae6c30085b7cb6bfdf,LINKED,,F,,40-64,,532,
batch_001,encounters_athena_clinics.csv,925,ATHENA_CLINICS,120406,b456dd1a776f9050d09c7cb845b2b34263f9bfd6e0bee2643d852b24424d3a09,LINKED,,M,,40-64,,541,
batch_001,encounters_athena_clinics.csv,926,ATHENA_CLINICS,139199,774510af7e697d2f275112648e928456ea7c9d7c28fb899790135ea9ba813dec,LINKED,,F,,40-64,,520,
batch_001,encounters_athena_clinics.csv,927,ATHENA_CLINICS,113728,9395ad15788b8f6622797dd73869fe2ed6de5edfe09ff80b1cdddd3524be9f61,LINKED,,M,,65+,,520,
batch_001,encounters_athena_clinics.csv,928,ATHENA_CLINICS,137200,d8f6db0ceea761a1001f08f1a99277c18e28a62661e2269f9471bafc938e7136,LINKED,,M,,65+,,531,
batch_001,encounters_athena_clinics.csv,929,ATHENA_CLINICS,115154,ba797391ce666242564d74c3a6892aebf0277b4679494e458e77c8f904cf531b,LINKED,,M,,65+,,532,
batch_001,encounters_athena_clinics.csv,930,ATHENA_CLINICS,134743,bf3bb69ca37d4879474f1cff09f14e776cfbb759732855e7e718b954a2fa0306,LINKED,,F,,65+,,531,
batch_001,encounters_athena_clinics.csv,931,ATHENA_CLINICS,131552,e0ac13edc1861d955ee34dd503a5e4855f35bcbb52fa730ff5a6355ff6855eea,LINKED,,F,,40-64,,531,
batch_001,encounters_athena_clinics.csv,932,ATHENA_CLINICS,101619,bf78298b0e07c9e029a725a277fd2ca635e7f785e3273ef341e51fa562ac310c,LINKED,,F,,18-39,,520,
batch_001,encounters_athena_clinics.csv,933,ATHENA_CLINICS,136774,f4ad134efe0fdeb49617ab08f38a36bda789da8abaff0913490db4a4de126872,LINKED,,F,,40-64,,531,
batch_001,encounters_athena_clinics.csv,934,ATHENA_CLINICS,104296,308de212542056892a11c6a36686b41af9f420d46547871bb9c840cca89861d9,LINKED,,F,,40-64,,520,
batch_001,encounters_athena_clinics.csv,935,ATHENA_CLINICS,112083,b5fc69de531ff8ba4ce5eb823d83bc9931bfd3294d7c8716ecca7b2d2578dcbb,LINKED,,M,,65+,,520,
batch_001,encounters_athena_clinics.csv,936,ATHENA_CLINICS,139752,0bc91a41a4fb472639a8de2b9382e2dc90f88246011d3f4622224b61b925b042,LINKED,,M,,40-64,,532,
batch_001,encounters_athena_clinics.csv,937,ATHENA_CLINICS,114285,664f3be12f6185c007df190379b12642e4566fb0e8eb866b749c903d8269f976,LINKED,,M,,40-64,,524,
batch_001,encounters_athena_clinics.csv,938,ATHENA_CLINICS,100339,6c0e5303eaf144ad77cc3faf748e1f0c12707ddedba16c9a30e3882cc8d1507c,LINKED,,M,,40-64,,524,
batch_001,encounters_athena_clinics.csv,939,ATHENA_CLINICS,104049,0732716fea8968d41904e071b06ba72544981c9cc816644b3a80499a9f9f6223,LINKED,,F,,40-64,,537,
batch_001,encounters_athena_clinics.csv,940,ATHENA_CLINICS,114418,d6368cebfdb34f4c2853ce658efdd6d76e090b0bfe77333de1844c0f18fb0262,LINKED,,F,,40-64,,520,
batch_001,encounters_athena_clinics.csv,941,ATHENA_CLINICS,135417,d691ebea8335d72e130452de245029d83768e5577a03b6a341d536e5d1212054,LINKED,,F,,18-39,,532,
batch_001,encounters_athena_clinics.csv,942,ATHENA_CLINICS,102632,37d868cca5011c81dc48eeef33164d967c599b87716f4ee824edca342419a631,LINKED,,M,,65+,,524,
batch_001,encounters_athena_clinics.csv,943,ATHENA_CLINICS,134389,fe469902f05b3b39c38c4dd979cc54c6f4cca1a899db9f51298e30f0e7f9c4f9,LINKED,,F,,65+,,532,
batch_001,encounters_athena_clinics.csv,944,ATHENA_CLINICS,128008,3f5540eefa94b20ec80033ed3f1d57ee7547c512f8f252b696c2449eb3d95268,LINKED,,M,,65+,,537,
batch_001,encounters_athena_clinics.csv,945,ATHENA_CLINICS,123855,bf78298b0e07c9e029a725a277fd2ca635e7f785e3273ef341e51fa562ac310c,LINKED,,F,,18-39,,520,
batch_001,encounters_athena_clinics.csv,946,ATHENA_CLINICS,104271,f8646c416abcf1545117748f5cbd30539164b7810362d232f7d2f46cf59c9681,LINKED,,F,,40-64,,520,
batch_001,encounters_athena_clinics.csv,947,ATHENA_CLINICS,133266,402e27938409db6a09deb17520b41e6edf116e8b9910da7e893e54c7ffdb2955,LINKED,,F,,65+,,532,
batch_001,encounters_athena_clinics.csv,948,ATHENA_CLINICS,130575,bf78298b0e07c9e029a725a277fd2ca635e7f785e3273ef341e51fa562ac310c,LINKED,,F,,18-39,,520,
batch_001,encounters_athena_clinics.csv,949,ATHENA_CLINICS,101123,f3d867eba4de75fd5035e8a0e6c1f977684f4f49d09d9f57f5f0cbc7f05e8666,LINKED,,F,,65+,,531,
batch_001,encounters_athena_clinics.csv,950,ATHENA_CLINICS,121648,1c58e1e9e554418afd2af9b2d006df185dbaf0bf5e831339fd93168305687498,LINKED,,M,,65+,,524,
batch_001,encounters_athena_clinics.csv,951,ATHENA_CLINICS,118320,dd3ce21816a4a032fa73995979aed68969e2100c8b671fd351e687892cc3cf4a,LINKED,,M,,40-64,,532,
batch_001,encounters_athena_clinics.csv,952,ATHENA_CLINICS,134224,674ad8e1fefc07f6a5596c4ed655bb588c3f90146e5f41b451656895b91d7ee2,LINKED,,M,,40-64,,537,
batch_001,encounters_athena_clinics.csv,953,ATHENA_CLINICS,104644,352532b8bc2196693b12ef7db9d712af8b87b479691a6cecc7cf500a14887766,LINKED,,F,,40-64,,537,
batch_001,encounters_athena_clinics.csv,954,ATHENA_CLINICS,111627,f4ad134efe0fdeb49617ab08f38a36bda789da8abaff0913490db4a4de126872,LINKED,,F,,40-64,,531,
batch_001,encounters_athena_clinics.csv,955,ATHENA_CLINICS,121253,43f8f727a088b7f0350713fee20053b360dcc94ff01bd1bfe7fe6f8a91430813,LINKED,,F,,18-39,,524,
batch_001,encounters_athena_clinics.csv,956,ATHENA_CLINICS,101545,5a91ccafcfeb2ed4be55e9e5d90368e9d75e80044625dc33e289cdd30e8571b2,LINKED,,F,,18-39,,524,
batch_001,encounters_athena_clinics.csv,957,ATHENA_CLINICS,130667,881163f9595761cfe73e86800eadad3182bee37aff890f4f50b995779a01d6c0,LINKED,,M,,40-64,,520,
batch_001,encounters_athena_clinics.csv,958,ATHENA_CLINICS,117137,bf3bb69ca37d4879474f1cff09f14e776cfbb759732855e7e718b954a2fa0306,LINKED,,F,,65+,,531,
batch_001,encounters_athena_clinics.csv,959,ATHENA_CLINICS,124322,965e299a45f96e7e9693e30edeb4482df3ba4de9561e25281682bcf4465bb59d,LINKED,,F,,40-64,,611,
batch_001,encounters_athena_clinics.csv,960,ATHENA_CLINICS,130256,a93aeef597f1fa17baaf3ccbe7bb61a593ef5693ea11dc1a1b91077e40a84ce3,LINKED,,F,,40-64,,524,
batch_001,encounters_athena_clinics.csv,961,ATHENA_CLINICS,134505,d1eaad60c011202954286668d4baef77e878df0471fc36115f2105863360fd01,LINKED,,F,,18-39,,537,
batch_001,encounters_athena_clinics.csv,962,ATHENA_CLINICS,137805,68a5c60fb262a1835b394e6d40104c7d75f3e4725d85e4e6118f6cd8ef015ee9,LINKED,,F,,65+,,524,
batch_001,encounters_athena_clinics.csv,963,ATHENA_CLINICS,119388,5ae22d4e1014608f349b7c6a58d2f310579d8219b53b7f52347b73585ad9983a,LINKED,,F,,18-39,,541,
batch_001,encounters_athena_clinics.csv,964,ATHENA_CLINICS,110434,2897cf81620486f88b977f064ab10dded1926873a96f3bcd6157fda7af5bb738,LINKED,,M,,40-64,,532,
batch_001,encounters_athena_clinics.csv,965,ATHENA_CLINICS,136954,26b9401e64d6929d229a651cc995e7155d5ba1216a2bfe65d4666c92fbc345d1,LINKED,,F,,18-39,,520,
batch_001,encounters_athena_clinics.csv,966,ATHENA_CLINICS,133480,266bd7248b61174aaf79aba80f1691860d52925358df4aa21852b09784496e59,LINKED,,F,,65+,,520,
batch_001,encounters_athena_clinics.csv,967,ATHENA_CLINICS,105267,30685b11f6e8fa14c3949e87a52aaa32fc62a1f78694adf03fa8717833bc10a0,LINKED,,M,,18-39,,531,
batch_001,encounters_athena_clinics.csv,968,ATHENA_CLINICS,100149,c55795c58727d94974ec5c7b33fcabc6c78b7c4b9d6c4833272ec6b1007a41bc,LINKED,,M,,40-64,,524,
batch_001,encounters_athena_clinics.csv,969,ATHENA_CLINICS,138919,53b4424fc6aef56f841ff6becce1d3f893f06e7980918e474656c6b8a7032ce0,LINKED,,F,,18-39,,532,
batch_001,encounters_athena_clinics.csv,970,ATHENA_CLINICS,133767,cc430c5cd31eb4c072de98fa37973ae121583db22b75cbde8ce06fe97ad14e20,LINKED,,M,,0-17,,543,
batch_001,encounters_athena_clinics.csv,971,ATHENA_CLINICS,123829,fb241f3bd2569f3a673e4a21cecfc15475ff517615cd2e8d13a683b1268179e7,LINKED,,F,,40-64,,531,
batch_001,encounters_athena_clinics.csv,972,ATHENA_CLINICS,103055,dd3ce21816a4a032fa73995979aed68969e2100c8b671fd351e687892cc3cf4a,LINKED,,M,,40-64,,532,
batch_001,encounters_athena_clinics.csv,973,ATHENA_CLINICS,107607,477da3b970ac879849997a2753d9a19643a5bb12f2b8f6387159a693ba16ba79,LINKED,,M,,40-64,,543,
batch_001,encounters_athena_clinics.csv,974,ATHENA_CLINICS,118046,dad26770882e1efaef4127bdf5e277c3b97662f601165f142bdc7e61154cbede,LINKED,,F,,65+,,543,
batch_001,encounters_athena_clinics.csv,975,ATHENA_CLINICS,110578,266bd7248b61174aaf79aba80f1691860d52925358df4aa21852b09784496e59,LINKED,,F,,65+,,520,
batch_001,encounters_athena_clinics.csv,976,ATHENA_CLINICS,101218,3d617f962cc89cf47e39a5a793deef48309341e5a1f17d7a866ef913dd94e85c,LINKED,,F,,40-64,,541,
batch_001,encounters_athena_clinics.csv,977,ATHENA_CLINICS,107516,dd3ce21816a4a032fa73995979aed68969e2100c8b671fd351e687892cc3cf4a,LINKED,,M,,40-64,,532,
batch_001,encounters_athena_clinics.csv,978,ATHENA_CLINICS,130250,6831a6559126ad79efffb24f26c392a643635615e3ee323964c95b3c7794dd41,LINKED,,M,,18-39,,532,
batch_001,encounters_athena_clinics.csv,979,ATHENA_CLINICS,124335,9edef373beba02061d9a12f948d68c3e6b97a594373ac1f39eab29f6f663f591,LINKED,,F,,40-64,,541,
batch_001,encounters_athena_clinics.csv,980,ATHENA_CLINICS,111517,1c6876e19534a4f1ff53cb42f1a2cfb2d71fa0bb3f893b865c61404df06df03c,LINKED,,M,,40-64,,537,
batch_001,encounters_athena_clinics.csv,981,ATHENA_CLINICS,122888,2fc9c481dfb99fd19728bc9c4a9f8955d3fe669f51febcab6b80b28e8644b5ad,LINKED,,F,,40-64,,520,
batch_001,encounters_athena_clinics.csv,982,ATHENA_CLINICS,103002,66503c799ad9b789eb446f7bb90cf525d1a0ae5ea0d906ac05915a860ab5725f,LINKED,,F,,65+,,543,
batch_001,encounters_athena_clinics.csv,983,ATHENA_CLINICS,139920,8d37dee3dcdfdbe8f879033cb7c14c7d20735785a9b35a8b245006aac924f18a,LINKED,,M,,40-64,,531,
batch_001,encounters_athena_clinics.csv,984,ATHENA_CLINICS,128571,ee19c746d92d0d6d4e33fffc9c6757f61119597274fa9a544763232b391fc206,LINKED,,M,,18-39,,524,
batch_001,encounters_athena_clinics.csv,985,ATHENA_CLINICS,138817,ac528e4d4797af86e133c763f389cfa8977cce5ab493338c04c0814e2820fb30,LINKED,,F,,65+,,541,
batch_001,encounters_athena_clinics.csv,986,ATHENA_CLINICS,125973,965e299a45f96e7e9693e30edeb4482df3ba4de9561e25281682bcf4465bb59d,LINKED,,F,,40-64,,611,
batch_001,encounters_athena_clinics.csv,987,ATHENA_CLINICS,123810,b2f3ae098859f7334a79af2653176e459148ea68ac19af9c6debf0fc4636147f,LINKED,,M,,40-64,,532,
batch_001,encounters_athena_clinics.csv,988,ATHENA_CLINICS,132754,66017a60ebb5199ec76f568ed7bc12c35b0d097001262aadc0d7fcdda3d48eb4,LINKED,,F,,UNKNOWN,AGE_BAND_ADMIT_UNAVAILABLE,531,
batch_001,encounters_athena_clinics.csv,989,ATHENA_CLINICS,131369,ac5ee46ea0f4df37b2a1e078064e310be8162d8479e910816797e99b2d446f50,LINKED,,F,,40-64,,531,
batch_001,encounters_athena_clinics.csv,990,ATHENA_CLINICS,111442,5f7f3974bf02593eaac647c5c01721f0c9c5a4b5fb81d5a19a871923f9e1fd6b,LINKED,,F,,65+,,543,
batch_001,encounters_athena_clinics.csv,991,ATHENA_CLINICS,112180,129401aaaede89e5a1799147747099c96706f733801efe7245c3793a78214e83,LINKED,,M,,40-64,,524,
batch_001,encounters_athena_clinics.csv,992,ATHENA_CLINICS,104166,d8891a58982499f1e92ce525be412f6227c43d3d9eda71d579dc9dac7c84078d,LINKED,,M,,40-64,,524,
batch_001,encounters_athena_clinics.csv,993,ATHENA_CLINICS,120119,b0b6b45fe052e8515aca8551ef58a50fec1b6e2d2416305949cffe7dacc20c0c,LINKED,,M,,40-64,,531,
batch_001,encounters_athena_clinics.csv,994,ATHENA_CLINICS,128830,8d37dee3dcdfdbe8f879033cb7c14c7d20735785a9b35a8b245006aac924f18a,LINKED,,M,,40-64,,531,
batch_001,encounters_athena_clinics.csv,995,ATHENA_CLINICS,100191,a11c2d07db81b21b40be043b4d689640ed99ba6c6af0abe83fba200b380abef3,LINKED,,F,,40-64,,520,
batch_001,encounters_athena_clinics.csv,996,ATHENA_CLINICS,127871,7903f134368bb9863666ee9a72f216646d64b3d5a8296572011019305245012a,LINKED,,M,,40-64,,520,
batch_001,encounters_athena_clinics.csv,997,ATHENA_CLINICS,111249,e244c0ead0af8a7ea186a2e831c3505cf7c95e344c01c0bb0fe302248cb1cdba,LINKED,,F,,18-39,,520,
batch_001,encounters_athena_clinics.csv,998,ATHENA_CLINICS,135491,6009ca7d43f97b10b1d7e1c9d7c58df502771fe8b7d57fa97dee79b24a659921,LINKED,,F,,40-64,,531,
batch_001,encounters_athena_clinics.csv,999,ATHENA_CLINICS,101223,d74bc5f20692778acd6257601c7198bc657cd818d604d30ef399f0fc02ddb78b,LINKED,,M,,18-39,,524,
batch_001,encounters_athena_clinics.csv,1000,ATHENA_CLINICS,102697,aa38a1c923eb364a7519c4c6b5cc470f7e07e1ca18a1706ae4184683cf82bf96,LINKED,,M,,40-64,,520,
batch_001,encounters_athena_clinics.csv,1001,ATHENA_CLINICS,125008,9a5f574473a67eca784ba91e0e6d6ae207ea3cfc361f20d15f243b8161ea03d2,LINKED,,M,,40-64,,531,
batch_001,encounters_athena_clinics.csv,1002,ATHENA_CLINICS,132378,029d0094b9e0e8a8485ebf61933b5f7ffa91a75fdf4a54f0f77ca183812205b1,LINKED,,F,,18-39,,531,
batch_001,encounters_athena_clinics.csv,1003,ATHENA_CLINICS,122764,a7dab7bb227d326b13d5b50419870826aeab63d6ace803b04d5f612f1dad43e9,LINKED,,F,,65+,,524,
batch_001,encounters_athena_clinics.csv,1004,ATHENA_CLINICS,107688,5486170f58053522005445b2094d0d4f9222aba7d1e23a8b1818c1be70317131,LINKED,,M,,40-64,,531,
batch_001,encounters_athena_clinics.csv,1005,ATHENA_CLINICS,112302,129401aaaede89e5a1799147747099c96706f733801efe7245c3793a78214e83,LINKED,,M,,40-64,,524,
batch_001,encounters_athena_clinics.csv,1006,ATHENA_CLINICS,121840,aaac25b97f7d2c80c945d7b70f1d945b4c86f5138c6b5c62b6a3b0d737fc5d0f,LINKED,,M,,40-64,,541,
batch_001,encounters_athena_clinics.csv,1007,ATHENA_CLINICS,106119,9b811e1b3cc32a15c7f094829a0aece23a598dd9d655f71ddbce07662fbd3b89,LINKED,,M,,65+,,543,
batch_001,encounters_athena_clinics.csv,1008,ATHENA_CLINICS,119272,26c09b500b993c23e2f51529ef5efa1c2af155d3d13f6554cdf42d0a2c9377c6,LINKED,,F,,40-64,,531,
batch_001,encounters_athena_clinics.csv,1009,ATHENA_CLINICS,134034,129401aaaede89e5a1799147747099c96706f733801efe7245c3793a78214e83,LINKED,,M,,40-64,,524,
batch_001,encounters_athena_clinics.csv,1010,ATHENA_CLINICS,102057,1ec8f79d559229843e03cb9f68cd320295cab41a3f93e12b5de1d3384e4b8955,LINKED,,M,,65+,,520,
batch_001,encounters_athena_clinics.csv,1011,ATHENA_CLINICS,123434,b56c8d909bedbd222a0e17bd49319815e292608b8a624dca8c41e712b9f13031,LINKED,,M,,40-64,,524,
batch_001,encounters_athena_clinics.csv,1012,ATHENA_CLINICS,103783,b417eb821ca27d02625520d1fb62e39224838d52035f20a42ba379f0e408ff7f,LINKED,,F,,40-64,,531,
batch_001,encounters_athena_clinics.csv,1013,ATHENA_CLINICS,111748,e20e94c379775d102e7a0c5899517413004be9a8137011b0be547e8c9b713da5,LINKED,,F,,40-64,,537,
batch_001,encounters_athena_clinics.csv,1014,ATHENA_CLINICS,125622,c9772e2ee80ff59713115b86a27fb0196b0e407e9d190c4db2d4c46b809fa367,LINKED,,F,,40-64,,531,
batch_001,encounters_athena_clinics.csv,1015,ATHENA_CLINICS,102866,c6cda1df38827a4d7a71172e935e5af853a8914605dc8e25e3944b2c5cb40039,LINKED,,F,,65+,,531,
batch_001,encounters_athena_clinics.csv,1016,ATHENA_CLINICS,134281,8342ecb05f439b9fde39ed5c1a5dd565f991d94682a6e161e4b3e6b0546fd0fe,LINKED,,F,,40-64,,531,
batch_001,encounters_athena_clinics.csv,1017,ATHENA_CLINICS,107695,aefd18d7ef9e040ad89d734dd1f9226bef389719496b5277f9626930f7febaad,LINKED,,M,,40-64,,532,
batch_001,encounters_athena_clinics.csv,1018,ATHENA_CLINICS,130634,6944ee8572a26232abd3fd58f026ad329d0437e2efdacb2595212d341c2eea58,LINKED,,M,,40-64,,543,
batch_001,encounters_athena_clinics.csv,1019,ATHENA_CLINICS,135441,df7ce2a1a3b7c0986c53b7d8fe084f437ec80496594ea0272b537c36f5e795d8,LINKED,,F,,40-64,,524,
batch_001,encounters_athena_clinics.csv,1020,ATHENA_CLINICS,135787,6c0e5303eaf144ad77cc3faf748e1f0c12707ddedba16c9a30e3882cc8d1507c,LINKED,,M,,40-64,,524,
batch_001,encounters_athena_clinics.csv,1021,ATHENA_CLINICS,102273,e7b022e30ea6f720241dd5d58e5ca9de7f1c9928f77d8360842629c2845dcd5d,LINKED,,M,,40-64,,532,
batch_001,encounters_athena_clinics.csv,1022,ATHENA_CLINICS,108098,9011221dcfc658d0a938717af02c54fca52524b527ac9e7946dbde2ab7b3c608,LINKED,,M,,40-64,,520,
batch_001,encounters_athena_clinics.csv,1023,ATHENA_CLINICS,106060,fff455ff80881fa2ffc2e2765fcfd775d1d4ea4c3b2a9a91943c9abd1f70a2cf,LINKED,,F,,40-64,,524,
batch_001,encounters_athena_clinics.csv,1024,ATHENA_CLINICS,114666,e4e5acf3112b8aee492a71ce95dda71b53d67f9c82e7bdae6c30085b7cb6bfdf,LINKED,,F,,40-64,,532,
batch_001,encounters_athena_clinics.csv,1025,ATHENA_CLINICS,129997,97902dbd6e4d6d4bb24a308776274ff52e1b15367ab109984de20f68e2b5b12d,LINKED,,M,,18-39,,543,
batch_001,encounters_athena_clinics.csv,1026,ATHENA_CLINICS,108455,837f414619a4f3820f000da41a8d54007bca6d185e4e9e941fdb97f1c460fbc1,LINKED,,M,,40-64,,537,
batch_001,encounters_athena_clinics.csv,1027,ATHENA_CLINICS,111824,3d617f962cc89cf47e39a5a793deef48309341e5a1f17d7a866ef913dd94e85c,LINKED,,F,,40-64,,541,
batch_001,encounters_athena_clinics.csv,1028,ATHENA_CLINICS,111039,2291d45abdf5ae64efe5bbfe170178aa5a507d9a921b83d0cc9ddf8c852849ef,LINKED,,F,,65+,,543,
batch_001,encounters_athena_clinics.csv,1029,ATHENA_CLINICS,105968,3461593a686e57b9a180ae7129fe1c9666ded87150562403b2b6f6f54231e4ab,LINKED,,F,,18-39,,541,
batch_001,encounters_athena_clinics.csv,1030,ATHENA_CLINICS,100939,d4217112e493d8859bef8a13de4eb0ed383f18901dfe0a954c5738e4d0e9b442,LINKED,,M,,65+,,524,
batch_001,encounters_athena_clinics.csv,1031,ATHENA_CLINICS,103427,dad26770882e1efaef4127bdf5e277c3b97662f601165f142bdc7e61154cbede,LINKED,,F,,65+,,543,
batch_001,encounters_athena_clinics.csv,1032,ATHENA_CLINICS,100969,c4a84863d0e9628342a33c382001221eef9c1a21eb5e7890dda4fe9697e1b810,LINKED,,M,,65+,,524,
batch_001,encounters_athena_clinics.csv,1033,ATHENA_CLINICS,100603,58bfe94f274a22eebfc02cdbebd4b4cc9b1652be1e139fc25a8277ee2e59cd2a,LINKED,,M,,0-17,,531,
batch_001,encounters_athena_clinics.csv,1034,ATHENA_CLINICS,120603,db97aa49a709b9252335a66b0fde9c722ee46dd2376d87650e3df4b8c994305f,LINKED,,F,,65+,,524,
batch_001,encounters_athena_clinics.csv,1035,ATHENA_CLINICS,110399,54fef6e88a3230a6acc47c509a4c081fa836475432a86f82496d69899b32daa2,LINKED,,M,,65+,,541,
batch_001,encounters_athena_clinics.csv,1036,ATHENA_CLINICS,127643,55b8cc26c5bc4645629e72d1b13b72f12c79a96b242b06143eafa54616dd0a9c,LINKED,,F,,40-64,,532,
batch_001,encounters_athena_clinics.csv,1037,ATHENA_CLINICS,106031,e042e2ccb0ad7fca26413d84b1b491952ebf6258c38a264700d06ae646ccc87b,LINKED,,M,,18-39,,541,
batch_001,encounters_athena_clinics.csv,1038,ATHENA_CLINICS,128141,ef5cdd6998cd2b085758e2491cecedb71134acf64a398059dbfe9a2d91d9ce9b,LINKED,,F,,40-64,,524,
batch_001,encounters_athena_clinics.csv,1039,ATHENA_CLINICS,110617,e4e5acf3112b8aee492a71ce95dda71b53d67f9c82e7bdae6c30085b7cb6bfdf,LINKED,,F,,40-64,,532,
batch_001,encounters_athena_clinics.csv,1040,ATHENA_CLINICS,110172,029d0094b9e0e8a8485ebf61933b5f7ffa91a75fdf4a54f0f77ca183812205b1,LINKED,,F,,18-39,,531,
batch_001,encounters_athena_clinics.csv,1041,ATHENA_CLINICS,125492,0bd53c602dd14429b5a34ba989d186e76149b367eb3fb99dfe7a4da950ed2c1c,LINKED,,F,,40-64,,541,
batch_001,encounters_athena_clinics.csv,1042,ATHENA_CLINICS,119681,622b758cba797910cf82495a185ad312075001a3ef5bad15c363a0f425720fba,LINKED,,F,,40-64,,543,
batch_001,encounters_athena_clinics.csv,1043,ATHENA_CLINICS,135481,bb71add7ca0e7df7feec6c7b608cac38643d91d94848b5d4ca78057ecc74490b,LINKED,,F,,65+,,524,
batch_001,encounters_athena_clinics.csv,1044,ATHENA_CLINICS,108801,bf78298b0e07c9e029a725a277fd2ca635e7f785e3273ef341e51fa562ac310c,LINKED,,F,,18-39,,520,
batch_001,encounters_athena_clinics.csv,1045,ATHENA_CLINICS,130873,4b585397b7687c88503e8c1dc0cd90d1996300b4da48c0072690022b0ddf3f29,LINKED,,F,,18-39,,537,
batch_001,encounters_athena_clinics.csv,1046,ATHENA_CLINICS,125916,022ca5e29860b93259cf6bffaa4202a327015a375a9204daad751de23f2dde40,LINKED,,M,,65+,,537,
batch_001,encounters_athena_clinics.csv,1047,ATHENA_CLINICS,138194,ef5cdd6998cd2b085758e2491cecedb71134acf64a398059dbfe9a2d91d9ce9b,LINKED,,F,,40-64,,524,
batch_001,encounters_athena_clinics.csv,1048,ATHENA_CLINICS,105801,02b72ffad8c74249be20f7abf1100f1b008dcc310f2194bf255dba494ee0e923,LINKED,,F,,18-39,,532,
batch_001,encounters_athena_clinics.csv,1049,ATHENA_CLINICS,119810,3be5563a8fdc16588804f17b48b1a14723df0ce42a9b44e09dcabb1554f1e124,LINKED,,M,,65+,,531,
batch_001,encounters_athena_clinics.csv,1050,ATHENA_CLINICS,133693,3c1609d2404df9e633be9faccacc215b1bd76f12afbc23a9d7d27a3cd1f39e94,LINKED,,M,,40-64,,532,
batch_001,encounters_athena_clinics.csv,1051,ATHENA_CLINICS,129036,e0541b79238c4040a6bae3bd1e7ee789d6e64cfc59a444502fd4492d298ce872,LINKED,,M,,40-64,,520,
batch_001,encounters_athena_clinics.csv,1052,ATHENA_CLINICS,120062,bfdfda9f198d0f86282d4e94e381d9bb3426ca9b50b062fa61ded8a4db7064a1,LINKED,,F,,40-64,,520,
batch_001,encounters_athena_clinics.csv,1053,ATHENA_CLINICS,128060,6bb5f322f82ba8f52d959c0e499efa77149bc6ed9976828dcab67a51291ac066,LINKED,,F,,40-64,,520,
batch_001,encounters_athena_clinics.csv,1054,ATHENA_CLINICS,104637,bb8b03172cf4a57e3c050513ab6a0b435adfb02d175a6bc4377f9f108e76d78f,LINKED,,F,,18-39,,537,
batch_001,encounters_athena_clinics.csv,1055,ATHENA_CLINICS,131274,a93aeef597f1fa17baaf3ccbe7bb61a593ef5693ea11dc1a1b91077e40a84ce3,LINKED,,F,,40-64,,524,
batch_001,encounters_athena_clinics.csv,1056,ATHENA_CLINICS,103108,fb63c31909cb207589c26f34b58d43dd5728cce75cd279d6110fccecab0f6c71,LINKED,,M,,40-64,,520,
batch_001,encounters_athena_clinics.csv,1057,ATHENA_CLINICS,103928,0bd53c602dd14429b5a34ba989d186e76149b367eb3fb99dfe7a4da950ed2c1c,LINKED,,F,,40-64,,541,
batch_001,encounters_athena_clinics.csv,1058,ATHENA_CLINICS,132475,b964860af8b7bd10b6127f012c4ec5dc2285a0d4d2c4a3adbeaef172fb3c4d09,LINKED,,M,,65+,,532,
batch_001,encounters_athena_clinics.csv,1059,ATHENA_CLINICS,139999,c96db337938787615f2f5858d38d2d89f1bebfe9286aca6dff9c96f6ec7e29c9,LINKED,,F,,65+,,524,
batch_001,encounters_athena_clinics.csv,1060,ATHENA_CLINICS,131274,a93aeef597f1fa17baaf3ccbe7bb61a593ef5693ea11dc1a1b91077e40a84ce3,LINKED,,F,,40-64,,524,
batch_001,encounters_athena_clinics.csv,1061,ATHENA_CLINICS,126551,349bb29751a6e360becf6b1c751f1eeba724069314475b15c88f1a508ecb6144,LINKED,,F,,40-64,,524,
batch_001,encounters_athena_clinics.csv,1062,ATHENA_CLINICS,129930,d6368cebfdb34f4c2853ce658efdd6d76e090b0bfe77333de1844c0f18fb0262,LINKED,,F,,40-64,,520,
batch_001,encounters_athena_clinics.csv,1063,ATHENA_CLINICS,116591,7b247182695667b0dccfc06d4739f22d89d7fb80375b0ce4b7ba9df7370f1510,LINKED,,F,,40-64,,532,
batch_001,encounters_athena_clinics.csv,1064,ATHENA_CLINICS,111969,bf78298b0e07c9e029a725a277fd2ca635e7f785e3273ef341e51fa562ac310c,LINKED,,F,,18-39,,520,
batch_001,encounters_athena_clinics.csv,1065,ATHENA_CLINICS,124324,842c328e306dad1b4f1617e5f42b6c028a6f6c4bdadf40be2c82c80d8e10d417,LINKED,,F,,40-64,,524,
batch_001,encounters_athena_clinics.csv,1066,ATHENA_CLINICS,114517,f86690d8992be0a5024bbd7d2a95e6a60a19b452279c9929c56ee5a350181910,LINKED,,F,,65+,,520,
batch_001,encounters_athena_clinics.csv,1067,ATHENA_CLINICS,107706,faf60aaef82f9fce0f4f101aabc9c9f9e5acf00d17b9cd921376f5f1fc1e520e,LINKED,,M,,40-64,,543,
batch_001,encounters_athena_clinics.csv,1068,ATHENA_CLINICS,119454,d8f6db0ceea761a1001f08f1a99277c18e28a62661e2269f9471bafc938e7136,LINKED,,M,,65+,,531,
batch_001,encounters_athena_clinics.csv,1069,ATHENA_CLINICS,112421,ac528e4d4797af86e133c763f389cfa8977cce5ab493338c04c0814e2820fb30,LINKED,,F,,65+,,541,
batch_001,encounters_athena_clinics.csv,1070,ATHENA_CLINICS,103333,97902dbd6e4d6d4bb24a308776274ff52e1b15367ab109984de20f68e2b5b12d,LINKED,,M,,40-64,,543,
batch_001,encounters_athena_clinics.csv,1071,ATHENA_CLINICS,105609,ebe3664c7678582fe1b01a194be447176b2e694731525c6c18e22056f0ca266b,LINKED,,F,,40-64,,537,
batch_001,encounters_athena_clinics.csv,1072,ATHENA_CLINICS,105444,8117f5f26e4411b536fc1e43978af5abd443d46e75550f96f27dc4b59112bf56,LINKED,,M,,65+,,524,
batch_001,encounters_athena_clinics.csv,1073,ATHENA_CLINICS,125781,b496a8c65e7f18580ed2ea44b296f33d50e6e317be04f8fbdd04ba0455c92e8c,LINKED,,M,,65+,,531,
batch_001,encounters_athena_clinics.csv,1074,ATHENA_CLINICS,137588,5d8806d882c961df870145c68b428ba613e97ac5477142ecc698c3bdec6af325,LINKED,,F,,65+,,524,
batch_001,encounters_athena_clinics.csv,1075,ATHENA_CLINICS,137264,26dfe60dd85b0c466457ed8ad7611f8786b10e31c7e6bf667db801b005bad5f5,LINKED,,F,,65+,,524,
batch_001,encounters_athena_clinics.csv,1076,ATHENA_CLINICS,101050,30685b11f6e8fa14c3949e87a52aaa32fc62a1f78694adf03fa8717833bc10a0,LINKED,,M,,18-39,,531,
batch_001,encounters_athena_clinics.csv,1077,ATHENA_CLINICS,135300,d6368cebfdb34f4c2853ce658efdd6d76e090b0bfe77333de1844c0f18fb0262,LINKED,,F,,40-64,,520,
batch_001,encounters_athena_clinics.csv,1078,ATHENA_CLINICS,111871,5d9d7e13d599ce1b3d6cd8bb8ba11caeac42751bc94b6b1733ce313f2b3aea54,LINKED,,M,,40-64,,537,
batch_001,encounters_athena_clinics.csv,1079,ATHENA_CLINICS,106633,e89f4653e825dadd34491eb6390e9820a598ec0e2ecd1064d9ed1a02f25405d7,LINKED,,M,,40-64,,524,
batch_001,encounters_athena_clinics.csv,1080,ATHENA_CLINICS,131765,b7fe8f26e79879921cde1e113f7413f45f9b50a5bfd4928d485d72e7870f340f,UNLINKED,PATIENT_UNLINKED_NO_DOB,F,,UNKNOWN,AGE_BAND_DOB_UNAVAILABLE,541,
batch_001,encounters_athena_clinics.csv,1081,ATHENA_CLINICS,137157,bb71add7ca0e7df7feec6c7b608cac38643d91d94848b5d4ca78057ecc74490b,LINKED,,F,,65+,,524,
batch_001,encounters_athena_clinics.csv,1082,ATHENA_CLINICS,130567,530c68ce5d486ee81305f358343ceec150439d0a08607dbb264dd4058bfd1770,LINKED,,M,,40-64,,541,
batch_001,encounters_athena_clinics.csv,1083,ATHENA_CLINICS,134910,9011221dcfc658d0a938717af02c54fca52524b527ac9e7946dbde2ab7b3c608,LINKED,,M,,40-64,,520,
batch_001,encounters_athena_clinics.csv,1084,ATHENA_CLINICS,129409,7a935dac7e7d868c988ab720a908d5b83199df186199b6e407264d649a5abcc8,LINKED,,M,,40-64,,543,
batch_001,encounters_athena_clinics.csv,1085,ATHENA_CLINICS,125396,f0982df256debf7aca88ddeb10312fd27d68d5050bfd2b9dfb32d8fec812ffc4,LINKED,,M,,18-39,,541,
batch_001,encounters_athena_clinics.csv,1086,ATHENA_CLINICS,126161,1807ca46c711d58ac96c8a59571002bec4a6935735182d9731f233a04b568f75,LINKED,,F,,18-39,,524,
batch_001,encounters_athena_clinics.csv,1087,ATHENA_CLINICS,121852,79689f8915d89a037acb0e4eac8e79a7806553be0c0e46c764d70828d87439c2,LINKED,,M,,40-64,,520,
batch_001,encounters_athena_clinics.csv,1088,ATHENA_CLINICS,123643,5854706554c1fe1f00b6745b3e0cee1c466a8ee63a787294bdc9474451d5e1a0,LINKED,,F,,18-39,,520,
batch_001,encounters_athena_clinics.csv,1089,ATHENA_CLINICS,102732,ac5ee46ea0f4df37b2a1e078064e310be8162d8479e910816797e99b2d446f50,LINKED,,F,,40-64,,531,
batch_001,encounters_athena_clinics.csv,1090,ATHENA_CLINICS,137309,f3d867eba4de75fd5035e8a0e6c1f977684f4f49d09d9f57f5f0cbc7f05e8666,LINKED,,F,,65+,,531,
batch_001,encounters_epic_north.csv,1,EPIC_NORTH,E3335321,04896ee3429176acb6dd3ec578593718847094962c7abfbb179189fe0d0228a2,LINKED,,M,,18-39,,541,
batch_001,encounters_epic_north.csv,2,EPIC_NORTH,E3970475,b8ec2662d46975c97d2b25f93e226ab772f84abe7abb14ffdaf8c7b8bb3a416a,LINKED,,M,,40-64,,537,
batch_001,encounters_epic_north.csv,3,EPIC_NORTH,E9539493,2cdc77e081b6ed4baac21dafad6d9899d178918b9e570879129308190726bee1,LINKED,,F,,0-17,,543,
batch_001,encounters_epic_north.csv,4,EPIC_NORTH,E7716388,91e6ddd2f7da2165e22cb7723792d32cc4c7b6c6cbd657fbb6d7a4bd0b43c611,LINKED,,F,,65+,,541,
batch_001,encounters_epic_north.csv,5,EPIC_NORTH,E8731593,94968b079abd7ed530e653ff63999ba5aa59e50436be73bf8433c8657f88a1f4,LINKED,,F,,65+,,532,
batch_001,encounters_epic_north.csv,6,EPIC_NORTH,E5119719,851caa579b0e9823589a30f289f428ee1d980c7346378c13b675903cb1547b94,LINKED,,F,,40-64,,537,
batch_001,encounters_epic_north.csv,7,EPIC_NORTH,E9617201,5486170f58053522005445b2094d0d4f9222aba7d1e23a8b1818c1be70317131,LINKED,,M,,40-64,,531,
batch_001,encounters_epic_north.csv,8,EPIC_NORTH,E4930828,a18a4680404dbede215c6b7e5b98be7553a99f8a64adc73c619a80c00f2470f5,LINKED,,F,,0-17,,531,
batch_001,encounters_epic_north.csv,9,EPIC_NORTH,E8351770,cf5fc472278d8a653ea6f92151a6fd9d57ae01a47e2df8991239498a6da82e2b,LINKED,,F,,65+,,543,
batch_001,encounters_epic_north.csv,10,EPIC_NORTH,E3553293,bc18662028955124c31b196b2c9a2fdb4295f8d459e010a8735ef3ddea4012ab,LINKED,,F,,18-39,,541,
batch_001,encounters_epic_north.csv,11,EPIC_NORTH,E3011922,7b566a651b8f28d90d3d6f5dd452f8bc61c17413373c1dc993fae73c5d2fc8a7,LINKED,,M,,40-64,,537,
batch_001,encounters_epic_north.csv,12,EPIC_NORTH,E6921519,3896ba8fb97187d9e4482fbb2e7b659929ece6a4564179968f9567ee7fb2415f,LINKED,,F,,65+,,541,
batch_001,encounters_epic_north.csv,13,EPIC_NORTH,E7758580,0aa2222486c0c28c19cfdea675daa41763b8811290bc6a12ab021489ef5b9e77,LINKED,,F,,65+,,543,
batch_001,encounters_epic_north.csv,14,EPIC_NORTH,E8652164,bd8306d5ec8cc88318a48f19552cf39c51c3e2bfc9a09de7c24aecbaa70cf15a,LINKED,,F,,40-64,,531,
batch_001,encounters_epic_north.csv,15,EPIC_NORTH,E2056472,f83d042a3f20a67ab33eec027d4e5a4731562cd0e552efbe44cab8d269839cf2,LINKED,,F,,40-64,,532,
batch_001,encounters_epic_north.csv,16,EPIC_NORTH,E6398699,30cddb33bb4e32bee0e81c89b92c932bbbe1cddd75c67bf135c8f0b4bf7a23f7,LINKED,,F,,18-39,,531,
batch_001,encounters_epic_north.csv,17,EPIC_NORTH,E8344423,0e19ae035e4a3e928c20ff46b12e06bafbc2cdd48da16b509f409d26425b7426,LINKED,,M,,65+,,543,
batch_001,encounters_epic_north.csv,18,EPIC_NORTH,E2873883,874c105288fd327ecace323079259e4abd7b86a963bc54189cb7c6cce1cd3b82,LINKED,,F,,0-17,,543,
batch_001,encounters_epic_north.csv,19,EPIC_NORTH,E9624434,71b7fbf9621e88c13ac9dff85700cd3daf4984bdb1ba07e0ba90324626eab9ba,LINKED,,F,,40-64,,537,
batch_001,encounters_epic_north.csv,20,EPIC_NORTH,E1881669,87e5964bcb3d3bf0bb78962d932134aa3a16c67a7c444144a7161bb57845b598,LINKED,,M,,40-64,,524,
batch_001,encounters_epic_north.csv,21,EPIC_NORTH,E6776742,dc5abe9414c3f76925d8323742bf57522478adbb15f5ed4f00929f37ee6d3928,LINKED,,F,,40-64,,537,
batch_001,encounters_epic_north.csv,22,EPIC_NORTH,E5356867,b5ec2ada86674cfd8f6505f3516d491d7ead091de49f9f887e6ecd13331f354c,LINKED,,F,,40-64,,543,
batch_001,encounters_epic_north.csv,23,EPIC_NORTH,E1414441,25436349dd0a51c0a19cd16a7cbc0fccdb3cd06e0cc21f5b2d5c542fd2828348,LINKED,,M,,65+,,537,
batch_001,encounters_epic_north.csv,24,EPIC_NORTH,E8994378,38512853850d9584157e790d4786f5b6cfd37d64b6f09bbd4f7037c64b006b85,LINKED,,M,,18-39,,537,
batch_001,encounters_epic_north.csv,25,EPIC_NORTH,E3282828,06bf7a1d03ddebabb1547089018afcf769861c2a1c07eb4c3234771be410b89b,LINKED,,F,,40-64,,524,
batch_001,encounters_epic_north.csv,26,EPIC_NORTH,E1192221,38512853850d9584157e790d4786f5b6cfd37d64b6f09bbd4f7037c64b006b85,LINKED,,M,,18-39,,537,
batch_001,encounters_epic_north.csv,27,EPIC_NORTH,E3004274,14da5717f81afaa68b151fbc8a4d045525743270cbf9b4a04b4b11a88b280779,LINKED,,F,,65+,,537,
batch_001,encounters_epic_north.csv,28,EPIC_NORTH,E2840595,efc7581de7ab4bed5f068371a674820351cc089f9c0ded4364a3cfbb1e236359,LINKED,,M,,65+,,531,
batch_001,encounters_epic_north.csv,29,EPIC_NORTH,E1256326,db563b7cd2e906c0abe528f4ddb5af65c1686b9c50e788cc62a7f59f9b1fa671,LINKED,,F,,0-17,,543,
batch_001,encounters_epic_north.csv,30,EPIC_NORTH,E3290010,0fb83ec0cb5e902222c5bd5cb73b1de9d2b08002b9c139659d14df763a3bc30f,LINKED,,F,,40-64,,531,
batch_001,encounters_epic_north.csv,31,EPIC_NORTH,E8910102,416fca805a1008ae038cae12b6834ad81817339dbb5bf512bc88c538199aace2,LINKED,,F,,40-64,,541,
batch_001,encounters_epic_north.csv,32,EPIC_NORTH,E8636001,9e57d7d57941acc13f77eee84fc82fa53bdf44f769f97ae937d13ef68eb55edd,LINKED,,M,,40-64,,532,
batch_001,encounters_epic_north.csv,33,EPIC_NORTH,E3963583,2b297d39efe1860edbe0b241258c0885460206a72ce9cc79bfc8805138477393,LINKED,,F,,0-17,,532,
batch_001,encounters_epic_north.csv,34,EPIC_NORTH,E4724931,db64bd54d41359cf45f6114f22c0ffd2493ff8d11cccb65eb131254042118fd7,LINKED,,M,,40-64,,541,
batch_001,encounters_epic_north.csv,35,EPIC_NORTH,E5400839,c47dbf897847f449b06939e2af5a5eae58b4e50620404602d9a7b20f0e9bbaaf,LINKED,,F,,65+,,532,
batch_001,encounters_epic_north.csv,36,EPIC_NORTH,E1863015,47724b62c80532b0c437fc8ff5d6d74d4102445b4bfffff476fd7efd6c357109,LINKED,,M,,40-64,,541,
batch_001,encounters_epic_north.csv,37,EPIC_NORTH,E2777620,be5a267e2634745e6453ba04fa15bdf47cb3ddee720581bf9b56c063eb4b1527,LINKED,,F,,65+,,541,
batch_001,encounters_epic_north.csv,38,EPIC_NORTH,E1050924,02b72ffad8c74249be20f7abf1100f1b008dcc310f2194bf255dba494ee0e923,LINKED,,F,,18-39,,532,
batch_001,encounters_epic_north.csv,39,EPIC_NORTH,E4335270,da802ea81d2536b3421e85cfbddd0fb45723e4baf24ece39af5b96449d3e6ca2,LINKED,,F,,65+,,543,
batch_001,encounters_epic_north.csv,40,EPIC_NORTH,E8342213,9e60969ca059707139c86fc2416c5cdd22a3eed6e9ff6ebba3774622cf6f9877,LINKED,,M,,40-64,,537,
batch_001,encounters_epic_north.csv,41,EPIC_NORTH,E1600255,e68312caa9a11eb2d55ac957aeecd5e7d7228f9bd10cc4d2738e1f98bd9f60bc,LINKED,,M,,0-17,,543,
batch_001,encounters_epic_north.csv,42,EPIC_NORTH,E2667241,6ec178353f8af4b1138e09acfd6c796891ff34fe2469ab7fcccbbe7eff150ca7,LINKED,,M,,40-64,,537,
batch_001,encounters_epic_north.csv,43,EPIC_NORTH,E2053655,dd88479364dd32b54b0222d105ef6e64e3fae43ff39f0bf43320eba3113e772e,LINKED,,M,,0-17,,537,
batch_001,encounters_epic_north.csv,44,EPIC_NORTH,E8074818,434530db34a4df0b94a8b1c23f7195ae291f03827b1d66e6e8544535d4c20f4c,LINKED,,M,,40-64,,541,
batch_001,encounters_epic_north.csv,45,EPIC_NORTH,E9931549,4d45ee70c93ae9dcaaa8a0ab4e92f0b22cdf905efdb103ce91a055926e0d9fde,LINKED,,F,,18-39,,537,
batch_001,encounters_epic_north.csv,46,EPIC_NORTH,E1156891,5d8806d882c961df870145c68b428ba613e97ac5477142ecc698c3bdec6af325,LINKED,,F,,65+,,524,
batch_001,encounters_epic_north.csv,47,EPIC_NORTH,E4716884,bfd1fa374b8aff71041201fd7937a30a58259a25500af659474a80a0e3819bc5,LINKED,,M,,40-64,,537,
batch_001,encounters_epic_north.csv,48,EPIC_NORTH,E2642842,a55399b48544ca7efec47d85a6cd1b6f6956019b6e292a6e34bfcab20e07551d,LINKED,,F,,65+,,531,
batch_001,encounters_epic_north.csv,49,EPIC_NORTH,E8426544,d7747976dbae590d4f8864ec50a1eeaa5433fa9c628e31d3e20139d9ceb27506,LINKED,,F,,40-64,,531,
batch_001,encounters_epic_north.csv,50,EPIC_NORTH,E5229611,43c374e5ab9784e9995da33a6f2cc08b0f70943fb644befc5e771dc00f1be065,LINKED,,M,,UNKNOWN,AGE_BAND_ADMIT_UNAVAILABLE,531,
batch_001,encounters_epic_north.csv,51,EPIC_NORTH,E6508471,64caff9212f30b06b03d80809d16bae76efcff03773232912d70febe4b28d70d,LINKED,,M,,40-64,,531,
batch_001,encounters_epic_north.csv,52,EPIC_NORTH,E8603875,e69df4f6a6cd96d4787f2b2dd1c9dc4785f5bbabf2784512f6c75912b0cffc1f,LINKED,,F,,40-64,,541,
batch_001,encounters_epic_north.csv,53,EPIC_NORTH,E9236920,1c88649def79030b7bcaeb352364a2250fa235edfa6b261662c5447e275cb8dc,LINKED,,F,,40-64,,532,
batch_001,encounters_epic_north.csv,54,EPIC_NORTH,E1121209,5199c53b89ccc0bfce13f1d5740cbd42bf02a5f3854429249373db9e94886a48,LINKED,,M,,40-64,,543,
batch_001,encounters_epic_north.csv,55,EPIC_NORTH,E4616438,fd00f630227d705879670e8edffa1b29cb37dda60e08c3b4af6d653e8809757a,LINKED,,M,,0-17,,541,
batch_001,encounters_epic_north.csv,56,EPIC_NORTH,E5554922,a3dd71bcc327b10fe1b25839ee2adcb81ce2069953a2d096ed6a3e205c15fb49,LINKED,,F,,40-64,,537,
batch_001,encounters_epic_north.csv,57,EPIC_NORTH,E1941740,9a1663305d5d19f03d1b0443d13c4d56bd0a8d2a8860560f477c37775b5da5f0,LINKED,,F,,0-17,,532,
batch_001,encounters_epic_north.csv,58,EPIC_NORTH,E3612485,12418dd51691ef1d3f95c867c5b80c83ed65b9202322886ff64ea28b2894619e,LINKED,,F,,0-17,,531,
batch_001,encounters_epic_north.csv,59,EPIC_NORTH,E6036923,456bf7c1b2e9ed4b049dec352783f9254d89dcf6475a62acf1c6e598ce6b532a,LINKED,,F,,65+,,532,
batch_001,encounters_epic_north.csv,60,EPIC_NORTH,E8674071,3be5563a8fdc16588804f17b48b1a14723df0ce42a9b44e09dcabb1554f1e124,LINKED,,M,,65+,,531,
batch_001,encounters_epic_north.csv,61,EPIC_NORTH,E3008027,ad762673861a47183a41924844c5fdd767c88009d9d507c16e2a465b5122a526,LINKED,,F,,0-17,,541,
batch_001,encounters_epic_north.csv,62,EPIC_NORTH,E1928914,800432d0d4752056e2f49bfa1816e231f853488582715d57e533bfc043b7bd49,LINKED,,F,,65+,,531,
batch_001,encounters_epic_north.csv,63,EPIC_NORTH,E8989352,be5a267e2634745e6453ba04fa15bdf47cb3ddee720581bf9b56c063eb4b1527,LINKED,,F,,65+,,541,
batch_001,encounters_epic_north.csv,64,EPIC_NORTH,E9584754,44db6ec93bbfabc6e97ebcdb2aa03674714d029499cc436403843dd195a7cbb4,LINKED,,M,,40-64,,543,
batch_001,encounters_epic_north.csv,65,EPIC_NORTH,E4683187,f6e55bbef1cfb37d307229372711c5a062ec5dfd7d86486890bd6471f7a93d5f,LINKED,,M,,40-64,,541,
batch_001,encounters_epic_north.csv,66,EPIC_NORTH,E7863917,974b11ed568cd8259d1404237a67fbe4e56591f2e9023dc9ecc10984ca061a5a,LINKED,,M,,18-39,,541,
batch_001,encounters_epic_north.csv,67,EPIC_NORTH,E2426500,44db6ec93bbfabc6e97ebcdb2aa03674714d029499cc436403843dd195a7cbb4,LINKED,,M,,40-64,,543,
batch_001,encounters_epic_north.csv,68,EPIC_NORTH,E2670875,ffe2c1654d41deaa850e07f6839e8641cd64b66c471a79918866cf563dcaed03,LINKED,,F,,0-17,,532,
batch_001,encounters_epic_north.csv,69,EPIC_NORTH,E9174193,3b7b739c2fbd1fcb4516b0d58b06344cfdbc3a1934f714a429c1e9bc73915257,LINKED,,F,,65+,,532,
batch_001,encounters_epic_north.csv,70,EPIC_NORTH,E3458527,6cab6e09b41461d70b59e677fd88bbf4015e715dcfdaf7374ebfe4c76a79265c,LINKED,,M,,0-17,,531,
batch_001,encounters_epic_north.csv,71,EPIC_NORTH,E4616460,d243ffeccc7554237b8da4eb44df3623d47c70c5895f194411537199e5f3ecd6,LINKED,,M,,40-64,,532,
batch_001,encounters_epic_north.csv,72,EPIC_NORTH,E4073886,456bf7c1b2e9ed4b049dec352783f9254d89dcf6475a62acf1c6e598ce6b532a,LINKED,,F,,65+,,532,
batch_001,encounters_epic_north.csv,73,EPIC_NORTH,E2218862,86c1271c2fc8bea6972ada73194adc1caf0907d3bb2eea00c4e05d9efb7bc411,LINKED,,F,,18-39,,541,
batch_001,encounters_epic_north.csv,74,EPIC_NORTH,E4839285,4abd2a1394e43cd857407bbbd71f5e9ff42266fa4c097dae2c2df0c189256760,LINKED,,F,,65+,,532,
batch_001,encounters_epic_north.csv,75,EPIC_NORTH,E7251546,5e12e521b877024ff6d129b91217b2ff50a57e24e0df8f1543455d2b5c35be75,LINKED,,F,,40-64,,531,
batch_001,encounters_epic_north.csv,76,EPIC_NORTH,E8105289,d4ac4a2201b4cda0bc9ed1e745bbe07bab54fe79bae69a585ef941bf492fe1ba,LINKED,,F,,40-64,,531,
batch_001,encounters_epic_north.csv,77,EPIC_NORTH,E5643795,2eea1356e78289f646c92f008043c87625eade794cc3ab578730c4a694e0b823,LINKED,,M,,18-39,,532,
batch_001,encounters_epic_north.csv,78,EPIC_NORTH,E9338668,21439a374e64e85119012e15501447dc88cc142252a90771d62d5c27ae2c51d1,LINKED,,M,,0-17,,532,
batch_001,encounters_epic_north.csv,79,EPIC_NORTH,E8876545,ce569b5860104cd71f133b23ebce62af52c1820d942b7b81660ac4089b32c925,LINKED,,M,,40-64,,532,
batch_001,encounters_epic_north.csv,80,EPIC_NORTH,E4696998,f86690d8992be0a5024bbd7d2a95e6a60a19b452279c9929c56ee5a350181910,LINKED,,F,,65+,,520,
batch_001,encounters_epic_north.csv,81,EPIC_NORTH,E8649339,d4ac4a2201b4cda0bc9ed1e745bbe07bab54fe79bae69a585ef941bf492fe1ba,LINKED,,F,,40-64,,531,
batch_001,encounters_epic_north.csv,82,EPIC_NORTH,E1222056,5d8806d882c961df870145c68b428ba613e97ac5477142ecc698c3bdec6af325,LINKED,,F,,65+,,524,
batch_001,encounters_epic_north.csv,83,EPIC_NORTH,E1374440,2e9bf27e182836698f04dcdba38336d83babf2fa0a72bc270a7d62f684c384d6,LINKED,,M,,40-64,,532,
batch_001,encounters_epic_north.csv,84,EPIC_NORTH,E5434866,0732716fea8968d41904e071b06ba72544981c9cc816644b3a80499a9f9f6223,LINKED,,F,,40-64,,537,
batch_001,encounters_epic_north.csv,85,EPIC_NORTH,E9882292,fb2d1909e03cd78bcd7124ef4ff243e585c0588adcd608a6e2cae88278aa84c4,LINKED,,M,,18-39,,532,
batch_001,encounters_epic_north.csv,86,EPIC_NORTH,E7777503,e68312caa9a11eb2d55ac957aeecd5e7d7228f9bd10cc4d2738e1f98bd9f60bc,LINKED,,M,,0-17,,543,
batch_001,encounters_epic_north.csv,87,EPIC_NORTH,E6435482,813b3419df502081d272c15ab83a0c44edc991f340d5a0fd477971b551274c5e,LINKED,,M,,65+,,541,
batch_001,encounters_epic_north.csv,88,EPIC_NORTH,E8575374,71231416b5f175f23b43ad39d2840999d891421d2e04bf14e99dedbc1bbdc29b,LINKED,,F,,65+,,543,
batch_001,encounters_epic_north.csv,89,EPIC_NORTH,E3564780,8792cfed4029f720cf24e6eeefb85d5a25deee118737849017c57eea47e4fd31,UNLINKED,PATIENT_UNLINKED_NO_DOB,M,,UNKNOWN,AGE_BAND_DOB_UNAVAILABLE,537,
batch_001,encounters_epic_north.csv,90,EPIC_NORTH,E3809219,16b6df1e88ad0651e7ff7c63227e0ab6274344028b8f86ae0bb6d5536702d6c5,LINKED,,F,,40-64,,537,
batch_001,encounters_epic_north.csv,91,EPIC_NORTH,E3036876,14da5717f81afaa68b151fbc8a4d045525743270cbf9b4a04b4b11a88b280779,LINKED,,F,,65+,,537,
batch_001,encounters_epic_north.csv,92,EPIC_NORTH,E9722532,f3297ba3555ce4ca06eeec237f59fc868378257e39574c196145a6b05d993d68,LINKED,,F,,18-39,,541,
batch_001,encounters_epic_north.csv,93,EPIC_NORTH,E1672883,94968b079abd7ed530e653ff63999ba5aa59e50436be73bf8433c8657f88a1f4,LINKED,,F,,65+,,532,
batch_001,encounters_epic_north.csv,94,EPIC_NORTH,E6094851,80158a2c56a1a76ffb945ce101c70ff29b5eacaf1cd05295b99d66c53015de69,LINKED,,F,,40-64,,541,
batch_001,encounters_epic_north.csv,95,EPIC_NORTH,E7932153,61e644e99a559025b4ee286beecffc28643b46bff036482b0f9c7a9098bc90c7,LINKED,,M,,40-64,,531,
batch_001,encounters_epic_north.csv,96,EPIC_NORTH,E6933698,572ddb7e887bbda96150658616c86e5320020cf0e57772cc27521c6005db791f,LINKED,,F,,65+,,532,
batch_001,encounters_epic_north.csv,97,EPIC_NORTH,E1861695,b4ec76e1d99119759313e88f3bbf05685e4426ed8f28955ce24e125b094a73b3,LINKED,,M,,18-39,,541,
batch_001,encounters_epic_north.csv,98,EPIC_NORTH,E3923638,ba010830c295621b27120018976afc4b2179e7e99cc67ff98f6a5f46546a8846,LINKED,,F,,40-64,,537,
batch_001,encounters_epic_north.csv,99,EPIC_NORTH,E7165618,ad762673861a47183a41924844c5fdd767c88009d9d507c16e2a465b5122a526,LINKED,,F,,0-17,,541,
batch_001,encounters_epic_north.csv,100,EPIC_NORTH,E5320527,da802ea81d2536b3421e85cfbddd0fb45723e4baf24ece39af5b96449d3e6ca2,LINKED,,F,,40-64,,543,
batch_001,encounters_epic_north.csv,101,EPIC_NORTH,E7731712,71231416b5f175f23b43ad39d2840999d891421d2e04bf14e99dedbc1bbdc29b,LINKED,,F,,65+,,543,
batch_001,encounters_epic_north.csv,102,EPIC_NORTH,E6482007,205d6b68738273bc08abec65c96bfe98a16bb327da7f7f5434176f3deb6a26fb,LINKED,,F,,40-64,,520,
batch_001,encounters_epic_north.csv,103,EPIC_NORTH,E3756770,a9dd26dd53453f661b3bfb137b25da4102c8ba5f09cab992a6268ef7af3931c8,LINKED,,F,,65+,,531,
batch_001,encounters_epic_north.csv,104,EPIC_NORTH,E6025670,e69df4f6a6cd96d4787f2b2dd1c9dc4785f5bbabf2784512f6c75912b0cffc1f,LINKED,,F,,18-39,,541,
batch_001,encounters_epic_north.csv,105,EPIC_NORTH,E2266138,bdfbcfdd81de4959d42661f0a2e782e2bb390cc070192cfdf864e76e557c1c1b,LINKED,,M,,0-17,,531,
batch_001,encounters_epic_north.csv,106,EPIC_NORTH,E4744683,3b7b739c2fbd1fcb4516b0d58b06344cfdbc3a1934f714a429c1e9bc73915257,LINKED,,F,,65+,,532,
batch_001,encounters_epic_north.csv,107,EPIC_NORTH,E5771544,30350d51f4ebb324bdf6ed7331012797a3356618266c5584f972c0a42f12bb8d,LINKED,,M,,18-39,,532,
batch_001,encounters_epic_north.csv,108,EPIC_NORTH,E4397301,04364891e476e4ec912883077cd352ab4b3903383f968f15e65ea04b947b71b7,LINKED,,M,,65+,,531,
batch_001,encounters_epic_north.csv,109,EPIC_NORTH,E1179760,aba729e1e0024e42970e2555b4485ce0d0ad8211d98c089e35c3ff7ab035b3d4,LINKED,,M,,18-39,,543,
batch_001,encounters_epic_north.csv,110,EPIC_NORTH,E1037934,e414593bcbd3251d986027c5d8d6e8de03ba47d22e87ba9140bc3931f3bbddbe,LINKED,,M,,40-64,,531,
batch_001,encounters_epic_north.csv,111,EPIC_NORTH,E5979529,800432d0d4752056e2f49bfa1816e231f853488582715d57e533bfc043b7bd49,LINKED,,F,,65+,,531,
batch_001,encounters_epic_north.csv,112,EPIC_NORTH,E6342137,a55399b48544ca7efec47d85a6cd1b6f6956019b6e292a6e34bfcab20e07551d,LINKED,,F,,65+,,531,
batch_001,encounters_epic_north.csv,113,EPIC_NORTH,E3616597,e52b39d4dec5735d23a20fdbb8710f2ab61b17c67fe0e1b669703961fdba74a0,LINKED,,M,,40-64,,532,
batch_001,encounters_epic_north.csv,114,EPIC_NORTH,E5666530,ab0e33adacfe8da271a9c3927233ead39a5df710dabf573e1f812d705c0b6e28,LINKED,,M,,40-64,,537,
batch_001,encounters_epic_north.csv,115,EPIC_NORTH,E7567600,d7d1801caf4ddbe43bfa4f44f7627e3da038a262dd58b5501c9974a3b0cb2c3a,LINKED,,M,,UNKNOWN,AGE_BAND_ADMIT_UNAVAILABLE,532,
batch_001,encounters_epic_north.csv,116,EPIC_NORTH,E9598091,9e57d7d57941acc13f77eee84fc82fa53bdf44f769f97ae937d13ef68eb55edd,LINKED,,M,,40-64,,532,
batch_001,encounters_epic_north.csv,117,EPIC_NORTH,E9641111,30cddb33bb4e32bee0e81c89b92c932bbbe1cddd75c67bf135c8f0b4bf7a23f7,LINKED,,F,,18-39,,531,
batch_001,encounters_epic_north.csv,118,EPIC_NORTH,E4798841,ce569b5860104cd71f133b23ebce62af52c1820d942b7b81660ac4089b32c925,LINKED,,M,,40-64,,532,
batch_001,encounters_epic_north.csv,119,EPIC_NORTH,E2723317,4b1c82d0d130620b04e44fc19646d206b6e7d5804290083abd4b701b9a4a6c71,LINKED,,M,,40-64,,520,
batch_001,encounters_epic_north.csv,120,EPIC_NORTH,E2598917,a3dd71bcc327b10fe1b25839ee2adcb81ce2069953a2d096ed6a3e205c15fb49,LINKED,,F,,18-39,,537,
batch_001,encounters_epic_north.csv,121,EPIC_NORTH,E6512509,8eeb379ee90e89d00a8cadf3d67eb33a7073c51c60e24b74a83f6568cd67a520,LINKED,,M,,40-64,,541,
batch_001,encounters_epic_north.csv,122,EPIC_NORTH,E7371856,0c66cd7b759ecc5116cb4b65c95ddde9e3d2d40c038e92398967a14dc8855dee,LINKED,,F,,40-64,,543,
batch_001,encounters_epic_north.csv,123,EPIC_NORTH,E4733464,d8ac1909f93ac77c6f18e0d172bbe6def2611d1283c791b2656cd6a26096fddf,LINKED,,F,,65+,,531,
batch_001,encounters_epic_north.csv,124,EPIC_NORTH,E7414256,a9dd26dd53453f661b3bfb137b25da4102c8ba5f09cab992a6268ef7af3931c8,LINKED,,F,,65+,,531,
batch_001,encounters_epic_north.csv,125,EPIC_NORTH,E5748830,109e6565abb18b1bb40deeea9e5d1ae9eee55a860c45a232c6e946b3785d19bd,LINKED,,M,,40-64,,543,
batch_001,encounters_epic_north.csv,126,EPIC_NORTH,E1918485,c9772e2ee80ff59713115b86a27fb0196b0e407e9d190c4db2d4c46b809fa367,LINKED,,F,,40-64,,531,
batch_001,encounters_epic_north.csv,127,EPIC_NORTH,E5868556,f83d042a3f20a67ab33eec027d4e5a4731562cd0e552efbe44cab8d269839cf2,LINKED,,F,,40-64,,532,
batch_001,encounters_epic_north.csv,128,EPIC_NORTH,E9179335,2ebd788be7dfc3f9fe037affa31b3965d06cae0be1e1a6da33f519627ec85ba7,LINKED,,F,,65+,,537,
batch_001,encounters_epic_north.csv,129,EPIC_NORTH,E4963504,150642d47854cf4162ee711aa094405850b5707053915daae2448963a9e113aa,LINKED,,F,,40-64,,537,
batch_001,encounters_epic_north.csv,130,EPIC_NORTH,E5251832,da802ea81d2536b3421e85cfbddd0fb45723e4baf24ece39af5b96449d3e6ca2,LINKED,,F,,40-64,,543,
batch_001,encounters_epic_north.csv,131,EPIC_NORTH,E3963919,6cab6e09b41461d70b59e677fd88bbf4015e715dcfdaf7374ebfe4c76a79265c,LINKED,,M,,0-17,,531,
batch_001,encounters_epic_north.csv,132,EPIC_NORTH,E6672591,ab0e33adacfe8da271a9c3927233ead39a5df710dabf573e1f812d705c0b6e28,LINKED,,M,,40-64,,537,
batch_001,encounters_epic_north.csv,133,EPIC_NORTH,E1138041,d0de2df9e4e3af3c7f0ad722d771aca98dd0d730c40eb7e88b7d91bd8ced97df,UNLINKED,PATIENT_UNLINKED_NO_DOB,M,,UNKNOWN,AGE_BAND_DOB_UNAVAILABLE,541,
batch_001,encounters_epic_north.csv,134,EPIC_NORTH,E2145608,8be1aafe5b2e10613a15032182d754b53e1e3eb23d9ea203081b198002f5b551,LINKED,,F,,18-39,,537,
batch_001,encounters_epic_north.csv,135,EPIC_NORTH,E4051851,617b08f8676d0943c3820a707eedd7423e74a199f73aced3c89e11fc1b7710a2,LINKED,,M,,65+,,541,
batch_001,encounters_epic_north.csv,136,EPIC_NORTH,E4790780,94284ba0820917646b13b3c08f8ae29cf2a515bd3000a0a5bb2092c7ebdc54e6,LINKED,,F,,40-64,,531,
batch_001,encounters_epic_north.csv,137,EPIC_NORTH,E4702716,2eea1356e78289f646c92f008043c87625eade794cc3ab578730c4a694e0b823,LINKED,,M,,18-39,,532,
batch_001,encounters_epic_north.csv,138,EPIC_NORTH,E8658745,4df96eaeb07074706a7386451f3e4a3a616dd1100f7aa4aba93f5fbee95e2bde,LINKED,,F,,0-17,,531,
batch_001,encounters_epic_north.csv,139,EPIC_NORTH,E3240381,6f6b849670d22e7a76652dcdf1c75be2816dad3bcd9bf3ba07fb54f6c5143751,LINKED,,F,,0-17,,543,
batch_001,encounters_epic_north.csv,140,EPIC_NORTH,E3422915,5fe5164f5ad37dd95fc1ef94dde6b8bf28a9c571bcf48c0797f73ba625899430,LINKED,,F,,40-64,,531,
batch_001,encounters_epic_north.csv,141,EPIC_NORTH,E4098899,be5a267e2634745e6453ba04fa15bdf47cb3ddee720581bf9b56c063eb4b1527,LINKED,,F,,65+,,541,
batch_001,encounters_epic_north.csv,142,EPIC_NORTH,E9273493,378e02be9e020eefdaba9cd34c6e1517a2880c87da2beb6ce17c33e670519bc3,LINKED,,F,,18-39,,537,
batch_001,encounters_epic_north.csv,143,EPIC_NORTH,E7128259,67b67b8914203ce41eeaec8f23c14bd3deda226390d143110d304315c776cad0,LINKED,,F,,0-17,,532,
batch_001,encounters_epic_north.csv,144,EPIC_NORTH,E8304194,5382e5494801fafe4725dd6440511dfbbb1f8b2492e0cb40b5eb286443e2268e,LINKED,,F,,40-64,,532,
batch_001,encounters_epic_north.csv,145,EPIC_NORTH,E7575638,f6e55bbef1cfb37d307229372711c5a062ec5dfd7d86486890bd6471f7a93d5f,LINKED,,M,,40-64,,541,
batch_001,encounters_epic_north.csv,146,EPIC_NORTH,E8359780,c75c33a8304a013456e510314eff11134358992cd2111eac79e0b5c10d151885,LINKED,,M,,65+,,524,
batch_001,encounters_epic_north.csv,147,EPIC_NORTH,E1784453,f8d988df1f2683a6c6e1f64b585c6b9178bbf1222c3bacb164807e8f9569be56,LINKED,,M,,65+,,531,
batch_001,encounters_epic_north.csv,148,EPIC_NORTH,E8830212,5e8bd4bc55caf663523845fb253e2c90eb0936163c557f95038db5e8ed9cc1b6,LINKED,,F,,40-64,,531,
batch_001,encounters_epic_north.csv,149,EPIC_NORTH,E7142769,c47dbf897847f449b06939e2af5a5eae58b4e50620404602d9a7b20f0e9bbaaf,LINKED,,F,,65+,,532,
batch_001,encounters_epic_north.csv,150,EPIC_NORTH,E5183398,cd259b2fc7c311d006938137139bb590d943ba9af6aab56f48118d78922d85eb,LINKED,,F,,40-64,,531,
batch_001,encounters_epic_north.csv,151,EPIC_NORTH,E5506070,8f11fdb20a4839302341be96d687bb9ea2bf37a4de11eeee544cc6fede5b7e12,LINKED,,F,,40-64,,532,
batch_001,encounters_epic_north.csv,152,EPIC_NORTH,E3891716,3500c0b1a280d91dc42ee503ce571dcf9b059859f2e0c5a692c16378822562d6,LINKED,,F,,40-64,,532,
batch_001,encounters_epic_north.csv,153,EPIC_NORTH,E2195944,e20e94c379775d102e7a0c5899517413004be9a8137011b0be547e8c9b713da5,LINKED,,F,,40-64,,537,
batch_001,encounters_epic_north.csv,154,EPIC_NORTH,E6359259,8be1aafe5b2e10613a15032182d754b53e1e3eb23d9ea203081b198002f5b551,LINKED,,F,,18-39,,537,
batch_001,encounters_epic_north.csv,155,EPIC_NORTH,E1053122,30350d51f4ebb324bdf6ed7331012797a3356618266c5584f972c0a42f12bb8d,LINKED,,M,,18-39,,532,
batch_001,encounters_epic_north.csv,156,EPIC_NORTH,E2634567,d4d3b5d684a38c5bbe7452187abdbf0327df4073063737a159352c4adb14afe1,LINKED,,M,,65+,,531,
batch_001,encounters_epic_north.csv,157,EPIC_NORTH,E2067261,f6e55bbef1cfb37d307229372711c5a062ec5dfd7d86486890bd6471f7a93d5f,LINKED,,M,,40-64,,541,
batch_001,encounters_epic_north.csv,158,EPIC_NORTH,E1076984,d243ffeccc7554237b8da4eb44df3623d47c70c5895f194411537199e5f3ecd6,LINKED,,M,,18-39,,532,
batch_001,encounters_epic_north.csv,159,EPIC_NORTH,E5806147,9146080bb614548699a3fb02827e8f53cc8ed154401f03c7be08b0aece854c3d,LINKED,,F,,40-64,,531,
batch_001,encounters_epic_north.csv,160,EPIC_NORTH,E3751514,a3dd71bcc327b10fe1b25839ee2adcb81ce2069953a2d096ed6a3e205c15fb49,LINKED,,F,,18-39,,537,
batch_001,encounters_epic_north.csv,161,EPIC_NORTH,E4426066,d901f84a928eae0a25149361a9f77113389ef2d5c28dc52a8b78ccd69def85d7,LINKED,,M,,18-39,,524,
batch_001,encounters_epic_north.csv,162,EPIC_NORTH,E1629266,6cfc06117bd33199bcb69bce39b6901425339dca903c832332d705752b1fa0bf,LINKED,,M,,0-17,,541,
batch_001,encounters_epic_north.csv,163,EPIC_NORTH,E2625926,b4ec76e1d99119759313e88f3bbf05685e4426ed8f28955ce24e125b094a73b3,LINKED,,M,,18-39,,541,
batch_001,encounters_epic_north.csv,164,EPIC_NORTH,E8506297,fb3c0b721a288fd722dd7b738b57f9dd02b5cb3a258db406d3060d278788ad47,LINKED,,M,,0-17,,543,
batch_001,encounters_epic_north.csv,165,EPIC_NORTH,E5880229,5fe5164f5ad37dd95fc1ef94dde6b8bf28a9c571bcf48c0797f73ba625899430,LINKED,,F,,40-64,,531,
batch_001,encounters_epic_north.csv,166,EPIC_NORTH,E6257019,b0d2cb0efbc3fd700ade65a07807cfc83f45061f9d59075d4fbaebdefa424899,LINKED,,F,,40-64,,541,
batch_001,encounters_epic_north.csv,167,EPIC_NORTH,E2540543,31375476920765617e3d2819aa1f7062f8f1089686927e3a522163c9977604b3,LINKED,,M,,40-64,,537,
batch_001,encounters_epic_north.csv,168,EPIC_NORTH,E7276207,1cc786a8960d461179015fe0da25e8a60dcc5a7cbc44e96f97631359cbdd9708,LINKED,,F,,65+,,537,
batch_001,encounters_epic_north.csv,169,EPIC_NORTH,E3666644,94968b079abd7ed530e653ff63999ba5aa59e50436be73bf8433c8657f88a1f4,LINKED,,F,,65+,,532,
batch_001,encounters_epic_north.csv,170,EPIC_NORTH,E7160926,90036f0185398658a774e980f5a1dd4af508463c97b0ea104c40d056675c49ff,LINKED,,M,,40-64,,543,
batch_001,encounters_epic_north.csv,171,EPIC_NORTH,E3226035,5237677bab6f4673493a5f817e617ea5005159ca2567dbcebd56dab3b2174abe,LINKED,,M,,0-17,,531,
batch_001,encounters_epic_north.csv,172,EPIC_NORTH,E1436304,089b6063da67249a20b58d32cec5c60aa40820bb4b75deb20b7155f225332598,LINKED,,M,,0-17,,531,
batch_001,encounters_epic_north.csv,173,EPIC_NORTH,E8046303,7b1f7bd2e660791c4317cda7e1c571fc905e88476ff138c9f30cf2a330411dc3,LINKED,,F,,65+,,532,
batch_001,encounters_epic_north.csv,174,EPIC_NORTH,E5873258,9b589a9b180bfb4257abd0ed75a86d50f7f4aee07498ec967460fbde7ec72d33,LINKED,,M,,40-64,,543,
batch_001,encounters_epic_north.csv,175,EPIC_NORTH,E1368281,8bb7128f8023d7cd1fb2210e3047bc14b8ff6d4ebae90c370b7f621d227ec743,LINKED,,F,,40-64,,543,
batch_001,encounters_epic_north.csv,176,EPIC_NORTH,E6063514,3d883fbffdf10234ebdafef3b5b09769ebefe32bde1d318bd070132e7bdeef7b,LINKED,,M,,40-64,,543,
batch_001,encounters_epic_north.csv,177,EPIC_NORTH,E4905569,bfd1fa374b8aff71041201fd7937a30a58259a25500af659474a80a0e3819bc5,LINKED,,M,,40-64,,537,
batch_001,encounters_epic_north.csv,178,EPIC_NORTH,E6909317,71b7fbf9621e88c13ac9dff85700cd3daf4984bdb1ba07e0ba90324626eab9ba,LINKED,,F,,40-64,,537,
batch_001,encounters_epic_north.csv,179,EPIC_NORTH,E7050367,572ddb7e887bbda96150658616c86e5320020cf0e57772cc27521c6005db791f,LINKED,,F,,65+,,532,
batch_001,encounters_epic_north.csv,180,EPIC_NORTH,E1678743,94968b079abd7ed530e653ff63999ba5aa59e50436be73bf8433c8657f88a1f4,LINKED,,F,,65+,,532,
batch_001,encounters_epic_north.csv,181,EPIC_NORTH,E2230857,d78f73074071a54e4153d1b916eeee0174cdb31a0866f96c0e4a1c7f98e263dd,LINKED,,M,,0-17,,541,
batch_001,encounters_epic_north.csv,182,EPIC_NORTH,E2030659,3b2aed0ef2dd16109e07fe8d2c346466a85f58b1fb3d1bef8fd1cb2716432f8f,LINKED,,M,,65+,,531,
batch_001,encounters_epic_north.csv,183,EPIC_NORTH,E1187070,426f47473a38e51553a01869fb06c87c7cdb1d4a7d2f5f0408c3cd539c5e47ee,LINKED,,F,,40-64,,524,
batch_001,encounters_epic_north.csv,184,EPIC_NORTH,E6200045,483f06416eb921a01656a02123c3cc02482e2d233173d4d13369fb552fdad39a,LINKED,,M,,40-64,,531,
batch_001,encounters_epic_north.csv,185,EPIC_NORTH,E2251636,94968b079abd7ed530e653ff63999ba5aa59e50436be73bf8433c8657f88a1f4,LINKED,,F,,65+,,532,
batch_001,encounters_epic_north.csv,186,EPIC_NORTH,E3142831,c9b008e81e0a55242d5ed712bd591b3824c2c5fd2c71821ecae6882aae1c57bc,LINKED,,F,,0-17,,537,
batch_001,encounters_epic_north.csv,187,EPIC_NORTH,E6582407,c7ab164f3578bf6b729a101b9a5895a603f2f13e2176815b4630060b568f4927,LINKED,,M,,40-64,,524,
batch_001,encounters_epic_north.csv,188,EPIC_NORTH,E5825829,6aa9235adac83e8556d9e7042f9fb9c68bbd86a727ffdea50b9ec452b5708761,LINKED,,M,,0-17,,541,
batch_001,encounters_epic_north.csv,189,EPIC_NORTH,E4956421,04364891e476e4ec912883077cd352ab4b3903383f968f15e65ea04b947b71b7,LINKED,,M,,65+,,531,
batch_001,encounters_epic_north.csv,190,EPIC_NORTH,E4011473,a3dd71bcc327b10fe1b25839ee2adcb81ce2069953a2d096ed6a3e205c15fb49,LINKED,,F,,18-39,,537,
batch_001,encounters_epic_north.csv,191,EPIC_NORTH,E1476291,3b2aed0ef2dd16109e07fe8d2c346466a85f58b1fb3d1bef8fd1cb2716432f8f,LINKED,,M,,65+,,531,
batch_001,encounters_epic_north.csv,192,EPIC_NORTH,E5965010,b0d2cb0efbc3fd700ade65a07807cfc83f45061f9d59075d4fbaebdefa424899,LINKED,,F,,40-64,,541,
batch_001,encounters_epic_north.csv,193,EPIC_NORTH,E4522050,2efac508d18a4be54dcec96322b6c67d01f12adee27bd8549b0fcfeac5756b90,LINKED,,M,,40-64,,532,
batch_001,encounters_epic_north.csv,194,EPIC_NORTH,E1238723,ab3d96512590ffef63ae24ede5a69208f055357125ab274e6b3b1b12e85ebc7b,LINKED,,M,,65+,,543,
batch_001,encounters_epic_north.csv,195,EPIC_NORTH,E7381513,4b1c82d0d130620b04e44fc19646d206b6e7d5804290083abd4b701b9a4a6c71,LINKED,,M,,40-64,,520,
batch_001,encounters_epic_north.csv,196,EPIC_NORTH,E7094056,f6e55bbef1cfb37d307229372711c5a062ec5dfd7d86486890bd6471f7a93d5f,LINKED,,M,,40-64,,541,
batch_001,encounters_epic_north.csv,197,EPIC_NORTH,E9722443,d78f73074071a54e4153d1b916eeee0174cdb31a0866f96c0e4a1c7f98e263dd,LINKED,,M,,0-17,,541,
batch_001,encounters_epic_north.csv,198,EPIC_NORTH,E6688063,bfd1fa374b8aff71041201fd7937a30a58259a25500af659474a80a0e3819bc5,LINKED,,M,,40-64,,537,
batch_001,encounters_epic_north.csv,199,EPIC_NORTH,E7037141,04896ee3429176acb6dd3ec578593718847094962c7abfbb179189fe0d0228a2,LINKED,,M,,18-39,,541,
batch_001,encounters_epic_north.csv,200,EPIC_NORTH,E7833977,6f6b849670d22e7a76652dcdf1c75be2816dad3bcd9bf3ba07fb54f6c5143751,LINKED,,F,,0-17,,543,
batch_001,encounters_epic_north.csv,201,EPIC_NORTH,E6555779,f6e55bbef1cfb37d307229372711c5a062ec5dfd7d86486890bd6471f7a93d5f,LINKED,,M,,40-64,,541,
batch_001,encounters_epic_north.csv,202,EPIC_NORTH,E5302906,426f47473a38e51553a01869fb06c87c7cdb1d4a7d2f5f0408c3cd539c5e47ee,LINKED,,F,,40-64,,524,
batch_001,encounters_epic_north.csv,203,EPIC_NORTH,E2343053,6ec178353f8af4b1138e09acfd6c796891ff34fe2469ab7fcccbbe7eff150ca7,LINKED,,M,,40-64,,537,
batch_001,encounters_epic_north.csv,204,EPIC_NORTH,E8852457,ac528e4d4797af86e133c763f389cfa8977cce5ab493338c04c0814e2820fb30,LINKED,,F,,65+,,541,
batch_001,encounters_epic_north.csv,205,EPIC_NORTH,E6466118,0c0e5676124cc1619eeeae5fb0c5005b2f8af91fbc648aaa314899abab840648,LINKED,,F,,65+,,532,
batch_001,encounters_epic_north.csv,206,EPIC_NORTH,E7766784,e0d1a66ce5ff46b9e3c77932de49fb8fa8d7ac6c7ca9fbf801c40f3b13e0082f,LINKED,,M,,40-64,,531,
batch_001,encounters_epic_north.csv,207,EPIC_NORTH,E3037757,746585bb213c778d456b9453dce603fc41c8d379f0d4902d9dddd2d1193fe4d5,LINKED,,F,,40-64,,541,
batch_001,encounters_epic_north.csv,208,EPIC_NORTH,E2972133,ba4ffe8c621f5215c7b8e544df0d1740deccc6054e362a6daeb1acb3d9fc905f,LINKED,,M,,18-39,,537,
batch_001,encounters_epic_north.csv,209,EPIC_NORTH,E9755638,0212899c91769ba50568b6eb1cf6c6edabe330673155ae8c5305d8382e7e518a,LINKED,,M,,18-39,,537,
batch_001,encounters_epic_north.csv,210,EPIC_NORTH,E4458277,150642d47854cf4162ee711aa094405850b5707053915daae2448963a9e113aa,LINKED,,F,,40-64,,537,
batch_001,encounters_epic_north.csv,211,EPIC_NORTH,E6331969,09cdd36d935baf44ba42ef3b0c24a3f058df221a160833ed99f8b6e43c3f1d72,LINKED,,F,,40-64,,532,
batch_001,encounters_epic_north.csv,212,EPIC_NORTH,E1891021,05333e39b965450513f7f2d6198c7e6f42dac14231aa73e40ae8e8f9c8b1675d,LINKED,,F,,65+,,541,
batch_001,encounters_epic_north.csv,213,EPIC_NORTH,E5776964,6cb7f36b555c6a5d930d584934faf89d2b4deb118fcdb66e971ecb2d94645f62,LINKED,,F,,40-64,,531,
batch_001,encounters_epic_north.csv,214,EPIC_NORTH,E6641028,b41393795511818cebc5d881a5d130c41d04a3817acd298a5f00c13cab3a974f,LINKED,,M,,65+,,531,
batch_001,encounters_epic_north.csv,215,EPIC_NORTH,E4355532,d4d3b5d684a38c5bbe7452187abdbf0327df4073063737a159352c4adb14afe1,LINKED,,M,,65+,,531,
batch_001,encounters_epic_north.csv,216,EPIC_NORTH,E9059451,9e57d7d57941acc13f77eee84fc82fa53bdf44f769f97ae937d13ef68eb55edd,LINKED,,M,,40-64,,532,
batch_001,encounters_epic_north.csv,217,EPIC_NORTH,E5693211,21b66ff05fad2bb24f9fdbf7729e550e2df61a566f3b534dd0e0e767dad3cdc4,LINKED,,M,,40-64,,531,
batch_001,encounters_epic_north.csv,218,EPIC_NORTH,E8494518,a5d76967db5151037b947daa0a1c9e9abaff6e8daaa6daa0983a916c1f393c60,LINKED,,M,,65+,,537,
batch_001,encounters_epic_north.csv,219,EPIC_NORTH,E2217239,546dc16e27bd347a138709133c3ed5e374a4a517278d3e6265d284eee3f2c4b4,LINKED,,F,,18-39,,532,
batch_001,encounters_epic_north.csv,220,EPIC_NORTH,E3113204,04896ee3429176acb6dd3ec578593718847094962c7abfbb179189fe0d0228a2,LINKED,,M,,18-39,,541,
batch_001,encounters_epic_north.csv,221,EPIC_NORTH,E5427420,f92c8735c95179cfa95c22fce22c6cebe244f2d3c22737c4c41a5dae6137c299,LINKED,,M,,40-64,,531,
batch_001,encounters_epic_north.csv,222,EPIC_NORTH,E6291931,9693d1986e504e97255f036a9e18319a58ccfb686b6ecfced23c7d779365ef93,LINKED,,M,,65+,,531,
batch_001,encounters_epic_north.csv,223,EPIC_NORTH,E1170154,f6e55bbef1cfb37d307229372711c5a062ec5dfd7d86486890bd6471f7a93d5f,LINKED,,M,,40-64,,541,
batch_001,encounters_epic_north.csv,224,EPIC_NORTH,E4079148,d08961e848045c46e7f7d06762dcff6d73baf7a61c09deeb6afdd5a35fcd152d,LINKED,,M,,40-64,,532,
batch_001,encounters_epic_north.csv,225,EPIC_NORTH,E9710701,b0d2cb0efbc3fd700ade65a07807cfc83f45061f9d59075d4fbaebdefa424899,LINKED,,F,,40-64,,541,
batch_001,encounters_epic_north.csv,226,EPIC_NORTH,E9740432,5486170f58053522005445b2094d0d4f9222aba7d1e23a8b1818c1be70317131,LINKED,,M,,40-64,,531,
batch_001,encounters_epic_north.csv,227,EPIC_NORTH,E6481400,72936083e9785c0003975d1e6eb380dbdd05ba7799701d7fe30a9f7759457267,LINKED,,M,,40-64,,543,
batch_001,encounters_epic_north.csv,228,EPIC_NORTH,E9585068,b524ef8794b4f0bf7dd6d9d3102e3655915793d28baac6d9b7dd124f0bf881e8,LINKED,,F,,40-64,,532,
batch_001,encounters_epic_north.csv,229,EPIC_NORTH,E4401601,43c374e5ab9784e9995da33a6f2cc08b0f70943fb644befc5e771dc00f1be065,LINKED,,M,,40-64,,531,
batch_001,encounters_epic_north.csv,230,EPIC_NORTH,E5581606,f6e55bbef1cfb37d307229372711c5a062ec5dfd7d86486890bd6471f7a93d5f,LINKED,,M,,40-64,,541,
batch_001,encounters_epic_north.csv,231,EPIC_NORTH,E6055170,e0d1a66ce5ff46b9e3c77932de49fb8fa8d7ac6c7ca9fbf801c40f3b13e0082f,LINKED,,M,,40-64,,531,
batch_001,encounters_epic_north.csv,232,EPIC_NORTH,E1006227,ed8b94b4923132f6e4b0fa4af6c1e4f8d0e5c677114cbba5ee9845b601e8d6c8,LINKED,,F,,40-64,,537,
batch_001,encounters_epic_north.csv,233,EPIC_NORTH,E6279642,90036f0185398658a774e980f5a1dd4af508463c97b0ea104c40d056675c49ff,LINKED,,M,,40-64,,543,
batch_001,encounters_epic_north.csv,234,EPIC_NORTH,E8646716,3b7b739c2fbd1fcb4516b0d58b06344cfdbc3a1934f714a429c1e9bc73915257,LINKED,,F,,65+,,532,
batch_001,encounters_epic_north.csv,235,EPIC_NORTH,E8985975,0e63056066bf850f7d8e188ea22aa28a3767c8b4ca46046e08068e7cf0b03837,LINKED,,F,,40-64,,531,
batch_001,encounters_epic_north.csv,236,EPIC_NORTH,E4953245,b0d2cb0efbc3fd700ade65a07807cfc83f45061f9d59075d4fbaebdefa424899,LINKED,,F,,40-64,,541,
batch_001,encounters_epic_north.csv,237,EPIC_NORTH,E1195640,8be1aafe5b2e10613a15032182d754b53e1e3eb23d9ea203081b198002f5b551,LINKED,,F,,18-39,,537,
batch_001,encounters_epic_north.csv,238,EPIC_NORTH,E6952306,72936083e9785c0003975d1e6eb380dbdd05ba7799701d7fe30a9f7759457267,LINKED,,M,,40-64,,543,
batch_001,encounters_epic_north.csv,239,EPIC_NORTH,E5413227,d08961e848045c46e7f7d06762dcff6d73baf7a61c09deeb6afdd5a35fcd152d,LINKED,,M,,40-64,,532,
batch_001,encounters_epic_north.csv,240,EPIC_NORTH,E1413168,eb7243157519414877cfaf7bf879f30c6e8e310f373a4fe5bc9f9540a72c91c1,LINKED,,F,,65+,,541,
batch_001,encounters_epic_north.csv,241,EPIC_NORTH,E3372521,089b6063da67249a20b58d32cec5c60aa40820bb4b75deb20b7155f225332598,LINKED,,M,,0-17,,531,
batch_001,encounters_epic_north.csv,242,EPIC_NORTH,E8109710,f8d988df1f2683a6c6e1f64b585c6b9178bbf1222c3bacb164807e8f9569be56,LINKED,,M,,65+,,531,
batch_001,encounters_epic_north.csv,243,EPIC_NORTH,E1883355,90036f0185398658a774e980f5a1dd4af508463c97b0ea104c40d056675c49ff,LINKED,,M,,40-64,,543,
batch_001,encounters_epic_north.csv,244,EPIC_NORTH,E7530663,570798d3c4121f6f62f5a1511be16e8ceb673e5d5fca8c3c8057e9b8ceaf9bc4,LINKED,,M,,40-64,,531,
batch_001,encounters_epic_north.csv,245,EPIC_NORTH,E2629222,aaac25b97f7d2c80c945d7b70f1d945b4c86f5138c6b5c62b6a3b0d737fc5d0f,LINKED,,M,,40-64,,541,
batch_001,encounters_epic_north.csv,246,EPIC_NORTH,E7704778,91e6ddd2f7da2165e22cb7723792d32cc4c7b6c6cbd657fbb6d7a4bd0b43c611,LINKED,,F,,65+,,541,
batch_001,encounters_epic_north.csv,247,EPIC_NORTH,E1516771,16b6df1e88ad0651e7ff7c63227e0ab6274344028b8f86ae0bb6d5536702d6c5,LINKED,,F,,40-64,,537,
batch_001,encounters_epic_north.csv,248,EPIC_NORTH,E9581812,0bc4c24c06e79332bedaa5d38ceab8d0812c15b03893e88542fa3e468f87c412,LINKED,,M,,40-64,,524,
batch_001,encounters_epic_north.csv,249,EPIC_NORTH,E7698215,2e9bf27e182836698f04dcdba38336d83babf2fa0a72bc270a7d62f684c384d6,LINKED,,M,,40-64,,532,
batch_001,encounters_epic_north.csv,250,EPIC_NORTH,E3116736,71231416b5f175f23b43ad39d2840999d891421d2e04bf14e99dedbc1bbdc29b,LINKED,,F,,65+,,543,
batch_001,encounters_epic_north.csv,251,EPIC_NORTH,E9792520,5199c53b89ccc0bfce13f1d5740cbd42bf02a5f3854429249373db9e94886a48,LINKED,,M,,40-64,,543,
batch_001,encounters_epic_north.csv,252,EPIC_NORTH,E3751653,5382e5494801fafe4725dd6440511dfbbb1f8b2492e0cb40b5eb286443e2268e,LINKED,,F,,40-64,,532,
batch_001,encounters_epic_north.csv,253,EPIC_NORTH,E4380402,04364891e476e4ec912883077cd352ab4b3903383f968f15e65ea04b947b71b7,LINKED,,M,,65+,,531,
batch_001,encounters_epic_north.csv,254,EPIC_NORTH,E9790553,67b67b8914203ce41eeaec8f23c14bd3deda226390d143110d304315c776cad0,LINKED,,F,,0-17,,532,
batch_001,encounters_epic_north.csv,255,EPIC_NORTH,E4419523,9e60969ca059707139c86fc2416c5cdd22a3eed6e9ff6ebba3774622cf6f9877,LINKED,,M,,40-64,,537,
batch_001,encounters_epic_north.csv,256,EPIC_NORTH,E2533972,f83d042a3f20a67ab33eec027d4e5a4731562cd0e552efbe44cab8d269839cf2,LINKED,,F,,40-64,,532,
batch_001,encounters_epic_north.csv,257,EPIC_NORTH,E8045858,9bc283ee96c8c76eec86faaefca60b90f4fcfa21785fe76bc25ef5c9d9b3c23d,LINKED,,M,,40-64,,541,
batch_001,encounters_epic_north.csv,258,EPIC_NORTH,E2715206,6ec178353f8af4b1138e09acfd6c796891ff34fe2469ab7fcccbbe7eff150ca7,LINKED,,M,,40-64,,537,
batch_001,encounters_epic_north.csv,259,EPIC_NORTH,E7604261,90373733ed0b2bf42cd50cd5802178279cd760fc4caa1c87851571163b949aa7,LINKED,,M,,40-64,,543,
batch_001,encounters_epic_north.csv,260,EPIC_NORTH,E7537719,e0d1a66ce5ff46b9e3c77932de49fb8fa8d7ac6c7ca9fbf801c40f3b13e0082f,LINKED,,M,,40-64,,531,
batch_001,encounters_epic_north.csv,261,EPIC_NORTH,E3383155,e244c0ead0af8a7ea186a2e831c3505cf7c95e344c01c0bb0fe302248cb1cdba,LINKED,,F,,18-39,,520,
batch_001,encounters_epic_north.csv,262,EPIC_NORTH,E3520606,6cb7f36b555c6a5d930d584934faf89d2b4deb118fcdb66e971ecb2d94645f62,LINKED,,F,,40-64,,531,
batch_001,encounters_epic_north.csv,263,EPIC_NORTH,E8133243,85be5ecf196e3b225cd769a5f4a1ab36a9515c481ca99034ed078af7346ced35,LINKED,,F,,40-64,,541,
batch_001,encounters_epic_north.csv,264,EPIC_NORTH,E4899660,9d143cccc1cc4f1c3d70b00f865a68fbfe5981f01df16fc529091d08f4f5e3c9,LINKED,,M,,40-64,,531,
batch_001,encounters_epic_north.csv,265,EPIC_NORTH,E7947410,17a97024e7ad02ab93f7e1afe8c708deb540023967bc7de4b0f755f831c59569,LINKED,,F,,40-64,,543,
batch_001,encounters_epic_north.csv,266,EPIC_NORTH,E3878417,06bf7a1d03ddebabb1547089018afcf769861c2a1c07eb4c3234771be410b89b,LINKED,,F,,40-64,,524,
batch_001,encounters_epic_north.csv,267,EPIC_NORTH,E5321590,a63e9c1c10fa4ab30db12902a85fb546a488bb9eec41da5abb28891345c0058c,LINKED,,F,,40-64,,532,
batch_001,encounters_epic_north.csv,268,EPIC_NORTH,E3152409,61102afa32e383542c68573489141676b44dee554cb90079cc9974edbce39f76,LINKED,,M,,40-64,,531,
batch_001,encounters_epic_north.csv,269,EPIC_NORTH,E9282883,7ba6723bfbbbf742739b393aafbfc8fb3754a0ccda5d1187cce0577dc933df4e,LINKED,,M,,40-64,,531,
batch_001,encounters_epic_north.csv,270,EPIC_NORTH,E4640781,6e4ec85bd7d5e718e718000854f975d189c231e5fcf6b4a9ec3f90bf6789e82b,LINKED,,F,,40-64,,532,
batch_001,encounters_epic_north.csv,271,EPIC_NORTH,E3772622,746585bb213c778d456b9453dce603fc41c8d379f0d4902d9dddd2d1193fe4d5,LINKED,,F,,40-64,,541,
batch_001,encounters_epic_north.csv,272,EPIC_NORTH,E3018070,42e17e1c55b01b32cf5d68a559a46888d17c3e4793e6c75cc9646c42187ffd0f,LINKED,,F,,18-39,,543,
batch_001,encounters_epic_north.csv,273,EPIC_NORTH,E5744643,ad762673861a47183a41924844c5fdd767c88009d9d507c16e2a465b5122a526,LINKED,,F,,0-17,,541,
batch_001,encounters_epic_north.csv,274,EPIC_NORTH,E8684872,0fb83ec0cb5e902222c5bd5cb73b1de9d2b08002b9c139659d14df763a3bc30f,LINKED,,F,,40-64,,531,
batch_001,encounters_epic_north.csv,275,EPIC_NORTH,E8359423,1dbeb9fcf131756a47f7a165624783247596e8b745c7468abee216edefb1dd1a,LINKED,,M,,40-64,,520,
batch_001,encounters_epic_north.csv,276,EPIC_NORTH,E8262007,2b297d39efe1860edbe0b241258c0885460206a72ce9cc79bfc8805138477393,LINKED,,F,,0-17,,532,
batch_001,encounters_epic_north.csv,277,EPIC_NORTH,E9113970,5d8806d882c961df870145c68b428ba613e97ac5477142ecc698c3bdec6af325,LINKED,,F,,65+,,524,
batch_001,encounters_epic_north.csv,278,EPIC_NORTH,E3016046,099da97de3d38fb91aad387be43c850d52f71cadfe3f6aba0636e66155be0a23,LINKED,,M,,40-64,,541,
batch_001,encounters_epic_north.csv,279,EPIC_NORTH,E4232902,b41393795511818cebc5d881a5d130c41d04a3817acd298a5f00c13cab3a974f,LINKED,,M,,65+,,531,
batch_001,encounters_epic_north.csv,280,EPIC_NORTH,E3807187,7b566a651b8f28d90d3d6f5dd452f8bc61c17413373c1dc993fae73c5d2fc8a7,LINKED,,M,,40-64,,537,
batch_001,encounters_epic_north.csv,281,EPIC_NORTH,E4201250,84e146d9eb672180a4e87434f588a235322cc7fc9349bad85c3380c594b3a83d,LINKED,,F,,65+,,541,
batch_001,encounters_epic_north.csv,282,EPIC_NORTH,E5492096,0fb83ec0cb5e902222c5bd5cb73b1de9d2b08002b9c139659d14df763a3bc30f,LINKED,,F,,40-64,,531,
batch_001,encounters_epic_north.csv,283,EPIC_NORTH,E8567888,30d21eaba733e6bf8476fb948c24c5216e6c8c1f5a225e6b869aba4aa05a137e,LINKED,,F,,18-39,,537,
batch_001,encounters_epic_north.csv,284,EPIC_NORTH,E4770113,d8f6db0ceea761a1001f08f1a99277c18e28a62661e2269f9471bafc938e7136,LINKED,,M,,65+,,531,
batch_001,encounters_epic_north.csv,285,EPIC_NORTH,E6449043,bdfbcfdd81de4959d42661f0a2e782e2bb390cc070192cfdf864e76e557c1c1b,LINKED,,M,,0-17,,531,
batch_001,encounters_epic_north.csv,286,EPIC_NORTH,E6700840,438f3bce4eb6e5c422bbd27edb44235e9259375aa05207d1f1f5eaad72fda065,LINKED,,F,,40-64,,541,
batch_001,encounters_epic_north.csv,287,EPIC_NORTH,E4349448,2eca19066dc5e73ae8462bd4aaa95f938d599d793022d2343be1afcc636dc9c0,LINKED,,F,,65+,,537,
batch_001,encounters_epic_north.csv,288,EPIC_NORTH,E9374463,9ec5a2ce7d0165d043f75382d341b66a5a9d4455cd701be572afbf70db753cd5,LINKED,,M,,65+,,532,
batch_001,encounters_epic_north.csv,289,EPIC_NORTH,E3580081,61e644e99a559025b4ee286beecffc28643b46bff036482b0f9c7a9098bc90c7,LINKED,,M,,40-64,,531,
batch_001,encounters_epic_north.csv,290,EPIC_NORTH,E6579504,083caca25d54f92a35ac66adb5edc9f2bc7bb389f8f040d0fbd5b77a9c3ac8fe,LINKED,,M,,65+,,532,
batch_001,encounters_epic_north.csv,291,EPIC_NORTH,E2157117,bbf42954ffc4b4300297db301a2326e41ffdfb7f617352aac7e0232180f466f4,LINKED,,F,,0-17,,543,
batch_001,encounters_epic_north.csv,292,EPIC_NORTH,E1775234,f4da818385a1a4fe7ebc5af302f5988aafd8d8a92baf1bce47ef9da4112ae91d,LINKED,,F,,40-64,,541,
batch_001,encounters_epic_north.csv,293,EPIC_NORTH,E9671271,e52b39d4dec5735d23a20fdbb8710f2ab61b17c67fe0e1b669703961fdba74a0,LINKED,,M,,40-64,,532,
batch_001,encounters_epic_north.csv,294,EPIC_NORTH,E7614432,a18a4680404dbede215c6b7e5b98be7553a99f8a64adc73c619a80c00f2470f5,LINKED,,F,,0-17,,531,
batch_001,encounters_epic_north.csv,295,EPIC_NORTH,E6450624,5fe5164f5ad37dd95fc1ef94dde6b8bf28a9c571bcf48c0797f73ba625899430,LINKED,,F,,40-64,,531,
batch_001,encounters_epic_north.csv,296,EPIC_NORTH,E1071422,d8ac1909f93ac77c6f18e0d172bbe6def2611d1283c791b2656cd6a26096fddf,LINKED,,F,,65+,,531,
batch_001,encounters_epic_north.csv,297,EPIC_NORTH,E7399578,3b7b739c2fbd1fcb4516b0d58b06344cfdbc3a1934f714a429c1e9bc73915257,LINKED,,F,,65+,,532,
batch_001,encounters_epic_north.csv,298,EPIC_NORTH,E9155954,21439a374e64e85119012e15501447dc88cc142252a90771d62d5c27ae2c51d1,LINKED,,M,,0-17,,532,
batch_001,encounters_epic_north.csv,299,EPIC_NORTH,E1470993,aa38a1c923eb364a7519c4c6b5cc470f7e07e1ca18a1706ae4184683cf82bf96,LINKED,,M,,40-64,,520,
batch_001,encounters_epic_north.csv,300,EPIC_NORTH,E5012265,63ccc29662685af7628c3f80d5cd659c718532acc6f1196742b3c7f830940ee4,LINKED,,F,,65+,,537,
batch_001,encounters_epic_north.csv,301,EPIC_NORTH,E3776961,9d3919502b2f5cc86510411fe63bab71eb47c6cfd5cf64e429c7b051cb1cf646,LINKED,,F,,40-64,,532,
batch_001,encounters_epic_north.csv,302,EPIC_NORTH,E1469484,06bf7a1d03ddebabb1547089018afcf769861c2a1c07eb4c3234771be410b89b,LINKED,,F,,40-64,,524,
batch_001,encounters_epic_north.csv,303,EPIC_NORTH,E5442535,d8ac1909f93ac77c6f18e0d172bbe6def2611d1283c791b2656cd6a26096fddf,LINKED,,F,,65+,,531,
batch_001,encounters_epic_north.csv,304,EPIC_NORTH,E3698825,f83d042a3f20a67ab33eec027d4e5a4731562cd0e552efbe44cab8d269839cf2,LINKED,,F,,40-64,,532,
batch_001,encounters_epic_north.csv,305,EPIC_NORTH,E4382084,c4b661b705d951ddf65b919eb43636a693b895cc813567d3efc53f339f8c67c7,LINKED,,M,,0-17,,543,
batch_001,encounters_epic_north.csv,306,EPIC_NORTH,E3018271,24d08dd48aeef8ee87ffcec2a1b8d7ea2b5fc9704f08d38877ca0812a0195021,LINKED,,M,,65+,,543,
batch_001,encounters_epic_north.csv,307,EPIC_NORTH,E7041839,0d141c4ec9f6a6884d0b639d69ad98c9be2bd5ab1f053105e011b91fc8011421,LINKED,,M,,0-17,,531,
batch_001,encounters_epic_north.csv,308,EPIC_NORTH,E3132424,3f2ae8c5da48f6cb2a5f80edae553e7e8cc203f8b344e7d63d081d892ff88fbd,LINKED,,M,,40-64,,541,
batch_001,encounters_epic_north.csv,309,EPIC_NORTH,E4158948,ae7e75d3a7f6adec7854feb27de9a29ce3f6ad8417a20bd7b7ca5fa5fb064dd2,LINKED,,M,,0-17,,537,
batch_001,encounters_epic_north.csv,310,EPIC_NORTH,E5748223,3509a2f3241f57ac57fb7c463e7701f09e60c453cf7a87b4ed472c793767815f,LINKED,,M,,0-17,,532,
batch_001,encounters_epic_north.csv,311,EPIC_NORTH,E3168433,db5ab582169043f70a0286e4f9282b6c2e24f0baf4cce8f64e3ee33d8e1235d0,LINKED,,F,,65+,,541,
batch_001,encounters_epic_north.csv,312,EPIC_NORTH,E6324430,e042e54cec215372dae85698ecbdbbd9e1f08af3c66786a13532da53271b472a,LINKED,,F,,65+,,537,
batch_001,encounters_epic_north.csv,313,EPIC_NORTH,E2573906,cc4fc1e66f04830986463f19a22e6f358f2fad373d2f7aa94707ec5ac83d1366,LINKED,,F,,0-17,,537,
batch_001,encounters_epic_north.csv,314,EPIC_NORTH,E9316692,456bf7c1b2e9ed4b049dec352783f9254d89dcf6475a62acf1c6e598ce6b532a,LINKED,,F,,65+,,532,
batch_001,encounters_epic_north.csv,315,EPIC_NORTH,E5130937,2fa9feb07c752cb50504e1aea9987c31d3b3d9bba66a9d580224bdf15fbdcca6,LINKED,,M,,40-64,,541,
batch_001,encounters_epic_north.csv,316,EPIC_NORTH,E3901216,c75c33a8304a013456e510314eff11134358992cd2111eac79e0b5c10d151885,LINKED,,M,,65+,,524,
batch_001,encounters_epic_north.csv,317,EPIC_NORTH,E3214816,94968b079abd7ed530e653ff63999ba5aa59e50436be73bf8433c8657f88a1f4,LINKED,,F,,65+,,532,
batch_001,encounters_epic_north.csv,318,EPIC_NORTH,E2600248,9bc283ee96c8c76eec86faaefca60b90f4fcfa21785fe76bc25ef5c9d9b3c23d,LINKED,,M,,40-64,,541,
batch_001,encounters_epic_north.csv,319,EPIC_NORTH,E4170495,e69df4f6a6cd96d4787f2b2dd1c9dc4785f5bbabf2784512f6c75912b0cffc1f,LINKED,,F,,18-39,,541,
batch_001,encounters_epic_north.csv,320,EPIC_NORTH,E3289195,9b589a9b180bfb4257abd0ed75a86d50f7f4aee07498ec967460fbde7ec72d33,LINKED,,M,,40-64,,543,
batch_001,encounters_epic_north.csv,321,EPIC_NORTH,E2924077,04364891e476e4ec912883077cd352ab4b3903383f968f15e65ea04b947b71b7,LINKED,,M,,65+,,531,
batch_001,encounters_epic_north.csv,322,EPIC_NORTH,E8023211,be5a267e2634745e6453ba04fa15bdf47cb3ddee720581bf9b56c063eb4b1527,LINKED,,F,,65+,,541,
batch_001,encounters_epic_north.csv,323,EPIC_NORTH,E2169086,14dff83b6edbf6dfecd582223ff362f165985d8f9df3cbca6c8264c8a5c2b121,LINKED,,F,,0-17,,531,
batch_001,encounters_epic_north.csv,324,EPIC_NORTH,E8108473,31375476920765617e3d2819aa1f7062f8f1089686927e3a522163c9977604b3,LINKED,,M,,40-64,,537,
batch_001,encounters_epic_north.csv,325,EPIC_NORTH,E2643279,a18a4680404dbede215c6b7e5b98be7553a99f8a64adc73c619a80c00f2470f5,LINKED,,F,,0-17,,531,
batch_001,encounters_epic_north.csv,326,EPIC_NORTH,E3947351,5e134e87449aa429e8b3e8c0017c5f36503cf6c3576209969f1a4da0fa5e1ecd,LINKED,,F,,18-39,,537,
batch_001,encounters_epic_north.csv,327,EPIC_NORTH,E2778940,738377045e400f14a5a552b93244c34b603392dfa3890a08f08fc5a4892b89e1,LINKED,,M,,65+,,532,
batch_001,encounters_epic_north.csv,328,EPIC_NORTH,E9563242,483f06416eb921a01656a02123c3cc02482e2d233173d4d13369fb552fdad39a,LINKED,,M,,40-64,,531,
batch_001,encounters_epic_north.csv,329,EPIC_NORTH,E9782924,7cc33c0e43829b06cff6c6d8d4adef1f7f51fc0aeb42299898a1d14486d6ead1,LINKED,,M,,40-64,,532,
batch_001,encounters_epic_north.csv,330,EPIC_NORTH,E1906494,8be1aafe5b2e10613a15032182d754b53e1e3eb23d9ea203081b198002f5b551,LINKED,,F,,18-39,,537,
batch_001,encounters_epic_north.csv,331,EPIC_NORTH,E8143972,2d20d7a4801f56756fe6d99cb9c39c94b67b8ed3b69d27fa8f57c35c8687d58e,UNLINKED,PATIENT_UNLINKED_NO_DOB,F,,UNKNOWN,AGE_BAND_DOB_UNAVAILABLE,541,
batch_001,encounters_epic_north.csv,332,EPIC_NORTH,E4894902,3335d4c0d55cfd5360eb911653a987f6c5241803378dd97f0ed7d84af3e65b67,LINKED,,M,,40-64,,531,
batch_001,encounters_epic_north.csv,333,EPIC_NORTH,E9541537,2913a5696723f4057d5c6f98f3c1deef3cfdfa7b4043dd389e5537f510cc7d99,LINKED,,M,,40-64,,531,
batch_001,encounters_epic_north.csv,334,EPIC_NORTH,E8473439,7ba6723bfbbbf742739b393aafbfc8fb3754a0ccda5d1187cce0577dc933df4e,LINKED,,M,,40-64,,531,
batch_001,encounters_epic_north.csv,335,EPIC_NORTH,E2362137,3165a42d7520404062f945d13a020e37bff2bf6f2f844dadb0cca9399e015936,LINKED,,M,,40-64,,541,
batch_001,encounters_epic_north.csv,336,EPIC_NORTH,E2501003,c2e230a89cf12f477377ffcb711a7880665743d9f0471b1f48134c73d7d59ae6,LINKED,,F,,40-64,,532,
batch_001,encounters_epic_north.csv,337,EPIC_NORTH,E5342004,f3297ba3555ce4ca06eeec237f59fc868378257e39574c196145a6b05d993d68,LINKED,,F,,18-39,,541,
batch_001,encounters_epic_north.csv,338,EPIC_NORTH,E4179039,2eea1356e78289f646c92f008043c87625eade794cc3ab578730c4a694e0b823,LINKED,,M,,18-39,,532,
batch_001,encounters_epic_north.csv,339,EPIC_NORTH,E8445664,0c66cd7b759ecc5116cb4b65c95ddde9e3d2d40c038e92398967a14dc8855dee,LINKED,,F,,40-64,,543,
batch_001,encounters_epic_north.csv,340,EPIC_NORTH,E2625974,9d8fb802a09dbe3c7637474b1d8bea017f6c25558da649e6cd5646d7b2f9851d,LINKED,,M,,40-64,,541,
batch_001,encounters_epic_north.csv,341,EPIC_NORTH,E7417896,b5fb37fdc0e2e784d57d75eb50cca2a022732e295eb26b2e0be9cb3aef60d3b1,LINKED,,F,,40-64,,543,
batch_001,encounters_epic_north.csv,342,EPIC_NORTH,E7129567,84e146d9eb672180a4e87434f588a235322cc7fc9349bad85c3380c594b3a83d,LINKED,,F,,65+,,541,
batch_001,encounters_epic_north.csv,343,EPIC_NORTH,E5962557,16cb899d74a6d6f0f0d50c767d6d365584e43f7a4fbea7296aa120586cc086da,LINKED,,F,,0-17,,541,
batch_001,encounters_epic_north.csv,344,EPIC_NORTH,E4589878,9332a4f11fc48c6a14f2b50c11e4d42b387c5c220e2b401432ea26b3e05cd0bd,LINKED,,M,,18-39,,537,
batch_001,encounters_epic_north.csv,345,EPIC_NORTH,E8356396,d4b625a9732393a95e86664a5a7b2f35dfc66078045a4b731a8647b8ebbdacd4,LINKED,,M,,0-17,,532,
batch_001,encounters_epic_north.csv,346,EPIC_NORTH,E8934070,d77baec3d3d46603e755faffed1396827490cb6df4c9e15367e065d130a3df34,LINKED,,M,,0-17,,543,
batch_001,encounters_epic_north.csv,347,EPIC_NORTH,E2206386,dbb0495e507cda61581c5ee8c267dcd974674fdabbb4c6a394a4f573c854f4f8,LINKED,,F,,65+,,531,
batch_001,encounters_epic_north.csv,348,EPIC_NORTH,E1531911,30cddb33bb4e32bee0e81c89b92c932bbbe1cddd75c67bf135c8f0b4bf7a23f7,LINKED,,F,,18-39,,531,
batch_001,encounters_epic_north.csv,349,EPIC_NORTH,E1876309,6f6b849670d22e7a76652dcdf1c75be2816dad3bcd9bf3ba07fb54f6c5143751,LINKED,,F,,0-17,,543,
batch_001,encounters_epic_north.csv,350,EPIC_NORTH,E3915326,617b08f8676d0943c3820a707eedd7423e74a199f73aced3c89e11fc1b7710a2,LINKED,,M,,65+,,541,
batch_001,encounters_epic_north.csv,351,EPIC_NORTH,E7387723,bf27543cf6b0d7ac4a9b51761299d882a440747fede92100b5c1f8b163b69c2d,LINKED,,M,,UNKNOWN,AGE_BAND_DOB_AFTER_ADMIT,537,
batch_001,encounters_epic_north.csv,352,EPIC_NORTH,E3483582,a7448e87f70b78b5122ebe56679843f586b45b53375764504d8d5005134e6da2,LINKED,,F,,40-64,,543,
batch_001,encounters_epic_north.csv,353,EPIC_NORTH,E1803677,5382e5494801fafe4725dd6440511dfbbb1f8b2492e0cb40b5eb286443e2268e,LINKED,,F,,40-64,,532,
batch_001,encounters_epic_north.csv,354,EPIC_NORTH,E7771455,dc24a57c51dd8f9c402c597e7f66cd3320d57ffe136144b3dd875596de4ea8c3,LINKED,,F,,40-64,,524,
batch_001,encounters_epic_north.csv,355,EPIC_NORTH,E9508335,f3e88a71f34c0742164f6e211e1748a09c00d2724029d3f12bfd2af43ccde044,LINKED,,M,,40-64,,537,
batch_001,encounters_epic_north.csv,356,EPIC_NORTH,E5508915,53c4461ba7222897ed82fe91b0edf7375a901ed6b0eed8df349c850eda5784a7,LINKED,,F,,18-39,,531,
batch_001,encounters_epic_north.csv,357,EPIC_NORTH,E6784083,2d20d7a4801f56756fe6d99cb9c39c94b67b8ed3b69d27fa8f57c35c8687d58e,UNLINKED,PATIENT_UNLINKED_NO_DOB,F,,UNKNOWN,AGE_BAND_DOB_UNAVAILABLE,541,
batch_001,encounters_epic_north.csv,358,EPIC_NORTH,E9687463,8cdb15fc65eac68d302f6c966f8f4b432548d921187d04b42a992ceec1b07ccd,LINKED,,M,,18-39,,537,
batch_001,encounters_epic_north.csv,359,EPIC_NORTH,E8754554,80158a2c56a1a76ffb945ce101c70ff29b5eacaf1cd05295b99d66c53015de69,LINKED,,F,,40-64,,541,
batch_001,encounters_epic_north.csv,360,EPIC_NORTH,E4906681,04364891e476e4ec912883077cd352ab4b3903383f968f15e65ea04b947b71b7,LINKED,,M,,65+,,531,
batch_001,encounters_epic_north.csv,361,EPIC_NORTH,E2003675,44db6ec93bbfabc6e97ebcdb2aa03674714d029499cc436403843dd195a7cbb4,LINKED,,M,,40-64,,543,
batch_001,encounters_epic_north.csv,362,EPIC_NORTH,E6254828,a9dd26dd53453f661b3bfb137b25da4102c8ba5f09cab992a6268ef7af3931c8,LINKED,,F,,65+,,531,
batch_001,encounters_epic_north.csv,363,EPIC_NORTH,E8198995,42e17e1c55b01b32cf5d68a559a46888d17c3e4793e6c75cc9646c42187ffd0f,LINKED,,F,,18-39,,543,
batch_001,encounters_epic_north.csv,364,EPIC_NORTH,E5506331,1344f6eed13487c79bb994011029de5e1d79e9a175671d8bfa700b9debc7715a,LINKED,,M,,40-64,,532,
batch_001,encounters_epic_north.csv,365,EPIC_NORTH,E9427404,f86690d8992be0a5024bbd7d2a95e6a60a19b452279c9929c56ee5a350181910,LINKED,,F,,65+,,520,
batch_001,encounters_epic_north.csv,366,EPIC_NORTH,E6761363,851caa579b0e9823589a30f289f428ee1d980c7346378c13b675903cb1547b94,LINKED,,F,,40-64,,537,
batch_001,encounters_epic_north.csv,367,EPIC_NORTH,E9570626,8be1aafe5b2e10613a15032182d754b53e1e3eb23d9ea203081b198002f5b551,LINKED,,F,,18-39,,537,
batch_001,encounters_epic_north.csv,368,EPIC_NORTH,E5225781,f3a18fc05f964fd186abc400fa8e26c6d1270f9abe4410b8736a4494e274a1ac,LINKED,,F,,40-64,,531,
batch_001,encounters_epic_north.csv,369,EPIC_NORTH,E6178981,1c88649def79030b7bcaeb352364a2250fa235edfa6b261662c5447e275cb8dc,LINKED,,F,,40-64,,532,
batch_001,encounters_epic_north.csv,370,EPIC_NORTH,E4686162,cf5fc472278d8a653ea6f92151a6fd9d57ae01a47e2df8991239498a6da82e2b,LINKED,,F,,65+,,543,
batch_001,encounters_epic_north.csv,371,EPIC_NORTH,E1094873,38512853850d9584157e790d4786f5b6cfd37d64b6f09bbd4f7037c64b006b85,LINKED,,M,,18-39,,537,
batch_001,encounters_epic_north.csv,372,EPIC_NORTH,E7949249,e69df4f6a6cd96d4787f2b2dd1c9dc4785f5bbabf2784512f6c75912b0cffc1f,LINKED,,F,,18-39,,541,
batch_001,encounters_epic_north.csv,373,EPIC_NORTH,E8067904,800432d0d4752056e2f49bfa1816e231f853488582715d57e533bfc043b7bd49,LINKED,,F,,65+,,531,
batch_001,encounters_epic_north.csv,374,EPIC_NORTH,E4250835,849065fa072d86e939345ef87270658aff0f71f9fc13609929066dcb9b295866,LINKED,,M,,0-17,,537,
batch_001,encounters_epic_north.csv,375,EPIC_NORTH,E5712835,d769b914a48be6700dd87466837ffb3dc8165fdc4533df41d2693e516938d158,LINKED,,F,,40-64,,537,
batch_001,encounters_epic_north.csv,376,EPIC_NORTH,E3736318,3d068c1bcb0ecbf0296917b2ccfe1758bd617cc2e1115cab4643582cbd15f0bf,LINKED,,F,,40-64,,543,
batch_001,encounters_epic_north.csv,377,EPIC_NORTH,E1095908,e52db20e869c2aba3b6b5f4e780bba2bd7624541e0d87ce30256e35ab99602ec,LINKED,,M,,40-64,,541,
batch_001,encounters_epic_north.csv,378,EPIC_NORTH,E8015669,db97aa49a709b9252335a66b0fde9c722ee46dd2376d87650e3df4b8c994305f,LINKED,,F,,65+,,524,
batch_001,encounters_epic_north.csv,379,EPIC_NORTH,E8342115,5918f7127e5604aef42c25773b75b06b86136c41a6d50e4c89d59224ffec0341,LINKED,,M,,40-64,,543,
batch_001,encounters_epic_north.csv,380,EPIC_NORTH,E9739708,8654a1b5b5a1a0222f05f032eade4b9e4a6f8b5fa9a69679099cdfa890f1d07b,LINKED,,F,,65+,,537,
batch_001,encounters_epic_north.csv,381,EPIC_NORTH,E9776493,06bf7a1d03ddebabb1547089018afcf769861c2a1c07eb4c3234771be410b89b,LINKED,,F,,40-64,,524,
batch_001,encounters_epic_north.csv,382,EPIC_NORTH,E6984006,bdfbcfdd81de4959d42661f0a2e782e2bb390cc070192cfdf864e76e557c1c1b,LINKED,,M,,0-17,,531,
batch_001,encounters_epic_north.csv,383,EPIC_NORTH,E2396392,ad762673861a47183a41924844c5fdd767c88009d9d507c16e2a465b5122a526,LINKED,,F,,0-17,,541,
batch_001,encounters_epic_north.csv,384,EPIC_NORTH,E1585269,5382e5494801fafe4725dd6440511dfbbb1f8b2492e0cb40b5eb286443e2268e,LINKED,,F,,40-64,,532,
batch_001,encounters_epic_north.csv,385,EPIC_NORTH,E5486627,42e17e1c55b01b32cf5d68a559a46888d17c3e4793e6c75cc9646c42187ffd0f,LINKED,,F,,18-39,,543,
batch_001,encounters_epic_north.csv,386,EPIC_NORTH,E2017706,b524ef8794b4f0bf7dd6d9d3102e3655915793d28baac6d9b7dd124f0bf881e8,LINKED,,F,,40-64,,532,
batch_001,encounters_epic_north.csv,387,EPIC_NORTH,E3329541,87e5964bcb3d3bf0bb78962d932134aa3a16c67a7c444144a7161bb57845b598,LINKED,,M,,40-64,,524,
batch_001,encounters_epic_north.csv,388,EPIC_NORTH,E5365863,3f614ce4d6edb585db6c3a486cd66aeefff13b446da7249a9588e3b8c02703e6,LINKED,,F,,65+,,543,
batch_001,encounters_epic_north.csv,389,EPIC_NORTH,E6875896,6ec178353f8af4b1138e09acfd6c796891ff34fe2469ab7fcccbbe7eff150ca7,LINKED,,M,,40-64,,537,
batch_001,encounters_epic_north.csv,390,EPIC_NORTH,E4637330,b8ceb2af98ef027130eb67ac68fe48b48aa9267b4be92cd39ba67ac5736c002e,LINKED,,F,,65+,,520,
batch_001,encounters_epic_north.csv,391,EPIC_NORTH,E6323345,6f6b849670d22e7a76652dcdf1c75be2816dad3bcd9bf3ba07fb54f6c5143751,LINKED,,F,,0-17,,543,
batch_001,encounters_epic_north.csv,392,EPIC_NORTH,E2708249,68a5c60fb262a1835b394e6d40104c7d75f3e4725d85e4e6118f6cd8ef015ee9,LINKED,,F,,65+,,524,
batch_001,encounters_epic_north.csv,393,EPIC_NORTH,E3361949,68a5c60fb262a1835b394e6d40104c7d75f3e4725d85e4e6118f6cd8ef015ee9,LINKED,,F,,65+,,524,
batch_001,encounters_epic_north.csv,394,EPIC_NORTH,E9832985,0eebbe5a676ba469eca856b63f12b7864b6e630e0e2f15d980ccf3a03bdd1e7b,LINKED,,M,,40-64,,532,
batch_001,encounters_epic_north.csv,395,EPIC_NORTH,E1883348,de1e2a1a3f8091f1f455ec1b54d6a9bc16cddf20f0ce3157dffdb217ff11579a,LINKED,,F,,40-64,,532,
batch_001,encounters_epic_north.csv,396,EPIC_NORTH,E2675682,b41393795511818cebc5d881a5d130c41d04a3817acd298a5f00c13cab3a974f,LINKED,,M,,65+,,531,
batch_001,encounters_epic_north.csv,397,EPIC_NORTH,E9883090,90036f0185398658a774e980f5a1dd4af508463c97b0ea104c40d056675c49ff,LINKED,,M,,40-64,,543,
batch_001,encounters_epic_north.csv,398,EPIC_NORTH,E1037027,0732716fea8968d41904e071b06ba72544981c9cc816644b3a80499a9f9f6223,LINKED,,F,,40-64,,537,
batch_001,encounters_epic_north.csv,399,EPIC_NORTH,E1023983,dd682a3c2228d33123bf15472922c9df4a44eb43ecaf75be50e09a6b09115379,LINKED,,F,,18-39,,541,
batch_001,encounters_epic_north.csv,400,EPIC_NORTH,E7286796,570798d3c4121f6f62f5a1511be16e8ceb673e5d5fca8c3c8057e9b8ceaf9bc4,LINKED,,M,,40-64,,531,
batch_001,encounters_epic_north.csv,401,EPIC_NORTH,E9159121,ac528e4d4797af86e133c763f389cfa8977cce5ab493338c04c0814e2820fb30,LINKED,,F,,65+,,541,
batch_001,encounters_epic_north.csv,402,EPIC_NORTH,E6965553,d52b1de7e0792880412524f821a38d0851fdb5b140ac2c9c41a762025a69cd3a,LINKED,,M,,65+,,537,
batch_001,encounters_epic_north.csv,403,EPIC_NORTH,E5041586,122590f8c824518613d82d289264c5d58cb69ad9f2da4fdfc81a2d65ed3e5255,LINKED,,M,,0-17,,537,
batch_001,encounters_epic_north.csv,404,EPIC_NORTH,E5734339,150642d47854cf4162ee711aa094405850b5707053915daae2448963a9e113aa,LINKED,,F,,40-64,,537,
batch_001,encounters_epic_north.csv,405,EPIC_NORTH,E6746297,dc9e6d52c28e6899808850c26c7a5fc15f142755f97fc2798f902cf058d8096e,LINKED,,F,,65+,,531,
batch_001,encounters_epic_north.csv,406,EPIC_NORTH,E6809904,a9dd26dd53453f661b3bfb137b25da4102c8ba5f09cab992a6268ef7af3931c8,LINKED,,F,,65+,,531,
batch_001,encounters_epic_north.csv,407,EPIC_NORTH,E7041653,ad762673861a47183a41924844c5fdd767c88009d9d507c16e2a465b5122a526,LINKED,,F,,0-17,,541,
batch_001,encounters_epic_north.csv,408,EPIC_NORTH,E5828955,e414593bcbd3251d986027c5d8d6e8de03ba47d22e87ba9140bc3931f3bbddbe,LINKED,,M,,40-64,,531,
batch_001,encounters_epic_north.csv,409,EPIC_NORTH,E8434199,08b1ddc539912437931a1adef3921a3f074b6464e31aa7b2dd75ea07d703aa02,LINKED,,M,,40-64,,543,
batch_001,encounters_epic_north.csv,410,EPIC_NORTH,E8006965,da802ea81d2536b3421e85cfbddd0fb45723e4baf24ece39af5b96449d3e6ca2,LINKED,,F,,40-64,,543,
batch_001,encounters_epic_north.csv,411,EPIC_NORTH,E7915910,62883d25832fca001f9a7f696bfa52a5e76a0ee542fa1da3cdf397db7e14cda8,LINKED,,F,,65+,,541,
batch_001,encounters_epic_north.csv,412,EPIC_NORTH,E2473952,d034a0bac13c0532ef3d034f58ad04a03727675fa36ffbb079bcefda7a1f0436,LINKED,,M,,0-17,,537,
batch_001,encounters_epic_north.csv,413,EPIC_NORTH,E3373192,e52db20e869c2aba3b6b5f4e780bba2bd7624541e0d87ce30256e35ab99602ec,LINKED,,M,,40-64,,541,
batch_001,encounters_epic_north.csv,414,EPIC_NORTH,E9241454,a9d201e8c82c33aaa972e9ebe17546e8fdc89f14ebab1a9c6dbc087b18ac7696,LINKED,,F,,65+,,537,
batch_001,encounters_epic_north.csv,415,EPIC_NORTH,E4401571,47c49b27f3a861a28e215a3e4f795f546f8a551e7476e7517797ccd0500b1cf4,LINKED,,M,,40-64,,541,
batch_001,encounters_epic_north.csv,416,EPIC_NORTH,E4911493,32a345bb3d9f84578453861c295fd624efc712257d7208dffe139d7a73cf2787,LINKED,,M,,18-39,,541,
batch_001,encounters_epic_north.csv,417,EPIC_NORTH,E5540973,ecd8c226fbf01ae9d8bbb17f0da405f65e890aefff29f077ad013a2a8438e0b7,LINKED,,M,,65+,,531,
batch_001,encounters_epic_north.csv,418,EPIC_NORTH,E9622430,32a345bb3d9f84578453861c295fd624efc712257d7208dffe139d7a73cf2787,LINKED,,M,,18-39,,541,
batch_001,encounters_epic_north.csv,419,EPIC_NORTH,E1434262,5199c53b89ccc0bfce13f1d5740cbd42bf02a5f3854429249373db9e94886a48,LINKED,,M,,40-64,,543,
batch_001,encounters_epic_north.csv,420,EPIC_NORTH,E2022224,d78f73074071a54e4153d1b916eeee0174cdb31a0866f96c0e4a1c7f98e263dd,LINKED,,M,,0-17,,541,
batch_001,encounters_epic_north.csv,421,EPIC_NORTH,E7592399,ebd4d32af40561122385e593369019e73948bdd52a20597a7b40a24601be1d23,LINKED,,F,,65+,,537,
batch_001,encounters_epic_north.csv,422,EPIC_NORTH,E7192834,91e6ddd2f7da2165e22cb7723792d32cc4c7b6c6cbd657fbb6d7a4bd0b43c611,LINKED,,F,,65+,,541,
batch_001,encounters_epic_north.csv,423,EPIC_NORTH,E3670333,851caa579b0e9823589a30f289f428ee1d980c7346378c13b675903cb1547b94,LINKED,,F,,40-64,,537,
batch_001,encounters_epic_north.csv,424,EPIC_NORTH,E6927689,61794afeed15b8a968cf86d21fca8c2aa47760069659fd7e4a53dc291a886676,LINKED,,F,,0-17,,537,
batch_001,encounters_epic_north.csv,425,EPIC_NORTH,E2255871,438f3bce4eb6e5c422bbd27edb44235e9259375aa05207d1f1f5eaad72fda065,LINKED,,F,,40-64,,541,
batch_001,encounters_epic_north.csv,426,EPIC_NORTH,E2984803,02ab3f71347900543f01f8062dbb8c86a8898e7b5153f931fab19e2354f7b622,LINKED,,M,,40-64,,537,
batch_001,encounters_epic_north.csv,427,EPIC_NORTH,E4454652,aa38a1c923eb364a7519c4c6b5cc470f7e07e1ca18a1706ae4184683cf82bf96,LINKED,,M,,40-64,,520,
batch_001,encounters_epic_north.csv,428,EPIC_NORTH,E6411603,bf3bb69ca37d4879474f1cff09f14e776cfbb759732855e7e718b954a2fa0306,LINKED,,F,,UNKNOWN,AGE_BAND_ADMIT_UNAVAILABLE,531,
batch_001,encounters_epic_north.csv,429,EPIC_NORTH,E5379440,56a05ebec02e2cb2a0a9969e866b49b3fea7b859f515fd8e56d37c887a70457d,LINKED,,F,,40-64,,543,
batch_001,encounters_epic_north.csv,430,EPIC_NORTH,E9823445,8f11fdb20a4839302341be96d687bb9ea2bf37a4de11eeee544cc6fede5b7e12,LINKED,,F,,40-64,,532,
batch_001,encounters_epic_north.csv,431,EPIC_NORTH,E6887882,937a3b98575215e7a9e2919e80c71913dd5cc364afbcfab5249e7deb886be337,LINKED,,M,,40-64,,531,
batch_001,encounters_epic_north.csv,432,EPIC_NORTH,E9284574,0f7f5d7c1749ca863f445a2dfaaf0d7417abc6b64b6f3eac37510389447f2c20,LINKED,,M,,18-39,,532,
batch_001,encounters_epic_north.csv,433,EPIC_NORTH,E4946688,9b811e1b3cc32a15c7f094829a0aece23a598dd9d655f71ddbce07662fbd3b89,LINKED,,M,,65+,,543,
batch_001,encounters_epic_north.csv,434,EPIC_NORTH,E3736506,efc7581de7ab4bed5f068371a674820351cc089f9c0ded4364a3cfbb1e236359,LINKED,,M,,65+,,531,
batch_001,encounters_epic_north.csv,435,EPIC_NORTH,E3777165,b0d2cb0efbc3fd700ade65a07807cfc83f45061f9d59075d4fbaebdefa424899,LINKED,,F,,40-64,,541,
batch_001,encounters_epic_north.csv,436,EPIC_NORTH,E7946928,874c105288fd327ecace323079259e4abd7b86a963bc54189cb7c6cce1cd3b82,LINKED,,F,,0-17,,543,
batch_001,encounters_epic_north.csv,437,EPIC_NORTH,E9693659,cd259b2fc7c311d006938137139bb590d943ba9af6aab56f48118d78922d85eb,LINKED,,F,,40-64,,531,
batch_001,encounters_epic_north.csv,438,EPIC_NORTH,E6502896,813b3419df502081d272c15ab83a0c44edc991f340d5a0fd477971b551274c5e,LINKED,,M,,40-64,,541,
batch_001,encounters_epic_north.csv,439,EPIC_NORTH,E1390106,456bf7c1b2e9ed4b049dec352783f9254d89dcf6475a62acf1c6e598ce6b532a,LINKED,,F,,65+,,532,
batch_001,encounters_epic_north.csv,440,EPIC_NORTH,E4416120,d0ea8f3ec12466543d442e1db91af3f296900d431abebc0ee5c4a169c3639836,LINKED,,M,,0-17,,537,
batch_001,encounters_epic_north.csv,441,EPIC_NORTH,E7834031,319effc4efec991dc825cb857f3e260b5fcf6f67e968d6ead745869bee1d2034,LINKED,,M,,0-17,,532,
batch_001,encounters_epic_north.csv,442,EPIC_NORTH,E3752013,3768405b63275076d921fcbd56d6c11d570cb9016596a2acb75bd9c270e1e25e,LINKED,,M,,0-17,,537,
batch_001,encounters_epic_north.csv,443,EPIC_NORTH,E9451379,b6800daf931d842716a44f7ceb8353f45007fe468eeb9b3728d3c7a928c2062d,LINKED,,F,,18-39,,532,
batch_001,encounters_epic_north.csv,444,EPIC_NORTH,E9304977,b5ec2ada86674cfd8f6505f3516d491d7ead091de49f9f887e6ecd13331f354c,LINKED,,F,,40-64,,543,
batch_001,encounters_epic_north.csv,445,EPIC_NORTH,E1287440,2fa9feb07c752cb50504e1aea9987c31d3b3d9bba66a9d580224bdf15fbdcca6,LINKED,,M,,40-64,,541,
batch_001,encounters_epic_north.csv,446,EPIC_NORTH,E6774006,4139ea7d02e53ce005be0388b8e440ce2478f3e0eba580a00a86e151c7a0807b,LINKED,,F,,0-17,,532,
batch_001,encounters_epic_north.csv,447,EPIC_NORTH,E2903246,648c1977d75c7c6edd7299edede4eb41b9c39ec6ceba6abc6f36414223ab8b04,LINKED,,F,,40-64,,524,
batch_001,encounters_epic_north.csv,448,EPIC_NORTH,E1592364,434530db34a4df0b94a8b1c23f7195ae291f03827b1d66e6e8544535d4c20f4c,LINKED,,M,,40-64,,541,
batch_001,encounters_epic_north.csv,449,EPIC_NORTH,E7596143,1cc786a8960d461179015fe0da25e8a60dcc5a7cbc44e96f97631359cbdd9708,LINKED,,F,,65+,,537,
batch_001,encounters_epic_north.csv,450,EPIC_NORTH,E5251159,21439a374e64e85119012e15501447dc88cc142252a90771d62d5c27ae2c51d1,LINKED,,M,,0-17,,532,
batch_001,encounters_epic_north.csv,451,EPIC_NORTH,E8708946,746585bb213c778d456b9453dce603fc41c8d379f0d4902d9dddd2d1193fe4d5,LINKED,,F,,40-64,,541,
batch_001,encounters_epic_north.csv,452,EPIC_NORTH,E1983968,f3e88a71f34c0742164f6e211e1748a09c00d2724029d3f12bfd2af43ccde044,LINKED,,M,,40-64,,537,
batch_001,encounters_epic_north.csv,453,EPIC_NORTH,E5765331,e0de0a104b1cf528cf4be9edb4c0b8bf95847c91daa5fa75f41b8ebdfc27208d,LINKED,,F,,65+,,541,
batch_001,encounters_epic_north.csv,454,EPIC_NORTH,E7671210,85be5ecf196e3b225cd769a5f4a1ab36a9515c481ca99034ed078af7346ced35,LINKED,,F,,40-64,,541,
batch_001,encounters_epic_north.csv,455,EPIC_NORTH,E1385309,0d141c4ec9f6a6884d0b639d69ad98c9be2bd5ab1f053105e011b91fc8011421,LINKED,,M,,0-17,,531,
batch_001,encounters_epic_north.csv,456,EPIC_NORTH,E4418536,0e63056066bf850f7d8e188ea22aa28a3767c8b4ca46046e08068e7cf0b03837,LINKED,,F,,40-64,,531,
batch_001,encounters_epic_north.csv,457,EPIC_NORTH,E9450598,0aa2222486c0c28c19cfdea675daa41763b8811290bc6a12ab021489ef5b9e77,LINKED,,F,,65+,,543,
batch_001,encounters_epic_north.csv,458,EPIC_NORTH,E3991155,f3e88a71f34c0742164f6e211e1748a09c00d2724029d3f12bfd2af43ccde044,LINKED,,M,,40-64,,537,
batch_001,encounters_epic_north.csv,459,EPIC_NORTH,E8982300,230fbc1b77af562ceec3f3c3b8bf506adae1357be817fae1efaecf7e417adccf,LINKED,,M,,40-64,,531,
batch_001,encounters_epic_north.csv,460,EPIC_NORTH,E6305520,6f6b849670d22e7a76652dcdf1c75be2816dad3bcd9bf3ba07fb54f6c5143751,LINKED,,F,,0-17,,543,
batch_001,encounters_epic_north.csv,461,EPIC_NORTH,E3759910,3500c0b1a280d91dc42ee503ce571dcf9b059859f2e0c5a692c16378822562d6,LINKED,,F,,40-64,,532,
batch_001,encounters_epic_north.csv,462,EPIC_NORTH,E1064720,f814dcc3e4e8ce741fa7da439b21f6a88967a527778d8d6764dead423333dec9,LINKED,,M,,65+,,541,
batch_001,encounters_epic_north.csv,463,EPIC_NORTH,E7474804,196719db9583fefdf68acdf0e9351a411457721af4daa715226a8294f0eb3157,LINKED,,F,,40-64,,532,
batch_001,encounters_epic_north.csv,464,EPIC_NORTH,E9650743,fb3c0b721a288fd722dd7b738b57f9dd02b5cb3a258db406d3060d278788ad47,LINKED,,M,,0-17,,543,
batch_001,encounters_epic_north.csv,465,EPIC_NORTH,E6079791,b0b6b45fe052e8515aca8551ef58a50fec1b6e2d2416305949cffe7dacc20c0c,LINKED,,M,,65+,,531,
batch_001,encounters_epic_north.csv,466,EPIC_NORTH,E4421198,3f2ae8c5da48f6cb2a5f80edae553e7e8cc203f8b344e7d63d081d892ff88fbd,LINKED,,M,,40-64,,541,
batch_001,encounters_epic_north.csv,467,EPIC_NORTH,E4032800,4b8b41609edd2fee32cdd4b92662f93bd0790b6068bcee9db2591b5500e741b0,LINKED,,M,,18-39,,541,
batch_001,encounters_epic_north.csv,468,EPIC_NORTH,E9564461,f8d988df1f2683a6c6e1f64b585c6b9178bbf1222c3bacb164807e8f9569be56,LINKED,,M,,65+,,531,
batch_001,encounters_epic_north.csv,469,EPIC_NORTH,E7409213,1dd09dfc784a0735b5869e8d4d35bda26e5d7778b86b93f986998dcec40bdda2,LINKED,,F,,40-64,,532,
batch_001,encounters_epic_north.csv,470,EPIC_NORTH,E7157928,9d143cccc1cc4f1c3d70b00f865a68fbfe5981f01df16fc529091d08f4f5e3c9,LINKED,,M,,40-64,,531,
batch_001,encounters_epic_north.csv,471,EPIC_NORTH,E1062547,137b4845b61a94acf520be3e35a18529cba90860a42be6f92d8afcf5a838c078,LINKED,,F,,0-17,,537,
batch_001,encounters_epic_north.csv,472,EPIC_NORTH,E3955940,6cb7f36b555c6a5d930d584934faf89d2b4deb118fcdb66e971ecb2d94645f62,LINKED,,F,,40-64,,531,
batch_001,encounters_epic_north.csv,473,EPIC_NORTH,E2603923,94284ba0820917646b13b3c08f8ae29cf2a515bd3000a0a5bb2092c7ebdc54e6,LINKED,,F,,40-64,,531,
batch_001,encounters_epic_north.csv,474,EPIC_NORTH,E3588145,a9dd26dd53453f661b3bfb137b25da4102c8ba5f09cab992a6268ef7af3931c8,LINKED,,F,,65+,,531,
batch_001,encounters_epic_north.csv,475,EPIC_NORTH,E4866774,47c49b27f3a861a28e215a3e4f795f546f8a551e7476e7517797ccd0500b1cf4,LINKED,,M,,40-64,,541,
batch_001,encounters_epic_north.csv,476,EPIC_NORTH,E3333790,a7448e87f70b78b5122ebe56679843f586b45b53375764504d8d5005134e6da2,LINKED,,F,,40-64,,543,
batch_001,encounters_epic_north.csv,477,EPIC_NORTH,E1008384,dc9e6d52c28e6899808850c26c7a5fc15f142755f97fc2798f902cf058d8096e,LINKED,,F,,65+,,531,
batch_001,encounters_epic_north.csv,478,EPIC_NORTH,E7250518,6eb5d417bf909a42c18a9b3425b899ef36d7f7a654a4fffa6cecadd5536d56c2,LINKED,,M,,0-17,,543,
batch_001,encounters_epic_north.csv,479,EPIC_NORTH,E5731145,55dd2549392e94f6b2a6420492f0524e571096c16cb836e1cd5ad7f2360db742,LINKED,,M,,18-39,,543,
batch_001,encounters_epic_north.csv,480,EPIC_NORTH,E8787701,5918f7127e5604aef42c25773b75b06b86136c41a6d50e4c89d59224ffec0341,LINKED,,M,,40-64,,543,
batch_001,encounters_epic_north.csv,481,EPIC_NORTH,E5891348,c55f2053b79f1480de137ff8448f72a6fc6ffbb59ebf75af76a9340107ce1d8d,LINKED,,F,,40-64,,541,
batch_001,encounters_epic_north.csv,482,EPIC_NORTH,E2829369,b6800daf931d842716a44f7ceb8353f45007fe468eeb9b3728d3c7a928c2062d,LINKED,,F,,18-39,,532,
batch_001,encounters_epic_north.csv,483,EPIC_NORTH,E9355967,f83d042a3f20a67ab33eec027d4e5a4731562cd0e552efbe44cab8d269839cf2,LINKED,,F,,40-64,,532,
batch_001,encounters_epic_north.csv,484,EPIC_NORTH,E4979066,24d08dd48aeef8ee87ffcec2a1b8d7ea2b5fc9704f08d38877ca0812a0195021,LINKED,,M,,UNKNOWN,AGE_BAND_ADMIT_UNAVAILABLE,543,
batch_001,encounters_epic_north.csv,485,EPIC_NORTH,E2628417,dd682a3c2228d33123bf15472922c9df4a44eb43ecaf75be50e09a6b09115379,LINKED,,F,,18-39,,541,
batch_001,encounters_epic_north.csv,486,EPIC_NORTH,E7241506,2eca19066dc5e73ae8462bd4aaa95f938d599d793022d2343be1afcc636dc9c0,LINKED,,F,,65+,,537,
batch_001,encounters_epic_north.csv,487,EPIC_NORTH,E2489918,cd259b2fc7c311d006938137139bb590d943ba9af6aab56f48118d78922d85eb,LINKED,,F,,40-64,,531,
batch_001,encounters_epic_north.csv,488,EPIC_NORTH,E7086408,dd682a3c2228d33123bf15472922c9df4a44eb43ecaf75be50e09a6b09115379,LINKED,,F,,18-39,,541,
batch_001,encounters_epic_north.csv,489,EPIC_NORTH,E5923088,43c374e5ab9784e9995da33a6f2cc08b0f70943fb644befc5e771dc00f1be065,LINKED,,M,,40-64,,531,
batch_001,encounters_epic_north.csv,490,EPIC_NORTH,E6144625,04eae54b845479d39498c9fcdd3ffa2804b303988d8000faffb91c5656bf0d92,LINKED,,F,,40-64,,532,
batch_001,encounters_epic_north.csv,491,EPIC_NORTH,E4286693,44db6ec93bbfabc6e97ebcdb2aa03674714d029499cc436403843dd195a7cbb4,LINKED,,M,,40-64,,543,
batch_001,encounters_epic_north.csv,492,EPIC_NORTH,E5389341,0eebbe5a676ba469eca856b63f12b7864b6e630e0e2f15d980ccf3a03bdd1e7b,LINKED,,M,,40-64,,532,
batch_001,encounters_epic_north.csv,493,EPIC_NORTH,E1136149,7020d62fd3ac91af45f82e04d78564cd4660dc95904559da9812a21ed4b15b8d,LINKED,,F,,40-64,,537,
batch_001,encounters_epic_north.csv,494,EPIC_NORTH,E4182149,cd259b2fc7c311d006938137139bb590d943ba9af6aab56f48118d78922d85eb,LINKED,,F,,40-64,,531,
batch_001,encounters_epic_north.csv,495,EPIC_NORTH,E9030429,378e02be9e020eefdaba9cd34c6e1517a2880c87da2beb6ce17c33e670519bc3,LINKED,,F,,18-39,,537,
batch_001,encounters_epic_north.csv,496,EPIC_NORTH,E4691813,64caff9212f30b06b03d80809d16bae76efcff03773232912d70febe4b28d70d,LINKED,,M,,40-64,,531,
batch_001,encounters_epic_north.csv,497,EPIC_NORTH,E7366110,94e26e72bafe0550f6b46ee6746237cee38b9abe20b0d52f00c1803a2ba5854f,LINKED,,M,,18-39,,541,
batch_001,encounters_epic_north.csv,498,EPIC_NORTH,E5276412,17a97024e7ad02ab93f7e1afe8c708deb540023967bc7de4b0f755f831c59569,LINKED,,F,,40-64,,543,
batch_001,encounters_epic_north.csv,499,EPIC_NORTH,E6387124,3f2ae8c5da48f6cb2a5f80edae553e7e8cc203f8b344e7d63d081d892ff88fbd,LINKED,,M,,40-64,,541,
batch_001,encounters_epic_north.csv,500,EPIC_NORTH,E5710453,fab9c6946d3a9cf2b3f953fdeab5c3e39441124491298767f6f17be2a07f216f,LINKED,,F,,40-64,,531,
batch_001,encounters_epic_north.csv,501,EPIC_NORTH,E7395230,8f11fdb20a4839302341be96d687bb9ea2bf37a4de11eeee544cc6fede5b7e12,LINKED,,F,,40-64,,532,
batch_001,encounters_epic_north.csv,502,EPIC_NORTH,E5331906,90fa84d48dcd503d839c60b0f4a82f23b1148195e77bae6cad238d24250a91cb,LINKED,,F,,40-64,,531,
batch_001,encounters_epic_north.csv,503,EPIC_NORTH,E9255276,6eb5d417bf909a42c18a9b3425b899ef36d7f7a654a4fffa6cecadd5536d56c2,LINKED,,M,,0-17,,543,
batch_001,encounters_epic_north.csv,504,EPIC_NORTH,E1470958,dc5abe9414c3f76925d8323742bf57522478adbb15f5ed4f00929f37ee6d3928,LINKED,,F,,40-64,,537,
batch_001,encounters_epic_north.csv,505,EPIC_NORTH,E3155530,dc5abe9414c3f76925d8323742bf57522478adbb15f5ed4f00929f37ee6d3928,LINKED,,F,,40-64,,537,
batch_001,encounters_epic_north.csv,506,EPIC_NORTH,E5028010,3b7b739c2fbd1fcb4516b0d58b06344cfdbc3a1934f714a429c1e9bc73915257,LINKED,,F,,65+,,532,
batch_001,encounters_epic_north.csv,507,EPIC_NORTH,E4823846,9146080bb614548699a3fb02827e8f53cc8ed154401f03c7be08b0aece854c3d,LINKED,,F,,40-64,,531,
batch_001,encounters_epic_north.csv,508,EPIC_NORTH,E7140732,099da97de3d38fb91aad387be43c850d52f71cadfe3f6aba0636e66155be0a23,LINKED,,M,,40-64,,541,
batch_001,encounters_epic_north.csv,509,EPIC_NORTH,E2173112,baf35add2c86a20030e4f9e4649d985c73985c574d5a5b775c766d2092a34c54,LINKED,,F,,40-64,,524,
batch_001,encounters_epic_north.csv,510,EPIC_NORTH,E1107221,83f5c1a73176b6c0fee1a9a63e33e8a8c8718bd0fbf6f98d8e28a47deac8abdb,LINKED,,M,,0-17,,537,
batch_001,encounters_epic_north.csv,511,EPIC_NORTH,E1303865,1d5d42b0ecdde098ff700719f2d840bd1e4138fa41ccd3ed45c2d67272dda403,LINKED,,F,,65+,,520,
batch_001,encounters_epic_north.csv,512,EPIC_NORTH,E2667571,844156e61826aa835eb6485d0f4875708dfdbde1a179a0f9009dd19ca5427dbe,LINKED,,F,,65+,,531,
batch_001,encounters_epic_north.csv,513,EPIC_NORTH,E3356054,319effc4efec991dc825cb857f3e260b5fcf6f67e968d6ead745869bee1d2034,LINKED,,M,,0-17,,532,
batch_001,encounters_epic_north.csv,514,EPIC_NORTH,E6091608,a55399b48544ca7efec47d85a6cd1b6f6956019b6e292a6e34bfcab20e07551d,LINKED,,F,,65+,,531,
batch_001,encounters_epic_north.csv,515,EPIC_NORTH,E3730479,ad28ed378e05a5a26c123f97e79b3b2744a46ddafc8a0f54aae8366e57ef0bb1,LINKED,,M,,40-64,,537,
batch_001,encounters_epic_north.csv,516,EPIC_NORTH,E1782899,2cdc77e081b6ed4baac21dafad6d9899d178918b9e570879129308190726bee1,LINKED,,F,,0-17,,543,
batch_001,encounters_epic_north.csv,517,EPIC_NORTH,E2982504,2efac508d18a4be54dcec96322b6c67d01f12adee27bd8549b0fcfeac5756b90,LINKED,,M,,40-64,,532,
batch_001,encounters_epic_north.csv,518,EPIC_NORTH,E7384739,de66b7b204b27f887c44755de5ba734a44e8c923a7d45319e1a222fbf9635269,LINKED,,M,,0-17,,531,
batch_001,encounters_epic_north.csv,519,EPIC_NORTH,E2463574,d769b914a48be6700dd87466837ffb3dc8165fdc4533df41d2693e516938d158,LINKED,,F,,40-64,,537,
batch_001,encounters_epic_north.csv,520,EPIC_NORTH,E4112700,dd682a3c2228d33123bf15472922c9df4a44eb43ecaf75be50e09a6b09115379,LINKED,,F,,18-39,,541,
batch_001,encounters_epic_north.csv,521,EPIC_NORTH,E5415322,cd259b2fc7c311d006938137139bb590d943ba9af6aab56f48118d78922d85eb,LINKED,,F,,40-64,,531,
batch_001,encounters_epic_north.csv,522,EPIC_NORTH,E3049809,53c4461ba7222897ed82fe91b0edf7375a901ed6b0eed8df349c850eda5784a7,LINKED,,F,,18-39,,531,
batch_001,encounters_epic_north.csv,523,EPIC_NORTH,E7596338,fab9c6946d3a9cf2b3f953fdeab5c3e39441124491298767f6f17be2a07f216f,LINKED,,F,,UNKNOWN,AGE_BAND_ADMIT_UNAVAILABLE,531,
batch_001,encounters_epic_north.csv,524,EPIC_NORTH,E9937662,90036f0185398658a774e980f5a1dd4af508463c97b0ea104c40d056675c49ff,LINKED,,M,,40-64,,543,
batch_001,encounters_epic_north.csv,525,EPIC_NORTH,E4512971,5382e5494801fafe4725dd6440511dfbbb1f8b2492e0cb40b5eb286443e2268e,LINKED,,F,,40-64,,532,
batch_001,encounters_epic_north.csv,526,EPIC_NORTH,E1284075,ce569b5860104cd71f133b23ebce62af52c1820d942b7b81660ac4089b32c925,LINKED,,M,,40-64,,532,
batch_001,encounters_epic_north.csv,527,EPIC_NORTH,E8140628,d7747976dbae590d4f8864ec50a1eeaa5433fa9c628e31d3e20139d9ceb27506,LINKED,,F,,40-64,,531,
batch_001,encounters_epic_north.csv,528,EPIC_NORTH,E8064450,be5a267e2634745e6453ba04fa15bdf47cb3ddee720581bf9b56c063eb4b1527,LINKED,,F,,65+,,541,
batch_001,encounters_epic_north.csv,529,EPIC_NORTH,E5598507,3ae6c88576943ea96b7ced9c1876ab50ef947ef47152e56017f616f1fe0b68ad,LINKED,,F,,40-64,,543,
batch_001,encounters_epic_north.csv,530,EPIC_NORTH,E4540969,2fa9feb07c752cb50504e1aea9987c31d3b3d9bba66a9d580224bdf15fbdcca6,LINKED,,M,,40-64,,541,
batch_001,encounters_epic_north.csv,531,EPIC_NORTH,E5454934,d865ed20a0473c445b118192aa1b9911ed28dfb6620e7039eb4002898175833c,LINKED,,M,,18-39,,537,
batch_001,encounters_epic_north.csv,532,EPIC_NORTH,E2874141,32a345bb3d9f84578453861c295fd624efc712257d7208dffe139d7a73cf2787,LINKED,,M,,40-64,,541,
batch_001,encounters_epic_north.csv,533,EPIC_NORTH,E7175973,3509a2f3241f57ac57fb7c463e7701f09e60c453cf7a87b4ed472c793767815f,LINKED,,M,,0-17,,532,
batch_001,encounters_epic_north.csv,534,EPIC_NORTH,E8584967,bdfbcfdd81de4959d42661f0a2e782e2bb390cc070192cfdf864e76e557c1c1b,LINKED,,M,,0-17,,531,
batch_001,encounters_epic_north.csv,535,EPIC_NORTH,E1246240,1c88649def79030b7bcaeb352364a2250fa235edfa6b261662c5447e275cb8dc,LINKED,,F,,40-64,,532,
batch_001,encounters_epic_north.csv,536,EPIC_NORTH,E5041100,3500c0b1a280d91dc42ee503ce571dcf9b059859f2e0c5a692c16378822562d6,LINKED,,F,,40-64,,532,
batch_001,encounters_epic_north.csv,537,EPIC_NORTH,E4120916,37f7f919ed9b2a276b265da3305c0ca67079c56d3ddd564b112d09dc8cc39da7,LINKED,,F,,0-17,,532,
batch_001,encounters_epic_north.csv,538,EPIC_NORTH,E3528969,30350d51f4ebb324bdf6ed7331012797a3356618266c5584f972c0a42f12bb8d,LINKED,,M,,18-39,,532,
batch_001,encounters_epic_north.csv,539,EPIC_NORTH,E3467161,7020d62fd3ac91af45f82e04d78564cd4660dc95904559da9812a21ed4b15b8d,LINKED,,F,,40-64,,537,
batch_001,encounters_epic_north.csv,540,EPIC_NORTH,E3663103,e042e54cec215372dae85698ecbdbbd9e1f08af3c66786a13532da53271b472a,LINKED,,F,,65+,,537,
batch_001,encounters_epic_north.csv,541,EPIC_NORTH,E1251702,3768405b63275076d921fcbd56d6c11d570cb9016596a2acb75bd9c270e1e25e,LINKED,,M,,0-17,,537,
batch_001,encounters_epic_north.csv,542,EPIC_NORTH,E3112748,d4d3b5d684a38c5bbe7452187abdbf0327df4073063737a159352c4adb14afe1,LINKED,,M,,65+,,531,
batch_001,encounters_epic_north.csv,543,EPIC_NORTH,E5969028,f6e55bbef1cfb37d307229372711c5a062ec5dfd7d86486890bd6471f7a93d5f,LINKED,,M,,40-64,,541,
batch_001,encounters_epic_north.csv,544,EPIC_NORTH,E2130940,42e17e1c55b01b32cf5d68a559a46888d17c3e4793e6c75cc9646c42187ffd0f,LINKED,,F,,18-39,,543,
batch_001,encounters_epic_north.csv,545,EPIC_NORTH,E8585974,e26fd4dad8b1821099ab8bad9fc0188e270031dc4fe5cd440d89395d52379ca9,LINKED,,F,,40-64,,541,
batch_001,encounters_epic_north.csv,546,EPIC_NORTH,E1835998,483f06416eb921a01656a02123c3cc02482e2d233173d4d13369fb552fdad39a,LINKED,,M,,40-64,,531,
batch_001,encounters_epic_north.csv,547,EPIC_NORTH,E1093104,b0d2cb0efbc3fd700ade65a07807cfc83f45061f9d59075d4fbaebdefa424899,LINKED,,F,,40-64,,541,
batch_001,encounters_epic_north.csv,548,EPIC_NORTH,E1508644,4b1c82d0d130620b04e44fc19646d206b6e7d5804290083abd4b701b9a4a6c71,LINKED,,M,,40-64,,520,
batch_001,encounters_epic_north.csv,549,EPIC_NORTH,E7966366,9332a4f11fc48c6a14f2b50c11e4d42b387c5c220e2b401432ea26b3e05cd0bd,LINKED,,M,,18-39,,537,
batch_001,encounters_epic_north.csv,550,EPIC_NORTH,E9450488,8cdb15fc65eac68d302f6c966f8f4b432548d921187d04b42a992ceec1b07ccd,LINKED,,M,,18-39,,537,
batch_001,encounters_epic_north.csv,551,EPIC_NORTH,E6414511,bfd1fa374b8aff71041201fd7937a30a58259a25500af659474a80a0e3819bc5,LINKED,,M,,40-64,,537,
batch_001,encounters_epic_north.csv,552,EPIC_NORTH,E4465624,f3297ba3555ce4ca06eeec237f59fc868378257e39574c196145a6b05d993d68,LINKED,,F,,18-39,,541,
batch_001,encounters_epic_north.csv,553,EPIC_NORTH,E3267180,fb3c0b721a288fd722dd7b738b57f9dd02b5cb3a258db406d3060d278788ad47,LINKED,,M,,0-17,,543,
batch_001,encounters_epic_north.csv,554,EPIC_NORTH,E6922600,b41d3acfd994ec7b9ff92afdd04265d5df88f810574c2abd642e814630b3f19e,LINKED,,F,,0-17,,543,
batch_001,encounters_epic_north.csv,555,EPIC_NORTH,E4828676,0f7f5d7c1749ca863f445a2dfaaf0d7417abc6b64b6f3eac37510389447f2c20,LINKED,,M,,18-39,,532,
batch_001,encounters_epic_north.csv,556,EPIC_NORTH,E8020646,0b9fd7b2a5cb75fdd327d624ecb981cd47934abba78b8349a6a733ece36be8cf,LINKED,,F,,40-64,,541,
batch_001,encounters_epic_north.csv,557,EPIC_NORTH,E4905569,bfd1fa374b8aff71041201fd7937a30a58259a25500af659474a80a0e3819bc5,LINKED,,M,,40-64,,537,
batch_001,encounters_epic_north.csv,558,EPIC_NORTH,E3581327,d034a0bac13c0532ef3d034f58ad04a03727675fa36ffbb079bcefda7a1f0436,LINKED,,M,,0-17,,537,
batch_001,encounters_epic_north.csv,559,EPIC_NORTH,E9951035,b9c818ea8e27ad546e8111acfc5d6e5432aff122faa9f5c9f60d975d7c3addeb,LINKED,,M,,40-64,,537,
batch_001,encounters_epic_north.csv,560,EPIC_NORTH,E6202000,c4b661b705d951ddf65b919eb43636a693b895cc813567d3efc53f339f8c67c7,LINKED,,M,,0-17,,543,
batch_001,encounters_epic_north.csv,561,EPIC_NORTH,E6514792,69b923954d9776af01e02bfaf254c77c928883aedc899c98e11f3f36c4c90d9e,LINKED,,M,,0-17,,532,
batch_001,encounters_epic_north.csv,562,EPIC_NORTH,E2303601,2d20d7a4801f56756fe6d99cb9c39c94b67b8ed3b69d27fa8f57c35c8687d58e,UNLINKED,PATIENT_UNLINKED_NO_DOB,F,,UNKNOWN,AGE_BAND_DOB_UNAVAILABLE,541,
batch_001,encounters_epic_north.csv,563,EPIC_NORTH,E5167326,43c374e5ab9784e9995da33a6f2cc08b0f70943fb644befc5e771dc00f1be065,LINKED,,M,,40-64,,531,
batch_001,encounters_epic_north.csv,564,EPIC_NORTH,E1393703,1344f6eed13487c79bb994011029de5e1d79e9a175671d8bfa700b9debc7715a,LINKED,,M,,40-64,,532,
batch_001,encounters_epic_north.csv,565,EPIC_NORTH,E3291069,c26dee8bc813ec8e3ccd63fd35e242705ff87d56d5dfccc9d23a94af666293c0,LINKED,,F,,65+,,532,
batch_001,encounters_epic_north.csv,566,EPIC_NORTH,E6488268,6e4ec85bd7d5e718e718000854f975d189c231e5fcf6b4a9ec3f90bf6789e82b,LINKED,,F,,40-64,,532,
batch_001,encounters_epic_north.csv,567,EPIC_NORTH,E3752698,c47dbf897847f449b06939e2af5a5eae58b4e50620404602d9a7b20f0e9bbaaf,LINKED,,F,,65+,,532,
batch_001,encounters_epic_north.csv,568,EPIC_NORTH,E6342659,80158a2c56a1a76ffb945ce101c70ff29b5eacaf1cd05295b99d66c53015de69,LINKED,,F,,40-64,,541,
batch_001,encounters_epic_north.csv,569,EPIC_NORTH,E5748830,109e6565abb18b1bb40deeea9e5d1ae9eee55a860c45a232c6e946b3785d19bd,LINKED,,M,,40-64,,543,
batch_001,encounters_epic_north.csv,570,EPIC_NORTH,E1362408,7e5934a1ee2e31d6c4fcc95a106cef1446c222e8afc0d89775cbfbe1fdac0e97,LINKED,,M,,18-39,,532,
batch_001,encounters_epic_north.csv,571,EPIC_NORTH,E6168833,ee5ad00ae737e5bdd28446832ea2fdbbebcccb803d091983a249c9ecb5c94293,LINKED,,F,,40-64,,541,
batch_001,encounters_epic_north.csv,572,EPIC_NORTH,E2279038,844156e61826aa835eb6485d0f4875708dfdbde1a179a0f9009dd19ca5427dbe,LINKED,,F,,65+,,531,
batch_001,encounters_epic_north.csv,573,EPIC_NORTH,E1623347,90373733ed0b2bf42cd50cd5802178279cd760fc4caa1c87851571163b949aa7,LINKED,,M,,40-64,,543,
batch_001,encounters_epic_north.csv,574,EPIC_NORTH,E8233914,90fa84d48dcd503d839c60b0f4a82f23b1148195e77bae6cad238d24250a91cb,LINKED,,F,,40-64,,531,
batch_001,encounters_epic_north.csv,575,EPIC_NORTH,E2204127,9146080bb614548699a3fb02827e8f53cc8ed154401f03c7be08b0aece854c3d,LINKED,,F,,40-64,,531,
batch_001,encounters_epic_north.csv,576,EPIC_NORTH,E5156298,434530db34a4df0b94a8b1c23f7195ae291f03827b1d66e6e8544535d4c20f4c,LINKED,,M,,18-39,,541,
batch_001,encounters_epic_north.csv,577,EPIC_NORTH,E6360784,2efac508d18a4be54dcec96322b6c67d01f12adee27bd8549b0fcfeac5756b90,LINKED,,M,,40-64,,532,
batch_001,encounters_epic_north.csv,578,EPIC_NORTH,E6280886,b17c81858447170620f306540864aa820abde444c50e39b951bc8d386d795ce0,LINKED,,M,,0-17,,532,
batch_001,encounters_epic_north.csv,579,EPIC_NORTH,E9269843,1c88649def79030b7bcaeb352364a2250fa235edfa6b261662c5447e275cb8dc,LINKED,,F,,40-64,,532,
batch_001,encounters_epic_north.csv,580,EPIC_NORTH,E1707661,813b3419df502081d272c15ab83a0c44edc991f340d5a0fd477971b551274c5e,LINKED,,M,,65+,,541,
batch_001,encounters_epic_north.csv,581,EPIC_NORTH,E6053785,d52b1de7e0792880412524f821a38d0851fdb5b140ac2c9c41a762025a69cd3a,LINKED,,M,,65+,,537,
batch_001,encounters_epic_north.csv,582,EPIC_NORTH,E8092712,8093be7fd89fde21420fb18a15b9a5b4c1bad9dcfab2f85a12d9f2cd49ac585f,LINKED,,F,,0-17,,541,
batch_001,encounters_epic_north.csv,583,EPIC_NORTH,E4949124,de66b7b204b27f887c44755de5ba734a44e8c923a7d45319e1a222fbf9635269,LINKED,,M,,0-17,,531,
batch_001,encounters_epic_north.csv,584,EPIC_NORTH,E2392859,ab3d96512590ffef63ae24ede5a69208f055357125ab274e6b3b1b12e85ebc7b,LINKED,,M,,65+,,543,
batch_001,encounters_epic_north.csv,585,EPIC_NORTH,E1356743,2d20d7a4801f56756fe6d99cb9c39c94b67b8ed3b69d27fa8f57c35c8687d58e,UNLINKED,PATIENT_UNLINKED_NO_DOB,F,,UNKNOWN,AGE_BAND_DOB_UNAVAILABLE,541,
batch_001,encounters_epic_north.csv,586,EPIC_NORTH,E3704966,06bf7a1d03ddebabb1547089018afcf769861c2a1c07eb4c3234771be410b89b,LINKED,,F,,40-64,,524,
batch_001,encounters_epic_north.csv,587,EPIC_NORTH,E2178652,d769b914a48be6700dd87466837ffb3dc8165fdc4533df41d2693e516938d158,LINKED,,F,,40-64,,537,
batch_001,encounters_epic_north.csv,588,EPIC_NORTH,E2860278,5e8bd4bc55caf663523845fb253e2c90eb0936163c557f95038db5e8ed9cc1b6,LINKED,,F,,40-64,,531,
batch_001,encounters_epic_north.csv,589,EPIC_NORTH,E7255968,db5ab582169043f70a0286e4f9282b6c2e24f0baf4cce8f64e3ee33d8e1235d0,LINKED,,F,,65+,,541,
batch_001,encounters_epic_north.csv,590,EPIC_NORTH,E3610653,ebd4d32af40561122385e593369019e73948bdd52a20597a7b40a24601be1d23,LINKED,,F,,65+,,537,
batch_001,encounters_epic_north.csv,591,EPIC_NORTH,E3517857,e777566353b8553a1412160d3f275dd8af763e619ee158bd581572dfb3b61201,LINKED,,F,,65+,,537,
batch_001,encounters_epic_north.csv,592,EPIC_NORTH,E2657478,4abd2a1394e43cd857407bbbd71f5e9ff42266fa4c097dae2c2df0c189256760,LINKED,,F,,65+,,532,
batch_001,encounters_epic_north.csv,593,EPIC_NORTH,E2626836,f8a15f4fdb7c060e84e6831f90cadd9e6f3b0550a7ea9fcfaeece5322ba632ea,LINKED,,M,,0-17,,537,
batch_001,encounters_epic_north.csv,594,EPIC_NORTH,E1634940,baf35add2c86a20030e4f9e4649d985c73985c574d5a5b775c766d2092a34c54,LINKED,,F,,40-64,,524,
batch_001,encounters_epic_north.csv,595,EPIC_NORTH,E1115795,02a22b2970293fb1b4e11193fc17b8d6b095bf08e2b9b64afc1e59eb84b862f0,UNLINKED,PATIENT_UNLINKED_NO_DOB,F,,UNKNOWN,AGE_BAND_DOB_UNAVAILABLE,543,
batch_001,encounters_epic_north.csv,596,EPIC_NORTH,E8896514,9ce5d1040cf62ea25d8c29785a63d65d3f9493b02e44aca65e930e304f635df1,LINKED,,M,,65+,,531,
batch_001,encounters_epic_north.csv,597,EPIC_NORTH,E7976360,f8d988df1f2683a6c6e1f64b585c6b9178bbf1222c3bacb164807e8f9569be56,LINKED,,M,,65+,,531,
batch_001,encounters_epic_north.csv,598,EPIC_NORTH,E4200943,546dc16e27bd347a138709133c3ed5e374a4a517278d3e6265d284eee3f2c4b4,LINKED,,F,,18-39,,532,
batch_001,encounters_epic_north.csv,599,EPIC_NORTH,E6372851,02ab3f71347900543f01f8062dbb8c86a8898e7b5153f931fab19e2354f7b622,LINKED,,M,,40-64,,537,
batch_001,encounters_epic_north.csv,600,EPIC_NORTH,E3569292,7ba6723bfbbbf742739b393aafbfc8fb3754a0ccda5d1187cce0577dc933df4e,LINKED,,M,,40-64,,531,
batch_001,encounters_epic_north.csv,601,EPIC_NORTH,E3168362,6aa9235adac83e8556d9e7042f9fb9c68bbd86a727ffdea50b9ec452b5708761,LINKED,,M,,0-17,,541,
batch_001,encounters_epic_north.csv,602,EPIC_NORTH,E8976575,800432d0d4752056e2f49bfa1816e231f853488582715d57e533bfc043b7bd49,LINKED,,F,,65+,,531,
batch_001,encounters_epic_north.csv,603,EPIC_NORTH,E3511539,aba729e1e0024e42970e2555b4485ce0d0ad8211d98c089e35c3ff7ab035b3d4,LINKED,,M,,18-39,,543,
batch_001,encounters_epic_north.csv,604,EPIC_NORTH,E7072986,8d37dee3dcdfdbe8f879033cb7c14c7d20735785a9b35a8b245006aac924f18a,LINKED,,M,,40-64,,531,
batch_001,encounters_epic_north.csv,605,EPIC_NORTH,E9602266,44db6ec93bbfabc6e97ebcdb2aa03674714d029499cc436403843dd195a7cbb4,LINKED,,M,,40-64,,543,
batch_001,encounters_epic_north.csv,606,EPIC_NORTH,E4167992,7ba6723bfbbbf742739b393aafbfc8fb3754a0ccda5d1187cce0577dc933df4e,LINKED,,M,,40-64,,531,
batch_001,encounters_epic_north.csv,607,EPIC_NORTH,E9066206,450cdc42b73d59b53852252ff4bf8c73aa836bd74a70d04538496ff88681b6b6,LINKED,,F,,65+,,524,
batch_001,encounters_epic_north.csv,608,EPIC_NORTH,E4255304,2eca19066dc5e73ae8462bd4aaa95f938d599d793022d2343be1afcc636dc9c0,LINKED,,F,,65+,,537,
batch_001,encounters_epic_north.csv,609,EPIC_NORTH,E8819892,0ce98835b88ecf89dcd9e3dec84a8a18ef6d05ea13af406474ce91030311cce4,LINKED,,M,,40-64,,543,
batch_001,encounters_epic_north.csv,610,EPIC_NORTH,E2011289,91e6ddd2f7da2165e22cb7723792d32cc4c7b6c6cbd657fbb6d7a4bd0b43c611,LINKED,,F,,65+,,541,
batch_001,encounters_epic_north.csv,611,EPIC_NORTH,E1578132,8f11fdb20a4839302341be96d687bb9ea2bf37a4de11eeee544cc6fede5b7e12,LINKED,,F,,40-64,,532,
batch_001,encounters_epic_north.csv,612,EPIC_NORTH,E2582833,d0ea8f3ec12466543d442e1db91af3f296900d431abebc0ee5c4a169c3639836,LINKED,,M,,0-17,,537,
batch_001,encounters_epic_north.csv,613,EPIC_NORTH,E8705576,122590f8c824518613d82d289264c5d58cb69ad9f2da4fdfc81a2d65ed3e5255,LINKED,,M,,0-17,,537,
batch_001,encounters_epic_north.csv,614,EPIC_NORTH,E1106079,e22be6d955e0abaf2c1a3d9663f60ea03bbbf29ae2317458a6a62e085e819941,LINKED,,M,,65+,,543,
batch_001,encounters_epic_north.csv,615,EPIC_NORTH,E1412204,e69df4f6a6cd96d4787f2b2dd1c9dc4785f5bbabf2784512f6c75912b0cffc1f,LINKED,,F,,18-39,,541,
batch_001,encounters_epic_north.csv,616,EPIC_NORTH,E5201164,25436349dd0a51c0a19cd16a7cbc0fccdb3cd06e0cc21f5b2d5c542fd2828348,LINKED,,M,,65+,,537,
batch_001,encounters_epic_north.csv,617,EPIC_NORTH,E2296950,9d8fb802a09dbe3c7637474b1d8bea017f6c25558da649e6cd5646d7b2f9851d,LINKED,,M,,40-64,,541,
batch_001,encounters_epic_north.csv,618,EPIC_NORTH,E6973711,f6e55bbef1cfb37d307229372711c5a062ec5dfd7d86486890bd6471f7a93d5f,LINKED,,M,,40-64,,541,
batch_001,encounters_epic_north.csv,619,EPIC_NORTH,E8552234,2cb78e81c4a38c50a5a5b6cdb65d0a934b3c0f517f26d92e88313a003537c671,LINKED,,F,,40-64,,543,
batch_001,encounters_epic_north.csv,620,EPIC_NORTH,E5556791,7e5934a1ee2e31d6c4fcc95a106cef1446c222e8afc0d89775cbfbe1fdac0e97,LINKED,,M,,18-39,,532,
batch_001,encounters_epic_north.csv,621,EPIC_NORTH,E7895494,bc4a1d4887a939eb53473475c221d8b202f432259cd8fb8e0448b3c9e7d202f3,LINKED,,F,,18-39,,543,
batch_001,encounters_epic_north.csv,622,EPIC_NORTH,E8092229,3896ba8fb97187d9e4482fbb2e7b659929ece6a4564179968f9567ee7fb2415f,LINKED,,F,,65+,,541,
batch_001,encounters_epic_north.csv,623,EPIC_NORTH,E2474252,80158a2c56a1a76ffb945ce101c70ff29b5eacaf1cd05295b99d66c53015de69,LINKED,,F,,40-64,,541,
batch_001,encounters_epic_north.csv,624,EPIC_NORTH,E5726151,9fa4eb6718254bb47ab6120be00b66c75f1c179768951afa0d08c971feee88c5,LINKED,,F,,65+,,537,
batch_001,encounters_epic_north.csv,625,EPIC_NORTH,E4112129,b5ec2ada86674cfd8f6505f3516d491d7ead091de49f9f887e6ecd13331f354c,LINKED,,F,,40-64,,543,
batch_001,encounters_epic_north.csv,626,EPIC_NORTH,E4588971,8f03c52ad5397e9c65680b79d4e93c5923bf9dc80570f57f0eaeadef04601768,LINKED,,M,,0-17,,532,
batch_001,encounters_epic_north.csv,627,EPIC_NORTH,E6691787,546dc16e27bd347a138709133c3ed5e374a4a517278d3e6265d284eee3f2c4b4,LINKED,,F,,18-39,,532,
batch_001,encounters_epic_north.csv,628,EPIC_NORTH,E6484436,80158a2c56a1a76ffb945ce101c70ff29b5eacaf1cd05295b99d66c53015de69,LINKED,,F,,40-64,,541,
batch_001,encounters_epic_north.csv,629,EPIC_NORTH,E8634378,2efac508d18a4be54dcec96322b6c67d01f12adee27bd8549b0fcfeac5756b90,LINKED,,M,,40-64,,532,
batch_001,encounters_epic_north.csv,630,EPIC_NORTH,E8176636,b8ec2662d46975c97d2b25f93e226ab772f84abe7abb14ffdaf8c7b8bb3a416a,LINKED,,M,,40-64,,537,
batch_001,encounters_epic_north.csv,631,EPIC_NORTH,E1092543,bdeccfbc6a6bbabed9c26dd2c21d5e8beb8281b0b16296cbd72e14b819df9f2c,LINKED,,F,,18-39,,543,
batch_001,encounters_epic_north.csv,632,EPIC_NORTH,E8899856,d4b625a9732393a95e86664a5a7b2f35dfc66078045a4b731a8647b8ebbdacd4,LINKED,,M,,0-17,,532,
batch_001,encounters_epic_north.csv,633,EPIC_NORTH,E2163698,5382e5494801fafe4725dd6440511dfbbb1f8b2492e0cb40b5eb286443e2268e,LINKED,,F,,40-64,,532,
batch_001,encounters_epic_north.csv,634,EPIC_NORTH,E5115441,0b9fd7b2a5cb75fdd327d624ecb981cd47934abba78b8349a6a733ece36be8cf,LINKED,,F,,40-64,,541,
batch_001,encounters_epic_north.csv,635,EPIC_NORTH,E3385011,099da97de3d38fb91aad387be43c850d52f71cadfe3f6aba0636e66155be0a23,LINKED,,M,,40-64,,541,
batch_001,encounters_epic_north.csv,636,EPIC_NORTH,E9264356,d7747976dbae590d4f8864ec50a1eeaa5433fa9c628e31d3e20139d9ceb27506,LINKED,,F,,40-64,,531,
batch_001,encounters_epic_north.csv,637,EPIC_NORTH,E2064099,84e146d9eb672180a4e87434f588a235322cc7fc9349bad85c3380c594b3a83d,LINKED,,F,,65+,,541,
batch_001,encounters_epic_north.csv,638,EPIC_NORTH,E8052505,174fafff90d4bd269a97e3967cfdcf71c040af1e7cfd213515a925774c50ba4f,LINKED,,F,,0-17,,541,
batch_001,encounters_epic_north.csv,639,EPIC_NORTH,E9418491,94e26e72bafe0550f6b46ee6746237cee38b9abe20b0d52f00c1803a2ba5854f,LINKED,,M,,18-39,,541,
batch_001,encounters_epic_north.csv,640,EPIC_NORTH,E4215894,63ccc29662685af7628c3f80d5cd659c718532acc6f1196742b3c7f830940ee4,LINKED,,F,,65+,,537,
batch_001,encounters_epic_north.csv,641,EPIC_NORTH,E8757191,cddd00b29ab16cd4474996d3a0a72e5a35b6b03598a0c596335f86ba487c3884,LINKED,,M,,0-17,,531,
batch_001,encounters_epic_north.csv,642,EPIC_NORTH,E2244806,9d143cccc1cc4f1c3d70b00f865a68fbfe5981f01df16fc529091d08f4f5e3c9,LINKED,,M,,40-64,,531,
batch_001,encounters_epic_north.csv,643,EPIC_NORTH,E7919508,2cb78e81c4a38c50a5a5b6cdb65d0a934b3c0f517f26d92e88313a003537c671,LINKED,,F,,40-64,,543,
batch_001,encounters_epic_north.csv,644,EPIC_NORTH,E7811200,570798d3c4121f6f62f5a1511be16e8ceb673e5d5fca8c3c8057e9b8ceaf9bc4,LINKED,,M,,40-64,,531,
batch_001,encounters_epic_north.csv,645,EPIC_NORTH,E1393985,a7448e87f70b78b5122ebe56679843f586b45b53375764504d8d5005134e6da2,LINKED,,F,,40-64,,543,
batch_001,encounters_epic_north.csv,646,EPIC_NORTH,E3833918,02ab3f71347900543f01f8062dbb8c86a8898e7b5153f931fab19e2354f7b622,LINKED,,M,,40-64,,537,
batch_001,encounters_epic_north.csv,647,EPIC_NORTH,E4065799,dc5abe9414c3f76925d8323742bf57522478adbb15f5ed4f00929f37ee6d3928,LINKED,,F,,40-64,,537,
batch_001,encounters_epic_north.csv,648,EPIC_NORTH,E9984870,7020d62fd3ac91af45f82e04d78564cd4660dc95904559da9812a21ed4b15b8d,LINKED,,F,,40-64,,537,
batch_001,encounters_epic_north.csv,649,EPIC_NORTH,E1319354,c516752918383e9d47018fab3c90947be3b896cf2c7f7d7d648c23a7b2878ad6,LINKED,,M,,65+,,532,
batch_001,encounters_epic_north.csv,650,EPIC_NORTH,E9337833,d769b914a48be6700dd87466837ffb3dc8165fdc4533df41d2693e516938d158,LINKED,,F,,40-64,,537,
batch_001,encounters_epic_north.csv,651,EPIC_NORTH,E9489960,6cab6e09b41461d70b59e677fd88bbf4015e715dcfdaf7374ebfe4c76a79265c,LINKED,,M,,0-17,,531,
batch_001,encounters_epic_north.csv,652,EPIC_NORTH,E5025126,90036f0185398658a774e980f5a1dd4af508463c97b0ea104c40d056675c49ff,LINKED,,M,,40-64,,543,
batch_001,encounters_epic_north.csv,653,EPIC_NORTH,E8426332,e0780a9821ba382c1001741cbd275f8258291e2f24dbe2cb37deeb8257a5b7fe,LINKED,,F,,40-64,,532,
batch_001,encounters_epic_north.csv,654,EPIC_NORTH,E2872245,f045953609def2282480ae1453cf44a6ee658e728d8a1f12da4b359db91d9b8e,LINKED,,F,,18-39,,537,
batch_001,encounters_epic_north.csv,655,EPIC_NORTH,E3925410,849065fa072d86e939345ef87270658aff0f71f9fc13609929066dcb9b295866,LINKED,,M,,0-17,,537,
batch_001,encounters_epic_north.csv,656,EPIC_NORTH,E8916420,a3dd71bcc327b10fe1b25839ee2adcb81ce2069953a2d096ed6a3e205c15fb49,LINKED,,F,,18-39,,537,
batch_001,encounters_epic_north.csv,657,EPIC_NORTH,E5287738,56a05ebec02e2cb2a0a9969e866b49b3fea7b859f515fd8e56d37c887a70457d,LINKED,,F,,40-64,,543,
batch_001,encounters_epic_north.csv,658,EPIC_NORTH,E7652956,a18a4680404dbede215c6b7e5b98be7553a99f8a64adc73c619a80c00f2470f5,LINKED,,F,,0-17,,531,
batch_001,encounters_epic_north.csv,659,EPIC_NORTH,E2934236,d8ac1909f93ac77c6f18e0d172bbe6def2611d1283c791b2656cd6a26096fddf,LINKED,,F,,65+,,531,
batch_001,encounters_epic_north.csv,660,EPIC_NORTH,E2031152,be414ffe3c2f819a76e5e562582deea35a29d50a85d367e44ca53ce843a20686,LINKED,,F,,40-64,,532,
batch_001,encounters_epic_north.csv,661,EPIC_NORTH,E6496014,a55399b48544ca7efec47d85a6cd1b6f6956019b6e292a6e34bfcab20e07551d,LINKED,,F,,65+,,531,
batch_001,encounters_epic_north.csv,662,EPIC_NORTH,E6516945,d8ac1909f93ac77c6f18e0d172bbe6def2611d1283c791b2656cd6a26096fddf,LINKED,,F,,65+,,531,
batch_001,encounters_epic_north.csv,663,EPIC_NORTH,E5988762,f92c8735c95179cfa95c22fce22c6cebe244f2d3c22737c4c41a5dae6137c299,LINKED,,M,,40-64,,531,
batch_001,encounters_epic_north.csv,664,EPIC_NORTH,E3320426,f5809453db9a16ce910623d488f59d5c333a80c5e992300dc70e408f5fb9fc54,LINKED,,M,,65+,,541,
batch_001,encounters_epic_north.csv,665,EPIC_NORTH,E3248560,a8fed55f3327927a721b6e1385a013bd0171e19849fa54fd4a62c2b819326de8,LINKED,,F,,18-39,,532,
batch_001,encounters_epic_north.csv,666,EPIC_NORTH,E3827188,53c4461ba7222897ed82fe91b0edf7375a901ed6b0eed8df349c850eda5784a7,LINKED,,F,,18-39,,531,
batch_001,encounters_epic_north.csv,667,EPIC_NORTH,E8485422,9d143cccc1cc4f1c3d70b00f865a68fbfe5981f01df16fc529091d08f4f5e3c9,LINKED,,M,,40-64,,531,
batch_001,encounters_epic_north.csv,668,EPIC_NORTH,E1725698,9d143cccc1cc4f1c3d70b00f865a68fbfe5981f01df16fc529091d08f4f5e3c9,LINKED,,M,,40-64,,531,
batch_001,encounters_epic_north.csv,669,EPIC_NORTH,E1001717,2f4b375c10e8963fb3c6437840112057faf145c2748f18c610870f3b0c49a6b4,UNLINKED,PATIENT_UNLINKED_NO_DOB,F,,UNKNOWN,AGE_BAND_DOB_UNAVAILABLE,532,
batch_001,encounters_epic_north.csv,670,EPIC_NORTH,E6443659,c516752918383e9d47018fab3c90947be3b896cf2c7f7d7d648c23a7b2878ad6,LINKED,,M,,65+,,532,
batch_001,encounters_epic_north.csv,671,EPIC_NORTH,E6044215,db563b7cd2e906c0abe528f4ddb5af65c1686b9c50e788cc62a7f59f9b1fa671,LINKED,,F,,0-17,,543,
batch_001,encounters_epic_north.csv,672,EPIC_NORTH,E5723253,5fe5164f5ad37dd95fc1ef94dde6b8bf28a9c571bcf48c0797f73ba625899430,LINKED,,F,,40-64,,531,
batch_001,encounters_epic_north.csv,673,EPIC_NORTH,E2959843,c9b22aef6a859f88ae3452862a5a9411c94107552a4bcd6258269aa48c59c40a,LINKED,,F,,0-17,,537,
batch_001,encounters_epic_north.csv,674,EPIC_NORTH,E3920437,f4da818385a1a4fe7ebc5af302f5988aafd8d8a92baf1bce47ef9da4112ae91d,LINKED,,F,,40-64,,541,
batch_001,encounters_epic_north.csv,675,EPIC_NORTH,E1112018,3d883fbffdf10234ebdafef3b5b09769ebefe32bde1d318bd070132e7bdeef7b,LINKED,,M,,40-64,,543,
batch_001,encounters_epic_north.csv,676,EPIC_NORTH,E7120504,b524ef8794b4f0bf7dd6d9d3102e3655915793d28baac6d9b7dd124f0bf881e8,LINKED,,F,,40-64,,532,
batch_001,encounters_epic_north.csv,677,EPIC_NORTH,E5318557,be8a5d36f607e5d49752d35f77b578c35a0ba6a075bc9db99e6dfa7ba6d698a4,LINKED,,F,,65+,,520,
batch_001,encounters_epic_north.csv,678,EPIC_NORTH,E4994047,84e146d9eb672180a4e87434f588a235322cc7fc9349bad85c3380c594b3a83d,LINKED,,F,,65+,,541,
batch_001,encounters_epic_north.csv,679,EPIC_NORTH,E3859178,ce569b5860104cd71f133b23ebce62af52c1820d942b7b81660ac4089b32c925,LINKED,,M,,40-64,,532,
batch_001,encounters_epic_north.csv,680,EPIC_NORTH,E6560883,d8ca5cf6bb657edea65718d42e550c7d4cc70b8566e3172419064a85826ee7db,LINKED,,M,,40-64,,531,
batch_001,encounters_epic_north.csv,681,EPIC_NORTH,E7218397,f3a18fc05f964fd186abc400fa8e26c6d1270f9abe4410b8736a4494e274a1ac,LINKED,,F,,40-64,,531,
batch_001,encounters_epic_north.csv,682,EPIC_NORTH,E9691223,a9dd26dd53453f661b3bfb137b25da4102c8ba5f09cab992a6268ef7af3931c8,LINKED,,F,,65+,,531,
batch_001,encounters_epic_north.csv,683,EPIC_NORTH,E7603694,67b67b8914203ce41eeaec8f23c14bd3deda226390d143110d304315c776cad0,LINKED,,F,,0-17,,532,
batch_001,encounters_epic_north.csv,684,EPIC_NORTH,E6500997,b9c818ea8e27ad546e8111acfc5d6e5432aff122faa9f5c9f60d975d7c3addeb,LINKED,,M,,40-64,,537,
batch_001,encounters_epic_north.csv,685,EPIC_NORTH,E2921813,1bf75f4e9f5aa616136eca4258bc4d3d6665df4ceade3bb973eddd750f993e2e,LINKED,,M,,0-17,,543,
batch_001,encounters_epic_north.csv,686,EPIC_NORTH,E2167557,8bb7128f8023d7cd1fb2210e3047bc14b8ff6d4ebae90c370b7f621d227ec743,LINKED,,F,,40-64,,543,
batch_001,encounters_epic_north.csv,687,EPIC_NORTH,E1395429,e0780a9821ba382c1001741cbd275f8258291e2f24dbe2cb37deeb8257a5b7fe,LINKED,,F,,40-64,,532,
batch_001,encounters_epic_north.csv,688,EPIC_NORTH,E5708209,94284ba0820917646b13b3c08f8ae29cf2a515bd3000a0a5bb2092c7ebdc54e6,LINKED,,F,,40-64,,531,
batch_001,encounters_epic_north.csv,689,EPIC_NORTH,E7475336,438f3bce4eb6e5c422bbd27edb44235e9259375aa05207d1f1f5eaad72fda065,LINKED,,F,,40-64,,541,
batch_001,encounters_epic_north.csv,690,EPIC_NORTH,E9177582,c75c33a8304a013456e510314eff11134358992cd2111eac79e0b5c10d151885,LINKED,,M,,65+,,524,
batch_001,encounters_epic_north.csv,691,EPIC_NORTH,E3947686,edc1f365e856e6127a1da7661f6496998857b53c96fb96c703c3ca7cb40fa840,LINKED,,M,,0-17,,541,
batch_001,encounters_epic_north.csv,692,EPIC_NORTH,E4158948,ae7e75d3a7f6adec7854feb27de9a29ce3f6ad8417a20bd7b7ca5fa5fb064dd2,LINKED,,M,,0-17,,537,
batch_001,encounters_epic_north.csv,693,EPIC_NORTH,E4849212,e69df4f6a6cd96d4787f2b2dd1c9dc4785f5bbabf2784512f6c75912b0cffc1f,LINKED,,F,,18-39,,541,
batch_001,encounters_epic_north.csv,694,EPIC_NORTH,E6300989,9a1663305d5d19f03d1b0443d13c4d56bd0a8d2a8860560f477c37775b5da5f0,LINKED,,F,,0-17,,532,
batch_001,encounters_epic_north.csv,695,EPIC_NORTH,E7742755,5382e5494801fafe4725dd6440511dfbbb1f8b2492e0cb40b5eb286443e2268e,LINKED,,F,,40-64,,532,
batch_001,encounters_epic_north.csv,696,EPIC_NORTH,E6066256,438f3bce4eb6e5c422bbd27edb44235e9259375aa05207d1f1f5eaad72fda065,LINKED,,F,,40-64,,541,
batch_001,encounters_epic_north.csv,697,EPIC_NORTH,E9227255,c75c33a8304a013456e510314eff11134358992cd2111eac79e0b5c10d151885,LINKED,,M,,65+,,524,
batch_001,encounters_epic_north.csv,698,EPIC_NORTH,E5885218,16b6df1e88ad0651e7ff7c63227e0ab6274344028b8f86ae0bb6d5536702d6c5,LINKED,,F,,40-64,,537,
batch_001,encounters_epic_north.csv,699,EPIC_NORTH,E6474386,438f3bce4eb6e5c422bbd27edb44235e9259375aa05207d1f1f5eaad72fda065,LINKED,,F,,40-64,,541,
batch_001,encounters_epic_north.csv,700,EPIC_NORTH,E7239929,61102afa32e383542c68573489141676b44dee554cb90079cc9974edbce39f76,LINKED,,M,,40-64,,531,
batch_001,encounters_epic_north.csv,701,EPIC_NORTH,E5559923,b067572502003964263cc878cd23ac1cbfa379c7ac3593a2ee417827ad5c327b,LINKED,,F,,40-64,,520,
batch_001,encounters_epic_north.csv,702,EPIC_NORTH,E5110465,058e8de912a1634193e2c881fe76f515b824b2ff0ffd8b5bc4e1cb68a5bf5e88,LINKED,,M,,18-39,,531,
batch_001,encounters_epic_north.csv,703,EPIC_NORTH,E4617433,dc24a57c51dd8f9c402c597e7f66cd3320d57ffe136144b3dd875596de4ea8c3,LINKED,,F,,40-64,,524,
batch_001,encounters_epic_north.csv,704,EPIC_NORTH,E1533884,b41d3acfd994ec7b9ff92afdd04265d5df88f810574c2abd642e814630b3f19e,LINKED,,F,,18-39,,543,
batch_001,encounters_epic_north.csv,705,EPIC_NORTH,E3132805,fe0cc1b35c8c45a57e72fb7a5fead9a3f6b10ff9d6763e015f8791f915e9402e,LINKED,,M,,65+,,537,
batch_001,encounters_epic_north.csv,706,EPIC_NORTH,E4253832,c071e58413bc858e9670fbd4e7e28c982e49ed65020124e0b2926d7c64c499d4,LINKED,,F,,40-64,,541,
batch_001,encounters_epic_north.csv,707,EPIC_NORTH,E4537001,0eebbe5a676ba469eca856b63f12b7864b6e630e0e2f15d980ccf3a03bdd1e7b,LINKED,,M,,40-64,,532,
batch_001,encounters_epic_north.csv,708,EPIC_NORTH,E2244806,9d143cccc1cc4f1c3d70b00f865a68fbfe5981f01df16fc529091d08f4f5e3c9,LINKED,,M,,40-64,,531,
batch_001,encounters_epic_north.csv,709,EPIC_NORTH,E3974947,cc4fc1e66f04830986463f19a22e6f358f2fad373d2f7aa94707ec5ac83d1366,LINKED,,F,,0-17,,537,
batch_001,encounters_epic_north.csv,710,EPIC_NORTH,E3323516,0eebbe5a676ba469eca856b63f12b7864b6e630e0e2f15d980ccf3a03bdd1e7b,LINKED,,M,,40-64,,532,
batch_001,encounters_epic_north.csv,711,EPIC_NORTH,E6897480,429169a71497c63347149651014c9df5233b5877edc92ecd85af5b9cf729f479,LINKED,,F,,40-64,,532,
batch_001,encounters_epic_north.csv,712,EPIC_NORTH,E3559116,a55399b48544ca7efec47d85a6cd1b6f6956019b6e292a6e34bfcab20e07551d,LINKED,,F,,65+,,531,
batch_001,encounters_epic_north.csv,713,EPIC_NORTH,E6310556,da802ea81d2536b3421e85cfbddd0fb45723e4baf24ece39af5b96449d3e6ca2,LINKED,,F,,40-64,,543,
batch_001,encounters_epic_north.csv,714,EPIC_NORTH,E8514678,bc4a1d4887a939eb53473475c221d8b202f432259cd8fb8e0448b3c9e7d202f3,LINKED,,F,,18-39,,543,
batch_001,encounters_epic_north.csv,715,EPIC_NORTH,E9780037,38512853850d9584157e790d4786f5b6cfd37d64b6f09bbd4f7037c64b006b85,LINKED,,M,,18-39,,537,
batch_001,encounters_epic_north.csv,716,EPIC_NORTH,E7938102,0c1f8b36002c0f5cc2f477ca8a7fe129c4a76139efb95504e56a745291d82f8a,LINKED,,F,,0-17,,543,
batch_001,encounters_epic_north.csv,717,EPIC_NORTH,E1287440,2fa9feb07c752cb50504e1aea9987c31d3b3d9bba66a9d580224bdf15fbdcca6,LINKED,,M,,40-64,,541,
batch_001,encounters_epic_north.csv,718,EPIC_NORTH,E1659978,e0de0a104b1cf528cf4be9edb4c0b8bf95847c91daa5fa75f41b8ebdfc27208d,LINKED,,F,,65+,,541,
batch_001,encounters_epic_north.csv,719,EPIC_NORTH,E7675269,52410ab94c0920e3c547e3ff188f004fb2c15bab98d6de6f280a35740e001ebc,LINKED,,M,,0-17,,532,
batch_001,encounters_epic_north.csv,720,EPIC_NORTH,E7257053,ffe2c1654d41deaa850e07f6839e8641cd64b66c471a79918866cf563dcaed03,LINKED,,F,,0-17,,532,
batch_001,encounters_epic_north.csv,721,EPIC_NORTH,E3467353,e0d1a66ce5ff46b9e3c77932de49fb8fa8d7ac6c7ca9fbf801c40f3b13e0082f,LINKED,,M,,40-64,,531,
batch_001,encounters_epic_north.csv,722,EPIC_NORTH,E2216860,b7ae86928e011ee56c0a4cecbd737a7360648376ed3c254ed59ab77227fb6127,LINKED,,F,,0-17,,543,
batch_001,encounters_epic_north.csv,723,EPIC_NORTH,E2718851,bf3bb69ca37d4879474f1cff09f14e776cfbb759732855e7e718b954a2fa0306,LINKED,,F,,65+,,531,
batch_001,encounters_epic_north.csv,724,EPIC_NORTH,E2126119,94680336df005534b187f27f0bf83e86803f2c452836d204f9494377096455d1,LINKED,,M,,0-17,,532,
batch_001,encounters_epic_north.csv,725,EPIC_NORTH,E3068632,0e63056066bf850f7d8e188ea22aa28a3767c8b4ca46046e08068e7cf0b03837,LINKED,,F,,40-64,,531,
batch_001,encounters_epic_north.csv,726,EPIC_NORTH,E7319500,e0d1a66ce5ff46b9e3c77932de49fb8fa8d7ac6c7ca9fbf801c40f3b13e0082f,LINKED,,M,,40-64,,531,
batch_001,encounters_epic_north.csv,727,EPIC_NORTH,E5393153,f4da818385a1a4fe7ebc5af302f5988aafd8d8a92baf1bce47ef9da4112ae91d,LINKED,,F,,40-64,,541,
batch_001,encounters_epic_north.csv,728,EPIC_NORTH,E1625611,d4ac4a2201b4cda0bc9ed1e745bbe07bab54fe79bae69a585ef941bf492fe1ba,LINKED,,F,,40-64,,531,
batch_001,encounters_epic_north.csv,729,EPIC_NORTH,E4045359,5aa5c198865edabd2e0e76d4b25003e00d52c65ba28c9e3e0c91b398f59ec0e3,LINKED,,M,,40-64,,531,
batch_001,encounters_epic_north.csv,730,EPIC_NORTH,E5148498,150642d47854cf4162ee711aa094405850b5707053915daae2448963a9e113aa,LINKED,,F,,40-64,,537,
batch_001,encounters_epic_north.csv,731,EPIC_NORTH,E5792262,9e57d7d57941acc13f77eee84fc82fa53bdf44f769f97ae937d13ef68eb55edd,LINKED,,M,,40-64,,532,
batch_001,encounters_epic_north.csv,732,EPIC_NORTH,E9609393,0f1d424cfc5fc0c47e8fbd0c3ef8841e85e312f2043db2a2270f41792a0ed426,LINKED,,M,,40-64,,541,
batch_001,encounters_epic_north.csv,733,EPIC_NORTH,E4551162,bfd1fa374b8aff71041201fd7937a30a58259a25500af659474a80a0e3819bc5,LINKED,,M,,40-64,,537,
batch_001,encounters_epic_north.csv,734,EPIC_NORTH,E2591036,bf3bb69ca37d4879474f1cff09f14e776cfbb759732855e7e718b954a2fa0306,LINKED,,F,,65+,,531,
batch_001,encounters_epic_north.csv,735,EPIC_NORTH,E3757543,3c1609d2404df9e633be9faccacc215b1bd76f12afbc23a9d7d27a3cd1f39e94,LINKED,,M,,40-64,,532,
batch_001,encounters_epic_north.csv,736,EPIC_NORTH,E5807843,44db6ec93bbfabc6e97ebcdb2aa03674714d029499cc436403843dd195a7cbb4,LINKED,,M,,40-64,,543,
batch_001,encounters_epic_north.csv,737,EPIC_NORTH,E8181514,834beead6fa4459a6b857c8b342f5ef06ffb0814601ed5f8fde8c3d26abab232,LINKED,,F,,40-64,,537,
batch_001,encounters_epic_north.csv,738,EPIC_NORTH,E2441372,8acb28bb834e88da24c7c6e4a26bf5648b427256a9d9f24253dcd938e614265a,LINKED,,M,,40-64,,520,
batch_001,encounters_epic_north.csv,739,EPIC_NORTH,E6907140,21439a374e64e85119012e15501447dc88cc142252a90771d62d5c27ae2c51d1,LINKED,,M,,0-17,,532,
batch_001,encounters_epic_north.csv,740,EPIC_NORTH,E3400529,38512853850d9584157e790d4786f5b6cfd37d64b6f09bbd4f7037c64b006b85,LINKED,,M,,18-39,,537,
batch_001,encounters_epic_north.csv,741,EPIC_NORTH,E6310869,ba4ffe8c621f5215c7b8e544df0d1740deccc6054e362a6daeb1acb3d9fc905f,LINKED,,M,,18-39,,537,
batch_001,encounters_epic_north.csv,742,EPIC_NORTH,E8254632,be414ffe3c2f819a76e5e562582deea35a29d50a85d367e44ca53ce843a20686,LINKED,,F,,40-64,,532,
batch_001,encounters_epic_north.csv,743,EPIC_NORTH,E6680399,04896ee3429176acb6dd3ec578593718847094962c7abfbb179189fe0d0228a2,LINKED,,M,,40-64,,541,
batch_001,encounters_epic_north.csv,744,EPIC_NORTH,E6395696,099da97de3d38fb91aad387be43c850d52f71cadfe3f6aba0636e66155be0a23,LINKED,,M,,40-64,,541,
batch_001,encounters_epic_north.csv,745,EPIC_NORTH,E1862886,53db71a12fa42a390e14850254cf2c6430eec8c76932fd26a1c737d3e6ed3bc6,LINKED,,F,,18-39,,520,
batch_001,encounters_epic_north.csv,746,EPIC_NORTH,E3242940,058e8de912a1634193e2c881fe76f515b824b2ff0ffd8b5bc4e1cb68a5bf5e88,LINKED,,M,,18-39,,531,
batch_001,encounters_epic_north.csv,747,EPIC_NORTH,E1584979,800432d0d4752056e2f49bfa1816e231f853488582715d57e533bfc043b7bd49,LINKED,,F,,65+,,531,
batch_001,encounters_epic_north.csv,748,EPIC_NORTH,E3297076,e68312caa9a11eb2d55ac957aeecd5e7d7228f9bd10cc4d2738e1f98bd9f60bc,LINKED,,M,,0-17,,543,
batch_001,encounters_epic_north.csv,749,EPIC_NORTH,E7626357,3b7b739c2fbd1fcb4516b0d58b06344cfdbc3a1934f714a429c1e9bc73915257,LINKED,,F,,65+,,532,
batch_001,encounters_epic_north.csv,750,EPIC_NORTH,E7683938,7ba6723bfbbbf742739b393aafbfc8fb3754a0ccda5d1187cce0577dc933df4e,LINKED,,M,,40-64,,531,
batch_001,encounters_epic_north.csv,751,EPIC_NORTH,E7604171,9b589a9b180bfb4257abd0ed75a86d50f7f4aee07498ec967460fbde7ec72d33,LINKED,,M,,40-64,,543,
batch_001,encounters_epic_north.csv,752,EPIC_NORTH,E7258702,de1e2a1a3f8091f1f455ec1b54d6a9bc16cddf20f0ce3157dffdb217ff11579a,LINKED,,F,,40-64,,532,
batch_001,encounters_epic_north.csv,753,EPIC_NORTH,E8021513,456bf7c1b2e9ed4b049dec352783f9254d89dcf6475a62acf1c6e598ce6b532a,LINKED,,F,,65+,,532,
batch_001,encounters_epic_north.csv,754,EPIC_NORTH,E3507038,b4ec76e1d99119759313e88f3bbf05685e4426ed8f28955ce24e125b094a73b3,LINKED,,M,,18-39,,541,
batch_001,encounters_epic_north.csv,755,EPIC_NORTH,E4045437,3335d4c0d55cfd5360eb911653a987f6c5241803378dd97f0ed7d84af3e65b67,LINKED,,M,,40-64,,531,
batch_001,encounters_epic_north.csv,756,EPIC_NORTH,E3686784,fb3c0b721a288fd722dd7b738b57f9dd02b5cb3a258db406d3060d278788ad47,LINKED,,M,,0-17,,543,
batch_001,encounters_epic_north.csv,757,EPIC_NORTH,E1806753,7aaf3d7f375ec8a2dcd40d8bbe8df45559cd6afa552ce76c2ff20d85ff1e87e7,LINKED,,M,,18-39,,532,
batch_001,encounters_epic_north.csv,758,EPIC_NORTH,E6136955,b41393795511818cebc5d881a5d130c41d04a3817acd298a5f00c13cab3a974f,LINKED,,M,,65+,,531,
batch_001,encounters_epic_north.csv,759,EPIC_NORTH,E4570171,d4d3b5d684a38c5bbe7452187abdbf0327df4073063737a159352c4adb14afe1,LINKED,,M,,65+,,531,
batch_001,encounters_epic_north.csv,760,EPIC_NORTH,E5836285,d78f73074071a54e4153d1b916eeee0174cdb31a0866f96c0e4a1c7f98e263dd,LINKED,,M,,18-39,,541,
batch_001,encounters_epic_north.csv,761,EPIC_NORTH,E2832331,28895bd8f2a30c7930d391fdc80fa85256a6efa83fef4429f78de916e21b2452,LINKED,,M,,65+,,541,
batch_001,encounters_epic_north.csv,762,EPIC_NORTH,E9259972,58327c6451b248a69e3f95d069ebef4d42efe88bfc0acc3945a5f2232856a3db,LINKED,,F,,18-39,,531,
batch_001,encounters_epic_north.csv,763,EPIC_NORTH,E9661955,43c374e5ab9784e9995da33a6f2cc08b0f70943fb644befc5e771dc00f1be065,LINKED,,M,,40-64,,531,
batch_001,encounters_epic_north.csv,764,EPIC_NORTH,E2305662,43c374e5ab9784e9995da33a6f2cc08b0f70943fb644befc5e771dc00f1be065,LINKED,,M,,40-64,,531,
batch_001,encounters_epic_north.csv,765,EPIC_NORTH,E6926176,5f8a4aa7b9da7a763e4f4663663aff3cd40941881e1a661c3f58c199f508009f,LINKED,,M,,0-17,,537,
batch_001,encounters_epic_north.csv,766,EPIC_NORTH,E7604261,90373733ed0b2bf42cd50cd5802178279cd760fc4caa1c87851571163b949aa7,LINKED,,M,,40-64,,543,
batch_001,encounters_epic_north.csv,767,EPIC_NORTH,E4119712,617b08f8676d0943c3820a707eedd7423e74a199f73aced3c89e11fc1b7710a2,LINKED,,M,,65+,,541,
batch_001,encounters_epic_north.csv,768,EPIC_NORTH,E7918833,9332a4f11fc48c6a14f2b50c11e4d42b387c5c220e2b401432ea26b3e05cd0bd,LINKED,,M,,18-39,,537,
batch_001,encounters_epic_north.csv,769,EPIC_NORTH,E6034817,f5809453db9a16ce910623d488f59d5c333a80c5e992300dc70e408f5fb9fc54,LINKED,,M,,65+,,541,
batch_001,encounters_epic_north.csv,770,EPIC_NORTH,E8207044,0e63056066bf850f7d8e188ea22aa28a3767c8b4ca46046e08068e7cf0b03837,LINKED,,F,,40-64,,531,
batch_001,encounters_epic_north.csv,771,EPIC_NORTH,E4531343,c55f2053b79f1480de137ff8448f72a6fc6ffbb59ebf75af76a9340107ce1d8d,LINKED,,F,,40-64,,541,
batch_001,encounters_epic_north.csv,772,EPIC_NORTH,E9157706,5e134e87449aa429e8b3e8c0017c5f36503cf6c3576209969f1a4da0fa5e1ecd,LINKED,,F,,18-39,,537,
batch_001,encounters_epic_north.csv,773,EPIC_NORTH,E6495067,438f3bce4eb6e5c422bbd27edb44235e9259375aa05207d1f1f5eaad72fda065,LINKED,,F,,40-64,,541,
batch_001,encounters_epic_north.csv,774,EPIC_NORTH,E1581086,4b1c82d0d130620b04e44fc19646d206b6e7d5804290083abd4b701b9a4a6c71,LINKED,,M,,40-64,,520,
batch_001,encounters_epic_north.csv,775,EPIC_NORTH,E2139022,83c4da077fc574fc9d2e4c60ac80716a6325f4595687801f25408575ff449e78,LINKED,,F,,18-39,,537,
batch_001,encounters_epic_north.csv,776,EPIC_NORTH,E2646335,f33c24ffccfd58a05c4417b023a45f8bae50d9cd5a77a61bdda1ac33b7077ae9,LINKED,,M,,40-64,,531,
batch_001,encounters_epic_north.csv,777,EPIC_NORTH,E8963903,c2e230a89cf12f477377ffcb711a7880665743d9f0471b1f48134c73d7d59ae6,LINKED,,F,,40-64,,532,
batch_001,encounters_epic_north.csv,778,EPIC_NORTH,E6665800,5b6192cb7e843e44a76b5397d71e9edc9f9861c1741ac8a07c1a436caf037631,LINKED,,M,,40-64,,537,
batch_001,encounters_epic_north.csv,779,EPIC_NORTH,E9603633,ed8b94b4923132f6e4b0fa4af6c1e4f8d0e5c677114cbba5ee9845b601e8d6c8,LINKED,,F,,40-64,,537,
batch_001,encounters_epic_north.csv,780,EPIC_NORTH,E7826531,50428e056f5b303b0f584f01f9478a9f5377e47227f229ae939778cb8dc86891,LINKED,,M,,40-64,,531,
batch_001,encounters_epic_north.csv,781,EPIC_NORTH,E4526896,2fa9feb07c752cb50504e1aea9987c31d3b3d9bba66a9d580224bdf15fbdcca6,LINKED,,M,,40-64,,541,
batch_001,encounters_epic_north.csv,782,EPIC_NORTH,E9910804,659acc43b742f0f34340e882257ca5fba4565eb4bc1649e2116069ff3e97831a,LINKED,,F,,18-39,,543,
batch_001,encounters_epic_north.csv,783,EPIC_NORTH,E2592616,0ce98835b88ecf89dcd9e3dec84a8a18ef6d05ea13af406474ce91030311cce4,LINKED,,M,,40-64,,543,
batch_001,encounters_epic_north.csv,784,EPIC_NORTH,E5639725,d7d1801caf4ddbe43bfa4f44f7627e3da038a262dd58b5501c9974a3b0cb2c3a,LINKED,,M,,0-17,,532,
batch_001,encounters_epic_north.csv,785,EPIC_NORTH,E9716483,dc9e6d52c28e6899808850c26c7a5fc15f142755f97fc2798f902cf058d8096e,LINKED,,F,,65+,,531,
batch_001,encounters_epic_north.csv,786,EPIC_NORTH,E8932487,fd00f630227d705879670e8edffa1b29cb37dda60e08c3b4af6d653e8809757a,LINKED,,M,,0-17,,541,
batch_001,encounters_epic_north.csv,787,EPIC_NORTH,E7432229,5918f7127e5604aef42c25773b75b06b86136c41a6d50e4c89d59224ffec0341,LINKED,,M,,40-64,,543,
batch_001,encounters_epic_north.csv,788,EPIC_NORTH,E2660265,9168191159e6d8165a4ec7a13fd6464a091efad0bb2b32ac05b68cab9d42d18d,LINKED,,F,,0-17,,543,
batch_001,encounters_epic_north.csv,789,EPIC_NORTH,E2327343,69b923954d9776af01e02bfaf254c77c928883aedc899c98e11f3f36c4c90d9e,LINKED,,M,,0-17,,532,
batch_001,encounters_epic_north.csv,790,EPIC_NORTH,E9310962,2b297d39efe1860edbe0b241258c0885460206a72ce9cc79bfc8805138477393,LINKED,,F,,0-17,,532,
batch_001,encounters_epic_north.csv,791,EPIC_NORTH,E4286773,0e63056066bf850f7d8e188ea22aa28a3767c8b4ca46046e08068e7cf0b03837,LINKED,,F,,40-64,,531,
batch_001,encounters_epic_north.csv,792,EPIC_NORTH,E6174384,3f2ae8c5da48f6cb2a5f80edae553e7e8cc203f8b344e7d63d081d892ff88fbd,LINKED,,M,,40-64,,541,
batch_001,encounters_epic_north.csv,793,EPIC_NORTH,E1000155,546dc16e27bd347a138709133c3ed5e374a4a517278d3e6265d284eee3f2c4b4,LINKED,,F,,18-39,,532,
batch_001,encounters_epic_north.csv,794,EPIC_NORTH,E7357651,dbb0495e507cda61581c5ee8c267dcd974674fdabbb4c6a394a4f573c854f4f8,LINKED,,F,,65+,,531,
batch_001,encounters_epic_north.csv,795,EPIC_NORTH,E5190892,cc95360b10ebfca8d1f205d64eb5716ab40e21e9193c0059170cda59558cbbcf,LINKED,,F,,18-39,,541,
batch_001,encounters_epic_north.csv,796,EPIC_NORTH,E1657502,50316e7bcad0865dd01e574907387e2377ef7a1064a4e31b5588b05636269029,LINKED,,F,,40-64,,541,
batch_001,encounters_epic_north.csv,797,EPIC_NORTH,E2423472,a9dd26dd53453f661b3bfb137b25da4102c8ba5f09cab992a6268ef7af3931c8,LINKED,,F,,65+,,531,
batch_001,encounters_epic_north.csv,798,EPIC_NORTH,E1599873,b17c81858447170620f306540864aa820abde444c50e39b951bc8d386d795ce0,LINKED,,M,,0-17,,532,
batch_001,encounters_epic_north.csv,799,EPIC_NORTH,E7291970,25436349dd0a51c0a19cd16a7cbc0fccdb3cd06e0cc21f5b2d5c542fd2828348,LINKED,,M,,65+,,537,
batch_001,encounters_epic_north.csv,800,EPIC_NORTH,E6264137,84e146d9eb672180a4e87434f588a235322cc7fc9349bad85c3380c594b3a83d,LINKED,,F,,65+,,541,
batch_001,encounters_epic_north.csv,801,EPIC_NORTH,E7260349,a0256808192c25de35cc8267db501fefb8314c3edb35be3598cefa0ffd7c82b5,LINKED,,M,,40-64,,537,
batch_001,encounters_epic_north.csv,802,EPIC_NORTH,E9162949,b41393795511818cebc5d881a5d130c41d04a3817acd298a5f00c13cab3a974f,LINKED,,M,,65+,,531,
batch_001,encounters_epic_north.csv,803,EPIC_NORTH,E9419182,47724b62c80532b0c437fc8ff5d6d74d4102445b4bfffff476fd7efd6c357109,LINKED,,M,,40-64,,541,
batch_001,encounters_epic_north.csv,804,EPIC_NORTH,E4544178,196719db9583fefdf68acdf0e9351a411457721af4daa715226a8294f0eb3157,LINKED,,F,,40-64,,532,
batch_001,encounters_epic_north.csv,805,EPIC_NORTH,E4946944,546dc16e27bd347a138709133c3ed5e374a4a517278d3e6265d284eee3f2c4b4,LINKED,,F,,18-39,,532,
batch_001,encounters_epic_north.csv,806,EPIC_NORTH,E4154437,12ae6252ddb488a9fb0cfce529e375e602082656165eb86bb90a6cc68b3db501,LINKED,,F,,65+,,541,
batch_001,encounters_epic_north.csv,807,EPIC_NORTH,E8824101,c2e230a89cf12f477377ffcb711a7880665743d9f0471b1f48134c73d7d59ae6,LINKED,,F,,40-64,,532,
batch_001,encounters_epic_north.csv,808,EPIC_NORTH,E5145409,68a5c60fb262a1835b394e6d40104c7d75f3e4725d85e4e6118f6cd8ef015ee9,LINKED,,F,,65+,,524,
batch_001,encounters_epic_north.csv,809,EPIC_NORTH,E2879699,2f4b375c10e8963fb3c6437840112057faf145c2748f18c610870f3b0c49a6b4,UNLINKED,PATIENT_UNLINKED_NO_DOB,F,,UNKNOWN,AGE_BAND_DOB_UNAVAILABLE,532,
batch_001,encounters_epic_north.csv,810,EPIC_NORTH,E1142199,b5fb37fdc0e2e784d57d75eb50cca2a022732e295eb26b2e0be9cb3aef60d3b1,LINKED,,F,,40-64,,543,
batch_001,encounters_epic_north.csv,811,EPIC_NORTH,E3421809,6cab6e09b41461d70b59e677fd88bbf4015e715dcfdaf7374ebfe4c76a79265c,LINKED,,M,,0-17,,531,
batch_001,encounters_epic_north.csv,812,EPIC_NORTH,E6893653,2b728364d5a0e437315abead1b2dbf241f763f6ed561b1f4742204573763e3cb,LINKED,,F,,18-39,,537,
batch_001,encounters_epic_north.csv,813,EPIC_NORTH,E7966725,7d4b8210f537977ab06f2364ff5b0d84c2f53a2b703bdabef2d9b24397f20d50,LINKED,,M,,40-64,,532,
batch_001,encounters_epic_north.csv,814,EPIC_NORTH,E9164835,d287bc64c2cd5a218e8f9ec1a317fdeaf5ae6943210c3f73063b15a7267ab176,LINKED,,F,,0-17,,537,
batch_001,encounters_epic_north.csv,815,EPIC_NORTH,E6606535,dfb27b08edc8eb275190740407a295c3786d5cf221504c422e6143683bbc5fd9,LINKED,,F,,18-39,,531,
batch_001,encounters_epic_north.csv,816,EPIC_NORTH,E3584664,09c23ae6972fd0376593c27b8c26f1d04ec891a6cf373b3909ca264d6372dc62,LINKED,,F,,0-17,,543,
batch_001,encounters_epic_north.csv,817,EPIC_NORTH,E3527377,bc4a1d4887a939eb53473475c221d8b202f432259cd8fb8e0448b3c9e7d202f3,LINKED,,F,,18-39,,543,
batch_001,encounters_epic_north.csv,818,EPIC_NORTH,E5657861,9ba752c75a7e62d0c76815ef76334da94d9687659bf7c145d9397c6bf1caf1f2,LINKED,,M,,40-64,,537,
batch_001,encounters_epic_north.csv,819,EPIC_NORTH,E6300902,6ec178353f8af4b1138e09acfd6c796891ff34fe2469ab7fcccbbe7eff150ca7,LINKED,,M,,40-64,,537,
batch_001,encounters_epic_north.csv,820,EPIC_NORTH,E6309075,434530db34a4df0b94a8b1c23f7195ae291f03827b1d66e6e8544535d4c20f4c,LINKED,,M,,40-64,,541,
batch_001,encounters_epic_north.csv,821,EPIC_NORTH,E5006650,904afd186d6b8e22842157009f2e2af13a7bb9365ca9b1bb6e660a9ccbe71826,LINKED,,M,,40-64,,531,
batch_001,encounters_epic_north.csv,822,EPIC_NORTH,E6911419,ad28ed378e05a5a26c123f97e79b3b2744a46ddafc8a0f54aae8366e57ef0bb1,LINKED,,M,,40-64,,537,
batch_001,encounters_epic_north.csv,823,EPIC_NORTH,E1784635,90fa84d48dcd503d839c60b0f4a82f23b1148195e77bae6cad238d24250a91cb,LINKED,,F,,40-64,,531,
batch_001,encounters_epic_north.csv,824,EPIC_NORTH,E3020143,7ba6723bfbbbf742739b393aafbfc8fb3754a0ccda5d1187cce0577dc933df4e,LINKED,,M,,40-64,,531,
batch_001,encounters_epic_north.csv,825,EPIC_NORTH,E1321679,db5ab582169043f70a0286e4f9282b6c2e24f0baf4cce8f64e3ee33d8e1235d0,LINKED,,F,,65+,,541,
batch_001,encounters_epic_north.csv,826,EPIC_NORTH,E3222949,31aba787fac60247818de5cfd970e3510bbeb82b83ce5d01bed1536bfc235d68,LINKED,,M,,40-64,,543,
batch_001,encounters_epic_north.csv,827,EPIC_NORTH,E9292682,3cb0596898386d86044b9247ef92febf69afa4beccc8bf00af650a15e44cc7eb,LINKED,,F,,40-64,,541,
batch_001,encounters_epic_north.csv,828,EPIC_NORTH,E7560697,099da97de3d38fb91aad387be43c850d52f71cadfe3f6aba0636e66155be0a23,LINKED,,M,,40-64,,541,
batch_001,encounters_epic_north.csv,829,EPIC_NORTH,E3789865,099da97de3d38fb91aad387be43c850d52f71cadfe3f6aba0636e66155be0a23,LINKED,,M,,40-64,,541,
batch_001,encounters_epic_north.csv,830,EPIC_NORTH,E3464061,cb851dccdb8ad34207859422f309223cc2acde1cd4066ade00f1d40e39fab77f,UNLINKED,PATIENT_UNLINKED_NO_DOB,F,,UNKNOWN,AGE_BAND_DOB_UNAVAILABLE,537,
batch_001,encounters_epic_north.csv,831,EPIC_NORTH,E9188467,e777566353b8553a1412160d3f275dd8af763e619ee158bd581572dfb3b61201,LINKED,,F,,65+,,537,
batch_001,encounters_epic_north.csv,832,EPIC_NORTH,E5410971,59e1925247801fcf4e1e449943a2cb3aac0562a5f386dacde39867febd970059,LINKED,,M,,65+,,537,
batch_001,encounters_epic_north.csv,833,EPIC_NORTH,E2925553,bc4a1d4887a939eb53473475c221d8b202f432259cd8fb8e0448b3c9e7d202f3,LINKED,,F,,18-39,,543,
batch_001,encounters_epic_north.csv,834,EPIC_NORTH,E7216397,87e5964bcb3d3bf0bb78962d932134aa3a16c67a7c444144a7161bb57845b598,LINKED,,M,,40-64,,524,
batch_001,encounters_epic_north.csv,835,EPIC_NORTH,E5991550,0609b9d3e16009197003f6bc8ddb7c1c71bf99d3054880cdf88e938746464966,LINKED,,M,,65+,,541,
batch_001,encounters_epic_north.csv,836,EPIC_NORTH,E6426472,0e19ae035e4a3e928c20ff46b12e06bafbc2cdd48da16b509f409d26425b7426,LINKED,,M,,65+,,543,
batch_001,encounters_epic_north.csv,837,EPIC_NORTH,E4283606,4139ea7d02e53ce005be0388b8e440ce2478f3e0eba580a00a86e151c7a0807b,LINKED,,F,,0-17,,532,
batch_001,encounters_epic_north.csv,838,EPIC_NORTH,E9575614,3c1609d2404df9e633be9faccacc215b1bd76f12afbc23a9d7d27a3cd1f39e94,LINKED,,M,,40-64,,532,
batch_001,encounters_epic_north.csv,839,EPIC_NORTH,E7115639,e414593bcbd3251d986027c5d8d6e8de03ba47d22e87ba9140bc3931f3bbddbe,LINKED,,M,,40-64,,531,
batch_001,encounters_epic_north.csv,840,EPIC_NORTH,E5185413,30cddb33bb4e32bee0e81c89b92c932bbbe1cddd75c67bf135c8f0b4bf7a23f7,LINKED,,F,,18-39,,531,
batch_001,encounters_epic_north.csv,841,EPIC_NORTH,E9123134,d78f73074071a54e4153d1b916eeee0174cdb31a0866f96c0e4a1c7f98e263dd,LINKED,,M,,18-39,,541,
batch_001,encounters_epic_north.csv,842,EPIC_NORTH,E2286157,8f11fdb20a4839302341be96d687bb9ea2bf37a4de11eeee544cc6fede5b7e12,LINKED,,F,,40-64,,532,
batch_001,encounters_epic_north.csv,843,EPIC_NORTH,E7146065,d7747976dbae590d4f8864ec50a1eeaa5433fa9c628e31d3e20139d9ceb27506,LINKED,,F,,40-64,,531,
batch_001,encounters_epic_north.csv,844,EPIC_NORTH,E6727748,e52b39d4dec5735d23a20fdbb8710f2ab61b17c67fe0e1b669703961fdba74a0,LINKED,,M,,40-64,,532,
batch_001,encounters_epic_north.csv,845,EPIC_NORTH,E3929239,9e60969ca059707139c86fc2416c5cdd22a3eed6e9ff6ebba3774622cf6f9877,LINKED,,M,,40-64,,537,
batch_001,encounters_epic_north.csv,846,EPIC_NORTH,E5255005,84caad72d37228c28d70999b0e62f77b3c8e3636571369db262fa406d2bbe3ef,LINKED,,F,,40-64,,532,
batch_001,encounters_epic_north.csv,847,EPIC_NORTH,E2914029,1bf75f4e9f5aa616136eca4258bc4d3d6665df4ceade3bb973eddd750f993e2e,LINKED,,M,,0-17,,543,
batch_001,encounters_epic_north.csv,848,EPIC_NORTH,E5456949,174fafff90d4bd269a97e3967cfdcf71c040af1e7cfd213515a925774c50ba4f,LINKED,,F,,0-17,,541,
batch_001,encounters_epic_north.csv,849,EPIC_NORTH,E8910360,8bb7128f8023d7cd1fb2210e3047bc14b8ff6d4ebae90c370b7f621d227ec743,LINKED,,F,,40-64,,543,
batch_001,encounters_epic_north.csv,850,EPIC_NORTH,E6613620,874c105288fd327ecace323079259e4abd7b86a963bc54189cb7c6cce1cd3b82,LINKED,,F,,0-17,,543,
batch_001,encounters_epic_north.csv,851,EPIC_NORTH,E5252338,c9772e2ee80ff59713115b86a27fb0196b0e407e9d190c4db2d4c46b809fa367,LINKED,,F,,40-64,,531,
batch_001,encounters_epic_north.csv,852,EPIC_NORTH,E8900022,e69df4f6a6cd96d4787f2b2dd1c9dc4785f5bbabf2784512f6c75912b0cffc1f,LINKED,,F,,18-39,,541,
batch_001,encounters_epic_north.csv,853,EPIC_NORTH,E8379943,d7747976dbae590d4f8864ec50a1eeaa5433fa9c628e31d3e20139d9ceb27506,LINKED,,F,,40-64,,531,
batch_001,encounters_epic_north.csv,854,EPIC_NORTH,E9625366,3f2ae8c5da48f6cb2a5f80edae553e7e8cc203f8b344e7d63d081d892ff88fbd,LINKED,,M,,40-64,,541,
batch_001,encounters_epic_north.csv,855,EPIC_NORTH,E2771495,3d068c1bcb0ecbf0296917b2ccfe1758bd617cc2e1115cab4643582cbd15f0bf,LINKED,,F,,40-64,,543,
batch_001,encounters_epic_north.csv,856,EPIC_NORTH,E3239417,b6800daf931d842716a44f7ceb8353f45007fe468eeb9b3728d3c7a928c2062d,LINKED,,F,,18-39,,532,
batch_001,encounters_epic_north.csv,857,EPIC_NORTH,E8997724,426f47473a38e51553a01869fb06c87c7cdb1d4a7d2f5f0408c3cd539c5e47ee,LINKED,,F,,40-64,,524,
batch_001,encounters_epic_north.csv,858,EPIC_NORTH,E6990889,7fab81bf2fc51810b2ed2f5fa0eebfa458f54dacc2c35377af5c3167f492f841,LINKED,,M,,18-39,,532,
batch_001,encounters_epic_north.csv,859,EPIC_NORTH,E9183428,e52db20e869c2aba3b6b5f4e780bba2bd7624541e0d87ce30256e35ab99602ec,LINKED,,M,,40-64,,541,
batch_001,encounters_epic_north.csv,860,EPIC_NORTH,E3264710,e69df4f6a6cd96d4787f2b2dd1c9dc4785f5bbabf2784512f6c75912b0cffc1f,LINKED,,F,,40-64,,541,
batch_001,encounters_epic_north.csv,861,EPIC_NORTH,E2796916,0f7f5d7c1749ca863f445a2dfaaf0d7417abc6b64b6f3eac37510389447f2c20,LINKED,,M,,18-39,,532,
batch_001,encounters_epic_north.csv,862,EPIC_NORTH,E2145341,528700dfce0920a4e9684f6a1c45435e3ae439c552c0d89c15a46a4fc6d8a849,LINKED,,F,,65+,,541,
batch_001,encounters_epic_north.csv,863,EPIC_NORTH,E1941280,9ce5d1040cf62ea25d8c29785a63d65d3f9493b02e44aca65e930e304f635df1,LINKED,,M,,65+,,531,
batch_001,encounters_epic_north.csv,864,EPIC_NORTH,E2134132,9ec5a2ce7d0165d043f75382d341b66a5a9d4455cd701be572afbf70db753cd5,LINKED,,M,,65+,,532,
batch_001,encounters_epic_north.csv,865,EPIC_NORTH,E8832163,71b7fbf9621e88c13ac9dff85700cd3daf4984bdb1ba07e0ba90324626eab9ba,LINKED,,F,,40-64,,537,
batch_001,encounters_epic_north.csv,866,EPIC_NORTH,E6319435,4b7f8ac5ddd4beef440598599328d90d3681fd7025213590a1f4ada57c91890a,LINKED,,M,,40-64,,541,
batch_001,encounters_epic_north.csv,867,EPIC_NORTH,E9068611,e0d1a66ce5ff46b9e3c77932de49fb8fa8d7ac6c7ca9fbf801c40f3b13e0082f,LINKED,,M,,40-64,,531,
batch_001,encounters_epic_north.csv,868,EPIC_NORTH,E1211070,02ab3f71347900543f01f8062dbb8c86a8898e7b5153f931fab19e2354f7b622,LINKED,,M,,40-64,,537,
batch_001,encounters_epic_north.csv,869,EPIC_NORTH,E3031713,174fafff90d4bd269a97e3967cfdcf71c040af1e7cfd213515a925774c50ba4f,LINKED,,F,,0-17,,541,
batch_001,encounters_epic_north.csv,870,EPIC_NORTH,E1767121,1c88649def79030b7bcaeb352364a2250fa235edfa6b261662c5447e275cb8dc,LINKED,,F,,40-64,,532,
batch_001,encounters_epic_north.csv,871,EPIC_NORTH,E8073434,058e8de912a1634193e2c881fe76f515b824b2ff0ffd8b5bc4e1cb68a5bf5e88,LINKED,,M,,18-39,,531,
batch_001,encounters_epic_north.csv,872,EPIC_NORTH,E1753880,04896ee3429176acb6dd3ec578593718847094962c7abfbb179189fe0d0228a2,LINKED,,M,,40-64,,541,
batch_001,encounters_epic_north.csv,873,EPIC_NORTH,E7435764,a55a1aa204b425edb32d43c13944088b229e6ff1995f90d42c061c0a602312ae,LINKED,,F,,40-64,,537,
batch_001,encounters_epic_north.csv,874,EPIC_NORTH,E8219776,8ce51f1a6dfa4e42a50a694268e017575b539eeb471735f9d072746a2be8c018,LINKED,,M,,65+,,541,
batch_001,encounters_epic_north.csv,875,EPIC_NORTH,E4974296,be5a267e2634745e6453ba04fa15bdf47cb3ddee720581bf9b56c063eb4b1527,LINKED,,F,,65+,,541,
batch_001,encounters_epic_north.csv,876,EPIC_NORTH,E3975551,63ccc29662685af7628c3f80d5cd659c718532acc6f1196742b3c7f830940ee4,LINKED,,F,,65+,,537,
batch_001,encounters_epic_north.csv,877,EPIC_NORTH,E1160364,089b6063da67249a20b58d32cec5c60aa40820bb4b75deb20b7155f225332598,LINKED,,M,,0-17,,531,
batch_001,encounters_epic_north.csv,878,EPIC_NORTH,E2252858,bfd1fa374b8aff71041201fd7937a30a58259a25500af659474a80a0e3819bc5,LINKED,,M,,40-64,,537,
batch_001,encounters_epic_north.csv,879,EPIC_NORTH,E3567360,50428e056f5b303b0f584f01f9478a9f5377e47227f229ae939778cb8dc86891,LINKED,,M,,40-64,,531,
batch_001,encounters_epic_north.csv,880,EPIC_NORTH,E4624817,429169a71497c63347149651014c9df5233b5877edc92ecd85af5b9cf729f479,LINKED,,F,,40-64,,532,
batch_001,encounters_epic_north.csv,881,EPIC_NORTH,E5009710,188dd40007588bcedb56d17acb84eaea5654839132f45aca2f88d17fdcd53a80,LINKED,,M,,40-64,,531,
batch_001,encounters_epic_north.csv,882,EPIC_NORTH,E5369158,0bc91a41a4fb472639a8de2b9382e2dc90f88246011d3f4622224b61b925b042,LINKED,,M,,40-64,,532,
batch_001,encounters_epic_north.csv,883,EPIC_NORTH,E6531045,dfb27b08edc8eb275190740407a295c3786d5cf221504c422e6143683bbc5fd9,LINKED,,F,,18-39,,531,
batch_001,encounters_epic_north.csv,884,EPIC_NORTH,E1651177,7ba6723bfbbbf742739b393aafbfc8fb3754a0ccda5d1187cce0577dc933df4e,LINKED,,M,,40-64,,531,
batch_001,encounters_epic_north.csv,885,EPIC_NORTH,E4438065,ce569b5860104cd71f133b23ebce62af52c1820d942b7b81660ac4089b32c925,LINKED,,M,,40-64,,532,
batch_001,encounters_epic_north.csv,886,EPIC_NORTH,E7668183,06bf7a1d03ddebabb1547089018afcf769861c2a1c07eb4c3234771be410b89b,LINKED,,F,,40-64,,524,
batch_001,encounters_epic_north.csv,887,EPIC_NORTH,E9093391,f3e88a71f34c0742164f6e211e1748a09c00d2724029d3f12bfd2af43ccde044,LINKED,,M,,40-64,,537,
batch_001,encounters_epic_north.csv,888,EPIC_NORTH,E8475998,97902dbd6e4d6d4bb24a308776274ff52e1b15367ab109984de20f68e2b5b12d,LINKED,,M,,40-64,,543,
batch_001,encounters_epic_north.csv,889,EPIC_NORTH,E3889922,6f6b849670d22e7a76652dcdf1c75be2816dad3bcd9bf3ba07fb54f6c5143751,LINKED,,F,,0-17,,543,
batch_001,encounters_epic_north.csv,890,EPIC_NORTH,E5899149,de1e2a1a3f8091f1f455ec1b54d6a9bc16cddf20f0ce3157dffdb217ff11579a,LINKED,,F,,40-64,,532,
batch_001,encounters_epic_north.csv,891,EPIC_NORTH,E7259038,6ec178353f8af4b1138e09acfd6c796891ff34fe2469ab7fcccbbe7eff150ca7,LINKED,,M,,40-64,,537,
batch_001,encounters_epic_north.csv,892,EPIC_NORTH,E3500231,9d8fb802a09dbe3c7637474b1d8bea017f6c25558da649e6cd5646d7b2f9851d,LINKED,,M,,40-64,,541,
batch_001,encounters_epic_north.csv,893,EPIC_NORTH,E7680660,d4ac4a2201b4cda0bc9ed1e745bbe07bab54fe79bae69a585ef941bf492fe1ba,LINKED,,F,,40-64,,531,
batch_001,encounters_epic_north.csv,894,EPIC_NORTH,E3153477,dfb27b08edc8eb275190740407a295c3786d5cf221504c422e6143683bbc5fd9,LINKED,,F,,18-39,,531,
batch_001,encounters_epic_north.csv,895,EPIC_NORTH,E9654034,30350d51f4ebb324bdf6ed7331012797a3356618266c5584f972c0a42f12bb8d,LINKED,,M,,18-39,,532,
batch_001,encounters_epic_north.csv,896,EPIC_NORTH,E8992404,2eca19066dc5e73ae8462bd4aaa95f938d599d793022d2343be1afcc636dc9c0,LINKED,,F,,65+,,537,
batch_001,encounters_epic_north.csv,897,EPIC_NORTH,E3547542,438f3bce4eb6e5c422bbd27edb44235e9259375aa05207d1f1f5eaad72fda065,LINKED,,F,,40-64,,541,
batch_001,encounters_epic_north.csv,898,EPIC_NORTH,E7656900,150642d47854cf4162ee711aa094405850b5707053915daae2448963a9e113aa,LINKED,,F,,40-64,,537,
batch_001,encounters_epic_north.csv,899,EPIC_NORTH,E5365111,7b1f7bd2e660791c4317cda7e1c571fc905e88476ff138c9f30cf2a330411dc3,LINKED,,F,,65+,,532,
batch_001,encounters_epic_north.csv,900,EPIC_NORTH,E1936288,ad28ed378e05a5a26c123f97e79b3b2744a46ddafc8a0f54aae8366e57ef0bb1,LINKED,,M,,40-64,,537,
batch_001,encounters_epic_north.csv,901,EPIC_NORTH,E9242053,3be5563a8fdc16588804f17b48b1a14723df0ce42a9b44e09dcabb1554f1e124,LINKED,,M,,65+,,531,
batch_001,encounters_epic_north.csv,902,EPIC_NORTH,E9668205,659acc43b742f0f34340e882257ca5fba4565eb4bc1649e2116069ff3e97831a,LINKED,,F,,18-39,,543,
batch_001,encounters_epic_north.csv,903,EPIC_NORTH,E3844753,0d141c4ec9f6a6884d0b639d69ad98c9be2bd5ab1f053105e011b91fc8011421,LINKED,,M,,0-17,,531,
batch_001,encounters_epic_north.csv,904,EPIC_NORTH,E5285631,dfb27b08edc8eb275190740407a295c3786d5cf221504c422e6143683bbc5fd9,LINKED,,F,,18-39,,531,
batch_001,encounters_epic_north.csv,905,EPIC_NORTH,E9309023,f5e3a0211e9e9b40daaa446bf7a23a4ac9c20be386253e42882281d1f117e0b5,LINKED,,M,,0-17,,543,
batch_001,encounters_epic_north.csv,906,EPIC_NORTH,E8696161,65366fa93430ae2a110d243632584fd55a146781fde37bb3ece4b9bfb8d2c1f4,LINKED,,F,,65+,,610,
batch_001,encounters_epic_north.csv,907,EPIC_NORTH,E6988790,a34128f3c476600aab2a1b6680d2285b9cadc4d9bd145ee8d92f18df0da4e046,LINKED,,M,,0-17,,532,
batch_001,encounters_epic_north.csv,908,EPIC_NORTH,E8686798,e0d1a66ce5ff46b9e3c77932de49fb8fa8d7ac6c7ca9fbf801c40f3b13e0082f,LINKED,,M,,40-64,,531,
batch_001,encounters_epic_north.csv,909,EPIC_NORTH,E5192486,9bc283ee96c8c76eec86faaefca60b90f4fcfa21785fe76bc25ef5c9d9b3c23d,LINKED,,M,,40-64,,541,
batch_001,encounters_epic_north.csv,910,EPIC_NORTH,E4704538,e042e54cec215372dae85698ecbdbbd9e1f08af3c66786a13532da53271b472a,LINKED,,F,,65+,,537,
batch_001,encounters_epic_north.csv,911,EPIC_NORTH,E7786547,eb7243157519414877cfaf7bf879f30c6e8e310f373a4fe5bc9f9540a72c91c1,LINKED,,F,,65+,,541,
batch_001,encounters_epic_north.csv,912,EPIC_NORTH,E2736565,22353df0b0815388e6f1923c134a1daa16c41610cd2dd5547ba8b03dc4db3437,LINKED,,F,,40-64,,531,
batch_001,encounters_epic_north.csv,913,EPIC_NORTH,E4576420,3165a42d7520404062f945d13a020e37bff2bf6f2f844dadb0cca9399e015936,LINKED,,M,,40-64,,541,
batch_001,encounters_epic_north.csv,914,EPIC_NORTH,E3152844,150642d47854cf4162ee711aa094405850b5707053915daae2448963a9e113aa,LINKED,,F,,40-64,,537,
batch_001,encounters_epic_north.csv,915,EPIC_NORTH,E3928651,f3a18fc05f964fd186abc400fa8e26c6d1270f9abe4410b8736a4494e274a1ac,LINKED,,F,,40-64,,531,
batch_001,encounters_epic_north.csv,916,EPIC_NORTH,E8860096,04eae54b845479d39498c9fcdd3ffa2804b303988d8000faffb91c5656bf0d92,LINKED,,F,,40-64,,532,
batch_001,encounters_epic_north.csv,917,EPIC_NORTH,E9032476,b524ef8794b4f0bf7dd6d9d3102e3655915793d28baac6d9b7dd124f0bf881e8,LINKED,,F,,40-64,,532,
batch_001,encounters_epic_north.csv,918,EPIC_NORTH,E7056322,738377045e400f14a5a552b93244c34b603392dfa3890a08f08fc5a4892b89e1,LINKED,,M,,65+,,532,
batch_001,encounters_epic_north.csv,919,EPIC_NORTH,E1775234,f4da818385a1a4fe7ebc5af302f5988aafd8d8a92baf1bce47ef9da4112ae91d,LINKED,,F,,40-64,,541,
batch_001,encounters_epic_north.csv,920,EPIC_NORTH,E4887653,0be3023bc4bf30cef78ec0cb989240698002c2e5cdd973a2bc8f138243253627,LINKED,,M,,0-17,,531,
batch_001,encounters_epic_north.csv,921,EPIC_NORTH,E7969478,cb746b04f2f4c31d37d6d76f6e9436c06e42a610b4f7f9d3966ca2a3dea0cb0f,LINKED,,F,,40-64,,531,
batch_001,encounters_epic_north.csv,922,EPIC_NORTH,E8786408,3cb0596898386d86044b9247ef92febf69afa4beccc8bf00af650a15e44cc7eb,LINKED,,F,,40-64,,541,
batch_001,encounters_epic_north.csv,923,EPIC_NORTH,E5857799,a0256808192c25de35cc8267db501fefb8314c3edb35be3598cefa0ffd7c82b5,LINKED,,M,,40-64,,537,
batch_001,encounters_epic_north.csv,924,EPIC_NORTH,E1648045,02ab3f71347900543f01f8062dbb8c86a8898e7b5153f931fab19e2354f7b622,LINKED,,M,,40-64,,537,
batch_001,encounters_epic_north.csv,925,EPIC_NORTH,E2140064,196719db9583fefdf68acdf0e9351a411457721af4daa715226a8294f0eb3157,LINKED,,F,,40-64,,532,
batch_001,encounters_epic_north.csv,926,EPIC_NORTH,E1324465,9e60969ca059707139c86fc2416c5cdd22a3eed6e9ff6ebba3774622cf6f9877,LINKED,,M,,40-64,,537,
batch_001,encounters_epic_north.csv,927,EPIC_NORTH,E2888375,230fbc1b77af562ceec3f3c3b8bf506adae1357be817fae1efaecf7e417adccf,LINKED,,M,,40-64,,531,
batch_001,encounters_epic_north.csv,928,EPIC_NORTH,E1663250,dd682a3c2228d33123bf15472922c9df4a44eb43ecaf75be50e09a6b09115379,LINKED,,F,,18-39,,541,
batch_001,encounters_epic_north.csv,929,EPIC_NORTH,E3716170,71b7fbf9621e88c13ac9dff85700cd3daf4984bdb1ba07e0ba90324626eab9ba,LINKED,,F,,40-64,,537,
batch_001,encounters_epic_north.csv,930,EPIC_NORTH,E8552691,b524ef8794b4f0bf7dd6d9d3102e3655915793d28baac6d9b7dd124f0bf881e8,LINKED,,F,,40-64,,532,
batch_001,encounters_epic_north.csv,931,EPIC_NORTH,E7124689,61e644e99a559025b4ee286beecffc28643b46bff036482b0f9c7a9098bc90c7,LINKED,,M,,40-64,,531,
batch_001,encounters_epic_north.csv,932,EPIC_NORTH,E4807211,f492d538bf6a54ef0b698a47506c3888e42f81fcded2af04573a8a867f010f61,LINKED,,F,,40-64,,537,
batch_001,encounters_epic_north.csv,933,EPIC_NORTH,E1319354,c516752918383e9d47018fab3c90947be3b896cf2c7f7d7d648c23a7b2878ad6,LINKED,,M,,65+,,532,
batch_001,encounters_epic_north.csv,934,EPIC_NORTH,E3638391,f5809453db9a16ce910623d488f59d5c333a80c5e992300dc70e408f5fb9fc54,LINKED,,M,,40-64,,541,
batch_001,encounters_epic_north.csv,935,EPIC_NORTH,E7542508,e22be6d955e0abaf2c1a3d9663f60ea03bbbf29ae2317458a6a62e085e819941,LINKED,,M,,65+,,543,
batch_001,encounters_epic_north.csv,936,EPIC_NORTH,E2687167,a18a4680404dbede215c6b7e5b98be7553a99f8a64adc73c619a80c00f2470f5,LINKED,,F,,0-17,,531,
batch_001,encounters_epic_north.csv,937,EPIC_NORTH,E6090288,ab0e33adacfe8da271a9c3927233ead39a5df710dabf573e1f812d705c0b6e28,LINKED,,M,,40-64,,537,
batch_001,encounters_epic_north.csv,938,EPIC_NORTH,E1460219,d0ea8f3ec12466543d442e1db91af3f296900d431abebc0ee5c4a169c3639836,LINKED,,M,,0-17,,537,
batch_001,encounters_epic_north.csv,939,EPIC_NORTH,E7583649,2eca19066dc5e73ae8462bd4aaa95f938d599d793022d2343be1afcc636dc9c0,LINKED,,F,,65+,,537,
batch_001,encounters_epic_north.csv,940,EPIC_NORTH,E6624627,b8ec2662d46975c97d2b25f93e226ab772f84abe7abb14ffdaf8c7b8bb3a416a,LINKED,,M,,40-64,,537,
batch_001,encounters_epic_north.csv,941,EPIC_NORTH,E8143766,be414ffe3c2f819a76e5e562582deea35a29d50a85d367e44ca53ce843a20686,LINKED,,F,,40-64,,532,
batch_001,encounters_epic_north.csv,942,EPIC_NORTH,E8207432,db64bd54d41359cf45f6114f22c0ffd2493ff8d11cccb65eb131254042118fd7,LINKED,,M,,40-64,,541,
batch_001,encounters_epic_north.csv,943,EPIC_NORTH,E2728594,e6317f1d0a5da024bdff704f025b74e1e7c8b2bf73ff365389619b92083839e6,LINKED,,M,,40-64,,537,
batch_001,encounters_epic_north.csv,944,EPIC_NORTH,E8430543,94968b079abd7ed530e653ff63999ba5aa59e50436be73bf8433c8657f88a1f4,LINKED,,F,,65+,,532,
batch_001,encounters_epic_north.csv,945,EPIC_NORTH,E9004029,53c4461ba7222897ed82fe91b0edf7375a901ed6b0eed8df349c850eda5784a7,LINKED,,F,,18-39,,531,
batch_001,encounters_epic_north.csv,946,EPIC_NORTH,E5092919,dfb27b08edc8eb275190740407a295c3786d5cf221504c422e6143683bbc5fd9,LINKED,,F,,18-39,,531,
batch_001,encounters_epic_north.csv,947,EPIC_NORTH,E1878965,4abd2a1394e43cd857407bbbd71f5e9ff42266fa4c097dae2c2df0c189256760,LINKED,,F,,65+,,532,
batch_001,encounters_epic_north.csv,948,EPIC_NORTH,E7303586,9592ee7a7ab682d853b9f592669376293848ed85b1153fcc84b71656705a131c,LINKED,,M,,65+,,531,
batch_001,encounters_epic_north.csv,949,EPIC_NORTH,E4119712,617b08f8676d0943c3820a707eedd7423e74a199f73aced3c89e11fc1b7710a2,LINKED,,M,,65+,,541,
batch_001,encounters_epic_north.csv,950,EPIC_NORTH,E8882161,04364891e476e4ec912883077cd352ab4b3903383f968f15e65ea04b947b71b7,LINKED,,M,,65+,,531,
batch_001,encounters_epic_north.csv,951,EPIC_NORTH,E6487961,a55399b48544ca7efec47d85a6cd1b6f6956019b6e292a6e34bfcab20e07551d,LINKED,,F,,65+,,531,
batch_001,encounters_epic_north.csv,952,EPIC_NORTH,E8972045,bfd1fa374b8aff71041201fd7937a30a58259a25500af659474a80a0e3819bc5,LINKED,,M,,40-64,,537,
batch_001,encounters_epic_north.csv,953,EPIC_NORTH,E2457624,9fa4eb6718254bb47ab6120be00b66c75f1c179768951afa0d08c971feee88c5,LINKED,,F,,65+,,537,
batch_001,encounters_epic_north.csv,954,EPIC_NORTH,E3381381,ba010830c295621b27120018976afc4b2179e7e99cc67ff98f6a5f46546a8846,LINKED,,F,,40-64,,537,
batch_001,encounters_epic_north.csv,955,EPIC_NORTH,E4600918,2eea1356e78289f646c92f008043c87625eade794cc3ab578730c4a694e0b823,LINKED,,M,,18-39,,532,
batch_001,encounters_epic_north.csv,956,EPIC_NORTH,E6729035,9bc283ee96c8c76eec86faaefca60b90f4fcfa21785fe76bc25ef5c9d9b3c23d,LINKED,,M,,40-64,,541,
batch_001,encounters_epic_north.csv,957,EPIC_NORTH,E1641480,f83d042a3f20a67ab33eec027d4e5a4731562cd0e552efbe44cab8d269839cf2,LINKED,,F,,40-64,,532,
batch_001,encounters_epic_north.csv,958,EPIC_NORTH,E9888787,4b1c82d0d130620b04e44fc19646d206b6e7d5804290083abd4b701b9a4a6c71,LINKED,,M,,40-64,,520,
batch_001,encounters_epic_north.csv,959,EPIC_NORTH,E1748285,47c49b27f3a861a28e215a3e4f795f546f8a551e7476e7517797ccd0500b1cf4,LINKED,,M,,40-64,,541,
batch_001,encounters_epic_north.csv,960,EPIC_NORTH,E9129037,d901f84a928eae0a25149361a9f77113389ef2d5c28dc52a8b78ccd69def85d7,LINKED,,M,,18-39,,524,
batch_001,encounters_epic_north.csv,961,EPIC_NORTH,E3475815,04364891e476e4ec912883077cd352ab4b3903383f968f15e65ea04b947b71b7,LINKED,,M,,65+,,531,
batch_001,encounters_epic_north.csv,962,EPIC_NORTH,E1799789,2eea1356e78289f646c92f008043c87625eade794cc3ab578730c4a694e0b823,LINKED,,M,,18-39,,532,
batch_001,encounters_epic_north.csv,963,EPIC_NORTH,E8046303,7b1f7bd2e660791c4317cda7e1c571fc905e88476ff138c9f30cf2a330411dc3,LINKED,,F,,65+,,532,
batch_001,encounters_epic_north.csv,964,EPIC_NORTH,E3866173,ebd4d32af40561122385e593369019e73948bdd52a20597a7b40a24601be1d23,LINKED,,F,,65+,,537,
batch_001,encounters_epic_north.csv,965,EPIC_NORTH,E4276885,dd682a3c2228d33123bf15472922c9df4a44eb43ecaf75be50e09a6b09115379,LINKED,,F,,18-39,,541,
batch_001,encounters_epic_north.csv,966,EPIC_NORTH,E7263890,31aba787fac60247818de5cfd970e3510bbeb82b83ce5d01bed1536bfc235d68,LINKED,,M,,40-64,,543,
batch_001,encounters_epic_north.csv,967,EPIC_NORTH,E3048583,fb63c31909cb207589c26f34b58d43dd5728cce75cd279d6110fccecab0f6c71,LINKED,,M,,40-64,,520,
batch_001,encounters_epic_north.csv,968,EPIC_NORTH,E2516948,cf5fc472278d8a653ea6f92151a6fd9d57ae01a47e2df8991239498a6da82e2b,LINKED,,F,,65+,,543,
batch_001,encounters_epic_north.csv,969,EPIC_NORTH,E9279918,50428e056f5b303b0f584f01f9478a9f5377e47227f229ae939778cb8dc86891,LINKED,,M,,UNKNOWN,AGE_BAND_ADMIT_UNAVAILABLE,531,
batch_001,encounters_epic_north.csv,970,EPIC_NORTH,E7186379,0eebbe5a676ba469eca856b63f12b7864b6e630e0e2f15d980ccf3a03bdd1e7b,LINKED,,M,,40-64,,532,
batch_001,encounters_epic_north.csv,971,EPIC_NORTH,E3529572,42e17e1c55b01b32cf5d68a559a46888d17c3e4793e6c75cc9646c42187ffd0f,LINKED,,F,,18-39,,543,
batch_001,encounters_epic_north.csv,972,EPIC_NORTH,E8098473,ce569b5860104cd71f133b23ebce62af52c1820d942b7b81660ac4089b32c925,LINKED,,M,,40-64,,532,
batch_001,encounters_epic_north.csv,973,EPIC_NORTH,E4426799,e52b39d4dec5735d23a20fdbb8710f2ab61b17c67fe0e1b669703961fdba74a0,LINKED,,M,,40-64,,532,
batch_001,encounters_epic_north.csv,974,EPIC_NORTH,E8420126,db3503afeacd33c7003281c14bc647dc972e66dc01d36247bbbbf7e7218c251f,LINKED,,M,,40-64,,520,
batch_001,encounters_epic_north.csv,975,EPIC_NORTH,E6974940,3bb0711f00a0818689e2384fd30ebdd9c5851de1fdbbda417a2b38baa3643544,LINKED,,M,,0-17,,537,
batch_001,encounters_epic_north.csv,976,EPIC_NORTH,E1731840,de1e2a1a3f8091f1f455ec1b54d6a9bc16cddf20f0ce3157dffdb217ff11579a,LINKED,,F,,40-64,,532,
batch_001,encounters_epic_north.csv,977,EPIC_NORTH,E4463664,d7747976dbae590d4f8864ec50a1eeaa5433fa9c628e31d3e20139d9ceb27506,LINKED,,F,,40-64,,531,
batch_001,encounters_epic_north.csv,978,EPIC_NORTH,E3472931,8eeb379ee90e89d00a8cadf3d67eb33a7073c51c60e24b74a83f6568cd67a520,LINKED,,M,,40-64,,541,
batch_001,encounters_epic_north.csv,979,EPIC_NORTH,E5095238,04eae54b845479d39498c9fcdd3ffa2804b303988d8000faffb91c5656bf0d92,LINKED,,F,,40-64,,532,
batch_001,encounters_epic_north.csv,980,EPIC_NORTH,E8234651,a1e1dd9a52d763f3cf740d345b0b6972dd3a296d350199a80274a158a0bc3d47,LINKED,,M,,0-17,,541,
batch_001,encounters_epic_north.csv,981,EPIC_NORTH,E2541210,8654a1b5b5a1a0222f05f032eade4b9e4a6f8b5fa9a69679099cdfa890f1d07b,LINKED,,F,,65+,,537,
batch_001,encounters_epic_north.csv,982,EPIC_NORTH,E4532815,90373733ed0b2bf42cd50cd5802178279cd760fc4caa1c87851571163b949aa7,LINKED,,M,,40-64,,543,
batch_001,encounters_epic_north.csv,983,EPIC_NORTH,E1035123,6f6b849670d22e7a76652dcdf1c75be2816dad3bcd9bf3ba07fb54f6c5143751,LINKED,,F,,0-17,,543,
batch_001,encounters_epic_north.csv,984,EPIC_NORTH,E5974131,53c4461ba7222897ed82fe91b0edf7375a901ed6b0eed8df349c850eda5784a7,LINKED,,F,,18-39,,531,
batch_001,encounters_epic_north.csv,985,EPIC_NORTH,E5230981,b45b03f3a074b3dd6cf8f94c1040bdeceee130b0499eb7fd62a08fbef749c191,LINKED,,F,,0-17,,532,
batch_001,encounters_epic_north.csv,986,EPIC_NORTH,E9934938,483f06416eb921a01656a02123c3cc02482e2d233173d4d13369fb552fdad39a,LINKED,,M,,40-64,,531,
batch_001,encounters_epic_north.csv,987,EPIC_NORTH,E4858644,9bc283ee96c8c76eec86faaefca60b90f4fcfa21785fe76bc25ef5c9d9b3c23d,LINKED,,M,,40-64,,541,
batch_001,encounters_epic_north.csv,988,EPIC_NORTH,E4885588,5fe5164f5ad37dd95fc1ef94dde6b8bf28a9c571bcf48c0797f73ba625899430,LINKED,,F,,40-64,,531,
batch_001,encounters_epic_north.csv,989,EPIC_NORTH,E1221987,bfd1fa374b8aff71041201fd7937a30a58259a25500af659474a80a0e3819bc5,LINKED,,M,,40-64,,537,
batch_001,encounters_epic_north.csv,990,EPIC_NORTH,E5565448,b8ec2662d46975c97d2b25f93e226ab772f84abe7abb14ffdaf8c7b8bb3a416a,LINKED,,M,,40-64,,537,
batch_001,encounters_epic_north.csv,991,EPIC_NORTH,E1021828,94680336df005534b187f27f0bf83e86803f2c452836d204f9494377096455d1,LINKED,,M,,0-17,,532,
batch_001,encounters_epic_north.csv,992,EPIC_NORTH,E6923558,f8d988df1f2683a6c6e1f64b585c6b9178bbf1222c3bacb164807e8f9569be56,LINKED,,M,,65+,,531,
batch_001,encounters_epic_north.csv,993,EPIC_NORTH,E1615698,3b2aed0ef2dd16109e07fe8d2c346466a85f58b1fb3d1bef8fd1cb2716432f8f,LINKED,,M,,65+,,531,
batch_001,encounters_epic_north.csv,994,EPIC_NORTH,E6154902,3165a42d7520404062f945d13a020e37bff2bf6f2f844dadb0cca9399e015936,LINKED,,M,,40-64,,541,
batch_001,encounters_epic_north.csv,995,EPIC_NORTH,E3319700,dbb0495e507cda61581c5ee8c267dcd974674fdabbb4c6a394a4f573c854f4f8,LINKED,,F,,65+,,531,
batch_001,encounters_epic_north.csv,996,EPIC_NORTH,E3386106,30cddb33bb4e32bee0e81c89b92c932bbbe1cddd75c67bf135c8f0b4bf7a23f7,LINKED,,F,,18-39,,531,
batch_001,encounters_epic_north.csv,997,EPIC_NORTH,E6652305,e6317f1d0a5da024bdff704f025b74e1e7c8b2bf73ff365389619b92083839e6,LINKED,,M,,40-64,,537,
batch_001,encounters_epic_north.csv,998,EPIC_NORTH,E2597662,87e5964bcb3d3bf0bb78962d932134aa3a16c67a7c444144a7161bb57845b598,LINKED,,M,,40-64,,524,
batch_001,encounters_epic_north.csv,999,EPIC_NORTH,E3145629,dfb27b08edc8eb275190740407a295c3786d5cf221504c422e6143683bbc5fd9,LINKED,,F,,18-39,,531,
batch_001,encounters_epic_north.csv,1000,EPIC_NORTH,E2546395,7d4b8210f537977ab06f2364ff5b0d84c2f53a2b703bdabef2d9b24397f20d50,LINKED,,M,,40-64,,532,
batch_001,encounters_epic_north.csv,1001,EPIC_NORTH,E3547542,438f3bce4eb6e5c422bbd27edb44235e9259375aa05207d1f1f5eaad72fda065,LINKED,,F,,40-64,,541,
batch_001,encounters_epic_north.csv,1002,EPIC_NORTH,E6482759,44db6ec93bbfabc6e97ebcdb2aa03674714d029499cc436403843dd195a7cbb4,LINKED,,M,,40-64,,543,
batch_001,encounters_epic_north.csv,1003,EPIC_NORTH,E9995734,469c16633203dc0e3973786506ea1a3fe4b879617dcf6555446f735d2af8b9df,LINKED,,M,,40-64,,537,
batch_001,encounters_epic_north.csv,1004,EPIC_NORTH,E1332775,ae7e75d3a7f6adec7854feb27de9a29ce3f6ad8417a20bd7b7ca5fa5fb064dd2,LINKED,,M,,0-17,,537,
batch_001,encounters_epic_north.csv,1005,EPIC_NORTH,E1953927,9693d1986e504e97255f036a9e18319a58ccfb686b6ecfced23c7d779365ef93,LINKED,,M,,65+,,531,
batch_001,encounters_epic_north.csv,1006,EPIC_NORTH,E2109143,d4d3b5d684a38c5bbe7452187abdbf0327df4073063737a159352c4adb14afe1,LINKED,,M,,65+,,531,
batch_001,encounters_epic_north.csv,1007,EPIC_NORTH,E1357389,db64bd54d41359cf45f6114f22c0ffd2493ff8d11cccb65eb131254042118fd7,LINKED,,M,,40-64,,541,
batch_001,encounters_epic_north.csv,1008,EPIC_NORTH,E6108066,2eea1356e78289f646c92f008043c87625eade794cc3ab578730c4a694e0b823,LINKED,,M,,18-39,,532,
batch_001,encounters_epic_north.csv,1009,EPIC_NORTH,E9641111,30cddb33bb4e32bee0e81c89b92c932bbbe1cddd75c67bf135c8f0b4bf7a23f7,LINKED,,F,,18-39,,531,
batch_001,encounters_epic_north.csv,1010,EPIC_NORTH,E3790803,30350d51f4ebb324bdf6ed7331012797a3356618266c5584f972c0a42f12bb8d,LINKED,,M,,18-39,,532,
batch_001,encounters_epic_north.csv,1011,EPIC_NORTH,E6487009,b0d2cb0efbc3fd700ade65a07807cfc83f45061f9d59075d4fbaebdefa424899,LINKED,,F,,40-64,,541,
batch_001,encounters_epic_north.csv,1012,EPIC_NORTH,E1704593,30350d51f4ebb324bdf6ed7331012797a3356618266c5584f972c0a42f12bb8d,LINKED,,M,,18-39,,532,
batch_001,encounters_epic_north.csv,1013,EPIC_NORTH,E9614736,9a88745c488a77b562312c8ba689d73d3e640dc404b102a644a691cb9655e2d6,LINKED,,F,,40-64,,531,
batch_001,encounters_epic_north.csv,1014,EPIC_NORTH,E2648133,8119b92be7f959699cf47c1d13b2bc58e015d8d38ca8f2d8ab008753566d9ddd,LINKED,,F,,0-17,,537,
batch_001,encounters_epic_north.csv,1015,EPIC_NORTH,E5725508,ed8b94b4923132f6e4b0fa4af6c1e4f8d0e5c677114cbba5ee9845b601e8d6c8,LINKED,,F,,40-64,,537,
batch_001,encounters_epic_north.csv,1016,EPIC_NORTH,E2454407,d52b1de7e0792880412524f821a38d0851fdb5b140ac2c9c41a762025a69cd3a,LINKED,,M,,65+,,537,
batch_001,encounters_epic_north.csv,1017,EPIC_NORTH,E2809683,37f7f919ed9b2a276b265da3305c0ca67079c56d3ddd564b112d09dc8cc39da7,LINKED,,F,,0-17,,532,
batch_001,encounters_epic_north.csv,1018,EPIC_NORTH,E8800160,80158a2c56a1a76ffb945ce101c70ff29b5eacaf1cd05295b99d66c53015de69,LINKED,,F,,40-64,,541,
batch_001,encounters_epic_north.csv,1019,EPIC_NORTH,E1794959,9b589a9b180bfb4257abd0ed75a86d50f7f4aee07498ec967460fbde7ec72d33,LINKED,,M,,40-64,,543,
batch_001,encounters_epic_north.csv,1020,EPIC_NORTH,E3561512,2d20d7a4801f56756fe6d99cb9c39c94b67b8ed3b69d27fa8f57c35c8687d58e,UNLINKED,PATIENT_UNLINKED_NO_DOB,F,,UNKNOWN,AGE_BAND_DOB_UNAVAILABLE,541,
batch_001,encounters_epic_north.csv,1021,EPIC_NORTH,E1239708,2d20d7a4801f56756fe6d99cb9c39c94b67b8ed3b69d27fa8f57c35c8687d58e,UNLINKED,PATIENT_UNLINKED_NO_DOB,F,,UNKNOWN,AGE_BAND_DOB_UNAVAILABLE,541,
batch_001,encounters_epic_north.csv,1022,EPIC_NORTH,E7459237,148f056c0a3a22941d49410605537216177395333a47132678fd98d8d41d60b6,LINKED,,M,,18-39,,532,
batch_001,encounters_epic_north.csv,1023,EPIC_NORTH,E5528842,738377045e400f14a5a552b93244c34b603392dfa3890a08f08fc5a4892b89e1,LINKED,,M,,65+,,532,
batch_001,encounters_epic_north.csv,1024,EPIC_NORTH,E5510006,de9012fcf9e23cffe58ee300cf009889c2a403c4b36fa437351152e51c211e49,LINKED,,M,,40-64,,531,
batch_001,encounters_epic_north.csv,1025,EPIC_NORTH,E5287058,b5ec2ada86674cfd8f6505f3516d491d7ead091de49f9f887e6ecd13331f354c,LINKED,,F,,40-64,,543,
batch_001,encounters_epic_north.csv,1026,EPIC_NORTH,E6325068,3d883fbffdf10234ebdafef3b5b09769ebefe32bde1d318bd070132e7bdeef7b,LINKED,,M,,40-64,,543,
batch_001,encounters_epic_north.csv,1027,EPIC_NORTH,E8635156,b7ce90c36ca7af915df9ebef36cf2aec84dbec4dee743bf492541793fd205310,LINKED,,M,,40-64,,537,
batch_001,encounters_epic_north.csv,1028,EPIC_NORTH,E4580367,32a345bb3d9f84578453861c295fd624efc712257d7208dffe139d7a73cf2787,LINKED,,M,,40-64,,541,
batch_001,encounters_epic_north.csv,1029,EPIC_NORTH,E3892865,5486170f58053522005445b2094d0d4f9222aba7d1e23a8b1818c1be70317131,LINKED,,M,,40-64,,531,
batch_001,encounters_epic_north.csv,1030,EPIC_NORTH,E8986607,f814dcc3e4e8ce741fa7da439b21f6a88967a527778d8d6764dead423333dec9,LINKED,,M,,65+,,541,
batch_001,encounters_epic_north.csv,1031,EPIC_NORTH,E7230616,21b66ff05fad2bb24f9fdbf7729e550e2df61a566f3b534dd0e0e767dad3cdc4,LINKED,,M,,40-64,,531,
batch_001,encounters_epic_north.csv,1032,EPIC_NORTH,E1252379,a9d201e8c82c33aaa972e9ebe17546e8fdc89f14ebab1a9c6dbc087b18ac7696,LINKED,,F,,65+,,537,
batch_001,encounters_epic_north.csv,1033,EPIC_NORTH,E3822198,2fa9feb07c752cb50504e1aea9987c31d3b3d9bba66a9d580224bdf15fbdcca6,LINKED,,M,,40-64,,541,
batch_001,encounters_epic_north.csv,1034,EPIC_NORTH,E3999273,94e26e72bafe0550f6b46ee6746237cee38b9abe20b0d52f00c1803a2ba5854f,LINKED,,M,,18-39,,541,
batch_001,encounters_epic_north.csv,1035,EPIC_NORTH,E5657322,456bf7c1b2e9ed4b049dec352783f9254d89dcf6475a62acf1c6e598ce6b532a,LINKED,,F,,65+,,532,
batch_001,encounters_epic_north.csv,1036,EPIC_NORTH,E1384373,7fab81bf2fc51810b2ed2f5fa0eebfa458f54dacc2c35377af5c3167f492f841,LINKED,,M,,18-39,,532,
batch_001,encounters_epic_north.csv,1037,EPIC_NORTH,E3025133,2d20d7a4801f56756fe6d99cb9c39c94b67b8ed3b69d27fa8f57c35c8687d58e,UNLINKED,PATIENT_UNLINKED_NO_DOB,F,,UNKNOWN,AGE_BAND_DOB_UNAVAILABLE,541,
batch_001,encounters_epic_north.csv,1038,EPIC_NORTH,E1855416,3c1609d2404df9e633be9faccacc215b1bd76f12afbc23a9d7d27a3cd1f39e94,LINKED,,M,,40-64,,532,
batch_001,encounters_epic_north.csv,1039,EPIC_NORTH,E9457554,f86690d8992be0a5024bbd7d2a95e6a60a19b452279c9929c56ee5a350181910,LINKED,,F,,65+,,520,
batch_001,encounters_epic_north.csv,1040,EPIC_NORTH,E6509893,2e9bf27e182836698f04dcdba38336d83babf2fa0a72bc270a7d62f684c384d6,LINKED,,M,,40-64,,532,
batch_001,encounters_epic_north.csv,1041,EPIC_NORTH,E7976301,83f5c1a73176b6c0fee1a9a63e33e8a8c8718bd0fbf6f98d8e28a47deac8abdb,LINKED,,M,,0-17,,537,
batch_001,encounters_epic_north.csv,1042,EPIC_NORTH,E4675424,0e63056066bf850f7d8e188ea22aa28a3767c8b4ca46046e08068e7cf0b03837,LINKED,,F,,40-64,,531,
batch_001,encounters_epic_north.csv,1043,EPIC_NORTH,E1136557,b8ec2662d46975c97d2b25f93e226ab772f84abe7abb14ffdaf8c7b8bb3a416a,LINKED,,M,,40-64,,537,
batch_001,encounters_epic_north.csv,1044,EPIC_NORTH,E7010877,9d143cccc1cc4f1c3d70b00f865a68fbfe5981f01df16fc529091d08f4f5e3c9,LINKED,,M,,40-64,,531,
batch_001,encounters_epic_north.csv,1045,EPIC_NORTH,E3855517,3bb0711f00a0818689e2384fd30ebdd9c5851de1fdbbda417a2b38baa3643544,LINKED,,M,,0-17,,537,
batch_001,encounters_epic_north.csv,1046,EPIC_NORTH,E8727880,b5ec2ada86674cfd8f6505f3516d491d7ead091de49f9f887e6ecd13331f354c,LINKED,,F,,40-64,,543,
batch_001,encounters_epic_north.csv,1047,EPIC_NORTH,E3343550,71c95a3b76de8739dd59691d1e7d15afceadf7f67f9eb57e6fe9a88e94e42923,LINKED,,M,,40-64,,537,
batch_001,encounters_epic_north.csv,1048,EPIC_NORTH,E3819470,71231416b5f175f23b43ad39d2840999d891421d2e04bf14e99dedbc1bbdc29b,LINKED,,F,,65+,,543,
batch_001,encounters_epic_north.csv,1049,EPIC_NORTH,E2763885,2fa9feb07c752cb50504e1aea9987c31d3b3d9bba66a9d580224bdf15fbdcca6,LINKED,,M,,40-64,,541,
batch_001,encounters_epic_north.csv,1050,EPIC_NORTH,E5052747,53c4461ba7222897ed82fe91b0edf7375a901ed6b0eed8df349c850eda5784a7,LINKED,,F,,18-39,,531,
batch_001,encounters_epic_north.csv,1051,EPIC_NORTH,E9738122,5d8806d882c961df870145c68b428ba613e97ac5477142ecc698c3bdec6af325,LINKED,,F,,65+,,524,
batch_001,encounters_epic_north.csv,1052,EPIC_NORTH,E9209670,72dbca5990a7d7ce32eb81d3f15596ffc57f7b23c7d12f9bad49392d1034effd,LINKED,,F,,40-64,,532,
batch_001,encounters_epic_north.csv,1053,EPIC_NORTH,E7745173,7cc33c0e43829b06cff6c6d8d4adef1f7f51fc0aeb42299898a1d14486d6ead1,LINKED,,M,,40-64,,532,
batch_001,encounters_epic_north.csv,1054,EPIC_NORTH,E2832331,28895bd8f2a30c7930d391fdc80fa85256a6efa83fef4429f78de916e21b2452,LINKED,,M,,65+,,541,
batch_001,encounters_epic_north.csv,1055,EPIC_NORTH,E6139485,aba729e1e0024e42970e2555b4485ce0d0ad8211d98c089e35c3ff7ab035b3d4,LINKED,,M,,18-39,,543,
batch_001,encounters_epic_north.csv,1056,EPIC_NORTH,E3198414,3f614ce4d6edb585db6c3a486cd66aeefff13b446da7249a9588e3b8c02703e6,LINKED,,F,,65+,,543,
batch_001,encounters_epic_north.csv,1057,EPIC_NORTH,E9541509,c9cf057abc289ae1b426d918c6fb8d13b2aa03774c678be797d7348a69ad180f,LINKED,,F,,65+,,543,
batch_001,encounters_epic_north.csv,1058,EPIC_NORTH,E2893427,b4ec76e1d99119759313e88f3bbf05685e4426ed8f28955ce24e125b094a73b3,LINKED,,M,,18-39,,541,
batch_001,encounters_epic_north.csv,1059,EPIC_NORTH,E4160354,659acc43b742f0f34340e882257ca5fba4565eb4bc1649e2116069ff3e97831a,LINKED,,F,,18-39,,543,
batch_001,encounters_epic_north.csv,1060,EPIC_NORTH,E6009266,7b1f7bd2e660791c4317cda7e1c571fc905e88476ff138c9f30cf2a330411dc3,LINKED,,F,,65+,,532,
batch_001,encounters_epic_north.csv,1061,EPIC_NORTH,E8065023,ecd8c226fbf01ae9d8bbb17f0da405f65e890aefff29f077ad013a2a8438e0b7,LINKED,,M,,65+,,531,
batch_001,encounters_epic_north.csv,1062,EPIC_NORTH,E7167943,c9b008e81e0a55242d5ed712bd591b3824c2c5fd2c71821ecae6882aae1c57bc,LINKED,,F,,0-17,,537,
batch_001,encounters_epic_north.csv,1063,EPIC_NORTH,E9592113,30cddb33bb4e32bee0e81c89b92c932bbbe1cddd75c67bf135c8f0b4bf7a23f7,LINKED,,F,,18-39,,531,
batch_001,encounters_epic_north.csv,1064,EPIC_NORTH,E9985367,438f3bce4eb6e5c422bbd27edb44235e9259375aa05207d1f1f5eaad72fda065,LINKED,,F,,40-64,,541,
batch_001,encounters_epic_north.csv,1065,EPIC_NORTH,E6353880,94ff0285343f317c535add8ff191700e44bb9a82bc3a92e6606426b2527636ec,LINKED,,F,,0-17,,531,
batch_001,encounters_epic_north.csv,1066,EPIC_NORTH,E1321887,f38e1ceb558e859831c369e50b2a548de9b7c49b15ee40618863db4a82568a8a,LINKED,,M,,65+,,543,
batch_001,encounters_epic_north.csv,1067,EPIC_NORTH,E4226471,3165a42d7520404062f945d13a020e37bff2bf6f2f844dadb0cca9399e015936,LINKED,,M,,40-64,,541,
batch_001,encounters_epic_north.csv,1068,EPIC_NORTH,E7286947,04896ee3429176acb6dd3ec578593718847094962c7abfbb179189fe0d0228a2,LINKED,,M,,40-64,,541,
batch_001,encounters_epic_north.csv,1069,EPIC_NORTH,E5573554,dfb27b08edc8eb275190740407a295c3786d5cf221504c422e6143683bbc5fd9,LINKED,,F,,18-39,,531,
batch_001,encounters_epic_north.csv,1070,EPIC_NORTH,E2427695,9bc283ee96c8c76eec86faaefca60b90f4fcfa21785fe76bc25ef5c9d9b3c23d,LINKED,,M,,40-64,,541,
batch_001,encounters_epic_north.csv,1071,EPIC_NORTH,E2507285,cb746b04f2f4c31d37d6d76f6e9436c06e42a610b4f7f9d3966ca2a3dea0cb0f,LINKED,,F,,40-64,,531,
batch_001,encounters_epic_north.csv,1072,EPIC_NORTH,E4533717,813b3419df502081d272c15ab83a0c44edc991f340d5a0fd477971b551274c5e,LINKED,,M,,40-64,,541,
batch_001,encounters_epic_north.csv,1073,EPIC_NORTH,E5799969,9c664b5bcef9ad2b8196429d540fc4e28acd5d466ded1c37b51d1e1f3983336f,LINKED,,F,,18-39,,537,
batch_001,encounters_epic_north.csv,1074,EPIC_NORTH,E8123035,230fbc1b77af562ceec3f3c3b8bf506adae1357be817fae1efaecf7e417adccf,LINKED,,M,,40-64,,531,
batch_001,encounters_epic_north.csv,1075,EPIC_NORTH,E5311117,be5a267e2634745e6453ba04fa15bdf47cb3ddee720581bf9b56c063eb4b1527,LINKED,,F,,65+,,541,
batch_001,encounters_epic_north.csv,1076,EPIC_NORTH,E2524954,d4d3b5d684a38c5bbe7452187abdbf0327df4073063737a159352c4adb14afe1,LINKED,,M,,65+,,531,
batch_001,encounters_epic_north.csv,1077,EPIC_NORTH,E6711177,edc1f365e856e6127a1da7661f6496998857b53c96fb96c703c3ca7cb40fa840,LINKED,,M,,0-17,,541,
batch_001,encounters_epic_north.csv,1078,EPIC_NORTH,E5637307,d78f73074071a54e4153d1b916eeee0174cdb31a0866f96c0e4a1c7f98e263dd,LINKED,,M,,0-17,,541,
batch_001,encounters_epic_north.csv,1079,EPIC_NORTH,E7706623,a0256808192c25de35cc8267db501fefb8314c3edb35be3598cefa0ffd7c82b5,LINKED,,M,,40-64,,537,
batch_001,encounters_epic_north.csv,1080,EPIC_NORTH,E5722023,68e5dc34a1e9db80e02c2acaf31e8db2b9c1f30f766c6641e973dcc63efdc76f,LINKED,,F,,18-39,,537,
batch_001,encounters_epic_north.csv,1081,EPIC_NORTH,E7824966,5382e5494801fafe4725dd6440511dfbbb1f8b2492e0cb40b5eb286443e2268e,LINKED,,F,,40-64,,532,
batch_001,encounters_epic_north.csv,1082,EPIC_NORTH,E1359708,dc5abe9414c3f76925d8323742bf57522478adbb15f5ed4f00929f37ee6d3928,LINKED,,F,,40-64,,537,
batch_001,encounters_epic_north.csv,1083,EPIC_NORTH,E1836474,2eca19066dc5e73ae8462bd4aaa95f938d599d793022d2343be1afcc636dc9c0,LINKED,,F,,65+,,537,
batch_001,encounters_epic_north.csv,1084,EPIC_NORTH,E9585619,bdfbcfdd81de4959d42661f0a2e782e2bb390cc070192cfdf864e76e557c1c1b,LINKED,,M,,0-17,,531,
batch_001,encounters_epic_north.csv,1085,EPIC_NORTH,E9953345,e52b39d4dec5735d23a20fdbb8710f2ab61b17c67fe0e1b669703961fdba74a0,LINKED,,M,,40-64,,532,
batch_001,encounters_epic_north.csv,1086,EPIC_NORTH,E7746726,80158a2c56a1a76ffb945ce101c70ff29b5eacaf1cd05295b99d66c53015de69,LINKED,,F,,40-64,,541,
batch_001,encounters_epic_north.csv,1087,EPIC_NORTH,E2139709,8f11fdb20a4839302341be96d687bb9ea2bf37a4de11eeee544cc6fede5b7e12,LINKED,,F,,40-64,,532,
batch_001,encounters_epic_north.csv,1088,EPIC_NORTH,E8512475,815c6338a13bf3590195fd3382dbcaedf3c5361887fe60efe77d13c8aee7fddb,LINKED,,F,,40-64,,543,
batch_001,encounters_epic_north.csv,1089,EPIC_NORTH,E8476105,61102afa32e383542c68573489141676b44dee554cb90079cc9974edbce39f76,LINKED,,M,,40-64,,531,
batch_001,encounters_epic_north.csv,1090,EPIC_NORTH,E5663930,800432d0d4752056e2f49bfa1816e231f853488582715d57e533bfc043b7bd49,LINKED,,F,,65+,,531,
batch_001,encounters_epic_north.csv,1091,EPIC_NORTH,E6792631,a34128f3c476600aab2a1b6680d2285b9cadc4d9bd145ee8d92f18df0da4e046,LINKED,,M,,0-17,,532,
batch_001,encounters_epic_north.csv,1092,EPIC_NORTH,E2844765,fd00f630227d705879670e8edffa1b29cb37dda60e08c3b4af6d653e8809757a,LINKED,,M,,0-17,,541,
batch_001,encounters_epic_north.csv,1093,EPIC_NORTH,E2971419,c9b008e81e0a55242d5ed712bd591b3824c2c5fd2c71821ecae6882aae1c57bc,LINKED,,F,,0-17,,537,
batch_001,encounters_epic_north.csv,1094,EPIC_NORTH,E2498195,f8a15f4fdb7c060e84e6831f90cadd9e6f3b0550a7ea9fcfaeece5322ba632ea,LINKED,,M,,0-17,,537,
batch_001,encounters_epic_north.csv,1095,EPIC_NORTH,E2015854,e69df4f6a6cd96d4787f2b2dd1c9dc4785f5bbabf2784512f6c75912b0cffc1f,LINKED,,F,,18-39,,541,
batch_001,encounters_epic_north.csv,1096,EPIC_NORTH,E4993425,f492d538bf6a54ef0b698a47506c3888e42f81fcded2af04573a8a867f010f61,LINKED,,F,,40-64,,537,
batch_001,encounters_epic_north.csv,1097,EPIC_NORTH,E3140819,0eebbe5a676ba469eca856b63f12b7864b6e630e0e2f15d980ccf3a03bdd1e7b,LINKED,,M,,40-64,,532,
batch_001,encounters_epic_north.csv,1098,EPIC_NORTH,E4423063,d769b914a48be6700dd87466837ffb3dc8165fdc4533df41d2693e516938d158,LINKED,,F,,UNKNOWN,AGE_BAND_ADMIT_UNAVAILABLE,537,
batch_001,encounters_epic_north.csv,1099,EPIC_NORTH,E5402486,e0780a9821ba382c1001741cbd275f8258291e2f24dbe2cb37deeb8257a5b7fe,LINKED,,F,,40-64,,532,
batch_001,encounters_epic_north.csv,1100,EPIC_NORTH,E6758898,3f614ce4d6edb585db6c3a486cd66aeefff13b446da7249a9588e3b8c02703e6,LINKED,,F,,65+,,543,
batch_001,encounters_epic_north.csv,1101,EPIC_NORTH,E9070953,09c23ae6972fd0376593c27b8c26f1d04ec891a6cf373b3909ca264d6372dc62,LINKED,,F,,0-17,,543,
batch_001,encounters_epic_north.csv,1102,EPIC_NORTH,E3865284,d8891a58982499f1e92ce525be412f6227c43d3d9eda71d579dc9dac7c84078d,LINKED,,M,,40-64,,524,
batch_001,encounters_epic_north.csv,1103,EPIC_NORTH,E4796654,572ddb7e887bbda96150658616c86e5320020cf0e57772cc27521c6005db791f,LINKED,,F,,65+,,532,
batch_001,encounters_epic_north.csv,1104,EPIC_NORTH,E5474318,5486170f58053522005445b2094d0d4f9222aba7d1e23a8b1818c1be70317131,LINKED,,M,,40-64,,531,
batch_001,encounters_epic_north.csv,1105,EPIC_NORTH,E4232605,d4b625a9732393a95e86664a5a7b2f35dfc66078045a4b731a8647b8ebbdacd4,LINKED,,M,,0-17,,532,
batch_001,encounters_epic_north.csv,1106,EPIC_NORTH,E3028232,ba4ffe8c621f5215c7b8e544df0d1740deccc6054e362a6daeb1acb3d9fc905f,LINKED,,M,,18-39,,537,
batch_001,encounters_epic_north.csv,1107,EPIC_NORTH,E2225232,648c1977d75c7c6edd7299edede4eb41b9c39ec6ceba6abc6f36414223ab8b04,LINKED,,F,,40-64,,524,
batch_001,encounters_epic_north.csv,1108,EPIC_NORTH,E1689751,ba010830c295621b27120018976afc4b2179e7e99cc67ff98f6a5f46546a8846,LINKED,,F,,40-64,,537,
batch_001,encounters_epic_north.csv,1109,EPIC_NORTH,E6761770,3b2aed0ef2dd16109e07fe8d2c346466a85f58b1fb3d1bef8fd1cb2716432f8f,LINKED,,M,,65+,,531,
batch_001,encounters_epic_north.csv,1110,EPIC_NORTH,E7028718,b41393795511818cebc5d881a5d130c41d04a3817acd298a5f00c13cab3a974f,LINKED,,M,,65+,,531,
batch_001,encounters_epic_north.csv,1111,EPIC_NORTH,E6962762,f8d988df1f2683a6c6e1f64b585c6b9178bbf1222c3bacb164807e8f9569be56,LINKED,,M,,65+,,531,
batch_001,encounters_epic_north.csv,1112,EPIC_NORTH,E2506547,42e17e1c55b01b32cf5d68a559a46888d17c3e4793e6c75cc9646c42187ffd0f,LINKED,,F,,18-39,,543,
batch_001,encounters_epic_north.csv,1113,EPIC_NORTH,E6461649,2ebd788be7dfc3f9fe037affa31b3965d06cae0be1e1a6da33f519627ec85ba7,LINKED,,F,,65+,,537,
batch_001,encounters_epic_north.csv,1114,EPIC_NORTH,E4598157,3ae1d0b6cc9591eda30e64dbf64473f4e11890d11443b7e459a6d494e3ee7e36,LINKED,,F,,40-64,,532,
batch_001,encounters_epic_north.csv,1115,EPIC_NORTH,E7736315,f38e1ceb558e859831c369e50b2a548de9b7c49b15ee40618863db4a82568a8a,LINKED,,M,,65+,,543,
batch_001,encounters_epic_north.csv,1116,EPIC_NORTH,E5205423,a18a4680404dbede215c6b7e5b98be7553a99f8a64adc73c619a80c00f2470f5,LINKED,,F,,0-17,,531,
batch_001,encounters_epic_north.csv,1117,EPIC_NORTH,E5004023,94968b079abd7ed530e653ff63999ba5aa59e50436be73bf8433c8657f88a1f4,LINKED,,F,,65+,,532,
batch_001,encounters_epic_north.csv,1118,EPIC_NORTH,E9711915,e0d1a66ce5ff46b9e3c77932de49fb8fa8d7ac6c7ca9fbf801c40f3b13e0082f,LINKED,,M,,40-64,,531,
batch_001,encounters_epic_north.csv,1119,EPIC_NORTH,E5974467,adbdd251d0276ec26d4251c45251919363b448bc9a5abd6d524d86a3fad91081,LINKED,,F,,40-64,,537,
batch_001,encounters_epic_north.csv,1120,EPIC_NORTH,E6035201,80158a2c56a1a76ffb945ce101c70ff29b5eacaf1cd05295b99d66c53015de69,LINKED,,F,,40-64,,541,
batch_001,encounters_epic_north.csv,1121,EPIC_NORTH,E1080316,d8ac1909f93ac77c6f18e0d172bbe6def2611d1283c791b2656cd6a26096fddf,LINKED,,F,,65+,,531,
batch_001,encounters_epic_north.csv,1122,EPIC_NORTH,E2902966,8f11fdb20a4839302341be96d687bb9ea2bf37a4de11eeee544cc6fede5b7e12,LINKED,,F,,40-64,,532,
batch_001,encounters_epic_north.csv,1123,EPIC_NORTH,E7626357,3b7b739c2fbd1fcb4516b0d58b06344cfdbc3a1934f714a429c1e9bc73915257,LINKED,,F,,65+,,532,
batch_001,encounters_epic_north.csv,1124,EPIC_NORTH,E2722610,46231891c47573b4fc107a2b652a76e9d080e9b920554f828ca58407a43d8b2a,LINKED,,M,,18-39,,543,
batch_001,encounters_epic_north.csv,1125,EPIC_NORTH,E9408214,a55a1aa204b425edb32d43c13944088b229e6ff1995f90d42c061c0a602312ae,LINKED,,F,,40-64,,537,
batch_001,encounters_epic_north.csv,1126,EPIC_NORTH,E6005217,2c38c0dbfa8f129e846d8f6b5e0045baf6bd830648fa6f9add5e7aacb80226b8,LINKED,,M,,65+,,543,
batch_001,encounters_epic_north.csv,1127,EPIC_NORTH,E1687248,b25e123a9833ada527568c914dc9f7cdf8348a8170d518508da138274c176404,LINKED,,M,,0-17,,537,
batch_001,encounters_epic_north.csv,1128,EPIC_NORTH,E5496551,94968b079abd7ed530e653ff63999ba5aa59e50436be73bf8433c8657f88a1f4,LINKED,,F,,65+,,532,
batch_001,encounters_epic_north.csv,1129,EPIC_NORTH,E8129864,e0d1a66ce5ff46b9e3c77932de49fb8fa8d7ac6c7ca9fbf801c40f3b13e0082f,LINKED,,M,,40-64,,531,
batch_001,encounters_epic_north.csv,1130,EPIC_NORTH,E3180038,2c38c0dbfa8f129e846d8f6b5e0045baf6bd830648fa6f9add5e7aacb80226b8,LINKED,,M,,65+,,543,
batch_001,encounters_epic_north.csv,1131,EPIC_NORTH,E9145136,3d35dc63252f4bf470d6eb939d6447cba9edb48175991fa5fb7b1d2c271a6320,LINKED,,F,,0-17,,541,
batch_001,encounters_epic_north.csv,1132,EPIC_NORTH,E8992946,53c4461ba7222897ed82fe91b0edf7375a901ed6b0eed8df349c850eda5784a7,LINKED,,F,,18-39,,531,
batch_001,encounters_epic_north.csv,1133,EPIC_NORTH,E5369746,c43d5c79bb78d82de892adeac9b8d0a06b1b76236ea2ce2f7451fa4eb96e6ae0,LINKED,,F,,65+,,541,
batch_001,encounters_epic_north.csv,1134,EPIC_NORTH,E3721405,ee228bb47517ad15f72ed2acdcffd1cfd3d2c3de01f2a219613be9f81d038880,LINKED,,M,,18-39,,537,
batch_001,encounters_epic_north.csv,1135,EPIC_NORTH,E1712160,570798d3c4121f6f62f5a1511be16e8ceb673e5d5fca8c3c8057e9b8ceaf9bc4,LINKED,,M,,40-64,,531,
batch_001,encounters_epic_north.csv,1136,EPIC_NORTH,E1328262,b17c81858447170620f306540864aa820abde444c50e39b951bc8d386d795ce0,LINKED,,M,,0-17,,532,
batch_001,encounters_epic_north.csv,1137,EPIC_NORTH,E8121008,8914f5856698eb0ea83ebd4a5d6065b45b1bd41660a36588c7cc72ec53c20468,LINKED,,F,,65+,,541,
batch_001,encounters_epic_north.csv,1138,EPIC_NORTH,E4782581,9332a4f11fc48c6a14f2b50c11e4d42b387c5c220e2b401432ea26b3e05cd0bd,LINKED,,M,,18-39,,537,
batch_001,encounters_epic_north.csv,1139,EPIC_NORTH,E4923359,8ce51f1a6dfa4e42a50a694268e017575b539eeb471735f9d072746a2be8c018,LINKED,,M,,65+,,541,
batch_001,encounters_epic_north.csv,1140,EPIC_NORTH,E9515888,2eea1356e78289f646c92f008043c87625eade794cc3ab578730c4a694e0b823,LINKED,,M,,18-39,,532,
batch_001,encounters_epic_north.csv,1141,EPIC_NORTH,E6280176,570798d3c4121f6f62f5a1511be16e8ceb673e5d5fca8c3c8057e9b8ceaf9bc4,LINKED,,M,,40-64,,531,
batch_001,encounters_epic_north.csv,1142,EPIC_NORTH,E8616228,47c49b27f3a861a28e215a3e4f795f546f8a551e7476e7517797ccd0500b1cf4,LINKED,,M,,40-64,,541,
batch_001,encounters_epic_north.csv,1143,EPIC_NORTH,E2467894,ab3d96512590ffef63ae24ede5a69208f055357125ab274e6b3b1b12e85ebc7b,LINKED,,M,,65+,,543,
batch_001,encounters_epic_north.csv,1144,EPIC_NORTH,E8447299,f8d988df1f2683a6c6e1f64b585c6b9178bbf1222c3bacb164807e8f9569be56,LINKED,,M,,65+,,531,
batch_001,encounters_epic_north.csv,1145,EPIC_NORTH,E7127859,4abd2a1394e43cd857407bbbd71f5e9ff42266fa4c097dae2c2df0c189256760,LINKED,,F,,65+,,532,
batch_001,encounters_epic_north.csv,1146,EPIC_NORTH,E3754203,874c105288fd327ecace323079259e4abd7b86a963bc54189cb7c6cce1cd3b82,LINKED,,F,,0-17,,543,
batch_001,encounters_epic_north.csv,1147,EPIC_NORTH,E3531671,31375476920765617e3d2819aa1f7062f8f1089686927e3a522163c9977604b3,LINKED,,M,,40-64,,537,
batch_001,encounters_epic_north.csv,1148,EPIC_NORTH,E7066620,06bf7a1d03ddebabb1547089018afcf769861c2a1c07eb4c3234771be410b89b,LINKED,,F,,40-64,,524,
batch_001,encounters_epic_north.csv,1149,EPIC_NORTH,E5615911,04364891e476e4ec912883077cd352ab4b3903383f968f15e65ea04b947b71b7,LINKED,,M,,65+,,531,
batch_001,encounters_epic_north.csv,1150,EPIC_NORTH,E5359844,f814dcc3e4e8ce741fa7da439b21f6a88967a527778d8d6764dead423333dec9,LINKED,,M,,65+,,541,
batch_001,encounters_epic_north.csv,1151,EPIC_NORTH,E2294730,d08961e848045c46e7f7d06762dcff6d73baf7a61c09deeb6afdd5a35fcd152d,LINKED,,M,,40-64,,532,
batch_001,encounters_epic_north.csv,1152,EPIC_NORTH,E8128329,f3e88a71f34c0742164f6e211e1748a09c00d2724029d3f12bfd2af43ccde044,LINKED,,M,,40-64,,537,
batch_001,encounters_epic_north.csv,1153,EPIC_NORTH,E1145731,fb3c0b721a288fd722dd7b738b57f9dd02b5cb3a258db406d3060d278788ad47,LINKED,,M,,0-17,,543,
batch_001,encounters_epic_north.csv,1154,EPIC_NORTH,E9597020,9d143cccc1cc4f1c3d70b00f865a68fbfe5981f01df16fc529091d08f4f5e3c9,LINKED,,M,,40-64,,531,
batch_001,encounters_epic_north.csv,1155,EPIC_NORTH,E2800814,e52db20e869c2aba3b6b5f4e780bba2bd7624541e0d87ce30256e35ab99602ec,LINKED,,M,,40-64,,541,
batch_001,encounters_epic_north.csv,1156,EPIC_NORTH,E4101067,c9cf057abc289ae1b426d918c6fb8d13b2aa03774c678be797d7348a69ad180f,LINKED,,F,,65+,,543,
batch_001,encounters_epic_north.csv,1157,EPIC_NORTH,E7537020,c26dee8bc813ec8e3ccd63fd35e242705ff87d56d5dfccc9d23a94af666293c0,LINKED,,F,,65+,,532,
batch_001,encounters_epic_north.csv,1158,EPIC_NORTH,E4751500,21439a374e64e85119012e15501447dc88cc142252a90771d62d5c27ae2c51d1,LINKED,,M,,0-17,,532,
batch_001,encounters_epic_north.csv,1159,EPIC_NORTH,E2560358,230fbc1b77af562ceec3f3c3b8bf506adae1357be817fae1efaecf7e417adccf,LINKED,,M,,40-64,,531,
batch_001,encounters_epic_north.csv,1160,EPIC_NORTH,E6794694,4abd2a1394e43cd857407bbbd71f5e9ff42266fa4c097dae2c2df0c189256760,LINKED,,F,,65+,,532,
batch_001,encounters_epic_north.csv,1161,EPIC_NORTH,E1025018,e0de0a104b1cf528cf4be9edb4c0b8bf95847c91daa5fa75f41b8ebdfc27208d,LINKED,,F,,65+,,541,
batch_001,encounters_epic_north.csv,1162,EPIC_NORTH,E5705434,88850b91d71566ca1edf8c6c23c40a35121c5e958734b79561729fdef14a1716,LINKED,,F,,0-17,,537,
batch_001,encounters_epic_north.csv,1163,EPIC_NORTH,E7325841,b1420f5851caa1585e8fa51924fc712673c179d547d283876cf33417f3307dfe,LINKED,,F,,65+,,541,
batch_001,encounters_epic_north.csv,1164,EPIC_NORTH,E3149786,84caad72d37228c28d70999b0e62f77b3c8e3636571369db262fa406d2bbe3ef,LINKED,,F,,40-64,,532,
batch_001,encounters_epic_north.csv,1165,EPIC_NORTH,E4852833,94284ba0820917646b13b3c08f8ae29cf2a515bd3000a0a5bb2092c7ebdc54e6,LINKED,,F,,40-64,,531,
batch_001,encounters_epic_north.csv,1166,EPIC_NORTH,E7173964,b45b03f3a074b3dd6cf8f94c1040bdeceee130b0499eb7fd62a08fbef749c191,LINKED,,F,,0-17,,532,
batch_001,encounters_epic_north.csv,1167,EPIC_NORTH,E8207596,d769b914a48be6700dd87466837ffb3dc8165fdc4533df41d2693e516938d158,LINKED,,F,,40-64,,537,
batch_001,encounters_epic_north.csv,1168,EPIC_NORTH,E1008942,5fe5164f5ad37dd95fc1ef94dde6b8bf28a9c571bcf48c0797f73ba625899430,LINKED,,F,,40-64,,531,
batch_001,encounters_epic_north.csv,1169,EPIC_NORTH,E4936286,30cddb33bb4e32bee0e81c89b92c932bbbe1cddd75c67bf135c8f0b4bf7a23f7,LINKED,,F,,18-39,,531,
batch_001,encounters_epic_north.csv,1170,EPIC_NORTH,E8496382,e654c1ba9a7fd2eb1578e19a5e2af23a797a38b0579c5e15b285c009e2015b05,LINKED,,F,,40-64,,541,
batch_001,encounters_epic_north.csv,1171,EPIC_NORTH,E5874244,b0d2cb0efbc3fd700ade65a07807cfc83f45061f9d59075d4fbaebdefa424899,LINKED,,F,,40-64,,541,
batch_001,encounters_epic_north.csv,1172,EPIC_NORTH,E9571877,3724b97f1bb80f808bd9b9f2c88c4d8f9bc6c5e0e191842f93d57e80f7d6ccb7,LINKED,,M,,18-39,,543,
batch_001,encounters_epic_north.csv,1173,EPIC_NORTH,E8873463,a18f349cb2a32e8dfefb69ec4d99a315f05f19d2844b494c83e8da27188c3178,LINKED,,F,,40-64,,541,
batch_001,encounters_epic_north.csv,1174,EPIC_NORTH,E3751169,2ebd788be7dfc3f9fe037affa31b3965d06cae0be1e1a6da33f519627ec85ba7,LINKED,,F,,65+,,537,
batch_001,encounters_epic_north.csv,1175,EPIC_NORTH,E2920156,4b7f8ac5ddd4beef440598599328d90d3681fd7025213590a1f4ada57c91890a,LINKED,,M,,40-64,,541,
batch_001,encounters_epic_north.csv,1176,EPIC_NORTH,E8441275,6f6b849670d22e7a76652dcdf1c75be2816dad3bcd9bf3ba07fb54f6c5143751,LINKED,,F,,0-17,,543,
batch_001,encounters_epic_north.csv,1177,EPIC_NORTH,E1072561,ad762673861a47183a41924844c5fdd767c88009d9d507c16e2a465b5122a526,LINKED,,F,,0-17,,541,
batch_001,encounters_epic_north.csv,1178,EPIC_NORTH,E1627041,7daeaf80bcee1636229c15d1d86721406fa2d74545011ca944055abc19f94093,LINKED,,M,,40-64,,537,
batch_001,encounters_epic_north.csv,1179,EPIC_NORTH,E2653133,8eeb379ee90e89d00a8cadf3d67eb33a7073c51c60e24b74a83f6568cd67a520,LINKED,,M,,40-64,,541,
batch_001,encounters_epic_north.csv,1180,EPIC_NORTH,E9176645,bf3bb69ca37d4879474f1cff09f14e776cfbb759732855e7e718b954a2fa0306,LINKED,,F,,65+,,531,
batch_001,encounters_epic_north.csv,1181,EPIC_NORTH,E5970796,16b6df1e88ad0651e7ff7c63227e0ab6274344028b8f86ae0bb6d5536702d6c5,LINKED,,F,,40-64,,537,
batch_001,encounters_epic_north.csv,1182,EPIC_NORTH,E4537574,5e134e87449aa429e8b3e8c0017c5f36503cf6c3576209969f1a4da0fa5e1ecd,LINKED,,F,,18-39,,537,
batch_001,encounters_epic_north.csv,1183,EPIC_NORTH,E8656307,b41393795511818cebc5d881a5d130c41d04a3817acd298a5f00c13cab3a974f,LINKED,,M,,65+,,531,
batch_001,encounters_epic_north.csv,1184,EPIC_NORTH,E8101402,22353df0b0815388e6f1923c134a1daa16c41610cd2dd5547ba8b03dc4db3437,LINKED,,F,,40-64,,531,
batch_001,encounters_epic_north.csv,1185,EPIC_NORTH,E5467506,d08961e848045c46e7f7d06762dcff6d73baf7a61c09deeb6afdd5a35fcd152d,LINKED,,M,,40-64,,532,
batch_001,encounters_epic_north.csv,1186,EPIC_NORTH,E7629632,9bc283ee96c8c76eec86faaefca60b90f4fcfa21785fe76bc25ef5c9d9b3c23d,LINKED,,M,,40-64,,541,
batch_001,encounters_epic_north.csv,1187,EPIC_NORTH,E5244981,122590f8c824518613d82d289264c5d58cb69ad9f2da4fdfc81a2d65ed3e5255,LINKED,,M,,0-17,,537,
batch_001,encounters_epic_north.csv,1188,EPIC_NORTH,E3969962,ffe2c1654d41deaa850e07f6839e8641cd64b66c471a79918866cf563dcaed03,LINKED,,F,,0-17,,532,
batch_001,encounters_epic_north.csv,1189,EPIC_NORTH,E1536793,12ae6252ddb488a9fb0cfce529e375e602082656165eb86bb90a6cc68b3db501,LINKED,,F,,65+,,541,
batch_001,encounters_epic_north.csv,1190,EPIC_NORTH,E9686925,456bf7c1b2e9ed4b049dec352783f9254d89dcf6475a62acf1c6e598ce6b532a,LINKED,,F,,65+,,532,
batch_001,encounters_epic_north.csv,1191,EPIC_NORTH,E9428944,07d747618b34229606bf156b2b0639f9a8ec7cc7195fd6b005986964e6c3d381,LINKED,,M,,18-39,,537,
batch_001,encounters_epic_north.csv,1192,EPIC_NORTH,E3087266,f6e55bbef1cfb37d307229372711c5a062ec5dfd7d86486890bd6471f7a93d5f,LINKED,,M,,40-64,,541,
batch_001,encounters_epic_north.csv,1193,EPIC_NORTH,E6779430,d7747976dbae590d4f8864ec50a1eeaa5433fa9c628e31d3e20139d9ceb27506,LINKED,,F,,40-64,,531,
batch_001,encounters_epic_north.csv,1194,EPIC_NORTH,E8683443,198ac13c0a74f35ec91d823d3363c48091fc59309f34709f0b3f11b297c82ede,LINKED,,F,,0-17,,543,
batch_001,encounters_epic_north.csv,1195,EPIC_NORTH,E4062864,b42bdef234e6571531583e77d3edbb3c23e987069ebfc633a39978146328fec4,LINKED,,M,,0-17,,531,
batch_001,encounters_epic_north.csv,1196,EPIC_NORTH,E5696818,b8ec2662d46975c97d2b25f93e226ab772f84abe7abb14ffdaf8c7b8bb3a416a,LINKED,,M,,40-64,,537,
batch_001,encounters_epic_north.csv,1197,EPIC_NORTH,E3509297,dbb0495e507cda61581c5ee8c267dcd974674fdabbb4c6a394a4f573c854f4f8,LINKED,,F,,65+,,531,
batch_001,encounters_epic_north.csv,1198,EPIC_NORTH,E5258747,5382e5494801fafe4725dd6440511dfbbb1f8b2492e0cb40b5eb286443e2268e,LINKED,,F,,40-64,,532,
batch_001,encounters_epic_north.csv,1199,EPIC_NORTH,E2763641,2cb78e81c4a38c50a5a5b6cdb65d0a934b3c0f517f26d92e88313a003537c671,LINKED,,F,,40-64,,543,
batch_001,encounters_epic_north.csv,1200,EPIC_NORTH,E4054325,44db6ec93bbfabc6e97ebcdb2aa03674714d029499cc436403843dd195a7cbb4,LINKED,,M,,40-64,,543,
batch_001,encounters_epic_north.csv,1201,EPIC_NORTH,E2719692,e26fd4dad8b1821099ab8bad9fc0188e270031dc4fe5cd440d89395d52379ca9,LINKED,,F,,40-64,,541,
batch_001,encounters_epic_north.csv,1202,EPIC_NORTH,E8522417,d8891a58982499f1e92ce525be412f6227c43d3d9eda71d579dc9dac7c84078d,LINKED,,M,,40-64,,524,
batch_001,encounters_epic_north.csv,1203,EPIC_NORTH,E7250964,a9c1bc5fc186f32d0a5b51c1d4140d856159c516745b138192876b055dfff5a0,LINKED,,F,,18-39,,531,
batch_001,encounters_epic_north.csv,1204,EPIC_NORTH,E7071468,c43d5c79bb78d82de892adeac9b8d0a06b1b76236ea2ce2f7451fa4eb96e6ae0,LINKED,,F,,65+,,541,
batch_001,encounters_epic_north.csv,1205,EPIC_NORTH,E4179156,bbf42954ffc4b4300297db301a2326e41ffdfb7f617352aac7e0232180f466f4,LINKED,,F,,0-17,,543,
batch_001,encounters_epic_north.csv,1206,EPIC_NORTH,E4591487,e20e94c379775d102e7a0c5899517413004be9a8137011b0be547e8c9b713da5,LINKED,,F,,40-64,,537,
batch_001,encounters_epic_north.csv,1207,EPIC_NORTH,E7869431,5fe5164f5ad37dd95fc1ef94dde6b8bf28a9c571bcf48c0797f73ba625899430,LINKED,,F,,40-64,,531,
batch_001,encounters_epic_north.csv,1208,EPIC_NORTH,E3377126,9d143cccc1cc4f1c3d70b00f865a68fbfe5981f01df16fc529091d08f4f5e3c9,LINKED,,M,,40-64,,531,
batch_001,encounters_epic_north.csv,1209,EPIC_NORTH,E7441258,61102afa32e383542c68573489141676b44dee554cb90079cc9974edbce39f76,LINKED,,M,,40-64,,531,
batch_001,encounters_epic_north.csv,1210,EPIC_NORTH,E7863594,ce569b5860104cd71f133b23ebce62af52c1820d942b7b81660ac4089b32c925,LINKED,,M,,40-64,,532,
batch_001,encounters_epic_north.csv,1211,EPIC_NORTH,E1348191,38512853850d9584157e790d4786f5b6cfd37d64b6f09bbd4f7037c64b006b85,LINKED,,M,,18-39,,537,
batch_001,encounters_epic_north.csv,1212,EPIC_NORTH,E2746819,0f1d424cfc5fc0c47e8fbd0c3ef8841e85e312f2043db2a2270f41792a0ed426,LINKED,,M,,40-64,,541,
batch_001,encounters_epic_north.csv,1213,EPIC_NORTH,E1327734,f8d988df1f2683a6c6e1f64b585c6b9178bbf1222c3bacb164807e8f9569be56,LINKED,,M,,65+,,531,
batch_001,encounters_epic_north.csv,1214,EPIC_NORTH,E6962209,2eba60342c7fb7715d0e1dcff20ce2554dd2ac311855cb21cdef597e805b538f,LINKED,,F,,40-64,,532,
batch_001,encounters_epic_north.csv,1215,EPIC_NORTH,E9004018,ee228bb47517ad15f72ed2acdcffd1cfd3d2c3de01f2a219613be9f81d038880,LINKED,,M,,18-39,,537,
batch_001,encounters_epic_north.csv,1216,EPIC_NORTH,E2271696,174fafff90d4bd269a97e3967cfdcf71c040af1e7cfd213515a925774c50ba4f,LINKED,,F,,0-17,,541,
batch_001,encounters_epic_north.csv,1217,EPIC_NORTH,E3841839,dd682a3c2228d33123bf15472922c9df4a44eb43ecaf75be50e09a6b09115379,LINKED,,F,,18-39,,541,
batch_001,encounters_epic_north.csv,1218,EPIC_NORTH,E8982459,0bc4c24c06e79332bedaa5d38ceab8d0812c15b03893e88542fa3e468f87c412,LINKED,,M,,40-64,,524,
batch_001,encounters_epic_north.csv,1219,EPIC_NORTH,E9832623,dd88479364dd32b54b0222d105ef6e64e3fae43ff39f0bf43320eba3113e772e,LINKED,,M,,0-17,,537,
batch_001,encounters_epic_north.csv,1220,EPIC_NORTH,E3100190,150642d47854cf4162ee711aa094405850b5707053915daae2448963a9e113aa,LINKED,,F,,40-64,,537,
batch_001,encounters_epic_north.csv,1221,EPIC_NORTH,E7507756,05333e39b965450513f7f2d6198c7e6f42dac14231aa73e40ae8e8f9c8b1675d,LINKED,,F,,65+,,541,
batch_001,encounters_epic_north.csv,1222,EPIC_NORTH,E6420046,04364891e476e4ec912883077cd352ab4b3903383f968f15e65ea04b947b71b7,LINKED,,M,,65+,,531,
batch_001,encounters_epic_north.csv,1223,EPIC_NORTH,E6267788,5fe5164f5ad37dd95fc1ef94dde6b8bf28a9c571bcf48c0797f73ba625899430,LINKED,,F,,40-64,,531,
batch_001,encounters_epic_north.csv,1224,EPIC_NORTH,E5640774,434530db34a4df0b94a8b1c23f7195ae291f03827b1d66e6e8544535d4c20f4c,LINKED,,M,,40-64,,541,
batch_001,encounters_epic_north.csv,1225,EPIC_NORTH,E9934961,b4ec76e1d99119759313e88f3bbf05685e4426ed8f28955ce24e125b094a73b3,LINKED,,M,,18-39,,541,
batch_001,encounters_epic_north.csv,1226,EPIC_NORTH,E5249009,e621da8242c95c4eafe23be160ad6917889972aabee7a29fbfbe42e22ee1bdea,LINKED,,M,,18-39,,543,
batch_001,encounters_epic_north.csv,1227,EPIC_NORTH,E5584137,c26dee8bc813ec8e3ccd63fd35e242705ff87d56d5dfccc9d23a94af666293c0,LINKED,,F,,65+,,532,
batch_001,encounters_epic_north.csv,1228,EPIC_NORTH,E9349968,22353df0b0815388e6f1923c134a1daa16c41610cd2dd5547ba8b03dc4db3437,LINKED,,F,,40-64,,531,
batch_001,encounters_epic_north.csv,1229,EPIC_NORTH,E1947725,e9c2b9bf3a0e5e36d03db907fd4f63ecdbb3941b3ed1b60584758466b4c2ca9f,LINKED,,M,,40-64,,524,
batch_001,encounters_epic_north.csv,1230,EPIC_NORTH,E3462441,7d4b8210f537977ab06f2364ff5b0d84c2f53a2b703bdabef2d9b24397f20d50,LINKED,,M,,40-64,,532,
batch_001,encounters_epic_north.csv,1231,EPIC_NORTH,E6059212,d769b914a48be6700dd87466837ffb3dc8165fdc4533df41d2693e516938d158,LINKED,,F,,40-64,,537,
batch_001,encounters_epic_north.csv,1232,EPIC_NORTH,E7277980,9d143cccc1cc4f1c3d70b00f865a68fbfe5981f01df16fc529091d08f4f5e3c9,LINKED,,M,,40-64,,531,
batch_001,encounters_epic_north.csv,1233,EPIC_NORTH,E1551173,04896ee3429176acb6dd3ec578593718847094962c7abfbb179189fe0d0228a2,LINKED,,M,,18-39,,541,
batch_001,encounters_epic_north.csv,1234,EPIC_NORTH,E2855509,8f11fdb20a4839302341be96d687bb9ea2bf37a4de11eeee544cc6fede5b7e12,LINKED,,F,,40-64,,532,
batch_001,encounters_epic_north.csv,1235,EPIC_NORTH,E3913864,cb746b04f2f4c31d37d6d76f6e9436c06e42a610b4f7f9d3966ca2a3dea0cb0f,LINKED,,F,,40-64,,531,
batch_001,encounters_epic_north.csv,1236,EPIC_NORTH,E2885288,30cddb33bb4e32bee0e81c89b92c932bbbe1cddd75c67bf135c8f0b4bf7a23f7,LINKED,,F,,18-39,,531,
batch_001,encounters_epic_north.csv,1237,EPIC_NORTH,E2107082,d901f84a928eae0a25149361a9f77113389ef2d5c28dc52a8b78ccd69def85d7,LINKED,,M,,18-39,,524,
batch_001,encounters_epic_north.csv,1238,EPIC_NORTH,E3214356,bdeccfbc6a6bbabed9c26dd2c21d5e8beb8281b0b16296cbd72e14b819df9f2c,LINKED,,F,,18-39,,543,
batch_001,encounters_epic_north.csv,1239,EPIC_NORTH,E6546795,17a97024e7ad02ab93f7e1afe8c708deb540023967bc7de4b0f755f831c59569,LINKED,,F,,40-64,,543,
batch_001,encounters_epic_north.csv,1240,EPIC_NORTH,E9137490,04eae54b845479d39498c9fcdd3ffa2804b303988d8000faffb91c5656bf0d92,LINKED,,F,,40-64,,532,
batch_001,encounters_epic_north.csv,1241,EPIC_NORTH,E3627101,7fab81bf2fc51810b2ed2f5fa0eebfa458f54dacc2c35377af5c3167f492f841,LINKED,,M,,18-39,,532,
batch_001,encounters_epic_north.csv,1242,EPIC_NORTH,E9419659,71231416b5f175f23b43ad39d2840999d891421d2e04bf14e99dedbc1bbdc29b,LINKED,,F,,65+,,543,
batch_001,encounters_epic_north.csv,1243,EPIC_NORTH,E9700345,8310671cbc59938ffaf6b659e7b79a87027640a57c93bc39e4a6fa1329dbda5e,LINKED,,F,,65+,,532,
batch_001,encounters_epic_north.csv,1244,EPIC_NORTH,E5906596,d4d3b5d684a38c5bbe7452187abdbf0327df4073063737a159352c4adb14afe1,LINKED,,M,,65+,,531,
batch_001,encounters_epic_north.csv,1245,EPIC_NORTH,E1112042,813b3419df502081d272c15ab83a0c44edc991f340d5a0fd477971b551274c5e,LINKED,,M,,40-64,,541,
batch_001,encounters_epic_north.csv,1246,EPIC_NORTH,E3661689,570798d3c4121f6f62f5a1511be16e8ceb673e5d5fca8c3c8057e9b8ceaf9bc4,LINKED,,M,,40-64,,531,
batch_001,encounters_epic_north.csv,1247,EPIC_NORTH,E4903470,0f7f5d7c1749ca863f445a2dfaaf0d7417abc6b64b6f3eac37510389447f2c20,LINKED,,M,,18-39,,532,
batch_001,encounters_epic_north.csv,1248,EPIC_NORTH,E7810269,80158a2c56a1a76ffb945ce101c70ff29b5eacaf1cd05295b99d66c53015de69,LINKED,,F,,40-64,,541,
batch_001,encounters_epic_north.csv,1249,EPIC_NORTH,E2303548,d8ac1909f93ac77c6f18e0d172bbe6def2611d1283c791b2656cd6a26096fddf,LINKED,,F,,65+,,531,
batch_001,encounters_epic_north.csv,1250,EPIC_NORTH,E7586435,55dd2549392e94f6b2a6420492f0524e571096c16cb836e1cd5ad7f2360db742,LINKED,,M,,18-39,,543,
batch_001,encounters_epic_north.csv,1251,EPIC_NORTH,E7970001,b524ef8794b4f0bf7dd6d9d3102e3655915793d28baac6d9b7dd124f0bf881e8,LINKED,,F,,40-64,,532,
batch_001,encounters_epic_north.csv,1252,EPIC_NORTH,E3291291,8f03c52ad5397e9c65680b79d4e93c5923bf9dc80570f57f0eaeadef04601768,LINKED,,M,,0-17,,532,
batch_001,encounters_epic_north.csv,1253,EPIC_NORTH,E4608439,04eae54b845479d39498c9fcdd3ffa2804b303988d8000faffb91c5656bf0d92,LINKED,,F,,40-64,,532,
batch_001,encounters_epic_north.csv,1254,EPIC_NORTH,E8006052,f4da818385a1a4fe7ebc5af302f5988aafd8d8a92baf1bce47ef9da4112ae91d,LINKED,,F,,40-64,,541,
batch_001,encounters_epic_north.csv,1255,EPIC_NORTH,E7492813,6cab6e09b41461d70b59e677fd88bbf4015e715dcfdaf7374ebfe4c76a79265c,LINKED,,M,,0-17,,531,
batch_001,encounters_epic_north.csv,1256,EPIC_NORTH,E2303199,c43d5c79bb78d82de892adeac9b8d0a06b1b76236ea2ce2f7451fa4eb96e6ae0,LINKED,,F,,65+,,541,
batch_001,encounters_epic_north.csv,1257,EPIC_NORTH,E4161546,e52b39d4dec5735d23a20fdbb8710f2ab61b17c67fe0e1b669703961fdba74a0,LINKED,,M,,40-64,,532,
batch_001,encounters_epic_north.csv,1258,EPIC_NORTH,E5317104,24c750f70ea3213ad7035331b78c0a0d060bb3b3b3b5c0b53db64af92d020385,LINKED,,F,,65+,,543,
batch_001,encounters_epic_north.csv,1259,EPIC_NORTH,E8322577,be5a267e2634745e6453ba04fa15bdf47cb3ddee720581bf9b56c063eb4b1527,LINKED,,F,,65+,,541,
batch_001,encounters_epic_north.csv,1260,EPIC_NORTH,E8613412,5199c53b89ccc0bfce13f1d5740cbd42bf02a5f3854429249373db9e94886a48,LINKED,,M,,40-64,,543,
batch_001,encounters_epic_north.csv,1261,EPIC_NORTH,E6799462,dbb0495e507cda61581c5ee8c267dcd974674fdabbb4c6a394a4f573c854f4f8,LINKED,,F,,65+,,531,
batch_001,encounters_epic_north.csv,1262,EPIC_NORTH,E1427914,b4ec76e1d99119759313e88f3bbf05685e4426ed8f28955ce24e125b094a73b3,LINKED,,M,,18-39,,541,
batch_001,encounters_epic_north.csv,1263,EPIC_NORTH,E3607723,2cb78e81c4a38c50a5a5b6cdb65d0a934b3c0f517f26d92e88313a003537c671,LINKED,,F,,40-64,,543,
batch_001,encounters_epic_north.csv,1264,EPIC_NORTH,E5519231,3ae6c88576943ea96b7ced9c1876ab50ef947ef47152e56017f616f1fe0b68ad,LINKED,,F,,40-64,,543,
batch_001,encounters_epic_north.csv,1265,EPIC_NORTH,E2587226,5b421a814ec84bdc2b54f40f68ad36e028297ce848b588399c995be222deeefd,LINKED,,F,,40-64,,610,
batch_001,encounters_epic_north.csv,1266,EPIC_NORTH,E6886352,7b566a651b8f28d90d3d6f5dd452f8bc61c17413373c1dc993fae73c5d2fc8a7,LINKED,,M,,40-64,,537,
batch_001,encounters_epic_north.csv,1267,EPIC_NORTH,E7351619,a3dd71bcc327b10fe1b25839ee2adcb81ce2069953a2d096ed6a3e205c15fb49,LINKED,,F,,18-39,,537,
batch_001,encounters_epic_north.csv,1268,EPIC_NORTH,E2543782,14da5717f81afaa68b151fbc8a4d045525743270cbf9b4a04b4b11a88b280779,LINKED,,F,,65+,,537,
batch_001,encounters_epic_north.csv,1269,EPIC_NORTH,E4119267,24d08dd48aeef8ee87ffcec2a1b8d7ea2b5fc9704f08d38877ca0812a0195021,LINKED,,M,,65+,,543,
batch_001,encounters_epic_north.csv,1270,EPIC_NORTH,E9602578,150642d47854cf4162ee711aa094405850b5707053915daae2448963a9e113aa,LINKED,,F,,40-64,,537,
batch_001,encounters_epic_north.csv,1271,EPIC_NORTH,E8784200,137b4845b61a94acf520be3e35a18529cba90860a42be6f92d8afcf5a838c078,LINKED,,F,,0-17,,537,
batch_001,encounters_epic_north.csv,1272,EPIC_NORTH,E6874762,d769b914a48be6700dd87466837ffb3dc8165fdc4533df41d2693e516938d158,LINKED,,F,,40-64,,537,
batch_001,encounters_epic_north.csv,1273,EPIC_NORTH,E7543833,f92c8735c95179cfa95c22fce22c6cebe244f2d3c22737c4c41a5dae6137c299,LINKED,,M,,40-64,,531,
batch_001,encounters_epic_north.csv,1274,EPIC_NORTH,E5883569,91651bbba556c05c6b63963927a27a99e18fe41db1b9e569d88c4afe135d8a92,LINKED,,M,,0-17,,531,
batch_001,encounters_epic_north.csv,1275,EPIC_NORTH,E6100621,7cc33c0e43829b06cff6c6d8d4adef1f7f51fc0aeb42299898a1d14486d6ead1,LINKED,,M,,40-64,,532,
batch_001,encounters_epic_north.csv,1276,EPIC_NORTH,E3924393,55dd2549392e94f6b2a6420492f0524e571096c16cb836e1cd5ad7f2360db742,LINKED,,M,,18-39,,543,
batch_001,encounters_epic_north.csv,1277,EPIC_NORTH,E2639763,61102afa32e383542c68573489141676b44dee554cb90079cc9974edbce39f76,LINKED,,M,,40-64,,531,
batch_001,encounters_epic_north.csv,1278,EPIC_NORTH,E7094594,ac528e4d4797af86e133c763f389cfa8977cce5ab493338c04c0814e2820fb30,LINKED,,F,,65+,,541,
batch_001,encounters_epic_north.csv,1279,EPIC_NORTH,E7839327,0f7f5d7c1749ca863f445a2dfaaf0d7417abc6b64b6f3eac37510389447f2c20,LINKED,,M,,18-39,,532,
batch_001,encounters_epic_north.csv,1280,EPIC_NORTH,E9873275,9e60969ca059707139c86fc2416c5cdd22a3eed6e9ff6ebba3774622cf6f9877,LINKED,,M,,40-64,,537,
batch_001,encounters_epic_north.csv,1281,EPIC_NORTH,E4802405,7ba6723bfbbbf742739b393aafbfc8fb3754a0ccda5d1187cce0577dc933df4e,LINKED,,M,,40-64,,531,
batch_001,encounters_epic_north.csv,1282,EPIC_NORTH,E2491276,43c374e5ab9784e9995da33a6f2cc08b0f70943fb644befc5e771dc00f1be065,LINKED,,M,,40-64,,531,
batch_001,encounters_epic_north.csv,1283,EPIC_NORTH,E2103519,ba010830c295621b27120018976afc4b2179e7e99cc67ff98f6a5f46546a8846,LINKED,,F,,40-64,,537,
batch_001,encounters_epic_north.csv,1284,EPIC_NORTH,E1134119,7cc33c0e43829b06cff6c6d8d4adef1f7f51fc0aeb42299898a1d14486d6ead1,LINKED,,M,,40-64,,532,
batch_001,encounters_epic_north.csv,1285,EPIC_NORTH,E7144004,f4da818385a1a4fe7ebc5af302f5988aafd8d8a92baf1bce47ef9da4112ae91d,LINKED,,F,,40-64,,541,
batch_001,encounters_epic_north.csv,1286,EPIC_NORTH,E3347874,8aeb8894d420c3e30434e550fe0e8fa5d7acabf0e066f9c29cee410c82e1a1b4,LINKED,,M,,40-64,,543,
batch_001,encounters_epic_north.csv,1287,EPIC_NORTH,E2501228,1bf75f4e9f5aa616136eca4258bc4d3d6665df4ceade3bb973eddd750f993e2e,LINKED,,M,,0-17,,543,
batch_001,encounters_epic_north.csv,1288,EPIC_NORTH,E8134203,7881693f80164c579ad51baa33c6f0698321df63a1095b5b6971c4cc235871f3,LINKED,,M,,40-64,,532,
batch_001,encounters_epic_north.csv,1289,EPIC_NORTH,E9227003,afa9eb6675839d1a26ee2d31d1b5b555899cd8b96150c9d6990017667814747a,LINKED,,M,,40-64,,531,
batch_001,encounters_epic_north.csv,1290,EPIC_NORTH,E5765656,a3dd71bcc327b10fe1b25839ee2adcb81ce2069953a2d096ed6a3e205c15fb49,LINKED,,F,,18-39,,537,
batch_001,encounters_epic_north.csv,1291,EPIC_NORTH,E3710407,b8ec2662d46975c97d2b25f93e226ab772f84abe7abb14ffdaf8c7b8bb3a416a,LINKED,,M,,40-64,,537,
batch_001,encounters_epic_north.csv,1292,EPIC_NORTH,E6183055,5918f7127e5604aef42c25773b75b06b86136c41a6d50e4c89d59224ffec0341,LINKED,,M,,40-64,,543,
batch_001,encounters_epic_north.csv,1293,EPIC_NORTH,E7293682,16b6df1e88ad0651e7ff7c63227e0ab6274344028b8f86ae0bb6d5536702d6c5,LINKED,,F,,40-64,,537,
batch_001,encounters_epic_north.csv,1294,EPIC_NORTH,E7046277,975f531adf619a3dd1b01c904d7240916b6b8afd8f53589c6d36e7c4d40c2850,LINKED,,F,,0-17,,531,
batch_001,encounters_epic_north.csv,1295,EPIC_NORTH,E4175648,198ac13c0a74f35ec91d823d3363c48091fc59309f34709f0b3f11b297c82ede,LINKED,,F,,0-17,,543,
batch_001,encounters_epic_north.csv,1296,EPIC_NORTH,E4693216,b0b6b45fe052e8515aca8551ef58a50fec1b6e2d2416305949cffe7dacc20c0c,LINKED,,M,,65+,,531,
batch_001,encounters_epic_north.csv,1297,EPIC_NORTH,E5107266,f92c8735c95179cfa95c22fce22c6cebe244f2d3c22737c4c41a5dae6137c299,LINKED,,M,,40-64,,531,
batch_001,encounters_epic_north.csv,1298,EPIC_NORTH,E7427221,aa5bcad0bef583fc4b0911751f2841bd3545b5fe648d4ea47d896a86d9953399,LINKED,,M,,0-17,,532,
batch_001,encounters_epic_north.csv,1299,EPIC_NORTH,E1058039,2eea1356e78289f646c92f008043c87625eade794cc3ab578730c4a694e0b823,LINKED,,M,,18-39,,532,
batch_001,encounters_epic_north.csv,1300,EPIC_NORTH,E3926292,874c105288fd327ecace323079259e4abd7b86a963bc54189cb7c6cce1cd3b82,LINKED,,F,,0-17,,543,
batch_001,encounters_epic_north.csv,1301,EPIC_NORTH,E3834395,8914f5856698eb0ea83ebd4a5d6065b45b1bd41660a36588c7cc72ec53c20468,LINKED,,F,,65+,,541,
batch_001,encounters_epic_north.csv,1302,EPIC_NORTH,E1227492,815c6338a13bf3590195fd3382dbcaedf3c5361887fe60efe77d13c8aee7fddb,LINKED,,F,,40-64,,543,
batch_001,encounters_epic_north.csv,1303,EPIC_NORTH,E6206266,61794afeed15b8a968cf86d21fca8c2aa47760069659fd7e4a53dc291a886676,LINKED,,F,,0-17,,537,
batch_001,encounters_epic_north.csv,1304,EPIC_NORTH,E1415066,a925d5fb47865187b187646ef092f93f0ccb3dbd87bb7dee8ab3f8d29afd79dd,LINKED,,F,,65+,,543,
batch_001,encounters_epic_north.csv,1305,EPIC_NORTH,E3698825,f83d042a3f20a67ab33eec027d4e5a4731562cd0e552efbe44cab8d269839cf2,LINKED,,F,,40-64,,532,
batch_001,encounters_epic_north.csv,1306,EPIC_NORTH,E2094270,e042e54cec215372dae85698ecbdbbd9e1f08af3c66786a13532da53271b472a,LINKED,,F,,65+,,537,
batch_001,encounters_epic_north.csv,1307,EPIC_NORTH,E7641087,e906da9effc9d39fac4947e88992996aefc508e332c6b7e29f39ed6c951f6f24,LINKED,,M,,0-17,,532,
batch_001,encounters_epic_north.csv,1308,EPIC_NORTH,E9471317,2f4b375c10e8963fb3c6437840112057faf145c2748f18c610870f3b0c49a6b4,UNLINKED,PATIENT_UNLINKED_NO_DOB,F,,UNKNOWN,AGE_BAND_DOB_UNAVAILABLE,532,
batch_001,encounters_epic_north.csv,1309,EPIC_NORTH,E1590744,f492d538bf6a54ef0b698a47506c3888e42f81fcded2af04573a8a867f010f61,LINKED,,F,,40-64,,537,
batch_001,encounters_epic_north.csv,1310,EPIC_NORTH,E8639958,434530db34a4df0b94a8b1c23f7195ae291f03827b1d66e6e8544535d4c20f4c,LINKED,,M,,40-64,,541,
batch_001,encounters_epic_north.csv,1311,EPIC_NORTH,E8396754,572ddb7e887bbda96150658616c86e5320020cf0e57772cc27521c6005db791f,LINKED,,F,,65+,,532,
batch_001,encounters_epic_north.csv,1312,EPIC_NORTH,E3358059,b4ec76e1d99119759313e88f3bbf05685e4426ed8f28955ce24e125b094a73b3,LINKED,,M,,18-39,,541,
batch_001,encounters_epic_north.csv,1313,EPIC_NORTH,E2135420,e52b39d4dec5735d23a20fdbb8710f2ab61b17c67fe0e1b669703961fdba74a0,LINKED,,M,,40-64,,532,
batch_001,encounters_epic_north.csv,1314,EPIC_NORTH,E7434457,9d8fb802a09dbe3c7637474b1d8bea017f6c25558da649e6cd5646d7b2f9851d,LINKED,,M,,40-64,,541,
batch_001,encounters_epic_north.csv,1315,EPIC_NORTH,E2798430,90036f0185398658a774e980f5a1dd4af508463c97b0ea104c40d056675c49ff,LINKED,,M,,40-64,,543,
batch_001,encounters_epic_north.csv,1316,EPIC_NORTH,E6309214,61794afeed15b8a968cf86d21fca8c2aa47760069659fd7e4a53dc291a886676,LINKED,,F,,0-17,,537,
batch_001,encounters_epic_north.csv,1317,EPIC_NORTH,E5273945,47c49b27f3a861a28e215a3e4f795f546f8a551e7476e7517797ccd0500b1cf4,LINKED,,M,,40-64,,541,
batch_001,encounters_epic_north.csv,1318,EPIC_NORTH,E1716112,d7747976dbae590d4f8864ec50a1eeaa5433fa9c628e31d3e20139d9ceb27506,LINKED,,F,,40-64,,531,
batch_001,encounters_epic_north.csv,1319,EPIC_NORTH,E6100850,b067572502003964263cc878cd23ac1cbfa379c7ac3593a2ee417827ad5c327b,LINKED,,F,,40-64,,520,
batch_001,encounters_epic_north.csv,1320,EPIC_NORTH,E7419735,d3e4fb51c23f65fd605ab758fac31afa844126131978d9587712e91754139906,LINKED,,F,,65+,,537,
batch_001,encounters_epic_north.csv,1321,EPIC_NORTH,E2751495,84e146d9eb672180a4e87434f588a235322cc7fc9349bad85c3380c594b3a83d,LINKED,,F,,65+,,541,
batch_001,encounters_epic_north.csv,1322,EPIC_NORTH,E3426335,f92c8735c95179cfa95c22fce22c6cebe244f2d3c22737c4c41a5dae6137c299,LINKED,,M,,40-64,,531,
batch_001,encounters_epic_north.csv,1323,EPIC_NORTH,E3543316,c55f2053b79f1480de137ff8448f72a6fc6ffbb59ebf75af76a9340107ce1d8d,LINKED,,F,,40-64,,541,
batch_001,encounters_epic_north.csv,1324,EPIC_NORTH,E2543626,94ff0285343f317c535add8ff191700e44bb9a82bc3a92e6606426b2527636ec,LINKED,,F,,0-17,,531,
batch_001,encounters_epic_north.csv,1325,EPIC_NORTH,E7688019,a18a4680404dbede215c6b7e5b98be7553a99f8a64adc73c619a80c00f2470f5,LINKED,,F,,0-17,,531,
batch_001,encounters_epic_north.csv,1326,EPIC_NORTH,E3740161,d865ed20a0473c445b118192aa1b9911ed28dfb6620e7039eb4002898175833c,LINKED,,M,,18-39,,537,
batch_001,encounters_epic_north.csv,1327,EPIC_NORTH,E9331867,629e9138580091cf5ca65937b357d173c8e838c38d205dbfcafb4b754e2fc19c,LINKED,,F,,40-64,,531,
batch_001,encounters_epic_north.csv,1328,EPIC_NORTH,E6626644,f83d042a3f20a67ab33eec027d4e5a4731562cd0e552efbe44cab8d269839cf2,LINKED,,F,,40-64,,532,
batch_001,encounters_epic_north.csv,1329,EPIC_NORTH,E6619618,4b7f8ac5ddd4beef440598599328d90d3681fd7025213590a1f4ada57c91890a,LINKED,,M,,40-64,,541,
batch_001,encounters_epic_north.csv,1330,EPIC_NORTH,E9096265,8ce51f1a6dfa4e42a50a694268e017575b539eeb471735f9d072746a2be8c018,LINKED,,M,,65+,,541,
batch_001,encounters_epic_north.csv,1331,EPIC_NORTH,E7417843,4b8b41609edd2fee32cdd4b92662f93bd0790b6068bcee9db2591b5500e741b0,LINKED,,M,,18-39,,541,
batch_001,encounters_epic_north.csv,1332,EPIC_NORTH,E1010292,ff7806b2c50e04d2a0c896a74060ad4bd959ffbe52263f7274eb6bb3018b9638,LINKED,,M,,18-39,,532,
batch_001,encounters_epic_north.csv,1333,EPIC_NORTH,E3346081,e52db20e869c2aba3b6b5f4e780bba2bd7624541e0d87ce30256e35ab99602ec,LINKED,,M,,40-64,,541,
batch_001,encounters_epic_north.csv,1334,EPIC_NORTH,E2593611,d4d3b5d684a38c5bbe7452187abdbf0327df4073063737a159352c4adb14afe1,LINKED,,M,,65+,,531,
batch_001,encounters_epic_north.csv,1335,EPIC_NORTH,E9435643,429169a71497c63347149651014c9df5233b5877edc92ecd85af5b9cf729f479,LINKED,,F,,40-64,,532,
batch_001,encounters_epic_north.csv,1336,EPIC_NORTH,E5069493,0bc91a41a4fb472639a8de2b9382e2dc90f88246011d3f4622224b61b925b042,LINKED,,M,,40-64,,532,
batch_001,encounters_epic_north.csv,1337,EPIC_NORTH,E7809908,f8a15f4fdb7c060e84e6831f90cadd9e6f3b0550a7ea9fcfaeece5322ba632ea,LINKED,,M,,0-17,,537,
batch_001,encounters_epic_north.csv,1338,EPIC_NORTH,E7299382,cf5fc472278d8a653ea6f92151a6fd9d57ae01a47e2df8991239498a6da82e2b,LINKED,,F,,65+,,543,
batch_001,encounters_epic_north.csv,1339,EPIC_NORTH,E6495907,cc4fc1e66f04830986463f19a22e6f358f2fad373d2f7aa94707ec5ac83d1366,LINKED,,F,,0-17,,537,
batch_001,encounters_epic_north.csv,1340,EPIC_NORTH,E5622839,874c105288fd327ecace323079259e4abd7b86a963bc54189cb7c6cce1cd3b82,LINKED,,F,,0-17,,543,
batch_001,encounters_epic_north.csv,1341,EPIC_NORTH,E2718851,bf3bb69ca37d4879474f1cff09f14e776cfbb759732855e7e718b954a2fa0306,LINKED,,F,,65+,,531,
batch_001,encounters_epic_north.csv,1342,EPIC_NORTH,E2087019,d4ac4a2201b4cda0bc9ed1e745bbe07bab54fe79bae69a585ef941bf492fe1ba,LINKED,,F,,40-64,,531,
batch_001,encounters_epic_north.csv,1343,EPIC_NORTH,E2403946,47c49b27f3a861a28e215a3e4f795f546f8a551e7476e7517797ccd0500b1cf4,LINKED,,M,,40-64,,541,
batch_001,encounters_epic_north.csv,1344,EPIC_NORTH,E5667383,813b3419df502081d272c15ab83a0c44edc991f340d5a0fd477971b551274c5e,LINKED,,M,,65+,,541,
batch_001,encounters_epic_north.csv,1345,EPIC_NORTH,E2707736,d7747976dbae590d4f8864ec50a1eeaa5433fa9c628e31d3e20139d9ceb27506,LINKED,,F,,40-64,,531,
batch_001,encounters_epic_north.csv,1346,EPIC_NORTH,E1688362,815c6338a13bf3590195fd3382dbcaedf3c5361887fe60efe77d13c8aee7fddb,LINKED,,F,,40-64,,543,
batch_001,encounters_epic_north.csv,1347,EPIC_NORTH,E1820504,6eb5d417bf909a42c18a9b3425b899ef36d7f7a654a4fffa6cecadd5536d56c2,LINKED,,M,,0-17,,543,
batch_001,encounters_epic_north.csv,1348,EPIC_NORTH,E2596800,86c1271c2fc8bea6972ada73194adc1caf0907d3bb2eea00c4e05d9efb7bc411,LINKED,,F,,18-39,,541,
batch_001,encounters_epic_north.csv,1349,EPIC_NORTH,E5295323,975f531adf619a3dd1b01c904d7240916b6b8afd8f53589c6d36e7c4d40c2850,LINKED,,F,,0-17,,531,
batch_001,encounters_epic_north.csv,1350,EPIC_NORTH,E2822850,b8ec2662d46975c97d2b25f93e226ab772f84abe7abb14ffdaf8c7b8bb3a416a,LINKED,,M,,40-64,,537,
batch_001,encounters_epic_north.csv,1351,EPIC_NORTH,E2813606,2fa9feb07c752cb50504e1aea9987c31d3b3d9bba66a9d580224bdf15fbdcca6,LINKED,,M,,40-64,,541,
batch_001,encounters_epic_north.csv,1352,EPIC_NORTH,E6203005,ee5ad00ae737e5bdd28446832ea2fdbbebcccb803d091983a249c9ecb5c94293,LINKED,,F,,40-64,,541,
batch_001,encounters_epic_north.csv,1353,EPIC_NORTH,E5543032,bdeccfbc6a6bbabed9c26dd2c21d5e8beb8281b0b16296cbd72e14b819df9f2c,LINKED,,F,,18-39,,543,
batch_001,encounters_epic_north.csv,1354,EPIC_NORTH,E6130675,a55399b48544ca7efec47d85a6cd1b6f6956019b6e292a6e34bfcab20e07551d,LINKED,,F,,65+,,531,
batch_001,encounters_epic_north.csv,1355,EPIC_NORTH,E9437116,8cdb15fc65eac68d302f6c966f8f4b432548d921187d04b42a992ceec1b07ccd,LINKED,,M,,18-39,,537,
batch_001,encounters_epic_north.csv,1356,EPIC_NORTH,E2360175,04896ee3429176acb6dd3ec578593718847094962c7abfbb179189fe0d0228a2,LINKED,,M,,40-64,,541,
batch_001,encounters_epic_north.csv,1357,EPIC_NORTH,E8836767,1dd09dfc784a0735b5869e8d4d35bda26e5d7778b86b93f986998dcec40bdda2,LINKED,,F,,40-64,,532,
batch_001,encounters_epic_north.csv,1358,EPIC_NORTH,E7627717,9693d1986e504e97255f036a9e18319a58ccfb686b6ecfced23c7d779365ef93,LINKED,,M,,65+,,531,
batch_001,encounters_epic_north.csv,1359,EPIC_NORTH,E9234637,815c6338a13bf3590195fd3382dbcaedf3c5361887fe60efe77d13c8aee7fddb,LINKED,,F,,40-64,,543,
batch_001,encounters_epic_north.csv,1360,EPIC_NORTH,E7420216,b8ec2662d46975c97d2b25f93e226ab772f84abe7abb14ffdaf8c7b8bb3a416a,LINKED,,M,,40-64,,537,
batch_001,encounters_epic_north.csv,1361,EPIC_NORTH,E2818119,cc95360b10ebfca8d1f205d64eb5716ab40e21e9193c0059170cda59558cbbcf,LINKED,,F,,18-39,,541,
batch_001,encounters_epic_north.csv,1362,EPIC_NORTH,E8458442,5918f7127e5604aef42c25773b75b06b86136c41a6d50e4c89d59224ffec0341,LINKED,,M,,40-64,,543,
batch_001,encounters_epic_north.csv,1363,EPIC_NORTH,E8038456,3b7b739c2fbd1fcb4516b0d58b06344cfdbc3a1934f714a429c1e9bc73915257,LINKED,,F,,65+,,532,
batch_001,encounters_epic_north.csv,1364,EPIC_NORTH,E7367121,bdfbcfdd81de4959d42661f0a2e782e2bb390cc070192cfdf864e76e557c1c1b,LINKED,,M,,0-17,,531,
batch_001,encounters_epic_north.csv,1365,EPIC_NORTH,E2268024,db97aa49a709b9252335a66b0fde9c722ee46dd2376d87650e3df4b8c994305f,LINKED,,F,,65+,,524,
batch_001,encounters_epic_north.csv,1366,EPIC_NORTH,E6282959,ed8b94b4923132f6e4b0fa4af6c1e4f8d0e5c677114cbba5ee9845b601e8d6c8,LINKED,,F,,40-64,,537,
batch_001,encounters_epic_north.csv,1367,EPIC_NORTH,E4260995,b4ec76e1d99119759313e88f3bbf05685e4426ed8f28955ce24e125b094a73b3,LINKED,,M,,18-39,,541,
batch_001,encounters_epic_north.csv,1368,EPIC_NORTH,E8369282,97902dbd6e4d6d4bb24a308776274ff52e1b15367ab109984de20f68e2b5b12d,LINKED,,M,,40-64,,543,
batch_001,encounters_epic_north.csv,1369,EPIC_NORTH,E8945038,3b2aed0ef2dd16109e07fe8d2c346466a85f58b1fb3d1bef8fd1cb2716432f8f,LINKED,,M,,65+,,531,
batch_001,encounters_epic_north.csv,1370,EPIC_NORTH,E8275301,434530db34a4df0b94a8b1c23f7195ae291f03827b1d66e6e8544535d4c20f4c,LINKED,,M,,18-39,,541,
batch_001,encounters_epic_north.csv,1371,EPIC_NORTH,E3411661,a0256808192c25de35cc8267db501fefb8314c3edb35be3598cefa0ffd7c82b5,LINKED,,M,,40-64,,537,
batch_001,encounters_epic_north.csv,1372,EPIC_NORTH,E9199099,e777566353b8553a1412160d3f275dd8af763e619ee158bd581572dfb3b61201,LINKED,,F,,65+,,537,
batch_001,encounters_epic_north.csv,1373,EPIC_NORTH,E1097755,b7ae86928e011ee56c0a4cecbd737a7360648376ed3c254ed59ab77227fb6127,LINKED,,F,,0-17,,543,
batch_001,encounters_epic_north.csv,1374,EPIC_NORTH,E3099494,6cd6bd54ee245a199c2b103730e6047d1dc7bcf1d291ed6fef02b3b2c6b1a7fe,LINKED,,M,,0-17,,537,
batch_001,encounters_epic_north.csv,1375,EPIC_NORTH,E4631697,9ec5a2ce7d0165d043f75382d341b66a5a9d4455cd701be572afbf70db753cd5,LINKED,,M,,65+,,532,
batch_001,encounters_epic_north.csv,1376,EPIC_NORTH,E2615443,f3e88a71f34c0742164f6e211e1748a09c00d2724029d3f12bfd2af43ccde044,LINKED,,M,,40-64,,537,
batch_001,encounters_epic_north.csv,1377,EPIC_NORTH,E8389712,adbdd251d0276ec26d4251c45251919363b448bc9a5abd6d524d86a3fad91081,LINKED,,F,,40-64,,537,
batch_001,encounters_epic_north.csv,1378,EPIC_NORTH,E4051655,2cb78e81c4a38c50a5a5b6cdb65d0a934b3c0f517f26d92e88313a003537c671,LINKED,,F,,40-64,,543,
batch_001,encounters_epic_north.csv,1379,EPIC_NORTH,E7631946,3b7b739c2fbd1fcb4516b0d58b06344cfdbc3a1934f714a429c1e9bc73915257,LINKED,,F,,65+,,532,
batch_001,encounters_epic_north.csv,1380,EPIC_NORTH,E2416774,30d21eaba733e6bf8476fb948c24c5216e6c8c1f5a225e6b869aba4aa05a137e,LINKED,,F,,18-39,,537,
batch_001,encounters_epic_north.csv,1381,EPIC_NORTH,E8085849,2eba60342c7fb7715d0e1dcff20ce2554dd2ac311855cb21cdef597e805b538f,LINKED,,F,,40-64,,532,
batch_001,encounters_epic_north.csv,1382,EPIC_NORTH,E1979176,0f7f5d7c1749ca863f445a2dfaaf0d7417abc6b64b6f3eac37510389447f2c20,LINKED,,M,,18-39,,532,
batch_001,encounters_epic_north.csv,1383,EPIC_NORTH,E4600103,08b1ddc539912437931a1adef3921a3f074b6464e31aa7b2dd75ea07d703aa02,LINKED,,M,,40-64,,543,
batch_001,encounters_epic_north.csv,1384,EPIC_NORTH,E8302058,ad762673861a47183a41924844c5fdd767c88009d9d507c16e2a465b5122a526,LINKED,,F,,0-17,,541,
batch_001,encounters_epic_north.csv,1385,EPIC_NORTH,E5452132,8654a1b5b5a1a0222f05f032eade4b9e4a6f8b5fa9a69679099cdfa890f1d07b,LINKED,,F,,65+,,537,
batch_001,encounters_epic_north.csv,1386,EPIC_NORTH,E7113874,f4da818385a1a4fe7ebc5af302f5988aafd8d8a92baf1bce47ef9da4112ae91d,LINKED,,F,,40-64,,541,
batch_001,encounters_epic_north.csv,1387,EPIC_NORTH,E4785753,bfd1fa374b8aff71041201fd7937a30a58259a25500af659474a80a0e3819bc5,LINKED,,M,,40-64,,537,
batch_001,encounters_epic_north.csv,1388,EPIC_NORTH,E9277157,46231891c47573b4fc107a2b652a76e9d080e9b920554f828ca58407a43d8b2a,LINKED,,M,,18-39,,543,
batch_001,encounters_epic_north.csv,1389,EPIC_NORTH,E5971807,da802ea81d2536b3421e85cfbddd0fb45723e4baf24ece39af5b96449d3e6ca2,LINKED,,F,,40-64,,543,
batch_001,encounters_epic_north.csv,1390,EPIC_NORTH,E7071281,7ba6723bfbbbf742739b393aafbfc8fb3754a0ccda5d1187cce0577dc933df4e,LINKED,,M,,40-64,,531,
batch_001,encounters_epic_north.csv,1391,EPIC_NORTH,E6720893,f86690d8992be0a5024bbd7d2a95e6a60a19b452279c9929c56ee5a350181910,LINKED,,F,,65+,,520,
batch_001,encounters_epic_north.csv,1392,EPIC_NORTH,E4053663,44db6ec93bbfabc6e97ebcdb2aa03674714d029499cc436403843dd195a7cbb4,LINKED,,M,,40-64,,543,
batch_001,encounters_epic_north.csv,1393,EPIC_NORTH,E5797991,5486170f58053522005445b2094d0d4f9222aba7d1e23a8b1818c1be70317131,LINKED,,M,,40-64,,531,
batch_001,encounters_epic_north.csv,1394,EPIC_NORTH,E4237484,fb2d1909e03cd78bcd7124ef4ff243e585c0588adcd608a6e2cae88278aa84c4,LINKED,,M,,18-39,,532,
batch_001,encounters_epic_north.csv,1395,EPIC_NORTH,E1721204,04364891e476e4ec912883077cd352ab4b3903383f968f15e65ea04b947b71b7,LINKED,,M,,65+,,531,
batch_001,encounters_epic_north.csv,1396,EPIC_NORTH,E4058363,dfb27b08edc8eb275190740407a295c3786d5cf221504c422e6143683bbc5fd9,LINKED,,F,,18-39,,531,
batch_001,encounters_epic_north.csv,1397,EPIC_NORTH,E3626395,a9c1bc5fc186f32d0a5b51c1d4140d856159c516745b138192876b055dfff5a0,LINKED,,F,,18-39,,531,
batch_001,encounters_epic_north.csv,1398,EPIC_NORTH,E1219839,53c4461ba7222897ed82fe91b0edf7375a901ed6b0eed8df349c850eda5784a7,LINKED,,F,,18-39,,531,
batch_001,encounters_epic_north.csv,1399,EPIC_NORTH,E3576491,b067572502003964263cc878cd23ac1cbfa379c7ac3593a2ee417827ad5c327b,LINKED,,F,,40-64,,520,
batch_001,encounters_epic_north.csv,1400,EPIC_NORTH,E9688646,3bb0711f00a0818689e2384fd30ebdd9c5851de1fdbbda417a2b38baa3643544,LINKED,,M,,0-17,,537,
batch_001,encounters_epic_north.csv,1401,EPIC_NORTH,E7398023,dc5abe9414c3f76925d8323742bf57522478adbb15f5ed4f00929f37ee6d3928,LINKED,,F,,40-64,,537,
batch_001,encounters_epic_north.csv,1402,EPIC_NORTH,E3012899,e0d1a66ce5ff46b9e3c77932de49fb8fa8d7ac6c7ca9fbf801c40f3b13e0082f,LINKED,,M,,40-64,,531,
batch_001,encounters_epic_north.csv,1403,EPIC_NORTH,E8023072,83f5c1a73176b6c0fee1a9a63e33e8a8c8718bd0fbf6f98d8e28a47deac8abdb,LINKED,,M,,0-17,,537,
batch_001,encounters_epic_north.csv,1404,EPIC_NORTH,E9279362,9ce5d1040cf62ea25d8c29785a63d65d3f9493b02e44aca65e930e304f635df1,LINKED,,M,,65+,,531,
batch_001,encounters_epic_north.csv,1405,EPIC_NORTH,E1792838,56a05ebec02e2cb2a0a9969e866b49b3fea7b859f515fd8e56d37c887a70457d,LINKED,,F,,40-64,,543,
batch_001,encounters_epic_north.csv,1406,EPIC_NORTH,E3195150,2913a5696723f4057d5c6f98f3c1deef3cfdfa7b4043dd389e5537f510cc7d99,LINKED,,M,,40-64,,531,
batch_001,encounters_epic_north.csv,1407,EPIC_NORTH,E7538453,9bc283ee96c8c76eec86faaefca60b90f4fcfa21785fe76bc25ef5c9d9b3c23d,LINKED,,M,,40-64,,541,
batch_001,encounters_epic_north.csv,1408,EPIC_NORTH,E9110950,12ae6252ddb488a9fb0cfce529e375e602082656165eb86bb90a6cc68b3db501,LINKED,,F,,65+,,541,
batch_001,encounters_epic_north.csv,1409,EPIC_NORTH,E7746783,cddd00b29ab16cd4474996d3a0a72e5a35b6b03598a0c596335f86ba487c3884,LINKED,,M,,0-17,,531,
batch_001,encounters_epic_north.csv,1410,EPIC_NORTH,E3015725,254a2928bd35f999d4c5bf2835dc0a593cf85698cb3fc98fa30699fbc0a2e170,LINKED,,F,,40-64,,532,
batch_001,encounters_epic_north.csv,1411,EPIC_NORTH,E2583873,ce569b5860104cd71f133b23ebce62af52c1820d942b7b81660ac4089b32c925,LINKED,,M,,40-64,,532,
batch_001,encounters_epic_north.csv,1412,EPIC_NORTH,E3190646,438f3bce4eb6e5c422bbd27edb44235e9259375aa05207d1f1f5eaad72fda065,LINKED,,F,,40-64,,541,
batch_001,encounters_epic_north.csv,1413,EPIC_NORTH,E6164562,e52b39d4dec5735d23a20fdbb8710f2ab61b17c67fe0e1b669703961fdba74a0,LINKED,,M,,40-64,,532,
batch_001,encounters_epic_north.csv,1414,EPIC_NORTH,E5483257,07d747618b34229606bf156b2b0639f9a8ec7cc7195fd6b005986964e6c3d381,LINKED,,M,,18-39,,537,
batch_001,encounters_epic_north.csv,1415,EPIC_NORTH,E4765832,a3dd71bcc327b10fe1b25839ee2adcb81ce2069953a2d096ed6a3e205c15fb49,LINKED,,F,,18-39,,537,
batch_001,encounters_epic_north.csv,1416,EPIC_NORTH,E5442535,d8ac1909f93ac77c6f18e0d172bbe6def2611d1283c791b2656cd6a26096fddf,LINKED,,F,,65+,,531,
batch_001,encounters_epic_north.csv,1417,EPIC_NORTH,E6828562,a34128f3c476600aab2a1b6680d2285b9cadc4d9bd145ee8d92f18df0da4e046,LINKED,,M,,0-17,,532,
batch_001,encounters_epic_north.csv,1418,EPIC_NORTH,E7244643,2e9fa96e93120047ec7cd219ede45dde9c35d0cd512a2e9c1267a8b206d08634,LINKED,,M,,65+,,532,
batch_001,encounters_epic_north.csv,1419,EPIC_NORTH,E9945904,f86690d8992be0a5024bbd7d2a95e6a60a19b452279c9929c56ee5a350181910,LINKED,,F,,65+,,520,
batch_001,encounters_epic_north.csv,1420,EPIC_NORTH,E6314919,43c374e5ab9784e9995da33a6f2cc08b0f70943fb644befc5e771dc00f1be065,LINKED,,M,,40-64,,531,
batch_001,encounters_epic_north.csv,1421,EPIC_NORTH,E6942126,f38e1ceb558e859831c369e50b2a548de9b7c49b15ee40618863db4a82568a8a,LINKED,,M,,65+,,543,
batch_001,encounters_epic_north.csv,1422,EPIC_NORTH,E1341690,d57325493f8bc235279ad48271bad3e374a5d58d3368e082d5b5a6379a86fa67,LINKED,,M,,65+,,531,
batch_001,encounters_epic_north.csv,1423,EPIC_NORTH,E1253036,9223095ca9667fcd181bcb72b4da2f1516078f1375a9ae67a5ef6f6b00bbc747,LINKED,,M,,65+,,520,
batch_001,encounters_epic_north.csv,1424,EPIC_NORTH,E4552215,e20e94c379775d102e7a0c5899517413004be9a8137011b0be547e8c9b713da5,LINKED,,F,,40-64,,537,
batch_001,encounters_epic_north.csv,1425,EPIC_NORTH,E6167813,90036f0185398658a774e980f5a1dd4af508463c97b0ea104c40d056675c49ff,LINKED,,M,,40-64,,543,
batch_001,encounters_epic_north.csv,1426,EPIC_NORTH,E1879282,da802ea81d2536b3421e85cfbddd0fb45723e4baf24ece39af5b96449d3e6ca2,LINKED,,F,,65+,,543,
batch_001,encounters_epic_north.csv,1427,EPIC_NORTH,E6946305,f83d042a3f20a67ab33eec027d4e5a4731562cd0e552efbe44cab8d269839cf2,LINKED,,F,,40-64,,532,
batch_001,encounters_epic_north.csv,1428,EPIC_NORTH,E1861704,3e4b37c9f1d91ab19a60cd63c4daacb7fde3e968de13ef56d299a8dd15e1ef61,LINKED,,F,,0-17,,537,
batch_001,encounters_epic_north.csv,1429,EPIC_NORTH,E1330163,e6317f1d0a5da024bdff704f025b74e1e7c8b2bf73ff365389619b92083839e6,LINKED,,M,,40-64,,537,
batch_001,encounters_epic_north.csv,1430,EPIC_NORTH,E8409592,8aeb8894d420c3e30434e550fe0e8fa5d7acabf0e066f9c29cee410c82e1a1b4,LINKED,,M,,40-64,,543,
batch_001,encounters_epic_north.csv,1431,EPIC_NORTH,E4054729,0860e70327789c69bf0533fd18e15dddbb6ed6550f420ddbb6c159da10feb966,LINKED,,F,,40-64,,537,
batch_001,encounters_epic_north.csv,1432,EPIC_NORTH,E4734939,efc7581de7ab4bed5f068371a674820351cc089f9c0ded4364a3cfbb1e236359,LINKED,,M,,65+,,531,
batch_001,encounters_legacy_meditech.csv,1,LEGACY_MEDITECH,132498,97291e3a5432d8014203f60f15421d8636fa8b7893719b5b78763c4bad84066d,LINKED,,F,,18-39,,520,
batch_001,encounters_legacy_meditech.csv,2,LEGACY_MEDITECH,130116,9341a2ceaaca52f807b879f5d1e789cecc3d672ba4cf85c24309456026178aa2,LINKED,,F,,18-39,,611,
batch_001,encounters_legacy_meditech.csv,3,LEGACY_MEDITECH,124458,9a1732afd60c2b981add11c0b34fa08c2abbe1b86b49f060141b8b6a37a3651e,LINKED,,M,,65+,,537,
batch_001,encounters_legacy_meditech.csv,4,LEGACY_MEDITECH,128112,c7d695d7c44f0d6ab6d97cc34754fcff267ae4b697d26b27dabf7a17030c736f,LINKED,,F,,40-64,,520,
batch_001,encounters_legacy_meditech.csv,5,LEGACY_MEDITECH,129576,ddbae9686c495888259f67dc159a714affc18b6abae91c3438605f993ab595c7,LINKED,,F,,65+,,531,
batch_001,encounters_legacy_meditech.csv,6,LEGACY_MEDITECH,124153,c12449d4a4d06d9ea10bd0d5ca3069668f1ee8e5b65e08fc71df2d7e04a48679,LINKED,,F,,40-64,,524,
batch_001,encounters_legacy_meditech.csv,7,LEGACY_MEDITECH,134111,e9c2b9bf3a0e5e36d03db907fd4f63ecdbb3941b3ed1b60584758466b4c2ca9f,LINKED,,M,,40-64,,524,
batch_001,encounters_legacy_meditech.csv,8,LEGACY_MEDITECH,119666,aebb7fe9617212f8170756848ce24da8e4e83c57e28519c251d402b8e63d1f04,LINKED,,M,,65+,,524,
batch_001,encounters_legacy_meditech.csv,9,LEGACY_MEDITECH,133591,b6d09926d148bff949cfe46266eea8c41434111fed9e18594110f6889361a7ed,LINKED,,F,,40-64,,610,
batch_001,encounters_legacy_meditech.csv,10,LEGACY_MEDITECH,106549,d71bb365a1a8a4bf6a918153a547ea435b4dd1acdb79906cc69e365b88b45d07,LINKED,,M,,40-64,,610,
batch_001,encounters_legacy_meditech.csv,11,LEGACY_MEDITECH,104182,2dc0c62f98d40397a72762fb259f66700df6c5f10e581c9a36b155beef5a24cb,LINKED,,M,,40-64,,520,
batch_001,encounters_legacy_meditech.csv,12,LEGACY_MEDITECH,116367,8e6b4aa20253df9ecebde672ff41c9025c19916b0610c8483872cff2bee6998e,LINKED,,F,,40-64,,610,
batch_001,encounters_legacy_meditech.csv,13,LEGACY_MEDITECH,115549,72a3e4724033f9fbdb08987c2fff6e6f6773e26311938d27f7041ab77c4a911c,LINKED,,F,,18-39,,532,
batch_001,encounters_legacy_meditech.csv,14,LEGACY_MEDITECH,102579,33ff16553e1b1178c3405a7be5ba8e9d9640af65fdedca44fc6d8be86edaca40,LINKED,,M,,40-64,,610,
batch_001,encounters_legacy_meditech.csv,15,LEGACY_MEDITECH,117969,6e11edcafed8b19cdc2767e205f0fd735940060e66cfc7794cd60ef168e294ee,UNLINKED,PATIENT_UNLINKED_NO_DOB,M,,UNKNOWN,AGE_BAND_DOB_UNAVAILABLE,611,
batch_001,encounters_legacy_meditech.csv,16,LEGACY_MEDITECH,100101,e9c2b9bf3a0e5e36d03db907fd4f63ecdbb3941b3ed1b60584758466b4c2ca9f,LINKED,,M,,40-64,,524,
batch_001,encounters_legacy_meditech.csv,17,LEGACY_MEDITECH,104011,e9c2b9bf3a0e5e36d03db907fd4f63ecdbb3941b3ed1b60584758466b4c2ca9f,LINKED,,M,,40-64,,524,
batch_001,encounters_legacy_meditech.csv,18,LEGACY_MEDITECH,115196,c1e9fce2edadfff2fe7ea5c64362edc20b4058aba13c82556726adf9fc127b7b,LINKED,,F,,40-64,,610,
batch_001,encounters_legacy_meditech.csv,19,LEGACY_MEDITECH,100597,8e6b4aa20253df9ecebde672ff41c9025c19916b0610c8483872cff2bee6998e,LINKED,,F,,40-64,,610,
batch_001,encounters_legacy_meditech.csv,20,LEGACY_MEDITECH,134813,72936083e9785c0003975d1e6eb380dbdd05ba7799701d7fe30a9f7759457267,LINKED,,M,,40-64,,543,
batch_001,encounters_legacy_meditech.csv,21,LEGACY_MEDITECH,107418,1d5d42b0ecdde098ff700719f2d840bd1e4138fa41ccd3ed45c2d67272dda403,LINKED,,F,,65+,,520,
batch_001,encounters_legacy_meditech.csv,22,LEGACY_MEDITECH,131397,516d82572d1ae68e4d3d399b85ab6746c3600bca11eef2cad4c4898c7eeb25e5,LINKED,,M,,40-64,,610,
batch_001,encounters_legacy_meditech.csv,23,LEGACY_MEDITECH,137265,d4c0ca5900d82eda6eb5aa68e0795f7601560db759745e32d12aafd931423301,LINKED,,F,,65+,,524,
batch_001,encounters_legacy_meditech.csv,24,LEGACY_MEDITECH,106742,b6d09926d148bff949cfe46266eea8c41434111fed9e18594110f6889361a7ed,LINKED,,F,,40-64,,610,
batch_001,encounters_legacy_meditech.csv,25,LEGACY_MEDITECH,135423,c87c9dbed473892fe54f0a41a275244afc42bd10d3dec0cac58c754e5c3bcd42,LINKED,,F,,18-39,,611,
batch_001,encounters_legacy_meditech.csv,26,LEGACY_MEDITECH,128873,8acb28bb834e88da24c7c6e4a26bf5648b427256a9d9f24253dcd938e614265a,LINKED,,M,,40-64,,520,
batch_001,encounters_legacy_meditech.csv,27,LEGACY_MEDITECH,118221,8dc5f08e008ae42ee167515d5276abd069329f4a135d8229ed259010f533e3c6,LINKED,,F,,40-64,,611,
batch_001,encounters_legacy_meditech.csv,28,LEGACY_MEDITECH,120997,11fc40929a5259c604419fef304ce9acd556d7fdd4bfa5bdb613ea24901a4e67,LINKED,,F,,40-64,,520,
batch_001,encounters_legacy_meditech.csv,29,LEGACY_MEDITECH,139855,e426fce13a226d88feb7fb758b56554467b34d0c89128950f72a92fe851789f4,LINKED,,F,,65+,,611,
batch_001,encounters_legacy_meditech.csv,30,LEGACY_MEDITECH,122331,516d82572d1ae68e4d3d399b85ab6746c3600bca11eef2cad4c4898c7eeb25e5,LINKED,,M,,40-64,,610,
batch_001,encounters_legacy_meditech.csv,31,LEGACY_MEDITECH,110245,e78fac0ece883cf6667d22b7b1ed863d827fe000061c3be1ead4db9f0f0ee991,LINKED,,M,,40-64,,531,
batch_001,encounters_legacy_meditech.csv,32,LEGACY_MEDITECH,104415,8914f5856698eb0ea83ebd4a5d6065b45b1bd41660a36588c7cc72ec53c20468,LINKED,,F,,65+,,541,
batch_001,encounters_legacy_meditech.csv,33,LEGACY_MEDITECH,108679,7c084b3a726d3c8df305240df205690b5c4f4b688cfb7c5f6c37f4d6b312cc89,LINKED,,F,,65+,,610,
batch_001,encounters_legacy_meditech.csv,34,LEGACY_MEDITECH,127148,9a1732afd60c2b981add11c0b34fa08c2abbe1b86b49f060141b8b6a37a3651e,LINKED,,M,,65+,,537,
batch_001,encounters_legacy_meditech.csv,35,LEGACY_MEDITECH,128028,6bc66684247ab455962506e6061e596b40cfcdc0e7904b2557944a076cf4acf0,LINKED,,F,,40-64,,610,
batch_001,encounters_legacy_meditech.csv,36,LEGACY_MEDITECH,130609,a7f223845466607e102e168dc1230181299231ec8de36fd9e64b335616fdfd01,LINKED,,M,,40-64,,520,
batch_001,encounters_legacy_meditech.csv,37,LEGACY_MEDITECH,108613,9b3d1db9eb1e7d2042c4a1c71bce3c673913877d1a20fc73d4e8a08d7cdc9a28,LINKED,,F,,65+,,611,
batch_001,encounters_legacy_meditech.csv,38,LEGACY_MEDITECH,119242,9341a2ceaaca52f807b879f5d1e789cecc3d672ba4cf85c24309456026178aa2,LINKED,,F,,18-39,,611,
batch_001,encounters_legacy_meditech.csv,39,LEGACY_MEDITECH,105771,f64579cbae85c724afee09cab512178d5825c45cf51d2d9266a30c011f542732,LINKED,,M,,40-64,,520,
batch_001,encounters_legacy_meditech.csv,40,LEGACY_MEDITECH,125818,b559d791acef85ba45e3f233a1f36b3dbcdf9cf0f23267eae198b185f70eab24,LINKED,,F,,18-39,,610,
batch_001,encounters_legacy_meditech.csv,41,LEGACY_MEDITECH,107065,c9cf057abc289ae1b426d918c6fb8d13b2aa03774c678be797d7348a69ad180f,LINKED,,F,,65+,,543,
batch_001,encounters_legacy_meditech.csv,42,LEGACY_MEDITECH,131782,a2c419f7c446bf3c2d34ac243a56b406c67b0e9c85090311c06b314765fa8a7a,LINKED,,F,,18-39,,610,
batch_001,encounters_legacy_meditech.csv,43,LEGACY_MEDITECH,130310,3e99300e828067d375d97274db1df7c5dc6f6197867320791ca2871054b902ea,LINKED,,M,,65+,,611,
batch_001,encounters_legacy_meditech.csv,44,LEGACY_MEDITECH,132973,796b386baa38ee9d0dcda33873f9bc5be98a08fc0de12cce32b9db9cba0430e3,LINKED,,M,,18-39,,524,
batch_001,encounters_legacy_meditech.csv,45,LEGACY_MEDITECH,127953,ce9e1bdb93041ded2df31dc87450e4a6719f2f5da59a5b3ad35ab72574b66ae9,LINKED,,M,,18-39,,610,
batch_001,encounters_legacy_meditech.csv,46,LEGACY_MEDITECH,137981,10f20efe63a1c684e23da46f36e5c74783aaf6901470060d5d5f979fa06115e8,LINKED,,M,,65+,,610,
batch_001,encounters_legacy_meditech.csv,47,LEGACY_MEDITECH,104970,db563b7cd2e906c0abe528f4ddb5af65c1686b9c50e788cc62a7f59f9b1fa671,LINKED,,F,,0-17,,543,
batch_001,encounters_legacy_meditech.csv,48,LEGACY_MEDITECH,120181,85b7036214b1cf999cd775a8565d4c80d10628aa2c16e073f89053f51db06970,LINKED,,F,,18-39,,610,
batch_001,encounters_legacy_meditech.csv,49,LEGACY_MEDITECH,105340,a3dd71bcc327b10fe1b25839ee2adcb81ce2069953a2d096ed6a3e205c15fb49,LINKED,,F,,18-39,,537,
batch_001,encounters_legacy_meditech.csv,50,LEGACY_MEDITECH,106823,d46b8652d2794c645fadde4142b547fc961fd73d32f708f39232e0def4ebd2c3,LINKED,,M,,0-17,,532,
batch_001,encounters_legacy_meditech.csv,51,LEGACY_MEDITECH,115897,a112803519cb3555ea2722e8ed9ff16730f27a7f0ae0e012ca22f9f134e0d78b,LINKED,,F,,65+,,611,
batch_001,encounters_legacy_meditech.csv,52,LEGACY_MEDITECH,134054,f70d82d6421f314f39dda0149b4c5c4d30ed52a586d68c68ca73f5f22a5db845,LINKED,,F,,65+,,611,
batch_001,encounters_legacy_meditech.csv,53,LEGACY_MEDITECH,116868,c9cf057abc289ae1b426d918c6fb8d13b2aa03774c678be797d7348a69ad180f,LINKED,,F,,65+,,543,
batch_001,encounters_legacy_meditech.csv,54,LEGACY_MEDITECH,114490,cd5f3dea1f578df2af474bca5a7034b7de9956c68512f7effb90bbee6a4d1a70,LINKED,,M,,65+,,524,
batch_001,encounters_legacy_meditech.csv,55,LEGACY_MEDITECH,138999,c52aa25820e65263d50057b0248aa0bf8079a13584bfdc23902f775a2336672a,LINKED,,F,,40-64,,524,
batch_001,encounters_legacy_meditech.csv,56,LEGACY_MEDITECH,101825,3e0f2a9376d93b7a1935e008b24e22f1f5a86b67ef8bd2de9645b92a30ea8322,LINKED,,M,,40-64,,611,
batch_001,encounters_legacy_meditech.csv,57,LEGACY_MEDITECH,124691,f69a23027dd2a555ef148bef46cbab90f6cbbe255b053f61c04d272d1697f083,LINKED,,M,,65+,,611,
batch_001,encounters_legacy_meditech.csv,58,LEGACY_MEDITECH,110546,91117720cd888392947510ebbc415314e2f8bc0f5eda6da607aaeb272574ce05,LINKED,,M,,65+,,611,
batch_001,encounters_legacy_meditech.csv,59,LEGACY_MEDITECH,110308,77a9ad54dfc7d081b99ad0bedc94384ef0c47aace31273c976a49dd827aff195,LINKED,,M,,65+,,520,
batch_001,encounters_legacy_meditech.csv,60,LEGACY_MEDITECH,125660,94284ba0820917646b13b3c08f8ae29cf2a515bd3000a0a5bb2092c7ebdc54e6,LINKED,,F,,40-64,,531,
batch_001,encounters_legacy_meditech.csv,61,LEGACY_MEDITECH,120703,9b3d1db9eb1e7d2042c4a1c71bce3c673913877d1a20fc73d4e8a08d7cdc9a28,LINKED,,F,,65+,,611,
batch_001,encounters_legacy_meditech.csv,62,LEGACY_MEDITECH,124584,acb8114961bd9a072dbe86ee231974b5ff47bc396d8be980f8b04e7be16756c8,LINKED,,F,,40-64,,610,
batch_001,encounters_legacy_meditech.csv,63,LEGACY_MEDITECH,118492,9b3d1db9eb1e7d2042c4a1c71bce3c673913877d1a20fc73d4e8a08d7cdc9a28,LINKED,,F,,65+,,611,
batch_001,encounters_legacy_meditech.csv,64,LEGACY_MEDITECH,111046,7c084b3a726d3c8df305240df205690b5c4f4b688cfb7c5f6c37f4d6b312cc89,LINKED,,F,,65+,,610,
batch_001,encounters_legacy_meditech.csv,65,LEGACY_MEDITECH,110711,9223095ca9667fcd181bcb72b4da2f1516078f1375a9ae67a5ef6f6b00bbc747,LINKED,,M,,65+,,520,
batch_001,encounters_legacy_meditech.csv,66,LEGACY_MEDITECH,109178,965e299a45f96e7e9693e30edeb4482df3ba4de9561e25281682bcf4465bb59d,LINKED,,F,,40-64,,611,
batch_001,encounters_legacy_meditech.csv,67,LEGACY_MEDITECH,117797,80f37bcbdcfe29fbb534735dc8e0c7002147e6f5423dcc0d918d25a9245fae54,LINKED,,F,,40-64,,524,
batch_001,encounters_legacy_meditech.csv,68,LEGACY_MEDITECH,119661,6bc66684247ab455962506e6061e596b40cfcdc0e7904b2557944a076cf4acf0,LINKED,,F,,40-64,,610,
batch_001,encounters_legacy_meditech.csv,69,LEGACY_MEDITECH,108034,6549108b576c1b57178e332cb6e7c9edc23dafe4fcd139907c80f16e8493fdef,LINKED,,M,,65+,,520,
batch_001,encounters_legacy_meditech.csv,70,LEGACY_MEDITECH,123300,b8ceb2af98ef027130eb67ac68fe48b48aa9267b4be92cd39ba67ac5736c002e,LINKED,,F,,65+,,520,
batch_001,encounters_legacy_meditech.csv,71,LEGACY_MEDITECH,116005,f64579cbae85c724afee09cab512178d5825c45cf51d2d9266a30c011f542732,LINKED,,M,,40-64,,520,
batch_001,encounters_legacy_meditech.csv,72,LEGACY_MEDITECH,101825,3e0f2a9376d93b7a1935e008b24e22f1f5a86b67ef8bd2de9645b92a30ea8322,LINKED,,M,,40-64,,611,
batch_001,encounters_legacy_meditech.csv,73,LEGACY_MEDITECH,133739,1d5d42b0ecdde098ff700719f2d840bd1e4138fa41ccd3ed45c2d67272dda403,LINKED,,F,,65+,,520,
batch_001,encounters_legacy_meditech.csv,74,LEGACY_MEDITECH,131955,faf60aaef82f9fce0f4f101aabc9c9f9e5acf00d17b9cd921376f5f1fc1e520e,LINKED,,M,,40-64,,543,
batch_001,encounters_legacy_meditech.csv,75,LEGACY_MEDITECH,123428,9b3d1db9eb1e7d2042c4a1c71bce3c673913877d1a20fc73d4e8a08d7cdc9a28,LINKED,,F,,65+,,611,
batch_001,encounters_legacy_meditech.csv,76,LEGACY_MEDITECH,120596,8f6d0792bdbcf774562bebd8df4d0d009a6376fd3d79695bab4ae7ab02beb2d4,LINKED,,F,,0-17,,537,
batch_001,encounters_legacy_meditech.csv,77,LEGACY_MEDITECH,100535,7c084b3a726d3c8df305240df205690b5c4f4b688cfb7c5f6c37f4d6b312cc89,LINKED,,F,,65+,,610,
batch_001,encounters_legacy_meditech.csv,78,LEGACY_MEDITECH,108133,b6d09926d148bff949cfe46266eea8c41434111fed9e18594110f6889361a7ed,LINKED,,F,,40-64,,610,
batch_001,encounters_legacy_meditech.csv,79,LEGACY_MEDITECH,115995,566ada5751bf721ede60e06691bd3d52e546a52a58ee201fdecd27d6e2ddf054,LINKED,,M,,40-64,,610,
batch_001,encounters_legacy_meditech.csv,80,LEGACY_MEDITECH,104207,796b386baa38ee9d0dcda33873f9bc5be98a08fc0de12cce32b9db9cba0430e3,LINKED,,M,,18-39,,524,
batch_001,encounters_legacy_meditech.csv,81,LEGACY_MEDITECH,116405,85b7036214b1cf999cd775a8565d4c80d10628aa2c16e073f89053f51db06970,LINKED,,F,,18-39,,610,
batch_001,encounters_legacy_meditech.csv,82,LEGACY_MEDITECH,115410,3e0f2a9376d93b7a1935e008b24e22f1f5a86b67ef8bd2de9645b92a30ea8322,LINKED,,M,,40-64,,611,
batch_001,encounters_legacy_meditech.csv,83,LEGACY_MEDITECH,134917,f70d82d6421f314f39dda0149b4c5c4d30ed52a586d68c68ca73f5f22a5db845,LINKED,,F,,65+,,611,
batch_001,encounters_legacy_meditech.csv,84,LEGACY_MEDITECH,123899,e230286001362cf71b5f5510499147d6a06ca8d9ac3c598428518d29c5b61296,LINKED,,F,,40-64,,520,
batch_001,encounters_legacy_meditech.csv,85,LEGACY_MEDITECH,114474,ac5ee46ea0f4df37b2a1e078064e310be8162d8479e910816797e99b2d446f50,LINKED,,F,,40-64,,531,
batch_001,encounters_legacy_meditech.csv,86,LEGACY_MEDITECH,103105,d57325493f8bc235279ad48271bad3e374a5d58d3368e082d5b5a6379a86fa67,LINKED,,M,,65+,,531,
batch_001,encounters_legacy_meditech.csv,87,LEGACY_MEDITECH,132796,d71bb365a1a8a4bf6a918153a547ea435b4dd1acdb79906cc69e365b88b45d07,LINKED,,M,,40-64,,610,
batch_001,encounters_legacy_meditech.csv,88,LEGACY_MEDITECH,107129,8acb28bb834e88da24c7c6e4a26bf5648b427256a9d9f24253dcd938e614265a,LINKED,,M,,40-64,,520,
batch_001,encounters_legacy_meditech.csv,89,LEGACY_MEDITECH,110820,26dfe60dd85b0c466457ed8ad7611f8786b10e31c7e6bf667db801b005bad5f5,LINKED,,F,,65+,,524,
batch_001,encounters_legacy_meditech.csv,90,LEGACY_MEDITECH,117968,834beead6fa4459a6b857c8b342f5ef06ffb0814601ed5f8fde8c3d26abab232,LINKED,,F,,40-64,,537,
batch_001,encounters_legacy_meditech.csv,91,LEGACY_MEDITECH,129987,5aee3a3f186d51e81cf0dd16d3af75492c3ef0ce2361fc925abf2d62177002f9,UNLINKED,PATIENT_UNLINKED_NO_DOB,F,,UNKNOWN,AGE_BAND_DOB_UNAVAILABLE,611,
batch_001,encounters_legacy_meditech.csv,92,LEGACY_MEDITECH,105132,908e805eb08531dda98f6e53a4fa1ac9476988cb60ad77d075f97628c99794fb,LINKED,,M,,40-64,,541,
batch_001,encounters_legacy_meditech.csv,93,LEGACY_MEDITECH,119442,a7f223845466607e102e168dc1230181299231ec8de36fd9e64b335616fdfd01,LINKED,,M,,40-64,,520,
batch_001,encounters_legacy_meditech.csv,94,LEGACY_MEDITECH,119901,10f20efe63a1c684e23da46f36e5c74783aaf6901470060d5d5f979fa06115e8,LINKED,,M,,65+,,610,
batch_001,encounters_legacy_meditech.csv,95,LEGACY_MEDITECH,102497,54e454435328ce0cff4914e9f519fd00942f5e046240e6399063944cc90976b0,LINKED,,F,,40-64,,520,
batch_001,encounters_legacy_meditech.csv,96,LEGACY_MEDITECH,129219,c1e9fce2edadfff2fe7ea5c64362edc20b4058aba13c82556726adf9fc127b7b,LINKED,,F,,40-64,,610,
batch_001,encounters_legacy_meditech.csv,97,LEGACY_MEDITECH,123639,3004b568acd972536053f848555820cccbb4bc1bee3a75e1495f78b6891b5ac2,LINKED,,F,,40-64,,520,
batch_001,encounters_legacy_meditech.csv,98,LEGACY_MEDITECH,121802,ce9e1bdb93041ded2df31dc87450e4a6719f2f5da59a5b3ad35ab72574b66ae9,LINKED,,M,,18-39,,610,
batch_001,encounters_legacy_meditech.csv,99,LEGACY_MEDITECH,136900,ce9e1bdb93041ded2df31dc87450e4a6719f2f5da59a5b3ad35ab72574b66ae9,LINKED,,M,,18-39,,610,
batch_001,encounters_legacy_meditech.csv,100,LEGACY_MEDITECH,103380,2d4183637d516b18f00575e5b97a6954571043ffe667685bf9585671938f9aeb,LINKED,,F,,40-64,,524,
batch_001,encounters_legacy_meditech.csv,101,LEGACY_MEDITECH,131358,1f4a2f586131b07195a6c72332fd9aa240069de3316c240cedd1af842d12305b,LINKED,,F,,65+,,610,
batch_001,encounters_legacy_meditech.csv,102,LEGACY_MEDITECH,127709,a0b9918a3b90db6c7c7bd22075cb66669c3df8a2c0d60f48b549fedf053b2750,LINKED,,M,,65+,,520,
batch_001,encounters_legacy_meditech.csv,103,LEGACY_MEDITECH,115970,85b7036214b1cf999cd775a8565d4c80d10628aa2c16e073f89053f51db06970,LINKED,,F,,18-39,,610,
batch_001,encounters_legacy_meditech.csv,104,LEGACY_MEDITECH,117903,c1e9fce2edadfff2fe7ea5c64362edc20b4058aba13c82556726adf9fc127b7b,LINKED,,F,,40-64,,610,
batch_001,encounters_legacy_meditech.csv,105,LEGACY_MEDITECH,108548,11fc40929a5259c604419fef304ce9acd556d7fdd4bfa5bdb613ea24901a4e67,LINKED,,F,,40-64,,520,
batch_001,encounters_legacy_meditech.csv,106,LEGACY_MEDITECH,133013,7c084b3a726d3c8df305240df205690b5c4f4b688cfb7c5f6c37f4d6b312cc89,LINKED,,F,,65+,,610,
batch_001,encounters_legacy_meditech.csv,107,LEGACY_MEDITECH,134129,1f4a2f586131b07195a6c72332fd9aa240069de3316c240cedd1af842d12305b,LINKED,,F,,65+,,610,
batch_001,encounters_legacy_meditech.csv,108,LEGACY_MEDITECH,109031,516d82572d1ae68e4d3d399b85ab6746c3600bca11eef2cad4c4898c7eeb25e5,LINKED,,M,,40-64,,610,
batch_001,encounters_legacy_meditech.csv,109,LEGACY_MEDITECH,127751,80f37bcbdcfe29fbb534735dc8e0c7002147e6f5423dcc0d918d25a9245fae54,LINKED,,F,,40-64,,524,
batch_001,encounters_legacy_meditech.csv,110,LEGACY_MEDITECH,137455,92354bb51f0f76e034b72123b12ba5f47dc5c88b62a724f2b05cdadfb0534b9f,LINKED,,M,,40-64,,524,
batch_001,encounters_legacy_meditech.csv,111,LEGACY_MEDITECH,137700,6feba8256cb2e7ebf9482699bd2206b54a34b01f17bfb8b99c347edc80a60627,LINKED,,M,,65+,,531,
batch_001,encounters_legacy_meditech.csv,112,LEGACY_MEDITECH,114463,a2c419f7c446bf3c2d34ac243a56b406c67b0e9c85090311c06b314765fa8a7a,LINKED,,F,,18-39,,610,
batch_001,encounters_legacy_meditech.csv,113,LEGACY_MEDITECH,113204,d71bb365a1a8a4bf6a918153a547ea435b4dd1acdb79906cc69e365b88b45d07,LINKED,,M,,40-64,,610,
batch_001,encounters_legacy_meditech.csv,114,LEGACY_MEDITECH,103690,6feba8256cb2e7ebf9482699bd2206b54a34b01f17bfb8b99c347edc80a60627,LINKED,,M,,65+,,531,
batch_001,encounters_legacy_meditech.csv,115,LEGACY_MEDITECH,102147,f9520f0c105ee45966820137d0cff7749a6bf4d783baf311dc1bef2ad5b849dc,LINKED,,M,,18-39,,524,
batch_001,encounters_legacy_meditech.csv,116,LEGACY_MEDITECH,132006,f64579cbae85c724afee09cab512178d5825c45cf51d2d9266a30c011f542732,LINKED,,M,,40-64,,520,
batch_001,encounters_legacy_meditech.csv,117,LEGACY_MEDITECH,117661,74469dd6d66a0a5b2f730b581ef5331f41164ed83db6f36e5d4b34c2d1f02757,LINKED,,M,,40-64,,610,
batch_001,encounters_legacy_meditech.csv,118,LEGACY_MEDITECH,123863,8dc5f08e008ae42ee167515d5276abd069329f4a135d8229ed259010f533e3c6,LINKED,,F,,40-64,,611,
batch_001,encounters_legacy_meditech.csv,119,LEGACY_MEDITECH,116755,ac952d448bf2175a6ad45e2dee82d1cbb089430cce0b733e98651c08d296461b,LINKED,,M,,65+,,524,
batch_001,encounters_legacy_meditech.csv,120,LEGACY_MEDITECH,135156,43f8f727a088b7f0350713fee20053b360dcc94ff01bd1bfe7fe6f8a91430813,LINKED,,F,,18-39,,524,
batch_001,encounters_legacy_meditech.csv,121,LEGACY_MEDITECH,129823,0860e70327789c69bf0533fd18e15dddbb6ed6550f420ddbb6c159da10feb966,LINKED,,F,,40-64,,537,
batch_001,encounters_legacy_meditech.csv,122,LEGACY_MEDITECH,110226,1d5d42b0ecdde098ff700719f2d840bd1e4138fa41ccd3ed45c2d67272dda403,LINKED,,F,,65+,,520,
batch_001,encounters_legacy_meditech.csv,123,LEGACY_MEDITECH,132836,c12449d4a4d06d9ea10bd0d5ca3069668f1ee8e5b65e08fc71df2d7e04a48679,LINKED,,F,,UNKNOWN,AGE_BAND_ADMIT_UNAVAILABLE,524,
batch_001,encounters_legacy_meditech.csv,124,LEGACY_MEDITECH,129941,d50f0d16c7e7b0e00074ccc4ac22bee8ae4fec299425aa8e4404244b0eddf190,LINKED,,M,,40-64,,611,
batch_001,encounters_legacy_meditech.csv,125,LEGACY_MEDITECH,109816,c8fb18a17837832c1dbf12c1d419c6a7dde73345ccc348b5a523f5a8aa1bf5b6,LINKED,,M,,40-64,,610,
batch_001,encounters_legacy_meditech.csv,126,LEGACY_MEDITECH,120562,6e11edcafed8b19cdc2767e205f0fd735940060e66cfc7794cd60ef168e294ee,UNLINKED,PATIENT_UNLINKED_NO_DOB,M,,UNKNOWN,AGE_BAND_DOB_UNAVAILABLE,611,
batch_001,encounters_legacy_meditech.csv,127,LEGACY_MEDITECH,137552,7bbc5c55f1974c9c6639f41f3f523bee5024310bdeb6c4382d2bf099a1d1d3ab,LINKED,,M,,40-64,,611,
batch_001,encounters_legacy_meditech.csv,128,LEGACY_MEDITECH,118520,77a9ad54dfc7d081b99ad0bedc94384ef0c47aace31273c976a49dd827aff195,LINKED,,M,,65+,,520,
batch_001,encounters_legacy_meditech.csv,129,LEGACY_MEDITECH,116357,6e11edcafed8b19cdc2767e205f0fd735940060e66cfc7794cd60ef168e294ee,UNLINKED,PATIENT_UNLINKED_NO_DOB,M,,UNKNOWN,AGE_BAND_DOB_UNAVAILABLE,611,
batch_001,encounters_legacy_meditech.csv,130,LEGACY_MEDITECH,133646,908e805eb08531dda98f6e53a4fa1ac9476988cb60ad77d075f97628c99794fb,LINKED,,M,,40-64,,541,
batch_001,encounters_legacy_meditech.csv,131,LEGACY_MEDITECH,121244,cbcd639e4401894b795542f8a8fb3fd7a44911bfdf2f737affd249c5bdc03f2a,LINKED,,M,,18-39,,610,
batch_001,encounters_legacy_meditech.csv,132,LEGACY_MEDITECH,124364,72660abdbd0cce5b16851fd1884c64322f03bd44df5082bfa9105a7bef1cd090,LINKED,,M,,40-64,,524,
batch_001,encounters_legacy_meditech.csv,133,LEGACY_MEDITECH,120920,e0541b79238c4040a6bae3bd1e7ee789d6e64cfc59a444502fd4492d298ce872,LINKED,,M,,40-64,,520,
batch_001,encounters_legacy_meditech.csv,134,LEGACY_MEDITECH,118438,c3a67dd1d82c98fed88b7625cd3681c7066325b9d428b382026e5a6ae5c80585,LINKED,,M,,40-64,,524,
batch_001,encounters_legacy_meditech.csv,135,LEGACY_MEDITECH,119208,74469dd6d66a0a5b2f730b581ef5331f41164ed83db6f36e5d4b34c2d1f02757,LINKED,,M,,40-64,,610,
batch_001,encounters_legacy_meditech.csv,136,LEGACY_MEDITECH,100019,1092619ee8f2b8671f0db5c85ae2dc7184eb91ed7427f9c19a83bbee6c593874,LINKED,,F,,65+,,520,
batch_001,encounters_legacy_meditech.csv,137,LEGACY_MEDITECH,104901,1d5d42b0ecdde098ff700719f2d840bd1e4138fa41ccd3ed45c2d67272dda403,LINKED,,F,,65+,,520,
batch_001,encounters_legacy_meditech.csv,138,LEGACY_MEDITECH,131527,3e99300e828067d375d97274db1df7c5dc6f6197867320791ca2871054b902ea,LINKED,,M,,65+,,611,
batch_001,encounters_legacy_meditech.csv,139,LEGACY_MEDITECH,117428,d57325493f8bc235279ad48271bad3e374a5d58d3368e082d5b5a6379a86fa67,LINKED,,M,,65+,,531,
batch_001,encounters_legacy_meditech.csv,140,LEGACY_MEDITECH,121627,965e299a45f96e7e9693e30edeb4482df3ba4de9561e25281682bcf4465bb59d,LINKED,,F,,40-64,,611,
batch_001,encounters_legacy_meditech.csv,141,LEGACY_MEDITECH,133116,f4febf1dcb0d31a3dd6ddea04b3289a81c9ccf1abadc37b6fd1c5054e71c871a,LINKED,,F,,40-64,,524,
batch_001,encounters_legacy_meditech.csv,142,LEGACY_MEDITECH,110992,53db71a12fa42a390e14850254cf2c6430eec8c76932fd26a1c737d3e6ed3bc6,LINKED,,F,,18-39,,520,
batch_001,encounters_legacy_meditech.csv,143,LEGACY_MEDITECH,139478,7c62df9dec993746e52585f0a17d0ed2aed7e1e0048568135d169076524602c0,LINKED,,F,,40-64,,611,
batch_001,encounters_legacy_meditech.csv,144,LEGACY_MEDITECH,102389,65366fa93430ae2a110d243632584fd55a146781fde37bb3ece4b9bfb8d2c1f4,LINKED,,F,,65+,,610,
batch_001,encounters_legacy_meditech.csv,145,LEGACY_MEDITECH,128575,cbcd639e4401894b795542f8a8fb3fd7a44911bfdf2f737affd249c5bdc03f2a,LINKED,,M,,18-39,,610,
batch_001,encounters_legacy_meditech.csv,146,LEGACY_MEDITECH,110028,b1ed8805adefa0c03ca81112ffcef9cb6e3844e8c0e492a7f0ebf8521ff7a414,LINKED,,F,,40-64,,611,
batch_001,encounters_legacy_meditech.csv,147,LEGACY_MEDITECH,119157,a7f223845466607e102e168dc1230181299231ec8de36fd9e64b335616fdfd01,LINKED,,M,,40-64,,520,
batch_001,encounters_legacy_meditech.csv,148,LEGACY_MEDITECH,124642,aebb7fe9617212f8170756848ce24da8e4e83c57e28519c251d402b8e63d1f04,LINKED,,M,,65+,,524,
batch_001,encounters_legacy_meditech.csv,149,LEGACY_MEDITECH,117990,92354bb51f0f76e034b72123b12ba5f47dc5c88b62a724f2b05cdadfb0534b9f,LINKED,,M,,40-64,,524,
batch_001,encounters_legacy_meditech.csv,150,LEGACY_MEDITECH,127220,4451d7e2dd2fddb5700969528dfa07179efd56b95de27827f90161fd64d59a1c,LINKED,,M,,40-64,,524,
batch_001,encounters_legacy_meditech.csv,151,LEGACY_MEDITECH,132710,61102afa32e383542c68573489141676b44dee554cb90079cc9974edbce39f76,LINKED,,M,,40-64,,531,
batch_001,encounters_legacy_meditech.csv,152,LEGACY_MEDITECH,129582,23fab7a7c81e002f0e38788af745a2ca2cab9d6cfd0e8333f8c83898b7cead03,LINKED,,M,,65+,,524,
batch_001,encounters_legacy_meditech.csv,153,LEGACY_MEDITECH,114492,b6d09926d148bff949cfe46266eea8c41434111fed9e18594110f6889361a7ed,LINKED,,F,,40-64,,610,
batch_001,encounters_legacy_meditech.csv,154,LEGACY_MEDITECH,133904,6549108b576c1b57178e332cb6e7c9edc23dafe4fcd139907c80f16e8493fdef,LINKED,,M,,65+,,520,
batch_001,encounters_legacy_meditech.csv,155,LEGACY_MEDITECH,118605,c833fb7ef8f37850196c1b8ccf159998ceedd7b5a94494ffff86d8e0c1616b60,LINKED,,M,,40-64,,611,
batch_001,encounters_legacy_meditech.csv,156,LEGACY_MEDITECH,128309,3e99300e828067d375d97274db1df7c5dc6f6197867320791ca2871054b902ea,LINKED,,M,,65+,,611,
batch_001,encounters_legacy_meditech.csv,157,LEGACY_MEDITECH,115016,b6d09926d148bff949cfe46266eea8c41434111fed9e18594110f6889361a7ed,LINKED,,F,,40-64,,610,
batch_001,encounters_legacy_meditech.csv,158,LEGACY_MEDITECH,100513,f051f4d3efc89eec2eca9516bac0b226fe333fe58964eefd1921c27e86242d2c,LINKED,,F,,18-39,,611,
batch_001,encounters_legacy_meditech.csv,159,LEGACY_MEDITECH,139141,1092619ee8f2b8671f0db5c85ae2dc7184eb91ed7427f9c19a83bbee6c593874,LINKED,,F,,65+,,520,
batch_001,encounters_legacy_meditech.csv,160,LEGACY_MEDITECH,108609,a076f450c42b8391e489709701291e06fe83e449579df7407573570ee4541d04,LINKED,,F,,65+,,524,
batch_001,encounters_legacy_meditech.csv,161,LEGACY_MEDITECH,100552,e78fac0ece883cf6667d22b7b1ed863d827fe000061c3be1ead4db9f0f0ee991,LINKED,,M,,40-64,,531,
batch_001,encounters_legacy_meditech.csv,162,LEGACY_MEDITECH,122878,c8fb18a17837832c1dbf12c1d419c6a7dde73345ccc348b5a523f5a8aa1bf5b6,LINKED,,M,,40-64,,610,
batch_001,encounters_legacy_meditech.csv,163,LEGACY_MEDITECH,108196,e9c2b9bf3a0e5e36d03db907fd4f63ecdbb3941b3ed1b60584758466b4c2ca9f,LINKED,,M,,40-64,,524,
batch_001,encounters_legacy_meditech.csv,164,LEGACY_MEDITECH,117475,f051f4d3efc89eec2eca9516bac0b226fe333fe58964eefd1921c27e86242d2c,LINKED,,F,,0-17,,611,
batch_001,encounters_legacy_meditech.csv,165,LEGACY_MEDITECH,138155,a2c419f7c446bf3c2d34ac243a56b406c67b0e9c85090311c06b314765fa8a7a,LINKED,,F,,18-39,,610,
batch_001,encounters_legacy_meditech.csv,166,LEGACY_MEDITECH,128567,d7f2707c3b9b050989d481cefcbf0ca91eeac0bc60de60a81b768436664ae0dd,LINKED,,F,,18-39,,610,
batch_001,encounters_legacy_meditech.csv,167,LEGACY_MEDITECH,104665,4451d7e2dd2fddb5700969528dfa07179efd56b95de27827f90161fd64d59a1c,LINKED,,M,,40-64,,524,
batch_001,encounters_legacy_meditech.csv,168,LEGACY_MEDITECH,129553,3e99300e828067d375d97274db1df7c5dc6f6197867320791ca2871054b902ea,LINKED,,M,,65+,,611,
batch_001,encounters_legacy_meditech.csv,169,LEGACY_MEDITECH,114644,74469dd6d66a0a5b2f730b581ef5331f41164ed83db6f36e5d4b34c2d1f02757,LINKED,,M,,40-64,,610,
batch_001,encounters_legacy_meditech.csv,170,LEGACY_MEDITECH,106914,6e11edcafed8b19cdc2767e205f0fd735940060e66cfc7794cd60ef168e294ee,UNLINKED,PATIENT_UNLINKED_NO_DOB,M,,UNKNOWN,AGE_BAND_DOB_UNAVAILABLE,611,
batch_001,encounters_legacy_meditech.csv,171,LEGACY_MEDITECH,135512,7c084b3a726d3c8df305240df205690b5c4f4b688cfb7c5f6c37f4d6b312cc89,LINKED,,F,,65+,,610,
batch_001,encounters_legacy_meditech.csv,172,LEGACY_MEDITECH,112860,bc53f8ad53d017150478fe8e6def53bfeaf58e1a4313eb4d019892aaa7cba4f9,LINKED,,F,,40-64,,610,
batch_001,encounters_legacy_meditech.csv,173,LEGACY_MEDITECH,132432,89843194047ef6815dd7879eb3e34941079a9193ed8f668733da0e6d0f14fd6e,LINKED,,M,,40-64,,543,
batch_001,encounters_legacy_meditech.csv,174,LEGACY_MEDITECH,135861,bc53f8ad53d017150478fe8e6def53bfeaf58e1a4313eb4d019892aaa7cba4f9,LINKED,,F,,40-64,,610,
batch_001,encounters_legacy_meditech.csv,175,LEGACY_MEDITECH,109837,6e11edcafed8b19cdc2767e205f0fd735940060e66cfc7794cd60ef168e294ee,UNLINKED,PATIENT_UNLINKED_NO_DOB,M,,UNKNOWN,AGE_BAND_DOB_UNAVAILABLE,611,
batch_001,encounters_legacy_meditech.csv,176,LEGACY_MEDITECH,120347,de905c512f1e3dd7ba574197a2532ad5a40c909c4d86171b8ce6190a5feed55f,LINKED,,F,,18-39,,520,
batch_001,encounters_legacy_meditech.csv,177,LEGACY_MEDITECH,103030,3004b568acd972536053f848555820cccbb4bc1bee3a75e1495f78b6891b5ac2,LINKED,,F,,40-64,,520,
batch_001,encounters_legacy_meditech.csv,178,LEGACY_MEDITECH,117351,bfdfda9f198d0f86282d4e94e381d9bb3426ca9b50b062fa61ded8a4db7064a1,LINKED,,F,,40-64,,520,
batch_001,encounters_legacy_meditech.csv,179,LEGACY_MEDITECH,117361,b0b6b45fe052e8515aca8551ef58a50fec1b6e2d2416305949cffe7dacc20c0c,LINKED,,M,,65+,,531,
batch_001,encounters_legacy_meditech.csv,180,LEGACY_MEDITECH,123766,de905c512f1e3dd7ba574197a2532ad5a40c909c4d86171b8ce6190a5feed55f,LINKED,,F,,18-39,,520,
batch_001,encounters_legacy_meditech.csv,181,LEGACY_MEDITECH,117382,10eb9da1d5162633a6ca00efe8bb83d99bd85fa6e721dab1ad3749e21d7b3c0d,LINKED,,M,,65+,,520,
batch_001,encounters_legacy_meditech.csv,182,LEGACY_MEDITECH,125350,8e6b4aa20253df9ecebde672ff41c9025c19916b0610c8483872cff2bee6998e,LINKED,,F,,65+,,610,
batch_001,encounters_legacy_meditech.csv,183,LEGACY_MEDITECH,122562,c8f621d06e50f99f36d6be6472f7c7011c2329721307df5f05189d84e03850f4,LINKED,,F,,40-64,,610,
batch_001,encounters_legacy_meditech.csv,184,LEGACY_MEDITECH,124000,506291ba65d88dd708becb86bb304dc59a57f0f53c43e0e9295f63ea51265011,LINKED,,M,,40-64,,611,
batch_001,encounters_legacy_meditech.csv,185,LEGACY_MEDITECH,114790,10eb9da1d5162633a6ca00efe8bb83d99bd85fa6e721dab1ad3749e21d7b3c0d,LINKED,,M,,65+,,520,
batch_001,encounters_legacy_meditech.csv,186,LEGACY_MEDITECH,121496,91117720cd888392947510ebbc415314e2f8bc0f5eda6da607aaeb272574ce05,LINKED,,M,,65+,,611,
batch_001,encounters_legacy_meditech.csv,187,LEGACY_MEDITECH,118059,5aee3a3f186d51e81cf0dd16d3af75492c3ef0ce2361fc925abf2d62177002f9,UNLINKED,PATIENT_UNLINKED_NO_DOB,F,,UNKNOWN,AGE_BAND_DOB_UNAVAILABLE,611,
batch_001,encounters_legacy_meditech.csv,188,LEGACY_MEDITECH,117374,d71bb365a1a8a4bf6a918153a547ea435b4dd1acdb79906cc69e365b88b45d07,LINKED,,M,,40-64,,610,
batch_001,encounters_legacy_meditech.csv,189,LEGACY_MEDITECH,123153,d88350bf72116ea9e0281f1c183e9744dcf4f34616672f6c2249da0b1a3a55b6,LINKED,,M,,18-39,,524,
batch_001,encounters_legacy_meditech.csv,190,LEGACY_MEDITECH,112237,9b3d1db9eb1e7d2042c4a1c71bce3c673913877d1a20fc73d4e8a08d7cdc9a28,LINKED,,F,,65+,,611,
batch_001,encounters_legacy_meditech.csv,191,LEGACY_MEDITECH,135169,4b492259c5107414ecfbbf2be8c55f58bef784998a118c7e2e9dac542852b4cd,LINKED,,F,,40-64,,524,
batch_001,encounters_legacy_meditech.csv,192,LEGACY_MEDITECH,108441,75ae9276b82558220259e8c9cf4c74ba6acc8a5c1e6387006ab0b0d85aaf4ca3,LINKED,,M,,65+,,520,
batch_001,encounters_legacy_meditech.csv,193,LEGACY_MEDITECH,133262,1d5d42b0ecdde098ff700719f2d840bd1e4138fa41ccd3ed45c2d67272dda403,LINKED,,F,,65+,,520,
batch_001,encounters_legacy_meditech.csv,194,LEGACY_MEDITECH,128478,2b2578c943d7024b532d2802d1b3bc88d5f32db9aa63890e359b943535b35b1e,LINKED,,F,,18-39,,524,
batch_001,encounters_legacy_meditech.csv,195,LEGACY_MEDITECH,138967,53db71a12fa42a390e14850254cf2c6430eec8c76932fd26a1c737d3e6ed3bc6,LINKED,,F,,18-39,,520,
batch_001,encounters_legacy_meditech.csv,196,LEGACY_MEDITECH,100776,8d9e99725ca8477c0408d3fb8d084d05d78fab7ba6ec2d453aa73f6a9383abfe,LINKED,,M,,18-39,,520,
batch_001,encounters_legacy_meditech.csv,197,LEGACY_MEDITECH,130264,08a452cf80b72a9f291ab28e3d2c6bb15feca827a8f46c0818842b9507229f07,LINKED,,F,,18-39,,524,
batch_001,encounters_legacy_meditech.csv,198,LEGACY_MEDITECH,111911,6bc66684247ab455962506e6061e596b40cfcdc0e7904b2557944a076cf4acf0,LINKED,,F,,40-64,,610,
batch_001,encounters_legacy_meditech.csv,199,LEGACY_MEDITECH,121108,8d9e99725ca8477c0408d3fb8d084d05d78fab7ba6ec2d453aa73f6a9383abfe,LINKED,,M,,18-39,,520,
batch_001,encounters_legacy_meditech.csv,200,LEGACY_MEDITECH,104962,0307f1c5e61f1f8c0b3cc902dd433d13b247fff81a08381aedd18192b8297d73,LINKED,,M,,65+,,610,
batch_001,encounters_legacy_meditech.csv,201,LEGACY_MEDITECH,111377,bfdfda9f198d0f86282d4e94e381d9bb3426ca9b50b062fa61ded8a4db7064a1,LINKED,,F,,40-64,,520,
batch_001,encounters_legacy_meditech.csv,202,LEGACY_MEDITECH,110958,d7f2707c3b9b050989d481cefcbf0ca91eeac0bc60de60a81b768436664ae0dd,LINKED,,F,,18-39,,610,
batch_001,encounters_legacy_meditech.csv,203,LEGACY_MEDITECH,114986,6549108b576c1b57178e332cb6e7c9edc23dafe4fcd139907c80f16e8493fdef,LINKED,,M,,65+,,520,
batch_001,encounters_legacy_meditech.csv,204,LEGACY_MEDITECH,103556,5a37e630b49fe710722c85116872d3a8fff2d1d284a92d673dea79619bcd1c1e,LINKED,,F,,40-64,,543,
batch_001,encounters_legacy_meditech.csv,205,LEGACY_MEDITECH,121819,3c796c88f5884fe6ed2a9f92331b5e6b2e91d73358540e8eddbb2209f5025212,LINKED,,F,,40-64,,610,
batch_001,encounters_legacy_meditech.csv,206,LEGACY_MEDITECH,121824,ac7d6323d1ba190920973e65d3d1a01170893e17bf5ad3bb58cd0899adfe8a5e,LINKED,,F,,40-64,,611,
batch_001,encounters_legacy_meditech.csv,207,LEGACY_MEDITECH,133412,516d82572d1ae68e4d3d399b85ab6746c3600bca11eef2cad4c4898c7eeb25e5,LINKED,,M,,40-64,,610,
batch_001,encounters_legacy_meditech.csv,208,LEGACY_MEDITECH,124055,3e99300e828067d375d97274db1df7c5dc6f6197867320791ca2871054b902ea,LINKED,,M,,65+,,611,
batch_001,encounters_legacy_meditech.csv,209,LEGACY_MEDITECH,134685,8acb28bb834e88da24c7c6e4a26bf5648b427256a9d9f24253dcd938e614265a,LINKED,,M,,40-64,,520,
batch_001,encounters_legacy_meditech.csv,210,LEGACY_MEDITECH,105394,bcd75a502f539f9ffe590c905464fd8960eb9efc87332855848f64409ee434b1,LINKED,,F,,40-64,,611,
batch_001,encounters_legacy_meditech.csv,211,LEGACY_MEDITECH,105234,3004b568acd972536053f848555820cccbb4bc1bee3a75e1495f78b6891b5ac2,LINKED,,F,,40-64,,520,
batch_001,encounters_legacy_meditech.csv,212,LEGACY_MEDITECH,110363,c231867be1eb141b7b2bfd0270c16a38dff697f179e2ea67c9e8e3f5e9f568c6,LINKED,,F,,18-39,,524,
batch_001,encounters_legacy_meditech.csv,213,LEGACY_MEDITECH,101954,74469dd6d66a0a5b2f730b581ef5331f41164ed83db6f36e5d4b34c2d1f02757,LINKED,,M,,40-64,,610,
batch_001,encounters_legacy_meditech.csv,214,LEGACY_MEDITECH,107263,b067572502003964263cc878cd23ac1cbfa379c7ac3593a2ee417827ad5c327b,LINKED,,F,,40-64,,520,
batch_001,encounters_legacy_meditech.csv,215,LEGACY_MEDITECH,123063,483f06416eb921a01656a02123c3cc02482e2d233173d4d13369fb552fdad39a,LINKED,,M,,40-64,,531,
batch_001,encounters_legacy_meditech.csv,216,LEGACY_MEDITECH,134487,b559d791acef85ba45e3f233a1f36b3dbcdf9cf0f23267eae198b185f70eab24,LINKED,,F,,18-39,,610,
batch_001,encounters_legacy_meditech.csv,217,LEGACY_MEDITECH,127586,7bbc5c55f1974c9c6639f41f3f523bee5024310bdeb6c4382d2bf099a1d1d3ab,LINKED,,M,,40-64,,611,
batch_001,encounters_legacy_meditech.csv,218,LEGACY_MEDITECH,112870,0860e70327789c69bf0533fd18e15dddbb6ed6550f420ddbb6c159da10feb966,LINKED,,F,,40-64,,537,
batch_001,encounters_legacy_meditech.csv,219,LEGACY_MEDITECH,123101,65366fa93430ae2a110d243632584fd55a146781fde37bb3ece4b9bfb8d2c1f4,LINKED,,F,,65+,,610,
batch_001,encounters_legacy_meditech.csv,220,LEGACY_MEDITECH,104538,c1e9fce2edadfff2fe7ea5c64362edc20b4058aba13c82556726adf9fc127b7b,LINKED,,F,,40-64,,610,
batch_001,encounters_legacy_meditech.csv,221,LEGACY_MEDITECH,101272,85b7036214b1cf999cd775a8565d4c80d10628aa2c16e073f89053f51db06970,LINKED,,F,,18-39,,610,
batch_001,encounters_legacy_meditech.csv,222,LEGACY_MEDITECH,122712,ef9c941fb386c93d90e7c5afd2a8f7d417aca9cd5b6940a117ea8f0ae9276671,LINKED,,M,,40-64,,610,
batch_001,encounters_legacy_meditech.csv,223,LEGACY_MEDITECH,112643,a8fd4e19eb0ee07fce107838bc9f07e73b3dd783b12c96e707ac84a4ffacb68a,LINKED,,M,,40-64,,541,
batch_001,encounters_legacy_meditech.csv,224,LEGACY_MEDITECH,123618,bd67e3946b7b85469caec716925d41f4a5ce9df7d03a47292ecdd104f34694c2,LINKED,,F,,40-64,,524,
batch_001,encounters_legacy_meditech.csv,225,LEGACY_MEDITECH,115277,dc120446d5ea3af85755fb3bd260eaeefbca10827d20eecd4ff0c2c3609fff18,LINKED,,M,,18-39,,520,
batch_001,encounters_legacy_meditech.csv,226,LEGACY_MEDITECH,131324,5a37e630b49fe710722c85116872d3a8fff2d1d284a92d673dea79619bcd1c1e,LINKED,,F,,40-64,,543,
batch_001,encounters_legacy_meditech.csv,227,LEGACY_MEDITECH,133691,e230286001362cf71b5f5510499147d6a06ca8d9ac3c598428518d29c5b61296,LINKED,,F,,40-64,,520,
batch_001,encounters_legacy_meditech.csv,228,LEGACY_MEDITECH,124370,c8fb18a17837832c1dbf12c1d419c6a7dde73345ccc348b5a523f5a8aa1bf5b6,LINKED,,M,,40-64,,610,
batch_001,encounters_legacy_meditech.csv,229,LEGACY_MEDITECH,138625,6e11edcafed8b19cdc2767e205f0fd735940060e66cfc7794cd60ef168e294ee,UNLINKED,PATIENT_UNLINKED_NO_DOB,M,,UNKNOWN,AGE_BAND_DOB_UNAVAILABLE,611,
batch_001,encounters_legacy_meditech.csv,230,LEGACY_MEDITECH,108866,10f20efe63a1c684e23da46f36e5c74783aaf6901470060d5d5f979fa06115e8,LINKED,,M,,65+,,610,
batch_001,encounters_legacy_meditech.csv,231,LEGACY_MEDITECH,128581,5a37e630b49fe710722c85116872d3a8fff2d1d284a92d673dea79619bcd1c1e,LINKED,,F,,40-64,,543,
batch_001,encounters_legacy_meditech.csv,232,LEGACY_MEDITECH,124811,cbcd639e4401894b795542f8a8fb3fd7a44911bfdf2f737affd249c5bdc03f2a,LINKED,,M,,18-39,,610,
batch_001,encounters_legacy_meditech.csv,233,LEGACY_MEDITECH,134267,8e6b4aa20253df9ecebde672ff41c9025c19916b0610c8483872cff2bee6998e,LINKED,,F,,65+,,610,
batch_001,encounters_legacy_meditech.csv,234,LEGACY_MEDITECH,127154,3e99300e828067d375d97274db1df7c5dc6f6197867320791ca2871054b902ea,LINKED,,M,,65+,,611,
batch_001,encounters_legacy_meditech.csv,235,LEGACY_MEDITECH,119357,dc5abe9414c3f76925d8323742bf57522478adbb15f5ed4f00929f37ee6d3928,LINKED,,F,,40-64,,537,
batch_001,encounters_legacy_meditech.csv,236,LEGACY_MEDITECH,139659,7c084b3a726d3c8df305240df205690b5c4f4b688cfb7c5f6c37f4d6b312cc89,LINKED,,F,,65+,,610,
batch_001,encounters_legacy_meditech.csv,237,LEGACY_MEDITECH,126936,9b3d1db9eb1e7d2042c4a1c71bce3c673913877d1a20fc73d4e8a08d7cdc9a28,LINKED,,F,,65+,,611,
batch_001,encounters_legacy_meditech.csv,238,LEGACY_MEDITECH,138938,b1ed8805adefa0c03ca81112ffcef9cb6e3844e8c0e492a7f0ebf8521ff7a414,LINKED,,F,,40-64,,611,
batch_001,encounters_legacy_meditech.csv,239,LEGACY_MEDITECH,136241,6145956b2424bdc2ee1eec94ac222971d402526e328b54dbe202b4bc21aecefb,LINKED,,M,,40-64,,520,
batch_001,encounters_legacy_meditech.csv,240,LEGACY_MEDITECH,108699,c1e9fce2edadfff2fe7ea5c64362edc20b4058aba13c82556726adf9fc127b7b,LINKED,,F,,40-64,,610,
batch_001,encounters_legacy_meditech.csv,241,LEGACY_MEDITECH,130282,bfdfda9f198d0f86282d4e94e381d9bb3426ca9b50b062fa61ded8a4db7064a1,LINKED,,F,,40-64,,520,
batch_001,encounters_legacy_meditech.csv,242,LEGACY_MEDITECH,113284,a2c419f7c446bf3c2d34ac243a56b406c67b0e9c85090311c06b314765fa8a7a,LINKED,,F,,18-39,,610,
batch_001,encounters_legacy_meditech.csv,243,LEGACY_MEDITECH,122909,f15cc702edf348ed365196dfc1867dc58c6c7f60183278b65242eb8de793a0f2,LINKED,,M,,40-64,,520,
batch_001,encounters_legacy_meditech.csv,244,LEGACY_MEDITECH,113586,e0541b79238c4040a6bae3bd1e7ee789d6e64cfc59a444502fd4492d298ce872,LINKED,,M,,40-64,,520,
batch_001,encounters_legacy_meditech.csv,245,LEGACY_MEDITECH,129612,4a55920d8de52a0a1c3559691bd5a0e63bba71d6932fb07b80eeb24d9d49edfd,LINKED,,M,,40-64,,611,
batch_001,encounters_legacy_meditech.csv,246,LEGACY_MEDITECH,106507,7bbc5c55f1974c9c6639f41f3f523bee5024310bdeb6c4382d2bf099a1d1d3ab,LINKED,,M,,40-64,,611,
batch_001,encounters_legacy_meditech.csv,247,LEGACY_MEDITECH,109640,ce9e1bdb93041ded2df31dc87450e4a6719f2f5da59a5b3ad35ab72574b66ae9,LINKED,,M,,18-39,,610,
batch_001,encounters_legacy_meditech.csv,248,LEGACY_MEDITECH,131797,d46b8652d2794c645fadde4142b547fc961fd73d32f708f39232e0def4ebd2c3,LINKED,,M,,0-17,,532,
batch_001,encounters_legacy_meditech.csv,249,LEGACY_MEDITECH,129338,4a55920d8de52a0a1c3559691bd5a0e63bba71d6932fb07b80eeb24d9d49edfd,LINKED,,M,,40-64,,611,
batch_001,encounters_legacy_meditech.csv,250,LEGACY_MEDITECH,130091,d444e0c0543f6886465a349b8dc0616c3e87d6b48f01fde9cc7d0ad5669c9fd2,LINKED,,F,,40-64,,610,
batch_001,encounters_legacy_meditech.csv,251,LEGACY_MEDITECH,113634,3c796c88f5884fe6ed2a9f92331b5e6b2e91d73358540e8eddbb2209f5025212,LINKED,,F,,40-64,,610,
batch_001,encounters_legacy_meditech.csv,252,LEGACY_MEDITECH,116577,43f8f727a088b7f0350713fee20053b360dcc94ff01bd1bfe7fe6f8a91430813,LINKED,,F,,18-39,,524,
batch_001,encounters_legacy_meditech.csv,253,LEGACY_MEDITECH,123206,d50f0d16c7e7b0e00074ccc4ac22bee8ae4fec299425aa8e4404244b0eddf190,LINKED,,M,,40-64,,611,
batch_001,encounters_legacy_meditech.csv,254,LEGACY_MEDITECH,116056,03d2b325ce753bae04cdc11eb5a43de04f827d19e6216edff9a4f2cf0e4a3fa7,LINKED,,M,,40-64,,520,
batch_001,encounters_legacy_meditech.csv,255,LEGACY_MEDITECH,101926,2e05584e2ef3378b0e5a4f9d1c39138b2f4a6fd7c2f303f60457347c45babc75,LINKED,,M,,40-64,,524,
batch_001,encounters_legacy_meditech.csv,256,LEGACY_MEDITECH,110903,506291ba65d88dd708becb86bb304dc59a57f0f53c43e0e9295f63ea51265011,LINKED,,M,,40-64,,611,
batch_001,encounters_legacy_meditech.csv,257,LEGACY_MEDITECH,112228,43f8f727a088b7f0350713fee20053b360dcc94ff01bd1bfe7fe6f8a91430813,LINKED,,F,,18-39,,524,
batch_001,encounters_legacy_meditech.csv,258,LEGACY_MEDITECH,129044,bcd75a502f539f9ffe590c905464fd8960eb9efc87332855848f64409ee434b1,LINKED,,F,,40-64,,611,
batch_001,encounters_legacy_meditech.csv,259,LEGACY_MEDITECH,125169,1f4a2f586131b07195a6c72332fd9aa240069de3316c240cedd1af842d12305b,LINKED,,F,,65+,,610,
batch_001,encounters_legacy_meditech.csv,260,LEGACY_MEDITECH,130271,8aeb8894d420c3e30434e550fe0e8fa5d7acabf0e066f9c29cee410c82e1a1b4,LINKED,,M,,UNKNOWN,AGE_BAND_ADMIT_UNAVAILABLE,543,
batch_001,encounters_legacy_meditech.csv,261,LEGACY_MEDITECH,122965,796b386baa38ee9d0dcda33873f9bc5be98a08fc0de12cce32b9db9cba0430e3,LINKED,,M,,18-39,,524,
batch_001,encounters_legacy_meditech.csv,262,LEGACY_MEDITECH,138126,54eac4d9331eb2fe57f27aa4f91b413952e551c0bf2288f4ab298f151ce054e3,LINKED,,F,,65+,,520,
batch_001,encounters_legacy_meditech.csv,263,LEGACY_MEDITECH,115549,72a3e4724033f9fbdb08987c2fff6e6f6773e26311938d27f7041ab77c4a911c,LINKED,,F,,18-39,,532,
batch_001,encounters_legacy_meditech.csv,264,LEGACY_MEDITECH,116232,c87c9dbed473892fe54f0a41a275244afc42bd10d3dec0cac58c754e5c3bcd42,LINKED,,F,,18-39,,611,
batch_001,encounters_legacy_meditech.csv,265,LEGACY_MEDITECH,128496,61102afa32e383542c68573489141676b44dee554cb90079cc9974edbce39f76,LINKED,,M,,40-64,,531,
batch_001,encounters_legacy_meditech.csv,266,LEGACY_MEDITECH,120367,85b7036214b1cf999cd775a8565d4c80d10628aa2c16e073f89053f51db06970,LINKED,,F,,18-39,,610,
batch_001,encounters_legacy_meditech.csv,267,LEGACY_MEDITECH,110863,75ae9276b82558220259e8c9cf4c74ba6acc8a5c1e6387006ab0b0d85aaf4ca3,LINKED,,M,,65+,,520,
batch_001,encounters_legacy_meditech.csv,268,LEGACY_MEDITECH,132236,d71bb365a1a8a4bf6a918153a547ea435b4dd1acdb79906cc69e365b88b45d07,LINKED,,M,,40-64,,610,
batch_001,encounters_legacy_meditech.csv,269,LEGACY_MEDITECH,120010,26dfe60dd85b0c466457ed8ad7611f8786b10e31c7e6bf667db801b005bad5f5,LINKED,,F,,65+,,524,
batch_001,encounters_legacy_meditech.csv,270,LEGACY_MEDITECH,127751,80f37bcbdcfe29fbb534735dc8e0c7002147e6f5423dcc0d918d25a9245fae54,LINKED,,F,,40-64,,524,
batch_001,encounters_legacy_meditech.csv,271,LEGACY_MEDITECH,119916,3e99300e828067d375d97274db1df7c5dc6f6197867320791ca2871054b902ea,LINKED,,M,,65+,,611,
batch_001,encounters_legacy_meditech.csv,272,LEGACY_MEDITECH,116438,8e6b4aa20253df9ecebde672ff41c9025c19916b0610c8483872cff2bee6998e,LINKED,,F,,65+,,610,
batch_001,encounters_legacy_meditech.csv,273,LEGACY_MEDITECH,137691,72660abdbd0cce5b16851fd1884c64322f03bd44df5082bfa9105a7bef1cd090,LINKED,,M,,40-64,,524,
batch_001,encounters_legacy_meditech.csv,274,LEGACY_MEDITECH,132586,2c546ef54127ea5b3393a29699ffaf8f59c71a1497743992bd2025e4a7f83896,LINKED,,M,,65+,,520,
batch_001,encounters_legacy_meditech.csv,275,LEGACY_MEDITECH,139496,78e45f0a7184759025c720321173d99ffa476f4d2b30a01f18649baede771045,LINKED,,F,,40-64,,537,
batch_001,encounters_legacy_meditech.csv,276,LEGACY_MEDITECH,111033,e2d592d303e2c2cdd282ab4f60da9d3bca1361bd6b154a955013a58b5c0da938,LINKED,,M,,UNKNOWN,AGE_BAND_ADMIT_UNAVAILABLE,610,
batch_001,encounters_legacy_meditech.csv,277,LEGACY_MEDITECH,116005,f64579cbae85c724afee09cab512178d5825c45cf51d2d9266a30c011f542732,LINKED,,M,,40-64,,520,
batch_001,encounters_legacy_meditech.csv,278,LEGACY_MEDITECH,113148,ce9e1bdb93041ded2df31dc87450e4a6719f2f5da59a5b3ad35ab72574b66ae9,LINKED,,M,,18-39,,610,
batch_001,encounters_legacy_meditech.csv,279,LEGACY_MEDITECH,103034,ac5ee46ea0f4df37b2a1e078064e310be8162d8479e910816797e99b2d446f50,LINKED,,F,,40-64,,531,
batch_001,encounters_legacy_meditech.csv,280,LEGACY_MEDITECH,117369,5a37e630b49fe710722c85116872d3a8fff2d1d284a92d673dea79619bcd1c1e,LINKED,,F,,40-64,,543,
batch_001,encounters_legacy_meditech.csv,281,LEGACY_MEDITECH,139234,b9ce4a7ec13ff1f4bd3886f55445e3a68935c31df617f99df1a93c83198e9350,LINKED,,F,,18-39,,524,
batch_001,encounters_legacy_meditech.csv,282,LEGACY_MEDITECH,104050,ac5ee46ea0f4df37b2a1e078064e310be8162d8479e910816797e99b2d446f50,LINKED,,F,,40-64,,531,
batch_001,encounters_legacy_meditech.csv,283,LEGACY_MEDITECH,123584,ac952d448bf2175a6ad45e2dee82d1cbb089430cce0b733e98651c08d296461b,LINKED,,M,,65+,,524,
batch_001,encounters_legacy_meditech.csv,284,LEGACY_MEDITECH,138991,bd67e3946b7b85469caec716925d41f4a5ce9df7d03a47292ecdd104f34694c2,LINKED,,F,,40-64,,524,
batch_001,encounters_legacy_meditech.csv,285,LEGACY_MEDITECH,130562,c1e9fce2edadfff2fe7ea5c64362edc20b4058aba13c82556726adf9fc127b7b,LINKED,,F,,40-64,,610,
batch_001,encounters_legacy_meditech.csv,286,LEGACY_MEDITECH,131873,b8ceb2af98ef027130eb67ac68fe48b48aa9267b4be92cd39ba67ac5736c002e,LINKED,,F,,65+,,520,
batch_001,encounters_legacy_meditech.csv,287,LEGACY_MEDITECH,124987,8acb28bb834e88da24c7c6e4a26bf5648b427256a9d9f24253dcd938e614265a,LINKED,,M,,40-64,,520,
batch_001,encounters_legacy_meditech.csv,288,LEGACY_MEDITECH,102230,b559d791acef85ba45e3f233a1f36b3dbcdf9cf0f23267eae198b185f70eab24,LINKED,,F,,18-39,,610,
batch_001,encounters_legacy_meditech.csv,289,LEGACY_MEDITECH,108643,c87c9dbed473892fe54f0a41a275244afc42bd10d3dec0cac58c754e5c3bcd42,LINKED,,F,,18-39,,611,
batch_001,encounters_legacy_meditech.csv,290,LEGACY_MEDITECH,129407,85b7036214b1cf999cd775a8565d4c80d10628aa2c16e073f89053f51db06970,LINKED,,F,,18-39,,610,
batch_001,encounters_legacy_meditech.csv,291,LEGACY_MEDITECH,103456,8acb28bb834e88da24c7c6e4a26bf5648b427256a9d9f24253dcd938e614265a,LINKED,,M,,40-64,,520,
batch_001,encounters_legacy_meditech.csv,292,LEGACY_MEDITECH,124198,1d5d42b0ecdde098ff700719f2d840bd1e4138fa41ccd3ed45c2d67272dda403,LINKED,,F,,65+,,520,
batch_001,encounters_legacy_meditech.csv,293,LEGACY_MEDITECH,120213,92354bb51f0f76e034b72123b12ba5f47dc5c88b62a724f2b05cdadfb0534b9f,LINKED,,M,,40-64,,524,
batch_001,encounters_legacy_meditech.csv,294,LEGACY_MEDITECH,110785,c8f621d06e50f99f36d6be6472f7c7011c2329721307df5f05189d84e03850f4,LINKED,,F,,40-64,,610,
batch_001,encounters_legacy_meditech.csv,295,LEGACY_MEDITECH,127042,91117720cd888392947510ebbc415314e2f8bc0f5eda6da607aaeb272574ce05,LINKED,,M,,65+,,611,
batch_001,encounters_legacy_meditech.csv,296,LEGACY_MEDITECH,122640,aebb7fe9617212f8170756848ce24da8e4e83c57e28519c251d402b8e63d1f04,LINKED,,M,,65+,,524,
batch_001,encounters_legacy_meditech.csv,297,LEGACY_MEDITECH,121359,6cb7f36b555c6a5d930d584934faf89d2b4deb118fcdb66e971ecb2d94645f62,LINKED,,F,,40-64,,531,
batch_001,encounters_legacy_meditech.csv,298,LEGACY_MEDITECH,102474,e9c2b9bf3a0e5e36d03db907fd4f63ecdbb3941b3ed1b60584758466b4c2ca9f,LINKED,,M,,40-64,,524,
batch_001,encounters_legacy_meditech.csv,299,LEGACY_MEDITECH,129664,74469dd6d66a0a5b2f730b581ef5331f41164ed83db6f36e5d4b34c2d1f02757,LINKED,,M,,40-64,,610,
batch_001,encounters_legacy_meditech.csv,300,LEGACY_MEDITECH,123465,8e6b4aa20253df9ecebde672ff41c9025c19916b0610c8483872cff2bee6998e,LINKED,,F,,40-64,,610,
batch_001,encounters_legacy_meditech.csv,301,LEGACY_MEDITECH,130524,003e64ae8b440016c42adf866d5567d2cfc5cc5a588e530563fc9e0a58c4e3c0,LINKED,,F,,65+,,611,
batch_001,encounters_legacy_meditech.csv,302,LEGACY_MEDITECH,113019,f70d82d6421f314f39dda0149b4c5c4d30ed52a586d68c68ca73f5f22a5db845,LINKED,,F,,65+,,611,
batch_001,encounters_legacy_meditech.csv,303,LEGACY_MEDITECH,117080,566ada5751bf721ede60e06691bd3d52e546a52a58ee201fdecd27d6e2ddf054,LINKED,,M,,65+,,610,
batch_001,encounters_legacy_meditech.csv,304,LEGACY_MEDITECH,122899,54eac4d9331eb2fe57f27aa4f91b413952e551c0bf2288f4ab298f151ce054e3,LINKED,,F,,65+,,520,
batch_001,encounters_legacy_meditech.csv,305,LEGACY_MEDITECH,119958,c231867be1eb141b7b2bfd0270c16a38dff697f179e2ea67c9e8e3f5e9f568c6,LINKED,,F,,18-39,,524,
batch_001,encounters_legacy_meditech.csv,306,LEGACY_MEDITECH,119706,3c796c88f5884fe6ed2a9f92331b5e6b2e91d73358540e8eddbb2209f5025212,LINKED,,F,,40-64,,610,
batch_001,encounters_legacy_meditech.csv,307,LEGACY_MEDITECH,126022,9223095ca9667fcd181bcb72b4da2f1516078f1375a9ae67a5ef6f6b00bbc747,LINKED,,M,,65+,,520,
batch_001,encounters_legacy_meditech.csv,308,LEGACY_MEDITECH,115441,c8fb18a17837832c1dbf12c1d419c6a7dde73345ccc348b5a523f5a8aa1bf5b6,LINKED,,M,,40-64,,610,
batch_001,encounters_legacy_meditech.csv,309,LEGACY_MEDITECH,126050,7027ada72b82f66f30d9d80d883a43c6034cf57fc20323a7aa405318a595faa3,LINKED,,M,,40-64,,520,
batch_001,encounters_legacy_meditech.csv,310,LEGACY_MEDITECH,132695,3f56fd44b0bd1d85eb09a46ae6bedd8560e94d9466990ea0475592fa805b8c6b,LINKED,,F,,65+,,524,
batch_001,encounters_legacy_meditech.csv,311,LEGACY_MEDITECH,122865,23fab7a7c81e002f0e38788af745a2ca2cab9d6cfd0e8333f8c83898b7cead03,LINKED,,M,,65+,,524,
batch_001,encounters_legacy_meditech.csv,312,LEGACY_MEDITECH,117121,6145956b2424bdc2ee1eec94ac222971d402526e328b54dbe202b4bc21aecefb,LINKED,,M,,40-64,,520,
batch_001,encounters_legacy_meditech.csv,313,LEGACY_MEDITECH,122613,b8ceb2af98ef027130eb67ac68fe48b48aa9267b4be92cd39ba67ac5736c002e,LINKED,,F,,65+,,520,
batch_001,encounters_legacy_meditech.csv,314,LEGACY_MEDITECH,105964,c8fb18a17837832c1dbf12c1d419c6a7dde73345ccc348b5a523f5a8aa1bf5b6,LINKED,,M,,40-64,,610,
batch_001,encounters_legacy_meditech.csv,315,LEGACY_MEDITECH,139257,10f20efe63a1c684e23da46f36e5c74783aaf6901470060d5d5f979fa06115e8,LINKED,,M,,65+,,610,
batch_001,encounters_legacy_meditech.csv,316,LEGACY_MEDITECH,118526,c1e9fce2edadfff2fe7ea5c64362edc20b4058aba13c82556726adf9fc127b7b,LINKED,,F,,40-64,,610,
batch_001,encounters_legacy_meditech.csv,317,LEGACY_MEDITECH,135841,8e6b4aa20253df9ecebde672ff41c9025c19916b0610c8483872cff2bee6998e,LINKED,,F,,40-64,,610,
batch_001,encounters_legacy_meditech.csv,318,LEGACY_MEDITECH,106512,a112803519cb3555ea2722e8ed9ff16730f27a7f0ae0e012ca22f9f134e0d78b,LINKED,,F,,40-64,,611,
batch_001,encounters_legacy_meditech.csv,319,LEGACY_MEDITECH,131239,a0b9918a3b90db6c7c7bd22075cb66669c3df8a2c0d60f48b549fedf053b2750,LINKED,,M,,65+,,520,
batch_001,encounters_legacy_meditech.csv,320,LEGACY_MEDITECH,137558,8f6d0792bdbcf774562bebd8df4d0d009a6376fd3d79695bab4ae7ab02beb2d4,LINKED,,F,,0-17,,537,
batch_001,encounters_legacy_meditech.csv,321,LEGACY_MEDITECH,118557,7c084b3a726d3c8df305240df205690b5c4f4b688cfb7c5f6c37f4d6b312cc89,LINKED,,F,,65+,,610,
batch_001,encounters_legacy_meditech.csv,322,LEGACY_MEDITECH,106784,0860e70327789c69bf0533fd18e15dddbb6ed6550f420ddbb6c159da10feb966,LINKED,,F,,40-64,,537,
batch_001,encounters_legacy_meditech.csv,323,LEGACY_MEDITECH,131962,24a08a12e944b023f62ff99bd6b44b4e755cdac33a4d516784f233542683a76a,LINKED,,F,,18-39,,524,
batch_001,encounters_legacy_meditech.csv,324,LEGACY_MEDITECH,124821,5b421a814ec84bdc2b54f40f68ad36e028297ce848b588399c995be222deeefd,LINKED,,F,,40-64,,610,
batch_001,encounters_legacy_meditech.csv,325,LEGACY_MEDITECH,102106,1050fc7fb090c451ab4d0aba72c0e33c0768d3eeca50a2d631393c3b4a74005d,LINKED,,M,,40-64,,611,
batch_001,encounters_legacy_meditech.csv,326,LEGACY_MEDITECH,117285,c3a67dd1d82c98fed88b7625cd3681c7066325b9d428b382026e5a6ae5c80585,LINKED,,M,,40-64,,524,
batch_001,encounters_legacy_meditech.csv,327,LEGACY_MEDITECH,139569,8dc5f08e008ae42ee167515d5276abd069329f4a135d8229ed259010f533e3c6,LINKED,,F,,40-64,,611,
batch_001,encounters_legacy_meditech.csv,328,LEGACY_MEDITECH,131962,24a08a12e944b023f62ff99bd6b44b4e755cdac33a4d516784f233542683a76a,LINKED,,F,,18-39,,524,
batch_001,encounters_legacy_meditech.csv,329,LEGACY_MEDITECH,138077,7c084b3a726d3c8df305240df205690b5c4f4b688cfb7c5f6c37f4d6b312cc89,LINKED,,F,,65+,,610,
batch_001,encounters_legacy_meditech.csv,330,LEGACY_MEDITECH,117071,5a37e630b49fe710722c85116872d3a8fff2d1d284a92d673dea79619bcd1c1e,LINKED,,F,,40-64,,543,
batch_001,encounters_legacy_meditech.csv,331,LEGACY_MEDITECH,116605,6270e8b43fcd6d606ade2182c9a40fd3cd59bfe686dbfcceda4e092a375d6a80,LINKED,,M,,40-64,,524,
batch_001,encounters_legacy_meditech.csv,332,LEGACY_MEDITECH,138394,ac952d448bf2175a6ad45e2dee82d1cbb089430cce0b733e98651c08d296461b,LINKED,,M,,65+,,524,
batch_001,encounters_legacy_meditech.csv,333,LEGACY_MEDITECH,124031,9341a2ceaaca52f807b879f5d1e789cecc3d672ba4cf85c24309456026178aa2,LINKED,,F,,18-39,,611,
batch_001,encounters_legacy_meditech.csv,334,LEGACY_MEDITECH,120575,8e6b4aa20253df9ecebde672ff41c9025c19916b0610c8483872cff2bee6998e,LINKED,,F,,65+,,610,
batch_001,encounters_legacy_meditech.csv,335,LEGACY_MEDITECH,122559,c1e9fce2edadfff2fe7ea5c64362edc20b4058aba13c82556726adf9fc127b7b,LINKED,,F,,40-64,,610,
batch_001,encounters_legacy_meditech.csv,336,LEGACY_MEDITECH,117327,f69a23027dd2a555ef148bef46cbab90f6cbbe255b053f61c04d272d1697f083,LINKED,,M,,65+,,611,
batch_001,encounters_legacy_meditech.csv,337,LEGACY_MEDITECH,126675,a112803519cb3555ea2722e8ed9ff16730f27a7f0ae0e012ca22f9f134e0d78b,LINKED,,F,,40-64,,611,
batch_001,encounters_legacy_meditech.csv,338,LEGACY_MEDITECH,113931,f69a23027dd2a555ef148bef46cbab90f6cbbe255b053f61c04d272d1697f083,LINKED,,M,,65+,,611,
batch_001,encounters_legacy_meditech.csv,339,LEGACY_MEDITECH,125775,3e99300e828067d375d97274db1df7c5dc6f6197867320791ca2871054b902ea,LINKED,,M,,65+,,611,
batch_001,encounters_legacy_meditech.csv,340,LEGACY_MEDITECH,103523,98c20960e19b1f2d679f4c2ab7a57a2aa400c68720770011e0e4f66cfa39acb3,LINKED,,F,,65+,,524,
batch_001,encounters_legacy_meditech.csv,341,LEGACY_MEDITECH,125013,89843194047ef6815dd7879eb3e34941079a9193ed8f668733da0e6d0f14fd6e,LINKED,,M,,40-64,,543,
batch_002,encounters_athena_clinics.csv,1,ATHENA_CLINICS,118506,4a9bcf7754d99628dabfe108c43cb33d1b6c37b41df0194442dcb015f561a36f,LINKED,,F,,65+,,532,
batch_002,encounters_athena_clinics.csv,2,ATHENA_CLINICS,106211,f7725788effe15c56301cfa6962284417c0ed9b020a0a04317ba8485c9beccd4,LINKED,,F,,40-64,,532,
batch_002,encounters_athena_clinics.csv,3,ATHENA_CLINICS,118136,50316e7bcad0865dd01e574907387e2377ef7a1064a4e31b5588b05636269029,LINKED,,F,,40-64,,541,
batch_002,encounters_athena_clinics.csv,4,ATHENA_CLINICS,105569,a93aeef597f1fa17baaf3ccbe7bb61a593ef5693ea11dc1a1b91077e40a84ce3,LINKED,,F,,40-64,,524,
batch_002,encounters_athena_clinics.csv,5,ATHENA_CLINICS,108513,3fa851421a8b51be7ce66acba511b59ef40a543021cebfc4625f7e363ba3a4cd,LINKED,,F,,65+,,541,
batch_002,encounters_athena_clinics.csv,6,ATHENA_CLINICS,133055,a11c2d07db81b21b40be043b4d689640ed99ba6c6af0abe83fba200b380abef3,LINKED,,F,,40-64,,520,
batch_002,encounters_athena_clinics.csv,7,ATHENA_CLINICS,106228,f3e88a71f34c0742164f6e211e1748a09c00d2724029d3f12bfd2af43ccde044,LINKED,,M,,40-64,,537,
batch_002,encounters_athena_clinics.csv,8,ATHENA_CLINICS,108626,11f5f8d04a20e769f9ad324e92b976e2bd64f3ea8ffaaa7f21330fdaee7fab23,LINKED,,M,,65+,,532,
batch_002,encounters_athena_clinics.csv,9,ATHENA_CLINICS,113789,977131ebaff2c77211f8cfee1d52b3972931e2750b6cf206b7eb7467e937e939,LINKED,,F,,40-64,,520,
batch_002,encounters_athena_clinics.csv,10,ATHENA_CLINICS,122271,b417eb821ca27d02625520d1fb62e39224838d52035f20a42ba379f0e408ff7f,LINKED,,F,,40-64,,531,
batch_002,encounters_athena_clinics.csv,11,ATHENA_CLINICS,106426,8a366c4213df2f67677d4b43c1a9b7e3c371ce019e6df7b855ff3ed314383d87,LINKED,,F,,18-39,,520,
batch_002,encounters_athena_clinics.csv,12,ATHENA_CLINICS,124777,62d42cbdb94af5f252bd6e49376e5401dec133f0a0f5787e745329ec588ee1a0,LINKED,,F,,40-64,,541,
batch_002,encounters_athena_clinics.csv,13,ATHENA_CLINICS,103729,262ab4aaf8654d8d94bf6631f5304e2ee391042d81e0c8f3ab139aa6b38b4706,LINKED,,M,,0-17,,537,
batch_002,encounters_athena_clinics.csv,14,ATHENA_CLINICS,125701,2329d862ab69dc5028034cb22c45357693cc817f2203f9dd2e6649079fa75692,LINKED,,M,,18-39,,520,
batch_002,encounters_athena_clinics.csv,15,ATHENA_CLINICS,133006,3eb0be7bf0f06bfe1891886df62fe9a6081c0b3b3eeb6fa460509ac60fe0b3eb,LINKED,,F,,40-64,,520,
batch_002,encounters_athena_clinics.csv,16,ATHENA_CLINICS,133767,cc430c5cd31eb4c072de98fa37973ae121583db22b75cbde8ce06fe97ad14e20,LINKED,,M,,0-17,,543,
batch_002,encounters_athena_clinics.csv,17,ATHENA_CLINICS,133038,3f5540eefa94b20ec80033ed3f1d57ee7547c512f8f252b696c2449eb3d95268,LINKED,,M,,65+,,537,
batch_002,encounters_athena_clinics.csv,18,ATHENA_CLINICS,104667,1ea95288e5c5c229c784565c804e239f7d433b22325488681aa5a1892d52baa4,LINKED,,M,,65+,,543,
batch_002,encounters_athena_clinics.csv,19,ATHENA_CLINICS,137769,afe4e90c76d6a3c3dfb0b6d6666b841d0d88fc54dfa3851b7f65e183bdedd46c,LINKED,,F,,40-64,,520,
batch_002,encounters_athena_clinics.csv,20,ATHENA_CLINICS,135731,dcfe2f58622bbbbedf986b67c7dd1c082862dc3a7fe9b190609db17f4ca28c1b,LINKED,,F,,65+,,537,
batch_002,encounters_athena_clinics.csv,21,ATHENA_CLINICS,131348,77abc77fb95a5d1562dcf17d97f7a17c1bc0a6ce7a2879c46bdf6750b5bed1e9,LINKED,,F,,40-64,,524,
batch_002,encounters_athena_clinics.csv,22,ATHENA_CLINICS,132359,bd8306d5ec8cc88318a48f19552cf39c51c3e2bfc9a09de7c24aecbaa70cf15a,LINKED,,F,,40-64,,531,
batch_002,encounters_athena_clinics.csv,23,ATHENA_CLINICS,108949,3f2ae8c5da48f6cb2a5f80edae553e7e8cc203f8b344e7d63d081d892ff88fbd,LINKED,,M,,40-64,,541,
batch_002,encounters_athena_clinics.csv,24,ATHENA_CLINICS,104640,9d3919502b2f5cc86510411fe63bab71eb47c6cfd5cf64e429c7b051cb1cf646,LINKED,,F,,40-64,,532,
batch_002,encounters_athena_clinics.csv,25,ATHENA_CLINICS,103978,23d2f97d35af43cdb35ed8b1a45e6c02c805db9383f34836b4e47932173d8e29,LINKED,,F,,40-64,,524,
batch_002,encounters_athena_clinics.csv,26,ATHENA_CLINICS,115922,129401aaaede89e5a1799147747099c96706f733801efe7245c3793a78214e83,LINKED,,M,,40-64,,524,
batch_002,encounters_athena_clinics.csv,27,ATHENA_CLINICS,133133,b5fc69de531ff8ba4ce5eb823d83bc9931bfd3294d7c8716ecca7b2d2578dcbb,LINKED,,M,,65+,,520,
batch_002,encounters_athena_clinics.csv,28,ATHENA_CLINICS,137772,266bd7248b61174aaf79aba80f1691860d52925358df4aa21852b09784496e59,LINKED,,F,,65+,,520,
batch_002,encounters_athena_clinics.csv,29,ATHENA_CLINICS,102117,43eb85e84d6e02d90e6aa84f8b84b39b22811307f08316a60ae7c777b1f017e9,LINKED,,F,,65+,,524,
batch_002,encounters_athena_clinics.csv,30,ATHENA_CLINICS,116289,3ca3cdb0636f1ecf0806752ab2bb68a44af7523b1005a20af33aa0026d88e151,LINKED,,F,,65+,,532,
batch_002,encounters_athena_clinics.csv,31,ATHENA_CLINICS,113760,9b498ffd439bfeb4e25697ff10082d0d8e93c8cc1ba58665f92f365ab8e14d6b,LINKED,,M,,65+,,541,
batch_002,encounters_athena_clinics.csv,32,ATHENA_CLINICS,101489,d6d99145ea67a4492aac593b342819caa9985597d50188e1d53d7dc907a97309,LINKED,,M,,18-39,,543,
batch_002,encounters_athena_clinics.csv,33,ATHENA_CLINICS,132043,99763ba3c2eb89ee777f898662e4bbdfec6658245498f016576a521cfcb92375,LINKED,,F,,65+,,524,
batch_002,encounters_athena_clinics.csv,34,ATHENA_CLINICS,112353,11f5f8d04a20e769f9ad324e92b976e2bd64f3ea8ffaaa7f21330fdaee7fab23,LINKED,,M,,65+,,532,
batch_002,encounters_athena_clinics.csv,35,ATHENA_CLINICS,139827,f3e88a71f34c0742164f6e211e1748a09c00d2724029d3f12bfd2af43ccde044,LINKED,,M,,40-64,,537,
batch_002,encounters_athena_clinics.csv,36,ATHENA_CLINICS,119388,5ae22d4e1014608f349b7c6a58d2f310579d8219b53b7f52347b73585ad9983a,LINKED,,F,,18-39,,541,
batch_002,encounters_athena_clinics.csv,37,ATHENA_CLINICS,119247,4ee83bb8fcd4aca6b7afccffdc111b71d79a351a91a08ab48b77a881ee036aa5,LINKED,,F,,18-39,,520,
batch_002,encounters_athena_clinics.csv,38,ATHENA_CLINICS,106848,23d2f97d35af43cdb35ed8b1a45e6c02c805db9383f34836b4e47932173d8e29,LINKED,,F,,40-64,,524,
batch_002,encounters_athena_clinics.csv,39,ATHENA_CLINICS,118479,bd8306d5ec8cc88318a48f19552cf39c51c3e2bfc9a09de7c24aecbaa70cf15a,LINKED,,F,,40-64,,531,
batch_002,encounters_athena_clinics.csv,40,ATHENA_CLINICS,106066,7b3777721223b93d78975e7279a1a459296d0586a77a1a3495aae86b058c9af8,LINKED,,M,,65+,,537,
batch_002,encounters_athena_clinics.csv,41,ATHENA_CLINICS,107418,3c1609d2404df9e633be9faccacc215b1bd76f12afbc23a9d7d27a3cd1f39e94,LINKED,,M,,40-64,,532,
batch_002,encounters_athena_clinics.csv,42,ATHENA_CLINICS,139639,0ff2a16cdd3b7ab0e5d0c73eb4c1e94774344164eaa565610d9ec9edfc2b810b,LINKED,,F,,18-39,,543,
batch_002,encounters_athena_clinics.csv,43,ATHENA_CLINICS,117968,483f06416eb921a01656a02123c3cc02482e2d233173d4d13369fb552fdad39a,LINKED,,M,,40-64,,531,
batch_002,encounters_athena_clinics.csv,44,ATHENA_CLINICS,131723,be3b5286b7c1f158295b0171889197b581686cce8129d0f28f9d379f1c3b4671,LINKED,,M,,18-39,,524,
batch_002,encounters_athena_clinics.csv,45,ATHENA_CLINICS,134464,66017a60ebb5199ec76f568ed7bc12c35b0d097001262aadc0d7fcdda3d48eb4,LINKED,,F,,18-39,,531,
batch_002,encounters_athena_clinics.csv,46,ATHENA_CLINICS,105004,352532b8bc2196693b12ef7db9d712af8b87b479691a6cecc7cf500a14887766,LINKED,,F,,40-64,,537,
batch_002,encounters_athena_clinics.csv,47,ATHENA_CLINICS,109426,dd7797a871ca9f0f062f216660eb36441026ccbbe2256ba62a34881bdedef583,LINKED,,M,,65+,,532,
batch_002,encounters_athena_clinics.csv,48,ATHENA_CLINICS,103846,195c5beac9dd15e07b606828ce98461bc622a9518aadd3339423118d81db99e8,LINKED,,F,,40-64,,543,
batch_002,encounters_athena_clinics.csv,49,ATHENA_CLINICS,104061,9549c7736b148a5dbcc904234381799033a72f0c5bc0f74138ec2544969317c3,LINKED,,F,,65+,,520,
batch_002,encounters_athena_clinics.csv,50,ATHENA_CLINICS,108682,9011221dcfc658d0a938717af02c54fca52524b527ac9e7946dbde2ab7b3c608,LINKED,,M,,40-64,,520,
batch_002,encounters_athena_clinics.csv,51,ATHENA_CLINICS,136111,7b3777721223b93d78975e7279a1a459296d0586a77a1a3495aae86b058c9af8,LINKED,,M,,65+,,537,
batch_002,encounters_athena_clinics.csv,52,ATHENA_CLINICS,107653,66503c799ad9b789eb446f7bb90cf525d1a0ae5ea0d906ac05915a860ab5725f,LINKED,,F,,65+,,543,
batch_002,encounters_athena_clinics.csv,53,ATHENA_CLINICS,114079,9395ad15788b8f6622797dd73869fe2ed6de5edfe09ff80b1cdddd3524be9f61,LINKED,,M,,65+,,520,
batch_002,encounters_athena_clinics.csv,54,ATHENA_CLINICS,136552,fa9194b5950c118c33c910138fe3c66dd66e93bdfb181e684a3fed726820c3c9,LINKED,,F,,40-64,,541,
batch_002,encounters_athena_clinics.csv,55,ATHENA_CLINICS,138131,478b51c4efa1ad3cd87bf72d2e5ee2134852862fda73450e569c19bef3f13702,LINKED,,M,,40-64,,532,
batch_002,encounters_athena_clinics.csv,56,ATHENA_CLINICS,104156,42abc802a7d49602b5224f92666cdc38efb67dbf53448a9274bd0f758836b9cd,LINKED,,F,,40-64,,524,
batch_002,encounters_athena_clinics.csv,57,ATHENA_CLINICS,125120,e4e1dc1d19dbba1e9be26117c64817a33e4cd29ef7a6cd40622cb5fae0031c21,LINKED,,F,,65+,,541,
batch_002,encounters_athena_clinics.csv,58,ATHENA_CLINICS,108861,5aa5c198865edabd2e0e76d4b25003e00d52c65ba28c9e3e0c91b398f59ec0e3,LINKED,,M,,40-64,,531,
batch_002,encounters_athena_clinics.csv,59,ATHENA_CLINICS,125003,4b1c82d0d130620b04e44fc19646d206b6e7d5804290083abd4b701b9a4a6c71,LINKED,,M,,40-64,,520,
batch_002,encounters_athena_clinics.csv,60,ATHENA_CLINICS,129389,bcd75a502f539f9ffe590c905464fd8960eb9efc87332855848f64409ee434b1,LINKED,,F,,40-64,,611,
batch_002,encounters_athena_clinics.csv,61,ATHENA_CLINICS,132299,4b2879539f735ede231dd6b636c3c6e8e53e3b3ebc6761adf5f31290d4144c97,LINKED,,F,,65+,,543,
batch_002,encounters_athena_clinics.csv,62,ATHENA_CLINICS,104610,efbe9c52360b2f11500309e01cbd648ed5f5a954d70e7c3506a8047a05431f5d,LINKED,,F,,18-39,,541,
batch_002,encounters_athena_clinics.csv,63,ATHENA_CLINICS,122428,ee19c746d92d0d6d4e33fffc9c6757f61119597274fa9a544763232b391fc206,LINKED,,M,,18-39,,524,
batch_002,encounters_athena_clinics.csv,64,ATHENA_CLINICS,124335,9edef373beba02061d9a12f948d68c3e6b97a594373ac1f39eab29f6f663f591,LINKED,,F,,40-64,,541,
batch_002,encounters_athena_clinics.csv,65,ATHENA_CLINICS,115660,2aba48da8bdb0ba888c05d77d86538f0db8ecab577020f96fe32424e7ba531c2,LINKED,,M,,65+,,537,
batch_002,encounters_athena_clinics.csv,66,ATHENA_CLINICS,103333,97902dbd6e4d6d4bb24a308776274ff52e1b15367ab109984de20f68e2b5b12d,LINKED,,M,,40-64,,543,
batch_002,encounters_athena_clinics.csv,67,ATHENA_CLINICS,113026,55917b1cb33d206446973565e21f1dcccfafa467973e158cbfea73c40124845a,LINKED,,M,,40-64,,543,
batch_002,encounters_athena_clinics.csv,68,ATHENA_CLINICS,107326,f3d867eba4de75fd5035e8a0e6c1f977684f4f49d09d9f57f5f0cbc7f05e8666,LINKED,,F,,65+,,531,
batch_002,encounters_athena_clinics.csv,69,ATHENA_CLINICS,133693,3c1609d2404df9e633be9faccacc215b1bd76f12afbc23a9d7d27a3cd1f39e94,LINKED,,M,,40-64,,532,
batch_002,encounters_athena_clinics.csv,70,ATHENA_CLINICS,107234,6c0e5303eaf144ad77cc3faf748e1f0c12707ddedba16c9a30e3882cc8d1507c,LINKED,,M,,40-64,,524,
batch_002,encounters_athena_clinics.csv,71,ATHENA_CLINICS,103926,42abc802a7d49602b5224f92666cdc38efb67dbf53448a9274bd0f758836b9cd,LINKED,,F,,40-64,,524,
batch_002,encounters_athena_clinics.csv,72,ATHENA_CLINICS,135244,8ff6e8e2702ba401e6a26a913de2dfb046bd54218d830d77b0e1f2a05b2e2f4e,LINKED,,M,,65+,,541,
batch_002,encounters_athena_clinics.csv,73,ATHENA_CLINICS,115154,ba797391ce666242564d74c3a6892aebf0277b4679494e458e77c8f904cf531b,LINKED,,M,,65+,,532,
batch_002,encounters_athena_clinics.csv,74,ATHENA_CLINICS,101255,3efbbab0772c7a018c5bc3ea0dbaef3fbec3dfc51148e0ec14973fcf7bab85a8,LINKED,,F,,40-64,,537,
batch_002,encounters_athena_clinics.csv,75,ATHENA_CLINICS,106692,4b585397b7687c88503e8c1dc0cd90d1996300b4da48c0072690022b0ddf3f29,LINKED,,F,,40-64,,537,
batch_002,encounters_athena_clinics.csv,76,ATHENA_CLINICS,124054,d57325493f8bc235279ad48271bad3e374a5d58d3368e082d5b5a6379a86fa67,LINKED,,M,,65+,,531,
batch_002,encounters_athena_clinics.csv,77,ATHENA_CLINICS,137157,bb71add7ca0e7df7feec6c7b608cac38643d91d94848b5d4ca78057ecc74490b,LINKED,,F,,65+,,524,
batch_002,encounters_athena_clinics.csv,78,ATHENA_CLINICS,111710,3033e551586db7588177c3b72949f9ea315415a4e58ac163ea5f97a80dfd7d0f,LINKED,,F,,65+,,524,
batch_002,encounters_athena_clinics.csv,79,ATHENA_CLINICS,115185,09f5e6422bb825504a419b21d710fb7687e1b755f9b4123f46a6fcbf8262c62c,LINKED,,F,,40-64,,543,
batch_002,encounters_athena_clinics.csv,80,ATHENA_CLINICS,105785,b417eb821ca27d02625520d1fb62e39224838d52035f20a42ba379f0e408ff7f,LINKED,,F,,40-64,,531,
batch_002,encounters_athena_clinics.csv,81,ATHENA_CLINICS,102467,dd3ce21816a4a032fa73995979aed68969e2100c8b671fd351e687892cc3cf4a,LINKED,,M,,40-64,,532,
batch_002,encounters_athena_clinics.csv,82,ATHENA_CLINICS,120406,b456dd1a776f9050d09c7cb845b2b34263f9bfd6e0bee2643d852b24424d3a09,LINKED,,M,,40-64,,541,
batch_002,encounters_athena_clinics.csv,83,ATHENA_CLINICS,116676,5377356d5d63269d2a27ad21e544bf986b6fa84df35283c29f2dfd79eab85e3f,LINKED,,F,,40-64,,531,
batch_002,encounters_athena_clinics.csv,84,ATHENA_CLINICS,139109,53cf740aa2f1e5ddc68cebfaccb2e005d26c4a39b164b010e06e8457cc11494f,LINKED,,F,,40-64,,541,
batch_002,encounters_athena_clinics.csv,85,ATHENA_CLINICS,115749,b2f3ae098859f7334a79af2653176e459148ea68ac19af9c6debf0fc4636147f,LINKED,,M,,40-64,,532,
batch_002,encounters_athena_clinics.csv,86,ATHENA_CLINICS,120637,666f68bca704e5cdf884793a8554791e29216fb63f0c6c7b8637c99dc9ad02f2,LINKED,,M,,65+,,524,
batch_002,encounters_athena_clinics.csv,87,ATHENA_CLINICS,126277,9c652655f89d53bf11230dbe906c66456095008dad81ccacb6db2193c079be4c,LINKED,,M,,40-64,,537,
batch_002,encounters_athena_clinics.csv,88,ATHENA_CLINICS,112889,c4a84863d0e9628342a33c382001221eef9c1a21eb5e7890dda4fe9697e1b810,LINKED,,M,,40-64,,524,
batch_002,encounters_athena_clinics.csv,89,ATHENA_CLINICS,129219,3461593a686e57b9a180ae7129fe1c9666ded87150562403b2b6f6f54231e4ab,LINKED,,F,,18-39,,541,
batch_002,encounters_athena_clinics.csv,90,ATHENA_CLINICS,105776,8117f5f26e4411b536fc1e43978af5abd443d46e75550f96f27dc4b59112bf56,LINKED,,M,,65+,,524,
batch_002,encounters_athena_clinics.csv,91,ATHENA_CLINICS,100076,5ae22d4e1014608f349b7c6a58d2f310579d8219b53b7f52347b73585ad9983a,LINKED,,F,,18-39,,541,
batch_002,encounters_athena_clinics.csv,92,ATHENA_CLINICS,118974,881163f9595761cfe73e86800eadad3182bee37aff890f4f50b995779a01d6c0,LINKED,,M,,40-64,,520,
batch_002,encounters_athena_clinics.csv,93,ATHENA_CLINICS,126420,bb71add7ca0e7df7feec6c7b608cac38643d91d94848b5d4ca78057ecc74490b,LINKED,,F,,65+,,524,
batch_002,encounters_athena_clinics.csv,94,ATHENA_CLINICS,123434,b56c8d909bedbd222a0e17bd49319815e292608b8a624dca8c41e712b9f13031,LINKED,,M,,40-64,,524,
batch_002,encounters_athena_clinics.csv,95,ATHENA_CLINICS,125032,dfab70661578255cb5eaf7c50858275062a24297f99d988c02036532994bca76,LINKED,,F,,40-64,,537,
batch_002,encounters_athena_clinics.csv,96,ATHENA_CLINICS,104214,0f1d424cfc5fc0c47e8fbd0c3ef8841e85e312f2043db2a2270f41792a0ed426,LINKED,,M,,40-64,,541,
batch_002,encounters_athena_clinics.csv,97,ATHENA_CLINICS,109536,b456dd1a776f9050d09c7cb845b2b34263f9bfd6e0bee2643d852b24424d3a09,LINKED,,M,,40-64,,541,
batch_002,encounters_athena_clinics.csv,98,ATHENA_CLINICS,116704,fbaa9bdfdf56714c6df4675873bd1bb230153725da365dfa8342638a757b5db2,LINKED,,F,,18-39,,524,
batch_002,encounters_athena_clinics.csv,99,ATHENA_CLINICS,118085,6549108b576c1b57178e332cb6e7c9edc23dafe4fcd139907c80f16e8493fdef,LINKED,,M,,65+,,520,
batch_002,encounters_athena_clinics.csv,100,ATHENA_CLINICS,113087,ba797391ce666242564d74c3a6892aebf0277b4679494e458e77c8f904cf531b,LINKED,,M,,65+,,532,
batch_002,encounters_athena_clinics.csv,101,ATHENA_CLINICS,103669,0c66cd7b759ecc5116cb4b65c95ddde9e3d2d40c038e92398967a14dc8855dee,LINKED,,F,,40-64,,543,
batch_002,encounters_athena_clinics.csv,102,ATHENA_CLINICS,121831,43eb85e84d6e02d90e6aa84f8b84b39b22811307f08316a60ae7c777b1f017e9,LINKED,,F,,65+,,524,
batch_002,encounters_athena_clinics.csv,103,ATHENA_CLINICS,108315,d3d8022e2cdaf38e4bd701b3feb65038c24cba0fd7ec0ce6334f73a0c6c03920,LINKED,,F,,65+,,524,
batch_002,encounters_athena_clinics.csv,104,ATHENA_CLINICS,132547,f0982df256debf7aca88ddeb10312fd27d68d5050bfd2b9dfb32d8fec812ffc4,LINKED,,M,,18-39,,541,
batch_002,encounters_athena_clinics.csv,105,ATHENA_CLINICS,126674,66503c799ad9b789eb446f7bb90cf525d1a0ae5ea0d906ac05915a860ab5725f,LINKED,,F,,65+,,543,
batch_002,encounters_athena_clinics.csv,106,ATHENA_CLINICS,100920,e78fac0ece883cf6667d22b7b1ed863d827fe000061c3be1ead4db9f0f0ee991,LINKED,,M,,40-64,,531,
batch_002,encounters_athena_clinics.csv,107,ATHENA_CLINICS,130552,5377356d5d63269d2a27ad21e544bf986b6fa84df35283c29f2dfd79eab85e3f,LINKED,,F,,40-64,,531,
batch_002,encounters_athena_clinics.csv,108,ATHENA_CLINICS,139507,648c1977d75c7c6edd7299edede4eb41b9c39ec6ceba6abc6f36414223ab8b04,LINKED,,F,,40-64,,524,
batch_002,encounters_athena_clinics.csv,109,ATHENA_CLINICS,121852,79689f8915d89a037acb0e4eac8e79a7806553be0c0e46c764d70828d87439c2,LINKED,,M,,40-64,,520,
batch_002,encounters_athena_clinics.csv,110,ATHENA_CLINICS,133495,98b551b78ed918cca743895c7b9dde37a83eb69a5162727b07afb34bf483da18,LINKED,,M,,40-64,,543,
batch_002,encounters_athena_clinics.csv,111,ATHENA_CLINICS,134603,a8395f139212be054f58ffeaed07c1a2e4c969ea37f783f893adb98e093c6af3,LINKED,,M,,40-64,,524,
batch_002,encounters_athena_clinics.csv,112,ATHENA_CLINICS,107133,d9c8c4023d335ad6bfded1948706404413443833e4820eb253071cf19c30802c,LINKED,,F,,40-64,,520,
batch_002,encounters_athena_clinics.csv,113,ATHENA_CLINICS,100209,2291d45abdf5ae64efe5bbfe170178aa5a507d9a921b83d0cc9ddf8c852849ef,LINKED,,F,,65+,,543,
batch_002,encounters_athena_clinics.csv,114,ATHENA_CLINICS,114341,5c70776197c2ce304b68aa47dbed033a1b224d62dd561f4b5c7c271df5d106f0,LINKED,,F,,40-64,,524,
batch_002,encounters_athena_clinics.csv,115,ATHENA_CLINICS,136363,9a1732afd60c2b981add11c0b34fa08c2abbe1b86b49f060141b8b6a37a3651e,LINKED,,M,,65+,,537,
batch_002,encounters_athena_clinics.csv,116,ATHENA_CLINICS,133944,aefd18d7ef9e040ad89d734dd1f9226bef389719496b5277f9626930f7febaad,LINKED,,M,,40-64,,532,
batch_002,encounters_athena_clinics.csv,117,ATHENA_CLINICS,136184,c53d3b2e0585205d791b31e92ef1c38f4b5cbf9c0d70b7959ff67c9a640d7a8a,LINKED,,M,,40-64,,520,
batch_002,encounters_athena_clinics.csv,118,ATHENA_CLINICS,122036,be4655bf6e60bf7b2c5226540822aa2c26cde40425ba620947c843e557eff16b,LINKED,,F,,18-39,,531,
batch_002,encounters_athena_clinics.csv,119,ATHENA_CLINICS,116453,266bd7248b61174aaf79aba80f1691860d52925358df4aa21852b09784496e59,LINKED,,F,,65+,,520,
batch_002,encounters_athena_clinics.csv,120,ATHENA_CLINICS,129168,4ee83bb8fcd4aca6b7afccffdc111b71d79a351a91a08ab48b77a881ee036aa5,LINKED,,F,,18-39,,520,
batch_002,encounters_athena_clinics.csv,121,ATHENA_CLINICS,103817,572ddb7e887bbda96150658616c86e5320020cf0e57772cc27521c6005db791f,LINKED,,F,,65+,,532,
batch_002,encounters_athena_clinics.csv,122,ATHENA_CLINICS,136451,c6cda1df38827a4d7a71172e935e5af853a8914605dc8e25e3944b2c5cb40039,LINKED,,F,,65+,,531,
batch_002,encounters_athena_clinics.csv,123,ATHENA_CLINICS,130200,6bb5f322f82ba8f52d959c0e499efa77149bc6ed9976828dcab67a51291ac066,LINKED,,F,,40-64,,520,
batch_002,encounters_athena_clinics.csv,124,ATHENA_CLINICS,131455,483f06416eb921a01656a02123c3cc02482e2d233173d4d13369fb552fdad39a,LINKED,,M,,40-64,,531,
batch_002,encounters_athena_clinics.csv,125,ATHENA_CLINICS,112302,129401aaaede89e5a1799147747099c96706f733801efe7245c3793a78214e83,LINKED,,M,,40-64,,524,
batch_002,encounters_athena_clinics.csv,126,ATHENA_CLINICS,100613,d9c8c4023d335ad6bfded1948706404413443833e4820eb253071cf19c30802c,LINKED,,F,,40-64,,520,
batch_002,encounters_athena_clinics.csv,127,ATHENA_CLINICS,126060,ac5ee46ea0f4df37b2a1e078064e310be8162d8479e910816797e99b2d446f50,LINKED,,F,,40-64,,531,
batch_002,encounters_athena_clinics.csv,128,ATHENA_CLINICS,127291,26b9401e64d6929d229a651cc995e7155d5ba1216a2bfe65d4666c92fbc345d1,LINKED,,F,,18-39,,520,
batch_002,encounters_athena_clinics.csv,129,ATHENA_CLINICS,127893,e675c29592dc57db66c1b42ffcd5521ade0f0e3a9e0bfb9820d4b85201bf807e,LINKED,,M,,18-39,,537,
batch_002,encounters_athena_clinics.csv,130,ATHENA_CLINICS,107516,dd3ce21816a4a032fa73995979aed68969e2100c8b671fd351e687892cc3cf4a,LINKED,,M,,40-64,,532,
batch_002,encounters_athena_clinics.csv,131,ATHENA_CLINICS,128815,16b6df1e88ad0651e7ff7c63227e0ab6274344028b8f86ae0bb6d5536702d6c5,LINKED,,F,,40-64,,537,
batch_002,encounters_athena_clinics.csv,132,ATHENA_CLINICS,107569,0dc4e8fff52d4c2f34bd252948456008dc0fede8280ac3f33bd68f3d7f1b0c3b,LINKED,,F,,18-39,,520,
batch_002,encounters_athena_clinics.csv,133,ATHENA_CLINICS,128251,c7ab164f3578bf6b729a101b9a5895a603f2f13e2176815b4630060b568f4927,LINKED,,M,,40-64,,524,
batch_002,encounters_athena_clinics.csv,134,ATHENA_CLINICS,117138,a319036656ca0ccc960347a6bb567254c6143e40870a9490d63085f682661eca,LINKED,,M,,65+,,524,
batch_002,encounters_athena_clinics.csv,135,ATHENA_CLINICS,114429,53463cbb1b1e44e280d69b8af52f8f9b802c4adb6b0bc06e7d44a40ab22038a6,LINKED,,M,,18-39,,520,
batch_002,encounters_athena_clinics.csv,136,ATHENA_CLINICS,101733,c81d25f472a3ac0c8aae4ece60d793b2669c00a88a8ebe4626e03011b11bbbf3,LINKED,,M,,18-39,,524,
batch_002,encounters_athena_clinics.csv,137,ATHENA_CLINICS,130234,5aa5c198865edabd2e0e76d4b25003e00d52c65ba28c9e3e0c91b398f59ec0e3,LINKED,,M,,40-64,,531,
batch_002,encounters_athena_clinics.csv,138,ATHENA_CLINICS,128340,d8f6db0ceea761a1001f08f1a99277c18e28a62661e2269f9471bafc938e7136,LINKED,,M,,65+,,531,
batch_002,encounters_athena_clinics.csv,139,ATHENA_CLINICS,102732,ac5ee46ea0f4df37b2a1e078064e310be8162d8479e910816797e99b2d446f50,LINKED,,F,,40-64,,531,
batch_002,encounters_athena_clinics.csv,140,ATHENA_CLINICS,115026,984ffc626e39aaa484600024dfb8a65c5cbdce9991eeb9c6412d31b0b817f5a5,LINKED,,M,,65+,,541,
batch_002,encounters_athena_clinics.csv,141,ATHENA_CLINICS,128773,3ccacfc4f1ac0841a029b39d27a38905d925a07eae118bdfea9620f563968294,LINKED,,M,,40-64,,541,
batch_002,encounters_athena_clinics.csv,142,ATHENA_CLINICS,103055,dd3ce21816a4a032fa73995979aed68969e2100c8b671fd351e687892cc3cf4a,LINKED,,M,,40-64,,532,
batch_002,encounters_athena_clinics.csv,143,ATHENA_CLINICS,126924,a9af510d83f17d62872c019b3151558a89d979530dc6437396d9d44bc2281a07,LINKED,,F,,40-64,,531,
batch_002,encounters_athena_clinics.csv,144,ATHENA_CLINICS,102921,1f1d4406a6f38fa6b7ff4f3f70fbe8a3abc83407120ccb10848d31c6f6625183,LINKED,,M,,40-64,,524,
batch_002,encounters_athena_clinics.csv,145,ATHENA_CLINICS,101169,7e7c835a2b8fef1d18a339e9f65d4a1dbd88aa7ea5d6a2a6827e747fd494b787,LINKED,,M,,40-64,,524,
batch_002,encounters_athena_clinics.csv,146,ATHENA_CLINICS,117733,5ae22d4e1014608f349b7c6a58d2f310579d8219b53b7f52347b73585ad9983a,LINKED,,F,,18-39,,541,
batch_002,encounters_athena_clinics.csv,147,ATHENA_CLINICS,116888,08b1ddc539912437931a1adef3921a3f074b6464e31aa7b2dd75ea07d703aa02,LINKED,,M,,40-64,,543,
batch_002,encounters_epic_north.csv,1,EPIC_NORTH,E9096265,8ce51f1a6dfa4e42a50a694268e017575b539eeb471735f9d072746a2be8c018,LINKED,,M,,65+,,541,
batch_002,encounters_epic_north.csv,2,EPIC_NORTH,E3239417,b6800daf931d842716a44f7ceb8353f45007fe468eeb9b3728d3c7a928c2062d,LINKED,,F,,18-39,,532,
batch_002,encounters_epic_north.csv,3,EPIC_NORTH,E5413227,d08961e848045c46e7f7d06762dcff6d73baf7a61c09deeb6afdd5a35fcd152d,LINKED,,M,,40-64,,532,
batch_002,encounters_epic_north.csv,4,EPIC_NORTH,E3790803,30350d51f4ebb324bdf6ed7331012797a3356618266c5584f972c0a42f12bb8d,LINKED,,M,,18-39,,532,
batch_002,encounters_epic_north.csv,5,EPIC_NORTH,E7142769,c47dbf897847f449b06939e2af5a5eae58b4e50620404602d9a7b20f0e9bbaaf,LINKED,,F,,65+,,532,
batch_002,encounters_epic_north.csv,6,EPIC_NORTH,E8635156,b7ce90c36ca7af915df9ebef36cf2aec84dbec4dee743bf492541793fd205310,LINKED,,M,,40-64,,537,
batch_002,encounters_epic_north.csv,7,EPIC_NORTH,E1891021,05333e39b965450513f7f2d6198c7e6f42dac14231aa73e40ae8e8f9c8b1675d,LINKED,,F,,65+,,541,
batch_002,encounters_epic_north.csv,8,EPIC_NORTH,E1592274,5e01f44f3b26bf3e67c1a0926cac26138e1fc0dbcc2a7b7f6bc863c0b33be39d,LINKED,,M,,40-64,,531,
batch_002,encounters_epic_north.csv,9,EPIC_NORTH,E5693211,21b66ff05fad2bb24f9fdbf7729e550e2df61a566f3b534dd0e0e767dad3cdc4,LINKED,,M,,40-64,,531,
batch_002,encounters_epic_north.csv,10,EPIC_NORTH,E4392402,5b421a814ec84bdc2b54f40f68ad36e028297ce848b588399c995be222deeefd,LINKED,,F,,40-64,,610,
batch_002,encounters_epic_north.csv,11,EPIC_NORTH,E5726151,9fa4eb6718254bb47ab6120be00b66c75f1c179768951afa0d08c971feee88c5,LINKED,,F,,65+,,537,
batch_002,encounters_epic_north.csv,12,EPIC_NORTH,E5320527,da802ea81d2536b3421e85cfbddd0fb45723e4baf24ece39af5b96449d3e6ca2,LINKED,,F,,40-64,,543,
batch_002,encounters_epic_north.csv,13,EPIC_NORTH,E7319500,e0d1a66ce5ff46b9e3c77932de49fb8fa8d7ac6c7ca9fbf801c40f3b13e0082f,LINKED,,M,,40-64,,531,
batch_002,encounters_epic_north.csv,14,EPIC_NORTH,E7935318,d901f84a928eae0a25149361a9f77113389ef2d5c28dc52a8b78ccd69def85d7,LINKED,,M,,18-39,,524,
batch_002,encounters_epic_north.csv,15,EPIC_NORTH,E8575374,71231416b5f175f23b43ad39d2840999d891421d2e04bf14e99dedbc1bbdc29b,LINKED,,F,,65+,,543,
batch_002,encounters_epic_north.csv,16,EPIC_NORTH,E5502852,0c4ecb2e9381365caf3a2d96f22368da71f8c0776664fde4991f85f4b47d42cc,LINKED,,F,,0-17,,541,
batch_002,encounters_epic_north.csv,17,EPIC_NORTH,E9355967,f83d042a3f20a67ab33eec027d4e5a4731562cd0e552efbe44cab8d269839cf2,LINKED,,F,,40-64,,532,
batch_002,encounters_epic_north.csv,18,EPIC_NORTH,E3132845,4abd2a1394e43cd857407bbbd71f5e9ff42266fa4c097dae2c2df0c189256760,LINKED,,F,,65+,,532,
batch_002,encounters_epic_north.csv,19,EPIC_NORTH,E6965553,d52b1de7e0792880412524f821a38d0851fdb5b140ac2c9c41a762025a69cd3a,LINKED,,M,,65+,,537,
batch_002,encounters_epic_north.csv,20,EPIC_NORTH,E8539020,50428e056f5b303b0f584f01f9478a9f5377e47227f229ae939778cb8dc86891,LINKED,,M,,40-64,,531,
batch_002,encounters_epic_north.csv,21,EPIC_NORTH,E5039137,a925d5fb47865187b187646ef092f93f0ccb3dbd87bb7dee8ab3f8d29afd79dd,LINKED,,F,,65+,,543,
batch_002,encounters_epic_north.csv,22,EPIC_NORTH,E9338668,21439a374e64e85119012e15501447dc88cc142252a90771d62d5c27ae2c51d1,LINKED,,M,,0-17,,532,
batch_002,encounters_epic_north.csv,23,EPIC_NORTH,E1339016,30cddb33bb4e32bee0e81c89b92c932bbbe1cddd75c67bf135c8f0b4bf7a23f7,LINKED,,F,,18-39,,531,
batch_002,encounters_epic_north.csv,24,EPIC_NORTH,E1836474,2eca19066dc5e73ae8462bd4aaa95f938d599d793022d2343be1afcc636dc9c0,LINKED,,F,,65+,,537,
batch_002,encounters_epic_north.csv,25,EPIC_NORTH,E5452132,8654a1b5b5a1a0222f05f032eade4b9e4a6f8b5fa9a69679099cdfa890f1d07b,LINKED,,F,,65+,,537,
batch_002,encounters_epic_north.csv,26,EPIC_NORTH,E3242940,058e8de912a1634193e2c881fe76f515b824b2ff0ffd8b5bc4e1cb68a5bf5e88,LINKED,,M,,18-39,,531,
batch_002,encounters_epic_north.csv,27,EPIC_NORTH,E8497053,dad26770882e1efaef4127bdf5e277c3b97662f601165f142bdc7e61154cbede,LINKED,,F,,65+,,543,
batch_002,encounters_epic_north.csv,28,EPIC_NORTH,E1584979,800432d0d4752056e2f49bfa1816e231f853488582715d57e533bfc043b7bd49,LINKED,,F,,65+,,531,
batch_002,encounters_epic_north.csv,29,EPIC_NORTH,E7976360,f8d988df1f2683a6c6e1f64b585c6b9178bbf1222c3bacb164807e8f9569be56,LINKED,,M,,65+,,531,
batch_002,encounters_epic_north.csv,30,EPIC_NORTH,E9668205,659acc43b742f0f34340e882257ca5fba4565eb4bc1649e2116069ff3e97831a,LINKED,,F,,18-39,,543,
batch_002,encounters_epic_north.csv,31,EPIC_NORTH,E7056322,738377045e400f14a5a552b93244c34b603392dfa3890a08f08fc5a4892b89e1,LINKED,,M,,65+,,532,
batch_002,encounters_epic_north.csv,32,EPIC_NORTH,E2872245,f045953609def2282480ae1453cf44a6ee658e728d8a1f12da4b359db91d9b8e,LINKED,,F,,18-39,,537,
batch_002,encounters_epic_north.csv,33,EPIC_NORTH,E2984803,02ab3f71347900543f01f8062dbb8c86a8898e7b5153f931fab19e2354f7b622,LINKED,,M,,40-64,,537,
batch_002,encounters_epic_north.csv,34,EPIC_NORTH,E4580367,32a345bb3d9f84578453861c295fd624efc712257d7208dffe139d7a73cf2787,LINKED,,M,,40-64,,541,
batch_002,encounters_epic_north.csv,35,EPIC_NORTH,E1838822,7daeaf80bcee1636229c15d1d86721406fa2d74545011ca944055abc19f94093,LINKED,,M,,40-64,,537,
batch_002,encounters_epic_north.csv,36,EPIC_NORTH,E1371908,815c6338a13bf3590195fd3382dbcaedf3c5361887fe60efe77d13c8aee7fddb,LINKED,,F,,40-64,,543,
batch_002,encounters_epic_north.csv,37,EPIC_NORTH,E3948254,0609b9d3e16009197003f6bc8ddb7c1c71bf99d3054880cdf88e938746464966,LINKED,,M,,65+,,541,
batch_002,encounters_epic_north.csv,38,EPIC_NORTH,E2666185,2cb78e81c4a38c50a5a5b6cdb65d0a934b3c0f517f26d92e88313a003537c671,LINKED,,F,,40-64,,543,
batch_002,encounters_epic_north.csv,39,EPIC_NORTH,E6870824,c75c33a8304a013456e510314eff11134358992cd2111eac79e0b5c10d151885,LINKED,,M,,65+,,524,
batch_002,encounters_epic_north.csv,40,EPIC_NORTH,E6060577,f86690d8992be0a5024bbd7d2a95e6a60a19b452279c9929c56ee5a350181910,LINKED,,F,,65+,,520,
batch_002,encounters_epic_north.csv,41,EPIC_NORTH,E9227003,afa9eb6675839d1a26ee2d31d1b5b555899cd8b96150c9d6990017667814747a,LINKED,,M,,40-64,,531,
batch_002,encounters_epic_north.csv,42,EPIC_NORTH,E1384373,7fab81bf2fc51810b2ed2f5fa0eebfa458f54dacc2c35377af5c3167f492f841,LINKED,,M,,18-39,,532,
batch_002,encounters_epic_north.csv,43,EPIC_NORTH,E6325405,3cb0596898386d86044b9247ef92febf69afa4beccc8bf00af650a15e44cc7eb,LINKED,,F,,40-64,,541,
batch_002,encounters_epic_north.csv,44,EPIC_NORTH,E4588971,8f03c52ad5397e9c65680b79d4e93c5923bf9dc80570f57f0eaeadef04601768,LINKED,,M,,0-17,,532,
batch_002,encounters_epic_north.csv,45,EPIC_NORTH,E5418926,3768405b63275076d921fcbd56d6c11d570cb9016596a2acb75bd9c270e1e25e,LINKED,,M,,0-17,,537,
batch_002,encounters_epic_north.csv,46,EPIC_NORTH,E5539654,a55399b48544ca7efec47d85a6cd1b6f6956019b6e292a6e34bfcab20e07551d,LINKED,,F,,65+,,531,
batch_002,encounters_epic_north.csv,47,EPIC_NORTH,E9213543,ce569b5860104cd71f133b23ebce62af52c1820d942b7b81660ac4089b32c925,LINKED,,M,,40-64,,532,
batch_002,encounters_epic_north.csv,48,EPIC_NORTH,E1006227,ed8b94b4923132f6e4b0fa4af6c1e4f8d0e5c677114cbba5ee9845b601e8d6c8,LINKED,,F,,40-64,,537,
batch_002,encounters_epic_north.csv,49,EPIC_NORTH,E4232902,b41393795511818cebc5d881a5d130c41d04a3817acd298a5f00c13cab3a974f,LINKED,,M,,65+,,531,
batch_002,encounters_epic_north.csv,50,EPIC_NORTH,E6779430,d7747976dbae590d4f8864ec50a1eeaa5433fa9c628e31d3e20139d9ceb27506,LINKED,,F,,40-64,,531,
batch_002,encounters_epic_north.csv,51,EPIC_NORTH,E6720893,f86690d8992be0a5024bbd7d2a95e6a60a19b452279c9929c56ee5a350181910,LINKED,,F,,65+,,520,
batch_002,encounters_epic_north.csv,52,EPIC_NORTH,E1842108,8f11fdb20a4839302341be96d687bb9ea2bf37a4de11eeee544cc6fede5b7e12,LINKED,,F,,40-64,,532,
batch_002,encounters_epic_north.csv,53,EPIC_NORTH,E3168433,db5ab582169043f70a0286e4f9282b6c2e24f0baf4cce8f64e3ee33d8e1235d0,LINKED,,F,,65+,,541,
batch_002,encounters_epic_north.csv,54,EPIC_NORTH,E5287058,b5ec2ada86674cfd8f6505f3516d491d7ead091de49f9f887e6ecd13331f354c,LINKED,,F,,40-64,,543,
batch_002,encounters_epic_north.csv,55,EPIC_NORTH,E5005388,84e146d9eb672180a4e87434f588a235322cc7fc9349bad85c3380c594b3a83d,LINKED,,F,,65+,,541,
batch_002,encounters_epic_north.csv,56,EPIC_NORTH,E1050924,02b72ffad8c74249be20f7abf1100f1b008dcc310f2194bf255dba494ee0e923,LINKED,,F,,18-39,,532,
batch_002,encounters_epic_north.csv,57,EPIC_NORTH,E3289195,9b589a9b180bfb4257abd0ed75a86d50f7f4aee07498ec967460fbde7ec72d33,LINKED,,M,,40-64,,543,
batch_002,encounters_epic_north.csv,58,EPIC_NORTH,E4465624,f3297ba3555ce4ca06eeec237f59fc868378257e39574c196145a6b05d993d68,LINKED,,F,,18-39,,541,
batch_002,encounters_epic_north.csv,59,EPIC_NORTH,E3424192,b5ec2ada86674cfd8f6505f3516d491d7ead091de49f9f887e6ecd13331f354c,LINKED,,F,,40-64,,543,
batch_002,encounters_epic_north.csv,60,EPIC_NORTH,E9585619,bdfbcfdd81de4959d42661f0a2e782e2bb390cc070192cfdf864e76e557c1c1b,LINKED,,M,,0-17,,531,
batch_002,encounters_epic_north.csv,61,EPIC_NORTH,E2592616,0ce98835b88ecf89dcd9e3dec84a8a18ef6d05ea13af406474ce91030311cce4,LINKED,,M,,40-64,,543,
batch_002,encounters_epic_north.csv,62,EPIC_NORTH,E5771544,30350d51f4ebb324bdf6ed7331012797a3356618266c5584f972c0a42f12bb8d,LINKED,,M,,18-39,,532,
batch_002,encounters_epic_north.csv,63,EPIC_NORTH,E2289534,8ce51f1a6dfa4e42a50a694268e017575b539eeb471735f9d072746a2be8c018,LINKED,,M,,65+,,541,
batch_002,encounters_epic_north.csv,64,EPIC_NORTH,E9154808,a9dd26dd53453f661b3bfb137b25da4102c8ba5f09cab992a6268ef7af3931c8,LINKED,,F,,65+,,531,
batch_002,encounters_epic_north.csv,65,EPIC_NORTH,E1641480,f83d042a3f20a67ab33eec027d4e5a4731562cd0e552efbe44cab8d269839cf2,LINKED,,F,,40-64,,532,
batch_002,encounters_epic_north.csv,66,EPIC_NORTH,E1454027,94ff0285343f317c535add8ff191700e44bb9a82bc3a92e6606426b2527636ec,LINKED,,F,,0-17,,531,
batch_002,encounters_epic_north.csv,67,EPIC_NORTH,E3433273,d8ac1909f93ac77c6f18e0d172bbe6def2611d1283c791b2656cd6a26096fddf,LINKED,,F,,65+,,531,
batch_002,encounters_epic_north.csv,68,EPIC_NORTH,E9096265,8ce51f1a6dfa4e42a50a694268e017575b539eeb471735f9d072746a2be8c018,LINKED,,M,,65+,,541,
batch_002,encounters_epic_north.csv,69,EPIC_NORTH,E1356743,2d20d7a4801f56756fe6d99cb9c39c94b67b8ed3b69d27fa8f57c35c8687d58e,UNLINKED,PATIENT_UNLINKED_NO_DOB,F,,UNKNOWN,AGE_BAND_DOB_UNAVAILABLE,541,
batch_002,encounters_epic_north.csv,70,EPIC_NORTH,E8142350,05333e39b965450513f7f2d6198c7e6f42dac14231aa73e40ae8e8f9c8b1675d,LINKED,,F,,65+,,541,
batch_002,encounters_epic_north.csv,71,EPIC_NORTH,E1704593,30350d51f4ebb324bdf6ed7331012797a3356618266c5584f972c0a42f12bb8d,LINKED,,M,,18-39,,532,
batch_002,encounters_epic_north.csv,72,EPIC_NORTH,E1799789,2eea1356e78289f646c92f008043c87625eade794cc3ab578730c4a694e0b823,LINKED,,M,,18-39,,532,
batch_002,encounters_epic_north.csv,73,EPIC_NORTH,E8021513,456bf7c1b2e9ed4b049dec352783f9254d89dcf6475a62acf1c6e598ce6b532a,LINKED,,F,,65+,,532,
batch_002,encounters_epic_north.csv,74,EPIC_NORTH,E6812954,815c6338a13bf3590195fd3382dbcaedf3c5361887fe60efe77d13c8aee7fddb,LINKED,,F,,40-64,,543,
batch_002,encounters_epic_north.csv,75,EPIC_NORTH,E3924619,7881693f80164c579ad51baa33c6f0698321df63a1095b5b6971c4cc235871f3,LINKED,,M,,40-64,,532,
batch_002,encounters_epic_north.csv,76,EPIC_NORTH,E2818119,cc95360b10ebfca8d1f205d64eb5716ab40e21e9193c0059170cda59558cbbcf,LINKED,,F,,18-39,,541,
batch_002,encounters_epic_north.csv,77,EPIC_NORTH,E8683443,198ac13c0a74f35ec91d823d3363c48091fc59309f34709f0b3f11b297c82ede,LINKED,,F,,0-17,,543,
batch_002,encounters_epic_north.csv,78,EPIC_NORTH,E2457624,9fa4eb6718254bb47ab6120be00b66c75f1c179768951afa0d08c971feee88c5,LINKED,,F,,65+,,537,
batch_002,encounters_epic_north.csv,79,EPIC_NORTH,E1416613,73b0159886a92d7e1faf6057306c6a9ffc3b7d6d54c81b851e106a44319a180f,LINKED,,M,,0-17,,531,
batch_002,encounters_epic_north.csv,80,EPIC_NORTH,E2454407,d52b1de7e0792880412524f821a38d0851fdb5b140ac2c9c41a762025a69cd3a,LINKED,,M,,65+,,537,
batch_002,encounters_epic_north.csv,81,EPIC_NORTH,E7545634,0be3023bc4bf30cef78ec0cb989240698002c2e5cdd973a2bc8f138243253627,LINKED,,M,,0-17,,531,
batch_002,encounters_epic_north.csv,82,EPIC_NORTH,E5321590,a63e9c1c10fa4ab30db12902a85fb546a488bb9eec41da5abb28891345c0058c,LINKED,,F,,40-64,,532,
batch_002,encounters_epic_north.csv,83,EPIC_NORTH,E3116736,71231416b5f175f23b43ad39d2840999d891421d2e04bf14e99dedbc1bbdc29b,LINKED,,F,,65+,,543,
batch_002,encounters_epic_north.csv,84,EPIC_NORTH,E7071281,7ba6723bfbbbf742739b393aafbfc8fb3754a0ccda5d1187cce0577dc933df4e,LINKED,,M,,40-64,,531,
batch_002,encounters_epic_north.csv,85,EPIC_NORTH,E2115387,f4da818385a1a4fe7ebc5af302f5988aafd8d8a92baf1bce47ef9da4112ae91d,LINKED,,F,,40-64,,541,
batch_002,encounters_epic_north.csv,86,EPIC_NORTH,E4208459,bc4a1d4887a939eb53473475c221d8b202f432259cd8fb8e0448b3c9e7d202f3,LINKED,,F,,18-39,,543,
batch_002,encounters_epic_north.csv,87,EPIC_NORTH,E8036795,91e6ddd2f7da2165e22cb7723792d32cc4c7b6c6cbd657fbb6d7a4bd0b43c611,LINKED,,F,,65+,,541,
batch_002,encounters_epic_north.csv,88,EPIC_NORTH,E2292298,73b0159886a92d7e1faf6057306c6a9ffc3b7d6d54c81b851e106a44319a180f,LINKED,,M,,0-17,,531,
batch_002,encounters_epic_north.csv,89,EPIC_NORTH,E5072153,4d45ee70c93ae9dcaaa8a0ab4e92f0b22cdf905efdb103ce91a055926e0d9fde,LINKED,,F,,18-39,,537,
batch_002,encounters_epic_north.csv,90,EPIC_NORTH,E5251832,da802ea81d2536b3421e85cfbddd0fb45723e4baf24ece39af5b96449d3e6ca2,LINKED,,F,,40-64,,543,
batch_002,encounters_epic_north.csv,91,EPIC_NORTH,E1341690,d57325493f8bc235279ad48271bad3e374a5d58d3368e082d5b5a6379a86fa67,LINKED,,M,,65+,,531,
batch_002,encounters_epic_north.csv,92,EPIC_NORTH,E4959329,d034a0bac13c0532ef3d034f58ad04a03727675fa36ffbb079bcefda7a1f0436,LINKED,,M,,0-17,,537,
batch_002,encounters_epic_north.csv,93,EPIC_NORTH,E7976360,f8d988df1f2683a6c6e1f64b585c6b9178bbf1222c3bacb164807e8f9569be56,LINKED,,M,,65+,,531,
batch_002,encounters_epic_north.csv,94,EPIC_NORTH,E4011473,a3dd71bcc327b10fe1b25839ee2adcb81ce2069953a2d096ed6a3e205c15fb49,LINKED,,F,,18-39,,537,
batch_002,encounters_epic_north.csv,95,EPIC_NORTH,E3428495,d8ca5cf6bb657edea65718d42e550c7d4cc70b8566e3172419064a85826ee7db,LINKED,,M,,40-64,,531,
batch_002,encounters_epic_north.csv,96,EPIC_NORTH,E9617201,5486170f58053522005445b2094d0d4f9222aba7d1e23a8b1818c1be70317131,LINKED,,M,,40-64,,531,
batch_002,encounters_epic_north.csv,97,EPIC_NORTH,E2067261,f6e55bbef1cfb37d307229372711c5a062ec5dfd7d86486890bd6471f7a93d5f,LINKED,,M,,40-64,,541,
batch_002,encounters_epic_north.csv,98,EPIC_NORTH,E3721405,ee228bb47517ad15f72ed2acdcffd1cfd3d2c3de01f2a219613be9f81d038880,LINKED,,M,,18-39,,537,
batch_002,encounters_epic_north.csv,99,EPIC_NORTH,E2667571,844156e61826aa835eb6485d0f4875708dfdbde1a179a0f9009dd19ca5427dbe,LINKED,,F,,65+,,531,
batch_002,encounters_epic_north.csv,100,EPIC_NORTH,E3160456,188dd40007588bcedb56d17acb84eaea5654839132f45aca2f88d17fdcd53a80,LINKED,,M,,40-64,,531,
batch_002,encounters_epic_north.csv,101,EPIC_NORTH,E4356482,be8a5d36f607e5d49752d35f77b578c35a0ba6a075bc9db99e6dfa7ba6d698a4,LINKED,,F,,65+,,520,
batch_002,encounters_epic_north.csv,102,EPIC_NORTH,E4418536,0e63056066bf850f7d8e188ea22aa28a3767c8b4ca46046e08068e7cf0b03837,LINKED,,F,,40-64,,531,
batch_002,encounters_epic_north.csv,103,EPIC_NORTH,E1253036,9223095ca9667fcd181bcb72b4da2f1516078f1375a9ae67a5ef6f6b00bbc747,LINKED,,M,,65+,,520,
batch_002,encounters_epic_north.csv,104,EPIC_NORTH,E3004274,14da5717f81afaa68b151fbc8a4d045525743270cbf9b4a04b4b11a88b280779,LINKED,,F,,65+,,537,
batch_002,encounters_epic_north.csv,105,EPIC_NORTH,E4785753,bfd1fa374b8aff71041201fd7937a30a58259a25500af659474a80a0e3819bc5,LINKED,,M,,40-64,,537,
batch_002,encounters_epic_north.csv,106,EPIC_NORTH,E8876545,ce569b5860104cd71f133b23ebce62af52c1820d942b7b81660ac4089b32c925,LINKED,,M,,40-64,,532,
batch_002,encounters_epic_north.csv,107,EPIC_NORTH,E9566372,426f47473a38e51553a01869fb06c87c7cdb1d4a7d2f5f0408c3cd539c5e47ee,LINKED,,F,,40-64,,524,
batch_002,encounters_epic_north.csv,108,EPIC_NORTH,E4770113,d8f6db0ceea761a1001f08f1a99277c18e28a62661e2269f9471bafc938e7136,LINKED,,M,,65+,,531,
batch_002,encounters_epic_north.csv,109,EPIC_NORTH,E6202000,c4b661b705d951ddf65b919eb43636a693b895cc813567d3efc53f339f8c67c7,LINKED,,M,,0-17,,543,
batch_002,encounters_epic_north.csv,110,EPIC_NORTH,E3865085,42e17e1c55b01b32cf5d68a559a46888d17c3e4793e6c75cc9646c42187ffd0f,LINKED,,F,,18-39,,543,
batch_002,encounters_epic_north.csv,111,EPIC_NORTH,E6291931,9693d1986e504e97255f036a9e18319a58ccfb686b6ecfced23c7d779365ef93,LINKED,,M,,65+,,531,
batch_002,encounters_epic_north.csv,112,EPIC_NORTH,E7194183,5a37e630b49fe710722c85116872d3a8fff2d1d284a92d673dea79619bcd1c1e,LINKED,,F,,40-64,,543,
batch_002,encounters_epic_north.csv,113,EPIC_NORTH,E5667383,813b3419df502081d272c15ab83a0c44edc991f340d5a0fd477971b551274c5e,LINKED,,M,,65+,,541,
batch_002,encounters_epic_north.csv,114,EPIC_NORTH,E1055849,2d20d7a4801f56756fe6d99cb9c39c94b67b8ed3b69d27fa8f57c35c8687d58e,UNLINKED,PATIENT_UNLINKED_NO_DOB,F,,UNKNOWN,AGE_BAND_DOB_UNAVAILABLE,541,
batch_002,encounters_epic_north.csv,115,EPIC_NORTH,E7321153,5a37e630b49fe710722c85116872d3a8fff2d1d284a92d673dea79619bcd1c1e,LINKED,,F,,40-64,,543,
batch_002,encounters_epic_north.csv,116,EPIC_NORTH,E6713998,72936083e9785c0003975d1e6eb380dbdd05ba7799701d7fe30a9f7759457267,LINKED,,M,,40-64,,543,
batch_002,encounters_epic_north.csv,117,EPIC_NORTH,E3145629,dfb27b08edc8eb275190740407a295c3786d5cf221504c422e6143683bbc5fd9,LINKED,,F,,18-39,,531,
batch_002,encounters_epic_north.csv,118,EPIC_NORTH,E7792535,d08961e848045c46e7f7d06762dcff6d73baf7a61c09deeb6afdd5a35fcd152d,LINKED,,M,,40-64,,532,
batch_002,encounters_epic_north.csv,119,EPIC_NORTH,E5389341,0eebbe5a676ba469eca856b63f12b7864b6e630e0e2f15d980ccf3a03bdd1e7b,LINKED,,M,,40-64,,532,
batch_002,encounters_epic_north.csv,120,EPIC_NORTH,E2778940,738377045e400f14a5a552b93244c34b603392dfa3890a08f08fc5a4892b89e1,LINKED,,M,,65+,,532,
batch_002,encounters_epic_north.csv,121,EPIC_NORTH,E9374463,9ec5a2ce7d0165d043f75382d341b66a5a9d4455cd701be572afbf70db753cd5,LINKED,,M,,65+,,532,
batch_002,encounters_epic_north.csv,122,EPIC_NORTH,E9073503,58208b064156d237e41af805008d085de19dfcc212f7900e0f63e8588e2d1867,LINKED,,F,,18-39,,541,
batch_002,encounters_epic_north.csv,123,EPIC_NORTH,E9832623,dd88479364dd32b54b0222d105ef6e64e3fae43ff39f0bf43320eba3113e772e,LINKED,,M,,0-17,,537,
batch_002,encounters_epic_north.csv,124,EPIC_NORTH,E6988790,a34128f3c476600aab2a1b6680d2285b9cadc4d9bd145ee8d92f18df0da4e046,LINKED,,M,,0-17,,532,
batch_002,encounters_epic_north.csv,125,EPIC_NORTH,E1599873,b17c81858447170620f306540864aa820abde444c50e39b951bc8d386d795ce0,LINKED,,M,,0-17,,532,
batch_002,encounters_epic_north.csv,126,EPIC_NORTH,E7919508,2cb78e81c4a38c50a5a5b6cdb65d0a934b3c0f517f26d92e88313a003537c671,LINKED,,F,,40-64,,543,
batch_002,encounters_epic_north.csv,127,EPIC_NORTH,E5513433,2eca19066dc5e73ae8462bd4aaa95f938d599d793022d2343be1afcc636dc9c0,LINKED,,F,,65+,,537,
batch_002,encounters_epic_north.csv,128,EPIC_NORTH,E7543833,f92c8735c95179cfa95c22fce22c6cebe244f2d3c22737c4c41a5dae6137c299,LINKED,,M,,40-64,,531,
batch_002,encounters_epic_north.csv,129,EPIC_NORTH,E4802405,7ba6723bfbbbf742739b393aafbfc8fb3754a0ccda5d1187cce0577dc933df4e,LINKED,,M,,40-64,,531,
batch_002,encounters_epic_north.csv,130,EPIC_NORTH,E1415066,a925d5fb47865187b187646ef092f93f0ccb3dbd87bb7dee8ab3f8d29afd79dd,LINKED,,F,,65+,,543,
batch_002,encounters_epic_north.csv,131,EPIC_NORTH,E4113536,42e17e1c55b01b32cf5d68a559a46888d17c3e4793e6c75cc9646c42187ffd0f,LINKED,,F,,18-39,,543,
batch_002,encounters_epic_north.csv,132,EPIC_NORTH,E5321590,a63e9c1c10fa4ab30db12902a85fb546a488bb9eec41da5abb28891345c0058c,LINKED,,F,,40-64,,532,
batch_002,encounters_epic_north.csv,133,EPIC_NORTH,E3545544,2e9bf27e182836698f04dcdba38336d83babf2fa0a72bc270a7d62f684c384d6,LINKED,,M,,40-64,,532,
batch_002,encounters_epic_north.csv,134,EPIC_NORTH,E7204104,d7747976dbae590d4f8864ec50a1eeaa5433fa9c628e31d3e20139d9ceb27506,LINKED,,F,,40-64,,531,
batch_002,encounters_epic_north.csv,135,EPIC_NORTH,E9733520,2e9bf27e182836698f04dcdba38336d83babf2fa0a72bc270a7d62f684c384d6,LINKED,,M,,40-64,,532,
batch_002,encounters_epic_north.csv,136,EPIC_NORTH,E2660265,9168191159e6d8165a4ec7a13fd6464a091efad0bb2b32ac05b68cab9d42d18d,LINKED,,F,,0-17,,543,
batch_002,encounters_epic_north.csv,137,EPIC_NORTH,E9740432,5486170f58053522005445b2094d0d4f9222aba7d1e23a8b1818c1be70317131,LINKED,,M,,40-64,,531,
batch_002,encounters_epic_north.csv,138,EPIC_NORTH,E6324430,e042e54cec215372dae85698ecbdbbd9e1f08af3c66786a13532da53271b472a,LINKED,,F,,65+,,537,
batch_002,encounters_epic_north.csv,139,EPIC_NORTH,E2109143,d4d3b5d684a38c5bbe7452187abdbf0327df4073063737a159352c4adb14afe1,LINKED,,M,,65+,,531,
batch_002,encounters_epic_north.csv,140,EPIC_NORTH,E8023211,be5a267e2634745e6453ba04fa15bdf47cb3ddee720581bf9b56c063eb4b1527,LINKED,,F,,65+,,541,
batch_002,encounters_epic_north.csv,141,EPIC_NORTH,E1816099,90036f0185398658a774e980f5a1dd4af508463c97b0ea104c40d056675c49ff,LINKED,,M,,40-64,,543,
batch_002,encounters_epic_north.csv,142,EPIC_NORTH,E2456755,8093be7fd89fde21420fb18a15b9a5b4c1bad9dcfab2f85a12d9f2cd49ac585f,LINKED,,F,,UNKNOWN,AGE_BAND_ADMIT_UNAVAILABLE,541,
batch_002,encounters_epic_north.csv,143,EPIC_NORTH,E7818003,f4da818385a1a4fe7ebc5af302f5988aafd8d8a92baf1bce47ef9da4112ae91d,LINKED,,F,,40-64,,541,
batch_002,encounters_epic_north.csv,144,EPIC_NORTH,E4011270,dd682a3c2228d33123bf15472922c9df4a44eb43ecaf75be50e09a6b09115379,LINKED,,F,,18-39,,541,
batch_002,encounters_epic_north.csv,145,EPIC_NORTH,E6512509,8eeb379ee90e89d00a8cadf3d67eb33a7073c51c60e24b74a83f6568cd67a520,LINKED,,M,,40-64,,541,
batch_002,encounters_epic_north.csv,146,EPIC_NORTH,E1436304,089b6063da67249a20b58d32cec5c60aa40820bb4b75deb20b7155f225332598,LINKED,,M,,0-17,,531,
batch_002,encounters_epic_north.csv,147,EPIC_NORTH,E7173964,b45b03f3a074b3dd6cf8f94c1040bdeceee130b0499eb7fd62a08fbef749c191,LINKED,,F,,0-17,,532,
batch_002,encounters_epic_north.csv,148,EPIC_NORTH,E5765331,e0de0a104b1cf528cf4be9edb4c0b8bf95847c91daa5fa75f41b8ebdfc27208d,LINKED,,F,,65+,,541,
batch_002,encounters_epic_north.csv,149,EPIC_NORTH,E8864120,137b4845b61a94acf520be3e35a18529cba90860a42be6f92d8afcf5a838c078,LINKED,,F,,0-17,,537,
batch_002,encounters_epic_north.csv,150,EPIC_NORTH,E6438421,a1e1dd9a52d763f3cf740d345b0b6972dd3a296d350199a80274a158a0bc3d47,LINKED,,M,,0-17,,541,
batch_002,encounters_epic_north.csv,151,EPIC_NORTH,E5983559,12ae6252ddb488a9fb0cfce529e375e602082656165eb86bb90a6cc68b3db501,LINKED,,F,,65+,,541,
batch_002,encounters_epic_north.csv,152,EPIC_NORTH,E8952212,0e63056066bf850f7d8e188ea22aa28a3767c8b4ca46046e08068e7cf0b03837,LINKED,,F,,40-64,,531,
batch_002,encounters_epic_north.csv,153,EPIC_NORTH,E6761363,851caa579b0e9823589a30f289f428ee1d980c7346378c13b675903cb1547b94,LINKED,,F,,40-64,,537,
batch_002,encounters_epic_north.csv,154,EPIC_NORTH,E4751500,21439a374e64e85119012e15501447dc88cc142252a90771d62d5c27ae2c51d1,LINKED,,M,,0-17,,532,
batch_002,encounters_epic_north.csv,155,EPIC_NORTH,E8418834,254a2928bd35f999d4c5bf2835dc0a593cf85698cb3fc98fa30699fbc0a2e170,LINKED,,F,,40-64,,532,
batch_002,encounters_epic_north.csv,156,EPIC_NORTH,E2832331,28895bd8f2a30c7930d391fdc80fa85256a6efa83fef4429f78de916e21b2452,LINKED,,M,,65+,,541,
batch_002,encounters_epic_north.csv,157,EPIC_NORTH,E8134203,7881693f80164c579ad51baa33c6f0698321df63a1095b5b6971c4cc235871f3,LINKED,,M,,40-64,,532,
batch_002,encounters_epic_north.csv,158,EPIC_NORTH,E1145731,fb3c0b721a288fd722dd7b738b57f9dd02b5cb3a258db406d3060d278788ad47,LINKED,,M,,0-17,,543,
batch_002,encounters_epic_north.csv,159,EPIC_NORTH,E7086408,dd682a3c2228d33123bf15472922c9df4a44eb43ecaf75be50e09a6b09115379,LINKED,,F,,18-39,,541,
batch_002,encounters_epic_north.csv,160,EPIC_NORTH,E2463574,d769b914a48be6700dd87466837ffb3dc8165fdc4533df41d2693e516938d158,LINKED,,F,,40-64,,537,
batch_002,encounters_epic_north.csv,161,EPIC_NORTH,E5244981,122590f8c824518613d82d289264c5d58cb69ad9f2da4fdfc81a2d65ed3e5255,LINKED,,M,,0-17,,537,
batch_002,encounters_epic_north.csv,162,EPIC_NORTH,E6837452,450cdc42b73d59b53852252ff4bf8c73aa836bd74a70d04538496ff88681b6b6,LINKED,,F,,65+,,524,
batch_002,encounters_epic_north.csv,163,EPIC_NORTH,E3030760,94284ba0820917646b13b3c08f8ae29cf2a515bd3000a0a5bb2092c7ebdc54e6,LINKED,,F,,40-64,,531,
batch_002,encounters_epic_north.csv,164,EPIC_NORTH,E1770351,46231891c47573b4fc107a2b652a76e9d080e9b920554f828ca58407a43d8b2a,LINKED,,M,,18-39,,543,
batch_002,encounters_epic_north.csv,165,EPIC_NORTH,E8757191,cddd00b29ab16cd4474996d3a0a72e5a35b6b03598a0c596335f86ba487c3884,LINKED,,M,,0-17,,531,
batch_002,encounters_epic_north.csv,166,EPIC_NORTH,E2195944,e20e94c379775d102e7a0c5899517413004be9a8137011b0be547e8c9b713da5,LINKED,,F,,40-64,,537,
batch_002,encounters_epic_north.csv,167,EPIC_NORTH,E6809904,a9dd26dd53453f661b3bfb137b25da4102c8ba5f09cab992a6268ef7af3931c8,LINKED,,F,,65+,,531,
batch_002,encounters_epic_north.csv,168,EPIC_NORTH,E4288503,fb3c0b721a288fd722dd7b738b57f9dd02b5cb3a258db406d3060d278788ad47,LINKED,,M,,0-17,,543,
batch_002,encounters_epic_north.csv,169,EPIC_NORTH,E8196351,b22ce737b029857154c14d573e441907e18b56bdf49d14e684e4330c63359e6a,LINKED,,F,,0-17,,537,
batch_002,encounters_epic_north.csv,170,EPIC_NORTH,E6973711,f6e55bbef1cfb37d307229372711c5a062ec5dfd7d86486890bd6471f7a93d5f,LINKED,,M,,40-64,,541,
batch_002,encounters_epic_north.csv,171,EPIC_NORTH,E9541509,c9cf057abc289ae1b426d918c6fb8d13b2aa03774c678be797d7348a69ad180f,LINKED,,F,,65+,,543,
batch_002,encounters_epic_north.csv,172,EPIC_NORTH,E4756315,815c6338a13bf3590195fd3382dbcaedf3c5361887fe60efe77d13c8aee7fddb,LINKED,,F,,40-64,,543,
batch_002,encounters_epic_north.csv,173,EPIC_NORTH,E1328262,b17c81858447170620f306540864aa820abde444c50e39b951bc8d386d795ce0,LINKED,,M,,0-17,,532,
batch_002,encounters_epic_north.csv,174,EPIC_NORTH,E6726336,254a2928bd35f999d4c5bf2835dc0a593cf85698cb3fc98fa30699fbc0a2e170,LINKED,,F,,40-64,,532,
batch_002,encounters_legacy_meditech.csv,1,LEGACY_MEDITECH,106813,6549108b576c1b57178e332cb6e7c9edc23dafe4fcd139907c80f16e8493fdef,LINKED,,M,,65+,,520,
batch_002,encounters_legacy_meditech.csv,2,LEGACY_MEDITECH,126428,36b051c3c7106353caf8223ba2e2410daddc2126bddc154f4a0ba49ec17bb538,LINKED,,M,,65+,,541,
batch_002,encounters_legacy_meditech.csv,3,LEGACY_MEDITECH,125679,f4febf1dcb0d31a3dd6ddea04b3289a81c9ccf1abadc37b6fd1c5054e71c871a,LINKED,,F,,40-64,,524,
batch_002,encounters_legacy_meditech.csv,4,LEGACY_MEDITECH,117755,299671250848007454b3509d2f569df22c934c847709b2787ad3ab81b26a5549,LINKED,,M,,65+,,520,
batch_002,encounters_legacy_meditech.csv,5,LEGACY_MEDITECH,134099,6270e8b43fcd6d606ade2182c9a40fd3cd59bfe686dbfcceda4e092a375d6a80,LINKED,,M,,40-64,,524,
batch_002,encounters_legacy_meditech.csv,6,LEGACY_MEDITECH,113426,f64579cbae85c724afee09cab512178d5825c45cf51d2d9266a30c011f542732,LINKED,,M,,40-64,,520,
batch_002,encounters_legacy_meditech.csv,7,LEGACY_MEDITECH,117385,b9ce4a7ec13ff1f4bd3886f55445e3a68935c31df617f99df1a93c83198e9350,LINKED,,F,,18-39,,524,
batch_002,encounters_legacy_meditech.csv,8,LEGACY_MEDITECH,115556,aaac25b97f7d2c80c945d7b70f1d945b4c86f5138c6b5c62b6a3b0d737fc5d0f,LINKED,,M,,40-64,,541,
batch_002,encounters_legacy_meditech.csv,9,LEGACY_MEDITECH,130131,4451d7e2dd2fddb5700969528dfa07179efd56b95de27827f90161fd64d59a1c,LINKED,,M,,40-64,,524,
batch_002,encounters_legacy_meditech.csv,10,LEGACY_MEDITECH,130516,f5b698bbf3ebfb6e0f4c9d173fd90c457b1224cad24b8d2ef6a791b94a533009,LINKED,,F,,65+,,524,
batch_002,encounters_legacy_meditech.csv,11,LEGACY_MEDITECH,125775,3e99300e828067d375d97274db1df7c5dc6f6197867320791ca2871054b902ea,LINKED,,M,,65+,,611,
batch_002,encounters_legacy_meditech.csv,12,LEGACY_MEDITECH,128482,c55795c58727d94974ec5c7b33fcabc6c78b7c4b9d6c4833272ec6b1007a41bc,LINKED,,M,,40-64,,524,
batch_002,encounters_legacy_meditech.csv,13,LEGACY_MEDITECH,113065,4451d7e2dd2fddb5700969528dfa07179efd56b95de27827f90161fd64d59a1c,LINKED,,M,,40-64,,524,
batch_002,encounters_legacy_meditech.csv,14,LEGACY_MEDITECH,103644,a8fd4e19eb0ee07fce107838bc9f07e73b3dd783b12c96e707ac84a4ffacb68a,LINKED,,M,,40-64,,541,
batch_002,encounters_legacy_meditech.csv,15,LEGACY_MEDITECH,117856,10eb9da1d5162633a6ca00efe8bb83d99bd85fa6e721dab1ad3749e21d7b3c0d,LINKED,,M,,65+,,520,
batch_002,encounters_legacy_meditech.csv,16,LEGACY_MEDITECH,138700,a7f223845466607e102e168dc1230181299231ec8de36fd9e64b335616fdfd01,LINKED,,M,,40-64,,520,
batch_002,encounters_legacy_meditech.csv,17,LEGACY_MEDITECH,106896,ac952d448bf2175a6ad45e2dee82d1cbb089430cce0b733e98651c08d296461b,LINKED,,M,,65+,,524,
batch_002,encounters_legacy_meditech.csv,18,LEGACY_MEDITECH,124828,a076f450c42b8391e489709701291e06fe83e449579df7407573570ee4541d04,LINKED,,F,,65+,,524,
batch_002,encounters_legacy_meditech.csv,19,LEGACY_MEDITECH,106301,9a1732afd60c2b981add11c0b34fa08c2abbe1b86b49f060141b8b6a37a3651e,LINKED,,M,,65+,,537,
batch_002,encounters_legacy_meditech.csv,20,LEGACY_MEDITECH,131891,c8fec0e4ec12d698859cd440439bd05e2b5af312408c8b55b8668a3c36b9ce6e,LINKED,,F,,40-64,,520,
batch_002,encounters_legacy_meditech.csv,21,LEGACY_MEDITECH,134586,9011221dcfc658d0a938717af02c54fca52524b527ac9e7946dbde2ab7b3c608,LINKED,,M,,40-64,,520,
batch_002,encounters_legacy_meditech.csv,22,LEGACY_MEDITECH,131847,3004b568acd972536053f848555820cccbb4bc1bee3a75e1495f78b6891b5ac2,LINKED,,F,,40-64,,520,
batch_002,encounters_legacy_meditech.csv,23,LEGACY_MEDITECH,139043,a8fd4e19eb0ee07fce107838bc9f07e73b3dd783b12c96e707ac84a4ffacb68a,LINKED,,M,,40-64,,541,
batch_002,encounters_legacy_meditech.csv,24,LEGACY_MEDITECH,133393,6b81c0cd99f1aa1dfd4bf5bcaa672962c474083db07c49a0a959215934e92420,LINKED,,M,,65+,,520,
batch_002,encounters_legacy_meditech.csv,25,LEGACY_MEDITECH,139573,7e247fc0f999687b7cbd2b17acd4fe6813af2f1b41c64f3737b4a0f013e87151,LINKED,,M,,0-17,,524,
batch_002,encounters_legacy_meditech.csv,26,LEGACY_MEDITECH,139677,6b81c0cd99f1aa1dfd4bf5bcaa672962c474083db07c49a0a959215934e92420,LINKED,,M,,65+,,520,
batch_002,encounters_legacy_meditech.csv,27,LEGACY_MEDITECH,132490,c3a67dd1d82c98fed88b7625cd3681c7066325b9d428b382026e5a6ae5c80585,LINKED,,M,,40-64,,524,
batch_002,encounters_legacy_meditech.csv,28,LEGACY_MEDITECH,137099,3f56fd44b0bd1d85eb09a46ae6bedd8560e94d9466990ea0475592fa805b8c6b,LINKED,,F,,65+,,524,
batch_002,encounters_legacy_meditech.csv,29,LEGACY_MEDITECH,133243,10eb9da1d5162633a6ca00efe8bb83d99bd85fa6e721dab1ad3749e21d7b3c0d,LINKED,,M,,65+,,520,
batch_002,encounters_legacy_meditech.csv,30,LEGACY_MEDITECH,132585,d58ddd0ea11694ae0263eec69cbf1690b67d5f0ecc10372276f4ab11f155958f,LINKED,,F,,18-39,,524,
batch_002,encounters_legacy_meditech.csv,31,LEGACY_MEDITECH,113271,739a9454efb02f4023f1c412875410f155b8bbfbae5290e963e6d9006f839090,LINKED,,M,,65+,,520,
batch_002,encounters_legacy_meditech.csv,32,LEGACY_MEDITECH,118520,77a9ad54dfc7d081b99ad0bedc94384ef0c47aace31273c976a49dd827aff195,LINKED,,M,,65+,,520,
batch_002,encounters_legacy_meditech.csv,33,LEGACY_MEDITECH,102726,3004b568acd972536053f848555820cccbb4bc1bee3a75e1495f78b6891b5ac2,LINKED,,F,,40-64,,520,
batch_002,encounters_legacy_meditech.csv,34,LEGACY_MEDITECH,126067,10eb9da1d5162633a6ca00efe8bb83d99bd85fa6e721dab1ad3749e21d7b3c0d,LINKED,,M,,65+,,520,
batch_002,encounters_legacy_meditech.csv,35,LEGACY_MEDITECH,104131,ac952d448bf2175a6ad45e2dee82d1cbb089430cce0b733e98651c08d296461b,LINKED,,M,,65+,,524,
batch_002,encounters_legacy_meditech.csv,36,LEGACY_MEDITECH,132535,10eb9da1d5162633a6ca00efe8bb83d99bd85fa6e721dab1ad3749e21d7b3c0d,LINKED,,M,,65+,,520,
batch_002,encounters_legacy_meditech.csv,37,LEGACY_MEDITECH,137043,54e454435328ce0cff4914e9f519fd00942f5e046240e6399063944cc90976b0,LINKED,,F,,40-64,,520,
batch_002,encounters_legacy_meditech.csv,38,LEGACY_MEDITECH,108139,aebb7fe9617212f8170756848ce24da8e4e83c57e28519c251d402b8e63d1f04,LINKED,,M,,65+,,524,
batch_002,encounters_legacy_meditech.csv,39,LEGACY_MEDITECH,100724,c34f784830e4261a3fb071dc6144cab19ce87b221eb2a10189f482ab557a0d9d,LINKED,,F,,65+,,520,
batch_002,encounters_legacy_meditech.csv,40,LEGACY_MEDITECH,117305,c34f784830e4261a3fb071dc6144cab19ce87b221eb2a10189f482ab557a0d9d,LINKED,,F,,65+,,520,
batch_002,encounters_legacy_meditech.csv,41,LEGACY_MEDITECH,118605,c833fb7ef8f37850196c1b8ccf159998ceedd7b5a94494ffff86d8e0c1616b60,LINKED,,M,,40-64,,611,
batch_002,encounters_legacy_meditech.csv,42,LEGACY_MEDITECH,105715,a076f450c42b8391e489709701291e06fe83e449579df7407573570ee4541d04,LINKED,,F,,65+,,524,
batch_002,encounters_legacy_meditech.csv,43,LEGACY_MEDITECH,139265,b9ce4a7ec13ff1f4bd3886f55445e3a68935c31df617f99df1a93c83198e9350,LINKED,,F,,18-39,,524,
batch_002,encounters_legacy_meditech.csv,44,LEGACY_MEDITECH,104109,8f30ede75572c5d80932b199ec7611c9aa46d2aeab0497c26ac10f30453db542,LINKED,,M,,65+,,524,
batch_002,encounters_legacy_meditech.csv,45,LEGACY_MEDITECH,102656,6b81c0cd99f1aa1dfd4bf5bcaa672962c474083db07c49a0a959215934e92420,LINKED,,M,,65+,,520,
batch_002,encounters_legacy_meditech.csv,46,LEGACY_MEDITECH,114407,a7f223845466607e102e168dc1230181299231ec8de36fd9e64b335616fdfd01,LINKED,,M,,40-64,,520,
batch_002,encounters_legacy_meditech.csv,47,LEGACY_MEDITECH,110753,e9c2b9bf3a0e5e36d03db907fd4f63ecdbb3941b3ed1b60584758466b4c2ca9f,LINKED,,M,,40-64,,524,
batch_002,encounters_legacy_meditech.csv,48,LEGACY_MEDITECH,113421,2dc0c62f98d40397a72762fb259f66700df6c5f10e581c9a36b155beef5a24cb,LINKED,,M,,40-64,,520,
batch_002,encounters_legacy_meditech.csv,49,LEGACY_MEDITECH,106736,10eb9da1d5162633a6ca00efe8bb83d99bd85fa6e721dab1ad3749e21d7b3c0d,LINKED,,M,,65+,,520,
batch_002,encounters_legacy_meditech.csv,50,LEGACY_MEDITECH,130598,2d4183637d516b18f00575e5b97a6954571043ffe667685bf9585671938f9aeb,LINKED,,F,,40-64,,524,
batch_002,encounters_legacy_meditech.csv,51,LEGACY_MEDITECH,114986,6549108b576c1b57178e332cb6e7c9edc23dafe4fcd139907c80f16e8493fdef,LINKED,,M,,65+,,520,
batch_002,encounters_legacy_meditech.csv,52,LEGACY_MEDITECH,106479,12ae6252ddb488a9fb0cfce529e375e602082656165eb86bb90a6cc68b3db501,LINKED,,F,,65+,,541,
batch_002,encounters_legacy_meditech.csv,53,LEGACY_MEDITECH,123335,b8ceb2af98ef027130eb67ac68fe48b48aa9267b4be92cd39ba67ac5736c002e,LINKED,,F,,65+,,520,
batch_002,encounters_legacy_meditech.csv,54,LEGACY_MEDITECH,134134,bd8306d5ec8cc88318a48f19552cf39c51c3e2bfc9a09de7c24aecbaa70cf15a,LINKED,,F,,40-64,,531,
batch_002,encounters_legacy_meditech.csv,55,LEGACY_MEDITECH,130264,08a452cf80b72a9f291ab28e3d2c6bb15feca827a8f46c0818842b9507229f07,LINKED,,F,,18-39,,524,
batch_002,encounters_legacy_meditech.csv,56,LEGACY_MEDITECH,109952,d4c0ca5900d82eda6eb5aa68e0795f7601560db759745e32d12aafd931423301,LINKED,,F,,65+,,524,
batch_002,encounters_legacy_meditech.csv,57,LEGACY_MEDITECH,119413,aebb7fe9617212f8170756848ce24da8e4e83c57e28519c251d402b8e63d1f04,LINKED,,M,,65+,,524,
batch_002,encounters_legacy_meditech.csv,58,LEGACY_MEDITECH,120873,845b0265a28dd42536c1092e6b32220456cf167b4b0a83b115fc32d343e96166,LINKED,,F,,40-64,,524,
batch_002,encounters_legacy_meditech.csv,59,LEGACY_MEDITECH,135940,2c546ef54127ea5b3393a29699ffaf8f59c71a1497743992bd2025e4a7f83896,LINKED,,M,,65+,,520,
batch_002,encounters_legacy_meditech.csv,60,LEGACY_MEDITECH,128966,2e05584e2ef3378b0e5a4f9d1c39138b2f4a6fd7c2f303f60457347c45babc75,LINKED,,M,,40-64,,524,
batch_002,encounters_legacy_meditech.csv,61,LEGACY_MEDITECH,137751,ac952d448bf2175a6ad45e2dee82d1cbb089430cce0b733e98651c08d296461b,LINKED,,M,,65+,,524,
batch_002,encounters_legacy_meditech.csv,62,LEGACY_MEDITECH,101195,aaac25b97f7d2c80c945d7b70f1d945b4c86f5138c6b5c62b6a3b0d737fc5d0f,LINKED,,M,,40-64,,541,
batch_002,encounters_legacy_meditech.csv,63,LEGACY_MEDITECH,109632,099400706dca79b202e094226d2043483c35472ad270e976fb3793b7bd1f3d27,LINKED,,M,,40-64,,520,
batch_002,encounters_legacy_meditech.csv,64,LEGACY_MEDITECH,137862,23fab7a7c81e002f0e38788af745a2ca2cab9d6cfd0e8333f8c83898b7cead03,LINKED,,M,,65+,,524,
batch_002,encounters_legacy_meditech.csv,65,LEGACY_MEDITECH,137265,d4c0ca5900d82eda6eb5aa68e0795f7601560db759745e32d12aafd931423301,LINKED,,F,,65+,,524,
batch_002,encounters_legacy_meditech.csv,66,LEGACY_MEDITECH,127709,a0b9918a3b90db6c7c7bd22075cb66669c3df8a2c0d60f48b549fedf053b2750,LINKED,,M,,65+,,520,
batch_002,encounters_legacy_meditech.csv,67,LEGACY_MEDITECH,117990,92354bb51f0f76e034b72123b12ba5f47dc5c88b62a724f2b05cdadfb0534b9f,LINKED,,M,,40-64,,524,
batch_002,encounters_legacy_meditech.csv,68,LEGACY_MEDITECH,126950,299671250848007454b3509d2f569df22c934c847709b2787ad3ab81b26a5549,LINKED,,M,,65+,,520,
batch_002,encounters_legacy_meditech.csv,69,LEGACY_MEDITECH,131313,4a9bcf7754d99628dabfe108c43cb33d1b6c37b41df0194442dcb015f561a36f,LINKED,,F,,65+,,532,
batch_002,encounters_legacy_meditech.csv,70,LEGACY_MEDITECH,131052,9223095ca9667fcd181bcb72b4da2f1516078f1375a9ae67a5ef6f6b00bbc747,LINKED,,M,,65+,,520,
batch_002,encounters_legacy_meditech.csv,71,LEGACY_MEDITECH,131873,b8ceb2af98ef027130eb67ac68fe48b48aa9267b4be92cd39ba67ac5736c002e,LINKED,,F,,65+,,520,
batch_002,encounters_legacy_meditech.csv,72,LEGACY_MEDITECH,126075,a7f223845466607e102e168dc1230181299231ec8de36fd9e64b335616fdfd01,LINKED,,M,,40-64,,520,
batch_002,encounters_legacy_meditech.csv,73,LEGACY_MEDITECH,131498,1050fc7fb090c451ab4d0aba72c0e33c0768d3eeca50a2d631393c3b4a74005d,LINKED,,M,,40-64,,611,
batch_002,encounters_legacy_meditech.csv,74,LEGACY_MEDITECH,108981,5e4d67d8aa4035bc853eb464313f1da480267ae9beb22e2f09dcce96367feef2,LINKED,,M,,65+,,532,
batch_002,encounters_legacy_meditech.csv,75,LEGACY_MEDITECH,110436,ac952d448bf2175a6ad45e2dee82d1cbb089430cce0b733e98651c08d296461b,LINKED,,M,,65+,,524,
batch_002,encounters_legacy_meditech.csv,76,LEGACY_MEDITECH,124127,48fe411171ac083cfe6a18a25051267e9d03d5761c0c404a6fee19b784efcf10,LINKED,,M,,40-64,,520,
batch_002,encounters_legacy_meditech.csv,77,LEGACY_MEDITECH,117190,ac952d448bf2175a6ad45e2dee82d1cbb089430cce0b733e98651c08d296461b,LINKED,,M,,65+,,524,
batch_002,encounters_legacy_meditech.csv,78,LEGACY_MEDITECH,123477,2dc0c62f98d40397a72762fb259f66700df6c5f10e581c9a36b155beef5a24cb,LINKED,,M,,40-64,,520,
batch_002,encounters_legacy_meditech.csv,79,LEGACY_MEDITECH,130502,4451d7e2dd2fddb5700969528dfa07179efd56b95de27827f90161fd64d59a1c,LINKED,,M,,40-64,,524,
batch_002,encounters_legacy_meditech.csv,80,LEGACY_MEDITECH,122946,2b2578c943d7024b532d2802d1b3bc88d5f32db9aa63890e359b943535b35b1e,LINKED,,F,,18-39,,524,
batch_002,encounters_legacy_meditech.csv,81,LEGACY_MEDITECH,101805,36b051c3c7106353caf8223ba2e2410daddc2126bddc154f4a0ba49ec17bb538,LINKED,,M,,65+,,541,
batch_002,encounters_legacy_meditech.csv,82,LEGACY_MEDITECH,106166,9b3d1db9eb1e7d2042c4a1c71bce3c673913877d1a20fc73d4e8a08d7cdc9a28,LINKED,,F,,65+,,611,
batch_002,encounters_legacy_meditech.csv,83,LEGACY_MEDITECH,135262,4353b61d9379d7b5f8f876fa4e1875bc1221caf001f9023f614c27b381591959,LINKED,,M,,40-64,,520,
batch_002,encounters_legacy_meditech.csv,84,LEGACY_MEDITECH,127094,03d2b325ce753bae04cdc11eb5a43de04f827d19e6216edff9a4f2cf0e4a3fa7,LINKED,,M,,40-64,,520,
batch_002,encounters_legacy_meditech.csv,85,LEGACY_MEDITECH,114449,1092619ee8f2b8671f0db5c85ae2dc7184eb91ed7427f9c19a83bbee6c593874,LINKED,,F,,65+,,520,
batch_002,encounters_legacy_meditech.csv,86,LEGACY_MEDITECH,103244,b9ce4a7ec13ff1f4bd3886f55445e3a68935c31df617f99df1a93c83198e9350,LINKED,,F,,18-39,,524,
batch_002,encounters_legacy_meditech.csv,87,LEGACY_MEDITECH,113988,f9520f0c105ee45966820137d0cff7749a6bf4d783baf311dc1bef2ad5b849dc,LINKED,,M,,18-39,,524,
batch_002,encounters_legacy_meditech.csv,88,LEGACY_MEDITECH,123557,97291e3a5432d8014203f60f15421d8636fa8b7893719b5b78763c4bad84066d,LINKED,,F,,18-39,,520,
batch_002,encounters_legacy_meditech.csv,89,LEGACY_MEDITECH,100254,2d4183637d516b18f00575e5b97a6954571043ffe667685bf9585671938f9aeb,LINKED,,F,,40-64,,524,
batch_002,encounters_legacy_meditech.csv,90,LEGACY_MEDITECH,104024,bc18662028955124c31b196b2c9a2fdb4295f8d459e010a8735ef3ddea4012ab,LINKED,,F,,18-39,,541,
batch_002,encounters_legacy_meditech.csv,91,LEGACY_MEDITECH,117428,d57325493f8bc235279ad48271bad3e374a5d58d3368e082d5b5a6379a86fa67,LINKED,,M,,65+,,531,
batch_002,encounters_legacy_meditech.csv,92,LEGACY_MEDITECH,122699,1b4c2e569c081514bde15e67ac2d4ff4d715b333c493a9f1be54a9be071d8359,LINKED,,F,,40-64,,520,
batch_002,encounters_legacy_meditech.csv,93,LEGACY_MEDITECH,136018,90036f0185398658a774e980f5a1dd4af508463c97b0ea104c40d056675c49ff,LINKED,,M,,40-64,,543,
batch_002,encounters_legacy_meditech.csv,94,LEGACY_MEDITECH,126779,c231867be1eb141b7b2bfd0270c16a38dff697f179e2ea67c9e8e3f5e9f568c6,LINKED,,F,,18-39,,524,
batch_002,encounters_legacy_meditech.csv,95,LEGACY_MEDITECH,135921,e78fac0ece883cf6667d22b7b1ed863d827fe000061c3be1ead4db9f0f0ee991,LINKED,,M,,40-64,,531,
batch_002,encounters_legacy_meditech.csv,96,LEGACY_MEDITECH,114935,8f30ede75572c5d80932b199ec7611c9aa46d2aeab0497c26ac10f30453db542,LINKED,,M,,65+,,524,
batch_002,encounters_legacy_meditech.csv,97,LEGACY_MEDITECH,133690,75ae9276b82558220259e8c9cf4c74ba6acc8a5c1e6387006ab0b0d85aaf4ca3,LINKED,,M,,65+,,520,
batch_002,encounters_legacy_meditech.csv,98,LEGACY_MEDITECH,120101,e78fac0ece883cf6667d22b7b1ed863d827fe000061c3be1ead4db9f0f0ee991,LINKED,,M,,40-64,,531,
batch_002,encounters_legacy_meditech.csv,99,LEGACY_MEDITECH,112749,d58ddd0ea11694ae0263eec69cbf1690b67d5f0ecc10372276f4ab11f155958f,LINKED,,F,,18-39,,524,
batch_002,encounters_legacy_meditech.csv,100,LEGACY_MEDITECH,139932,9a0046f39751996b9d3be975139643aecc160b4d263f126963f9943a6f9e7890,LINKED,,M,,65+,,524,
batch_002,encounters_legacy_meditech.csv,101,LEGACY_MEDITECH,123675,2dc0c62f98d40397a72762fb259f66700df6c5f10e581c9a36b155beef5a24cb,LINKED,,M,,40-64,,520,
batch_002,encounters_legacy_meditech.csv,102,LEGACY_MEDITECH,134370,f9520f0c105ee45966820137d0cff7749a6bf4d783baf311dc1bef2ad5b849dc,LINKED,,M,,18-39,,524,
batch_002,encounters_legacy_meditech.csv,103,LEGACY_MEDITECH,121973,ac7d6323d1ba190920973e65d3d1a01170893e17bf5ad3bb58cd0899adfe8a5e,LINKED,,F,,40-64,,611,
batch_002,encounters_legacy_meditech.csv,104,LEGACY_MEDITECH,138510,4451d7e2dd2fddb5700969528dfa07179efd56b95de27827f90161fd64d59a1c,LINKED,,M,,40-64,,524,
batch_002,encounters_legacy_meditech.csv,105,LEGACY_MEDITECH,131037,5370683797f88cf87301435a5828da5d84cb3757eee80416ca6155ce841f78ca,LINKED,,F,,40-64,,524,
batch_002,encounters_legacy_meditech.csv,106,LEGACY_MEDITECH,117135,26c09b500b993c23e2f51529ef5efa1c2af155d3d13f6554cdf42d0a2c9377c6,LINKED,,F,,40-64,,531,
batch_002,encounters_legacy_meditech.csv,107,LEGACY_MEDITECH,118947,cd5f3dea1f578df2af474bca5a7034b7de9956c68512f7effb90bbee6a4d1a70,LINKED,,M,,65+,,524,
batch_002,encounters_legacy_meditech.csv,108,LEGACY_MEDITECH,125598,bd8306d5ec8cc88318a48f19552cf39c51c3e2bfc9a09de7c24aecbaa70cf15a,LINKED,,F,,40-64,,531,
batch_002,encounters_legacy_meditech.csv,109,LEGACY_MEDITECH,122681,9011221dcfc658d0a938717af02c54fca52524b527ac9e7946dbde2ab7b3c608,LINKED,,M,,40-64,,520,
batch_002,encounters_legacy_meditech.csv,110,LEGACY_MEDITECH,123857,d88350bf72116ea9e0281f1c183e9744dcf4f34616672f6c2249da0b1a3a55b6,LINKED,,M,,18-39,,524,
batch_002,encounters_legacy_meditech.csv,111,LEGACY_MEDITECH,107632,aaac25b97f7d2c80c945d7b70f1d945b4c86f5138c6b5c62b6a3b0d737fc5d0f,LINKED,,M,,40-64,,541,
batch_002,encounters_legacy_meditech.csv,112,LEGACY_MEDITECH,115065,2d4183637d516b18f00575e5b97a6954571043ffe667685bf9585671938f9aeb,LINKED,,F,,40-64,,524,
batch_002,encounters_legacy_meditech.csv,113,LEGACY_MEDITECH,123282,cd5f3dea1f578df2af474bca5a7034b7de9956c68512f7effb90bbee6a4d1a70,LINKED,,M,,65+,,524,
batch_002,encounters_legacy_meditech.csv,114,LEGACY_MEDITECH,130513,b1d3b6823abd231621e8328d94075fce8532ec7c2193ea6bce7e29ed45a50ef5,LINKED,,M,,40-64,,543,
batch_002,encounters_legacy_meditech.csv,115,LEGACY_MEDITECH,124874,2dc0c62f98d40397a72762fb259f66700df6c5f10e581c9a36b155beef5a24cb,LINKED,,M,,40-64,,520,
batch_002,encounters_legacy_meditech.csv,116,LEGACY_MEDITECH,117182,aebb7fe9617212f8170756848ce24da8e4e83c57e28519c251d402b8e63d1f04,LINKED,,M,,65+,,524,
batch_002,encounters_legacy_meditech.csv,117,LEGACY_MEDITECH,130249,f3d867eba4de75fd5035e8a0e6c1f977684f4f49d09d9f57f5f0cbc7f05e8666,LINKED,,F,,65+,,531,
batch_002,encounters_legacy_meditech.csv,118,LEGACY_MEDITECH,126726,54010521a33c2cfe7dda8b3b9aed554d0686eda7551271a689136f6e12d86ec1,LINKED,,F,,0-17,,524,
batch_002,encounters_legacy_meditech.csv,119,LEGACY_MEDITECH,126022,9223095ca9667fcd181bcb72b4da2f1516078f1375a9ae67a5ef6f6b00bbc747,LINKED,,M,,65+,,520,
batch_002,encounters_legacy_meditech.csv,120,LEGACY_MEDITECH,111361,24a08a12e944b023f62ff99bd6b44b4e755cdac33a4d516784f233542683a76a,LINKED,,F,,18-39,,524,
batch_002,encounters_legacy_meditech.csv,121,LEGACY_MEDITECH,126126,2b2578c943d7024b532d2802d1b3bc88d5f32db9aa63890e359b943535b35b1e,LINKED,,F,,18-39,,524,
batch_002,encounters_legacy_meditech.csv,122,LEGACY_MEDITECH,106716,94968b079abd7ed530e653ff63999ba5aa59e50436be73bf8433c8657f88a1f4,LINKED,,F,,65+,,532,
batch_002,encounters_legacy_meditech.csv,123,LEGACY_MEDITECH,139234,b9ce4a7ec13ff1f4bd3886f55445e3a68935c31df617f99df1a93c83198e9350,LINKED,,F,,18-39,,524,
batch_002,encounters_legacy_meditech.csv,124,LEGACY_MEDITECH,111689,f4febf1dcb0d31a3dd6ddea04b3289a81c9ccf1abadc37b6fd1c5054e71c871a,LINKED,,F,,40-64,,524,
batch_002,encounters_legacy_meditech.csv,125,LEGACY_MEDITECH,123509,845b0265a28dd42536c1092e6b32220456cf167b4b0a83b115fc32d343e96166,LINKED,,F,,40-64,,524,
batch_002,encounters_legacy_meditech.csv,126,LEGACY_MEDITECH,114060,03d2b325ce753bae04cdc11eb5a43de04f827d19e6216edff9a4f2cf0e4a3fa7,LINKED,,M,,40-64,,520,
batch_002,encounters_legacy_meditech.csv,127,LEGACY_MEDITECH,129442,256b78fe828e21011b80b64a850521811e576eb258914b3429a30b92453e2675,LINKED,,M,,65+,,543,
batch_002,encounters_legacy_meditech.csv,128,LEGACY_MEDITECH,130310,3e99300e828067d375d97274db1df7c5dc6f6197867320791ca2871054b902ea,LINKED,,M,,65+,,611,
batch_002,encounters_legacy_meditech.csv,129,LEGACY_MEDITECH,118496,d4c0ca5900d82eda6eb5aa68e0795f7601560db759745e32d12aafd931423301,LINKED,,F,,65+,,524,
batch_002,encounters_legacy_meditech.csv,130,LEGACY_MEDITECH,100704,ddbae9686c495888259f67dc159a714affc18b6abae91c3438605f993ab595c7,LINKED,,F,,65+,,531,
batch_002,encounters_legacy_meditech.csv,131,LEGACY_MEDITECH,133379,cd5f3dea1f578df2af474bca5a7034b7de9956c68512f7effb90bbee6a4d1a70,LINKED,,M,,65+,,524,
batch_002,encounters_legacy_meditech.csv,132,LEGACY_MEDITECH,139557,2d4183637d516b18f00575e5b97a6954571043ffe667685bf9585671938f9aeb,LINKED,,F,,40-64,,524,
batch_002,encounters_legacy_meditech.csv,133,LEGACY_MEDITECH,129842,a319036656ca0ccc960347a6bb567254c6143e40870a9490d63085f682661eca,LINKED,,M,,65+,,524,
batch_002,encounters_legacy_meditech.csv,134,LEGACY_MEDITECH,127515,7e247fc0f999687b7cbd2b17acd4fe6813af2f1b41c64f3737b4a0f013e87151,LINKED,,M,,0-17,,524,
batch_002,encounters_legacy_meditech.csv,135,LEGACY_MEDITECH,139659,7c084b3a726d3c8df305240df205690b5c4f4b688cfb7c5f6c37f4d6b312cc89,LINKED,,F,,65+,,610,
batch_002,encounters_legacy_meditech.csv,136,LEGACY_MEDITECH,116605,6270e8b43fcd6d606ade2182c9a40fd3cd59bfe686dbfcceda4e092a375d6a80,LINKED,,M,,40-64,,524,
batch_002,encounters_legacy_meditech.csv,137,LEGACY_MEDITECH,102308,d88350bf72116ea9e0281f1c183e9744dcf4f34616672f6c2249da0b1a3a55b6,LINKED,,M,,18-39,,524,
batch_002,encounters_legacy_meditech.csv,138,LEGACY_MEDITECH,126050,7027ada72b82f66f30d9d80d883a43c6034cf57fc20323a7aa405318a595faa3,LINKED,,M,,40-64,,520,
batch_002,encounters_legacy_meditech.csv,139,LEGACY_MEDITECH,120147,7027ada72b82f66f30d9d80d883a43c6034cf57fc20323a7aa405318a595faa3,LINKED,,M,,40-64,,520,
batch_002,encounters_legacy_meditech.csv,140,LEGACY_MEDITECH,127158,3004b568acd972536053f848555820cccbb4bc1bee3a75e1495f78b6891b5ac2,LINKED,,F,,40-64,,520,
batch_002,encounters_legacy_meditech.csv,141,LEGACY_MEDITECH,104182,2dc0c62f98d40397a72762fb259f66700df6c5f10e581c9a36b155beef5a24cb,LINKED,,M,,40-64,,520,
batch_002,encounters_legacy_meditech.csv,142,LEGACY_MEDITECH,103544,6145956b2424bdc2ee1eec94ac222971d402526e328b54dbe202b4bc21aecefb,LINKED,,M,,40-64,,520,
batch_002,encounters_legacy_meditech.csv,143,LEGACY_MEDITECH,112562,9223095ca9667fcd181bcb72b4da2f1516078f1375a9ae67a5ef6f6b00bbc747,LINKED,,M,,65+,,520,
batch_002,encounters_legacy_meditech.csv,144,LEGACY_MEDITECH,101900,834beead6fa4459a6b857c8b342f5ef06ffb0814601ed5f8fde8c3d26abab232,LINKED,,F,,40-64,,537,
batch_002,encounters_legacy_meditech.csv,145,LEGACY_MEDITECH,126936,9b3d1db9eb1e7d2042c4a1c71bce3c673913877d1a20fc73d4e8a08d7cdc9a28,LINKED,,F,,65+,,611,
batch_002,encounters_legacy_meditech.csv,146,LEGACY_MEDITECH,139533,89843194047ef6815dd7879eb3e34941079a9193ed8f668733da0e6d0f14fd6e,LINKED,,M,,40-64,,543,
batch_002,encounters_legacy_meditech.csv,147,LEGACY_MEDITECH,102548,2cdc77e081b6ed4baac21dafad6d9899d178918b9e570879129308190726bee1,LINKED,,F,,0-17,,543,
batch_002,encounters_legacy_meditech.csv,148,LEGACY_MEDITECH,105965,a7f223845466607e102e168dc1230181299231ec8de36fd9e64b335616fdfd01,LINKED,,M,,40-64,,520,
batch_002,encounters_legacy_meditech.csv,149,LEGACY_MEDITECH,113501,f2e89195508e040cd3347ad38c76927c7f00bea7bf1dab1ba8e23cac28575bef,LINKED,,F,,65+,,520,
batch_002,encounters_legacy_meditech.csv,150,LEGACY_MEDITECH,124055,3e99300e828067d375d97274db1df7c5dc6f6197867320791ca2871054b902ea,LINKED,,M,,65+,,611,
batch_002,encounters_legacy_meditech.csv,151,LEGACY_MEDITECH,101941,2dc0c62f98d40397a72762fb259f66700df6c5f10e581c9a36b155beef5a24cb,LINKED,,M,,40-64,,520,
batch_002,encounters_legacy_meditech.csv,152,LEGACY_MEDITECH,128775,10eb9da1d5162633a6ca00efe8bb83d99bd85fa6e721dab1ad3749e21d7b3c0d,LINKED,,M,,65+,,520,
batch_002,encounters_legacy_meditech.csv,153,LEGACY_MEDITECH,123652,4451d7e2dd2fddb5700969528dfa07179efd56b95de27827f90161fd64d59a1c,LINKED,,M,,40-64,,524,
batch_002,encounters_legacy_meditech.csv,154,LEGACY_MEDITECH,112834,a7f223845466607e102e168dc1230181299231ec8de36fd9e64b335616fdfd01,LINKED,,M,,40-64,,520,
batch_002,encounters_legacy_meditech.csv,155,LEGACY_MEDITECH,136154,84e146d9eb672180a4e87434f588a235322cc7fc9349bad85c3380c594b3a83d,LINKED,,F,,65+,,541,
batch_002,encounters_legacy_meditech.csv,156,LEGACY_MEDITECH,107219,bd8306d5ec8cc88318a48f19552cf39c51c3e2bfc9a09de7c24aecbaa70cf15a,LINKED,,F,,40-64,,531,
batch_002,encounters_legacy_meditech.csv,157,LEGACY_MEDITECH,117624,d4c0ca5900d82eda6eb5aa68e0795f7601560db759745e32d12aafd931423301,LINKED,,F,,65+,,524,
batch_002,encounters_legacy_meditech.csv,158,LEGACY_MEDITECH,111348,e9c2b9bf3a0e5e36d03db907fd4f63ecdbb3941b3ed1b60584758466b4c2ca9f,LINKED,,M,,40-64,,524,
batch_002,encounters_legacy_meditech.csv,159,LEGACY_MEDITECH,113710,78e45f0a7184759025c720321173d99ffa476f4d2b30a01f18649baede771045,LINKED,,F,,40-64,,537,
batch_002,encounters_legacy_meditech.csv,160,LEGACY_MEDITECH,120874,72660abdbd0cce5b16851fd1884c64322f03bd44df5082bfa9105a7bef1cd090,LINKED,,M,,40-64,,524,
batch_002,encounters_legacy_meditech.csv,161,LEGACY_MEDITECH,116755,ac952d448bf2175a6ad45e2dee82d1cbb089430cce0b733e98651c08d296461b,LINKED,,M,,65+,,524,
batch_002,encounters_legacy_meditech.csv,162,LEGACY_MEDITECH,132477,7bbe007d8bebdcba3f3c8b7301998d0bcef7215924fd4c5e4288da46060b0abc,UNLINKED,PATIENT_UNLINKED_NO_DOB,M,,UNKNOWN,AGE_BAND_DOB_UNAVAILABLE,520,
batch_002,encounters_legacy_meditech.csv,163,LEGACY_MEDITECH,123899,e230286001362cf71b5f5510499147d6a06ca8d9ac3c598428518d29c5b61296,LINKED,,F,,40-64,,520,
batch_002,encounters_legacy_meditech.csv,164,LEGACY_MEDITECH,116465,72660abdbd0cce5b16851fd1884c64322f03bd44df5082bfa9105a7bef1cd090,LINKED,,M,,40-64,,524,
batch_002,encounters_legacy_meditech.csv,165,LEGACY_MEDITECH,120808,1b4c2e569c081514bde15e67ac2d4ff4d715b333c493a9f1be54a9be071d8359,LINKED,,F,,40-64,,520,
batch_002,encounters_legacy_meditech.csv,166,LEGACY_MEDITECH,116841,e0541b79238c4040a6bae3bd1e7ee789d6e64cfc59a444502fd4492d298ce872,LINKED,,M,,40-64,,520,
batch_002,encounters_legacy_meditech.csv,167,LEGACY_MEDITECH,107234,4451d7e2dd2fddb5700969528dfa07179efd56b95de27827f90161fd64d59a1c,LINKED,,M,,40-64,,524,
batch_002,encounters_legacy_meditech.csv,168,LEGACY_MEDITECH,121784,63782d819b30874b508e9919b70205395620cc4c75b63c7cc6506255bcd655ad,LINKED,,M,,65+,,524,
batch_002,encounters_legacy_meditech.csv,169,LEGACY_MEDITECH,110506,98c20960e19b1f2d679f4c2ab7a57a2aa400c68720770011e0e4f66cfa39acb3,LINKED,,F,,65+,,524,
batch_002,encounters_legacy_meditech.csv,170,LEGACY_MEDITECH,118800,d58ddd0ea11694ae0263eec69cbf1690b67d5f0ecc10372276f4ab11f155958f,LINKED,,F,,18-39,,524,
batch_002,encounters_legacy_meditech.csv,171,LEGACY_MEDITECH,136849,2d4183637d516b18f00575e5b97a6954571043ffe667685bf9585671938f9aeb,LINKED,,F,,40-64,,524,
batch_002,encounters_legacy_meditech.csv,172,LEGACY_MEDITECH,103411,5370683797f88cf87301435a5828da5d84cb3757eee80416ca6155ce841f78ca,LINKED,,F,,40-64,,524,
batch_002,encounters_legacy_meditech.csv,173,LEGACY_MEDITECH,131151,de905c512f1e3dd7ba574197a2532ad5a40c909c4d86171b8ce6190a5feed55f,LINKED,,F,,0-17,,520,
batch_002,encounters_legacy_meditech.csv,174,LEGACY_MEDITECH,131062,9223095ca9667fcd181bcb72b4da2f1516078f1375a9ae67a5ef6f6b00bbc747,LINKED,,M,,65+,,520,
batch_002,encounters_legacy_meditech.csv,175,LEGACY_MEDITECH,105340,a3dd71bcc327b10fe1b25839ee2adcb81ce2069953a2d096ed6a3e205c15fb49,LINKED,,F,,18-39,,537,
batch_002,encounters_legacy_meditech.csv,176,LEGACY_MEDITECH,105730,3f56fd44b0bd1d85eb09a46ae6bedd8560e94d9466990ea0475592fa805b8c6b,LINKED,,F,,65+,,524,
batch_002,encounters_legacy_meditech.csv,177,LEGACY_MEDITECH,123387,53db71a12fa42a390e14850254cf2c6430eec8c76932fd26a1c737d3e6ed3bc6,LINKED,,F,,18-39,,520,
batch_002,encounters_legacy_meditech.csv,178,LEGACY_MEDITECH,105586,e230286001362cf71b5f5510499147d6a06ca8d9ac3c598428518d29c5b61296,LINKED,,F,,40-64,,520,
batch_002,encounters_legacy_meditech.csv,179,LEGACY_MEDITECH,124271,5370683797f88cf87301435a5828da5d84cb3757eee80416ca6155ce841f78ca,LINKED,,F,,40-64,,524,
batch_002,encounters_legacy_meditech.csv,180,LEGACY_MEDITECH,116966,23fab7a7c81e002f0e38788af745a2ca2cab9d6cfd0e8333f8c83898b7cead03,LINKED,,M,,65+,,524,
batch_002,encounters_legacy_meditech.csv,181,LEGACY_MEDITECH,107158,1092619ee8f2b8671f0db5c85ae2dc7184eb91ed7427f9c19a83bbee6c593874,LINKED,,F,,65+,,520,
batch_002,encounters_legacy_meditech.csv,182,LEGACY_MEDITECH,105956,a8fd4e19eb0ee07fce107838bc9f07e73b3dd783b12c96e707ac84a4ffacb68a,LINKED,,M,,40-64,,541,
batch_002,encounters_legacy_meditech.csv,183,LEGACY_MEDITECH,117637,6614df5c6afb67586fdb8194e59a43e06de0f397b3dd06aecac0da43bcbc4378,LINKED,,F,,40-64,,520,
batch_002,encounters_legacy_meditech.csv,184,LEGACY_MEDITECH,112990,e78fac0ece883cf6667d22b7b1ed863d827fe000061c3be1ead4db9f0f0ee991,LINKED,,M,,40-64,,531,
batch_002,encounters_legacy_meditech.csv,185,LEGACY_MEDITECH,116310,c7d695d7c44f0d6ab6d97cc34754fcff267ae4b697d26b27dabf7a17030c736f,LINKED,,F,,40-64,,520,
batch_002,encounters_legacy_meditech.csv,186,LEGACY_MEDITECH,133675,72660abdbd0cce5b16851fd1884c64322f03bd44df5082bfa9105a7bef1cd090,LINKED,,M,,40-64,,524,
batch_002,encounters_legacy_meditech.csv,187,LEGACY_MEDITECH,118938,aebb7fe9617212f8170756848ce24da8e4e83c57e28519c251d402b8e63d1f04,LINKED,,M,,65+,,524,
batch_002,encounters_legacy_meditech.csv,188,LEGACY_MEDITECH,119231,2d4183637d516b18f00575e5b97a6954571043ffe667685bf9585671938f9aeb,LINKED,,F,,40-64,,524,
batch_002,encounters_legacy_meditech.csv,189,LEGACY_MEDITECH,116056,03d2b325ce753bae04cdc11eb5a43de04f827d19e6216edff9a4f2cf0e4a3fa7,LINKED,,M,,40-64,,520,
batch_002,encounters_legacy_meditech.csv,190,LEGACY_MEDITECH,123808,2d4183637d516b18f00575e5b97a6954571043ffe667685bf9585671938f9aeb,LINKED,,F,,40-64,,524,
batch_002,encounters_legacy_meditech.csv,191,LEGACY_MEDITECH,132136,f64579cbae85c724afee09cab512178d5825c45cf51d2d9266a30c011f542732,LINKED,,M,,40-64,,520,
batch_002,encounters_legacy_meditech.csv,192,LEGACY_MEDITECH,131150,a319036656ca0ccc960347a6bb567254c6143e40870a9490d63085f682661eca,LINKED,,M,,65+,,524,
batch_002,encounters_legacy_meditech.csv,193,LEGACY_MEDITECH,100188,ab327b3c8f20f155823b6d5eb478a4ab0166a97f55a27b6c6eb64a373e13e150,LINKED,,M,,40-64,,520,
batch_002,encounters_legacy_meditech.csv,194,LEGACY_MEDITECH,111510,a7f223845466607e102e168dc1230181299231ec8de36fd9e64b335616fdfd01,LINKED,,M,,40-64,,520,
batch_002,encounters_legacy_meditech.csv,195,LEGACY_MEDITECH,114387,4b492259c5107414ecfbbf2be8c55f58bef784998a118c7e2e9dac542852b4cd,LINKED,,F,,40-64,,524,
batch_002,encounters_legacy_meditech.csv,196,LEGACY_MEDITECH,122212,cd5f3dea1f578df2af474bca5a7034b7de9956c68512f7effb90bbee6a4d1a70,LINKED,,M,,65+,,524,
batch_002,encounters_legacy_meditech.csv,197,LEGACY_MEDITECH,118627,f3d867eba4de75fd5035e8a0e6c1f977684f4f49d09d9f57f5f0cbc7f05e8666,LINKED,,F,,65+,,531,
batch_002,encounters_legacy_meditech.csv,198,LEGACY_MEDITECH,108414,278bd76827a461172533f171ad7e2224edb463a809bce04aaa416afc680318f7,LINKED,,F,,65+,,524,
batch_002,encounters_legacy_meditech.csv,199,LEGACY_MEDITECH,119671,a8fd4e19eb0ee07fce107838bc9f07e73b3dd783b12c96e707ac84a4ffacb68a,LINKED,,M,,40-64,,541,
batch_002,encounters_legacy_meditech.csv,200,LEGACY_MEDITECH,116992,7cc33c0e43829b06cff6c6d8d4adef1f7f51fc0aeb42299898a1d14486d6ead1,LINKED,,M,,40-64,,532,
batch_002,encounters_legacy_meditech.csv,201,LEGACY_MEDITECH,134323,5370683797f88cf87301435a5828da5d84cb3757eee80416ca6155ce841f78ca,LINKED,,F,,40-64,,524,
batch_002,encounters_legacy_meditech.csv,202,LEGACY_MEDITECH,122712,ef9c941fb386c93d90e7c5afd2a8f7d417aca9cd5b6940a117ea8f0ae9276671,LINKED,,M,,40-64,,610,
batch_002,encounters_legacy_meditech.csv,203,LEGACY_MEDITECH,102511,6145956b2424bdc2ee1eec94ac222971d402526e328b54dbe202b4bc21aecefb,LINKED,,M,,40-64,,520,
batch_002,encounters_legacy_meditech.csv,204,LEGACY_MEDITECH,103260,58c76fd23e59f9516873361bb22e0b78a6ed1010b7466872f446126a0e54db5a,LINKED,,M,,40-64,,524,
batch_002,encounters_legacy_meditech.csv,205,LEGACY_MEDITECH,121114,c52aa25820e65263d50057b0248aa0bf8079a13584bfdc23902f775a2336672a,LINKED,,F,,40-64,,524,
batch_002,encounters_legacy_meditech.csv,206,LEGACY_MEDITECH,112860,bc53f8ad53d017150478fe8e6def53bfeaf58e1a4313eb4d019892aaa7cba4f9,LINKED,,F,,40-64,,610,
batch_002,encounters_legacy_meditech.csv,207,LEGACY_MEDITECH,110839,f2e89195508e040cd3347ad38c76927c7f00bea7bf1dab1ba8e23cac28575bef,LINKED,,F,,65+,,520,
batch_002,encounters_legacy_meditech.csv,208,LEGACY_MEDITECH,115773,ac952d448bf2175a6ad45e2dee82d1cbb089430cce0b733e98651c08d296461b,LINKED,,M,,65+,,524,
batch_002,encounters_legacy_meditech.csv,209,LEGACY_MEDITECH,123846,bd8306d5ec8cc88318a48f19552cf39c51c3e2bfc9a09de7c24aecbaa70cf15a,LINKED,,F,,40-64,,531,
batch_002,encounters_legacy_meditech.csv,210,LEGACY_MEDITECH,106958,faf60aaef82f9fce0f4f101aabc9c9f9e5acf00d17b9cd921376f5f1fc1e520e,LINKED,,M,,40-64,,543,
batch_002,encounters_legacy_meditech.csv,211,LEGACY_MEDITECH,107061,4b492259c5107414ecfbbf2be8c55f58bef784998a118c7e2e9dac542852b4cd,LINKED,,F,,40-64,,524,
batch_002,encounters_legacy_meditech.csv,212,LEGACY_MEDITECH,129398,2dc0c62f98d40397a72762fb259f66700df6c5f10e581c9a36b155beef5a24cb,LINKED,,M,,40-64,,520,
batch_002,encounters_legacy_meditech.csv,213,LEGACY_MEDITECH,124896,8524d8dbb6da4efddfa8ee2b53ec005f52c350b6c6a0ef4dd83dc50399f3e015,LINKED,,M,,65+,,520,
batch_002,encounters_legacy_meditech.csv,214,LEGACY_MEDITECH,107631,a076f450c42b8391e489709701291e06fe83e449579df7407573570ee4541d04,LINKED,,F,,65+,,524,
batch_002,encounters_legacy_meditech.csv,215,LEGACY_MEDITECH,134564,9011221dcfc658d0a938717af02c54fca52524b527ac9e7946dbde2ab7b3c608,LINKED,,M,,40-64,,520,
batch_002,encounters_legacy_meditech.csv,216,LEGACY_MEDITECH,105971,8f30ede75572c5d80932b199ec7611c9aa46d2aeab0497c26ac10f30453db542,LINKED,,M,,65+,,524,
batch_002,encounters_legacy_meditech.csv,217,LEGACY_MEDITECH,131015,810a5b512ad03dd61568f57377b6f86cb04f853073f07c3eb6a3dadc1a9624d5,LINKED,,F,,18-39,,524,
batch_002,encounters_legacy_meditech.csv,218,LEGACY_MEDITECH,117361,b0b6b45fe052e8515aca8551ef58a50fec1b6e2d2416305949cffe7dacc20c0c,LINKED,,M,,65+,,531,
batch_002,encounters_legacy_meditech.csv,219,LEGACY_MEDITECH,112208,77a9ad54dfc7d081b99ad0bedc94384ef0c47aace31273c976a49dd827aff195,LINKED,,M,,65+,,520,
batch_002,encounters_legacy_meditech.csv,220,LEGACY_MEDITECH,117661,74469dd6d66a0a5b2f730b581ef5331f41164ed83db6f36e5d4b34c2d1f02757,LINKED,,M,,40-64,,610,
batch_002,encounters_legacy_meditech.csv,221,LEGACY_MEDITECH,137894,26dfe60dd85b0c466457ed8ad7611f8786b10e31c7e6bf667db801b005bad5f5,LINKED,,F,,65+,,524,
batch_002,encounters_legacy_meditech.csv,222,LEGACY_MEDITECH,116796,2b2578c943d7024b532d2802d1b3bc88d5f32db9aa63890e359b943535b35b1e,LINKED,,F,,18-39,,524,
batch_002,encounters_legacy_meditech.csv,223,LEGACY_MEDITECH,125548,d78f73074071a54e4153d1b916eeee0174cdb31a0866f96c0e4a1c7f98e263dd,LINKED,,M,,0-17,,541,
batch_002,encounters_legacy_meditech.csv,224,LEGACY_MEDITECH,112636,c34f784830e4261a3fb071dc6144cab19ce87b221eb2a10189f482ab557a0d9d,LINKED,,F,,65+,,520,
batch_002,encounters_legacy_meditech.csv,225,LEGACY_MEDITECH,137753,89843194047ef6815dd7879eb3e34941079a9193ed8f668733da0e6d0f14fd6e,LINKED,,M,,40-64,,543,
batch_002,encounters_legacy_meditech.csv,226,LEGACY_MEDITECH,139906,23fab7a7c81e002f0e38788af745a2ca2cab9d6cfd0e8333f8c83898b7cead03,LINKED,,M,,65+,,524,
batch_002,encounters_legacy_meditech.csv,227,LEGACY_MEDITECH,115267,1d5d42b0ecdde098ff700719f2d840bd1e4138fa41ccd3ed45c2d67272dda403,LINKED,,F,,65+,,520,
batch_002,encounters_legacy_meditech.csv,228,LEGACY_MEDITECH,118804,810a5b512ad03dd61568f57377b6f86cb04f853073f07c3eb6a3dadc1a9624d5,LINKED,,F,,18-39,,524,
batch_002,encounters_legacy_meditech.csv,229,LEGACY_MEDITECH,105314,f24418c3177d997c0ebdab7de44cade20a160add46e1535486f4fbc8023e4fa6,LINKED,,M,,65+,,532,
batch_002,encounters_legacy_meditech.csv,230,LEGACY_MEDITECH,122379,26dfe60dd85b0c466457ed8ad7611f8786b10e31c7e6bf667db801b005bad5f5,LINKED,,F,,65+,,524,
batch_002,encounters_legacy_meditech.csv,231,LEGACY_MEDITECH,122540,48fe411171ac083cfe6a18a25051267e9d03d5761c0c404a6fee19b784efcf10,LINKED,,M,,40-64,,520,
batch_002,encounters_legacy_meditech.csv,232,LEGACY_MEDITECH,101880,b9ce4a7ec13ff1f4bd3886f55445e3a68935c31df617f99df1a93c83198e9350,LINKED,,F,,18-39,,524,
batch_002,encounters_legacy_meditech.csv,233,LEGACY_MEDITECH,130475,8f11fdb20a4839302341be96d687bb9ea2bf37a4de11eeee544cc6fede5b7e12,LINKED,,F,,40-64,,532,
batch_002,encounters_legacy_meditech.csv,234,LEGACY_MEDITECH,108081,9011221dcfc658d0a938717af02c54fca52524b527ac9e7946dbde2ab7b3c608,LINKED,,M,,40-64,,520,
batch_002,encounters_legacy_meditech.csv,235,LEGACY_MEDITECH,110044,aaac25b97f7d2c80c945d7b70f1d945b4c86f5138c6b5c62b6a3b0d737fc5d0f,LINKED,,M,,40-64,,541,
batch_002,encounters_legacy_meditech.csv,236,LEGACY_MEDITECH,130211,4353b61d9379d7b5f8f876fa4e1875bc1221caf001f9023f614c27b381591959,LINKED,,M,,40-64,,520,
batch_002,encounters_legacy_meditech.csv,237,LEGACY_MEDITECH,110346,516d82572d1ae68e4d3d399b85ab6746c3600bca11eef2cad4c4898c7eeb25e5,LINKED,,M,,40-64,,610,
batch_002,encounters_legacy_meditech.csv,238,LEGACY_MEDITECH,100215,54e454435328ce0cff4914e9f519fd00942f5e046240e6399063944cc90976b0,LINKED,,F,,40-64,,520,
batch_002,encounters_legacy_meditech.csv,239,LEGACY_MEDITECH,103105,d57325493f8bc235279ad48271bad3e374a5d58d3368e082d5b5a6379a86fa67,LINKED,,M,,65+,,531,
batch_002,encounters_legacy_meditech.csv,240,LEGACY_MEDITECH,136229,4451d7e2dd2fddb5700969528dfa07179efd56b95de27827f90161fd64d59a1c,LINKED,,M,,40-64,,524,
batch_002,encounters_legacy_meditech.csv,241,LEGACY_MEDITECH,108842,faf60aaef82f9fce0f4f101aabc9c9f9e5acf00d17b9cd921376f5f1fc1e520e,LINKED,,M,,40-64,,543,
batch_002,encounters_legacy_meditech.csv,242,LEGACY_MEDITECH,118605,c833fb7ef8f37850196c1b8ccf159998ceedd7b5a94494ffff86d8e0c1616b60,LINKED,,M,,40-64,,611,
batch_002,encounters_legacy_meditech.csv,243,LEGACY_MEDITECH,138925,4b492259c5107414ecfbbf2be8c55f58bef784998a118c7e2e9dac542852b4cd,LINKED,,F,,40-64,,524,
batch_002,encounters_legacy_meditech.csv,244,LEGACY_MEDITECH,106552,d57325493f8bc235279ad48271bad3e374a5d58d3368e082d5b5a6379a86fa67,LINKED,,M,,65+,,531,
batch_002,encounters_legacy_meditech.csv,245,LEGACY_MEDITECH,100510,b2fd10bb11a248fa51d142c0894c2303c190965468acdd1a79caf4e98ed02ce1,LINKED,,F,,40-64,,524,
batch_002,encounters_legacy_meditech.csv,246,LEGACY_MEDITECH,108318,3004b568acd972536053f848555820cccbb4bc1bee3a75e1495f78b6891b5ac2,LINKED,,F,,40-64,,520,
batch_002,encounters_legacy_meditech.csv,247,LEGACY_MEDITECH,109746,a7f223845466607e102e168dc1230181299231ec8de36fd9e64b335616fdfd01,LINKED,,M,,40-64,,520,
batch_002,encounters_legacy_meditech.csv,248,LEGACY_MEDITECH,102510,1092619ee8f2b8671f0db5c85ae2dc7184eb91ed7427f9c19a83bbee6c593874,LINKED,,F,,65+,,520,
batch_002,encounters_legacy_meditech.csv,249,LEGACY_MEDITECH,139521,ac952d448bf2175a6ad45e2dee82d1cbb089430cce0b733e98651c08d296461b,LINKED,,M,,65+,,524,
batch_002,encounters_legacy_meditech.csv,250,LEGACY_MEDITECH,117890,23fab7a7c81e002f0e38788af745a2ca2cab9d6cfd0e8333f8c83898b7cead03,LINKED,,M,,65+,,524,
batch_002,encounters_legacy_meditech.csv,251,LEGACY_MEDITECH,105737,7bbe007d8bebdcba3f3c8b7301998d0bcef7215924fd4c5e4288da46060b0abc,UNLINKED,PATIENT_UNLINKED_NO_DOB,M,,UNKNOWN,AGE_BAND_DOB_UNAVAILABLE,520,
batch_002,encounters_legacy_meditech.csv,252,LEGACY_MEDITECH,101802,aaac25b97f7d2c80c945d7b70f1d945b4c86f5138c6b5c62b6a3b0d737fc5d0f,LINKED,,M,,18-39,,541,
batch_002,encounters_legacy_meditech.csv,253,LEGACY_MEDITECH,100552,e78fac0ece883cf6667d22b7b1ed863d827fe000061c3be1ead4db9f0f0ee991,LINKED,,M,,40-64,,531,
batch_002,encounters_legacy_meditech.csv,254,LEGACY_MEDITECH,121191,2d4183637d516b18f00575e5b97a6954571043ffe667685bf9585671938f9aeb,LINKED,,F,,40-64,,524,
batch_002,encounters_legacy_meditech.csv,255,LEGACY_MEDITECH,133746,03d2b325ce753bae04cdc11eb5a43de04f827d19e6216edff9a4f2cf0e4a3fa7,LINKED,,M,,40-64,,520,
batch_002,encounters_legacy_meditech.csv,256,LEGACY_MEDITECH,124660,b8ceb2af98ef027130eb67ac68fe48b48aa9267b4be92cd39ba67ac5736c002e,LINKED,,F,,65+,,520,
batch_002,encounters_legacy_meditech.csv,257,LEGACY_MEDITECH,134267,8e6b4aa20253df9ecebde672ff41c9025c19916b0610c8483872cff2bee6998e,LINKED,,F,,65+,,610,
batch_002,encounters_legacy_meditech.csv,258,LEGACY_MEDITECH,110238,1092619ee8f2b8671f0db5c85ae2dc7184eb91ed7427f9c19a83bbee6c593874,LINKED,,F,,65+,,520,
batch_002,encounters_legacy_meditech.csv,259,LEGACY_MEDITECH,105139,8f30ede75572c5d80932b199ec7611c9aa46d2aeab0497c26ac10f30453db542,LINKED,,M,,65+,,524,
batch_002,encounters_legacy_meditech.csv,260,LEGACY_MEDITECH,139244,b8ceb2af98ef027130eb67ac68fe48b48aa9267b4be92cd39ba67ac5736c002e,LINKED,,F,,65+,,520,
batch_002,encounters_legacy_meditech.csv,261,LEGACY_MEDITECH,111213,c34f784830e4261a3fb071dc6144cab19ce87b221eb2a10189f482ab557a0d9d,LINKED,,F,,65+,,520,
batch_002,encounters_legacy_meditech.csv,262,LEGACY_MEDITECH,126278,f3d867eba4de75fd5035e8a0e6c1f977684f4f49d09d9f57f5f0cbc7f05e8666,LINKED,,F,,65+,,531,
batch_002,encounters_legacy_meditech.csv,263,LEGACY_MEDITECH,104970,db563b7cd2e906c0abe528f4ddb5af65c1686b9c50e788cc62a7f59f9b1fa671,LINKED,,F,,0-17,,543,
batch_002,encounters_legacy_meditech.csv,264,LEGACY_MEDITECH,135941,ac5ee46ea0f4df37b2a1e078064e310be8162d8479e910816797e99b2d446f50,LINKED,,F,,40-64,,531,
batch_003,encounters_athena_clinics.csv,1,ATHENA_CLINICS,119665,2759a7d5b4e3d0737c4fa349162246eaee7796a5c38572e9462b5b87c1746aea,LINKED,,F,,40-64,,531,
batch_003,encounters_athena_clinics.csv,2,ATHENA_CLINICS,100076,5ae22d4e1014608f349b7c6a58d2f310579d8219b53b7f52347b73585ad9983a,LINKED,,F,,18-39,,541,
batch_003,encounters_athena_clinics.csv,3,ATHENA_CLINICS,130200,6bb5f322f82ba8f52d959c0e499efa77149bc6ed9976828dcab67a51291ac066,LINKED,,F,,40-64,,520,
batch_003,encounters_athena_clinics.csv,4,ATHENA_CLINICS,119852,51795f678008129a9ad0a54945f17ee260ea8791d3bf8a3600d3c32356246c96,UNLINKED,PATIENT_UNLINKED_NO_DOB,F,,UNKNOWN,AGE_BAND_DOB_UNAVAILABLE,531,
batch_003,encounters_athena_clinics.csv,5,ATHENA_CLINICS,122456,2e9fa96e93120047ec7cd219ede45dde9c35d0cd512a2e9c1267a8b206d08634,LINKED,,M,,65+,,532,
batch_003,encounters_athena_clinics.csv,6,ATHENA_CLINICS,134490,bfdfda9f198d0f86282d4e94e381d9bb3426ca9b50b062fa61ded8a4db7064a1,LINKED,,F,,40-64,,520,
batch_003,encounters_athena_clinics.csv,7,ATHENA_CLINICS,126060,ac5ee46ea0f4df37b2a1e078064e310be8162d8479e910816797e99b2d446f50,LINKED,,F,,40-64,,531,
batch_003,encounters_athena_clinics.csv,8,ATHENA_CLINICS,105569,a93aeef597f1fa17baaf3ccbe7bb61a593ef5693ea11dc1a1b91077e40a84ce3,LINKED,,F,,40-64,,524,
batch_003,encounters_athena_clinics.csv,9,ATHENA_CLINICS,137772,266bd7248b61174aaf79aba80f1691860d52925358df4aa21852b09784496e59,LINKED,,F,,65+,,520,
batch_003,encounters_athena_clinics.csv,10,ATHENA_CLINICS,115922,129401aaaede89e5a1799147747099c96706f733801efe7245c3793a78214e83,LINKED,,M,,40-64,,524,
batch_003,encounters_athena_clinics.csv,11,ATHENA_CLINICS,115660,2aba48da8bdb0ba888c05d77d86538f0db8ecab577020f96fe32424e7ba531c2,LINKED,,M,,65+,,537,
batch_003,encounters_athena_clinics.csv,12,ATHENA_CLINICS,103846,195c5beac9dd15e07b606828ce98461bc622a9518aadd3339423118d81db99e8,LINKED,,F,,40-64,,543,
batch_003,encounters_athena_clinics.csv,13,ATHENA_CLINICS,105855,8342ecb05f439b9fde39ed5c1a5dd565f991d94682a6e161e4b3e6b0546fd0fe,LINKED,,F,,40-64,,531,
batch_003,encounters_athena_clinics.csv,14,ATHENA_CLINICS,108315,d3d8022e2cdaf38e4bd701b3feb65038c24cba0fd7ec0ce6334f73a0c6c03920,LINKED,,F,,65+,,524,
batch_003,encounters_athena_clinics.csv,15,ATHENA_CLINICS,107314,bb71add7ca0e7df7feec6c7b608cac38643d91d94848b5d4ca78057ecc74490b,LINKED,,F,,65+,,524,
batch_003,encounters_athena_clinics.csv,16,ATHENA_CLINICS,134789,113b7d01a9f8bf39da97fcf34b54a1defadc4fda5ae463049436c84b85800c44,LINKED,,F,,18-39,,524,
batch_003,encounters_athena_clinics.csv,17,ATHENA_CLINICS,108949,3f2ae8c5da48f6cb2a5f80edae553e7e8cc203f8b344e7d63d081d892ff88fbd,LINKED,,M,,40-64,,541,
batch_003,encounters_athena_clinics.csv,18,ATHENA_CLINICS,130564,6d96b705159a0dd7b48d349dcf6e1e536c861e17daa3a7dd3b881bec0a2ff9f5,LINKED,,F,,65+,,520,
batch_003,encounters_athena_clinics.csv,19,ATHENA_CLINICS,139109,53cf740aa2f1e5ddc68cebfaccb2e005d26c4a39b164b010e06e8457cc11494f,LINKED,,F,,40-64,,541,
batch_003,encounters_athena_clinics.csv,20,ATHENA_CLINICS,105836,1807ca46c711d58ac96c8a59571002bec4a6935735182d9731f233a04b568f75,LINKED,,F,,18-39,,524,
batch_003,encounters_athena_clinics.csv,21,ATHENA_CLINICS,116704,fbaa9bdfdf56714c6df4675873bd1bb230153725da365dfa8342638a757b5db2,LINKED,,F,,18-39,,524,
batch_003,encounters_athena_clinics.csv,22,ATHENA_CLINICS,131723,be3b5286b7c1f158295b0171889197b581686cce8129d0f28f9d379f1c3b4671,LINKED,,M,,18-39,,524,
batch_003,encounters_athena_clinics.csv,23,ATHENA_CLINICS,116289,3ca3cdb0636f1ecf0806752ab2bb68a44af7523b1005a20af33aa0026d88e151,LINKED,,F,,65+,,532,
batch_003,encounters_athena_clinics.csv,24,ATHENA_CLINICS,115663,881163f9595761cfe73e86800eadad3182bee37aff890f4f50b995779a01d6c0,LINKED,,M,,40-64,,520,
batch_003,encounters_athena_clinics.csv,25,ATHENA_CLINICS,118506,4a9bcf7754d99628dabfe108c43cb33d1b6c37b41df0194442dcb015f561a36f,LINKED,,F,,65+,,532,
batch_003,encounters_athena_clinics.csv,26,ATHENA_CLINICS,107133,d9c8c4023d335ad6bfded1948706404413443833e4820eb253071cf19c30802c,LINKED,,F,,40-64,,520,
batch_003,encounters_athena_clinics.csv,27,ATHENA_CLINICS,120637,666f68bca704e5cdf884793a8554791e29216fb63f0c6c7b8637c99dc9ad02f2,LINKED,,M,,65+,,524,
batch_003,encounters_athena_clinics.csv,28,ATHENA_CLINICS,131455,483f06416eb921a01656a02123c3cc02482e2d233173d4d13369fb552fdad39a,LINKED,,M,,40-64,,531,
batch_003,encounters_athena_clinics.csv,29,ATHENA_CLINICS,103333,97902dbd6e4d6d4bb24a308776274ff52e1b15367ab109984de20f68e2b5b12d,LINKED,,M,,40-64,,543,
batch_003,encounters_athena_clinics.csv,30,ATHENA_CLINICS,106066,7b3777721223b93d78975e7279a1a459296d0586a77a1a3495aae86b058c9af8,LINKED,,M,,65+,,537,
batch_003,encounters_athena_clinics.csv,31,ATHENA_CLINICS,118136,50316e7bcad0865dd01e574907387e2377ef7a1064a4e31b5588b05636269029,LINKED,,F,,40-64,,541,
batch_003,encounters_athena_clinics.csv,32,ATHENA_CLINICS,107418,3c1609d2404df9e633be9faccacc215b1bd76f12afbc23a9d7d27a3cd1f39e94,LINKED,,M,,40-64,,532,
batch_003,encounters_athena_clinics.csv,33,ATHENA_CLINICS,136363,9a1732afd60c2b981add11c0b34fa08c2abbe1b86b49f060141b8b6a37a3651e,LINKED,,M,,65+,,537,
batch_003,encounters_athena_clinics.csv,34,ATHENA_CLINICS,100442,64c62679643df28bf20c975c61917f2513a6350c88112cb8205f35acf0f7bb53,LINKED,,M,,18-39,,537,
batch_003,encounters_athena_clinics.csv,35,ATHENA_CLINICS,133006,3eb0be7bf0f06bfe1891886df62fe9a6081c0b3b3eeb6fa460509ac60fe0b3eb,LINKED,,F,,40-64,,520,
batch_003,encounters_athena_clinics.csv,36,ATHENA_CLINICS,121852,79689f8915d89a037acb0e4eac8e79a7806553be0c0e46c764d70828d87439c2,LINKED,,M,,40-64,,520,
batch_003,encounters_athena_clinics.csv,37,ATHENA_CLINICS,134464,66017a60ebb5199ec76f568ed7bc12c35b0d097001262aadc0d7fcdda3d48eb4,LINKED,,F,,18-39,,531,
batch_003,encounters_athena_clinics.csv,38,ATHENA_CLINICS,107516,dd3ce21816a4a032fa73995979aed68969e2100c8b671fd351e687892cc3cf4a,LINKED,,M,,40-64,,532,
batch_003,encounters_athena_clinics.csv,39,ATHENA_CLINICS,121572,0c66cd7b759ecc5116cb4b65c95ddde9e3d2d40c038e92398967a14dc8855dee,LINKED,,F,,40-64,,543,
batch_003,encounters_athena_clinics.csv,40,ATHENA_CLINICS,115026,984ffc626e39aaa484600024dfb8a65c5cbdce9991eeb9c6412d31b0b817f5a5,LINKED,,M,,65+,,541,
batch_003,encounters_athena_clinics.csv,41,ATHENA_CLINICS,132523,7eeae86c35604f96de1c929b57350a6e43bc16579d705217044af50c69b1b8c4,LINKED,,F,,18-39,,532,
batch_003,encounters_athena_clinics.csv,42,ATHENA_CLINICS,122272,37de2be0a17549dd421fb7ec6b10f919ff60a75ad550c2be222819c95adac520,LINKED,,F,,40-64,,531,
batch_003,encounters_athena_clinics.csv,43,ATHENA_CLINICS,124758,477da3b970ac879849997a2753d9a19643a5bb12f2b8f6387159a693ba16ba79,LINKED,,M,,40-64,,543,
batch_003,encounters_athena_clinics.csv,44,ATHENA_CLINICS,106692,4b585397b7687c88503e8c1dc0cd90d1996300b4da48c0072690022b0ddf3f29,LINKED,,F,,40-64,,537,
batch_003,encounters_athena_clinics.csv,45,ATHENA_CLINICS,127833,d51d7603666275b524b36df6117396fb1b1d9e3782d245878d28337bad21aa51,LINKED,,M,,40-64,,532,
batch_003,encounters_athena_clinics.csv,46,ATHENA_CLINICS,108626,11f5f8d04a20e769f9ad324e92b976e2bd64f3ea8ffaaa7f21330fdaee7fab23,LINKED,,M,,65+,,532,
batch_003,encounters_athena_clinics.csv,47,ATHENA_CLINICS,132299,4b2879539f735ede231dd6b636c3c6e8e53e3b3ebc6761adf5f31290d4144c97,LINKED,,F,,65+,,543,
batch_003,encounters_athena_clinics.csv,48,ATHENA_CLINICS,139507,648c1977d75c7c6edd7299edede4eb41b9c39ec6ceba6abc6f36414223ab8b04,LINKED,,F,,40-64,,524,
batch_003,encounters_athena_clinics.csv,49,ATHENA_CLINICS,125032,dfab70661578255cb5eaf7c50858275062a24297f99d988c02036532994bca76,LINKED,,F,,40-64,,537,
batch_003,encounters_athena_clinics.csv,50,ATHENA_CLINICS,118974,881163f9595761cfe73e86800eadad3182bee37aff890f4f50b995779a01d6c0,LINKED,,M,,40-64,,520,
batch_003,encounters_athena_clinics.csv,51,ATHENA_CLINICS,130552,5377356d5d63269d2a27ad21e544bf986b6fa84df35283c29f2dfd79eab85e3f,LINKED,,F,,40-64,,531,
batch_003,encounters_athena_clinics.csv,52,ATHENA_CLINICS,106211,f7725788effe15c56301cfa6962284417c0ed9b020a0a04317ba8485c9beccd4,LINKED,,F,,40-64,,532,
batch_003,encounters_athena_clinics.csv,53,ATHENA_CLINICS,112572,d74bc5f20692778acd6257601c7198bc657cd818d604d30ef399f0fc02ddb78b,LINKED,,M,,18-39,,524,
batch_003,encounters_athena_clinics.csv,54,ATHENA_CLINICS,124389,c6ba0f7666c6fb5d276ed29fe9b2d790c0ca8264e4b32cb9a09ddcec0e62095a,LINKED,,M,,40-64,,524,
batch_003,encounters_athena_clinics.csv,55,ATHENA_CLINICS,118085,6549108b576c1b57178e332cb6e7c9edc23dafe4fcd139907c80f16e8493fdef,LINKED,,M,,65+,,520,
batch_003,encounters_athena_clinics.csv,56,ATHENA_CLINICS,127291,26b9401e64d6929d229a651cc995e7155d5ba1216a2bfe65d4666c92fbc345d1,LINKED,,F,,18-39,,520,
batch_003,encounters_athena_clinics.csv,57,ATHENA_CLINICS,124998,4b585397b7687c88503e8c1dc0cd90d1996300b4da48c0072690022b0ddf3f29,LINKED,,F,,18-39,,537,
batch_003,encounters_athena_clinics.csv,58,ATHENA_CLINICS,115085,530c68ce5d486ee81305f358343ceec150439d0a08607dbb264dd4058bfd1770,LINKED,,M,,40-64,,541,
batch_003,encounters_athena_clinics.csv,59,ATHENA_CLINICS,105785,b417eb821ca27d02625520d1fb62e39224838d52035f20a42ba379f0e408ff7f,LINKED,,F,,40-64,,531,
batch_003,encounters_athena_clinics.csv,60,ATHENA_CLINICS,138131,478b51c4efa1ad3cd87bf72d2e5ee2134852862fda73450e569c19bef3f13702,LINKED,,M,,40-64,,532,
batch_003,encounters_athena_clinics.csv,61,ATHENA_CLINICS,117733,5ae22d4e1014608f349b7c6a58d2f310579d8219b53b7f52347b73585ad9983a,LINKED,,F,,18-39,,541,
batch_003,encounters_athena_clinics.csv,62,ATHENA_CLINICS,119247,4ee83bb8fcd4aca6b7afccffdc111b71d79a351a91a08ab48b77a881ee036aa5,LINKED,,F,,18-39,,520,
batch_003,encounters_athena_clinics.csv,63,ATHENA_CLINICS,127893,e675c29592dc57db66c1b42ffcd5521ade0f0e3a9e0bfb9820d4b85201bf807e,LINKED,,M,,18-39,,537,
batch_003,encounters_athena_clinics.csv,64,ATHENA_CLINICS,123434,b56c8d909bedbd222a0e17bd49319815e292608b8a624dca8c41e712b9f13031,LINKED,,M,,40-64,,524,
batch_003,encounters_athena_clinics.csv,65,ATHENA_CLINICS,126591,a11c2d07db81b21b40be043b4d689640ed99ba6c6af0abe83fba200b380abef3,LINKED,,F,,40-64,,520,
batch_003,encounters_athena_clinics.csv,66,ATHENA_CLINICS,130035,16a7c4ccb5b9e46323f76f1a5450ade612a99d3c996554b3892269fda19dde99,LINKED,,F,,40-64,,524,
batch_003,encounters_athena_clinics.csv,67,ATHENA_CLINICS,103817,572ddb7e887bbda96150658616c86e5320020cf0e57772cc27521c6005db791f,LINKED,,F,,65+,,532,
batch_003,encounters_athena_clinics.csv,68,ATHENA_CLINICS,129389,bcd75a502f539f9ffe590c905464fd8960eb9efc87332855848f64409ee434b1,LINKED,,F,,40-64,,611,
batch_003,encounters_athena_clinics.csv,69,ATHENA_CLINICS,130535,5d9d7e13d599ce1b3d6cd8bb8ba11caeac42751bc94b6b1733ce313f2b3aea54,LINKED,,M,,40-64,,537,
batch_003,encounters_athena_clinics.csv,70,ATHENA_CLINICS,136018,76ba7b720cf1a7fe0e5ad307a164fdf0dd2328cee7a2fe04682199925adbdf76,LINKED,,F,,65+,,524,
batch_003,encounters_athena_clinics.csv,71,ATHENA_CLINICS,137157,bb71add7ca0e7df7feec6c7b608cac38643d91d94848b5d4ca78057ecc74490b,LINKED,,F,,65+,,524,
batch_003,encounters_athena_clinics.csv,72,ATHENA_CLINICS,124054,d57325493f8bc235279ad48271bad3e374a5d58d3368e082d5b5a6379a86fa67,LINKED,,M,,65+,,531,
batch_003,encounters_athena_clinics.csv,73,ATHENA_CLINICS,107336,78e45f0a7184759025c720321173d99ffa476f4d2b30a01f18649baede771045,LINKED,,F,,40-64,,537,
batch_003,encounters_athena_clinics.csv,74,ATHENA_CLINICS,126277,9c652655f89d53bf11230dbe906c66456095008dad81ccacb6db2193c079be4c,LINKED,,M,,40-64,,537,
batch_003,encounters_epic_north.csv,1,EPIC_NORTH,E9004176,11f5f8d04a20e769f9ad324e92b976e2bd64f3ea8ffaaa7f21330fdaee7fab23,LINKED,,M,,65+,,532,
batch_003,encounters_epic_north.csv,2,EPIC_NORTH,E9572732,8ce51f1a6dfa4e42a50a694268e017575b539eeb471735f9d072746a2be8c018,LINKED,,M,,65+,,541,
batch_003,encounters_epic_north.csv,3,EPIC_NORTH,E3145629,dfb27b08edc8eb275190740407a295c3786d5cf221504c422e6143683bbc5fd9,LINKED,,F,,18-39,,531,
batch_003,encounters_epic_north.csv,4,EPIC_NORTH,E6812954,815c6338a13bf3590195fd3382dbcaedf3c5361887fe60efe77d13c8aee7fddb,LINKED,,F,,40-64,,543,
batch_003,encounters_epic_north.csv,5,EPIC_NORTH,E5244981,122590f8c824518613d82d289264c5d58cb69ad9f2da4fdfc81a2d65ed3e5255,LINKED,,M,,0-17,,537,
batch_003,encounters_epic_north.csv,6,EPIC_NORTH,E6183614,9b98f5f3bd8668e8c89b69b31503692767953e891f9b77f19684110f073af89a,LINKED,,F,,65+,,532,
batch_003,encounters_epic_north.csv,7,EPIC_NORTH,E8472483,6ec178353f8af4b1138e09acfd6c796891ff34fe2469ab7fcccbbe7eff150ca7,LINKED,,M,,40-64,,537,
batch_003,encounters_epic_north.csv,8,EPIC_NORTH,E4310184,25c0d26abbc25a8366228c7fc693105832e23fda7d5551109b3d525526b2607d,LINKED,,M,,18-39,,541,
batch_003,encounters_epic_north.csv,9,EPIC_NORTH,E5087098,2cb78e81c4a38c50a5a5b6cdb65d0a934b3c0f517f26d92e88313a003537c671,LINKED,,F,,40-64,,543,
batch_003,encounters_epic_north.csv,10,EPIC_NORTH,E3168433,db5ab582169043f70a0286e4f9282b6c2e24f0baf4cce8f64e3ee33d8e1235d0,LINKED,,F,,65+,,541,
batch_003,encounters_epic_north.csv,11,EPIC_NORTH,E8575374,71231416b5f175f23b43ad39d2840999d891421d2e04bf14e99dedbc1bbdc29b,LINKED,,F,,65+,,543,
batch_003,encounters_epic_north.csv,12,EPIC_NORTH,E5285052,dd682a3c2228d33123bf15472922c9df4a44eb43ecaf75be50e09a6b09115379,LINKED,,F,,18-39,,541,
batch_003,encounters_epic_north.csv,13,EPIC_NORTH,E4113536,42e17e1c55b01b32cf5d68a559a46888d17c3e4793e6c75cc9646c42187ffd0f,LINKED,,F,,18-39,,543,
batch_003,encounters_epic_north.csv,14,EPIC_NORTH,E4232902,b41393795511818cebc5d881a5d130c41d04a3817acd298a5f00c13cab3a974f,LINKED,,M,,65+,,531,
batch_003,encounters_epic_north.csv,15,EPIC_NORTH,E2042449,52410ab94c0920e3c547e3ff188f004fb2c15bab98d6de6f280a35740e001ebc,LINKED,,M,,0-17,,532,
batch_003,encounters_epic_north.csv,16,EPIC_NORTH,E2667571,844156e61826aa835eb6485d0f4875708dfdbde1a179a0f9009dd19ca5427dbe,LINKED,,F,,65+,,531,
batch_003,encounters_epic_north.csv,17,EPIC_NORTH,E8757191,cddd00b29ab16cd4474996d3a0a72e5a35b6b03598a0c596335f86ba487c3884,LINKED,,M,,0-17,,531,
batch_003,encounters_epic_north.csv,18,EPIC_NORTH,E2818119,cc95360b10ebfca8d1f205d64eb5716ab40e21e9193c0059170cda59558cbbcf,LINKED,,F,,18-39,,541,
batch_003,encounters_epic_north.csv,19,EPIC_NORTH,E4691810,25c0d26abbc25a8366228c7fc693105832e23fda7d5551109b3d525526b2607d,LINKED,,M,,18-39,,541,
batch_003,encounters_epic_north.csv,20,EPIC_NORTH,E2094367,21439a374e64e85119012e15501447dc88cc142252a90771d62d5c27ae2c51d1,LINKED,,M,,0-17,,532,
batch_003,encounters_epic_north.csv,21,EPIC_NORTH,E8023211,be5a267e2634745e6453ba04fa15bdf47cb3ddee720581bf9b56c063eb4b1527,LINKED,,F,,65+,,541,
batch_003,encounters_epic_north.csv,22,EPIC_NORTH,E4356482,be8a5d36f607e5d49752d35f77b578c35a0ba6a075bc9db99e6dfa7ba6d698a4,LINKED,,F,,65+,,520,
batch_003,encounters_epic_north.csv,23,EPIC_NORTH,E9154808,a9dd26dd53453f661b3bfb137b25da4102c8ba5f09cab992a6268ef7af3931c8,LINKED,,F,,65+,,531,
batch_003,encounters_epic_north.csv,24,EPIC_NORTH,E1891021,05333e39b965450513f7f2d6198c7e6f42dac14231aa73e40ae8e8f9c8b1675d,LINKED,,F,,65+,,541,
batch_003,encounters_epic_north.csv,25,EPIC_NORTH,E9887124,3ae1d0b6cc9591eda30e64dbf64473f4e11890d11443b7e459a6d494e3ee7e36,LINKED,,F,,65+,,532,
batch_003,encounters_epic_north.csv,26,EPIC_NORTH,E8314212,c9b22aef6a859f88ae3452862a5a9411c94107552a4bcd6258269aa48c59c40a,LINKED,,F,,0-17,,537,
batch_003,encounters_epic_north.csv,27,EPIC_NORTH,E4632804,bdfbcfdd81de4959d42661f0a2e782e2bb390cc070192cfdf864e76e557c1c1b,LINKED,,M,,0-17,,531,
batch_003,encounters_epic_north.csv,28,EPIC_NORTH,E8418834,254a2928bd35f999d4c5bf2835dc0a593cf85698cb3fc98fa30699fbc0a2e170,LINKED,,F,,40-64,,532,
batch_003,encounters_epic_north.csv,29,EPIC_NORTH,E6325405,3cb0596898386d86044b9247ef92febf69afa4beccc8bf00af650a15e44cc7eb,LINKED,,F,,40-64,,541,
batch_003,encounters_epic_north.csv,30,EPIC_NORTH,E7545634,0be3023bc4bf30cef78ec0cb989240698002c2e5cdd973a2bc8f138243253627,LINKED,,M,,0-17,,531,
batch_003,encounters_epic_north.csv,31,EPIC_NORTH,E5321590,a63e9c1c10fa4ab30db12902a85fb546a488bb9eec41da5abb28891345c0058c,LINKED,,F,,40-64,,532,
batch_003,encounters_epic_north.csv,32,EPIC_NORTH,E7081615,e777566353b8553a1412160d3f275dd8af763e619ee158bd581572dfb3b61201,LINKED,,F,,65+,,537,
batch_003,encounters_epic_north.csv,33,EPIC_NORTH,E5969639,a9d201e8c82c33aaa972e9ebe17546e8fdc89f14ebab1a9c6dbc087b18ac7696,LINKED,,F,,65+,,537,
batch_003,encounters_epic_north.csv,34,EPIC_NORTH,E2109143,d4d3b5d684a38c5bbe7452187abdbf0327df4073063737a159352c4adb14afe1,LINKED,,M,,65+,,531,
batch_003,encounters_epic_north.csv,35,EPIC_NORTH,E3428495,d8ca5cf6bb657edea65718d42e550c7d4cc70b8566e3172419064a85826ee7db,LINKED,,M,,40-64,,531,
batch_003,encounters_epic_north.csv,36,EPIC_NORTH,E2274352,546dc16e27bd347a138709133c3ed5e374a4a517278d3e6265d284eee3f2c4b4,LINKED,,F,,40-64,,532,
batch_003,encounters_epic_north.csv,37,EPIC_NORTH,E2054782,d901f84a928eae0a25149361a9f77113389ef2d5c28dc52a8b78ccd69def85d7,LINKED,,M,,18-39,,524,
batch_003,encounters_epic_north.csv,38,EPIC_NORTH,E3239417,b6800daf931d842716a44f7ceb8353f45007fe468eeb9b3728d3c7a928c2062d,LINKED,,F,,18-39,,532,
batch_003,encounters_epic_north.csv,39,EPIC_NORTH,E3865085,42e17e1c55b01b32cf5d68a559a46888d17c3e4793e6c75cc9646c42187ffd0f,LINKED,,F,,18-39,,543,
batch_003,encounters_epic_north.csv,40,EPIC_NORTH,E6965553,d52b1de7e0792880412524f821a38d0851fdb5b140ac2c9c41a762025a69cd3a,LINKED,,M,,65+,,537,
batch_003,encounters_epic_north.csv,41,EPIC_NORTH,E8142350,05333e39b965450513f7f2d6198c7e6f42dac14231aa73e40ae8e8f9c8b1675d,LINKED,,F,,65+,,541,
batch_003,encounters_epic_north.csv,42,EPIC_NORTH,E6969671,84e146d9eb672180a4e87434f588a235322cc7fc9349bad85c3380c594b3a83d,LINKED,,F,,65+,,541,
batch_003,encounters_epic_north.csv,43,EPIC_NORTH,E4210487,b5fb37fdc0e2e784d57d75eb50cca2a022732e295eb26b2e0be9cb3aef60d3b1,LINKED,,F,,40-64,,543,
batch_003,encounters_epic_north.csv,44,EPIC_NORTH,E3497042,db5ab582169043f70a0286e4f9282b6c2e24f0baf4cce8f64e3ee33d8e1235d0,LINKED,,F,,65+,,541,
batch_003,encounters_epic_north.csv,45,EPIC_NORTH,E7321153,5a37e630b49fe710722c85116872d3a8fff2d1d284a92d673dea79619bcd1c1e,LINKED,,F,,40-64,,543,
batch_003,encounters_epic_north.csv,46,EPIC_NORTH,E5072153,4d45ee70c93ae9dcaaa8a0ab4e92f0b22cdf905efdb103ce91a055926e0d9fde,LINKED,,F,,18-39,,537,
batch_003,encounters_epic_north.csv,47,EPIC_NORTH,E5700568,2cb78e81c4a38c50a5a5b6cdb65d0a934b3c0f517f26d92e88313a003537c671,LINKED,,F,,40-64,,543,
batch_003,encounters_epic_north.csv,48,EPIC_NORTH,E3948254,0609b9d3e16009197003f6bc8ddb7c1c71bf99d3054880cdf88e938746464966,LINKED,,M,,65+,,541,
batch_003,encounters_epic_north.csv,49,EPIC_NORTH,E7919678,1c88649def79030b7bcaeb352364a2250fa235edfa6b261662c5447e275cb8dc,LINKED,,F,,40-64,,532,
batch_003,encounters_epic_north.csv,50,EPIC_NORTH,E4548266,b0d2cb0efbc3fd700ade65a07807cfc83f45061f9d59075d4fbaebdefa424899,LINKED,,F,,40-64,,541,
batch_003,encounters_epic_north.csv,51,EPIC_NORTH,E4081235,0eebbe5a676ba469eca856b63f12b7864b6e630e0e2f15d980ccf3a03bdd1e7b,LINKED,,M,,40-64,,532,
batch_003,encounters_epic_north.csv,52,EPIC_NORTH,E2115387,f4da818385a1a4fe7ebc5af302f5988aafd8d8a92baf1bce47ef9da4112ae91d,LINKED,,F,,40-64,,541,
batch_003,encounters_epic_north.csv,53,EPIC_NORTH,E9733520,2e9bf27e182836698f04dcdba38336d83babf2fa0a72bc270a7d62f684c384d6,LINKED,,M,,40-64,,532,
batch_003,encounters_epic_north.csv,54,EPIC_NORTH,E7996335,32a345bb3d9f84578453861c295fd624efc712257d7208dffe139d7a73cf2787,LINKED,,M,,40-64,,541,
batch_003,encounters_epic_north.csv,55,EPIC_NORTH,E1599873,b17c81858447170620f306540864aa820abde444c50e39b951bc8d386d795ce0,LINKED,,M,,0-17,,532,
batch_003,encounters_epic_north.csv,56,EPIC_NORTH,E4282050,937a3b98575215e7a9e2919e80c71913dd5cc364afbcfab5249e7deb886be337,LINKED,,M,,40-64,,531,
batch_003,encounters_epic_north.csv,57,EPIC_NORTH,E4011473,a3dd71bcc327b10fe1b25839ee2adcb81ce2069953a2d096ed6a3e205c15fb49,LINKED,,F,,18-39,,537,
batch_003,encounters_epic_north.csv,58,EPIC_NORTH,E9668205,659acc43b742f0f34340e882257ca5fba4565eb4bc1649e2116069ff3e97831a,LINKED,,F,,18-39,,543,
batch_003,encounters_epic_north.csv,59,EPIC_NORTH,E7204104,d7747976dbae590d4f8864ec50a1eeaa5433fa9c628e31d3e20139d9ceb27506,LINKED,,F,,40-64,,531,
batch_003,encounters_epic_north.csv,60,EPIC_NORTH,E8999555,9b589a9b180bfb4257abd0ed75a86d50f7f4aee07498ec967460fbde7ec72d33,LINKED,,M,,40-64,,543,
batch_003,encounters_epic_north.csv,61,EPIC_NORTH,E2289534,8ce51f1a6dfa4e42a50a694268e017575b539eeb471735f9d072746a2be8c018,LINKED,,M,,65+,,541,
batch_003,encounters_epic_north.csv,62,EPIC_NORTH,E5983559,12ae6252ddb488a9fb0cfce529e375e602082656165eb86bb90a6cc68b3db501,LINKED,,F,,65+,,541,
batch_003,encounters_epic_north.csv,63,EPIC_NORTH,E5564037,12ae6252ddb488a9fb0cfce529e375e602082656165eb86bb90a6cc68b3db501,LINKED,,F,,65+,,541,
batch_003,encounters_epic_north.csv,64,EPIC_NORTH,E8952212,0e63056066bf850f7d8e188ea22aa28a3767c8b4ca46046e08068e7cf0b03837,LINKED,,F,,40-64,,531,
batch_003,encounters_epic_north.csv,65,EPIC_NORTH,E7976360,f8d988df1f2683a6c6e1f64b585c6b9178bbf1222c3bacb164807e8f9569be56,LINKED,,M,,65+,,531,
batch_003,encounters_epic_north.csv,66,EPIC_NORTH,E6438421,a1e1dd9a52d763f3cf740d345b0b6972dd3a296d350199a80274a158a0bc3d47,LINKED,,M,,0-17,,541,
batch_003,encounters_epic_north.csv,67,EPIC_NORTH,E1371908,815c6338a13bf3590195fd3382dbcaedf3c5361887fe60efe77d13c8aee7fddb,LINKED,,F,,40-64,,543,
batch_003,encounters_epic_north.csv,68,EPIC_NORTH,E8196351,b22ce737b029857154c14d573e441907e18b56bdf49d14e684e4330c63359e6a,LINKED,,F,,0-17,,537,
batch_003,encounters_epic_north.csv,69,EPIC_NORTH,E5513433,2eca19066dc5e73ae8462bd4aaa95f938d599d793022d2343be1afcc636dc9c0,LINKED,,F,,65+,,537,
batch_003,encounters_epic_north.csv,70,EPIC_NORTH,E7942880,738377045e400f14a5a552b93244c34b603392dfa3890a08f08fc5a4892b89e1,LINKED,,M,,65+,,532,
batch_003,encounters_epic_north.csv,71,EPIC_NORTH,E5461848,d7d1801caf4ddbe43bfa4f44f7627e3da038a262dd58b5501c9974a3b0cb2c3a,LINKED,,M,,0-17,,532,
batch_003,encounters_epic_north.csv,72,EPIC_NORTH,E4916633,738377045e400f14a5a552b93244c34b603392dfa3890a08f08fc5a4892b89e1,LINKED,,M,,65+,,532,
batch_003,encounters_epic_north.csv,73,EPIC_NORTH,E5539654,a55399b48544ca7efec47d85a6cd1b6f6956019b6e292a6e34bfcab20e07551d,LINKED,,F,,65+,,531,
batch_003,encounters_epic_north.csv,74,EPIC_NORTH,E6870824,c75c33a8304a013456e510314eff11134358992cd2111eac79e0b5c10d151885,LINKED,,M,,65+,,524,
batch_003,encounters_epic_north.csv,75,EPIC_NORTH,E1838822,7daeaf80bcee1636229c15d1d86721406fa2d74545011ca944055abc19f94093,LINKED,,M,,40-64,,537,
batch_003,encounters_epic_north.csv,76,EPIC_NORTH,E7222696,9b98f5f3bd8668e8c89b69b31503692767953e891f9b77f19684110f073af89a,LINKED,,F,,65+,,532,
batch_003,encounters_epic_north.csv,77,EPIC_NORTH,E9541509,c9cf057abc289ae1b426d918c6fb8d13b2aa03774c678be797d7348a69ad180f,LINKED,,F,,65+,,543,
batch_003,encounters_epic_north.csv,78,EPIC_NORTH,E7983743,8ce51f1a6dfa4e42a50a694268e017575b539eeb471735f9d072746a2be8c018,LINKED,,M,,65+,,541,
batch_003,encounters_epic_north.csv,79,EPIC_NORTH,E9566372,426f47473a38e51553a01869fb06c87c7cdb1d4a7d2f5f0408c3cd539c5e47ee,LINKED,,F,,40-64,,524,
batch_003,encounters_epic_north.csv,80,EPIC_NORTH,E9825575,fe0cc1b35c8c45a57e72fb7a5fead9a3f6b10ff9d6763e015f8791f915e9402e,LINKED,,M,,65+,,537,
batch_003,encounters_epic_north.csv,81,EPIC_NORTH,E3828641,2f4b375c10e8963fb3c6437840112057faf145c2748f18c610870f3b0c49a6b4,UNLINKED,PATIENT_UNLINKED_NO_DOB,F,,UNKNOWN,AGE_BAND_DOB_UNAVAILABLE,532,
batch_003,encounters_epic_north.csv,82,EPIC_NORTH,E6291931,9693d1986e504e97255f036a9e18319a58ccfb686b6ecfced23c7d779365ef93,LINKED,,M,,65+,,531,
batch_003,encounters_epic_north.csv,83,EPIC_NORTH,E5813301,5f8a4aa7b9da7a763e4f4663663aff3cd40941881e1a661c3f58c199f508009f,LINKED,,M,,0-17,,537,
batch_003,encounters_legacy_meditech.csv,1,LEGACY_MEDITECH,109465,bf27543cf6b0d7ac4a9b51761299d882a440747fede92100b5c1f8b163b69c2d,LINKED,,M,,UNKNOWN,AGE_BAND_DOB_AFTER_ADMIT,537,
batch_003,encounters_legacy_meditech.csv,2,LEGACY_MEDITECH,133243,10eb9da1d5162633a6ca00efe8bb83d99bd85fa6e721dab1ad3749e21d7b3c0d,LINKED,,M,,65+,,520,
batch_003,encounters_legacy_meditech.csv,3,LEGACY_MEDITECH,113431,b6d09926d148bff949cfe46266eea8c41434111fed9e18594110f6889361a7ed,LINKED,,F,,40-64,,610,
batch_003,encounters_legacy_meditech.csv,4,LEGACY_MEDITECH,112860,bc53f8ad53d017150478fe8e6def53bfeaf58e1a4313eb4d019892aaa7cba4f9,LINKED,,F,,40-64,,610,
batch_003,encounters_legacy_meditech.csv,5,LEGACY_MEDITECH,125398,7cc33c0e43829b06cff6c6d8d4adef1f7f51fc0aeb42299898a1d14486d6ead1,LINKED,,M,,40-64,,532,
batch_003,encounters_legacy_meditech.csv,6,LEGACY_MEDITECH,112275,a0b9918a3b90db6c7c7bd22075cb66669c3df8a2c0d60f48b549fedf053b2750,LINKED,,M,,65+,,520,
batch_003,encounters_legacy_meditech.csv,7,LEGACY_MEDITECH,107632,aaac25b97f7d2c80c945d7b70f1d945b4c86f5138c6b5c62b6a3b0d737fc5d0f,LINKED,,M,,40-64,,541,
batch_003,encounters_legacy_meditech.csv,8,LEGACY_MEDITECH,125805,f2e89195508e040cd3347ad38c76927c7f00bea7bf1dab1ba8e23cac28575bef,LINKED,,F,,65+,,520,
batch_003,encounters_legacy_meditech.csv,9,LEGACY_MEDITECH,118520,77a9ad54dfc7d081b99ad0bedc94384ef0c47aace31273c976a49dd827aff195,LINKED,,M,,65+,,520,
batch_003,encounters_legacy_meditech.csv,10,LEGACY_MEDITECH,100293,cd5f3dea1f578df2af474bca5a7034b7de9956c68512f7effb90bbee6a4d1a70,LINKED,,M,,65+,,524,
batch_003,encounters_legacy_meditech.csv,11,LEGACY_MEDITECH,129440,e230286001362cf71b5f5510499147d6a06ca8d9ac3c598428518d29c5b61296,LINKED,,F,,40-64,,520,
batch_003,encounters_legacy_meditech.csv,12,LEGACY_MEDITECH,107158,1092619ee8f2b8671f0db5c85ae2dc7184eb91ed7427f9c19a83bbee6c593874,LINKED,,F,,65+,,520,
batch_003,encounters_legacy_meditech.csv,13,LEGACY_MEDITECH,118470,a2c419f7c446bf3c2d34ac243a56b406c67b0e9c85090311c06b314765fa8a7a,LINKED,,F,,18-39,,610,
batch_003,encounters_legacy_meditech.csv,14,LEGACY_MEDITECH,107988,4a9bcf7754d99628dabfe108c43cb33d1b6c37b41df0194442dcb015f561a36f,LINKED,,F,,65+,,532,
batch_003,encounters_legacy_meditech.csv,15,LEGACY_MEDITECH,128505,d4c0ca5900d82eda6eb5aa68e0795f7601560db759745e32d12aafd931423301,LINKED,,F,,65+,,524,
batch_003,encounters_legacy_meditech.csv,16,LEGACY_MEDITECH,110346,516d82572d1ae68e4d3d399b85ab6746c3600bca11eef2cad4c4898c7eeb25e5,LINKED,,M,,40-64,,610,
batch_003,encounters_legacy_meditech.csv,17,LEGACY_MEDITECH,124127,48fe411171ac083cfe6a18a25051267e9d03d5761c0c404a6fee19b784efcf10,LINKED,,M,,40-64,,520,
batch_003,encounters_legacy_meditech.csv,18,LEGACY_MEDITECH,106166,9b3d1db9eb1e7d2042c4a1c71bce3c673913877d1a20fc73d4e8a08d7cdc9a28,LINKED,,F,,65+,,611,
batch_003,encounters_legacy_meditech.csv,19,LEGACY_MEDITECH,130516,f5b698bbf3ebfb6e0f4c9d173fd90c457b1224cad24b8d2ef6a791b94a533009,LINKED,,F,,65+,,524,
batch_003,encounters_legacy_meditech.csv,20,LEGACY_MEDITECH,134267,8e6b4aa20253df9ecebde672ff41c9025c19916b0610c8483872cff2bee6998e,LINKED,,F,,65+,,610,
batch_003,encounters_legacy_meditech.csv,21,LEGACY_MEDITECH,122896,c7d695d7c44f0d6ab6d97cc34754fcff267ae4b697d26b27dabf7a17030c736f,LINKED,,F,,40-64,,520,
batch_003,encounters_legacy_meditech.csv,22,LEGACY_MEDITECH,131478,03d2b325ce753bae04cdc11eb5a43de04f827d19e6216edff9a4f2cf0e4a3fa7,LINKED,,M,,40-64,,520,
batch_003,encounters_legacy_meditech.csv,23,LEGACY_MEDITECH,122364,299671250848007454b3509d2f569df22c934c847709b2787ad3ab81b26a5549,LINKED,,M,,65+,,520,
batch_003,encounters_legacy_meditech.csv,24,LEGACY_MEDITECH,116755,ac952d448bf2175a6ad45e2dee82d1cbb089430cce0b733e98651c08d296461b,LINKED,,M,,65+,,524,
batch_003,encounters_legacy_meditech.csv,25,LEGACY_MEDITECH,127269,8aeb8894d420c3e30434e550fe0e8fa5d7acabf0e066f9c29cee410c82e1a1b4,LINKED,,M,,40-64,,543,
batch_003,encounters_legacy_meditech.csv,26,LEGACY_MEDITECH,107017,aebb7fe9617212f8170756848ce24da8e4e83c57e28519c251d402b8e63d1f04,LINKED,,M,,65+,,524,
batch_003,encounters_legacy_meditech.csv,27,LEGACY_MEDITECH,103075,61102afa32e383542c68573489141676b44dee554cb90079cc9974edbce39f76,LINKED,,M,,40-64,,531,
batch_003,encounters_legacy_meditech.csv,28,LEGACY_MEDITECH,133746,03d2b325ce753bae04cdc11eb5a43de04f827d19e6216edff9a4f2cf0e4a3fa7,LINKED,,M,,40-64,,520,
batch_003,encounters_legacy_meditech.csv,29,LEGACY_MEDITECH,127790,f5b698bbf3ebfb6e0f4c9d173fd90c457b1224cad24b8d2ef6a791b94a533009,LINKED,,F,,65+,,524,
batch_003,encounters_legacy_meditech.csv,30,LEGACY_MEDITECH,105311,a319036656ca0ccc960347a6bb567254c6143e40870a9490d63085f682661eca,LINKED,,M,,65+,,524,
batch_003,encounters_legacy_meditech.csv,31,LEGACY_MEDITECH,117990,92354bb51f0f76e034b72123b12ba5f47dc5c88b62a724f2b05cdadfb0534b9f,LINKED,,M,,40-64,,524,
