version_key,encounter_key,source_system,source_record_id,source_batch_id,source_file_name,source_row_number,check_code,field_name,reason_code,severity
006390f0ffeac1610c47a7b586c3aa9cb41d0d141974c7653009359fe9d2a895,27c3081220589159c7808f6ed9b03545fef140162b9b0757e7f07e57ecafb27a,ATHENA_CLINICS,132043,batch_002,encounters_athena_clinics.csv,33,FACILITY_RESOLVED,facility_id,FACILITY_UNRESOLVED,ERROR
00994705c15593a14bbc996a85aaff23c5b54965636401c095f3bf7dbaacbc14,4122a0d71a99179b347f47aff522fc57cb84bf6721461cbcdd5b64a3b1c0782e,ATHENA_CLINICS,111729,batch_001,encounters_athena_clinics.csv,783,DISCHARGE_DATE_VALID,discharge_date,DATE_MISSING,WARNING
00b2b434e904accfe22ed93f679e006c8f3be89353636ee2e3b22296fa64c4ca,aef2e478cd08840e86e946ddb5e2927f83ff535ecf6cc2c921849019049d39dc,EPIC_NORTH,E3323516,batch_001,encounters_epic_north.csv,710,PRIMARY_DX_IN_REFERENCE,primary_dx_code,DX_NOT_IN_REFERENCE,WARNING
0105acc6eef3a9ab1fb50935eb939c952567c70c28882a55b0639711c0894834,405acbbf8929917ef822d491725da755d845ab449cf9918238e156e59c64c572,EPIC_NORTH,E2053655,batch_001,encounters_epic_north.csv,43,ATTENDING_NPI_IN_ROSTER,attending_npi,NPI_NOT_IN_ROSTER,WARNING
0105acc6eef3a9ab1fb50935eb939c952567c70c28882a55b0639711c0894834,405acbbf8929917ef822d491725da755d845ab449cf9918238e156e59c64c572,EPIC_NORTH,E2053655,batch_001,encounters_epic_north.csv,43,DISCHARGE_DATE_VALID,discharge_date,DATE_MISSING,WARNING
0121f59d65ab3293dac63ea96a3e5815b9fbf1401bb5d0bce5de3d32b6092e6e,3691d0426280890e612415b6b7a06dabbe0fa8488fc35ebe61d57e97bac3f39f,EPIC_NORTH,E2832331,batch_001,encounters_epic_north.csv,761,PRIMARY_DX_IN_REFERENCE,primary_dx_code,DX_NOT_IN_REFERENCE,WARNING
01baa599ffb617861fe3ebf019e7f4ebf7e627135f8e21d81a69346465cb5ac2,f269578bd3efebe1a3b035ded1629c4032ab6ba34ff8261d85d8a5b7bde9fa17,LEGACY_MEDITECH,102230,batch_001,encounters_legacy_meditech.csv,288,BILLED_AMOUNT_VALID,billed_amount_usd,AMOUNT_UNPARSEABLE,WARNING
01c19e97d33fa6ea5f610c79442546c37e7cb5ff9fbcc2fc2f7dffe2518e9ce7,0708c6c2c29035bd421b277cec856d74fbf772e61ebbd0d7f76e86085500df90,EPIC_NORTH,E5229611,batch_001,encounters_epic_north.csv,50,ADMIT_DATE_VALID,admit_date,DATE_PLACEHOLDER,ERROR
022a885349f0eb366397bd151029a64eb068d2bf8272ad2e5f20ebbecfe33d29,e0a09aa7330bfeb550cd0356ae69fd563e028990761bc7336f2fb43623e77f0d,ATHENA_CLINICS,130667,batch_001,encounters_athena_clinics.csv,957,ENCOUNTER_TYPE_MAPPED,encounter_type,ENCOUNTER_TYPE_MISSING,WARNING
028e34ea84162b553328070dae8061f067d369fde1a591330c9c25ee8b93f5d8,3ef0a6dbd96caf9bee6f577228f71fa45466046817cac084c2a3f5ed29b18fb6,ATHENA_CLINICS,121852,batch_002,encounters_athena_clinics.csv,109,DISCHARGE_DATE_VALID,discharge_date,DATE_MISSING,WARNING
0299f80520b7895bb1efc4e032230eb93e22774aa192e52f038bb8fc2d30f57d,d5964d5af25bcf94311cba6a127f05e9e5af00cc0ec20dae0b575420ff24301a,LEGACY_MEDITECH,114490,batch_001,encounters_legacy_meditech.csv,54,ATTENDING_NPI_IN_ROSTER,attending_npi,NPI_NOT_IN_ROSTER,WARNING
02df967b93ccb4a09c1fb71fece93f76c522ef217bdb73fe9ad24573a7ee2a4e,3940336519696cccf76c2ba4dee86c3c8ed1a4e06c3762c9748bdc9bd7c3dbb6,ATHENA_CLINICS,130567,batch_001,encounters_athena_clinics.csv,1082,DISCHARGE_DATE_VALID,discharge_date,DATE_MISSING,WARNING
02e44ac4992b0051e5e4d205d9fda586dfc011ae8ae9c3722aa781ebd63f3956,4e442a9a8f18ee2a049b793d0f8e6f0830d244e65a5dc0372fccba8eea1e650a,ATHENA_CLINICS,129488,batch_001,encounters_athena_clinics.csv,885,DISCHARGE_DATE_VALID,discharge_date,DATE_MISSING,WARNING
03047b51e6665c1d43c67770071cfdf22b6fe2f83def0b8f559de6de070eccc5,3d930764bd5b583b500bd9b87f03c8f93b01dac106925041604caa3a5d9a9e98,EPIC_NORTH,E7538453,batch_001,encounters_epic_north.csv,1407,DISCHARGE_DATE_VALID,discharge_date,DATE_MISSING,WARNING
032d97095292c2e525dd67274928e89cbb11a32017b35b8f14b5ce3edfd4040a,72caa1cb4b32dd4f8e11c80b0f9864fd072c635abf279f8fa10c5ff8879247ac,ATHENA_CLINICS,121448,batch_001,encounters_athena_clinics.csv,762,DISCHARGE_DATE_VALID,discharge_date,DATE_MISSING,WARNING
03838079c3fcbc90c1c93ee6f91faa4af3694b5688e42afc55eecac0fe86d1c7,cd0f3a2f031ea97a059cacaaaed216923efe66fcabb543f6c8446c60abd1d205,EPIC_NORTH,E2392859,batch_001,encounters_epic_north.csv,584,DISCHARGE_NOT_BEFORE_ADMIT,discharge_date,DISCHARGE_BEFORE_ADMIT,WARNING
03a5f610bf9138d146731166c67f7b30c8631e1b466eb59d3e9dfef7b8e974f5,71143652e91748005b3bc302841bab59dcd40a30a498ac9cd1a333b52b88e1ed,LEGACY_MEDITECH,135861,batch_001,encounters_legacy_meditech.csv,174,DISCHARGE_DATE_VALID,discharge_date,DATE_MISSING,WARNING
03cc95ca15ac4abe7beea2d088cac23ad17e41c0581be2a770c0e220989f0f49,0a42f5786b70bd103dd615334fb9f14121ee454c5ef6fc889a9c829ae510c3c8,EPIC_NORTH,E7258702,batch_001,encounters_epic_north.csv,752,DISCHARGE_DATE_VALID,discharge_date,DATE_MISSING,WARNING
03cc95ca15ac4abe7beea2d088cac23ad17e41c0581be2a770c0e220989f0f49,0a42f5786b70bd103dd615334fb9f14121ee454c5ef6fc889a9c829ae510c3c8,EPIC_NORTH,E7258702,batch_001,encounters_epic_north.csv,752,FACILITY_RESOLVED,facility_id,FACILITY_UNRESOLVED,ERROR
03eb478aebae7e2a35329d1cabf51e8575c26906a9968f541efc11715926d1cd,4e8c631dfdcb6adbc512c1ba3b529b98021e24009448c81e69220d8b9881143b,ATHENA_CLINICS,131748,batch_001,encounters_athena_clinics.csv,422,DISCHARGE_DATE_VALID,discharge_date,DATE_MISSING,WARNING
040ca9e4982c00398df6737c794cf2e5b739d726efbe70b54888476d1570b19d,71e341113e634f5fb91e29996b5212b9d706e98289f5a258037bcf8489948d3f,EPIC_NORTH,E4533717,batch_001,encounters_epic_north.csv,1072,DISCHARGE_DATE_VALID,discharge_date,DATE_MISSING,WARNING
041ef16cfed0125b8c0139203a3672346497c8735b1c8d3ae591d9ccd11709b2,0d530e16cbc352aebb573beed2c07ef4b7540fcab47bfbfa386e8716aff2689c,ATHENA_CLINICS,120119,batch_001,encounters_athena_clinics.csv,993,DISCHARGE_DATE_VALID,discharge_date,DATE_MISSING,WARNING
04252008efd8d07cc7b60dcc8e5f6c96c1adaa0328b9b781e00bf87ef78b7b52,e98579c04fb96b06f73ad7f1e29a106e7f383e2fd6b9bd38cd296b7bd27f9f96,EPIC_NORTH,E9030429,batch_001,encounters_epic_north.csv,495,DISCHARGE_DATE_VALID,discharge_date,DATE_MISSING,WARNING
043db9c685aa3caa3602c7739bfc9d4792789c3bc296ca729c0dffdcf0bfe1df,01d88b00c65b200b26e70a3e3cd374d53a35f5140378d968fce456ac9ea98892,EPIC_NORTH,E9945904,batch_001,encounters_epic_north.csv,1419,ATTENDING_NPI_VALID,attending_npi,NPI_CHECKSUM_FAILED,WARNING
04732424590a6e8f1ee8c7244fc0a0f8d4ef0453e0f60d6621005704fe66d5eb,e3a0c9b989f07904ceb1bbe9cedf190cc705f5c0bc564c7e090a6974620351ea,ATHENA_CLINICS,133985,batch_001,encounters_athena_clinics.csv,71,DISCHARGE_DATE_VALID,discharge_date,DATE_MISSING,WARNING
0481ad0216635e474b11607b6c28dc27d8d83e2f26a007939d37ad0252beae44,7750a37b1c1c233a84587cc41d6f762ca82f4b27871711f5bfa76a9fe10d4d1e,ATHENA_CLINICS,114152,batch_001,encounters_athena_clinics.csv,114,DISCHARGE_DATE_VALID,discharge_date,DATE_MISSING,WARNING
05e506fbefaecb9fd7e4000a5ec23dc28126386db91a9121a2b62231a077607e,6c2f3cbdf3b52405b242157ff04f11b3f9ea870905630254637a4c1bbe5a7910,ATHENA_CLINICS,121060,batch_001,encounters_athena_clinics.csv,15,DISCHARGE_DATE_VALID,discharge_date,DATE_MISSING,WARNING
066a61e0d108a5c026d3508d267b5969bb69da974af8b9c0eb21bf5aec75c87c,ea730fc93073a6a7ad8277bd4e508c6a6e21fdd02b9c56afdc0b6b89a1491144,LEGACY_MEDITECH,100724,batch_002,encounters_legacy_meditech.csv,39,DISCHARGE_DATE_VALID,discharge_date,DATE_MISSING,WARNING
068cb0ec514f1a9ea9e54cca20640d8c4a771e495630502116ff77ba5fe1a6fb,f7cfd0b5a2d81ec8bdbea32115e4e06a0d7d2a0c1707dca2232a82626f825a29,ATHENA_CLINICS,105569,batch_002,encounters_athena_clinics.csv,4,DISCHARGE_DATE_VALID,discharge_date,DATE_MISSING,WARNING
06d43ffb7d4856b565c05d8ca0770f104c39203b6b4e3edcb6e22d557fe3c5df,e425ee2264a0d646da30dd29405a98b0995d4076eb56c97245fa0c82e3c8a0f6,ATHENA_CLINICS,110617,batch_001,encounters_athena_clinics.csv,1039,DISCHARGE_DATE_VALID,discharge_date,DATE_MISSING,WARNING
071a9d30a9e61e12ea7b2cbbba7c5eeac80137c9a7eb9a72867df4f15dba99f7,e67ca335365e9710908a1f6e3daa81a4a672ecb4f1616699ea4e436063288264,ATHENA_CLINICS,136782,batch_001,encounters_athena_clinics.csv,439,DISCHARGE_DATE_VALID,discharge_date,DATE_MISSING,WARNING
073e02d4ff765ef6307972b7c973575727b79a69771e60036d2e500a32ce871f,2a308826fbd5487548654a3293b0d529ffed4b1f7dab55cb44e1624dc8a85a7a,LEGACY_MEDITECH,135169,batch_001,encounters_legacy_meditech.csv,191,DISCHARGE_DATE_VALID,discharge_date,DATE_MISSING,WARNING
0741be80aa10b2b1fa5d879cddf8e05e8b0bd39fa3030184bcdadf8ae3825f8e,8c3290d86d150451e63c2666814a2cbcee046c7b2cb2c467c3295b1ef0331724,LEGACY_MEDITECH,124031,batch_001,encounters_legacy_meditech.csv,333,DISCHARGE_DATE_VALID,discharge_date,DATE_MISSING,WARNING
074f48b58f10aed3c2cd90652b22ddaeb174d6684f31f129090bdd98a431c2a4,627f004436a0c84882c5818d9a86d4e94e4d9068d94616e0dce849cc228aa077,EPIC_NORTH,E9309023,batch_001,encounters_epic_north.csv,905,DISCHARGE_DATE_VALID,discharge_date,DATE_MISSING,WARNING
07a20466fbabae6e89204c68f7ce388aa56fac1fa7e926a1d1eff99521350693,5ac939552a4432a7eb7afbbffa422d13d46f8d4dfde3a2b4d332f25090173296,EPIC_NORTH,E8824101,batch_001,encounters_epic_north.csv,807,DISCHARGE_DATE_VALID,discharge_date,DATE_MISSING,WARNING
07b4066a6958bb8327acd01f1406e113aa85989adfbd1148b4aa680ac8973aec,3ef0a6dbd96caf9bee6f577228f71fa45466046817cac084c2a3f5ed29b18fb6,ATHENA_CLINICS,121852,batch_003,encounters_athena_clinics.csv,36,DISCHARGE_DATE_VALID,discharge_date,DATE_MISSING,WARNING
07b93e2d4d06ae7a99ce8a885412c49153f22acad5b7ce4ca4587b64b80b87a3,ca55f33d723e4802b14c231f7d25fa9bb64138f66fb7d9856ed12ad6cc442ef4,ATHENA_CLINICS,105537,batch_001,encounters_athena_clinics.csv,17,ATTENDING_NPI_IN_ROSTER,attending_npi,NPI_NOT_IN_ROSTER,WARNING
07c8522c362aebea631b2652eba980b57b7004660720dde475eba97334fb22da,52b275a1454b0339789c96251452c9b625f7d02e571f88e8f967e5c84becf7bd,ATHENA_CLINICS,126487,batch_001,encounters_athena_clinics.csv,880,DISCHARGE_DATE_VALID,discharge_date,DATE_MISSING,WARNING
0804cdc12be4b233f56d7034b3bdb9c478f092761649ea53e4968d70dca4a0ec,9824c6212569230e6df1c117dafb30959385b8d81e4d24b9c4554dd7edd08731,EPIC_NORTH,E1878965,batch_001,encounters_epic_north.csv,947,DISCHARGE_DATE_VALID,discharge_date,DATE_MISSING,WARNING
082f9b099f847f2127628bd96ae0968f8111f3d2b7978dc8e1f40aaff79c9aad,c76249dae232a281c477a7a38f9310dfed0d93c687cc64ca4204985698cbbe0e,ATHENA_CLINICS,102732,batch_001,encounters_athena_clinics.csv,1089,DISCHARGE_DATE_VALID,discharge_date,DATE_MISSING,WARNING
08345875fe1f014f18aa69bfc351730cef8c631f05500f28c83aebb1ad59bba2,aba587a5da9e3771cbc35109bdc8e7f86122cfe33e378bf2bef42bc91f103861,ATHENA_CLINICS,110125,batch_001,encounters_athena_clinics.csv,166,DISCHARGE_DATE_VALID,discharge_date,DATE_MISSING,WARNING
0869259247d289087af0ea32bdee08e410bc44009c1e7d6972cd61db61c4908c,d8ff50ec37a0dddae3784ced41f9ce9c0df99333035f3014043bdde4701ec0cc,ATHENA_CLINICS,107336,batch_003,encounters_athena_clinics.csv,73,DISCHARGE_DATE_VALID,discharge_date,DATE_MISSING,WARNING
08da3fa390fb90f229190f73450b9962d06b68e148875045e352c7e9fab56dd8,3eae1d5458e5f724dd9f818a6df28e76aa4a2e0c4edffcab38ed068f994d165b,ATHENA_CLINICS,138668,batch_001,encounters_athena_clinics.csv,512,AGE_BAND_KNOWN,age_band,AGE_BAND_DOB_UNAVAILABLE,WARNING
08da3fa390fb90f229190f73450b9962d06b68e148875045e352c7e9fab56dd8,3eae1d5458e5f724dd9f818a6df28e76aa4a2e0c4edffcab38ed068f994d165b,ATHENA_CLINICS,138668,batch_001,encounters_athena_clinics.csv,512,PATIENT_LINKED,patient_link_status,PATIENT_UNLINKED_NO_DOB,WARNING
091254ca9ce7d4c2484baf42d2e9d580f6debdfffd08d1c69530833155b772bb,78ceb18700ad5c152bb6b743f3b44fd1dc6ab8c56a323ec271ec85f6f8c38ca0,ATHENA_CLINICS,137769,batch_001,encounters_athena_clinics.csv,446,DISCHARGE_DATE_VALID,discharge_date,DATE_MISSING,WARNING
097f4c4952be8061aa7cc30e78312822732af77a34150238cb99278d2eb3a562,ae97bce432d015549eaa02944e996de9856fa170ad99cb0879972b1568c342cb,ATHENA_CLINICS,125758,batch_001,encounters_athena_clinics.csv,203,BILLED_AMOUNT_VALID,billed_amount_usd,AMOUNT_SPREADSHEET_ERROR,WARNING
097f4c4952be8061aa7cc30e78312822732af77a34150238cb99278d2eb3a562,ae97bce432d015549eaa02944e996de9856fa170ad99cb0879972b1568c342cb,ATHENA_CLINICS,125758,batch_001,encounters_athena_clinics.csv,203,DISCHARGE_DATE_VALID,discharge_date,DATE_MISSING,WARNING
09d1dff611612e312731f2c94cc4458840d29681c97830f8017705cbace7069c,37774aee21abb37fb9695957aa4dcad98e73e7719d5d3c4984c88e2eb4829fd1,EPIC_NORTH,E4930828,batch_001,encounters_epic_north.csv,8,DISCHARGE_DATE_VALID,discharge_date,DATE_MISSING,WARNING
09d1dff611612e312731f2c94cc4458840d29681c97830f8017705cbace7069c,37774aee21abb37fb9695957aa4dcad98e73e7719d5d3c4984c88e2eb4829fd1,EPIC_NORTH,E4930828,batch_001,encounters_epic_north.csv,8,PRIMARY_DX_IN_REFERENCE,primary_dx_code,DX_NOT_IN_REFERENCE,WARNING
0a5f3f7a8dd0eaf9d76db8696a7f381b460fad1ff1b9c6bf3daee51027dd517e,62004b31669c097bb7b649adcfc0616489e3a9ce0b065687f900489ef05a5d44,ATHENA_CLINICS,114772,batch_001,encounters_athena_clinics.csv,506,DISCHARGE_DATE_VALID,discharge_date,DATE_MISSING,WARNING
0a7e5f5b4b783c438424770e91f13e7f11e3b6cf4ed77f168d25fa0a6bd1529f,9e69ddd70277f3b62951ae3f41971964b5b82b35b579010f1562fd09f27e75e9,EPIC_NORTH,E2670875,batch_001,encounters_epic_north.csv,68,DISCHARGE_DATE_VALID,discharge_date,DATE_MISSING,WARNING
0abc019fd8e40a0482dcdaf325c7d15fbadf10edb3e0fbefd3931c232020ad45,de7d6d3bd9bd5837d5509f8c479ab9d26ad3bdb0a5edf35c9f0679d35a892e2c,ATHENA_CLINICS,132177,batch_001,encounters_athena_clinics.csv,367,DISCHARGE_DATE_VALID,discharge_date,DATE_MISSING,WARNING
0acd9a81f3eb310b5575d287320b6a11ad1af690ea1dd77ec20e580b8980d5fa,2fd1da046c03e499808a7fdd1295b2c83b0e824cede505c82757c6b41ff3a010,EPIC_NORTH,E1055849,batch_002,encounters_epic_north.csv,114,AGE_BAND_KNOWN,age_band,AGE_BAND_DOB_UNAVAILABLE,WARNING
0acd9a81f3eb310b5575d287320b6a11ad1af690ea1dd77ec20e580b8980d5fa,2fd1da046c03e499808a7fdd1295b2c83b0e824cede505c82757c6b41ff3a010,EPIC_NORTH,E1055849,batch_002,encounters_epic_north.csv,114,BILLED_AMOUNT_VALID,billed_amount_usd,AMOUNT_MISSING,WARNING
0acd9a81f3eb310b5575d287320b6a11ad1af690ea1dd77ec20e580b8980d5fa,2fd1da046c03e499808a7fdd1295b2c83b0e824cede505c82757c6b41ff3a010,EPIC_NORTH,E1055849,batch_002,encounters_epic_north.csv,114,PATIENT_LINKED,patient_link_status,PATIENT_UNLINKED_NO_DOB,WARNING
0ad2680a81541d9775bb29faca4ebdabd650d762b0ed4b231882f16cdf08cbd5,b59286acbe646d1da76b7e7f556dd5d3e4fceb2f230298b3a01a38867d153037,ATHENA_CLINICS,101173,batch_001,encounters_athena_clinics.csv,831,DISCHARGE_DATE_VALID,discharge_date,DATE_MISSING,WARNING
0b1d39ce652df2f8ec6ef5ce0bae3e3e4ee74f00a5dffb80791ab3f6a81d924d,b957c97023408e389769182f35b1d25ac7e1eaf2096289d1d24d736310623ecb,EPIC_NORTH,E7545634,batch_003,encounters_epic_north.csv,30,DISCHARGE_DATE_VALID,discharge_date,DATE_MISSING,WARNING
0b8a776ff83f24b63b8f5647b64c5181f1e2f439ea8455ec7487623c4bccc43e,b77a3e8784282b12766639856f232267a65d026b285955f2d2e3e33e96103571,ATHENA_CLINICS,139971,batch_001,encounters_athena_clinics.csv,681,DISCHARGE_DATE_VALID,discharge_date,DATE_MISSING,WARNING
0b8e11bf270237eb32a46c98529e0c924754acc6264c0ca1f96add431ee44f1a,2368029e9db2d1f252d40e753aa4a97ebac2b7a6423f617b7a5e1b75e55fcabb,ATHENA_CLINICS,136259,batch_001,encounters_athena_clinics.csv,184,DISCHARGE_DATE_VALID,discharge_date,DATE_MISSING,WARNING
0b95a375c1a5be6d83ed7ad234d3ec8af9b1540ac6cf8460324f02750f0b3635,8c72a0142ddad5f937b96f065f4c04d1d9a1ab1c06f876e3587cddf66a63ba36,EPIC_NORTH,E9654034,batch_001,encounters_epic_north.csv,895,DISCHARGE_DATE_VALID,discharge_date,DATE_MISSING,WARNING
0bcb1cead9f7fc6d4edefbf3976b031810837e7f3700158237302c3956e675aa,ff97cd3ffe8dfca0059870b3045b2d0ab0cd683a27a5a04e7c2c96f9503a4aa2,ATHENA_CLINICS,139107,batch_001,encounters_athena_clinics.csv,142,DISCHARGE_DATE_VALID,discharge_date,DATE_MISSING,WARNING
0bcc953304b454a3616f0620e9e495128e454ffec3486f8edf117365242443f6,12aa5db0aa4e8fd29a983a83d16973ea0aebfc526752af0ddcf2da8ec411ff36,LEGACY_MEDITECH,129823,batch_001,encounters_legacy_meditech.csv,121,DISCHARGE_DATE_VALID,discharge_date,DATE_MISSING,WARNING
0c225adf3e1b16bbf48d9401047cef9e56548f66186c13a932fda26515368511,d95b427cc5a8a8323179f12e79cf6cda9198f9c685a578eafae11459774cbebb,EPIC_NORTH,E9780037,batch_001,encounters_epic_north.csv,715,DISCHARGE_DATE_VALID,discharge_date,DATE_MISSING,WARNING
0d1c0c5a4202cd008eb203ef859c59452c2de04e3f56216dda9ac8f33e2ac018,d19a17032f309e1fbbb4728e7d3bb750e7ee8305fcfabc35cee242b6fbfa4b74,EPIC_NORTH,E8860096,batch_001,encounters_epic_north.csv,916,DISCHARGE_DATE_VALID,discharge_date,DATE_MISSING,WARNING
0d6c4bcf81b23fe974d110d281d5651c2f439949d35812855c8e2c92acc69ead,8b2e943f6bf53b6ceac9f9f2c276de1a4f441bf25f90dd3b14dade8bab86e731,ATHENA_CLINICS,116792,batch_001,encounters_athena_clinics.csv,790,DISCHARGE_DATE_VALID,discharge_date,DATE_MISSING,WARNING
0d74118b4b5da4bdd82c8b921efffd2717efb7d9dfe4557d3663d4152d71d7c5,e5e6d7476712df5addba7adb136a728efaa889f11dfd6d7f5949b3591923ab4b,ATHENA_CLINICS,103729,batch_002,encounters_athena_clinics.csv,13,DISCHARGE_DATE_VALID,discharge_date,DATE_MISSING,WARNING
0d851a3a7e73ce88d1c08f230cc525e7f29a820918df46225a8941718443204a,750843685597dc6edd529742272537d618e1e82feb26c2c2c5aa92948479dc48,ATHENA_CLINICS,136508,batch_001,encounters_athena_clinics.csv,718,BILLED_AMOUNT_VALID,billed_amount_usd,AMOUNT_UNPARSEABLE,WARNING
0df6726c6de5d4bbfe16f92dfce5bf5f6e843d732f8207b73b8b635db6a53aa0,f28fb5464aee9f3d2c09494029a129c0ab9d685654d69401031a8839de7be349,EPIC_NORTH,E4232605,batch_001,encounters_epic_north.csv,1105,DISCHARGE_DATE_VALID,discharge_date,DATE_MISSING,WARNING
0e6073426a0227ecb03d609ebda8710ae2474d6a8a459d72483b41fcfdcc19ed,f7b06ffcf7cfc1cb37c002f46a0642024a90bb59152f0af024d691aa53ab8fcb,EPIC_NORTH,E7976301,batch_001,encounters_epic_north.csv,1041,DISCHARGE_DATE_VALID,discharge_date,DATE_MISSING,WARNING
0eb04fef5cd24cef16ecbf03119cc8a0cef59d2825be7f94c9d79fca668093d1,8b43a4e3aa7bde974c1a395fb4c65babfb764ee496cd0c83cd90c7d19a88de4c,ATHENA_CLINICS,136111,batch_002,encounters_athena_clinics.csv,51,DISCHARGE_DATE_VALID,discharge_date,DATE_MISSING,WARNING
0eb0e4d02c1251702a002204ac3bce285ab6e56bbd5d3b401e2ae1e3c11e54b5,e8ab087cd3cec57a60e9a4ef5c266fa1b0ffb297f6ff57b18232b54b7d6003bc,ATHENA_CLINICS,117238,batch_001,encounters_athena_clinics.csv,279,DISCHARGE_DATE_VALID,discharge_date,DATE_MISSING,WARNING
0ee19f3a06e2720460d0241529b53929dd1f103302e6e4c5069c9cd9313d1468,04b57f50f100c950ec4e69ed6b6c8d377d944b6a9d970d08653b5ce541307bbd,ATHENA_CLINICS,135506,batch_001,encounters_athena_clinics.csv,479,DISCHARGE_DATE_VALID,discharge_date,DATE_MISSING,WARNING
0fa3c132ad05fd97983ec9afbfcaf41eb6cdb841097410bda503163eabed6c93,4715be47d1badb33316c74cf6cffb3853278251892a4868da52cbe45493e7de6,EPIC_NORTH,E4392402,batch_002,encounters_epic_north.csv,10,DISCHARGE_DATE_VALID,discharge_date,DATE_MISSING,WARNING
0fa3c132ad05fd97983ec9afbfcaf41eb6cdb841097410bda503163eabed6c93,4715be47d1badb33316c74cf6cffb3853278251892a4868da52cbe45493e7de6,EPIC_NORTH,E4392402,batch_002,encounters_epic_north.csv,10,ENCOUNTER_TYPE_MAPPED,encounter_type,ENCOUNTER_TYPE_MISSING,WARNING
0fc8f0cdeaa8b76d494ea683eed02d6c79a32eb4a359c2de85bfd54cf05af69e,310b4a5c51f75091bb281bc7868546ce029e3fad4bbda38f387d76f59a456251,LEGACY_MEDITECH,106507,batch_001,encounters_legacy_meditech.csv,246,DISCHARGE_DATE_VALID,discharge_date,DATE_MISSING,WARNING
0ffe00068c8a8f0d575dfc88d66c9d7907128fb9e683f7be8f29c4b12a3b648d,3749b43839642b99933116adfa95730d1f8a127c39686966ec19ebcfabf7ed37,EPIC_NORTH,E3142831,batch_001,encounters_epic_north.csv,186,DISCHARGE_DATE_VALID,discharge_date,DATE_MISSING,WARNING
10575b892f395c30ba1a43b749506d4bc1b2178cef752d1db4a0811d5bf55c11,06ac67eea9ab156be2e117cd319008506e5a2d9e74067f28a4b76dcbbd09cbe5,ATHENA_CLINICS,130323,batch_001,encounters_athena_clinics.csv,784,DISCHARGE_DATE_VALID,discharge_date,DATE_MISSING,WARNING
10774d87662eb2bf5df95ef2b0b0e1ad795db659bac529990bd19fe1c761329d,ba740bf60bb9c2128fe3809abf5595fed69714313440ca0af56a8f5e5ac37069,ATHENA_CLINICS,120907,batch_001,encounters_athena_clinics.csv,679,DISCHARGE_DATE_VALID,discharge_date,DATE_MISSING,WARNING
10ae3a3435a65b06fb1395e94bfa571c42411e0bd735bdb9ecf958e8258fa97a,0fe612c61b68f7c1b31f6d3f658219dd58cdda032f276fb986886975f16f3065,EPIC_NORTH,E7777503,batch_001,encounters_epic_north.csv,86,BILLED_AMOUNT_VALID,billed_amount_usd,AMOUNT_MISSING,WARNING
11f516400f910d6028da3152a53b6cd9d95f98a1258b117fd3fcb6809f88be9f,fde333206b24332d006bc640aed7afab9edaba21ff492c343e8fb33504436c71,ATHENA_CLINICS,124054,batch_001,encounters_athena_clinics.csv,902,DISCHARGE_DATE_VALID,discharge_date,DATE_MISSING,WARNING
12034621660a2928d69f73c9a30606d79e30d7717b310374f5376abf3036e906,c4e7f9187d9dab9c55d3896ae78144d2493ed7bf83907d8de298a1937b94aa27,LEGACY_MEDITECH,115410,batch_001,encounters_legacy_meditech.csv,82,DISCHARGE_DATE_VALID,discharge_date,DATE_MISSING,WARNING
123fb5916f754b9a9471adb4073c1dfb41d104a95ccaea47ea33543d25ad1c87,753cc13c93625d7fa21581e070898b721527a198d5464df739df8963375c0a4c,ATHENA_CLINICS,126838,batch_001,encounters_athena_clinics.csv,499,DISCHARGE_DATE_VALID,discharge_date,DATE_MISSING,WARNING
12794d2759f034cab4a4cb15d4c12070d41ddc9469bc13905d5a13c5200ad6c7,80cff7d559602366364d64f0f847260acad7ed50bfa875c702c2312b73e81ac8,ATHENA_CLINICS,118320,batch_001,encounters_athena_clinics.csv,951,DISCHARGE_DATE_VALID,discharge_date,DATE_MISSING,WARNING
1351fbbd51f8d907f96c30d2b883a3a8644ff1e75a64d4e767e334bb47c0ffee,0b81bc922b7835a6c7a799277111d0c27e21d48adbd70bda04e586d5adafa45e,ATHENA_CLINICS,117000,batch_001,encounters_athena_clinics.csv,674,DISCHARGE_DATE_VALID,discharge_date,DATE_MISSING,WARNING
13daa976d07add9b12c8175322954cf82e894895e61cc9f160f035579bf4f146,32f3373c12982fdd11ef4fbd4a3ac6e4972645a18b7f302c61ee9f8fbd6300f1,ATHENA_CLINICS,129407,batch_001,encounters_athena_clinics.csv,266,DISCHARGE_DATE_VALID,discharge_date,DATE_MISSING,WARNING
13e66bc917928ead9c5dc1ee04aff6b39e744b6745afef13334b1dd4469f7ca5,61d3602e41f7956636634deb40ad694758b9abb1c1e135593c6d7995442bee2a,ATHENA_CLINICS,135168,batch_001,encounters_athena_clinics.csv,80,DISCHARGE_DATE_VALID,discharge_date,DATE_MISSING,WARNING
141754c6f6160f9ccd211703f03dbe6b495dee092db946a8b14cb5b28ea1be0b,9df3ad76a59b12f4480df2f1c7c46b50479d7dbc8306d8654e124b72c35879ea,ATHENA_CLINICS,111039,batch_001,encounters_athena_clinics.csv,1028,DISCHARGE_DATE_VALID,discharge_date,DATE_MISSING,WARNING
143a5482f5403fd1229d7631fdaaeaad3ab7756c904aca1a1b62e850dba1edf1,f3b3175a28579645c5b82858a8b085bb2b2e85b5d45173b61bddfc75d2cbd249,EPIC_NORTH,E7947410,batch_001,encounters_epic_north.csv,265,DISCHARGE_DATE_VALID,discharge_date,DATE_MISSING,WARNING
148474d5720e9098877980122fe8cde54542a559444dd9a51048f8fe982d8f46,703f987436b1bd6b0fcbbc0ab24ad23a054c55e9f8179a65b6a1072c3b33208e,EPIC_NORTH,E5969028,batch_001,encounters_epic_north.csv,543,DISCHARGE_DATE_VALID,discharge_date,DATE_MISSING,WARNING
154597cbe7a2e772749a45bd5cbf0c64d477cbf46c4d067d257924682e4f3177,8f7257d79650155e03411d2fba00c4e3d1072a0f3769ad391124da0e227bf132,ATHENA_CLINICS,118479,batch_001,encounters_athena_clinics.csv,870,DISCHARGE_DATE_VALID,discharge_date,DATE_MISSING,WARNING
15533d52ef061bcaae8a8ba03546aab8106f840782b6cbd5e4f91fad8a8a5da7,4f78cbf29b89148852bdc92faf67f037c20a9a84430aee4adffc997d87a2b0f3,ATHENA_CLINICS,106119,batch_001,encounters_athena_clinics.csv,1007,DISCHARGE_DATE_VALID,discharge_date,DATE_MISSING,WARNING
15606ffb3a589b978ede42215ffdc1277e124ed666b9a1ea8bfbd34aa2f9c87c,d65074e9bd67871a7600b364ad03bef21fe3d30508df632ddd62200be43e28f3,ATHENA_CLINICS,129164,batch_001,encounters_athena_clinics.csv,685,DISCHARGE_DATE_VALID,discharge_date,DATE_MISSING,WARNING
15b6abe409b72f29e746d41a2ae6188bb336acf7b31178267a55bb4a3e14228f,d9424192272834f9ac5ebe0e2612153405844100788e73e45e72766203e5ce63,ATHENA_CLINICS,101050,batch_001,encounters_athena_clinics.csv,1076,DISCHARGE_DATE_VALID,discharge_date,DATE_MISSING,WARNING
15f905438ba175fa158a98e7a3daa7abbc6fb0340d7b7c8e76541985fbdad9ed,d8569c78de0bc5ac097a35de8246b4b7d10321baf06098ecc3ed38b15249bbd5,ATHENA_CLINICS,109042,batch_001,encounters_athena_clinics.csv,597,DISCHARGE_DATE_VALID,discharge_date,DATE_MISSING,WARNING
166b71ee5d051cec826b1307fb8f2adeab4e4189ced3f536e30119eb08005818,140deef7ab8abd0305f2e2e60ed849689e3729abb4c873854bf30cfe7ff72c3b,EPIC_NORTH,E8496382,batch_001,encounters_epic_north.csv,1170,DISCHARGE_DATE_VALID,discharge_date,DATE_MISSING,WARNING
169f952f6662934b92fe2680e71f5c567fe1c8f543df07b504da4c55d0a9d26e,f82944a8fc646bac25c2b143d682c5a4213a710c41c1e21aaf11a43fc562fb45,EPIC_NORTH,E7186379,batch_001,encounters_epic_north.csv,970,DISCHARGE_DATE_VALID,discharge_date,DATE_MISSING,WARNING
171c3943b2b32e3aa5dde271760074ae2812b503871d2ec2a0e203de03a12e2a,2030bf02c2241bd60c825691b5ff15ac2f2ba3e8d0827aa45fcb3e61b18fdfbf,EPIC_NORTH,E3859178,batch_001,encounters_epic_north.csv,679,DISCHARGE_DATE_VALID,discharge_date,DATE_MISSING,WARNING
17a321c1e4ea4cd0fe39444c23c09f7eea6a6d7a10688f8c712a9188338a9e99,ed7ed747037f982a5a1ad47b21e434f6d5c9190fb8b2a00d3ef28c51a5676513,ATHENA_CLINICS,128491,batch_001,encounters_athena_clinics.csv,132,DISCHARGE_DATE_VALID,discharge_date,DATE_MISSING,WARNING
17de713e62d55de0c3de67ba23dd281bd7381635f34f29bd61f3eb6c25d32c08,dfdaea4575ad8eb4a15ac5bb9e3126667fbf8c3b67e53da1754726990a715837,ATHENA_CLINICS,117663,batch_001,encounters_athena_clinics.csv,806,DISCHARGE_DATE_VALID,discharge_date,DATE_MISSING,WARNING
18257d4806555c98364aed5fa537c96240ed9f3802d541528c448224f08eac63,f6e76e3a23269a3c6ac978974ef1acd3130d1105bf1f9e71f1783f1cdf9bd7d8,EPIC_NORTH,E8447299,batch_001,encounters_epic_north.csv,1144,DISCHARGE_DATE_VALID,discharge_date,DATE_MISSING,WARNING
182fb9d412d517ab44112e292174714e10ec9bebedcdc0c3078d38c4529b70b3,72cf39bace8072f6e60775a31a34b50495dce99318970a50fed3473143675fc8,EPIC_NORTH,E9338668,batch_002,encounters_epic_north.csv,22,DISCHARGE_DATE_VALID,discharge_date,DATE_MISSING,WARNING
18bb383dec5ce43831c1a960add639772741eb8b2283e99cff75875d9951b2a2,0fa9b767aa4e6525a4b3970e438babe81612f76cc02fc1ab825a2a243961e973,ATHENA_CLINICS,115642,batch_001,encounters_athena_clinics.csv,545,DISCHARGE_DATE_VALID,discharge_date,DATE_MISSING,WARNING
18ca0923137ec9e474e01b31e7a67d482b1d9eebbb94e177ee2d09cd6a6a554e,ed9a2ca666401484320b34bba6f5a07d21d4c6e601b8e0c74ef6f71b04450db2,ATHENA_CLINICS,103961,batch_001,encounters_athena_clinics.csv,402,DISCHARGE_DATE_VALID,discharge_date,DATE_MISSING,WARNING
18d9a1d9664724ca44a2ceb1f7fc9b4a678002e18a7e3da70fa72723a4725fd4,676b9ef0fb1981c00d6befa71a2199174d4405eded90ed08d19cb75aba3c764d,ATHENA_CLINICS,139639,batch_001,encounters_athena_clinics.csv,493,DISCHARGE_DATE_VALID,discharge_date,DATE_MISSING,WARNING
18ea9302ed26efb898ad095ba7c224c0096de23c45e9876659e00725d628e8ee,8439e5aeb0ab7b5a23e02bc1fd138afa4cc115c59d717eb332f1ccf92f470569,ATHENA_CLINICS,128378,batch_001,encounters_athena_clinics.csv,539,DISCHARGE_DATE_VALID,discharge_date,DATE_MISSING,WARNING
1937e89e60a42793aaf2e8a71190d974e7bf3598a6f2605255b38732a7d84455,1c18eed9e98aa0b4f9293a3b1931220818fb0da4db7b9ff1384eeab000509cbe,ATHENA_CLINICS,115623,batch_001,encounters_athena_clinics.csv,52,DISCHARGE_DATE_VALID,discharge_date,DATE_MISSING,WARNING
19492bb2286376fd9b2bdfa890ef589c59a1adbd94c07ecb12ced973871faaa8,b81820971cc7fa9c9a3cb57d60ccad5169a542abab209bfbe4b32047eaf2dada,EPIC_NORTH,E6449043,batch_001,encounters_epic_north.csv,285,DISCHARGE_DATE_VALID,discharge_date,DATE_MISSING,WARNING
199033e3d8115d1743101813e2506ae76d0915983376d385976eb4ed575a2fc7,027aa824b4b565719fd91f2b091af6d3114eb20b5620cc9170b90c9ce9a9021a,ATHENA_CLINICS,108895,batch_001,encounters_athena_clinics.csv,28,DISCHARGE_DATE_VALID,discharge_date,DATE_MISSING,WARNING
19a68797310c54f70518b7e38e1c2fe9aae5989acf674573e980aaa8bd0ae427,3113c6d2c32196a0990b6e30a979540155831d5e69d697a6234131350e6b87b1,ATHENA_CLINICS,101537,batch_001,encounters_athena_clinics.csv,77,DISCHARGE_DATE_VALID,discharge_date,DATE_MISSING,WARNING
1a0f3dbd4ea7cd65fd243201a6c4fb08e35756e3e592410afe3cee455968b75d,da3a4dcd0680cc74c3e088613b4faade52528e7dabfa5b4e990e82a4e3e070ab,EPIC_NORTH,E3214816,batch_001,encounters_epic_north.csv,317,DISCHARGE_DATE_VALID,discharge_date,DATE_MISSING,WARNING
1a3bbbe9f2ed7760745bb53cd0e7fe817f7d717b832e55f180ccc48c3f43eeac,ff614ae464d3ce8270e56d3d775560ae358052faab585b37d0622fa44ec23023,ATHENA_CLINICS,122937,batch_001,encounters_athena_clinics.csv,70,DISCHARGE_DATE_VALID,discharge_date,DATE_MISSING,WARNING
1a4476a1e4fc2913f36b2b3b65fbed39c59c460d1cfe960e6f5c579b4027828b,7d2fc3504bb230d7dee18a648114ce78562ad042b2af40e31823af89009a1207,LEGACY_MEDITECH,132796,batch_001,encounters_legacy_meditech.csv,87,DISCHARGE_DATE_VALID,discharge_date,DATE_MISSING,WARNING
1a452bc5afe18a0469d363132c30cb739223a9de5a95507ca61c5c30adda187f,5f2b6443fc8f5169730d2b0769214f96608bb3f718a8fbdaccb077d928a933b1,ATHENA_CLINICS,106426,batch_001,encounters_athena_clinics.csv,742,DISCHARGE_DATE_VALID,discharge_date,DATE_MISSING,WARNING
1a57523833b40ccde95ec2eccd013b3a034e1b60ad5fd8c3eb000141288d82e0,871fcd03349bbce5aa9c8e6dec86cf41892d56878b582074678d1d693ea8fb3a,EPIC_NORTH,E1001717,batch_001,encounters_epic_north.csv,669,AGE_BAND_KNOWN,age_band,AGE_BAND_DOB_UNAVAILABLE,WARNING
1a57523833b40ccde95ec2eccd013b3a034e1b60ad5fd8c3eb000141288d82e0,871fcd03349bbce5aa9c8e6dec86cf41892d56878b582074678d1d693ea8fb3a,EPIC_NORTH,E1001717,batch_001,encounters_epic_north.csv,669,PATIENT_LINKED,patient_link_status,PATIENT_UNLINKED_NO_DOB,WARNING
1a7fe38ccba478df802fd7728b61dbeb1bb125f5442a238c0e80e55f43010b18,9d6029a0927c1ddb8bdf6f189276faf13af72eab4788a4fb6887c33595bc4281,ATHENA_CLINICS,135099,batch_001,encounters_athena_clinics.csv,739,DISCHARGE_DATE_VALID,discharge_date,DATE_MISSING,WARNING
1ad206d95690947a719db0612ef9146366b9a4aafd5230fc6b23589bc0591635,c10d8928036438c91734efaa26e97f3fe6ce364eb12768264049fd38dab29a33,EPIC_NORTH,E7128259,batch_001,encounters_epic_north.csv,143,DISCHARGE_DATE_VALID,discharge_date,DATE_MISSING,WARNING
1b2370c5002260528b04b116248a0d95cbe12682136a9737983eeb0e1ac74198,4b0acd30cedddfa537cf662f9175866137466d097703e476879c6388ad89c4f0,ATHENA_CLINICS,101255,batch_002,encounters_athena_clinics.csv,74,DISCHARGE_DATE_VALID,discharge_date,DATE_MISSING,WARNING
1b48db1c0be7d05d9188cb87db997a71520f7b99e17ca411604cef35c8409a6a,23468f427992e57f5c404f4c0bc6e9136171d82df68eaabf710231472c6c4e86,ATHENA_CLINICS,101123,batch_001,encounters_athena_clinics.csv,949,DISCHARGE_DATE_VALID,discharge_date,DATE_MISSING,WARNING
1b58db029378006fd2cd3142e95e471d0e9086d9923651d6ce795d89e4265681,336d611aa1afd78f57ba88aa86f276ca6269e4f5a586021496b9f8fc3eb10c0b,ATHENA_CLINICS,139755,batch_001,encounters_athena_clinics.csv,87,DISCHARGE_DATE_VALID,discharge_date,DATE_MISSING,WARNING
1b6c08b190ca124f182a9e03b66ac65e12e7f1c3113593c23d221fe980e6ce63,b97783206fd9408a0e31b0126c1375c3c04c717c23683d43da808a89c1d0ae3e,ATHENA_CLINICS,106837,batch_001,encounters_athena_clinics.csv,774,DISCHARGE_DATE_VALID,discharge_date,DATE_MISSING,WARNING
1b9160e3cb6da83c83026303407f7847786f61529ffa6f5d5d67d4d27ec7f9e6,7d451e9321c678876b40bcc3fe4d51bea5c30082d6107d8ff8627fcefc2f3a83,ATHENA_CLINICS,121793,batch_001,encounters_athena_clinics.csv,242,DISCHARGE_DATE_VALID,discharge_date,DATE_MISSING,WARNING
1ba02f2d04f471e1c6e89e5637295108ed62a12ad6f8deb16a58665e609054c9,abf34d9590242c85bef7826b5e0618ae7de93c0a2acd7511c68af6072315381d,ATHENA_CLINICS,122588,batch_001,encounters_athena_clinics.csv,649,DISCHARGE_DATE_VALID,discharge_date,DATE_MISSING,WARNING
1c0df6fd85a35fe7aac9b2b43225f05713ed0b981f1339a7d733c6860db28dcf,c33af7912bfc68f748d78eb10b2c629ebaad85ac0eeadbe8be6b7a29dc69f929,EPIC_NORTH,E7746726,batch_001,encounters_epic_north.csv,1086,DISCHARGE_DATE_VALID,discharge_date,DATE_MISSING,WARNING
1c974c057fc808dbfd74bf59b46a9c1f1cb270952ca1a49ba74d88e24e7fd5dc,8f788e792f1a16df2b381541cbb0d69d5fcae94a067d6516fb714c07e7a2e390,EPIC_NORTH,E3889922,batch_001,encounters_epic_north.csv,889,DISCHARGE_DATE_VALID,discharge_date,DATE_MISSING,WARNING
1cba11e2fc809a2589d5aa21a1644b41bec646ee71bd9c22d10330dfa8f3b6ec,7d6468e64fd350da5468f97d4353bcd89e0e6b4a3bc5a62ce6c5ed4a95a046be,ATHENA_CLINICS,139876,batch_001,encounters_athena_clinics.csv,2,DISCHARGE_DATE_VALID,discharge_date,DATE_MISSING,WARNING
1d1d20e4ba2de497ecf69eed73a673e9809af0352c6a1327a87d84e0c467f6eb,bf7aeb5cf7775cab8fb5b188ef7a9a577ba850b2855cfbd1ac328a92076f2b2d,EPIC_NORTH,E5622839,batch_001,encounters_epic_north.csv,1340,DISCHARGE_DATE_VALID,discharge_date,DATE_MISSING,WARNING
1d3d1080b0b1460fff4e551c66193d5d1b0c29afd58784ac01919619cf1b79f9,24fedfc6ee82076bc266377a1687b9eeb63a9e3e853f944a9694c41b313fa935,ATHENA_CLINICS,136781,batch_001,encounters_athena_clinics.csv,914,DISCHARGE_DATE_VALID,discharge_date,DATE_MISSING,WARNING
1d57dfd83ca3168b6c57707a237289a1aad8c3c6ead88ec925dd8fb6b6a344d9,a54fcc2b444f73fdd515d57f2381250932bf0ba6c65bd30779cca1c74ac81a7e,EPIC_NORTH,E8052505,batch_001,encounters_epic_north.csv,638,DISCHARGE_DATE_VALID,discharge_date,DATE_MISSING,WARNING
1d6f4845bd7b7844eaecb2c0882e3c331816b80cea9bc68f1c11adae3683fb30,5f933dc428bacfbc17b0694a6fe046dd2241ef1e98d0b445b294ea6f01d1ec20,EPIC_NORTH,E1115795,batch_001,encounters_epic_north.csv,595,AGE_BAND_KNOWN,age_band,AGE_BAND_DOB_UNAVAILABLE,WARNING
1d6f4845bd7b7844eaecb2c0882e3c331816b80cea9bc68f1c11adae3683fb30,5f933dc428bacfbc17b0694a6fe046dd2241ef1e98d0b445b294ea6f01d1ec20,EPIC_NORTH,E1115795,batch_001,encounters_epic_north.csv,595,PATIENT_LINKED,patient_link_status,PATIENT_UNLINKED_NO_DOB,WARNING
1d79ec0901ab3bcefb32508023f63a6a2a70eb78e3e54a2d8ad8640635956fc9,0ba8f8426fc9d5a2a9e933f7904d1d348b9032d954d448f68220ec5c593a2bf1,EPIC_NORTH,E3004274,batch_001,encounters_epic_north.csv,27,BILLED_AMOUNT_VALID,billed_amount_usd,AMOUNT_UNPARSEABLE,WARNING
1e9eba90a961dd6f376304de61bcf45172c2cdd8f57adb3701554428ede4c5ff,f99bfe77b57d128ce46cad18ea87a59c9ffdad3bcf7df04a43f8c018a4db9c16,ATHENA_CLINICS,122114,batch_001,encounters_athena_clinics.csv,887,DISCHARGE_DATE_VALID,discharge_date,DATE_MISSING,WARNING
1f0242d5c3ee12589510138aff5d83d2615cd39a5a9055c514736ea60bf83c8c,16ac03b25239b37053c7e919e3a55efd1806d85a4130de268a6fed77d33f971e,EPIC_NORTH,E5041100,batch_001,encounters_epic_north.csv,536,DISCHARGE_DATE_VALID,discharge_date,DATE_MISSING,WARNING
1f4564df33fd7c77637e1a9ddc2c8b5092677b88e8cbec2b4836cce5097ae7e0,9846e4e6f1a6a144e1987897f9318209cd978ca732ece440e13817c9a370008d,EPIC_NORTH,E6502896,batch_001,encounters_epic_north.csv,438,ATTENDING_NPI_IN_ROSTER,attending_npi,NPI_NOT_IN_ROSTER,WARNING
1fbcee5a066fec5c660d309b16506b3fecfb7432cde5783e8bcae38378bd1461,1f8b4898fa72d911d4bbc01b6237278da50484a08797d417398f680d1830c015,ATHENA_CLINICS,111748,batch_001,encounters_athena_clinics.csv,1013,DISCHARGE_DATE_VALID,discharge_date,DATE_MISSING,WARNING
1fc8ecb4a68fae1a297f07fbd02e36285be8d69fd7a8a241cb62fa6c2247e231,654f33af0a106a450c5a4255df73a22fcc774552fae3e1517647797b6d45782f,EPIC_NORTH,E6911419,batch_001,encounters_epic_north.csv,822,ATTENDING_NPI_VALID,attending_npi,NPI_INVALID_FORMAT,WARNING
1fd30190669411e2eb4dc6333f508cee280f0b1e4c7edf3f4e100c712e43b19e,5374ae2c8c8adc18a7cd0dc54de1a007f387b7e175b94e0a12ca5257d996901f,ATHENA_CLINICS,124865,batch_001,encounters_athena_clinics.csv,558,DISCHARGE_DATE_VALID,discharge_date,DATE_MISSING,WARNING
1fd30190669411e2eb4dc6333f508cee280f0b1e4c7edf3f4e100c712e43b19e,5374ae2c8c8adc18a7cd0dc54de1a007f387b7e175b94e0a12ca5257d996901f,ATHENA_CLINICS,124865,batch_001,encounters_athena_clinics.csv,558,FACILITY_RESOLVED,facility_id,FACILITY_UNRESOLVED,ERROR
1fe4e2e2a6f813177359d64abfc3634d38a549e25df8e5a8b95b0192bfd4de8a,34f86df1be1defd4f304899bd45b580206b076321722f854ef4b7075579b3335,ATHENA_CLINICS,125032,batch_002,encounters_athena_clinics.csv,95,DISCHARGE_DATE_VALID,discharge_date,DATE_MISSING,WARNING
1feb98d70b1cbc730d6ad897c48ea6b23d6ee687453355227b6adc1d084abbce,27c3081220589159c7808f6ed9b03545fef140162b9b0757e7f07e57ecafb27a,ATHENA_CLINICS,132043,batch_001,encounters_athena_clinics.csv,778,FACILITY_RESOLVED,facility_id,FACILITY_UNRESOLVED,ERROR
207d22ad9201592af93992946b2fb8ea6a01e9fee960d94175d0f2aaa423aef0,ace5ff767b4bf894bdf60bf4666a6ef8a6ff8da9fdc8609303cbfd625f076ead,LEGACY_MEDITECH,125818,batch_001,encounters_legacy_meditech.csv,40,DISCHARGE_DATE_VALID,discharge_date,DATE_MISSING,WARNING
208c7bf7c485d930584f1d159affe73d1b2a5ab1535d630fb02cf245a30a6b52,d5df960ce9c3d302a58faecf4e09d28dc1d38ed4eaa121e836dfbb42d2d476ff,ATHENA_CLINICS,100503,batch_001,encounters_athena_clinics.csv,356,DISCHARGE_DATE_VALID,discharge_date,DATE_MISSING,WARNING
20f00c75b07a362552525ba78785a09c22ec4e06ba7d054e24dd8d58e4626a73,e48dc267c188dedee0c8b9db882379641e2bcba61f062a8a4179551a711f6613,ATHENA_CLINICS,123060,batch_001,encounters_athena_clinics.csv,575,DISCHARGE_DATE_VALID,discharge_date,DATE_MISSING,WARNING
213458df516ece7d37a5049f8918e7f18242d3ef54a6ace38a8ed36716a14207,c73b98d7323962cf9617f375b589dc6f7bd776ac9fa7e365e12f43117fffb66b,ATHENA_CLINICS,129219,batch_001,encounters_athena_clinics.csv,721,DISCHARGE_DATE_VALID,discharge_date,DATE_MISSING,WARNING
21ab1b7d8745a974928c3f1ae070ce73c7d2dd41eaa21769cdef69dac672f713,9666ffb5e49cae5969420c4dc52cf3a0b36d82df31998abc0001efa53f12bb17,LEGACY_MEDITECH,129407,batch_001,encounters_legacy_meditech.csv,290,DISCHARGE_DATE_VALID,discharge_date,DATE_MISSING,WARNING
2209554c0e3cb976673cdd407d5bb85a04fd15e96fb898b82898bb73afad2e7e,2f7cd27d519ea5dd2ff73f21a8ddf72ee87f802cad8772b8709bb119cade498f,ATHENA_CLINICS,113613,batch_001,encounters_athena_clinics.csv,146,DISCHARGE_DATE_VALID,discharge_date,DATE_MISSING,WARNING
2221ab9e2ba31329bdf46d10d1572bf9cb41eadbb938c217b7bf7f0a9bf7df7e,5c3a104c821d35329b4ba4bd83e50035914f2e27f3f8cf7e5b1c624c47f1e682,EPIC_NORTH,E2292298,batch_002,encounters_epic_north.csv,88,DISCHARGE_DATE_VALID,discharge_date,DATE_MISSING,WARNING
222b37c8512f899d62c4b21e79a33bbcdf63c7ebff4ab17cea3f38756863f221,e192a1a3e0d0ae66b4eafcfabe22a8fbc4c9863c99acb8270dc6c56a8c4ba4be,ATHENA_CLINICS,125278,batch_001,encounters_athena_clinics.csv,41,DISCHARGE_DATE_VALID,discharge_date,DATE_MISSING,WARNING
22b96dd9952b74f15f7f77eb8e3fe00170717ec5e4184010c0859d93d9a9e4ac,9af41ba2c7490caa016063015db677bb0096a104d9c3bf92a47a4d1891f8010a,EPIC_NORTH,E2840595,batch_001,encounters_epic_north.csv,28,DISCHARGE_DATE_VALID,discharge_date,DATE_MISSING,WARNING
22e6a998adb3fe3f64141f1e5e76337c252fb8f3c89d68cef1b08d07ebd8e465,4825986e0cb8189a441528eeb6e72767cd6e2343b89edaa64c7546b75b1c59fb,EPIC_NORTH,E8656307,batch_001,encounters_epic_north.csv,1183,DISCHARGE_DATE_VALID,discharge_date,DATE_MISSING,WARNING
232443ae2f2bf93c60d9ef078dd6a46d826fa8a7fe839107c8077c6c717ca7c5,b6cd69a19de7eb4a761439d58da69858bc308e8aca806d7cdebeab05c182df19,EPIC_NORTH,E5251159,batch_001,encounters_epic_north.csv,450,DISCHARGE_DATE_VALID,discharge_date,DATE_MISSING,WARNING
23258f0182190e9c0ad0426886f9c0b70204a7b426f9c7259fb65811dd387bf9,e64b805eb17961a2c16ac5de78d51680ee1a4ce27a6fa06765484d9c16e45e59,EPIC_NORTH,E4532815,batch_001,encounters_epic_north.csv,982,DISCHARGE_DATE_VALID,discharge_date,DATE_MISSING,WARNING
2374af38419931cf5f7b0ea2a1fdbe622d5310c1a7bb96a36a0e7c0b63b30444,8ec8dfdd46436ada06d472be5f0318d1a1cf184de8ef41d1bd86b4e37b064f32,EPIC_NORTH,E3828641,batch_003,encounters_epic_north.csv,81,AGE_BAND_KNOWN,age_band,AGE_BAND_DOB_UNAVAILABLE,WARNING
2374af38419931cf5f7b0ea2a1fdbe622d5310c1a7bb96a36a0e7c0b63b30444,8ec8dfdd46436ada06d472be5f0318d1a1cf184de8ef41d1bd86b4e37b064f32,EPIC_NORTH,E3828641,batch_003,encounters_epic_north.csv,81,PATIENT_LINKED,patient_link_status,PATIENT_UNLINKED_NO_DOB,WARNING
23805f6143faf5962b9cfadf91dd5ec5e1660f0c922ad6290de90cadc16db5fe,55cb115cddb4c1e924b8b15dafcbd0f8235c6887f9e02f37d2523113f407a217,LEGACY_MEDITECH,111033,batch_001,encounters_legacy_meditech.csv,276,ADMIT_DATE_VALID,admit_date,DATE_INVALID,ERROR
23805f6143faf5962b9cfadf91dd5ec5e1660f0c922ad6290de90cadc16db5fe,55cb115cddb4c1e924b8b15dafcbd0f8235c6887f9e02f37d2523113f407a217,LEGACY_MEDITECH,111033,batch_001,encounters_legacy_meditech.csv,276,DISCHARGE_DATE_VALID,discharge_date,DATE_MISSING,WARNING
23a38fd2023ec9e6d62a7cac2311484d3cfa7c173c3005ced3be06fed444bd16,8cc1bd84306b772e2b0f46104f659146d01e0b4b8dd797dfde818e13df4e0b12,ATHENA_CLINICS,139326,batch_001,encounters_athena_clinics.csv,909,DISCHARGE_DATE_VALID,discharge_date,DATE_MISSING,WARNING
23a38fd2023ec9e6d62a7cac2311484d3cfa7c173c3005ced3be06fed444bd16,8cc1bd84306b772e2b0f46104f659146d01e0b4b8dd797dfde818e13df4e0b12,ATHENA_CLINICS,139326,batch_001,encounters_athena_clinics.csv,909,PRIMARY_DX_IN_REFERENCE,primary_dx_code,DX_NOT_IN_REFERENCE,WARNING
23a6157efe837d8cdcebff3ae519e4758425bd6c73714526a6cdfbceed7993a0,1bbb23175c01d07394f8d3f2b3be26c2799944daa1837ee50f6e0e741df7337d,EPIC_NORTH,E2660265,batch_001,encounters_epic_north.csv,788,DISCHARGE_DATE_VALID,discharge_date,DATE_MISSING,WARNING
23c259c0a379350f6d55659071942265ec40f699e8ce4c28c003c4e262b25788,b100aa302108be37faefb6b472e22214691cc986599ef49f8a80ea4bfadd90b9,ATHENA_CLINICS,123969,batch_001,encounters_athena_clinics.csv,84,DISCHARGE_DATE_VALID,discharge_date,DATE_MISSING,WARNING
2439aa60731a015c9628229ce0886fb7a2b645df279ca4ad862b25dd207eb93a,2d76dac13f4ab2f559250c89b1d1bba70c02603414abe175e7766c467461470b,ATHENA_CLINICS,115863,batch_001,encounters_athena_clinics.csv,261,DISCHARGE_DATE_VALID,discharge_date,DATE_MISSING,WARNING
24724791e809ac61243561aa493b094f59e02900d1a629cf4ed52f517a40d6a6,23c495e93d4d03fcbd2578be044b1f15d94e2865d5ef78129149692b7355d691,ATHENA_CLINICS,121307,batch_001,encounters_athena_clinics.csv,728,DISCHARGE_DATE_VALID,discharge_date,DATE_MISSING,WARNING
247fa4a5c81779fdfe1dd739792936769aed714020a72963573079a22926f4c4,924e233675b83dcca8e8b635bd3f861fa127fce451952d05920b296c1d0b3bf4,EPIC_NORTH,E7596143,batch_001,encounters_epic_north.csv,449,ENCOUNTER_TYPE_MAPPED,encounter_type,ENCOUNTER_TYPE_MISSING,WARNING
24d4ab0d06ba7b794d314754a711a9be2ed716ac4357e936e91e027307b37c3f,663df60dca0fbd4fd551b2557ffefac776d6e2bdbc4c0acd716b909189f37735,ATHENA_CLINICS,126387,batch_001,encounters_athena_clinics.csv,378,DISCHARGE_DATE_VALID,discharge_date,DATE_MISSING,WARNING
24e97035ec06b2d77e93c23919ba8f3418a9fa4b67de51b70e648cc87835f5ee,93a8853782b5ffd1e0253e1160196d3e697cdfae1b98e11804c8736feda53dc6,ATHENA_CLINICS,114955,batch_001,encounters_athena_clinics.csv,669,DISCHARGE_DATE_VALID,discharge_date,DATE_MISSING,WARNING
24e9e04fc09305f53f7f27100595ba66015ee29e50d64356abcea2a938bfaf4e,641f66df61842ecff3e0cc82296ce5ca8878c06b40d7f311857bb9d766ea4c93,ATHENA_CLINICS,111627,batch_001,encounters_athena_clinics.csv,954,DISCHARGE_DATE_VALID,discharge_date,DATE_MISSING,WARNING
2513711002257932c9b50ed3783b92ff63bc6a5a46c5991ccfb74832c7426f3d,81fd06922414a56a6de5e58fa1b416ff8b37893aaf28e7fa12bc7816987a6d59,ATHENA_CLINICS,109516,batch_001,encounters_athena_clinics.csv,675,DISCHARGE_DATE_VALID,discharge_date,DATE_MISSING,WARNING
2534a396ed5147b8816b087c54699faecb9ede5a7ad18534b8561af74a7017ee,3d725322d3efd9b2b961a50ea5946d0567864214f55813374885c1f2ed456285,ATHENA_CLINICS,103427,batch_001,encounters_athena_clinics.csv,1031,ATTENDING_NPI_IN_ROSTER,attending_npi,NPI_NOT_IN_ROSTER,WARNING
254f7aa45741e93d0d99ef1326db2187ec335f028b0e76978960c57d5382c783,fef1b1136c0f71a52fd869735ad6322adb2f3ee8ba20d19af49e1c430e7b4db3,EPIC_NORTH,E6792631,batch_001,encounters_epic_north.csv,1091,DISCHARGE_DATE_VALID,discharge_date,DATE_MISSING,WARNING
259c0c7ebb09e1931eea5655826e02c696f71ddb4593a37b687bccdda25db78b,a02ceeab2ad0ad83573862c85a46368d00deca2e739ea95730e83e2101329b88,EPIC_NORTH,E8275301,batch_001,encounters_epic_north.csv,1370,BILLED_AMOUNT_VALID,billed_amount_usd,AMOUNT_UNPARSEABLE,WARNING
259ef37b6b8985c04440281285152622f638030caeab7d7ff95c59702afef855,65f49253e649175d53bf67ea2812a51daee6b3c159d6e2724ebc0e46f89049d7,EPIC_NORTH,E2163698,batch_001,encounters_epic_north.csv,633,BILLED_AMOUNT_VALID,billed_amount_usd,AMOUNT_SPREADSHEET_ERROR,WARNING
264b06f722443c9683e35086f8286e0e0e5dc1aa949d0e31922035e69058ff70,0b93b84183b9475670ea428e329b3d43b898e6dc89fe68e082b92681a5c089c7,ATHENA_CLINICS,114079,batch_001,encounters_athena_clinics.csv,616,DISCHARGE_DATE_VALID,discharge_date,DATE_MISSING,WARNING
264c11d013eed4764b1b81994a6f25be4593b932c484a599d3a650ea259ccd4d,9e95b4dfba37cdf6dd23062b787b98c198f63733003157245cd404988cd043b5,LEGACY_MEDITECH,133690,batch_002,encounters_legacy_meditech.csv,97,DISCHARGE_DATE_VALID,discharge_date,DATE_MISSING,WARNING
264c11d013eed4764b1b81994a6f25be4593b932c484a599d3a650ea259ccd4d,9e95b4dfba37cdf6dd23062b787b98c198f63733003157245cd404988cd043b5,LEGACY_MEDITECH,133690,batch_002,encounters_legacy_meditech.csv,97,PRIMARY_DX_VALID,primary_dx_code,DX_ICD9,WARNING
268de67376b06122dcef3a7b80763ac2195bdf16fd21e7bab83126424494ab3c,83c64d736a1c340f1d3c02b965a85d03ed0c71a4b09e3c1eda958fc7e54aede2,ATHENA_CLINICS,103658,batch_001,encounters_athena_clinics.csv,433,DISCHARGE_DATE_VALID,discharge_date,DATE_MISSING,WARNING
26f9b4bd6635bf08c5a63c62e753108154c2987eb4f69bcf20e190f21b1d7cf0,794b506baff82b56b250320463fef28fe8ec481dbef78a08a4caab54be9ad72b,ATHENA_CLINICS,104640,batch_001,encounters_athena_clinics.csv,604,DISCHARGE_DATE_VALID,discharge_date,DATE_MISSING,WARNING
2755b78f99b2b480a62946f38cf622d14b2bf0eb809b2cb3e34e9249d4bc0a2f,05a2925898fdd3054a63408f6202ec7c31e48ef42e7fb776ee795e3d21b7091c,ATHENA_CLINICS,137194,batch_001,encounters_athena_clinics.csv,815,DISCHARGE_DATE_VALID,discharge_date,DATE_MISSING,WARNING
2756ea32aef865243a825088f707459d05e1522297920f9344a6e179fb8f849c,960cdc0f0dba1056598597d4321ceaa64a5fa2459d96ed276b1ed431cd88b013,EPIC_NORTH,E1251702,batch_001,encounters_epic_north.csv,541,DISCHARGE_DATE_VALID,discharge_date,DATE_MISSING,WARNING
2758df66daca4f6388bb43d1f204132127b09b42f2c8c5e1b14267f9e2a84163,bfba0df012abb706f7b8c4b6b495d8d3589318748f3d97fd983ed36301f5f6d0,LEGACY_MEDITECH,123652,batch_002,encounters_legacy_meditech.csv,153,DISCHARGE_DATE_VALID,discharge_date,DATE_MISSING,WARNING
275dbcfea22ef9438eb061e880b1792a402de06880c07e5ab3c40d6bbc36109c,7fdd7544ae0ff699fbcdb5317e36d0cbd9bd04b1eb02681a7282bd09e6de84ee,LEGACY_MEDITECH,118059,batch_001,encounters_legacy_meditech.csv,187,AGE_BAND_KNOWN,age_band,AGE_BAND_DOB_UNAVAILABLE,WARNING
275dbcfea22ef9438eb061e880b1792a402de06880c07e5ab3c40d6bbc36109c,7fdd7544ae0ff699fbcdb5317e36d0cbd9bd04b1eb02681a7282bd09e6de84ee,LEGACY_MEDITECH,118059,batch_001,encounters_legacy_meditech.csv,187,PATIENT_LINKED,patient_link_status,PATIENT_UNLINKED_NO_DOB,WARNING
275f3046714ceec73fe33fed77e0b88fc07122c98d606477f308e87a8a84ecbd,52decfa56d40cb3b3a118a0c1faa98968f853d02e5f28f3ab429a12fcc1ee03a,ATHENA_CLINICS,139119,batch_001,encounters_athena_clinics.csv,252,DISCHARGE_DATE_VALID,discharge_date,DATE_MISSING,WARNING
27d4dc81a11db9a754d06621ed3a5f0157c8647594da40f37019dfb2d37d5136,c6f38efeeb60e9144e14ace928a663653fbccce111e94bcecbe31b56c52deea3,ATHENA_CLINICS,110258,batch_001,encounters_athena_clinics.csv,704,DISCHARGE_DATE_VALID,discharge_date,DATE_MISSING,WARNING
282d53af131b06d920fa003c679a06bfb3f46255173e06f133b0858b5c14a38f,26544e80b630edeef4949ccbeb2903c43dc9c7766837c00f2ffc1f54b0595a3f,EPIC_NORTH,E2546395,batch_001,encounters_epic_north.csv,1000,DISCHARGE_NOT_BEFORE_ADMIT,discharge_date,DISCHARGE_BEFORE_ADMIT,WARNING
284cdd359f033351ec5165893fa7a3c9f35b0139b719a050317acd09d1abb8f4,8e91da3d5900fc520c5d9077b1fc45ed62c15b446f155bce6d9f6044ebebff36,EPIC_NORTH,E1395429,batch_001,encounters_epic_north.csv,687,FACILITY_RESOLVED,facility_id,FACILITY_UNRESOLVED,ERROR
285c3e6d62be0990ab79b7bef1f314fcb2f62ed5200a2834a1a0f8cb15c5737c,badd7a7ddcec7cb3b1b9cf43eaf2a92fd64d17ebb948b03d2fe9fa184d91a6bb,ATHENA_CLINICS,128186,batch_001,encounters_athena_clinics.csv,819,DISCHARGE_DATE_VALID,discharge_date,DATE_MISSING,WARNING
285c3e6d62be0990ab79b7bef1f314fcb2f62ed5200a2834a1a0f8cb15c5737c,badd7a7ddcec7cb3b1b9cf43eaf2a92fd64d17ebb948b03d2fe9fa184d91a6bb,ATHENA_CLINICS,128186,batch_001,encounters_athena_clinics.csv,819,FACILITY_RESOLVED,facility_id,FACILITY_UNRESOLVED,ERROR
286194fb5cf8e8eae6879bb02cf10a30e1b87e00cce3173005f5e75b014c4a1f,8b8015a36137ef055471f9862732b547c4523dbe29ec5ecfbb09f922eef004fc,ATHENA_CLINICS,136239,batch_001,encounters_athena_clinics.csv,707,DISCHARGE_DATE_VALID,discharge_date,DATE_MISSING,WARNING
28a3657dc4cf982b3a4fbff55f43416fa03ddf3e2f69544f71fff80620280d64,e64d91dbe0cb466af18859f68fcea647a10f71fcf2f9532f942859d17f4e0d84,ATHENA_CLINICS,125199,batch_001,encounters_athena_clinics.csv,785,DISCHARGE_DATE_VALID,discharge_date,DATE_MISSING,WARNING
28b954fa292d0bb8f48597cd863071f9e126052423ae7a41e863c8e89dab1e6d,48b370ce3dcb06a3b988a0beff6a508a3d34d21bb462999ce9e28a71aa1ee67b,LEGACY_MEDITECH,139521,batch_002,encounters_legacy_meditech.csv,249,BILLED_AMOUNT_VALID,billed_amount_usd,AMOUNT_PLACEHOLDER,WARNING
2905b890d610a61484bec457d95e170c22c1861959da39e6dedbcf1fa11d21c3,dcaf059c700e2df0e96fbf50fc914124f031d0f77575fe28f45ccbbf651ef423,LEGACY_MEDITECH,108139,batch_002,encounters_legacy_meditech.csv,38,PRIMARY_DX_VALID,primary_dx_code,DX_ICD9,WARNING
291871896336c6ac6b3c12d93a4e369c521eca11883b0d715d68deecd18581ad,45fa3fcc492a2a6e699e5a334cc5ac51759b5fd3ccadacf8cfe8f6998acd7780,LEGACY_MEDITECH,115441,batch_001,encounters_legacy_meditech.csv,308,DISCHARGE_DATE_VALID,discharge_date,DATE_MISSING,WARNING
29a535bf078af78f029932df0e7c88717f62bc1d5a1aa3a21f203a49d7d16962,80c4a026096ce6028af442c3bdfe59fc6f646fb90e8d1c154e03da8d8d947872,ATHENA_CLINICS,100953,batch_001,encounters_athena_clinics.csv,923,DISCHARGE_DATE_VALID,discharge_date,DATE_MISSING,WARNING
2a780d83c10b2c37d739ab30fd379ed18d2f6b47de4512d81772b71ee33029ac,e6d03915a02ef8f53038c8094f5beeb24a5357c179828371ca193319d5ef2db9,ATHENA_CLINICS,137588,batch_001,encounters_athena_clinics.csv,1074,DISCHARGE_DATE_VALID,discharge_date,DATE_MISSING,WARNING
2a8c1a8a8ce3dbe51b331248b6f20b09a5c5bd6e71d252c52bc98694c69e1fd5,2d48e7f18af1819b531f42babb703b3147ab2bf90472ea0af3001bf2f43b6898,LEGACY_MEDITECH,119242,batch_001,encounters_legacy_meditech.csv,38,DISCHARGE_DATE_VALID,discharge_date,DATE_MISSING,WARNING
2aad9dd7627228ef63e15ff33489c91dd4f82946ed8d8e5f2c8dd0eca2943329,0a1489801237c8031552279e2be76361ac3a389505e5e218ff7e9fd5a0396922,ATHENA_CLINICS,128536,batch_001,encounters_athena_clinics.csv,171,DISCHARGE_DATE_VALID,discharge_date,DATE_MISSING,WARNING
2ae6b5d550d6d9a51e5c957de261388c279c49fcb27b6d2ac43d69b426e2de09,77a29dcf28516bebd8f90b37174bb0b9bba41197c0731fc118b16cc8d370915b,LEGACY_MEDITECH,130091,batch_001,encounters_legacy_meditech.csv,250,DISCHARGE_DATE_VALID,discharge_date,DATE_MISSING,WARNING
2c2eb1800fc1b9826e18eb68075fc5311622db394471813476cd4fe2a02c72bf,7f080794ebd1a8362ef32ff5bcbb575bb9bed7123016748502159ce3917f5f79,ATHENA_CLINICS,139999,batch_001,encounters_athena_clinics.csv,1059,DISCHARGE_DATE_VALID,discharge_date,DATE_MISSING,WARNING
2c34cc1d3fb04ce3aebf6ba67099c2a964eeb2d7a27aba16cb846e1ba9e734b9,71d4ac4c7bc33ea68404d24208d918e3a1081146858c2f07942cc4078ca65b57,ATHENA_CLINICS,131746,batch_001,encounters_athena_clinics.csv,899,DISCHARGE_DATE_VALID,discharge_date,DATE_MISSING,WARNING
2c6d3c1b4f81af61bbe5e0342f4186c571eff0fbda2771fd666734118f4dda79,5c416d9fcf7dc12ca039be87655350f9c4bc6587a46bff06f70952d40c7cf817,EPIC_NORTH,E1416613,batch_002,encounters_epic_north.csv,79,DISCHARGE_DATE_VALID,discharge_date,DATE_MISSING,WARNING
2cbaf89da70135abfd53966356981b1f90c5cd5146849736e3ae3954d837c10f,78affc8b02f3cadabe172cd99d155da70f5846c2db8b5042797f480d5a2c54f8,ATHENA_CLINICS,138727,batch_001,encounters_athena_clinics.csv,864,DISCHARGE_DATE_VALID,discharge_date,DATE_MISSING,WARNING
2d0fd6167c1e61f75e03f04763a861551ad9bd1a83111f0d90b2e83d8912db97,005583f4553a385b9bfab2aa54cc8c6e6871da55bf16ad0467df7b97903fb707,EPIC_NORTH,E3580081,batch_001,encounters_epic_north.csv,289,DISCHARGE_DATE_VALID,discharge_date,DATE_MISSING,WARNING
2d7f35748469623edfbaf9240c7f086f3221ffadee45e5f1a5a94a5695312846,d63af30a544bb60bfe7117aa57f9b889d6dfde60b3518a0857b1ef3125de451f,ATHENA_CLINICS,128141,batch_001,encounters_athena_clinics.csv,1038,DISCHARGE_DATE_VALID,discharge_date,DATE_MISSING,WARNING
2dacdf6f558a0c4a59a658759ab9fa1310efe73ba9d278a52e7015a0495077d2,c5593311fb0ccd25541a30fdcdb3d3c59ea4284b4a6f81ca384c85633db222c9,ATHENA_CLINICS,129946,batch_001,encounters_athena_clinics.csv,749,DISCHARGE_DATE_VALID,discharge_date,DATE_MISSING,WARNING
2e5e34cf64d49c11d08e581e2c4fa7f387d2695afc03c0995a212e6b8875b22e,3c69fe9e4074f7817e17e1e094d30f06ab9fc321c53464f9b1be4585b1585024,ATHENA_CLINICS,102380,batch_001,encounters_athena_clinics.csv,46,ADMIT_DATE_VALID,admit_date,DATE_INVALID,ERROR
2e79e2ba4f952cd041ee2942c7aeda55e8279206644b3c06dc84fed5fc34b3b4,93901da8b338b337ccf83733bb6ec86dc1a8313c644a3a32d5cea56b6cdd13ae,EPIC_NORTH,E4423063,batch_001,encounters_epic_north.csv,1098,ADMIT_DATE_VALID,admit_date,DATE_INVALID,ERROR
2e7f3532603d86ab147a9af7ddab414fac1088fea5ec218132451ec9ea431eab,d444eca50e7f270eedb25daa349d0cebcddaa18febd8ef7dfe25d1119ed47bef,ATHENA_CLINICS,115133,batch_001,encounters_athena_clinics.csv,332,DISCHARGE_DATE_VALID,discharge_date,DATE_MISSING,WARNING
2ed6dd13e439bc871e732790f0d845c140dbeeefa6d1fa008008179f3d0f74f5,83b17000899c1e8a3b6dc9510a2f61ee600f4bf7c3ea66dd9f76a07a29ebb6fb,EPIC_NORTH,E9227255,batch_001,encounters_epic_north.csv,697,DISCHARGE_DATE_VALID,discharge_date,DATE_MISSING,WARNING
2edda5106b857bc49f680439c575cbdbe0543ad2db3807d45f0c653d62c64366,de7c2cf29771bfee2c6d692546b94f6dea462f41ea2c8c7c18f99c6efb303b98,ATHENA_CLINICS,131369,batch_001,encounters_athena_clinics.csv,989,PAYER_MAPPED,payer_category,PAYER_MISSING,WARNING
2f4d0ebde278b088c09c3decba9a2f960f30a65b4bae0718319236e55be880aa,858b3f072948fc58ac021ea135c0143a8a0a04ae1036851eca97c683e78a6e58,ATHENA_CLINICS,100518,batch_001,encounters_athena_clinics.csv,888,DISCHARGE_DATE_VALID,discharge_date,DATE_MISSING,WARNING
2f88f4e87bced87b8421d373c1b607ceea49eb08b753c5f881a8a189a66f9960,7ef885e9fad835a3a049ad74e05c7850ec7b0106e8dd09862318fa3bdad4a78b,EPIC_NORTH,E9625366,batch_001,encounters_epic_north.csv,854,DISCHARGE_DATE_VALID,discharge_date,DATE_MISSING,WARNING
300975edffe8f65c6a192396b98234a2dc24d63e9be4a9955271f689fa0fe475,f55240bc0cd500e10f9b712ddfa22826bb3f98497d21ef6d09560c1cdb79b8c7,ATHENA_CLINICS,104037,batch_001,encounters_athena_clinics.csv,473,DISCHARGE_DATE_VALID,discharge_date,DATE_MISSING,WARNING
308c21c34210b989be77fba1db5f2cb68e6a360d3e3bc1675af4a484bbf29413,4f84185c8eadc8b39879530429a0d4b470e1fe26dca4a5966d9230fa381b6f81,ATHENA_CLINICS,128679,batch_001,encounters_athena_clinics.csv,29,ADMIT_DATE_VALID,admit_date,DATE_INVALID,ERROR
30a0175f9ab89db9700d36c6290fdd9680940833dc9b23406901805441d68ad1,3e537243542acf7b41acba512d3c362f246d362097b7bf53300e93474cb8657b,LEGACY_MEDITECH,104901,batch_001,encounters_legacy_meditech.csv,137,ATTENDING_NPI_IN_ROSTER,attending_npi,NPI_NOT_IN_ROSTER,WARNING
30b1f8df16b03dae0b678d138f19e0e7d9dd47398dac38becf29b94bcb73b035,cc848a10d8078b81452962277c4fa1c9650e343bc0fcc01620daecc64fb9655a,ATHENA_CLINICS,115859,batch_001,encounters_athena_clinics.csv,180,DISCHARGE_DATE_VALID,discharge_date,DATE_MISSING,WARNING
317552749bd581a1a3f1b7aaaf8274b36b81f5d066a668bdf7e79fd7a0f50c53,397eca94d88d9ee4cff0f8712e2cc107bb343ffca2e84b6fd0277ff11ffe1655,ATHENA_CLINICS,125942,batch_001,encounters_athena_clinics.csv,585,DISCHARGE_DATE_VALID,discharge_date,DATE_MISSING,WARNING
3176f5c20f8d8ab2228977b94eedb5351f071db49a4cf2b1b267e4d69f74054f,0ead15edf7b30a670bcd587fb29c1fcdf999c34a3b65d5de740601897a0f1fda,ATHENA_CLINICS,108808,batch_001,encounters_athena_clinics.csv,363,DISCHARGE_DATE_VALID,discharge_date,DATE_MISSING,WARNING
31addb2e698d6687b62e9e4916c95397a63accc986c2915f9137c8609777cfec,76373af3dbec4af48f1fce8480b1a861fd5e0c6f84b158faddf4402da6f13923,EPIC_NORTH,E9408214,batch_001,encounters_epic_north.csv,1125,DISCHARGE_DATE_VALID,discharge_date,DATE_MISSING,WARNING
31bb5d2f51bd18f6ef11c640210a24c6a46f18e219691bcd9a21882308d79621,2e900fceda807bce4a63ac60fabfb417846ff34e2cc86e3f00a2d1f9b7db686a,ATHENA_CLINICS,118863,batch_001,encounters_athena_clinics.csv,677,DISCHARGE_DATE_VALID,discharge_date,DATE_MISSING,WARNING
31bb5d2f51bd18f6ef11c640210a24c6a46f18e219691bcd9a21882308d79621,2e900fceda807bce4a63ac60fabfb417846ff34e2cc86e3f00a2d1f9b7db686a,ATHENA_CLINICS,118863,batch_001,encounters_athena_clinics.csv,677,FACILITY_RESOLVED,facility_id,FACILITY_UNRESOLVED,ERROR
31d3d86fa2a9e733e1761965ac91b4f0a0af8dc2d2ce18ca927960e4d85d81a0,f1cbbdcb7ad40771e274c9f021bf42eb1179dc2a3bfe6213f5cf7900efe80381,EPIC_NORTH,E9985367,batch_001,encounters_epic_north.csv,1064,DISCHARGE_DATE_VALID,discharge_date,DATE_MISSING,WARNING
32130ecc0a7a9fe8d48e69f6f95389c935dd2ade5890937c3020357d563986f5,6b9ebaf780a7b412f7acf00d85929bc1839366757c9ddae0873766764a916233,LEGACY_MEDITECH,101805,batch_002,encounters_legacy_meditech.csv,81,PRIMARY_DX_VALID,primary_dx_code,DX_ICD9,WARNING
321ab09f092eab8fc95aa54b7699e354c5a08d4fbd28408c0c6f3959acaaf599,677ce5ed229a2c0589b38b21d5bae153f23f8c0a41fba21fcd54bb17bcc40a33,EPIC_NORTH,E4751500,batch_001,encounters_epic_north.csv,1158,DISCHARGE_DATE_VALID,discharge_date,DATE_MISSING,WARNING
32d09f6db507e843b21133100e897f252525fe96e1481b7ca4b677783f566fc4,a98bd26280c91445846e8478dec3160597b231d924d2ae66bc243bdae0f2c03d,ATHENA_CLINICS,112704,batch_001,encounters_athena_clinics.csv,440,BILLED_AMOUNT_VALID,billed_amount_usd,AMOUNT_UNPARSEABLE,WARNING
32e6fd5a9a4ec46b2b55d4475095a60db45c53dde311acf6ae23dffbf84ff17a,d662333c1a070617c3b94390a3a2b4e6a8c22c695d566d5f9fc5306cc8b6d62d,ATHENA_CLINICS,122157,batch_001,encounters_athena_clinics.csv,519,DISCHARGE_DATE_VALID,discharge_date,DATE_MISSING,WARNING
33019e4966fe9cef80e3b054592f5bc041e9516a038fc3974259828b11401427,51b1d39a666aff4902c389d954653f412501ff9e835b303cfeb1b295d29c89c3,ATHENA_CLINICS,125492,batch_001,encounters_athena_clinics.csv,1041,DISCHARGE_DATE_VALID,discharge_date,DATE_MISSING,WARNING
3315499125442eed25de904601ef40547c96c397d0ba450509b6d7816ca17ac3,61d2dd9248abd588bcb42560bbd012467875bf6e4127c97fb7b48800a956b630,LEGACY_MEDITECH,112749,batch_002,encounters_legacy_meditech.csv,99,PAYER_MAPPED,payer_category,PAYER_MISSING,WARNING
333f47e7af54cde0053a40c7a42c7022181579ad93ff9e17d1c4053e447305be,916c797c57fc72c1757ca73a167eff15c55192ecef07f65491043271efc3b2b8,ATHENA_CLINICS,115185,batch_002,encounters_athena_clinics.csv,79,DISCHARGE_DATE_VALID,discharge_date,DATE_MISSING,WARNING
33463480e957dc4e7bab22986afe2459b500649bfae94fa8fe6a0cd5fbe7f9b5,3e9d004b338663545f5706fc082eb9f5c0459b514b49b127422b9b5fe1fb054c,ATHENA_CLINICS,116523,batch_001,encounters_athena_clinics.csv,202,BILLED_AMOUNT_VALID,billed_amount_usd,AMOUNT_PLACEHOLDER,WARNING
33463480e957dc4e7bab22986afe2459b500649bfae94fa8fe6a0cd5fbe7f9b5,3e9d004b338663545f5706fc082eb9f5c0459b514b49b127422b9b5fe1fb054c,ATHENA_CLINICS,116523,batch_001,encounters_athena_clinics.csv,202,DISCHARGE_DATE_VALID,discharge_date,DATE_MISSING,WARNING
33a0f2dd7e7ac40783158534c7a43d468f3798a383e26e852c1037237a893f0e,2034011e7a6aea7865321b19ff90a7c7cc63b7ee41f7b5c8f3f7de7e3d035d20,EPIC_NORTH,E6254828,batch_001,encounters_epic_north.csv,362,DISCHARGE_DATE_VALID,discharge_date,DATE_MISSING,WARNING
33a725537ec49670e7c6787b80e7c4d5a3588e91eeb8f43949e50542d10de1c8,737e85dddb18c9fe2caa06e31241ca6568e978e57ef557d94a1e74522ba58862,ATHENA_CLINICS,101012,batch_001,encounters_athena_clinics.csv,404,DISCHARGE_DATE_VALID,discharge_date,DATE_MISSING,WARNING
33aa7e4ca0f1505488d96234e2ba179c42cf832331e7d07c2421098203e093f7,680c35f2ddd7324058292524ea0e957b601b843389f44d91ced1487ed6de9147,EPIC_NORTH,E9691223,batch_001,encounters_epic_north.csv,682,ATTENDING_NPI_VALID,attending_npi,NPI_INVALID_FORMAT,WARNING
33c25fc92291c3f2bcc17b88ca5f136e8d39e628baf6f754f52004154f983ca7,e10271a7c5fc9ee23f0f02a2f04594e3f9a9f622c57ba1aef8cc3b173fb55b12,ATHENA_CLINICS,136184,batch_002,encounters_athena_clinics.csv,117,DISCHARGE_DATE_VALID,discharge_date,DATE_MISSING,WARNING
33fa2d0ee09b23659cac717d1186e7d36151a14c5648351a4842abc25b6a9f19,70214919ead9004b9e233407198149c55dbba1fdd72ea9533ec8a922928c48f3,ATHENA_CLINICS,127835,batch_001,encounters_athena_clinics.csv,853,DISCHARGE_DATE_VALID,discharge_date,DATE_MISSING,WARNING
33fa2d0ee09b23659cac717d1186e7d36151a14c5648351a4842abc25b6a9f19,70214919ead9004b9e233407198149c55dbba1fdd72ea9533ec8a922928c48f3,ATHENA_CLINICS,127835,batch_001,encounters_athena_clinics.csv,853,FACILITY_RESOLVED,facility_id,FACILITY_UNRESOLVED,ERROR
340dfc432832491970044512763d01442da47d91af471d04971fe799af024404,bd612cf7ef12c5591c8e0ee6aba55e901d6447867ae048379445ea4f9131a0b5,EPIC_NORTH,E4956421,batch_001,encounters_epic_north.csv,189,DISCHARGE_DATE_VALID,discharge_date,DATE_MISSING,WARNING
342a9f6711a1c70681fae061c69569384fe0539bc048a711a0d2e90168d89c9a,2f16a3fe78f411f715561b1536ba8f394e072491a7ef360d27cb7eb147224439,LEGACY_MEDITECH,131527,batch_001,encounters_legacy_meditech.csv,138,DISCHARGE_DATE_VALID,discharge_date,DATE_MISSING,WARNING
34537caef4147366586ab43489d3dfd7ac4d77622459741730350e4e0a073bcc,c56db34b881637b909d23ae9bdac2add0fe4eb88fc43cbd7fa1827f8a93028df,ATHENA_CLINICS,111988,batch_001,encounters_athena_clinics.csv,192,ADMIT_DATE_VALID,admit_date,DATE_INVALID,ERROR
346762579cb136a96a1a0693d6df14cbc1da576c74d23f4947feb5e6756ffe5f,c064eb348b69c0b8a69080446cf31a51daead39b0ae33a2560fc5b2441e8d57b,ATHENA_CLINICS,107516,batch_001,encounters_athena_clinics.csv,977,DISCHARGE_DATE_VALID,discharge_date,DATE_MISSING,WARNING
346f0ce3cc23cb9069702096d31dd6e98c5f29635bef8ee1054fe6610a8dbc41,9c6f90a6fdf7dc929071d238cbe7109616ba639545748ad9f8cc687d242d59e0,ATHENA_CLINICS,130965,batch_001,encounters_athena_clinics.csv,294,BILLED_AMOUNT_VALID,billed_amount_usd,AMOUNT_MISSING,WARNING
34794c98a282ffb81f5be3359f04e2fba55ebebfb8402431664f7b918b35cc71,6583537415107f69001d7567f7512f67673d5d625cdd74c68330d447afd62922,EPIC_NORTH,E7596338,batch_001,encounters_epic_north.csv,523,ADMIT_DATE_VALID,admit_date,DATE_INVALID,ERROR
3497cc0c6699cf725659cbe7b8fe70894ffe7acbaa1582dcc2648b4f850649cc,f8897c3f5d55dfffc14ee0c933ac6089748f8a65e1b0166bcf1ac2a8e1bacf39,EPIC_NORTH,E7387723,batch_001,encounters_epic_north.csv,351,AGE_BAND_KNOWN,age_band,AGE_BAND_DOB_AFTER_ADMIT,WARNING
3497cc0c6699cf725659cbe7b8fe70894ffe7acbaa1582dcc2648b4f850649cc,f8897c3f5d55dfffc14ee0c933ac6089748f8a65e1b0166bcf1ac2a8e1bacf39,EPIC_NORTH,E7387723,batch_001,encounters_epic_north.csv,351,DISCHARGE_DATE_VALID,discharge_date,DATE_MISSING,WARNING
34bd77dfe35d36844bad8d39c99fe6a5921c64ae6494900fd610d169ca3febe0,aec5963972c759bf36bad80fc908b3f103e73c8cebf7c5535a847bb0bbb987e8,LEGACY_MEDITECH,133739,batch_001,encounters_legacy_meditech.csv,73,BILLED_AMOUNT_VALID,billed_amount_usd,AMOUNT_MISSING,WARNING
3525fbd91dc0b6e09e0efb0aeec1f072315e563062724b6a47e47dcb218b656c,0be8dc16a4bee5e73ca71ba0b61cad8355d2b1f1a0da0a2596be1de69ae15998,ATHENA_CLINICS,116458,batch_001,encounters_athena_clinics.csv,653,DISCHARGE_DATE_VALID,discharge_date,DATE_MISSING,WARNING
35b0324e0650445d36a37ced284ead2916b4f38f32e2b156d6c38729f8b6b8ab,eb7855f26e1aa0a00c631dd68970bd670e9e2aa995b3076fb54d8f13a36bdc8a,LEGACY_MEDITECH,122865,batch_001,encounters_legacy_meditech.csv,311,DISCHARGE_DATE_VALID,discharge_date,DATE_MISSING,WARNING
35e8dbb3a6f22340bc02d4d0250db1976195e74d66bb82baaad74abe8d5bc935,35f748e024208d193080f5fee6b4ab2f12284eeebec6622135790009e80137f1,LEGACY_MEDITECH,131037,batch_002,encounters_legacy_meditech.csv,105,DISCHARGE_DATE_VALID,discharge_date,DATE_MISSING,WARNING
35ebea3de110c23ee8b6c1432e3d33826c45e2036b7eae135eb31dba2f03f32b,4526f5a6fe3b652590fc6b8d3756ca2ffb5f9a42ec4e6a449adddf8102b142c2,EPIC_NORTH,E1687248,batch_001,encounters_epic_north.csv,1127,DISCHARGE_DATE_VALID,discharge_date,DATE_MISSING,WARNING
36049350c72a33a7d6d30c7cd258acd038c5f95cc60073ba6c260d73b3e491de,0380c5e8f9cfaf1074a75cd66ef04e276849600516a7becb430e8a7268cc875e,ATHENA_CLINICS,130552,batch_002,encounters_athena_clinics.csv,107,DISCHARGE_DATE_VALID,discharge_date,DATE_MISSING,WARNING
363d2af4137dc8b6fa462f57c0ef4f42e8631cc8745b23fbb12eef48c38353e6,fdca90bf2667d379eff1597b63c81058a27732b3dd4d36ef0e0659f9482dd645,ATHENA_CLINICS,104925,batch_001,encounters_athena_clinics.csv,326,DISCHARGE_DATE_VALID,discharge_date,DATE_MISSING,WARNING
36ab2ecaedd46e512bc01aabf289cc06671f176417f0ea963b7ec54154e0679d,b37e03d5b59d56dcd31b06c9a3d7848cf1d9cfe2f3f979793331e085c85f950b,LEGACY_MEDITECH,128496,batch_001,encounters_legacy_meditech.csv,265,DISCHARGE_DATE_VALID,discharge_date,DATE_MISSING,WARNING
3710349d39240a4c99c2bc4d41ba582f756e68c1a6e95086a2351428dc4d73c3,62972b8017305da9f354efca45f16a1eca632d938625eff2bee8c173eae1e267,ATHENA_CLINICS,117429,batch_001,encounters_athena_clinics.csv,76,DISCHARGE_DATE_VALID,discharge_date,DATE_MISSING,WARNING
3710349d39240a4c99c2bc4d41ba582f756e68c1a6e95086a2351428dc4d73c3,62972b8017305da9f354efca45f16a1eca632d938625eff2bee8c173eae1e267,ATHENA_CLINICS,117429,batch_001,encounters_athena_clinics.csv,76,PRIMARY_DX_IN_REFERENCE,primary_dx_code,DX_NOT_IN_REFERENCE,WARNING
3753f498060621a2b7f0963797bdd7f2308793bddf3f3c066ebce5a1aeb236e2,2213f5ef80016a7320e302a659e60ecb506810c792b3033d635b461dfb00fead,EPIC_NORTH,E3132845,batch_002,encounters_epic_north.csv,18,DISCHARGE_DATE_VALID,discharge_date,DATE_MISSING,WARNING
3766095bea53620921e5bc954d82f6aa9adbe7dcad42008267a6c59494231640,cf7b4b5d4d0764fc3804041e5ab9499f49493a8122e0bb15398d4c0ba29085e3,ATHENA_CLINICS,126591,batch_003,encounters_athena_clinics.csv,65,DISCHARGE_DATE_VALID,discharge_date,DATE_MISSING,WARNING
377dad701f39ac745e736548845a99f0bcf1f82c5aa44b2fdda770622347d812,cea75a853c399d651baafd285214c028e8929e996510a4f46d7359cf883ac6be,ATHENA_CLINICS,133905,batch_001,encounters_athena_clinics.csv,164,DISCHARGE_DATE_VALID,discharge_date,DATE_MISSING,WARNING
37a651b202a0c88043b8731db34c54313dc6736439fcf28f10e9af8e73644dba,ff833022c2a0ee0b80105c53a716ad3bdf2e8e2253eff32e55ee3b93c4a789ea,EPIC_NORTH,E4382084,batch_001,encounters_epic_north.csv,305,DISCHARGE_DATE_VALID,discharge_date,DATE_MISSING,WARNING
37b5d42517fc6d62c68df903eb5a89ccb4ffa7cc8816f58a560b6b506a300a6a,18f7c48ac6948d5049640f125970f5fd034c934c5ea10397b288fc3854078b7e,ATHENA_CLINICS,139507,batch_001,encounters_athena_clinics.csv,181,DISCHARGE_DATE_VALID,discharge_date,DATE_MISSING,WARNING
37e66613230d5864ebdd09af990dfa51860daf5f239b009cfcf3638f1a6c56e4,7e0381652b6ccbdfbfa130f775a5893864bebbf534bab43c8e60fc3ed864ab8d,ATHENA_CLINICS,101489,batch_002,encounters_athena_clinics.csv,32,FACILITY_RESOLVED,facility_id,FACILITY_UNRESOLVED,ERROR
38207f4e4bb7a43980dfd83be9239860a0ab65d4f6dd3ffa20500655a05271f2,78ceb18700ad5c152bb6b743f3b44fd1dc6ab8c56a323ec271ec85f6f8c38ca0,ATHENA_CLINICS,137769,batch_002,encounters_athena_clinics.csv,19,DISCHARGE_DATE_VALID,discharge_date,DATE_MISSING,WARNING
38302a020e35062ab375ae907c1144a158d0e4fde8c5195f44afe038bd74eff4,e2901b0dbfe307ef101fd186a617c7f0c4327220167e8ff847f63f68e939831b,ATHENA_CLINICS,122342,batch_001,encounters_athena_clinics.csv,183,DISCHARGE_DATE_VALID,discharge_date,DATE_MISSING,WARNING
38c776b25f7c24838e58c4344c73e483023fb9851895fb8fd336acc65d4a067a,257bff3825b4eb05c2e31bc42e4b620ed611611f142948f641a03ed2be846f40,ATHENA_CLINICS,107398,batch_001,encounters_athena_clinics.csv,745,DISCHARGE_DATE_VALID,discharge_date,DATE_MISSING,WARNING
3905edde4bcd4139d2c2c522a80779ed52dbd8efa34fac98c3f70844b81a5b10,f1656d81a65f5043d5c5170d61476a8aecaef98d5e9d050f70b8ea72e4056091,ATHENA_CLINICS,121332,batch_001,encounters_athena_clinics.csv,868,DISCHARGE_DATE_VALID,discharge_date,DATE_MISSING,WARNING
39330352df9306e251a15b7d1f0370b6f7d5047b51f83cc6195ae7af3e7d1f3e,d6788d23b0e653a6b0f455a8b717f264f047068e145b41be7bd8d1ffab43f254,ATHENA_CLINICS,128208,batch_001,encounters_athena_clinics.csv,514,DISCHARGE_DATE_VALID,discharge_date,DATE_MISSING,WARNING
39430a94583eb22713faf66e3afc89d79a58da489a5b9984157e79d7869459a0,a0938bca7dffe999be1a06ea2a543ba4e4ffbfc58b19cd11f2a88ac36d26d194,LEGACY_MEDITECH,103523,batch_001,encounters_legacy_meditech.csv,340,DISCHARGE_DATE_VALID,discharge_date,DATE_MISSING,WARNING
395fa3c610bfaa64c7d8ca17e927b87f7b75acb2f33604d37e16c45e6ff3c11a,91ad230691a61b7fd640cff66a064806ddcd42b117542094e83b1d994c33a80c,EPIC_NORTH,E5474318,batch_001,encounters_epic_north.csv,1104,DISCHARGE_DATE_VALID,discharge_date,DATE_MISSING,WARNING
39804aed5c5fe1e405e68e9855cddefcd74f928ed81a18a99b925d5e77315585,677ce5ed229a2c0589b38b21d5bae153f23f8c0a41fba21fcd54bb17bcc40a33,EPIC_NORTH,E4751500,batch_002,encounters_epic_north.csv,154,DISCHARGE_DATE_VALID,discharge_date,DATE_MISSING,WARNING
39986be434f40bb093a7eddfbd9d5e43317133f2ff357e55785ac1d2a83666ae,964100c1d0004b8905efe1cb407f096303ec81808294d4f2ea2c8e5312754299,LEGACY_MEDITECH,117385,batch_002,encounters_legacy_meditech.csv,7,DISCHARGE_DATE_VALID,discharge_date,DATE_MISSING,WARNING
39a4465d722d6275d5eec6ecdca618f9cc7c7f8683dd76998b6cd1bad4f0d3cf,c80213ad78bf574e55037790e45f6fda1c80972c762f9aae5b0f93ec81ff37de,ATHENA_CLINICS,105434,batch_001,encounters_athena_clinics.csv,614,DISCHARGE_DATE_VALID,discharge_date,DATE_MISSING,WARNING
39a70e66e6d8bad6e943505dce97395115fd925473873acd81609b3fcc386af3,0163eabfac4e6cb5b55bbd7c960c6ed839ad78e371c725c1f004001d8997d616,ATHENA_CLINICS,117148,batch_001,encounters_athena_clinics.csv,88,DISCHARGE_DATE_VALID,discharge_date,DATE_MISSING,WARNING
3a15f5410e0f0f77022132e67c7366dcff1a294b14862e4f2038838470934d02,be5c656d98d72f55c39f9fdf0614cb0e86aff23d1620dc9e01ddf61b052a30e1,ATHENA_CLINICS,132217,batch_001,encounters_athena_clinics.csv,349,DISCHARGE_DATE_VALID,discharge_date,DATE_MISSING,WARNING
3a3d14d4ad848e2b86d78791cd77b94679203e9352179158e1e3462cb287ba5e,e7405a5b87d03abe11829860b9511c3c44b103faec9be4f84dea45e85c369a04,ATHENA_CLINICS,130035,batch_003,encounters_athena_clinics.csv,66,DISCHARGE_DATE_VALID,discharge_date,DATE_MISSING,WARNING
3a53940ec66702e8941a709333edc7151bd988287f9ddf08158ca38f47b8f77d,59b0bf0a915ab57b26a61637fd06fb272d249d8b22168bab4193d328038ad90f,LEGACY_MEDITECH,109837,batch_001,encounters_legacy_meditech.csv,175,AGE_BAND_KNOWN,age_band,AGE_BAND_DOB_UNAVAILABLE,WARNING
3a53940ec66702e8941a709333edc7151bd988287f9ddf08158ca38f47b8f77d,59b0bf0a915ab57b26a61637fd06fb272d249d8b22168bab4193d328038ad90f,LEGACY_MEDITECH,109837,batch_001,encounters_legacy_meditech.csv,175,PATIENT_LINKED,patient_link_status,PATIENT_UNLINKED_NO_DOB,WARNING
3ab99e10a49f13ca5d376db1ba7b2e3d300d924dbc34724bec144be77a516717,3d821d4ca2ec77971ff33b0a408bf595b37aafb173ffea9e4261729f140cf80f,ATHENA_CLINICS,127997,batch_001,encounters_athena_clinics.csv,515,DISCHARGE_DATE_VALID,discharge_date,DATE_MISSING,WARNING
3ae450c66f0d26e579b9a935de15c0e012ece55ede89e9cd4062588a331f5130,2a28b2f4b692e18a228f981395cbbebd8634e49476388ce6c7dfc6f0453243a2,EPIC_NORTH,E2972133,batch_001,encounters_epic_north.csv,208,ATTENDING_NPI_VALID,attending_npi,NPI_MISSING,WARNING
3ae450c66f0d26e579b9a935de15c0e012ece55ede89e9cd4062588a331f5130,2a28b2f4b692e18a228f981395cbbebd8634e49476388ce6c7dfc6f0453243a2,EPIC_NORTH,E2972133,batch_001,encounters_epic_north.csv,208,DISCHARGE_DATE_VALID,discharge_date,DATE_MISSING,WARNING
3ae735e5415935d9f7f8890c7e0755fe4a76db06218bdb99ed56e5d011aab6c0,4616d477e919ff5b3ef365ea236c6bec66e5be326a5a7eb20a02af507be68394,EPIC_NORTH,E1838822,batch_003,encounters_epic_north.csv,75,DISCHARGE_DATE_VALID,discharge_date,DATE_MISSING,WARNING
3aea62ebfa40cb16edf37042300b7820426ba4ac3c554c5501be87597e19ea70,7f8230afd8aa109ef8d86755de77c801f7ea084e93304e6191165f78a40e4d16,ATHENA_CLINICS,125120,batch_001,encounters_athena_clinics.csv,789,DISCHARGE_DATE_VALID,discharge_date,DATE_MISSING,WARNING
3ba3311558e6fbf50f1591bb833e8db66b153d1144e541d5635c663e7c5afed7,ef4ccabdbb4991e8b0f7a017da34fb0a39babade4b7bedd8532cbbec0af1c8fd,ATHENA_CLINICS,119263,batch_001,encounters_athena_clinics.csv,339,PRIMARY_DX_IN_REFERENCE,primary_dx_code,DX_NOT_IN_REFERENCE,WARNING
3badc71404799eb44a22aa1d93f49b8100cf6568cfee83e4561fb824c729dde5,254799f22c2ee1e18bca9d173a0dd7b0c68f1b030db0949a4e75eb0322884dde,ATHENA_CLINICS,138245,batch_001,encounters_athena_clinics.csv,241,DISCHARGE_DATE_VALID,discharge_date,DATE_MISSING,WARNING
3bfccf1355605b89a3b3db0f7796be9550b32c7f1c9ae1f00a5a147aac260263,abe5db666f17fb0c4b1b69f85a3895d372831c8207acb18dc1d4638ff6d59c0a,LEGACY_MEDITECH,129987,batch_001,encounters_legacy_meditech.csv,91,AGE_BAND_KNOWN,age_band,AGE_BAND_DOB_UNAVAILABLE,WARNING
3bfccf1355605b89a3b3db0f7796be9550b32c7f1c9ae1f00a5a147aac260263,abe5db666f17fb0c4b1b69f85a3895d372831c8207acb18dc1d4638ff6d59c0a,LEGACY_MEDITECH,129987,batch_001,encounters_legacy_meditech.csv,91,PATIENT_LINKED,patient_link_status,PATIENT_UNLINKED_NO_DOB,WARNING
3c3117fd60233d772d288b6a45e48b9d5416e91e79f2246d9759cd000dba1c1d,2f1681f70407c22ef43d85da063f5471cb729ecbc903c624fe01ad9ab08a9c8e,EPIC_NORTH,E4250835,batch_001,encounters_epic_north.csv,374,DISCHARGE_DATE_VALID,discharge_date,DATE_MISSING,WARNING
3c519732fd98dfd26385738ee1725cb3d45a9def6c927cc37de09f5546331c79,5cb84f03185f67ec9be48351a61cf656ea79356e120bf90f7247e2dcdde882ab,ATHENA_CLINICS,105855,batch_003,encounters_athena_clinics.csv,13,DISCHARGE_DATE_VALID,discharge_date,DATE_MISSING,WARNING
3c5bc385e490e616ed0d16725c74f871ac59585227f5ffcb41c34391e2774859,ecbbe675c940927076357c0a39c49e2a997bd27e682ae185fe41058be2add596,EPIC_NORTH,E7492813,batch_001,encounters_epic_north.csv,1255,DISCHARGE_DATE_VALID,discharge_date,DATE_MISSING,WARNING
3c8d79c6b4cf62817ecb879c1b0c523ea3539bb658d76156b11c0cdf5d8fc689,f22d94345002347338a30abea582bb150ecb0fd75288ef057487ccb8085d4d9b,ATHENA_CLINICS,108105,batch_001,encounters_athena_clinics.csv,7,DISCHARGE_DATE_VALID,discharge_date,DATE_MISSING,WARNING
3c8d79c6b4cf62817ecb879c1b0c523ea3539bb658d76156b11c0cdf5d8fc689,f22d94345002347338a30abea582bb150ecb0fd75288ef057487ccb8085d4d9b,ATHENA_CLINICS,108105,batch_001,encounters_athena_clinics.csv,7,ENCOUNTER_TYPE_MAPPED,encounter_type,ENCOUNTER_TYPE_MISSING,WARNING
3ca2888833099f7d338416ca046567ea7271f7af46f3a39ba0ad8bd60b71849e,0a18d558d9626769f4a0217a3710729555ac71d9f50fa1dae22375e5d7ede9d4,ATHENA_CLINICS,103817,batch_002,encounters_athena_clinics.csv,121,DISCHARGE_DATE_VALID,discharge_date,DATE_MISSING,WARNING
3cecaa57e4c24c475899c26bb30cb8ad0908428f9bbe010208482ca3cebbb3e0,0a8c0b212238adf0443b841e80a791e1a7a459ffd48f7ccf3f3baa8cec40fec1,LEGACY_MEDITECH,117369,batch_001,encounters_legacy_meditech.csv,280,ATTENDING_NPI_IN_ROSTER,attending_npi,NPI_NOT_IN_ROSTER,WARNING
3dc69b2e7670e59c0cdcda2256c57c057c8e0f1cb426e729e13cf65c0daf3be4,6d0183f5c8f5e71ec96b18573cd88048257b0f7858184e39f8ad5d508c3073d8,ATHENA_CLINICS,123855,batch_001,encounters_athena_clinics.csv,945,DISCHARGE_DATE_VALID,discharge_date,DATE_MISSING,WARNING
3e13f97960f46db16c25fe58238315ca29cd3e3cab93f6448a258bcfa13e3cd9,ef31a052edb292202d446a6f3536b33ca96cf46476f0ce45f35add4a249d5c48,LEGACY_MEDITECH,133116,batch_001,encounters_legacy_meditech.csv,141,DISCHARGE_DATE_VALID,discharge_date,DATE_MISSING,WARNING
3e5e45adf76e1eec158f35413ab5467362e5ec8839c671d3b37cab25c1c4c429,e8fd0977ece3772dd15c4db4ffd06f5e4a2977f547907bcc9d5bbe88f57dc5d1,ATHENA_CLINICS,135449,batch_001,encounters_athena_clinics.csv,796,DISCHARGE_DATE_VALID,discharge_date,DATE_MISSING,WARNING
3e85e1972fa5cc57f03fce19c342fc42536f7987725bc9b91c7ee7ebbe94b204,ec787d8b8c3c7089d5d8d0411561f6ac3daed25541a3aa89d5494e5c984f584e,ATHENA_CLINICS,104061,batch_002,encounters_athena_clinics.csv,49,DISCHARGE_DATE_VALID,discharge_date,DATE_MISSING,WARNING
3e85e1972fa5cc57f03fce19c342fc42536f7987725bc9b91c7ee7ebbe94b204,ec787d8b8c3c7089d5d8d0411561f6ac3daed25541a3aa89d5494e5c984f584e,ATHENA_CLINICS,104061,batch_002,encounters_athena_clinics.csv,49,FACILITY_RESOLVED,facility_id,FACILITY_UNRESOLVED,ERROR
3e88c74f2f9eb5f5a0a5d839f4fa4ea830e8311848f0ae2a2ab435ea89314e33,ad5da018f3edfeee7cae2048c3a389c642bfb7172e8d1d24db6796e004a63e4a,ATHENA_CLINICS,108752,batch_001,encounters_athena_clinics.csv,764,DISCHARGE_DATE_VALID,discharge_date,DATE_MISSING,WARNING
3e98894375fdfd6acd64234a0b42836f05648d0a02698af7d5979cb17ad11459,c3b8f19c8b46ee1b6342607905ab9fc4b6f4b318e06ff6f68e7fb0cdb93bc057,ATHENA_CLINICS,135268,batch_001,encounters_athena_clinics.csv,16,DISCHARGE_DATE_VALID,discharge_date,DATE_MISSING,WARNING
3eec0e87e3c791dc55cda6cd98ca87a15f315059edd3f00cf7627d94f228ef94,544daaf672272b223c1346d0bcde198aec90c703e618a3e4bc40595d6fc9ada9,ATHENA_CLINICS,111765,batch_001,encounters_athena_clinics.csv,687,DISCHARGE_DATE_VALID,discharge_date,DATE_MISSING,WARNING
3f468232c9d274f06b111e1f584aa0c3df51eff6f602e7a775ba0ebbb5ef7024,8c949b9672be92dfc6fe8b5a19f84aadc65c892eeb5233aaeceba49679131f2b,ATHENA_CLINICS,107418,batch_002,encounters_athena_clinics.csv,41,DISCHARGE_DATE_VALID,discharge_date,DATE_MISSING,WARNING
3f52c24bd258347536a96f26eaf4128c5d54726a92ad2ebc8490d621b361641a,264af7f9c3ef1179d21993cac6d34481337ed9ce2befe9ba9e1f3427736d929b,EPIC_NORTH,E7094594,batch_001,encounters_epic_north.csv,1278,BILLED_AMOUNT_VALID,billed_amount_usd,AMOUNT_PLACEHOLDER,WARNING
3f92d07df4fea5dfc61dae4d9ae3e4bf4a4428c26ce49af6113b093dbc970c56,00b24eb8cd15c505b881d59ec192d9ebe3db1736b6a0d0d5763da04cc42d82ef,ATHENA_CLINICS,106893,batch_001,encounters_athena_clinics.csv,31,DISCHARGE_DATE_VALID,discharge_date,DATE_MISSING,WARNING
3fdcbcdb86af221c04116002e058d6d4ab1f617fd880c33832a4f26ef8ab01ae,2af23134ed25d762ccfd6fe7c9c4683adfaff8b6d4e1e165901873a2810086fb,ATHENA_CLINICS,137355,batch_001,encounters_athena_clinics.csv,357,DISCHARGE_DATE_VALID,discharge_date,DATE_MISSING,WARNING
4060ef302905c5e15e13c35c363d8de10fdd77bd29898b1f6ffa1a82af739961,9c89e29af1b3f77c364f2fa010912f47aba377bfded6c9d87b87e5fb1a5d5366,EPIC_NORTH,E5006650,batch_001,encounters_epic_north.csv,821,DISCHARGE_DATE_VALID,discharge_date,DATE_MISSING,WARNING
40c3ab487eab82df7f677c4fd813d0b9c50eacdd41d8bca1f386d5d2b26a5881,816026a66a1ad6f700b26d81c74d87349b1050b46a019f473be5df706bb1c47b,ATHENA_CLINICS,138079,batch_001,encounters_athena_clinics.csv,68,DISCHARGE_DATE_VALID,discharge_date,DATE_MISSING,WARNING
411da16404256883aee26639d7a8d31eb1a5a9d4446f50db0c8295b5873d68a2,6c555736558c5e114ecb139f09beb30cccea17382f976da215ee42d12d0ec86f,ATHENA_CLINICS,135300,batch_001,encounters_athena_clinics.csv,1077,DISCHARGE_DATE_VALID,discharge_date,DATE_MISSING,WARNING
413399431ca2551e79ccc4255f315e8c3269d6b426d9dc5abe48d32fc8bfd0e3,59488e2daef88ff82544c171b2c2ae04381fc5669fe02f7b2418e6ad45de8829,EPIC_NORTH,E1782899,batch_001,encounters_epic_north.csv,516,DISCHARGE_DATE_VALID,discharge_date,DATE_MISSING,WARNING
41661808493d9b6c7c414c212299840b825e663805655bff0779fc7ac2beef60,6c0682570696501bb2537616c5c3bc7074f65f54ea6f6dc6029f6f91756dbff5,ATHENA_CLINICS,119278,batch_001,encounters_athena_clinics.csv,550,PRIMARY_DX_VALID,primary_dx_code,DX_PLACEHOLDER,WARNING
416e1ea7057ae652e1e039440602655723b40c8fc971339c8b808f3567ff0376,4bc5e2fa6233dfba1a92d6a3d4209a2438876da82d79f43f7ae84e5d0644e40c,ATHENA_CLINICS,136451,batch_002,encounters_athena_clinics.csv,122,DISCHARGE_DATE_VALID,discharge_date,DATE_MISSING,WARNING
41957f14f1a874eebdc195627512a54b0317f422d0013287ea76d35a401efa13,504349a345974bedab826c28dbd9ae2864b9254e9df215a6c541525468d88683,EPIC_NORTH,E1415066,batch_001,encounters_epic_north.csv,1304,DISCHARGE_DATE_VALID,discharge_date,DATE_MISSING,WARNING
41b80666802a8a62a31794eafeaafd3132d85fabe90638e2bb3926540692b6de,004cfb48d81996e07edf8d48e9a14764b700d0135e3076bb44745b2ba260c0f9,ATHENA_CLINICS,100920,batch_001,encounters_athena_clinics.csv,106,DISCHARGE_DATE_VALID,discharge_date,DATE_MISSING,WARNING
41cea36b3d5161c7fb841cce906d0a773d4f96b27f445a4da229b30092512c3f,0590241c0bae78e6b76fbc9989005a15ac8421d593ea8f46caeadce447affa5c,EPIC_NORTH,E8073434,batch_001,encounters_epic_north.csv,871,DISCHARGE_DATE_VALID,discharge_date,DATE_MISSING,WARNING
422b814a61512c5fa423b2c2ed2438b0267f94ebec075aa47bf5ac57d53a71bd,4077f36d00bc3eed111b5382c6486f3bf137dee6cb104d90c2d3a685e43fd3a8,LEGACY_MEDITECH,114463,batch_001,encounters_legacy_meditech.csv,112,DISCHARGE_DATE_VALID,discharge_date,DATE_MISSING,WARNING
4241d2605d04140637e9be4997493d3c94a0eca34caa7e7640f7113573fc6aa8,06349965efeaedbbfe9612f19db64b75087f08386c5a92ed2d93057cc6fc440c,ATHENA_CLINICS,134586,batch_001,encounters_athena_clinics.csv,310,DISCHARGE_DATE_VALID,discharge_date,DATE_MISSING,WARNING
424a102b78477462aeaa6b04c23fb31325f051a9e643a5f3c6fe6f3f51adc384,ed2e5b8a01e4385552409df3360ccebeec8c3d30a1a667aedf318f9ba061ab34,ATHENA_CLINICS,125003,batch_002,encounters_athena_clinics.csv,59,DISCHARGE_DATE_VALID,discharge_date,DATE_MISSING,WARNING
42a5b9bd4d6973fe0b24ae68c4bc96c83c3c8d7a0b7fda8991352b2ad5613314,f3d15bd10d1788b250dda7959d3ec8f3d5edb307b1185d65d5862b3501b12768,ATHENA_CLINICS,111463,batch_001,encounters_athena_clinics.csv,250,DISCHARGE_DATE_VALID,discharge_date,DATE_MISSING,WARNING
42a5d9daba535068344d221001c2656c771cec21810f42f26a316ace088715b4,bf4bad2257f5506522951311e41922169f8c8cda9bbfe6c1a1d56b93d3519cf3,ATHENA_CLINICS,115922,batch_002,encounters_athena_clinics.csv,26,DISCHARGE_DATE_VALID,discharge_date,DATE_MISSING,WARNING
42e72b0de12ba502e065c61874d5520f6fbe75579a5a2325eacbc73714aabe5a,f95a6e271c948f09e0cc91243403f0bbf54400ec34aef7766b76b60356dcd84a,EPIC_NORTH,E9209670,batch_001,encounters_epic_north.csv,1052,DISCHARGE_DATE_VALID,discharge_date,DATE_MISSING,WARNING
42f37bd5e49aa229c2b6560b2b75b5f649d7b2145f3973d43c1a729e39932e3a,ebd174588d32e83c82bc48e6719f93fcbca9c462fc9fe4fccbfde0d24d661fae,EPIC_NORTH,E7938102,batch_001,encounters_epic_north.csv,716,DISCHARGE_DATE_VALID,discharge_date,DATE_MISSING,WARNING
43e181e58698b4c6f3ed1f837d0d37c639f61daf055caf87acb0fa5f34fab7cd,284eccad00e9722d312ebf03667785075854e65612d46748f292a3389be98e7a,EPIC_NORTH,E3607723,batch_001,encounters_epic_north.csv,1263,DISCHARGE_DATE_VALID,discharge_date,DATE_MISSING,WARNING
44e6c498ea69d4b1e6178c0d7583aeb9e69df4c0f511fe544b0b518701ea89f3,84c558ed985079ae28e6c5328b4c724d90d8ef5d3b5e5198e105423e33c1e3ec,LEGACY_MEDITECH,114644,batch_001,encounters_legacy_meditech.csv,169,ENCOUNTER_TYPE_MAPPED,encounter_type,ENCOUNTER_TYPE_MISSING,WARNING
4510e3d05d5dd7e985981c72e98ec41ea87217611fcc25dd9b992c5c84d4d134,6ba199d6bb37478c77df26fc64c1060f6c01a63d9a04459182dc26391d16fa5f,EPIC_NORTH,E3584664,batch_001,encounters_epic_north.csv,816,DISCHARGE_DATE_VALID,discharge_date,DATE_MISSING,WARNING
452cf0b82ff1c8bbd20ce3284a6e826cc4ea48cd635c38ac8faa378ac8bc7766,a9805a65b4801eece1fd3b566dbbdc9282927848772636621f124a1bb48472fd,ATHENA_CLINICS,138328,batch_001,encounters_athena_clinics.csv,129,DISCHARGE_DATE_VALID,discharge_date,DATE_MISSING,WARNING
452cf2d15edc9998cb69a2f597ad7c4377058f2b1f5ffd07edd6b6fce525175c,676b9ef0fb1981c00d6befa71a2199174d4405eded90ed08d19cb75aba3c764d,ATHENA_CLINICS,139639,batch_002,encounters_athena_clinics.csv,42,DISCHARGE_DATE_VALID,discharge_date,DATE_MISSING,WARNING
452f566437f201c5391e88b422910bf75a67f9ad9fac359d60add68d2d637858,8af8a38b08fa6d5faa605c318f523934b6eef4bdf1067e0234bd5dab2d5571e7,LEGACY_MEDITECH,109640,batch_001,encounters_legacy_meditech.csv,247,DISCHARGE_DATE_VALID,discharge_date,DATE_MISSING,WARNING
455847caa3d54ff80653669e26aa673df4fe13f7847795a8d55ef27c2e600697,6cf5e60d0648f97a00c12cc2ad1d36b22c4e17d9fce592f3993daf3d89ee2260,ATHENA_CLINICS,103846,batch_001,encounters_athena_clinics.csv,840,DISCHARGE_DATE_VALID,discharge_date,DATE_MISSING,WARNING
456f4c3292eeed9b55082df7477dd2e1d9d890e6d1a05b46a1dab8697f6c6844,7910f7605f1c412e78224b023e0c2a8cfed2f5b7b99fec0fcccfe028534ad6fc,ATHENA_CLINICS,130634,batch_001,encounters_athena_clinics.csv,1018,BILLED_AMOUNT_VALID,billed_amount_usd,AMOUNT_UNPARSEABLE,WARNING
456f4c3292eeed9b55082df7477dd2e1d9d890e6d1a05b46a1dab8697f6c6844,7910f7605f1c412e78224b023e0c2a8cfed2f5b7b99fec0fcccfe028534ad6fc,ATHENA_CLINICS,130634,batch_001,encounters_athena_clinics.csv,1018,DISCHARGE_DATE_VALID,discharge_date,DATE_MISSING,WARNING
4582f49b9d2e03297c4163db22482702b1e803d590395b5e3ef4c54bc46f9eef,16f7ab2e1de8a68ff3b5263b29302a9f56e863cf42bbe5238b3c3eca2f526532,ATHENA_CLINICS,102117,batch_002,encounters_athena_clinics.csv,29,DISCHARGE_DATE_VALID,discharge_date,DATE_MISSING,WARNING
45a0b81ccbadeec9b4b73bfbfa8768bb2800133cdb61242aea9b2f290580059a,66887baf17cb9c6f1708551d971a69bb66f399250899a79398295095938155bb,LEGACY_MEDITECH,121824,batch_001,encounters_legacy_meditech.csv,206,DISCHARGE_DATE_VALID,discharge_date,DATE_MISSING,WARNING
45b3b5f3d7bbe7a815639402ef8d729f563e3c3bf43a3a070283001a85e20578,6c94553d390d1868812d6fbbb2a4967e9274740b81a91c23f9c25e4c0b4d39be,EPIC_NORTH,E4959329,batch_002,encounters_epic_north.csv,92,DISCHARGE_DATE_VALID,discharge_date,DATE_MISSING,WARNING
45e1a4f5bba32a04ab23b940b6c83c971d7fc317fd7b02dead5a9e3998f79f2c,aa48a9e79139b4687495b697b41f5306837918d99751b7596f150758797a3db6,ATHENA_CLINICS,124731,batch_001,encounters_athena_clinics.csv,335,DISCHARGE_DATE_VALID,discharge_date,DATE_MISSING,WARNING
460449cb3771519f1b6a57c7c7a93c95c89cc33f41a987aeec370777eb4f10e0,7c119fd0f72a724c97a6405989eee323aeba0b00f8bee9ebce663f57c65ccaab,ATHENA_CLINICS,102962,batch_001,encounters_athena_clinics.csv,719,DISCHARGE_DATE_VALID,discharge_date,DATE_MISSING,WARNING
46353559fe780e8b98d796877b181087a7436bb61b8fb7c0fbbeec720a3df3d2,ed2e5b8a01e4385552409df3360ccebeec8c3d30a1a667aedf318f9ba061ab34,ATHENA_CLINICS,125003,batch_001,encounters_athena_clinics.csv,463,DISCHARGE_DATE_VALID,discharge_date,DATE_MISSING,WARNING
4693e0128299fbc52375ab448291e8779a6e8e96150600becc5887dd63e2eab8,e912141e4b6f243314f7ace097e01604ac10f37466c81fa6f50e7ce73b3cb5b8,ATHENA_CLINICS,133266,batch_001,encounters_athena_clinics.csv,947,DISCHARGE_DATE_VALID,discharge_date,DATE_MISSING,WARNING
46e533237c0a2170a8a1d12a96c4a4af2e7ab939a2947afffcb4a7bb60559416,75b7b5ec27f49922227dc83a8206984b0fc4f613a2487c2fda48409da675b900,ATHENA_CLINICS,120026,batch_001,encounters_athena_clinics.csv,724,DISCHARGE_DATE_VALID,discharge_date,DATE_MISSING,WARNING
4720aa6701a36da704895ae8a172b15fb56f25f4a436314f84db20d29bd67152,f99d95f549dcc290204cf1c56f618a3cc14c1ac722ab2009b3464f2967efde25,LEGACY_MEDITECH,132236,batch_001,encounters_legacy_meditech.csv,268,DISCHARGE_DATE_VALID,discharge_date,DATE_MISSING,WARNING
47625016503bbf0ae5dba4bd19da36f5a65e1f592f1673ab1a0bbec6f5a862b6,b63880d1d61d6bc393af794f6141a1e75f337955261546e52ff97f67a1382549,ATHENA_CLINICS,119892,batch_001,encounters_athena_clinics.csv,900,DISCHARGE_DATE_VALID,discharge_date,DATE_MISSING,WARNING
477dcd08df00c85bfca6914cef005dcdd5b2677c2ee3d29a51e03296fd00238f,c1792dfb0426d6a98c887496890c19b40617299dfe663d94ba269d8688245feb,LEGACY_MEDITECH,137751,batch_002,encounters_legacy_meditech.csv,61,DISCHARGE_DATE_VALID,discharge_date,DATE_MISSING,WARNING
478950741c853ecd11b492be9ef56da7260d83265c43736c1ed7ef0fa73c1328,d04dfa2c25ba46838ec2e30a21f9224fc8f8ac56547dedefa936fa18ff2c718a,ATHENA_CLINICS,139823,batch_001,encounters_athena_clinics.csv,443,DISCHARGE_DATE_VALID,discharge_date,DATE_MISSING,WARNING
478950741c853ecd11b492be9ef56da7260d83265c43736c1ed7ef0fa73c1328,d04dfa2c25ba46838ec2e30a21f9224fc8f8ac56547dedefa936fa18ff2c718a,ATHENA_CLINICS,139823,batch_001,encounters_athena_clinics.csv,443,FACILITY_RESOLVED,facility_id,FACILITY_UNRESOLVED,ERROR
478d193026631b36885ac4a67d17e222c070f9b1e8e6fcb51291e1f1e8c296f7,67dfa70b402344eb15cbe1ef06d73fb762c7a049317950272fc2624dd37cf04f,LEGACY_MEDITECH,121802,batch_001,encounters_legacy_meditech.csv,98,DISCHARGE_DATE_VALID,discharge_date,DATE_MISSING,WARNING
478d193026631b36885ac4a67d17e222c070f9b1e8e6fcb51291e1f1e8c296f7,67dfa70b402344eb15cbe1ef06d73fb762c7a049317950272fc2624dd37cf04f,LEGACY_MEDITECH,121802,batch_001,encounters_legacy_meditech.csv,98,ENCOUNTER_TYPE_MAPPED,encounter_type,ENCOUNTER_TYPE_MISSING,WARNING
47bc819e31772482fe38fadec4d8894f42519188affa75f749e532ac6ad88e0e,37b9b105739888a5f16026eaf98d861a346cf977334432ed0b4df96b41c5579b,ATHENA_CLINICS,135097,batch_001,encounters_athena_clinics.csv,501,DISCHARGE_DATE_VALID,discharge_date,DATE_MISSING,WARNING
4813341010719f43afc5bc246c850387b32da8509e52f214f2dfcf50d11499d7,d915c59413889950c10b10c16b1f86f0c1729b9ece875cbc01b7277c05776682,ATHENA_CLINICS,106307,batch_001,encounters_athena_clinics.csv,265,DISCHARGE_DATE_VALID,discharge_date,DATE_MISSING,WARNING
4876573fae433b2137868298be5ef96f84597bff41c29a5efe37923d157b5f24,e0d88a67b00a1b6f0b310caf73c557157c8cae6c0c3003a40d1aa6a0b43283ab,EPIC_NORTH,E5365111,batch_001,encounters_epic_north.csv,899,DISCHARGE_DATE_VALID,discharge_date,DATE_MISSING,WARNING
487f0d0696b92bad35c047768ddc39f234c96401d0e516fbf68c084421e7593f,3347404bde3d10055783482d42e643d2e63cd0d3d1258e102108d52bdb230181,ATHENA_CLINICS,138976,batch_001,encounters_athena_clinics.csv,230,BILLED_AMOUNT_VALID,billed_amount_usd,AMOUNT_SPREADSHEET_ERROR,WARNING
48ff20b81e395416f8e8aa52eeae425544a77ac16f1ac95d80de68a891e29494,d3264e9d3818383a57f6dae0ef7f9d4ebcb0a3ff4f6be4978e5d6bacb633910c,ATHENA_CLINICS,118243,batch_001,encounters_athena_clinics.csv,198,DISCHARGE_DATE_VALID,discharge_date,DATE_MISSING,WARNING
4947017192464a2ba8c1ba7e0afff03ea617c2a54ce963cad0edae34d2a6beb1,95409f86ef36b956cd1afa941536c29d99e4cb918647f0bf9686ab76803d2ba1,EPIC_NORTH,E4616460,batch_001,encounters_epic_north.csv,71,PRIMARY_DX_VALID,primary_dx_code,DX_UNPARSEABLE,WARNING
49c943242bfb9db2a54bbd96701f81d0a60ca998eefda78d86583d0c6d484479,2f009c4ec07ea1e3e2f2782b3fa8ba8efbef5de15941389e09c8095d75faa11d,LEGACY_MEDITECH,134111,batch_001,encounters_legacy_meditech.csv,7,BILLED_AMOUNT_VALID,billed_amount_usd,AMOUNT_PLACEHOLDER,WARNING
4a3fc175069e3d32accc64a10a69ab76925a31e3ed53d36e65f636ab0b6692ce,0380c5e8f9cfaf1074a75cd66ef04e276849600516a7becb430e8a7268cc875e,ATHENA_CLINICS,130552,batch_003,encounters_athena_clinics.csv,51,DISCHARGE_DATE_VALID,discharge_date,DATE_MISSING,WARNING
4a47c724abf834ad548dd20c2d44e78785078ea1d2ec95928f1307cf43648df0,c686e8c06046fe907957436bf3561949dd62355988b7b6a7ac93757853c12423,ATHENA_CLINICS,136591,batch_001,encounters_athena_clinics.csv,508,DISCHARGE_DATE_VALID,discharge_date,DATE_MISSING,WARNING
4a4a290d07e93fd53c19480c075f2aefe05f7be90cecd4871dfba64940c5020b,9b065d8272be518d7596077b573cc81aef90de5585e23bfada180d0cf4a0736d,ATHENA_CLINICS,134891,batch_001,encounters_athena_clinics.csv,502,DISCHARGE_DATE_VALID,discharge_date,DATE_MISSING,WARNING
4a70e88469fe6abe2a1b3c6f8fbc56963105801c33163f4a2f63c0eb4281302e,1e7cc6a7754868947f1b34ec295fa5b575670a1adf17dfbfd0e2e60fd5616b55,ATHENA_CLINICS,116448,batch_001,encounters_athena_clinics.csv,818,DISCHARGE_DATE_VALID,discharge_date,DATE_MISSING,WARNING
4a7774df98fec9076fd5dade46058be8a7c3f958894aa69d2306858246ebf178,ba1cd64ab4ef7a0fd096386432d8be8a7b463ae71f0cceba2037218bad625b24,ATHENA_CLINICS,134910,batch_001,encounters_athena_clinics.csv,1083,FACILITY_RESOLVED,facility_id,FACILITY_UNRESOLVED,ERROR
4ab345b922bb2c8067c1c1838a90d3f387ffafc6d8d81f7c8b95ee56558e51e8,5a5fed4dc26ede58ad67616d28edc6f6104af892e896c6580a981fffcac0289b,ATHENA_CLINICS,132378,batch_001,encounters_athena_clinics.csv,1002,DISCHARGE_DATE_VALID,discharge_date,DATE_MISSING,WARNING
4acc988fa837736644fec74a85861b56428d539c5150ca9bd552482039adf583,e3b9e62238f5b13b41110aca28db970a9bb49b99efcfe05f53896f434d8f0c60,ATHENA_CLINICS,136954,batch_001,encounters_athena_clinics.csv,965,DISCHARGE_DATE_VALID,discharge_date,DATE_MISSING,WARNING
4af7a10190c262504a1cf2bd055ea5a3e9d436429d967d9c20b48f77b1cbff14,e433c71d0241e256bfb952c2422d4d29d624d97924d13e09136b19449ada4945,ATHENA_CLINICS,133902,batch_001,encounters_athena_clinics.csv,551,DISCHARGE_DATE_VALID,discharge_date,DATE_MISSING,WARNING
4b14ec102abda31206c671de46c65a9bafd06fb6a5d70f90fbedd0cac3f1ddd7,578dde29f0ca232b4e417714bdbab7a6c444a4b3d736b3ef5fe257479ae8ca1f,ATHENA_CLINICS,103196,batch_001,encounters_athena_clinics.csv,904,DISCHARGE_DATE_VALID,discharge_date,DATE_MISSING,WARNING
4b540cad168b92a82c45f33d8b80105c37ccb15ddca9ce5d87cf3aeea0ec1066,0bc8534e4ac322b14c932da196f96ec8eb364f3b2a5005a167036b7286e0cb80,ATHENA_CLINICS,111311,batch_001,encounters_athena_clinics.csv,600,DISCHARGE_DATE_VALID,discharge_date,DATE_MISSING,WARNING
4ba4387a5aa1ab3e409be61f442bbf954dc23c2610003eae7687de80372aa783,84a5b614f8cc66fa5e1796728e32e4d99a8e3ba8f7181cc27c76c38c13ed9bfd,EPIC_NORTH,E2934236,batch_001,encounters_epic_north.csv,659,DISCHARGE_DATE_VALID,discharge_date,DATE_MISSING,WARNING
4bed54ec6eb61ff727d85e6b8b25efb03becebd38b4f4a3d0c320f061a96ee35,257d7b58b4d18e6381a90d995104b3daf38c43b4471c0b07a8842d68429d538d,ATHENA_CLINICS,139087,batch_001,encounters_athena_clinics.csv,244,DISCHARGE_DATE_VALID,discharge_date,DATE_MISSING,WARNING
4befd9bffc11fdeb34cf3f8c2cbdbdf1101b8f586e812ed15ae60e3fdd53a31d,38b78634a0bcc8b3413450ea29fdb38af5c05b379067b915dd8f5679a0746b70,ATHENA_CLINICS,121340,batch_001,encounters_athena_clinics.csv,247,DISCHARGE_DATE_VALID,discharge_date,DATE_MISSING,WARNING
4c1fd2962fc4c39db0be0f3f7119c6777f5e31b7c3b37afb5ac4e0b7eb1bfcb8,ef26c6e2933d8b0bb2b55fcc444e61dd8e3d5410e6c68ca76e55f1368790ad68,ATHENA_CLINICS,129335,batch_001,encounters_athena_clinics.csv,496,DISCHARGE_DATE_VALID,discharge_date,DATE_MISSING,WARNING
4c25e2371b17a6b8f38e9675d566947eb315e556a574e63740184346c3b7ee18,9d3695bae9a5796804e7faac56e4d2d4a58e848e221273b40311495cbafb516f,EPIC_NORTH,E3428495,batch_003,encounters_epic_north.csv,35,DISCHARGE_DATE_VALID,discharge_date,DATE_MISSING,WARNING
4cc258926eb68a2e76b1bc83cde0c5e130f766e10bf8bda5e3b0a3f52d63235b,673d5ec4d484654634f807f9b91ce3bdf20682d13db2349777278fe44afe25f7,ATHENA_CLINICS,110400,batch_001,encounters_athena_clinics.csv,188,DISCHARGE_DATE_VALID,discharge_date,DATE_MISSING,WARNING
4ccab56f7a1b01526b480e6fd6cad64e4cb6d1f6e3a845887b9dc726e97b8ccc,004cfb48d81996e07edf8d48e9a14764b700d0135e3076bb44745b2ba260c0f9,ATHENA_CLINICS,100920,batch_002,encounters_athena_clinics.csv,106,DISCHARGE_DATE_VALID,discharge_date,DATE_MISSING,WARNING
4cce7a0a6cc9c3e6d167c28c4913d093b40c2b256098b524e8113dec59f5735f,1b07d5b9981a200662241c5e9f764b7a87e46f227ff5d99802aac38ecdd78cb1,ATHENA_CLINICS,129884,batch_001,encounters_athena_clinics.csv,207,DISCHARGE_DATE_VALID,discharge_date,DATE_MISSING,WARNING
4ceba30805c2b12e08f2ac5de32f776dc97dab6086fe0dec06c3fce6bc5d1908,1bbb23175c01d07394f8d3f2b3be26c2799944daa1837ee50f6e0e741df7337d,EPIC_NORTH,E2660265,batch_002,encounters_epic_north.csv,136,DISCHARGE_DATE_VALID,discharge_date,DATE_MISSING,WARNING
4d1adec61481d297e0d154554fb084806166741a3c37c960d757e7b0bf370907,3ef0a6dbd96caf9bee6f577228f71fa45466046817cac084c2a3f5ed29b18fb6,ATHENA_CLINICS,121852,batch_001,encounters_athena_clinics.csv,1087,DISCHARGE_DATE_VALID,discharge_date,DATE_MISSING,WARNING
4d51843acded75b373359e333fe28672a3b89bcdc5bdbfdb5b87f924e4c8e3cf,6cf5e60d0648f97a00c12cc2ad1d36b22c4e17d9fce592f3993daf3d89ee2260,ATHENA_CLINICS,103846,batch_002,encounters_athena_clinics.csv,48,DISCHARGE_DATE_VALID,discharge_date,DATE_MISSING,WARNING
4d81e1b363227390f573dbbe4abd902b2a69a26c9b087416e9cbe3858b5429a9,d77d122f77472272b90acbaa742564528dee9145e6eeb6f8d866186f8b65bfeb,LEGACY_MEDITECH,139906,batch_002,encounters_legacy_meditech.csv,226,BILLED_AMOUNT_VALID,billed_amount_usd,AMOUNT_UNPARSEABLE,WARNING
4dc86f61d41adfc25b1277a8f062b22b02efedfb4b3c5c3eb19f413089329019,ac11895244e7f900725e983431f4bb201706cd64850c56881a88b9c37dca8d92,LEGACY_MEDITECH,139533,batch_002,encounters_legacy_meditech.csv,146,PAYER_MAPPED,payer_category,PAYER_MISSING,WARNING
4f88497041f2807a9d5eee7706a27d2f1ccc81ca363efc0dab0daa8ee4778530,fd9ff705b0683474f4c25074fa4558512234f92dcfd7022198dd1b0c563c7738,ATHENA_CLINICS,111038,batch_001,encounters_athena_clinics.csv,709,ADMIT_DATE_VALID,admit_date,DATE_AFTER_DELIVERY,ERROR
4f88497041f2807a9d5eee7706a27d2f1ccc81ca363efc0dab0daa8ee4778530,fd9ff705b0683474f4c25074fa4558512234f92dcfd7022198dd1b0c563c7738,ATHENA_CLINICS,111038,batch_001,encounters_athena_clinics.csv,709,DISCHARGE_DATE_VALID,discharge_date,DATE_MISSING,WARNING
4f9d905d0d0cd1a3c04d8805d01ea1e35b16413297447450b7a51efd27bd7404,081560b6fc1f0c069d4578701fc3e2dc555731daeeb75fb9b3b54b0224e21909,ATHENA_CLINICS,130741,batch_001,encounters_athena_clinics.csv,353,DISCHARGE_DATE_VALID,discharge_date,DATE_MISSING,WARNING
4f9d905d0d0cd1a3c04d8805d01ea1e35b16413297447450b7a51efd27bd7404,081560b6fc1f0c069d4578701fc3e2dc555731daeeb75fb9b3b54b0224e21909,ATHENA_CLINICS,130741,batch_001,encounters_athena_clinics.csv,353,PAYER_MAPPED,payer_category,PAYER_MISSING,WARNING
4fd9661fe82052cf31fddf19f5f53fcf81ddf813df3e9f3d9d8b24dc46e379da,7581c0f8685602f543178baa1aa3eabb2a9556c60896f331bbc5331442e0b2ba,EPIC_NORTH,E4051851,batch_001,encounters_epic_north.csv,135,BILLED_AMOUNT_VALID,billed_amount_usd,AMOUNT_MISSING,WARNING
4ffcf5562ffeb53c7d4f32fa984d3fa2dad0269d120508e8ee7d5adc51fc2b37,2b0a3c5fb9fa71024ead9f240bea3de6c6b6a5841615596fab044a42e5f7004e,LEGACY_MEDITECH,135156,batch_001,encounters_legacy_meditech.csv,120,DISCHARGE_DATE_VALID,discharge_date,DATE_MISSING,WARNING
50145a32d5480360a78eabe4c8190718e977eb48c07ff9213e11bc40672eb0e6,aea26fdc0c55c3fa1c0af5845928746e83e433bef9455f956c57a0df2dfa0e4c,EPIC_NORTH,E9671271,batch_001,encounters_epic_north.csv,293,DISCHARGE_DATE_VALID,discharge_date,DATE_MISSING,WARNING
505f2d97089900aea4f4c4b7dc1c7c01affa4485a9d550195a513f9dfedac9ff,7bbbc6891a1615f2fc2903de8652214ed299607fba88dc6dec8c2b4005ace8a7,ATHENA_CLINICS,126861,batch_001,encounters_athena_clinics.csv,342,DISCHARGE_DATE_VALID,discharge_date,DATE_MISSING,WARNING
5066d7b42cfbe379f951482ac306d04433e74e7b77768331e1ab0be3eada3dfc,9f4833a6bd8e148cfd4da9020027f02331ece45526e7eb1cceb2ca84d82223e7,ATHENA_CLINICS,103537,batch_001,encounters_athena_clinics.csv,204,DISCHARGE_DATE_VALID,discharge_date,DATE_MISSING,WARNING
5066d7b42cfbe379f951482ac306d04433e74e7b77768331e1ab0be3eada3dfc,9f4833a6bd8e148cfd4da9020027f02331ece45526e7eb1cceb2ca84d82223e7,ATHENA_CLINICS,103537,batch_001,encounters_athena_clinics.csv,204,PRIMARY_DX_IN_REFERENCE,primary_dx_code,DX_NOT_IN_REFERENCE,WARNING
50bc8b0d6ba7f5a34ea61e6ac67a246b5ba7eb5078bd0e945285945c7358ace8,4b6e4a00ec6a85c3bacab647d8d25402749cdb5fcff23b8096930c20a966f43e,ATHENA_CLINICS,120270,batch_001,encounters_athena_clinics.csv,201,DISCHARGE_DATE_VALID,discharge_date,DATE_MISSING,WARNING
5109d3101e9964934f2152706a8c19018473a5705017a7035a2b1b8d897f9d97,0a60cbed6ea8cf02dcba0857b028c0c6eb4f3aa3df3095e9901979645a07d2c6,EPIC_NORTH,E2456755,batch_002,encounters_epic_north.csv,142,ADMIT_DATE_VALID,admit_date,DATE_AFTER_DELIVERY,ERROR
5187afd51dae13702216570e1cba05c7985fe78f1a9d2af5b9126596ac745afc,7d52b3b69335a808064aeb648fd83b883d671fba272a766d8f9fa85f708a597b,LEGACY_MEDITECH,115267,batch_002,encounters_legacy_meditech.csv,227,DISCHARGE_DATE_VALID,discharge_date,DATE_MISSING,WARNING
51bd8f3a92e1b2ae6e2983adf75d625343629b7250899fe89f3972f2f3e63f6c,08ae6df0b5dab820ec29dde152fe04b8f620a05688ae13f2248a591ab883fc30,LEGACY_MEDITECH,107065,batch_001,encounters_legacy_meditech.csv,41,PRIMARY_DX_IN_REFERENCE,primary_dx_code,DX_NOT_IN_REFERENCE,WARNING
51cc1d938c5fc5865b9d9887b14d3baf56da8e8605f807ea0e2c3112130be2aa,ae31cb0a1bb1b5b3939bb33fb10dea85e6411643e1c3532b370954add7684820,ATHENA_CLINICS,103332,batch_001,encounters_athena_clinics.csv,308,DISCHARGE_DATE_VALID,discharge_date,DATE_MISSING,WARNING
525f4c2ec3382c610939249ff53a9981657b47ea7e4c11ebc774c4110fa360b9,2971e3e92e2abd26624301acbf353d17cd6d21facded191773b443aead4d3c6b,LEGACY_MEDITECH,122559,batch_001,encounters_legacy_meditech.csv,335,DISCHARGE_DATE_VALID,discharge_date,DATE_MISSING,WARNING
5276a22994d19cb1dfdcd8067a6ed45ab8dc2720ecfe4e73ec4a71604bdadf80,8e486605163f83ccab13afb6f35b7dee04091f9a13e38cd26780a3c5788cf7e1,ATHENA_CLINICS,124915,batch_001,encounters_athena_clinics.csv,20,DISCHARGE_DATE_VALID,discharge_date,DATE_MISSING,WARNING
527ef21a886acdaf96ab1aa3df3dcebd89784aaca078073c244b0d448539547d,a94d405c0a0e31d5626325c145be6a32a5cb8762c3bfd330164f58a748eb9a20,ATHENA_CLINICS,102632,batch_001,encounters_athena_clinics.csv,942,DISCHARGE_DATE_VALID,discharge_date,DATE_MISSING,WARNING
5354e9f9a15fe0420b0fda7e836d9d53aaa9d0bddd1762155f70157d31fe96c3,6311e34706306f68773b781b40ac82fac754846bad992c2832469087020f3604,ATHENA_CLINICS,133969,batch_001,encounters_athena_clinics.csv,341,DISCHARGE_DATE_VALID,discharge_date,DATE_MISSING,WARNING
5354e9f9a15fe0420b0fda7e836d9d53aaa9d0bddd1762155f70157d31fe96c3,6311e34706306f68773b781b40ac82fac754846bad992c2832469087020f3604,ATHENA_CLINICS,133969,batch_001,encounters_athena_clinics.csv,341,FACILITY_RESOLVED,facility_id,FACILITY_UNRESOLVED,ERROR
545c3799b185b4d39b21f693f05817b888aa1b1053aa6d162a9400464a2a8ac3,9365f599ea93e65b4ed6e08bd62ff832496655075ea723bb63642e418e2fdcf2,ATHENA_CLINICS,134034,batch_001,encounters_athena_clinics.csv,1009,DISCHARGE_DATE_VALID,discharge_date,DATE_MISSING,WARNING
547d257c7b7a16822c84b50405a4ab63a5c2d9b128675c2ccae4f86e8f243bf7,eca5e1fc03ee485c4e841f166185ffe06a81b7bcbcfd2a70afc7045b177f52d7,ATHENA_CLINICS,126317,batch_001,encounters_athena_clinics.csv,471,DISCHARGE_DATE_VALID,discharge_date,DATE_MISSING,WARNING
549d770f15bda5ad648b58a738b45137912053611cf5b32952c0f9ace69d3d6f,affe767b6a6c0a857d903bf9fe9acf34a85f554b8e74d684c107edc307bc286e,ATHENA_CLINICS,122174,batch_001,encounters_athena_clinics.csv,467,DISCHARGE_DATE_VALID,discharge_date,DATE_MISSING,WARNING
54d5023caab81f2136c887c4ee44dcc86c8b1f88b34d59d3c420b215ff6b263b,14e53b6e76adf7188feb0f456365e823725591200677ef63791956f6a1ff90dc,EPIC_NORTH,E5276412,batch_001,encounters_epic_north.csv,498,DISCHARGE_DATE_VALID,discharge_date,DATE_MISSING,WARNING
550b1e16fa0d8fa1fb9c46e1c2abaddad45b537e161e607384fd0007ecc8a42c,ff8e6fdfc66cb705fafdafa12e4690277ea89c0998be8bb8182dccfa16525590,LEGACY_MEDITECH,103260,batch_002,encounters_legacy_meditech.csv,204,PRIMARY_DX_VALID,primary_dx_code,DX_ICD9,WARNING
553b50af8bd169f77bb14c270b8be9399f4dcb9894dd03c87861879946034c05,5066e8622e67bf6f63ed3f9b454cb729ab7f9096c26b56b8545159f197fdeb2f,ATHENA_CLINICS,122203,batch_001,encounters_athena_clinics.csv,157,DISCHARGE_DATE_VALID,discharge_date,DATE_MISSING,WARNING
554906bf8d6796cfbdc01a153aa193d1eac1ad2bc5725f4ff004bff64193d856,0b8862aa44a36a99f2f25821a7b4e9eadf1ae0af8209460cd92af4d419fd53ba,ATHENA_CLINICS,126106,batch_001,encounters_athena_clinics.csv,532,DISCHARGE_DATE_VALID,discharge_date,DATE_MISSING,WARNING
55c48d1306d9c6bc38e04448bb54b4575979c6045670a8925c3542faa3e9d1c6,0646f05da20a24b5b6031246c7fc72b764207ce74b8fb4a0ff816e8673e72d6f,EPIC_NORTH,E2921813,batch_001,encounters_epic_north.csv,685,DISCHARGE_DATE_VALID,discharge_date,DATE_MISSING,WARNING
55dc4a18168709ece4238494e01844d1a45b339d232adab1aef61a09fba3bb2f,b9ebe78e20d15a85f0efe94a78799ec5fff8aa743cf973333cbe326bdef5468e,EPIC_NORTH,E6988790,batch_002,encounters_epic_north.csv,124,DISCHARGE_DATE_VALID,discharge_date,DATE_MISSING,WARNING
55ec6032c3b646382163a0591ac3ed117a3b08428f3669da500d6cf85a53f8de,520665237ff7801f77da59882017e4daa24693eebfd5f5f8b63b21f1b6489922,ATHENA_CLINICS,107748,batch_001,encounters_athena_clinics.csv,281,DISCHARGE_DATE_VALID,discharge_date,DATE_MISSING,WARNING
56061479bc736aa9f34177b5bd3f4d972ddf60a540dacdb0f6b64f67c7ab196c,f92e5db856017591e172bda08fe537e5f163a180957f228b91d1a61e23464a29,EPIC_NORTH,E5285052,batch_003,encounters_epic_north.csv,12,DISCHARGE_DATE_VALID,discharge_date,DATE_MISSING,WARNING
560d1537e5a88be20275aecb6458c183c7969bb7099ec4ec78714e4a1e551850,f05caf983927d28699e585ca63b0036c6d57c63a254b3ca859a5127c5b8436c4,ATHENA_CLINICS,103284,batch_001,encounters_athena_clinics.csv,123,DISCHARGE_DATE_VALID,discharge_date,DATE_MISSING,WARNING
5642a22e79da3bfbfbe05142114318134e46d136e108892d9d5641c71ddecd5a,0503d62edfcadf4d11128540aa4bdfd1d833c4afe562ddcba9eb0c1afd883386,EPIC_NORTH,E2648133,batch_001,encounters_epic_north.csv,1014,DISCHARGE_DATE_VALID,discharge_date,DATE_MISSING,WARNING
56566f262f5383a67cd8b0cac1ee53fe3a9c1337f5391e8d8c2d0dc188db3c96,59bde76d29ecfe73f2e460a3dd73b98a961f58a26d1e43dc2bda1eb373a15cc5,ATHENA_CLINICS,132802,batch_001,encounters_athena_clinics.csv,644,DISCHARGE_DATE_VALID,discharge_date,DATE_MISSING,WARNING
56c1e90953ea885cb0fc24aa3e3c2dc538bc03a08eaaea967e4f28eede8e1ab1,cf4c1a819c7b5988f6297de335cd4bc3dce6a6ee7395025017476032f5d6ae4f,ATHENA_CLINICS,137744,batch_001,encounters_athena_clinics.csv,554,DISCHARGE_DATE_VALID,discharge_date,DATE_MISSING,WARNING
56dca3d3d2e92fc2d76ba3a4a79229f2a22b86c428b44a80dae2fb64750516f6,1887a76ca1e6463def8586764e549a43455af3977046ba01686cee8ee8384bca,EPIC_NORTH,E1328262,batch_001,encounters_epic_north.csv,1136,DISCHARGE_DATE_VALID,discharge_date,DATE_MISSING,WARNING
56fb9d7830d470df3a3200916a56e10158775c474bb187f554800b1c0845ccf1,3e10f318c2badcbaa921fd20064f13d1639967119512c8ba87e5b7b7785dacb5,EPIC_NORTH,E2474252,batch_001,encounters_epic_north.csv,623,ENCOUNTER_TYPE_MAPPED,encounter_type,ENCOUNTER_TYPE_MISSING,WARNING
57118cee11a33e900b7da4d2e0ca0d3141bf62ef78ebdc98d6fc90a891ebc717,3fe6034ae783ec3dce3e611b28b7f8de52da5bec8a976f63de55d669313055ff,ATHENA_CLINICS,133319,batch_001,encounters_athena_clinics.csv,73,DISCHARGE_DATE_VALID,discharge_date,DATE_MISSING,WARNING
577613481f5ced6a6e609153b5edbe9ef714bf2ac7a58c23882f7c98fa66ff73,0380c5e8f9cfaf1074a75cd66ef04e276849600516a7becb430e8a7268cc875e,ATHENA_CLINICS,130552,batch_001,encounters_athena_clinics.csv,256,DISCHARGE_DATE_VALID,discharge_date,DATE_MISSING,WARNING
57869c7115e7b9f0d1771acccacf1c9656a7b7eee8ee626e8191f52ae270428f,ccd87eef5d8c610d2e0c59ab86617d076ae13e79c071980aa63be6db51f5060c,EPIC_NORTH,E1806753,batch_001,encounters_epic_north.csv,757,BILLED_AMOUNT_VALID,billed_amount_usd,AMOUNT_PLACEHOLDER,WARNING
57c1d696cc4ff84ad4fc9398841cc305f214e6cc2993ea9896f9624b443a15ae,b4d9c6f47ea3f7230e37f1af3be100777dfc70cf6f53cff37037cb4650fe9704,ATHENA_CLINICS,119515,batch_001,encounters_athena_clinics.csv,635,DISCHARGE_DATE_VALID,discharge_date,DATE_MISSING,WARNING
57d090fcaf2554b74da555894d1dd83b8b5434618df1e44770739e3fd950990b,dea21a992cbb0ee9ebb7c2e5a59198c54b39b690adabed43b2bd986f1e578b30,ATHENA_CLINICS,127954,batch_001,encounters_athena_clinics.csv,340,DISCHARGE_DATE_VALID,discharge_date,DATE_MISSING,WARNING
57f644efd12df7dd42a118c1fd134d605b9c316279aebd2097e86268e9a9ad3a,20c6dd9f0d2a9e2b0e61b401175c9199cd407101e4b68f5602bd5d2c5949d380,ATHENA_CLINICS,124134,batch_001,encounters_athena_clinics.csv,407,DISCHARGE_DATE_VALID,discharge_date,DATE_MISSING,WARNING
59012e58ad5294530b9ef840faf257c5a9fa1370488a794a2f09c8b2597838ff,79b347f82d22219a8ab8029f7c8f70fc0782d60a29d391b4d3d20d6f951ced5f,EPIC_NORTH,E2540543,batch_001,encounters_epic_north.csv,167,ATTENDING_NPI_VALID,attending_npi,NPI_INVALID_FORMAT,WARNING
597a6dfd8b52d41fdc76a166bcf60f7a25327b6a20848fc8f30fdb3069f5ac53,59fb0391ce51c35ec864b592312a1b20f166c21f86cd5be89dde69c4b03679d6,ATHENA_CLINICS,106982,batch_001,encounters_athena_clinics.csv,849,DISCHARGE_DATE_VALID,discharge_date,DATE_MISSING,WARNING
597cbd43555463099bbe8b02eb4134d9cd0803bb220df34b685eb766fe4f4f26,ac94435f6c58c4db306deebaf151465e573426f973f162301c9f18b205ddff66,ATHENA_CLINICS,124324,batch_001,encounters_athena_clinics.csv,1065,DISCHARGE_DATE_VALID,discharge_date,DATE_MISSING,WARNING
59d53403ae5fe8cbc99700f9ef725aea1cbd74138bfdcd619762b3a3d4d45272,fe13da2696508b1f50db2e6faf0a3b52cd3c24f6389d92bfd857a7ea97391b68,ATHENA_CLINICS,132883,batch_001,encounters_athena_clinics.csv,393,DISCHARGE_DATE_VALID,discharge_date,DATE_MISSING,WARNING
5a1d446fbdd51ca6bbb1402e3aa474033ec67499b2ed025ab3239be9a83e0d24,d00b021ae4610b138422bce5adaa32ed97b139be8d8d51913af12060cd1ba4f2,ATHENA_CLINICS,112291,batch_001,encounters_athena_clinics.csv,359,DISCHARGE_DATE_VALID,discharge_date,DATE_MISSING,WARNING
5a3f3e38d131af162022cde52971dc75f3028c0709dba8687bf27b14257ff3b7,4382815a2554f4962391d9be5ea6bc005eb5fd5caf03a2efda62b2d0de1f8ed7,ATHENA_CLINICS,123434,batch_003,encounters_athena_clinics.csv,64,DISCHARGE_DATE_VALID,discharge_date,DATE_MISSING,WARNING
5a6f5b7ce2f456a21195681e1efd5ad2be8ff06b696ad161bb580974fdd7ec1b,7eb7d318c19b11190f0b73bbd05d9e6ea695e06bbcbbe0f02284e08ba1a373b0,ATHENA_CLINICS,128251,batch_002,encounters_athena_clinics.csv,133,DISCHARGE_DATE_VALID,discharge_date,DATE_MISSING,WARNING
5a9cd61fc3cbe70efd721f7ab68f874f0d2aa0b1247c8266d136aec3988c26eb,9583d209d0b26843bfc2d1fc57761a5f047e357c72359a3c1f1d6df206a95cb5,EPIC_NORTH,E9873275,batch_001,encounters_epic_north.csv,1280,DISCHARGE_DATE_VALID,discharge_date,DATE_MISSING,WARNING
5ad012f9e92896744378c7339a8d23be3f8d7c9383baac62c12155a967954509,b7766726cc204d8e72fc696b2bff8af230e18288878deeaa789444c5909a56af,ATHENA_CLINICS,106227,batch_001,encounters_athena_clinics.csv,691,DISCHARGE_DATE_VALID,discharge_date,DATE_MISSING,WARNING
5aec64ee82d0f9be2d63e57ec1253448bad63c1ff0d2b4a080d8433f90b4d8b8,db7c9a4e989e50d3e0897ae57f09211a2184d3405ba48ec92790e46f0657a760,LEGACY_MEDITECH,112228,batch_001,encounters_legacy_meditech.csv,257,DISCHARGE_DATE_VALID,discharge_date,DATE_MISSING,WARNING
5b3965f04581157cb5171eed1d084da2b8efb281cf3a059e2766e5987473c783,b0185679e6d56fc412fe7e6d70587575d24ab1ff5a382db52b7ccd757010ede6,EPIC_NORTH,E1145731,batch_001,encounters_epic_north.csv,1153,DISCHARGE_DATE_VALID,discharge_date,DATE_MISSING,WARNING
5b7075f8bab26dc54b744eb480ba047684d178e7f5bccb1b74690fa3db1c4470,5c1e66e30999fe353ee1334c4587be67e7d641c1fe97f8eb9eb4e61d1a4db960,ATHENA_CLINICS,129209,batch_001,encounters_athena_clinics.csv,303,DISCHARGE_DATE_VALID,discharge_date,DATE_MISSING,WARNING
5b72e046d16d3c3fcdb8ac957daee7f3c47bee4011254e1285d42e4d12be03fd,78766c1407065c8dd9f33e63f065943895d62b31d5960f4f856c61769e7868a9,ATHENA_CLINICS,136903,batch_001,encounters_athena_clinics.csv,177,DISCHARGE_DATE_VALID,discharge_date,DATE_MISSING,WARNING
5b8dda03e134cdb0b8f83a4956cdd7c1e80c4e1c19cdaa25700316d53136d19e,75b283b7e49f3d9fb2efbe5b2fe6b8f5aef6b09724e617b0bcfb575f3b63b419,EPIC_NORTH,E7833977,batch_001,encounters_epic_north.csv,200,DISCHARGE_DATE_VALID,discharge_date,DATE_MISSING,WARNING
5b9958230d987f42a48b33a1e76574fb891befe12097869a60e402636aecadba,f2858a12c437c4988891f17c1aecbf2066d19dbf388303c808b05ac694956f6d,EPIC_NORTH,E1356743,batch_001,encounters_epic_north.csv,585,AGE_BAND_KNOWN,age_band,AGE_BAND_DOB_UNAVAILABLE,WARNING
5b9958230d987f42a48b33a1e76574fb891befe12097869a60e402636aecadba,f2858a12c437c4988891f17c1aecbf2066d19dbf388303c808b05ac694956f6d,EPIC_NORTH,E1356743,batch_001,encounters_epic_north.csv,585,PATIENT_LINKED,patient_link_status,PATIENT_UNLINKED_NO_DOB,WARNING
5ba8f8ce2ff9398da39932c7e082a4eaef79fe7cc85435421fd7429a26986f56,f681c4cf8e88d0b5e1534788861f6cb9f3740357789d54a1721ad8473e8e45f3,ATHENA_CLINICS,135787,batch_001,encounters_athena_clinics.csv,1020,DISCHARGE_DATE_VALID,discharge_date,DATE_MISSING,WARNING
5ba8f8ce2ff9398da39932c7e082a4eaef79fe7cc85435421fd7429a26986f56,f681c4cf8e88d0b5e1534788861f6cb9f3740357789d54a1721ad8473e8e45f3,ATHENA_CLINICS,135787,batch_001,encounters_athena_clinics.csv,1020,PRIMARY_DX_IN_REFERENCE,primary_dx_code,DX_NOT_IN_REFERENCE,WARNING
5bc8d6861e879fafc8c36055ed6dce47e75fa1425c6fbc46380c2fe59a7366d8,3bb2622bbdc3cfe676e749cbc73e76ef8dcaee2adef73376403c18a42f520cad,ATHENA_CLINICS,115627,batch_001,encounters_athena_clinics.csv,509,DISCHARGE_DATE_VALID,discharge_date,DATE_MISSING,WARNING
5bdff6c42c8ca9d12697b0fe7f45039a309e8fb419747815a3cc84d82ed4e6d7,c5dcdd9724d5d7d66f8553a229059563a6cf8321fa7907225d81eab59e912218,ATHENA_CLINICS,120722,batch_001,encounters_athena_clinics.csv,426,DISCHARGE_DATE_VALID,discharge_date,DATE_MISSING,WARNING
5c0006095b0cfa4def5807c5cd63f2d9b99b98a49f1e68362c075462ddf0cf30,f1ec17ae1ea6c6fcf10d45776fb219951cd9453b311a6b8843d085d6a563ddfe,EPIC_NORTH,E6828562,batch_001,encounters_epic_north.csv,1417,DISCHARGE_DATE_VALID,discharge_date,DATE_MISSING,WARNING
5c4be0dd1171cd345cd5f3bfb03997417645f6686699a718ec7110d593f3b943,64d130c17b1c037b106d06439266eeadffe3491154c97b477c3605a6c4d150ff,EPIC_NORTH,E5885218,batch_001,encounters_epic_north.csv,698,DISCHARGE_DATE_VALID,discharge_date,DATE_MISSING,WARNING
5c4d8bd58453acc147af7e20d936f518734b76be64f04237af5c2919f4e64ded,f6d6e54522c1a89a79f8934ee214b879efcd67c89d5c5a24520690f557470282,ATHENA_CLINICS,116676,batch_002,encounters_athena_clinics.csv,83,DISCHARGE_DATE_VALID,discharge_date,DATE_MISSING,WARNING
5c749683c6e1ded68715f6503710c506cca34163db30868cb750cdd11794ec1d,6878d94bbaa84c33b168e91f54a9b57ba32eba59f3e34f60353816f78cf9f856,ATHENA_CLINICS,129230,batch_001,encounters_athena_clinics.csv,546,BILLED_AMOUNT_VALID,billed_amount_usd,AMOUNT_PLACEHOLDER,WARNING
5c749683c6e1ded68715f6503710c506cca34163db30868cb750cdd11794ec1d,6878d94bbaa84c33b168e91f54a9b57ba32eba59f3e34f60353816f78cf9f856,ATHENA_CLINICS,129230,batch_001,encounters_athena_clinics.csv,546,DISCHARGE_DATE_VALID,discharge_date,DATE_MISSING,WARNING
5c7b93e5711337adfa5c70a3bad078424bdf9fd402efb8efb6d61bc2e04f8033,c0c932263913abfdf8e96dad2b89d4887f3b3ba82d1788b67c630f306c6312f0,ATHENA_CLINICS,113122,batch_001,encounters_athena_clinics.csv,122,DISCHARGE_DATE_VALID,discharge_date,DATE_MISSING,WARNING
5c81afcdc2227a552c055b72aa28c879f3ef9031cc1e05eacaee4f61b8a20ad4,b7d717822d8ac581394a00fc35de4b8a6393bb188aca0350a9441a28a9ebd5b7,EPIC_NORTH,E7683938,batch_001,encounters_epic_north.csv,750,DISCHARGE_DATE_VALID,discharge_date,DATE_MISSING,WARNING
5ce6c9c5301beeb9fa2988ee648e202f03de8615d168ad4db212f01cf2d42054,b0185679e6d56fc412fe7e6d70587575d24ab1ff5a382db52b7ccd757010ede6,EPIC_NORTH,E1145731,batch_002,encounters_epic_north.csv,158,DISCHARGE_DATE_VALID,discharge_date,DATE_MISSING,WARNING
5d94432394bc2a3b97a0580a0189333fa3da30eec20a7d798e3ffa7830918870,2c714be93ce2a337ecd3b5c9dd9fd6ff7ab46a137ecb629c958ddadfb2fb86b6,EPIC_NORTH,E9624434,batch_001,encounters_epic_north.csv,19,DISCHARGE_DATE_VALID,discharge_date,DATE_MISSING,WARNING
5d9f349cab95695a81253627b98a7cc0dc39f46baa855605e98dfdd968959c2b,545ee23085185c88925be76c1ae14205588d3a21bdd40e355b8bd71af05a6960,ATHENA_CLINICS,114177,batch_001,encounters_athena_clinics.csv,103,DISCHARGE_DATE_VALID,discharge_date,DATE_MISSING,WARNING
5db0a2b0afac04effd06b72dd791d5c88159976dc3a555a361bbb01c3b812920,bd83abe93e437d409ad8cd71df124f34dcec2779ec9d2947d0924e328d076f08,EPIC_NORTH,E1062547,batch_001,encounters_epic_north.csv,471,DISCHARGE_DATE_VALID,discharge_date,DATE_MISSING,WARNING
5e72bd83f4b5a88c219311773336b5c2b5b976571e92f4b71937ca260472430a,29117ba546c4ba05efe54b84ca238aefa20df6e0af975cf300d55ff40880961d,EPIC_NORTH,E9755638,batch_001,encounters_epic_north.csv,209,PRIMARY_DX_IN_REFERENCE,primary_dx_code,DX_NOT_IN_REFERENCE,WARNING
5e7b1028becc424747a1b0ab1556d8a04c9ad09fc7a96458f6385041643724e4,90b90c8eedccc134d722c1fa147a7c4a9731ca1f4b82dc6c7b4da40b1e791eee,ATHENA_CLINICS,133839,batch_001,encounters_athena_clinics.csv,408,DISCHARGE_DATE_VALID,discharge_date,DATE_MISSING,WARNING
5e7c1ad212739058403b5d6321713db59100e777f6d7e437a94386bf8ddf524b,a5bcdbcdbd182fb930cf2457c09d18f3bddd55cd4ab8a2d9cc8b0a19460e3a5e,ATHENA_CLINICS,116331,batch_001,encounters_athena_clinics.csv,412,DISCHARGE_DATE_VALID,discharge_date,DATE_MISSING,WARNING
5ebea6cdb9835bc9e27585405ae92333bd89324c9976b70a03d6c1af287e46e5,dd6acbdacfe89d687216c7f2754057a9a29f29c130f6586e73bae934447de5a4,EPIC_NORTH,E2501228,batch_001,encounters_epic_north.csv,1287,DISCHARGE_DATE_VALID,discharge_date,DATE_MISSING,WARNING
5ee5d34abbf26ade753e42f14840424c5a2f98847c1164be23e99db9394f837b,b0f8c40a8e44b43ed37a74520753c0a0a2cd1925411bfe6bfda9c6aab270629a,EPIC_NORTH,E2722610,batch_001,encounters_epic_north.csv,1124,ATTENDING_NPI_IN_ROSTER,attending_npi,NPI_NOT_IN_ROSTER,WARNING
5f057790443f8a252c5b2c496f47e60100d4c282ef773743c23d83850927da14,22f174001d7e7716613b7ffbfa629355250c916b06f985eae9b5afcf34cd5b1c,ATHENA_CLINICS,115085,batch_003,encounters_athena_clinics.csv,58,DISCHARGE_DATE_VALID,discharge_date,DATE_MISSING,WARNING
5f96f8874301d38cc358fcb7d86dc573f5903ca7d60669fe2725b4760b5d6b7d,093b344bd1cf47a7fca2f6c2360423b77ac06e549c6cf95b3fe4e51ac02098a6,EPIC_NORTH,E9273493,batch_001,encounters_epic_north.csv,142,DISCHARGE_DATE_VALID,discharge_date,DATE_MISSING,WARNING
6052125b1552607b10de46e1a59dedc6384445da4507b0c98f2d50d29d21e971,dab6ee9aa98a078c38818d158617f00634ca3ead7a12f614a7df6703d2998f97,EPIC_NORTH,E6280886,batch_001,encounters_epic_north.csv,578,DISCHARGE_DATE_VALID,discharge_date,DATE_MISSING,WARNING
605b80205d65d5769d94bc4b2904d6f65e2136955702227f7116ffd087f68293,ec4598fc4b0e0193d6647edddbca23cc80708941235f6978cc7f1a936f21e5ac,LEGACY_MEDITECH,108414,batch_002,encounters_legacy_meditech.csv,198,DISCHARGE_DATE_VALID,discharge_date,DATE_MISSING,WARNING
608bc1fedca17adfdab21e7d0a4087c182594123e4cd1b2a9007564bb1369c5d,6eeb5e21d26166dcdc355814e93df664c11e1bffa03c1cd4e51fc5af1eb28499,EPIC_NORTH,E5857799,batch_001,encounters_epic_north.csv,923,DISCHARGE_DATE_VALID,discharge_date,DATE_MISSING,WARNING
60a0fd480894bb486c42a11116cd13393bb57baac0506efb6bc4b7af318f919d,47ce4aba5c4ac3bab739cdcc7b54bcaa94cc6736a6435a0864b5373dea0902d0,ATHENA_CLINICS,126894,batch_001,encounters_athena_clinics.csv,418,DISCHARGE_DATE_VALID,discharge_date,DATE_MISSING,WARNING
60f1a757735667d912218a6509a4d5c6a6d97132f62b06c06a088dcd468ae5bd,2a423aa3a695c41ce43d90fe4a91f0d431404b7dd305800e0ae64ef3cf534d4f,ATHENA_CLINICS,114418,batch_001,encounters_athena_clinics.csv,940,BILLED_AMOUNT_VALID,billed_amount_usd,AMOUNT_PLACEHOLDER,WARNING
60f1a757735667d912218a6509a4d5c6a6d97132f62b06c06a088dcd468ae5bd,2a423aa3a695c41ce43d90fe4a91f0d431404b7dd305800e0ae64ef3cf534d4f,ATHENA_CLINICS,114418,batch_001,encounters_athena_clinics.csv,940,DISCHARGE_DATE_VALID,discharge_date,DATE_MISSING,WARNING
61f6c677e73e8723619caa305ca7305d3fee43741af12d23adcfbcb8d3c9432e,fde333206b24332d006bc640aed7afab9edaba21ff492c343e8fb33504436c71,ATHENA_CLINICS,124054,batch_002,encounters_athena_clinics.csv,76,DISCHARGE_DATE_VALID,discharge_date,DATE_MISSING,WARNING
620ed577fec70c20e8e74cfe3f69da099e9158fb1e5b22e0667877d772f2dfa5,c0fe6bd653bcaaea6919bfcc75ebeef582e1775c91af25d7ef4debf653e4eb1d,ATHENA_CLINICS,112610,batch_001,encounters_athena_clinics.csv,894,DISCHARGE_DATE_VALID,discharge_date,DATE_MISSING,WARNING
6232ad66cb2e64ed86347370cc70f0fb6f0b30c9977a171f2dbf3b005c41d38b,b8692f6ece3a46334108a043da2ef03b090f26d8876939781899dc9781ee7e5e,ATHENA_CLINICS,116824,batch_001,encounters_athena_clinics.csv,836,DISCHARGE_DATE_VALID,discharge_date,DATE_MISSING,WARNING
6232ad66cb2e64ed86347370cc70f0fb6f0b30c9977a171f2dbf3b005c41d38b,b8692f6ece3a46334108a043da2ef03b090f26d8876939781899dc9781ee7e5e,ATHENA_CLINICS,116824,batch_001,encounters_athena_clinics.csv,836,FACILITY_RESOLVED,facility_id,FACILITY_UNRESOLVED,ERROR
62deeb7b49524b4a63c0532c052e09b2315ce938ba1574b1a04ca4d2cee9e837,f6d6e54522c1a89a79f8934ee214b879efcd67c89d5c5a24520690f557470282,ATHENA_CLINICS,116676,batch_001,encounters_athena_clinics.csv,611,DISCHARGE_DATE_VALID,discharge_date,DATE_MISSING,WARNING
62e5f88175d8125277b1f9f3e1bafb56fbff377f01d0e487cbdbb1667095a3fe,25854b49676ac25f425d6ce8ffdc23b0530cce8af0dce56a55f3b246d622ef86,EPIC_NORTH,E4356482,batch_002,encounters_epic_north.csv,101,DISCHARGE_DATE_VALID,discharge_date,DATE_MISSING,WARNING
62e9194c8ae1f1b1c95b60aea47f2da9c701400bbc9eb99ef17c1f38fe0047e2,1d1779224933d08342928bf9f8ed9d332199494c67f98420a124a8be3edab408,LEGACY_MEDITECH,121108,batch_001,encounters_legacy_meditech.csv,199,DISCHARGE_DATE_VALID,discharge_date,DATE_MISSING,WARNING
62f1ba1925aef85b04554bd7c350f6ea8ed38cc88c57c496075355a7b64318b3,2608be3e6a912879acdf1bf527b5abbde325bafc926377b34fbe8aa20b8ede91,EPIC_NORTH,E6059212,batch_001,encounters_epic_north.csv,1231,DISCHARGE_DATE_VALID,discharge_date,DATE_MISSING,WARNING
63241983073bae7bc68eee05e9784a2e11aa58aa9fafed7c3d0a4c1134227cc7,34f86df1be1defd4f304899bd45b580206b076321722f854ef4b7075579b3335,ATHENA_CLINICS,125032,batch_003,encounters_athena_clinics.csv,49,DISCHARGE_DATE_VALID,discharge_date,DATE_MISSING,WARNING
633ff77f3a2b27a25f16320a93dead240b2b6a3a0f6f2088b18bcf4cc94a922d,15247391dac2ebed1568046e31c7ac5726fd560afd92919c69dcb634f16b8659,EPIC_NORTH,E6411603,batch_001,encounters_epic_north.csv,428,ADMIT_DATE_VALID,admit_date,DATE_INVALID,ERROR
63455b3ea90bd8f5451edf8b197bf4bd29b47f83a6ab1f6d3b40245572810dbf,9c465b5d9432fce6304c5c542fd8abc4d4c31d08b0afb8cd2980fc8220d6f28f,EPIC_NORTH,E8262007,batch_001,encounters_epic_north.csv,276,BILLED_AMOUNT_VALID,billed_amount_usd,AMOUNT_SPREADSHEET_ERROR,WARNING
63ac0ed41d6233728a89012e30d9b73bca9beee014a88ef55cf75e10484154e9,a7f9d04fb1a9c0db9b7d539e9f1c2ed48ccd2022fd43b0b72e708169eb0574c6,ATHENA_CLINICS,131191,batch_001,encounters_athena_clinics.csv,97,DISCHARGE_DATE_VALID,discharge_date,DATE_MISSING,WARNING
63e9d333a47a2c348757a383f55c3be417dc96f3c9142d522b94bffa1a8846ad,dca5f9adb31dd61f8e844a0d167360886868b800af693db8d3479411c4d4592b,EPIC_NORTH,E5369746,batch_001,encounters_epic_north.csv,1133,DISCHARGE_DATE_VALID,discharge_date,DATE_MISSING,WARNING
640110847502f4613847dcd02903cffbd4857df2a5b1e7f9df4d2ca7d0428daf,8041643df5d30dfb1184e20687694d0e17ed7849fb9ad5344cad9bcfc41c23bf,ATHENA_CLINICS,117138,batch_001,encounters_athena_clinics.csv,138,DISCHARGE_DATE_VALID,discharge_date,DATE_MISSING,WARNING
644e623fc8a151192c45cbcc517bd39bd95701b8347f2c7e299383a07d1ca3cc,367702d34f282a9aefa1dfab373e35805615c7be7dd7a4145fe3e0c7198aa7a1,EPIC_NORTH,E2860278,batch_001,encounters_epic_north.csv,588,DISCHARGE_DATE_VALID,discharge_date,DATE_MISSING,WARNING
64db0935a5e7379016c56d27724a2a7f8cfe88a8d382bfafb3919f6ab02ba147,e96c3fae23a355d075d044312fb70a2016371229f30040805f39c0830878b330,ATHENA_CLINICS,119810,batch_001,encounters_athena_clinics.csv,1049,DISCHARGE_DATE_VALID,discharge_date,DATE_MISSING,WARNING
653e48d2314c6390ffa854c7988d11e84024ea1f84e3cce8b06220bb73edaff0,6a75d381aa528dc14219e01dd537d984721abcf8c4c9e2326429a5afac862abd,ATHENA_CLINICS,121648,batch_001,encounters_athena_clinics.csv,950,DISCHARGE_DATE_VALID,discharge_date,DATE_MISSING,WARNING
65723a17bf351e60f81a1235d8d3c86d4f0a08de54eeb38006c16d8c97b8141f,541bca294e381aaf5f77b07870114baa0bbbafcec2ce57174f91b88077f6a005,ATHENA_CLINICS,126674,batch_002,encounters_athena_clinics.csv,105,DISCHARGE_DATE_VALID,discharge_date,DATE_MISSING,WARNING
65bb8ebf00922ff58820fa1327dcf739c76d5e73a2a093672ab8a5309f716195,7d908696f0453cd7d8ff9534dc7633d6ae2e59d54a9845dc7a16124165e391a0,EPIC_NORTH,E9584754,batch_001,encounters_epic_north.csv,64,DISCHARGE_DATE_VALID,discharge_date,DATE_MISSING,WARNING
65bb8ebf00922ff58820fa1327dcf739c76d5e73a2a093672ab8a5309f716195,7d908696f0453cd7d8ff9534dc7633d6ae2e59d54a9845dc7a16124165e391a0,EPIC_NORTH,E9584754,batch_001,encounters_epic_north.csv,64,PRIMARY_DX_VALID,primary_dx_code,DX_UNPARSEABLE,WARNING
65d771ae910566119c751258429e404e1d048e8d5e09ec19c63b579e0bb54ccd,501c2165de949af3b71208dff6ab20e978f08790785e0df7d2ee1a70d8c6ae62,LEGACY_MEDITECH,138077,batch_001,encounters_legacy_meditech.csv,329,DISCHARGE_DATE_VALID,discharge_date,DATE_MISSING,WARNING
661f31f2e52e020ba563f1c67b3f5680699fa337cd408031c4ec26014b4fd542,59e41b647cf52dc5f7607f4e57ddd40ce0045fc84baa455904dbbf598f86d96c,ATHENA_CLINICS,112572,batch_003,encounters_athena_clinics.csv,53,DISCHARGE_DATE_VALID,discharge_date,DATE_MISSING,WARNING
6622f505c85719b81040b3bc74ab99ac58efa4a7f089078f2e9131d068c2e00d,b9e2e8a06465fd0b378ecc96eaaa4e1ab609afd09501aee8aa978f5f46dfbcff,EPIC_NORTH,E5765656,batch_001,encounters_epic_north.csv,1290,BILLED_AMOUNT_VALID,billed_amount_usd,AMOUNT_MISSING,WARNING
6639c3be147f1a640faea006f0449dce192b48b42a65da6d38a29c94ed49fbfa,202500326cddd9ad57b10b345cb56a5ce879a64bcb82579e754165939e6543f1,ATHENA_CLINICS,102057,batch_001,encounters_athena_clinics.csv,1010,DISCHARGE_DATE_VALID,discharge_date,DATE_MISSING,WARNING
664bb7bbae531a24db2923990b7c959292698fdbf59aed16005f197614e934fe,8d7b198016ff3d542c0d2dedd7a361edc421257f8dba9d82142e30eb67587031,ATHENA_CLINICS,133268,batch_001,encounters_athena_clinics.csv,598,DISCHARGE_DATE_VALID,discharge_date,DATE_MISSING,WARNING
6657aeae79d3e6975dda2a8bcbf14625ecbe37b563ae0df3f0bfed4251eabe17,7ee9a5704080456d6b18bf3e99b76328fa7bedcdb1f60cad19208191e9c03e42,LEGACY_MEDITECH,127586,batch_001,encounters_legacy_meditech.csv,217,DISCHARGE_DATE_VALID,discharge_date,DATE_MISSING,WARNING
666c2da10eebb59c5252040d5b74cf432416664cc7ee8b4fdee0689180d20f91,4c76e3c08ceca2b230d8cb9802cc9c653cdc6b6bdfc46d009a7f8e64d0059280,ATHENA_CLINICS,136207,batch_001,encounters_athena_clinics.csv,548,DISCHARGE_DATE_VALID,discharge_date,DATE_MISSING,WARNING
6671d019afa95827eb155f098ba1e23ee33d8fd171e78a81e5f9c0cfa74cf6f7,699a0e5e6bc660fbf0d46927f54abcd21d316b0d9639463bcba41093c6f8524a,EPIC_NORTH,E5230981,batch_001,encounters_epic_north.csv,985,ATTENDING_NPI_VALID,attending_npi,NPI_MISSING,WARNING
66b12a6949884f20bb7d12e8311b823645672261cd9c4a8b506948034a1bbcc8,fb1ab189816e0365dfa400c8db3105c49fb540acc15dc69baf8cbb788900f06c,EPIC_NORTH,E3226035,batch_001,encounters_epic_north.csv,171,DISCHARGE_DATE_VALID,discharge_date,DATE_MISSING,WARNING
66d20cebaf56e865d4b88be6de56a8126c3edaee2ed26e1448656171c1d89d6d,3c3ad41fc8c02525588a253be59b8a1be0d3cca4d22f8f2818a362268567bc07,ATHENA_CLINICS,120117,batch_001,encounters_athena_clinics.csv,224,DISCHARGE_DATE_VALID,discharge_date,DATE_MISSING,WARNING
66e35184f7eccc25c4d238feda3be4572a314f7c161654de4754bccfcdea23bb,5d2c99d3bf2f3183943c6b8cf2256def026c8ed0722c78d821c5a1086cd65832,ATHENA_CLINICS,106179,batch_001,encounters_athena_clinics.csv,121,DISCHARGE_DATE_VALID,discharge_date,DATE_MISSING,WARNING
672727559cae5175b183147c647eaf38bb5307750a4eb64685f1d100333436f7,09193b3681b86a260201ac57d89b4fec5ed4191492159713fe0b463f7a5ac611,ATHENA_CLINICS,116093,batch_001,encounters_athena_clinics.csv,857,DISCHARGE_DATE_VALID,discharge_date,DATE_MISSING,WARNING
673f5b4222e9167985657c962fcacab3434ce8c6c5c4cd461621ba9d798e7203,9f5b8493cd154676ae8a16e28ca779201fccee3f6cfa76095f4ed5aaa80e2939,ATHENA_CLINICS,134505,batch_001,encounters_athena_clinics.csv,961,DISCHARGE_DATE_VALID,discharge_date,DATE_MISSING,WARNING
675b3a2cb2d2c095275f119be46353322dba2ccfce3df6572596a4d3ffceebf9,643639374ba66434228a7fc948f9c1ccb25711c11cf42d16a8449f6de0c74e79,EPIC_NORTH,E8396754,batch_001,encounters_epic_north.csv,1311,BILLED_AMOUNT_VALID,billed_amount_usd,AMOUNT_SPREADSHEET_ERROR,WARNING
677a668e282495a533db2444fdcabc4bcb32957ebe56e8e5f7e17c12ce0b3568,f36bbdcacdf62df0d3e228274faeca617e5fe2e3809fb6af1d102bd3b894e191,ATHENA_CLINICS,136856,batch_001,encounters_athena_clinics.csv,513,ADMIT_DATE_VALID,admit_date,DATE_INVALID,ERROR
6823e3ee4b0d67279a0a7591e3e95a4563f7f23477014673f11d9e3a106c4972,0a49a981dde71295326aa6c7e68758ad7fac479ece99f1760e6ef46d718b9541,LEGACY_MEDITECH,132836,batch_001,encounters_legacy_meditech.csv,123,ADMIT_DATE_VALID,admit_date,DATE_AFTER_DELIVERY,ERROR
684882bb41d66b27880d7f8a557a4f3bebf8f237a8d651d8f6e2c5a0666b73a4,c9fe8bba24b76e76667161cf53457ee6a04e6b938542a6e87e49624cb49f953a,ATHENA_CLINICS,101096,batch_001,encounters_athena_clinics.csv,292,DISCHARGE_DATE_VALID,discharge_date,DATE_MISSING,WARNING
687e830a6b2b7aacacd9c693dccfa6ff667771ac819a49e6de8a0a8bc337cfe0,b5ad2756a364e8b86073404b006235cd158ff23ef67954eb3a686fea862930a5,ATHENA_CLINICS,129930,batch_001,encounters_athena_clinics.csv,1062,DISCHARGE_DATE_VALID,discharge_date,DATE_MISSING,WARNING
68a93d05c1ef6dce77a01c59b4aa0328b7e309fe2a19bd89478334bd7d6b775d,e7a88c47064ad5202da8a8e66cb71bf7cb509068c2c8e9ea0764d354502c3a5c,ATHENA_CLINICS,138616,batch_001,encounters_athena_clinics.csv,726,DISCHARGE_DATE_VALID,discharge_date,DATE_MISSING,WARNING
68b7017dde0d731b1aa10367180a9e113fd698bf57ad2f27f9ced422f994a29e,e69c9ca5c4b701f49ad70e07267ac407bf582211a8b215e44394e9b87182b332,ATHENA_CLINICS,110434,batch_001,encounters_athena_clinics.csv,964,DISCHARGE_DATE_VALID,discharge_date,DATE_MISSING,WARNING
69377bccfe31a2d6a67ce48719c1402aed249afb43b174b3abe6202574494f60,d12f777a194216a33045939fd5fd903ab54e6e24cbb9e60c001852ef5d7e977e,ATHENA_CLINICS,138335,batch_001,encounters_athena_clinics.csv,481,DISCHARGE_DATE_VALID,discharge_date,DATE_MISSING,WARNING
6939ec5926d94a5552b18ecfd9b397c43d6803345722becfdab80b85a47855b4,ce3329240414b847eca9f6eab01516c10debb898e695e828d352817cf875bf49,ATHENA_CLINICS,101733,batch_002,encounters_athena_clinics.csv,136,DISCHARGE_DATE_VALID,discharge_date,DATE_MISSING,WARNING
69f7d4f2b288fe28f167bcdb3aa23b4614f2b244305aa083dd15f9684f35fb6b,e66818f984569046215ae890f782574fa9a7d14bc34142fb6fada5b9174e6534,LEGACY_MEDITECH,106914,batch_001,encounters_legacy_meditech.csv,170,AGE_BAND_KNOWN,age_band,AGE_BAND_DOB_UNAVAILABLE,WARNING
69f7d4f2b288fe28f167bcdb3aa23b4614f2b244305aa083dd15f9684f35fb6b,e66818f984569046215ae890f782574fa9a7d14bc34142fb6fada5b9174e6534,LEGACY_MEDITECH,106914,batch_001,encounters_legacy_meditech.csv,170,PATIENT_LINKED,patient_link_status,PATIENT_UNLINKED_NO_DOB,WARNING
6a31b801d29e14bbc525acf60ac78d8f84d955e8d4fdccf3e0242b82140fedbb,a8fd7067ad8f1ba5736534d7b35553aa1d500488fb7b522cb873687f7a4085df,EPIC_NORTH,E3008027,batch_001,encounters_epic_north.csv,61,DISCHARGE_DATE_VALID,discharge_date,DATE_MISSING,WARNING
6a9c71a62d8f01fad550818f50ac483c82672e57f496dcf66cc1c30674233387,a33ac01162d6fa001fd6e1e8814a84c9d59937edad87f7b5c5782198a421a749,ATHENA_CLINICS,114684,batch_001,encounters_athena_clinics.csv,712,DISCHARGE_DATE_VALID,discharge_date,DATE_MISSING,WARNING
6ab05006527a75eee5faea1ab3eb7f8357fe04860f5ebcdb2a916f4098a437b3,a43162e7779018f9496c47bf78349426b5637be9cd221ae956526ae25ee8d8c8,ATHENA_CLINICS,128234,batch_001,encounters_athena_clinics.csv,270,DISCHARGE_DATE_VALID,discharge_date,DATE_MISSING,WARNING
6acda4353385a83cfc6897e806dfcd99b6cd8d42fa05c03d23d5e778404c825e,b35ac5c9263a7f0441c1dd78189a423aeeffa25bae91cf173321afec6414a31b,ATHENA_CLINICS,102467,batch_002,encounters_athena_clinics.csv,81,DISCHARGE_DATE_VALID,discharge_date,DATE_MISSING,WARNING
6ad2aafe6c4935cc255667c38dd70a941b4f46515dc795c06c232373bbebd055,dc6bb272855c895c245c3c72d629b10d0395ce5967475a2417915f6eefc853da,ATHENA_CLINICS,127291,batch_002,encounters_athena_clinics.csv,128,DISCHARGE_DATE_VALID,discharge_date,DATE_MISSING,WARNING
6aec92ede1a6f954d0ef20794aa3259c7d871584f99deb31ca3b1b6da00b3a1e,2478dcf7e15d792ac87182b02dbb9208b468f39a303967f1c42be9cfc99c4406,EPIC_NORTH,E3240381,batch_001,encounters_epic_north.csv,139,DISCHARGE_DATE_VALID,discharge_date,DATE_MISSING,WARNING
6b0e8850166257bf76b8a417ee2f0fb0d924981942d32ebfa300b7fd135f70a0,baacf9777208b2de3429c81ca425cdb13f7ee9df6c968e52b3edb76eb15893bc,LEGACY_MEDITECH,111911,batch_001,encounters_legacy_meditech.csv,198,DISCHARGE_DATE_VALID,discharge_date,DATE_MISSING,WARNING
6ba67b215cea933431f4c38685b10eef4b400ee2fea482a8e502284e51b4e729,aba3682b796974c7ba5ec7b2e515d1e4d7bd3ecf4f4eb6a465798e4e4ba4e076,ATHENA_CLINICS,118315,batch_001,encounters_athena_clinics.csv,348,DISCHARGE_DATE_VALID,discharge_date,DATE_MISSING,WARNING
6ba67b215cea933431f4c38685b10eef4b400ee2fea482a8e502284e51b4e729,aba3682b796974c7ba5ec7b2e515d1e4d7bd3ecf4f4eb6a465798e4e4ba4e076,ATHENA_CLINICS,118315,batch_001,encounters_athena_clinics.csv,348,FACILITY_RESOLVED,facility_id,FACILITY_UNRESOLVED,ERROR
6bb975001e706158cc1a298e96cc2312c380a2cdac765223ee039b7227f73d8d,37787d48c2bcfe9a8fd68750a86dc10f9dfb57268199e640a68964f2481baa3c,ATHENA_CLINICS,127592,batch_001,encounters_athena_clinics.csv,881,DISCHARGE_DATE_VALID,discharge_date,DATE_MISSING,WARNING
6bf5ef302645d0a4e100af8b0104c7d3bb6ec11fae158be38d3bb078036f0f3a,0578180cef215c079185316a4b7298db62e5927865bd957604d44663f2641279,EPIC_NORTH,E1876309,batch_001,encounters_epic_north.csv,349,DISCHARGE_DATE_VALID,discharge_date,DATE_MISSING,WARNING
6c08565a8467523471e0498e549732390c142701ed062915cd428daef3531496,4a57416d53579dbd8d0a05bdb7ec6fe26280c2828ea75b1be25cb5e7138b1aab,ATHENA_CLINICS,136363,batch_003,encounters_athena_clinics.csv,33,DISCHARGE_DATE_VALID,discharge_date,DATE_MISSING,WARNING
6c605072d05e718fd4e1ce17d24d81a2c5bf415d7ab0036beeb47e3281bb8365,9d193ea11bb47a9ee47ea8494af241e042cd2283f15410d1a4555e9985fb7c89,EPIC_NORTH,E7604171,batch_001,encounters_epic_north.csv,751,BILLED_AMOUNT_VALID,billed_amount_usd,AMOUNT_PLACEHOLDER,WARNING
6d032cb0853b43a9dd7abb734d77cb1209242dd33f17498beee388cc69dcc65a,ed21b01fbc6eb52462c150ad5e567c7517f02822dfd86178492f87b3381bf302,ATHENA_CLINICS,109393,batch_001,encounters_athena_clinics.csv,162,DISCHARGE_DATE_VALID,discharge_date,DATE_MISSING,WARNING
6d7df35f94c74893a9de2a426eff788fbc88f9f644847f4667080f70bec486d7,8798bdee486eef0d79d49427445030620d44e0a8da9e9fb867e904fed5199c9f,ATHENA_CLINICS,120801,batch_001,encounters_athena_clinics.csv,759,DISCHARGE_DATE_VALID,discharge_date,DATE_MISSING,WARNING
6dfd9a55c90edae1a72994a7c91f0ca914082931d5253966d1d02a7cbe75d6aa,4382815a2554f4962391d9be5ea6bc005eb5fd5caf03a2efda62b2d0de1f8ed7,ATHENA_CLINICS,123434,batch_001,encounters_athena_clinics.csv,1011,DISCHARGE_DATE_VALID,discharge_date,DATE_MISSING,WARNING
6e6aef2d07d023717676f6e08e50baa51ec2ed352d31c767894eda58d35fa611,b298299797c5b491344a25a486ee9f08921ad755336f85875f8fed0845fecfce,EPIC_NORTH,E7626357,batch_001,encounters_epic_north.csv,749,DISCHARGE_DATE_VALID,discharge_date,DATE_MISSING,WARNING
6e6b8ff375c86b111e550cd2585e66ebfc9f691d8a53bc25972d796978b778be,b7ee2bf38a90309c6420ee6150273b076c6fb0d3cb31f932f0804f71e0184ffc,LEGACY_MEDITECH,107061,batch_002,encounters_legacy_meditech.csv,211,PRIMARY_DX_VALID,primary_dx_code,DX_ICD9,WARNING
6e6cd602381b3ebd7cb6b340ad62e2fe889c0c373f57b4d7ad6d843390c10d07,8e7d518e7f41c9d3890bb626f2880949427a86b9958437c3d10d3e188740d5b5,EPIC_NORTH,E1211070,batch_001,encounters_epic_north.csv,868,PAYER_MAPPED,payer_category,PAYER_MISSING,WARNING
6ead795bcfa01bc4dd5eb0c55d86219ad08c49a28425d1509c3fab2d5c2a41c3,1ed0f26f173f3561a597b7c19f338927d35eaa354ed8ace3fb9eae5abe41108b,LEGACY_MEDITECH,129664,batch_001,encounters_legacy_meditech.csv,299,DISCHARGE_DATE_VALID,discharge_date,DATE_MISSING,WARNING
6f63d0e8ac1c4426d02a6663d0bb2a1fda19ca59a3c3d1b0724e50879a90bc4d,7e5ba412518ec4e84c6906149ca35ab93aaa09a2000148d885c9309ea8979ea2,ATHENA_CLINICS,132528,batch_001,encounters_athena_clinics.csv,347,DISCHARGE_DATE_VALID,discharge_date,DATE_MISSING,WARNING
6f8637dc4f166cace3bed286221ba72ecbfc0ac250c7efc292db087b0a93afc5,5fdfcc8f8a20f8a67ec1f77ca7cd71cb15d641ea59a43c4f867713f3da6b3805,EPIC_NORTH,E1704593,batch_001,encounters_epic_north.csv,1012,DISCHARGE_DATE_VALID,discharge_date,DATE_MISSING,WARNING
6fb79fbc3294eb1002a8ce9bf953ec336f3790962535fe7a77cb666496392347,aa7f487e43e2329dd9d2bf254171d508a2aab6dada98e9b9ca9df3ec7d926201,ATHENA_CLINICS,104644,batch_001,encounters_athena_clinics.csv,953,FACILITY_RESOLVED,facility_id,FACILITY_UNRESOLVED,ERROR
6fd98f7bf924f391f4a0305e1446b30c7027d16a4cc83f3f91b6a37300362cf1,356f9eb921d0450a349f025a84f905dfa172ac916e368125c75a4076f8483d8b,EPIC_NORTH,E3547542,batch_001,encounters_epic_north.csv,897,DISCHARGE_DATE_VALID,discharge_date,DATE_MISSING,WARNING
700553edb70ac6e248e55a6b509b3107555e3fbef0439630d662a2d18d42cd1d,845ac45e23a05cb6301adef9ab4b6c40de6df100e14a34d5844340ed07ec3e20,EPIC_NORTH,E6700840,batch_001,encounters_epic_north.csv,286,DISCHARGE_DATE_VALID,discharge_date,DATE_MISSING,WARNING
7006dda524f60c280bf6bd98537909fb0150eaba788fea483f9bcbe9f10c3356,1d2fa259f1acb4ccc632bd544276a7013d092b299b2dc6fe96c5fff9aec921db,ATHENA_CLINICS,107688,batch_001,encounters_athena_clinics.csv,1004,DISCHARGE_DATE_VALID,discharge_date,DATE_MISSING,WARNING
7085f317767225840629102f253e334f624d1c3c7e1f4b2d84fdea4ebfdf77f0,d1c3e3953fe225037b3c625433f0e4b26ec9940461a9547f4d38575648d1b2ee,ATHENA_CLINICS,125363,batch_001,encounters_athena_clinics.csv,413,DISCHARGE_DATE_VALID,discharge_date,DATE_MISSING,WARNING
70b406370b8818ffe4b357eb4036e536cc3ececcd3394becee09e7c1b5601ce1,1c12bcc3255dd3ee24e7cc98b74e79dba6dd08281a8fd8a77fa29bc5ec01c2f5,ATHENA_CLINICS,127833,batch_003,encounters_athena_clinics.csv,45,DISCHARGE_DATE_VALID,discharge_date,DATE_MISSING,WARNING
71223ea5a18c65f1b3b13c028c2e73d0039104a198676d64bf1af0bc48530da3,4f07d4b4af55cb434a9e65a0e8722f3e69e5544478856fec767216bda2b42c72,EPIC_NORTH,E1470993,batch_001,encounters_epic_north.csv,299,DISCHARGE_DATE_VALID,discharge_date,DATE_MISSING,WARNING
7143c9436cd41b68ca5499602caef598a65bcf954834c68238f0efcbe0bb4e10,a93fa8fb6f4de027ec0389050d92c07138fc813ea0c910ae41bea89ec2fb5e13,EPIC_NORTH,E1551173,batch_001,encounters_epic_north.csv,1233,DISCHARGE_DATE_VALID,discharge_date,DATE_MISSING,WARNING
71492cde23c7ce866861fe6ae067d0a21934a54b9f5da0c85fd63434bdc00595,d2bd9a5348c6feafe4b3e6bad6bf5f3b0720be5c1f181ed8603059d5c5fe59da,ATHENA_CLINICS,129035,batch_001,encounters_athena_clinics.csv,429,DISCHARGE_DATE_VALID,discharge_date,DATE_MISSING,WARNING
7152e4f6f21011a34f9a826e4a7793f4b198c73a8feb7e6dc38e3e572416d763,84d2fb3d330ce700510df1d7d4578af5831e5f1a449023fe4d0e337fdf68c391,EPIC_NORTH,E1138041,batch_001,encounters_epic_north.csv,133,AGE_BAND_KNOWN,age_band,AGE_BAND_DOB_UNAVAILABLE,WARNING
7152e4f6f21011a34f9a826e4a7793f4b198c73a8feb7e6dc38e3e572416d763,84d2fb3d330ce700510df1d7d4578af5831e5f1a449023fe4d0e337fdf68c391,EPIC_NORTH,E1138041,batch_001,encounters_epic_north.csv,133,PATIENT_LINKED,patient_link_status,PATIENT_UNLINKED_NO_DOB,WARNING
715b3912405124d7d54316a373149dff298cc6d64f416c6da402c62c46807dfb,dae78243483f7b1bd070dbcde1dc41fe90d0cd5338db4e57c36dff41ed7390e3,EPIC_NORTH,E8038456,batch_001,encounters_epic_north.csv,1363,DISCHARGE_DATE_VALID,discharge_date,DATE_MISSING,WARNING
71a69155d611db4368df2fb7d23fa2823e03932ce32d77dd44f0677c3e432514,b41e09b5c8bf1f0f8e074bc9d26f6670fb7838bc5b4f1f20ee57561252f9839e,EPIC_NORTH,E3716170,batch_001,encounters_epic_north.csv,929,DISCHARGE_NOT_BEFORE_ADMIT,discharge_date,DISCHARGE_BEFORE_ADMIT,WARNING
71ab864b6708d87b96d6df02326750907b94ec52269d5175db46c8a46d2f2d85,413bbbed328a42d63589a01e2628d5cdedb10b017555c368496924f8b68f1b7e,ATHENA_CLINICS,126446,batch_001,encounters_athena_clinics.csv,705,DISCHARGE_DATE_VALID,discharge_date,DATE_MISSING,WARNING
71c9a99148115af3160ce46459ef7655047fdb23f89ce86b81a0fb24557bbb56,c657151bec8dfd517249839464da4f79ce60fa73cb4ba4ba419efc4d55274f1a,ATHENA_CLINICS,122833,batch_001,encounters_athena_clinics.csv,313,DISCHARGE_DATE_VALID,discharge_date,DATE_MISSING,WARNING
71f5f03e4a4b387cae451533f222fd856ba7ddf6ed2c1622e5bf38526cd8a326,b0cd52c4421d2a18cf9f72dd5be28e6bae32c96778b1d9122b891da900c6efcc,LEGACY_MEDITECH,127269,batch_003,encounters_legacy_meditech.csv,25,DISCHARGE_DATE_VALID,discharge_date,DATE_MISSING,WARNING
7252e34b0f7b6697415532f4efe013946942c368c3140c04879ccc4faca1985a,fdfb1b918f31c7335b8b71ae1d45e245e77013762cbdaf9fc504a0d769a048df,EPIC_NORTH,E3963583,batch_001,encounters_epic_north.csv,33,DISCHARGE_DATE_VALID,discharge_date,DATE_MISSING,WARNING
72a5a13d57007a8186f2853fc60e535d8ec435af8079398f3e04ebc9f5355252,c306efe60e98f3dc51dc8444cdd132d584ee810e58330870f71581e30eb172e3,EPIC_NORTH,E3612485,batch_001,encounters_epic_north.csv,58,DISCHARGE_DATE_VALID,discharge_date,DATE_MISSING,WARNING
72be7097484dcd94815664090fdb886037b9711309c08c4b950e1c06af5a47da,9b476a451c51f9d2b5d9382739b1ca4d941aa33c3e3f931a90a210768174d1bb,EPIC_NORTH,E5456949,batch_001,encounters_epic_north.csv,848,BILLED_AMOUNT_VALID,billed_amount_usd,AMOUNT_UNPARSEABLE,WARNING
72be7097484dcd94815664090fdb886037b9711309c08c4b950e1c06af5a47da,9b476a451c51f9d2b5d9382739b1ca4d941aa33c3e3f931a90a210768174d1bb,EPIC_NORTH,E5456949,batch_001,encounters_epic_north.csv,848,DISCHARGE_DATE_VALID,discharge_date,DATE_MISSING,WARNING
73066b8b49814fb04cb6855ec949cff741cf1716d80219b6e3d318e5d6b14173,8945ffa0ffa3539d28f476d1aff5ab980e7e577149cbfceb433f90c75c180723,ATHENA_CLINICS,101223,batch_001,encounters_athena_clinics.csv,999,DISCHARGE_DATE_VALID,discharge_date,DATE_MISSING,WARNING
731a6c9ab9d87fe7809c91bd33ebf7eae2beb34877a55df2f61cdf24db857d56,715a7e22712443e2b003ee9a400e03f0d165cb648cef99a0afc1534bfa98977a,EPIC_NORTH,E5723253,batch_001,encounters_epic_north.csv,672,DISCHARGE_DATE_VALID,discharge_date,DATE_MISSING,WARNING
733c6dbc87c7380beb67fb447f729df5d888d437bad5ee8308c5599c7691186f,d5c2e7af1061a5dfc1532d558c6ae57c8cb4740cd9c69067fc6525bac9e819bf,ATHENA_CLINICS,131167,batch_001,encounters_athena_clinics.csv,665,DISCHARGE_DATE_VALID,discharge_date,DATE_MISSING,WARNING
736328935d0b2ffcc4f4a645a6520e9a7ae230427c6c76503cc5de832c5ae644,ad235cc144c5649be8882c402b6861ae55a3feef61b8c2754eda34b501f21f2d,EPIC_NORTH,E6300989,batch_001,encounters_epic_north.csv,694,DISCHARGE_DATE_VALID,discharge_date,DATE_MISSING,WARNING
73a4fd13330a3fe3a9dfd4e5fdb3a7550bbf55eb0d76e938b71af15082e330b2,074698c8d8aa2c72b733aa3bfaddfe205b1af3e454426d8c62f321edd26cd227,EPIC_NORTH,E8426332,batch_001,encounters_epic_north.csv,653,FACILITY_RESOLVED,facility_id,FACILITY_UNRESOLVED,ERROR
73b8066754fd444820f65286554dd8511f531e8b14ba2013a4ea7cd4a9a0ee69,38ec3150b01c7d95ce1f56aae1c761599734eeb1fc04b87f7b1c7742cc5bea3b,EPIC_NORTH,E1160364,batch_001,encounters_epic_north.csv,877,DISCHARGE_DATE_VALID,discharge_date,DATE_MISSING,WARNING
73ddaad25bf3577f2bb082f9826d40be32c3d3b938c094eda659c176e903c3b4,6cf5e60d0648f97a00c12cc2ad1d36b22c4e17d9fce592f3993daf3d89ee2260,ATHENA_CLINICS,103846,batch_003,encounters_athena_clinics.csv,12,DISCHARGE_DATE_VALID,discharge_date,DATE_MISSING,WARNING
73f8480912d9e6f24bd1e4986520a53ae8e59b6089a143a612f15ff6f37a2118,2d5a7b572757ffe4f175bbe6b3df2fc71fb9bc80c010cb18c28aa8c2f743aa79,LEGACY_MEDITECH,122379,batch_002,encounters_legacy_meditech.csv,230,PRIMARY_DX_VALID,primary_dx_code,DX_ICD9,WARNING
7478892d3aa1a3cb9aebac05c1280295978c6212dbe949b1bc0319a21e4d6c2c,9f5493f8a9d89b621e7937583597d3f72c093c72f29b4fb2f5dd0abf2e075b9f,ATHENA_CLINICS,134858,batch_001,encounters_athena_clinics.csv,456,DISCHARGE_DATE_VALID,discharge_date,DATE_MISSING,WARNING
759ff2d89a0d808a5b18d75ba6e90100645a85a779237b5c8b6b35eb87102cf1,25854b49676ac25f425d6ce8ffdc23b0530cce8af0dce56a55f3b246d622ef86,EPIC_NORTH,E4356482,batch_003,encounters_epic_north.csv,22,DISCHARGE_DATE_VALID,discharge_date,DATE_MISSING,WARNING
75a683cdc0d9be225764d72ab44fbc4d624d7a284bc28f098dedd542e3f39570,8f4a2482c9d9d80d637881abcfeb8ae4b238936c3fcd5bb1deeb2e68dd649840,ATHENA_CLINICS,137772,batch_002,encounters_athena_clinics.csv,28,DISCHARGE_DATE_VALID,discharge_date,DATE_MISSING,WARNING
75a6976ba24168e5ee4bed21f9a9b5529a83a4aacfeb2ff800b7b45167f56057,699c923adc19d346f0a9efb684b46bda2421cb26e83c0ee8e03a6e6900b5b1bb,ATHENA_CLINICS,112212,batch_001,encounters_athena_clinics.csv,50,DISCHARGE_DATE_VALID,discharge_date,DATE_MISSING,WARNING
75c7fe80faf51c73ba2e424f037cbec0ed2dd5f47747d35a52d080a5b9015d02,d8411fc99832f5c9d81effd419ec04f9f3da7644fa862da39150f4b269d0a513,EPIC_NORTH,E6729035,batch_001,encounters_epic_north.csv,956,DISCHARGE_DATE_VALID,discharge_date,DATE_MISSING,WARNING
75ca3b89e7923e26da4f36beb5b858ce5e38d05dd429425625824d471dda0683,1c2dfa3bb470a8623144702157310513086ccef39cd0f8c19b17862c58175ea1,ATHENA_CLINICS,131963,batch_001,encounters_athena_clinics.csv,323,DISCHARGE_DATE_VALID,discharge_date,DATE_MISSING,WARNING
75eb3b8de662843645cd739457b4f3e0fc71fb662ac97da7f754d2d5f8a6e407,53a1ad13054b09b41f9f4288627e273458ca82b78d816f6da7629d2842af86f7,EPIC_NORTH,E3969962,batch_001,encounters_epic_north.csv,1188,DISCHARGE_DATE_VALID,discharge_date,DATE_MISSING,WARNING
76245fa6e925794f819f800a17a151d6a08ebe52e309d4b1d96c3d0ca041541c,8770342db6a63e469169a6cd4068ba5c846a1a44bc52e44531d0a57176522f59,EPIC_NORTH,E9888787,batch_001,encounters_epic_north.csv,958,PRIMARY_DX_VALID,primary_dx_code,DX_UNPARSEABLE,WARNING
762da0543046f83b899a0bfde9a3731b5523d15dfad28a8df521f6f85654364f,57a15f30cea800f8f9df27767ec26537e6a6b1ee3f3333935b944771e74c0116,ATHENA_CLINICS,108136,batch_001,encounters_athena_clinics.csv,524,DISCHARGE_DATE_VALID,discharge_date,DATE_MISSING,WARNING
766360ff50a596f38f779ba98c366c96e3740b803d43038af573902eba373806,9cfc8e599278b6100bf3e222b52fd2cdf66145a161c211a8dd83c4087ae28953,ATHENA_CLINICS,117013,batch_001,encounters_athena_clinics.csv,673,DISCHARGE_DATE_VALID,discharge_date,DATE_MISSING,WARNING
76d9f9f6ee844f7c426999757dcbfba6f45c95f3464eff3cb5485b87d0e0d96e,fcc808aa75f0a1cd58d89ff0dbcafded92c6125aacee78f34bc168ddd4d30efc,ATHENA_CLINICS,105771,batch_001,encounters_athena_clinics.csv,243,DISCHARGE_DATE_VALID,discharge_date,DATE_MISSING,WARNING
7716357f8ba810c6f63e8deb55e034936667753899875535f180c13f38617530,22f996db5ab46eadf0fcf31df463196fe4a9c12f8b11a9378d6035f2cc75250d,LEGACY_MEDITECH,139244,batch_002,encounters_legacy_meditech.csv,260,PAYER_MAPPED,payer_category,PAYER_MISSING,WARNING
77339264ab5550f2b566196c70853eaaf7cf62575ff5c54c96ae7e94e733472d,5fe457c40b04eba2895bdc6ee07c3524ce2ec466d2440fe4aac553cec3c82981,EPIC_NORTH,E5899149,batch_001,encounters_epic_north.csv,890,DISCHARGE_DATE_VALID,discharge_date,DATE_MISSING,WARNING
77339264ab5550f2b566196c70853eaaf7cf62575ff5c54c96ae7e94e733472d,5fe457c40b04eba2895bdc6ee07c3524ce2ec466d2440fe4aac553cec3c82981,EPIC_NORTH,E5899149,batch_001,encounters_epic_north.csv,890,FACILITY_RESOLVED,facility_id,FACILITY_UNRESOLVED,ERROR
7736fabb7ad4863987b4083f03381066ba2d49fe2d4a00aec60f05964e6d271f,5dd25ec5146b9694a779d276695e35b12f87c5d040b377e01f67f383ed48c348,ATHENA_CLINICS,137487,batch_001,encounters_athena_clinics.csv,185,DISCHARGE_DATE_VALID,discharge_date,DATE_MISSING,WARNING
7740a906c28f8907f21559ad26ad1b7feeb8d398564305f9706bd2a30ad6316d,ad9504830d2572c62347cf03ad74458c9c398675c75cb0a752d533144e99b1f5,ATHENA_CLINICS,130575,batch_001,encounters_athena_clinics.csv,948,DISCHARGE_DATE_VALID,discharge_date,DATE_MISSING,WARNING
77958a9d3c2e1a1557bcd72b03461b52f1d1230ed02e89c3f0a6aa3c79800fcf,48f69e8d4130eab88d096a1d32c62f412cee37b01215f8e5c8a316541ac5e762,ATHENA_CLINICS,136233,batch_001,encounters_athena_clinics.csv,210,DISCHARGE_DATE_VALID,discharge_date,DATE_MISSING,WARNING
77b6cd377d6484512b78e8fc0a5cc664a9a04af24e12ceded7a7211198b41839,9fe01ad545f81d842d0723160efc90f279cbe52ec282a8cf52eca0ea9734939e,EPIC_NORTH,E8639958,batch_001,encounters_epic_north.csv,1310,BILLED_AMOUNT_VALID,billed_amount_usd,AMOUNT_SPREADSHEET_ERROR,WARNING
7882621c31aecb57e455eed8e9b5a186a80dfbd0cb075fe7e47b57612c4164ad,fa63ab1b56d8fe198f6dde0c20bfc01e2b5fbdd8a0c47907c21909faa3626ad3,ATHENA_CLINICS,112421,batch_001,encounters_athena_clinics.csv,1069,DISCHARGE_DATE_VALID,discharge_date,DATE_MISSING,WARNING
78b2a30687eada52c4217e0519af6b0faecfcbfa5a07f106e1bd31b325aa6560,f2606cfe06db3b7da4f301c22ff7031bf787a6fbe3cd9b6599ce149420a0f0c6,EPIC_NORTH,E3561512,batch_001,encounters_epic_north.csv,1020,AGE_BAND_KNOWN,age_band,AGE_BAND_DOB_UNAVAILABLE,WARNING
78b2a30687eada52c4217e0519af6b0faecfcbfa5a07f106e1bd31b325aa6560,f2606cfe06db3b7da4f301c22ff7031bf787a6fbe3cd9b6599ce149420a0f0c6,EPIC_NORTH,E3561512,batch_001,encounters_epic_north.csv,1020,DISCHARGE_DATE_VALID,discharge_date,DATE_MISSING,WARNING
78b2a30687eada52c4217e0519af6b0faecfcbfa5a07f106e1bd31b325aa6560,f2606cfe06db3b7da4f301c22ff7031bf787a6fbe3cd9b6599ce149420a0f0c6,EPIC_NORTH,E3561512,batch_001,encounters_epic_north.csv,1020,PATIENT_LINKED,patient_link_status,PATIENT_UNLINKED_NO_DOB,WARNING
78ea8907991bcb3e49f7ea356426144544368218eb1d59ae761b13b4e5d9ed77,7a8a8ada3460b61e962fd969c424b517881798430ddffe7635610590d93a4c6e,EPIC_NORTH,E3686784,batch_001,encounters_epic_north.csv,756,DISCHARGE_DATE_VALID,discharge_date,DATE_MISSING,WARNING
78edc5b9ac58a552b6510461bde0f7b628a58c536d46805d47a4e42b62dd77fc,c71c66090cf45a61ffb6a79e4cd57e5803ff526593ede350b39c9c2aba1fdfa8,ATHENA_CLINICS,112236,batch_001,encounters_athena_clinics.csv,589,AGE_BAND_KNOWN,age_band,AGE_BAND_DOB_UNAVAILABLE,WARNING
78edc5b9ac58a552b6510461bde0f7b628a58c536d46805d47a4e42b62dd77fc,c71c66090cf45a61ffb6a79e4cd57e5803ff526593ede350b39c9c2aba1fdfa8,ATHENA_CLINICS,112236,batch_001,encounters_athena_clinics.csv,589,PATIENT_LINKED,patient_link_status,PATIENT_UNLINKED_NO_DOB,WARNING
792c996760c8061770d890d8dd0ecb3b10160a22364bd0c6ae82ea9dce7819a5,655d57628d824d411f5bb361b7a6346c1a20d1d391ced55030a53fc007a6e939,EPIC_NORTH,E8302058,batch_001,encounters_epic_north.csv,1384,ATTENDING_NPI_VALID,attending_npi,NPI_INVALID_FORMAT,WARNING
792c996760c8061770d890d8dd0ecb3b10160a22364bd0c6ae82ea9dce7819a5,655d57628d824d411f5bb361b7a6346c1a20d1d391ced55030a53fc007a6e939,EPIC_NORTH,E8302058,batch_001,encounters_epic_north.csv,1384,DISCHARGE_DATE_VALID,discharge_date,DATE_MISSING,WARNING
796ab4a7f3d764188a5ac096deb2f663e20fe7a4c36b2fdfcf2622800cc99659,b606375d056455383f2d7d2ffbefbcc2008d5940f7827b3f73ab6069a2f3ad88,ATHENA_CLINICS,111307,batch_001,encounters_athena_clinics.csv,56,DISCHARGE_DATE_VALID,discharge_date,DATE_MISSING,WARNING
79723cfc5b16e0c5ebc5cfc3352559a44f868d7b55ed522279150b350ee33371,2b341371af4b5088dccf2a98d569345dd9ec994570472b54633552b06349f971,EPIC_NORTH,E2327343,batch_001,encounters_epic_north.csv,789,DISCHARGE_DATE_VALID,discharge_date,DATE_MISSING,WARNING
79b0e552c8f1208a164cad209770bb0b523e946cbf6ff363469ac1a6c1c5fef8,0cbe5f5628b10a4d599812ac9f428934ea5415e0e11a96c086a6a2d4bdc83fd2,EPIC_NORTH,E2598917,batch_001,encounters_epic_north.csv,120,DISCHARGE_DATE_VALID,discharge_date,DATE_MISSING,WARNING
7a01ccf4243c9c589641e3d59b13bc8ef6ce34f54c828f922b7c3bdcae314f5d,840bc7b2d13045d43989bb7781b086e0f7cd6cc445dbd3f4ccf884c91f90863a,ATHENA_CLINICS,113101,batch_001,encounters_athena_clinics.csv,478,DISCHARGE_DATE_VALID,discharge_date,DATE_MISSING,WARNING
7a391b9b860807999ba11b8e79c6df7d4181e54f3299d7a521ad4f0cb17aa99c,5f2b6443fc8f5169730d2b0769214f96608bb3f718a8fbdaccb077d928a933b1,ATHENA_CLINICS,106426,batch_002,encounters_athena_clinics.csv,11,DISCHARGE_DATE_VALID,discharge_date,DATE_MISSING,WARNING
7ab45f45fcb0572bb3fe803799dbff0f14669b40bd3f73730e47876bad8744a1,8c3ff3b78ac55d3ba5cbac48f61b0cd8a7c7ab1867b04435c5da04a3b7520ee8,EPIC_NORTH,E4734939,batch_001,encounters_epic_north.csv,1432,DISCHARGE_DATE_VALID,discharge_date,DATE_MISSING,WARNING
7af334754e7c0bc9db43a7984f7b1f6b04f12303e1b060411538afa35ae20ec3,757515ab5922ea5d8b118afe42ef9930059ad921d18131ed62c367dd66c53aa8,ATHENA_CLINICS,106961,batch_001,encounters_athena_clinics.csv,767,BILLED_AMOUNT_VALID,billed_amount_usd,AMOUNT_UNPARSEABLE,WARNING
7b74949d3160fc7db718def8db660c0fc7bd620ae690e1de546d5946c0f0b869,6760ce3cabb3d6ab5a6b0ad0305599be01685982a9e22572d6bda04c5e5a6862,ATHENA_CLINICS,110085,batch_001,encounters_athena_clinics.csv,368,DISCHARGE_DATE_VALID,discharge_date,DATE_MISSING,WARNING
7b85f578e32694e057671bc553efd9f7a5fef07636d7539face3f8af43e18a8c,115d9650ecb59756caf5e9685e96b1bcbb3768fe937dc22443543734f37001b2,EPIC_NORTH,E6264137,batch_001,encounters_epic_north.csv,800,DISCHARGE_DATE_VALID,discharge_date,DATE_MISSING,WARNING
7b9167057fa824824102e2a2f0c981023cb8d6726f4c11b3f0861e0831673fcc,2fcd084bfe1e0f1f94b2be5f44db6e61738c081ad163f5f24014260dad740aa3,EPIC_NORTH,E1332775,batch_001,encounters_epic_north.csv,1004,DISCHARGE_DATE_VALID,discharge_date,DATE_MISSING,WARNING
7b9167057fa824824102e2a2f0c981023cb8d6726f4c11b3f0861e0831673fcc,2fcd084bfe1e0f1f94b2be5f44db6e61738c081ad163f5f24014260dad740aa3,EPIC_NORTH,E1332775,batch_001,encounters_epic_north.csv,1004,PRIMARY_DX_VALID,primary_dx_code,DX_PLACEHOLDER,WARNING
7bc0b1fc27c6ad76b8014f3c056a8e55bf0b0ee38169a29f7ea653f31e3695a3,22359ad61a54f968c5b515bd0710aae65be0215ab02d00ca37b10559ebc6a9fe,ATHENA_CLINICS,104271,batch_001,encounters_athena_clinics.csv,946,DISCHARGE_DATE_VALID,discharge_date,DATE_MISSING,WARNING
7bdef9c06caad51fc8c41dc7e332711ee392617ec4ae61b1d2f1ab1b44295704,af4a81fa11f3663e19bd1599a80f3d10f0125335a4b08f2e68fcd3e77becfd3c,ATHENA_CLINICS,112764,batch_001,encounters_athena_clinics.csv,897,DISCHARGE_DATE_VALID,discharge_date,DATE_MISSING,WARNING
7c267c0812c741eb78938a4fa9f1b789245f691f777e33fadf46db4b5ed89c7b,024579b762a76b2212f23d0a84c2afbb75dd2b93a63899cfb9bbd67aa63d9714,ATHENA_CLINICS,112911,batch_001,encounters_athena_clinics.csv,160,DISCHARGE_DATE_VALID,discharge_date,DATE_MISSING,WARNING
7c2b9f9c4bb89cc96970aab491a68c1d1ff16730481468bb6043ea3ba9921e86,e68f512cfdd56498441fbf2fe88810718db06786a4fcf98b9b766dd854d01336,EPIC_NORTH,E5205423,batch_001,encounters_epic_north.csv,1116,DISCHARGE_DATE_VALID,discharge_date,DATE_MISSING,WARNING
7c4854edc8d8bf204785bfe7a5493e1f0a6067f70fc6dc32e786e643b72f93c2,69e21ac37a56ae91b4275f9c727e51939d29cdfd4bd0c3872a558eb340b341fd,ATHENA_CLINICS,125008,batch_001,encounters_athena_clinics.csv,1001,DISCHARGE_DATE_VALID,discharge_date,DATE_MISSING,WARNING
7c6cf252bd2fa579dd0bbcf23fedae07dbf47e620daff281f88ee9898d69895a,e3407d4eeb4af6b4218004f8e0ae3978ed81a45c5e5ce3b0a7dc062e002bc560,EPIC_NORTH,E6886352,batch_001,encounters_epic_north.csv,1266,DISCHARGE_DATE_VALID,discharge_date,DATE_MISSING,WARNING
7c7175eb1715f1afd7d3471b8788dae42d5e651ba6f567726f1681bf3bfbbfd6,9d4246226c3744d34b9504b516b6599b3d0337237b65c18231f0776690246721,ATHENA_CLINICS,125532,batch_001,encounters_athena_clinics.csv,642,FACILITY_RESOLVED,facility_id,FACILITY_UNRESOLVED,ERROR
7c830b49dc16cdaf73e1f2bb28daf594cdea1cf5216e259d7d75ef14a0db599f,61469b21780d58111ad064c42d571fb3dbeee5dabbb86cb1d40c939bb679cb08,ATHENA_CLINICS,101967,batch_001,encounters_athena_clinics.csv,133,DISCHARGE_DATE_VALID,discharge_date,DATE_MISSING,WARNING
7ca48890399de8590dca5026a41e124a08cb7abb518a937b7e0c0d56ba4daa5d,fa052100176a4d8938f9206bb9ab329971edb30b9abb7884c9b4c90b0d243d33,ATHENA_CLINICS,103836,batch_001,encounters_athena_clinics.csv,324,DISCHARGE_DATE_VALID,discharge_date,DATE_MISSING,WARNING
7cf57196eff6fc95edd345e682843feff941ef48820d403f57472a28399dd5e0,bd6a17f71f81f56a22205145bf307d18c62d75dc55d1a395ffe0dc7737eea8cd,ATHENA_CLINICS,126491,batch_001,encounters_athena_clinics.csv,403,DISCHARGE_DATE_VALID,discharge_date,DATE_MISSING,WARNING
7d3e94f5ba025fa08f01ff716f9bae3a985cef1965d44bf26f3d5854712c9166,d1c58f4cb0417bce6bf877e7a67c92dabe79bb904c943f6c7b82f8b0ff8574cb,ATHENA_CLINICS,107773,batch_001,encounters_athena_clinics.csv,782,DISCHARGE_DATE_VALID,discharge_date,DATE_MISSING,WARNING
7d59df1e369df7b8afbea0d70dc45b24039ed85ae9175b980b6a5c19d0c8ed34,ce3c507a6c0fac5f058642c9c99ae86028a1d75f37bdeadfb1f99a36f77df026,EPIC_NORTH,E3372521,batch_001,encounters_epic_north.csv,241,DISCHARGE_DATE_VALID,discharge_date,DATE_MISSING,WARNING
7df873ec92641fb74a252d88741a244b3cb5d6facba2fcba9553fd568dce09a1,695fa04a9798460e461d3f5d3c8079d38744079c31c8c69c28022416bdcdb23f,EPIC_NORTH,E5145409,batch_001,encounters_epic_north.csv,808,DISCHARGE_DATE_VALID,discharge_date,DATE_MISSING,WARNING
7df98a039e92bf330245c0662e69a416ac56157ab556f71b082f8548e355c324,b70d3584dd4f57331319f95b1cb7b75f595cc85d3781e4a9ecd6af9b7741d623,EPIC_NORTH,E1731840,batch_001,encounters_epic_north.csv,976,FACILITY_RESOLVED,facility_id,FACILITY_UNRESOLVED,ERROR
7e29a27640b04a5439843a0e767fafb1ebeb7959130b08c20ac22656e54e032e,2d92f458ab9d6aa8a81af7ebf8b181af78a2fb7a435c1931e294e555941e23ab,ATHENA_CLINICS,108423,batch_001,encounters_athena_clinics.csv,910,DISCHARGE_DATE_VALID,discharge_date,DATE_MISSING,WARNING
7e34394bd51de54036ae1410c429e35dbf93c74acde89a9922fc05517200053d,84d30f46379421d6973d3f3371a91f751e04e1ad0e2188f03e2ea3d4821d7235,EPIC_NORTH,E9331867,batch_001,encounters_epic_north.csv,1327,DISCHARGE_DATE_VALID,discharge_date,DATE_MISSING,WARNING
7e79e7b235108cecd736cbb2a56fbe7e5568e32f176a7bb1c74117db74d49fc0,bc84cce068ce633a0efd4b9b36afa5e42812430139cd7a1327ecfe85ddf8e7d0,EPIC_NORTH,E2746819,batch_001,encounters_epic_north.csv,1212,ATTENDING_NPI_VALID,attending_npi,NPI_MISSING,WARNING
7ea19d6e67fc6108a4470db4cf9191f651d44a6f9792c8cb1b6c70f2882b14be,4dca971bd4b0d12073ebeb444ee07ea14f378ed3b2806496c5fd96e9c91b1487,EPIC_NORTH,E5402486,batch_001,encounters_epic_north.csv,1099,FACILITY_RESOLVED,facility_id,FACILITY_UNRESOLVED,ERROR
7ec85fa4b14857cb1ed3ce1270f1f5352ef1b7e864f986b27b11fa851d4a3642,9a7c66d4557bb9d4b0896c489bc479a4e2d486acf9694fa2b5416a0aee772c14,ATHENA_CLINICS,132475,batch_001,encounters_athena_clinics.csv,1058,ATTENDING_NPI_IN_ROSTER,attending_npi,NPI_NOT_IN_ROSTER,WARNING
7ec85fa4b14857cb1ed3ce1270f1f5352ef1b7e864f986b27b11fa851d4a3642,9a7c66d4557bb9d4b0896c489bc479a4e2d486acf9694fa2b5416a0aee772c14,ATHENA_CLINICS,132475,batch_001,encounters_athena_clinics.csv,1058,DISCHARGE_DATE_VALID,discharge_date,DATE_MISSING,WARNING
7ed4a6108a49454c9d0164c658e69669913fa3f4d7120601dcd2e3dbea05f269,1d1906d2fec59d0e4743379d15f0ded5bd02f363fbcf41d1209c244b84a377de,ATHENA_CLINICS,110098,batch_001,encounters_athena_clinics.csv,563,DISCHARGE_DATE_VALID,discharge_date,DATE_MISSING,WARNING
7f20b842ec444e17e98d0d939750f1d2bc3222fa0844b4a9479b71c87cd630a9,43e0d2fe634b8bb20204b7487d77ee08ea728bf3c213ef0586f635f0ebd664e6,LEGACY_MEDITECH,104131,batch_002,encounters_legacy_meditech.csv,35,PRIMARY_DX_VALID,primary_dx_code,DX_ICD9,WARNING
7f2d24d8a0de9e5caa7a8d380ddc03bc74eef5140848d998898091bf0ccd7569,59a4f82d1a6714999d371d3c58b5c348570debd30f0cdb6f786f4d5dc1942353,ATHENA_CLINICS,117755,batch_001,encounters_athena_clinics.csv,918,DISCHARGE_DATE_VALID,discharge_date,DATE_MISSING,WARNING
7f3a26b20c2ed2ee761cc1f878ff9a900a713839778b2060479dc852d94a1192,431a947767331a24483ba1e40af407ce011fabd039d091d252b2d4d56646d3f4,ATHENA_CLINICS,114073,batch_001,encounters_athena_clinics.csv,757,DISCHARGE_DATE_VALID,discharge_date,DATE_MISSING,WARNING
7f59cc56a538fc744faa4f6fae49c4d093c35a4466841fb70d411a694b982a1f,ffe9eee82cfb8be998929e7482097dc8cba943a521f494af8670230ec90f951f,EPIC_NORTH,E7419735,batch_001,encounters_epic_north.csv,1320,ATTENDING_NPI_IN_ROSTER,attending_npi,NPI_NOT_IN_ROSTER,WARNING
7fbf79665c5cbd03bcb05d40853373b6506be4a72d8353e367ed726783a1b33a,178d91327009f13b979faa1c8a93cdadf6c7ea33d0c066754bef54ef23a6391d,ATHENA_CLINICS,103678,batch_001,encounters_athena_clinics.csv,769,DISCHARGE_DATE_VALID,discharge_date,DATE_MISSING,WARNING
803b86a5b065c460c91caf827b69b0ac118234e0263336e4a0c8fd92983f1fda,10dbb7260c554fe936c17f4ff980905e7e62a6491415c5e6952ff2264f18e508,ATHENA_CLINICS,123514,batch_001,encounters_athena_clinics.csv,768,ATTENDING_NPI_VALID,attending_npi,NPI_PLACEHOLDER,WARNING
80517c222e109ce7c1c95c0a6b1bb6b2fc39e69b0d2c5f332f90f2b066b1a71f,15a2195623db132552ab6a3f185afb5012f7830e8fda03ee3a1b99109f98493b,EPIC_NORTH,E1657502,batch_001,encounters_epic_north.csv,796,BILLED_AMOUNT_VALID,billed_amount_usd,AMOUNT_UNPARSEABLE,WARNING
80517c222e109ce7c1c95c0a6b1bb6b2fc39e69b0d2c5f332f90f2b066b1a71f,15a2195623db132552ab6a3f185afb5012f7830e8fda03ee3a1b99109f98493b,EPIC_NORTH,E1657502,batch_001,encounters_epic_north.csv,796,DISCHARGE_DATE_VALID,discharge_date,DATE_MISSING,WARNING
8075ca82bacd293fab067fd0ea38d91ad841fc4ea9b36b23fc92586eaa8fa7b1,2e263cd444d81100174b7690fefb71812ade06d7fab17d453b03ba1c265aff36,ATHENA_CLINICS,117526,batch_001,encounters_athena_clinics.csv,879,DISCHARGE_DATE_VALID,discharge_date,DATE_MISSING,WARNING
808c6a482a01c5d21ccad63acacaa126f420f5b769611ba3ad5e51f655520f3f,89b8c1aeb76b49277d4a19aaeeedd3934e400b8283d5d5e07f71ad96637d183e,ATHENA_CLINICS,139920,batch_001,encounters_athena_clinics.csv,983,DISCHARGE_DATE_VALID,discharge_date,DATE_MISSING,WARNING
80a5627aa707626ef9aedc8f70bfeefe376458dc134ad58274e8b29c8a8c7480,9d94165b9664c9dd6a9492dc0671253957eaac45741926387224661b59ad4655,EPIC_NORTH,E1385309,batch_001,encounters_epic_north.csv,455,DISCHARGE_DATE_VALID,discharge_date,DATE_MISSING,WARNING
8106cde3b3ed8715db4e0a458f96b19dce3366ad8f0ec10ae70981ec95565074,4a57416d53579dbd8d0a05bdb7ec6fe26280c2828ea75b1be25cb5e7138b1aab,ATHENA_CLINICS,136363,batch_002,encounters_athena_clinics.csv,115,DISCHARGE_DATE_VALID,discharge_date,DATE_MISSING,WARNING
813f2919ac3f1e296d10cd89d713cd8073863df5e4f65340173d37a5b1f1107a,14fb088e5a0834cfb424385bd4626900be62f45fab564e4712ff48d8e8fac279,EPIC_NORTH,E6887882,batch_001,encounters_epic_north.csv,431,DISCHARGE_DATE_VALID,discharge_date,DATE_MISSING,WARNING
814ca8a354235c2f076fd8c0388ae015cd159e045dd5ca6a7f48301d97062ee0,64e681f849152b106fd11f74199463f636488db8c9b9b424a24c5991ed98fdbe,LEGACY_MEDITECH,132490,batch_002,encounters_legacy_meditech.csv,27,DISCHARGE_DATE_VALID,discharge_date,DATE_MISSING,WARNING
819940725a5b4568cf1dd68e9e4803b5a33d463d749e8db25daf01403d25d7c8,8f82ee42a457b29e51df96d6984dd6ae99741fcd9d16db6d93723c508e18f0d2,LEGACY_MEDITECH,124811,batch_001,encounters_legacy_meditech.csv,232,BILLED_AMOUNT_VALID,billed_amount_usd,AMOUNT_MISSING,WARNING
81d6c55def7b1b5a7fbad98120b1b0eb953f99e24e8aecf06d7782cc1e668d9c,1737c342909c5443bb3627b8740a8c63e132077fd8c9183bf642acf8a6f927aa,ATHENA_CLINICS,105260,batch_001,encounters_athena_clinics.csv,395,DISCHARGE_DATE_VALID,discharge_date,DATE_MISSING,WARNING
81df00a98b392fde816067d73cb30f26a411c6bbbc45c28a5bfb46a0158e53be,609387c0e75c8b2021fabf6803bcc8eae042a957b31e0c1c10e592d0cde8c538,LEGACY_MEDITECH,119901,batch_001,encounters_legacy_meditech.csv,94,DISCHARGE_DATE_VALID,discharge_date,DATE_MISSING,WARNING
81e16e6813d3f103d5823cb82a071468e0e4a180537a5963757cb6a59cc9960d,99aa640b9b100f1155eaf2078ba9a2cf3841f965653d00b26a05a041c1f5d88e,EPIC_NORTH,E1678743,batch_001,encounters_epic_north.csv,180,DISCHARGE_DATE_VALID,discharge_date,DATE_MISSING,WARNING
82d9744cb4aa2ccab7f68478528e8eba0577fc8b5b15399dea8f6f08afa28a6f,48b642c804d15e39f6c93ea97d8670368af89c9f11ea2d430f7956750b41e119,ATHENA_CLINICS,103580,batch_001,encounters_athena_clinics.csv,48,DISCHARGE_DATE_VALID,discharge_date,DATE_MISSING,WARNING
82fbfedb0a81543f4a6f1c995a851d6339841a1ec37c6cfd885a9320a6240c73,51865c38d6176c738020b55639be6a85c9c22a1025afb7b1c4a17957edb79017,EPIC_NORTH,E6784083,batch_001,encounters_epic_north.csv,357,AGE_BAND_KNOWN,age_band,AGE_BAND_DOB_UNAVAILABLE,WARNING
82fbfedb0a81543f4a6f1c995a851d6339841a1ec37c6cfd885a9320a6240c73,51865c38d6176c738020b55639be6a85c9c22a1025afb7b1c4a17957edb79017,EPIC_NORTH,E6784083,batch_001,encounters_epic_north.csv,357,PATIENT_LINKED,patient_link_status,PATIENT_UNLINKED_NO_DOB,WARNING
835094fbc49a620e3111caff8917b73dfb1383e29a03e0606efab8a552af5943,258659d0631dd6941c25f5d87a8ef1b07f467f9e40f88b081f5edf7ce1b40ef7,ATHENA_CLINICS,103141,batch_001,encounters_athena_clinics.csv,399,DISCHARGE_DATE_VALID,discharge_date,DATE_MISSING,WARNING
838665ad4fb34e466fc9e1ba3490ad29a8575070de798bef3062ae5d379ee39e,2ff1e68563bab7060b6e0768589038a7f15e37629f34adb0dc100eadb95fbfc3,ATHENA_CLINICS,107715,batch_001,encounters_athena_clinics.csv,660,AGE_BAND_KNOWN,age_band,AGE_BAND_DOB_UNAVAILABLE,WARNING
838665ad4fb34e466fc9e1ba3490ad29a8575070de798bef3062ae5d379ee39e,2ff1e68563bab7060b6e0768589038a7f15e37629f34adb0dc100eadb95fbfc3,ATHENA_CLINICS,107715,batch_001,encounters_athena_clinics.csv,660,PATIENT_LINKED,patient_link_status,PATIENT_UNLINKED_NO_DOB,WARNING
8394201f6ada49ade991ec1d338ef03a3ecfd0586c785dfdc39e54a0fd10b4b5,c7e3a13ee97a050236a17ed45ecf39d821ac0783194c22a056523a58bba20e85,ATHENA_CLINICS,121478,batch_001,encounters_athena_clinics.csv,648,DISCHARGE_DATE_VALID,discharge_date,DATE_MISSING,WARNING
8471b0fd609b0cc24a43359035d62f1ac088593f8379c69fa7ea1171a1f83646,85261dc671db43b3debea7250f9f2ad6c4bb67f24d4f1173f6af7b25a2524d18,EPIC_NORTH,E1106079,batch_001,encounters_epic_north.csv,614,DISCHARGE_DATE_VALID,discharge_date,DATE_MISSING,WARNING
84c056c8f239cea8a387b2ec23dc5378909e6cb85c432af9c81190e6bafa2d32,916c797c57fc72c1757ca73a167eff15c55192ecef07f65491043271efc3b2b8,ATHENA_CLINICS,115185,batch_001,encounters_athena_clinics.csv,747,DISCHARGE_DATE_VALID,discharge_date,DATE_MISSING,WARNING
84da4d911cb2c459c7c07ee73a86d1397f830d7e79ade1cf3bb64e174da5256d,8617c7c2a061e1ab3577d30cf188a4a0dfc7f909b2f91a30bf3130656361eeb0,EPIC_NORTH,E1072561,batch_001,encounters_epic_north.csv,1177,DISCHARGE_DATE_VALID,discharge_date,DATE_MISSING,WARNING
851819a1db781cba00d688c505361fa370f0ba0d5dcff1e737b0df739fbe247f,1e7f0fc8d32ce79743ba667128622905b4d4a65ff003e1dc771a7e69a203a41f,ATHENA_CLINICS,134200,batch_001,encounters_athena_clinics.csv,522,BILLED_AMOUNT_VALID,billed_amount_usd,AMOUNT_PLACEHOLDER,WARNING
8536abc1e5cf45c134e475a81c06106b831534b9e1f97a68a11fd29909a13f88,320c4ab68503a636a22bf9ee0c7518e133a2727910536e8cdc346518741abc14,EPIC_NORTH,E8351770,batch_001,encounters_epic_north.csv,9,DISCHARGE_DATE_VALID,discharge_date,DATE_MISSING,WARNING
8548e0059b8bfc25bb1adb010a3cface2eb1b902bfc803aec3efe353b79b29b4,2a31b0fd1387df6c2e4bece44190423878fb2877f7fd6909927b1c3cf4467d7b,ATHENA_CLINICS,111517,batch_001,encounters_athena_clinics.csv,980,DISCHARGE_DATE_VALID,discharge_date,DATE_MISSING,WARNING
854f47c117f0777cd3b5329a1ee74c61ed6d4f6e7251262877137758a42e8232,0b93b84183b9475670ea428e329b3d43b898e6dc89fe68e082b92681a5c089c7,ATHENA_CLINICS,114079,batch_002,encounters_athena_clinics.csv,53,DISCHARGE_DATE_VALID,discharge_date,DATE_MISSING,WARNING
855f614b61b16425160c2bac27004fcacc7fd9fb2fc492d4c19109e964194706,d23b5e6e2f9fa818a2b3d5f099b4c564caafef6ecf5376d1b62e5c3e23971fbd,LEGACY_MEDITECH,114492,batch_001,encounters_legacy_meditech.csv,153,DISCHARGE_DATE_VALID,discharge_date,DATE_MISSING,WARNING
8580b1696b5e5af919de51ebc25dc8b940a47a2ac1cc0f3e75475d078103d810,708cc38d1e2b65aecb99cd7b4b47edb7d0087467cd88b56b8cbd6d12ea4026be,ATHENA_CLINICS,106663,batch_001,encounters_athena_clinics.csv,472,DISCHARGE_DATE_VALID,discharge_date,DATE_MISSING,WARNING
85ad5cd5e7073e2fb7bbaff694c9154ef5ff42f2134d0758f8eba12e0ae7a1db,dfd4b5c71666b4433cb53528fb7583a79f25c71e191104f09a25fb1829d46eba,ATHENA_CLINICS,126968,batch_001,encounters_athena_clinics.csv,696,DISCHARGE_DATE_VALID,discharge_date,DATE_MISSING,WARNING
85b8af0b17fed64c42cf1bbd7e8e203e8261fec5523f7f60432849f8087cd8d8,d6ac59ce4fc67b87d63a25e637005a07a086ea1989e095d3b3b18090632cacab,ATHENA_CLINICS,136067,batch_001,encounters_athena_clinics.csv,460,DISCHARGE_DATE_VALID,discharge_date,DATE_MISSING,WARNING
85ef15553731773b16e64fcbce2a274b5f438301f3037fe6ec54770b103221d9,b5ebaca359c2850a6748b35280120dd7fee963f8db6e6a44f4ec0da2640840b3,EPIC_NORTH,E7567600,batch_001,encounters_epic_north.csv,115,ADMIT_DATE_VALID,admit_date,DATE_INVALID,ERROR
85f398502ecc6c2d964a793b6eefa25ee131fe7b2396bb60c1140fc74d702e97,829054e3c53693cbbccda95628e68b849a45e6b47c848f1cc714bf503bc1a22f,ATHENA_CLINICS,121089,batch_001,encounters_athena_clinics.csv,290,DISCHARGE_DATE_VALID,discharge_date,DATE_MISSING,WARNING
85f398502ecc6c2d964a793b6eefa25ee131fe7b2396bb60c1140fc74d702e97,829054e3c53693cbbccda95628e68b849a45e6b47c848f1cc714bf503bc1a22f,ATHENA_CLINICS,121089,batch_001,encounters_athena_clinics.csv,290,ENCOUNTER_TYPE_MAPPED,encounter_type,ENCOUNTER_TYPE_MISSING,WARNING
8606552deb87783623e8131579bf577f3a4ac1da031c69db5b9d679c8d828ac8,a21ef35f89bafa167d53230bdb6afd8fe06a49db86bad84238fa1d8d08c44d9f,ATHENA_CLINICS,104782,batch_001,encounters_athena_clinics.csv,641,DISCHARGE_DATE_VALID,discharge_date,DATE_MISSING,WARNING
8622850d8a9631a2e44da3dd9158cdfa854ee6acad13acb8ee1027e9e734eeab,a2dec2a7b841651921fc8ec377bdd1f747c0e261b38f805a9a4f442d9fa302ac,ATHENA_CLINICS,119238,batch_001,encounters_athena_clinics.csv,448,DISCHARGE_DATE_VALID,discharge_date,DATE_MISSING,WARNING
8697bf91c17389db7c1e6a1b5aca0529c11e273079d7defb335f36d9790ea3fa,28cc133f2baa9398955f0e5ea4504f67e82af78ea4fb4e114d3e87690c0734a8,ATHENA_CLINICS,101628,batch_001,encounters_athena_clinics.csv,698,DISCHARGE_DATE_VALID,discharge_date,DATE_MISSING,WARNING
86a01ae94113f773df11e1bd1b858940a974583f154fdede976986e0f9c9eb70,cd680a7f70249ad798c1d2da564104b48b1b4c652ebf7829db0f9b8650653f54,EPIC_NORTH,E8997724,batch_001,encounters_epic_north.csv,857,DISCHARGE_DATE_VALID,discharge_date,DATE_MISSING,WARNING
871621172a48cd59b56db881e1e6fdadf4e4b36a8ad86dd63b2be4b664a3288e,180bf4fc0f5a3fd01bb122ff5e5b32bc1dc166dae258ef753ff569fa281c7535,ATHENA_CLINICS,109737,batch_001,encounters_athena_clinics.csv,152,DISCHARGE_DATE_VALID,discharge_date,DATE_MISSING,WARNING
873fdf4ac5d29423e74cb1931acd511b6d539f2f958fa9b68538d0f6ac8a648a,c8717efb1c194a4a5f51f86bf476a775fa45e29c50a16ce6e76b2c524ad54a14,ATHENA_CLINICS,117743,batch_001,encounters_athena_clinics.csv,813,DISCHARGE_DATE_VALID,discharge_date,DATE_MISSING,WARNING
8754c11d900ee18f1455dd508e2486d7452380902dd4da6cd2a68aa1b15ba7d2,a7b60d23ae3663c1f24726546d5e72b530e411a19fb077084aac98474f8df26e,LEGACY_MEDITECH,129044,batch_001,encounters_legacy_meditech.csv,258,DISCHARGE_DATE_VALID,discharge_date,DATE_MISSING,WARNING
8774c1684003827859d2193d530d1f97c931def3d3b87038bb9780bb91661f41,556c0b4ce032b172dc0195660384cb03c33266018d4ee019477ab66179abd131,ATHENA_CLINICS,111327,batch_001,encounters_athena_clinics.csv,622,DISCHARGE_DATE_VALID,discharge_date,DATE_MISSING,WARNING
87c50f9e435452ebf1fe08544eae2175d57176c13b16765681a7f71e5e639a11,8ed196954baf5ffe12e64d3ae5955e2be8f752585fe8788df7ae963e5c2be891,ATHENA_CLINICS,132501,batch_001,encounters_athena_clinics.csv,594,DISCHARGE_DATE_VALID,discharge_date,DATE_MISSING,WARNING
87f574739fb6040a464c0d6f66ffc9fdf9dbbeb0bdf2626a855f0cc02df4bb8f,b40f1ab2026851ea641a6d7a5c9f0eb542598303d3813ea8e37b08477e503540,ATHENA_CLINICS,128315,batch_001,encounters_athena_clinics.csv,235,DISCHARGE_DATE_VALID,discharge_date,DATE_MISSING,WARNING
882630f104f164128c50ac269d504316410813bda0ad8bd450e5c96c196c07fd,0582a06636e03c08659d53f474212ee6e5bb7c141dcda38f9eae9b8f1ecbefe7,LEGACY_MEDITECH,124370,batch_001,encounters_legacy_meditech.csv,228,ENCOUNTER_TYPE_MAPPED,encounter_type,ENCOUNTER_TYPE_MISSING,WARNING
882abd3af8ca328eee2350523181414fbbe4abc53ae3b5902f111928b570b57a,10159b43c54d08a4f403b08a982c10611e96d832f0cbea8959f3ed545ad4bd6b,EPIC_NORTH,E5519231,batch_001,encounters_epic_north.csv,1264,ATTENDING_NPI_VALID,attending_npi,NPI_INVALID_FORMAT,WARNING
883c0c1bc0b1b2dfb2c9e980ae9553daf3064f49103ce2f67ec1643be66d9640,e49247bdce116643c1b60fa98d08b41b45d715e8c2678416e2b81dbe23a58a09,EPIC_NORTH,E8359423,batch_001,encounters_epic_north.csv,275,DISCHARGE_DATE_VALID,discharge_date,DATE_MISSING,WARNING
88e57a8917ee1d7d0c75d1e512cb8a1a82fa2f452fbe248075d85bfb7814dfd1,933b7329f77c0844a29f2dc6c6fa53123ef4358d8a6a19c3cd0a61b35d471295,ATHENA_CLINICS,121064,batch_001,encounters_athena_clinics.csv,835,DISCHARGE_DATE_VALID,discharge_date,DATE_MISSING,WARNING
894a008cc7684f23b8ec2420d2f4a3662f7d4ba3526582af6f68d44ac4be50ed,bb1d4b7912c433896135ef8c89d8d2be5da26e075e5b0791271c4c6721c43ed4,ATHENA_CLINICS,138068,batch_001,encounters_athena_clinics.csv,431,DISCHARGE_DATE_VALID,discharge_date,DATE_MISSING,WARNING
896352de510f40b6b893ec1634b224618a51a1da6bb69e326d5120d96c142a12,2d910b64068bb043fabda2264b8e718889fffdbd6bcab0d20323eafcd98374de,ATHENA_CLINICS,116930,batch_001,encounters_athena_clinics.csv,82,DISCHARGE_DATE_VALID,discharge_date,DATE_MISSING,WARNING
896352de510f40b6b893ec1634b224618a51a1da6bb69e326d5120d96c142a12,2d910b64068bb043fabda2264b8e718889fffdbd6bcab0d20323eafcd98374de,ATHENA_CLINICS,116930,batch_001,encounters_athena_clinics.csv,82,PRIMARY_DX_VALID,primary_dx_code,DX_UNPARSEABLE,WARNING
8a0c13b974748ea1ff46774919e3462e85a3b759bbdad676ee4193c323c75758,6b2a74cc99967e70d714cd44d5b5a965f837c4704db125e10ecdcfe2ce90d713,EPIC_NORTH,E3564780,batch_001,encounters_epic_north.csv,89,AGE_BAND_KNOWN,age_band,AGE_BAND_DOB_UNAVAILABLE,WARNING
8a0c13b974748ea1ff46774919e3462e85a3b759bbdad676ee4193c323c75758,6b2a74cc99967e70d714cd44d5b5a965f837c4704db125e10ecdcfe2ce90d713,EPIC_NORTH,E3564780,batch_001,encounters_epic_north.csv,89,PATIENT_LINKED,patient_link_status,PATIENT_UNLINKED_NO_DOB,WARNING
8a10ed41ef31f0b3e6856d36e4eaf808520eecd6e26dd5d9642ffe45ecd58138,601420c4681f0feb0a41c5cb342e18497c770fa45a18ba1924b6b8fb6d8d4b44,ATHENA_CLINICS,123049,batch_001,encounters_athena_clinics.csv,903,DISCHARGE_DATE_VALID,discharge_date,DATE_MISSING,WARNING
8a251ba9a8d6d2aa6534f52611756a62b030aa49aa20938531a303e0264db079,6f79175212c7b5a1722f23aaf57e0a3e49d2820ac3da27e73b3e982783a0428f,EPIC_NORTH,E3100190,batch_001,encounters_epic_north.csv,1220,DISCHARGE_DATE_VALID,discharge_date,DATE_MISSING,WARNING
8a367de8fccd7c3fc65e40be316927f434d5602877c04dc3a26351ee83d8fca4,63e648e8958a520c27da0b599e3bbf5f3f9e5d12e92bc2c9f67db52918e6220a,ATHENA_CLINICS,111581,batch_001,encounters_athena_clinics.csv,633,DISCHARGE_DATE_VALID,discharge_date,DATE_MISSING,WARNING
8acac8065424ac30c1cf47dc604739a9a00d3b71b492e41acfa06edc37fb93ef,990a991230f537381189051a0e2c9dcbcfacf4fd69c6446ffc87e7cb455a0290,LEGACY_MEDITECH,130271,batch_001,encounters_legacy_meditech.csv,260,ADMIT_DATE_VALID,admit_date,DATE_INVALID,ERROR
8ae10c970a934ea8dbb77f3ab3957d3c58e5f9b81164d39e2e00559546b74092,70ee16627ea51c1fc318bd4c6c3038334c649d04db0b7e68fb6febdf9c0bfefc,ATHENA_CLINICS,109787,batch_001,encounters_athena_clinics.csv,672,BILLED_AMOUNT_VALID,billed_amount_usd,AMOUNT_PLACEHOLDER,WARNING
8ae10c970a934ea8dbb77f3ab3957d3c58e5f9b81164d39e2e00559546b74092,70ee16627ea51c1fc318bd4c6c3038334c649d04db0b7e68fb6febdf9c0bfefc,ATHENA_CLINICS,109787,batch_001,encounters_athena_clinics.csv,672,DISCHARGE_DATE_VALID,discharge_date,DATE_MISSING,WARNING
8b17a5fb3c63ecbc56b3235961286670767c803f461cd17ce72d808230434b6c,b9ebe78e20d15a85f0efe94a78799ec5fff8aa743cf973333cbe326bdef5468e,EPIC_NORTH,E6988790,batch_001,encounters_epic_north.csv,907,DISCHARGE_DATE_VALID,discharge_date,DATE_MISSING,WARNING
8b34d037e99b577199a608ceb59afe7e669354f92787aa2e66ce56a91717c150,340c02bcc6d48d4723dd755f706c0cff56e4629631b7deb1f48874e0ca94af80,ATHENA_CLINICS,134023,batch_001,encounters_athena_clinics.csv,631,FACILITY_RESOLVED,facility_id,FACILITY_UNRESOLVED,ERROR
8b38bcd7afd35fdb96e29e0052d758c68829d7e6efe6c37d2c9afe07fae47999,5f0590719bf0193108f5e25400e0fdd5ea2a005e69205a59528a51083847a1b9,EPIC_NORTH,E6353880,batch_001,encounters_epic_north.csv,1065,DISCHARGE_DATE_VALID,discharge_date,DATE_MISSING,WARNING
8b8b4dd44235bbe9565c27bea2f5dde286456165b99b4418925cd9846f810b43,e341a84ed0c862c88b9b32467a02f8d7844d859e84d02b2fb07273e2426e5ba2,ATHENA_CLINICS,108652,batch_001,encounters_athena_clinics.csv,837,DISCHARGE_DATE_VALID,discharge_date,DATE_MISSING,WARNING
8ba714998ab4bcee68a3af5fee7ada403e77fb7e8e94c340b312df133e784d61,0d1e202ea31b76b6c64f6c7daa77060632b8b62628c46b8d24b49b26dcc9018b,ATHENA_CLINICS,127393,batch_001,encounters_athena_clinics.csv,588,PRIMARY_DX_VALID,primary_dx_code,DX_UNPARSEABLE,WARNING
8be6c721283eae8e1817b3807793a178589b8a79ec3eba17003f4d054c9523dc,dc7f5fa17348c0d84cbcdb7e05ed24a8f9ed25adf1e4d0a48e6c2aa39062e1eb,ATHENA_CLINICS,139398,batch_001,encounters_athena_clinics.csv,895,DISCHARGE_DATE_VALID,discharge_date,DATE_MISSING,WARNING
8c1c9989d38227055c1eb101d4eafaa573ef1383f60ce2e381b82ea162c7fa46,f65ec8cd6f6e857fb11464624fba67127509e9305fb44c6dcea0221db1f38a74,EPIC_NORTH,E7641087,batch_001,encounters_epic_north.csv,1307,DISCHARGE_DATE_VALID,discharge_date,DATE_MISSING,WARNING
8c6210e7f42cb31591b267694fd7103f26e7f1448096e16a3276b1b1b250d9c2,5e9ff8471b86d1e0a3ce46c007e23b8fa08f98a9aefc7397cd275f4505a81b78,EPIC_NORTH,E9515888,batch_001,encounters_epic_north.csv,1140,BILLED_AMOUNT_VALID,billed_amount_usd,AMOUNT_MISSING,WARNING
8d71592b76d0e1ec84ddddb42a4e8c6d75133cea97fb50a6606db6105d5e546d,c30297d6bccb6bc0fec47228c76150b357d7be5ac4b8eaa1401f6852151103a4,ATHENA_CLINICS,124690,batch_001,encounters_athena_clinics.csv,99,DISCHARGE_DATE_VALID,discharge_date,DATE_MISSING,WARNING
8d821ca53d4f127f6121632ddc925416b28811ec4c748e90efdb3fdc37742f68,5ba333b4077422eae89828ff02264a8d32969bcfe35562756d772338f4ef8bf3,ATHENA_CLINICS,138064,batch_001,encounters_athena_clinics.csv,432,DISCHARGE_DATE_VALID,discharge_date,DATE_MISSING,WARNING
8d890075792dc939b7754af248fc4af69463e04e564a0be983700c2d3a402188,1bf6ab4f27ba4c79cd9e56c499b6fe8e517d58c6e37bcad102d61876776a5eff,ATHENA_CLINICS,100513,batch_001,encounters_athena_clinics.csv,379,BILLED_AMOUNT_VALID,billed_amount_usd,AMOUNT_MISSING,WARNING
8daa13245cb713420292cd336ed39ed1c282b21971623e58620203e27d1e5fd6,c81f4b70ac8a526a614be660095724e8e0122347d0270e86a6e92578f4ce3049,ATHENA_CLINICS,105226,batch_001,encounters_athena_clinics.csv,920,DISCHARGE_DATE_VALID,discharge_date,DATE_MISSING,WARNING
8e0d3410c32487618a949251f8e61c9b836b983fb9dffabaec7c192c57986c84,fb2c4bf466b0949fae680724c6003095cb4b0b4f5b57a6a5eb5dfa188a8c523c,LEGACY_MEDITECH,139257,batch_001,encounters_legacy_meditech.csv,315,DISCHARGE_DATE_VALID,discharge_date,DATE_MISSING,WARNING
8e4637376b2b307caea76528a01b92a1376bbf6b2f7994ef7419c9f3c6d97b80,19b5a142f3734a84e612876ba03c347496456713b2931f6becd73a8f9efcecf5,LEGACY_MEDITECH,139478,batch_001,encounters_legacy_meditech.csv,143,DISCHARGE_DATE_VALID,discharge_date,DATE_MISSING,WARNING
8e5bf7cb97dafa075404a82df139d289ed4728a3b57452def4632a4ec498ca6a,43e246002ae8865cae55db4d0df6ea987241e8c6d9ade3b6695452e199b13525,ATHENA_CLINICS,136544,batch_001,encounters_athena_clinics.csv,752,DISCHARGE_DATE_VALID,discharge_date,DATE_MISSING,WARNING
8e924a81b983b325df65b796cc35c549330f9e17675f2ef9f9a31b951dd93df6,3050dd1b8c10011084f144334914ede3592bfba665c9a4fbe1e471d1af53d5b2,ATHENA_CLINICS,103073,batch_001,encounters_athena_clinics.csv,268,DISCHARGE_DATE_VALID,discharge_date,DATE_MISSING,WARNING
8ed738baa3ec9f2a883b20d2dabca1203962d15c4e7cfbd1b1abd2181878bbfd,37456a74ce26a2319eab8d09ebfaee7319f64b38e4b2c1513c391d8fb2541fac,ATHENA_CLINICS,125281,batch_001,encounters_athena_clinics.csv,763,DISCHARGE_DATE_VALID,discharge_date,DATE_MISSING,WARNING
8f6dc6920f75446554774a67ba1e3813da9b1b93298106ad91f93a283da773d2,5fdfcc8f8a20f8a67ec1f77ca7cd71cb15d641ea59a43c4f867713f3da6b3805,EPIC_NORTH,E1704593,batch_002,encounters_epic_north.csv,71,DISCHARGE_DATE_VALID,discharge_date,DATE_MISSING,WARNING
8f8135a74d4357298277a953db17e0e7efabcd6542df8111ee7208a5f806ca47,471ebb50c6349a93e74eaa48d19f07fce4b7c3e4a9a986016b0139a5d993d2c9,EPIC_NORTH,E8006052,batch_001,encounters_epic_north.csv,1254,PAYER_MAPPED,payer_category,PAYER_MISSING,WARNING
8f8291866e59b832888f21aeac2c3958435f7b7767b1e32c297659d5ff8b2253,0f5d133f3231d8d4f520e4631c2930eeb5d814197636269d397b7f899b54b60a,ATHENA_CLINICS,137129,batch_001,encounters_athena_clinics.csv,334,DISCHARGE_DATE_VALID,discharge_date,DATE_MISSING,WARNING
8f88b3f42be6058cd19e51bbac661506c32c4a216007f69b930e53550018d254,4b4b609edcee614cc0158c188ab5a468acad201ff5426cf13049ba23f0cb91a2,ATHENA_CLINICS,103334,batch_001,encounters_athena_clinics.csv,410,DISCHARGE_DATE_VALID,discharge_date,DATE_MISSING,WARNING
8fa4afef43c0cecb7770306085c695e19211adf630a75b05f648bcc767995325,9c6cf05d9e33791f5f9b6dae49d9eaafc8de35ff126653b18fe77af06d2c8f87,EPIC_NORTH,E4716884,batch_001,encounters_epic_north.csv,47,DISCHARGE_DATE_VALID,discharge_date,DATE_MISSING,WARNING
8fdb1cb95e88e3d7035aeac0249f857bf8b6218d3897c2aa4042ab60cc24ec3f,2e6bd645379803a01bc7935d5697f0b06290c33ab2a2eb4c2be7c22426576e43,ATHENA_CLINICS,125007,batch_001,encounters_athena_clinics.csv,427,DISCHARGE_DATE_VALID,discharge_date,DATE_MISSING,WARNING
9093975d34f513f390d9ecb15bdc8f11d295cf09b4b81450f1516f3d0a51b5af,3d8e056c2f19de6e479f9ade8c3b3e48ea818878ada2bb8890b7af25ead0414c,ATHENA_CLINICS,112204,batch_001,encounters_athena_clinics.csv,257,BILLED_AMOUNT_VALID,billed_amount_usd,AMOUNT_MISSING,WARNING
90d736076fa51a81564a5dbd16cada5ac275bb1e5da69f3a99362ae59a95cbda,03314ab37b77474d0aa65dce2918c607943270721a018733c0418740b3502df5,ATHENA_CLINICS,104596,batch_001,encounters_athena_clinics.csv,905,DISCHARGE_DATE_VALID,discharge_date,DATE_MISSING,WARNING
9121bbafb1f83031f9a8c2504e40fad8d25e2ac6dfe07f3783523487d10c3003,071fd589ece17ca2ff96d465bffead77ba16725b4ee1ae5be2e2f02fd209d1f0,ATHENA_CLINICS,107628,batch_001,encounters_athena_clinics.csv,890,DISCHARGE_DATE_VALID,discharge_date,DATE_MISSING,WARNING
914499039b55d5d61bf9002fd747090b1413f2807bc862ee6e8ea84c10bca911,0b5dd4f9c2578aeb07315ec66c7bf5e3964fb59398ed6d2945888b84ee412451,EPIC_NORTH,E1187070,batch_001,encounters_epic_north.csv,183,DISCHARGE_DATE_VALID,discharge_date,DATE_MISSING,WARNING
91a4b7a9514410df6e4a80e3476c83f61150d8da15cfccac62ca7243f3698405,2efb315dc581b51708e77fb065501bbd9b06812109f2d3f4b18c519ba441c89a,EPIC_NORTH,E9738122,batch_001,encounters_epic_north.csv,1051,DISCHARGE_DATE_VALID,discharge_date,DATE_MISSING,WARNING
91a702a5d77114f8ea410e37ac67dffc8cc25fdd68589a2794c509e91416da80,9b69b7b8de427ccfc06f5745fea0e881d1451d7c5bc65a34a65e3f95e1215350,EPIC_NORTH,E1816099,batch_002,encounters_epic_north.csv,141,DISCHARGE_DATE_VALID,discharge_date,DATE_MISSING,WARNING
91cb2efa284cfc7757f6ee9fe183a6c86ed94af97c67ff2f59e9d1cbab562c5e,8975563674a94a297e7aa2427f4f698afce7290730e41c3119e95e11564bdd1a,EPIC_NORTH,E7050367,batch_001,encounters_epic_north.csv,179,PRIMARY_DX_IN_REFERENCE,primary_dx_code,DX_NOT_IN_REFERENCE,WARNING
921e2c0fba3dfb554c4a69b05a3684d1b74c6c0866715f1f2e7e8d7b8b2a3ebf,3639ea698f9bdcc8f72f5f5080cc01fd6b9e2a75f8c73a088f9429748cccb1bc,EPIC_NORTH,E6090288,batch_001,encounters_epic_north.csv,937,DISCHARGE_DATE_VALID,discharge_date,DATE_MISSING,WARNING
9267c21258366e92bc08381d0b9dd79ad4909897e18086ea0fd8af7296fb59e2,c685e8f0648eec842542f3fa9230feafc3f26678f6777eda8003c12b0987208f,EPIC_NORTH,E5806147,batch_001,encounters_epic_north.csv,159,DISCHARGE_NOT_BEFORE_ADMIT,discharge_date,DISCHARGE_BEFORE_ADMIT,WARNING
92862a3ea8e367c7edc062a96dc9cb56f36fb57416c1246f89170592b3cd62cc,5da0773779ffce7db54c442dbabb56a9db80bf3479f63e8f5e6d3927fa3111df,EPIC_NORTH,E4616438,batch_001,encounters_epic_north.csv,55,DISCHARGE_DATE_VALID,discharge_date,DATE_MISSING,WARNING
92d175aeaffa84b3c43b2769c715438fdf1f53e47146db58c6cb2435ad42bd57,e2beea6fbd820a100c05ecfecaf0a1b425b9175bf15bf6ca49bd53e3d8f1d24f,EPIC_NORTH,E9162949,batch_001,encounters_epic_north.csv,802,DISCHARGE_DATE_VALID,discharge_date,DATE_MISSING,WARNING
92dd4c79987cc0934d8be67032146d743b481c2f339acd1308a72ca882f4ce8a,456f7191707bacf7bff9e25327288b373e1219da236575a58e48cf5af236a6d5,ATHENA_CLINICS,137309,batch_001,encounters_athena_clinics.csv,1090,DISCHARGE_DATE_VALID,discharge_date,DATE_MISSING,WARNING
932e438eb64cb9bb89f14f1913d29756cf4bc91c81a027404c0b8b95131b6e16,7d3d56692adb8d164ae305590f10ba29b31546f12fd4776ef1b8c33592b6b43a,ATHENA_CLINICS,105954,batch_001,encounters_athena_clinics.csv,736,DISCHARGE_DATE_VALID,discharge_date,DATE_MISSING,WARNING
93956283cc544856d0717fe845aec78e72f67f79bf48309d1c2c1ff01aed0dd5,0ddb1c6afaebe8e0d339728438fe079e4d5bf8f5700cfbb13a585a5d3b5a063b,EPIC_NORTH,E6582407,batch_001,encounters_epic_north.csv,187,DISCHARGE_DATE_VALID,discharge_date,DATE_MISSING,WARNING
93ac40a74ff87b10284b9d318f6a176a3a12c6e7013b99864d6a1965688467e0,1d44f0710fd5c3019f41b668331ed344157f8be833bda553023ae5b849fa35b8,ATHENA_CLINICS,129961,batch_001,encounters_athena_clinics.csv,680,DISCHARGE_DATE_VALID,discharge_date,DATE_MISSING,WARNING
93bcadf1da16ff454e3d88a9640228d02955ba1f84b55ea87e93e40d22dfa6be,cdac0cb1bddb08eddec600f430c118c3b94fcf772837ce5334726992ab285102,ATHENA_CLINICS,104748,batch_001,encounters_athena_clinics.csv,793,DISCHARGE_DATE_VALID,discharge_date,DATE_MISSING,WARNING
93db8aa3bcd6781e83333e297fe0776954d0091f76baf97a91a1c579363f0aba,be6e2146ecce681cce48cb85884cb88e1330136bedc39a22d97f5169f5d39b2e,ATHENA_CLINICS,136719,batch_001,encounters_athena_clinics.csv,543,DISCHARGE_DATE_VALID,discharge_date,DATE_MISSING,WARNING
93dc1d8e3f4250b467a126a0d2b698f110ae857b9ff468d2e0b5d49ae137bc5d,065193fa5933a56bcbcc6390d6f9b80fec10d7092ed0ca5aa6f4f0164594c0d6,ATHENA_CLINICS,110172,batch_001,encounters_athena_clinics.csv,1040,DISCHARGE_DATE_VALID,discharge_date,DATE_MISSING,WARNING
93eba88ee6c21438b254590be0f8cb515f691bdf86b112e16cbbedec1697f01b,1f6e82fdc4ba39c9bd568df565b440c800eb9c51b241941a6b79f6df7e46ae15,EPIC_NORTH,E4979066,batch_001,encounters_epic_north.csv,484,ADMIT_DATE_VALID,admit_date,DATE_AFTER_DELIVERY,ERROR
941d27fb19b30ce2bc3795678b1b4413c9e83d060202d571d613323e61ff75bf,328f4c6dabafb5e42442a80b7ed9dec2d2e1f46f997de6862b70ed395b5da8ae,EPIC_NORTH,E9155954,batch_001,encounters_epic_north.csv,298,DISCHARGE_DATE_VALID,discharge_date,DATE_MISSING,WARNING
9434d56906bb185a5ea11953897729bb47aa3c9f478c74a0e7b821e56f37e481,d47b1e1aaea0b9d35b8599cf43081789f46fc7f9daa738b425f3e2acf947d9af,EPIC_NORTH,E9137490,batch_001,encounters_epic_north.csv,1240,ATTENDING_NPI_IN_ROSTER,attending_npi,NPI_NOT_IN_ROSTER,WARNING
949135fcaec64349f12d3b8543ffcb36fac9b815aa8692dcb339f2050858bcd4,a553ec39c03af8228b8c4f859c16e78eb79e458c7e35cecf541940ea660320e4,LEGACY_MEDITECH,109465,batch_003,encounters_legacy_meditech.csv,1,AGE_BAND_KNOWN,age_band,AGE_BAND_DOB_AFTER_ADMIT,WARNING
94fbbcd026ab80c36fe49cfc9cc582f20aa81ffaac903305f12df298c6874187,7eb7d318c19b11190f0b73bbd05d9e6ea695e06bbcbbe0f02284e08ba1a373b0,ATHENA_CLINICS,128251,batch_001,encounters_athena_clinics.csv,570,DISCHARGE_DATE_VALID,discharge_date,DATE_MISSING,WARNING
95021afe2f85c782715c14d68b3266b98eac3a7e278fded76c5136d02619440e,c2cfdcdfd44fedebb45292eea02d4c9370fd223ae17bf8fe0f862505920ebe87,ATHENA_CLINICS,130852,batch_001,encounters_athena_clinics.csv,693,DISCHARGE_DATE_VALID,discharge_date,DATE_MISSING,WARNING
951bb4a7b83985594b31bb3dde02e7ae743dddabcb252a19b7f90fbcf5f21b1c,8c3aa3f477e6be00e1a5c2d21ff9ab1e8947d398e46efe1e7303ebb7f19da358,ATHENA_CLINICS,119837,batch_001,encounters_athena_clinics.csv,791,DISCHARGE_DATE_VALID,discharge_date,DATE_MISSING,WARNING
953c06c3482be3d6408ab647944cab004d3f5f0983b18d1b65dd8eabc37233c9,fe356df1c3ce572c27c35e51e0f12a5b57d6bd03782a6d14a62ffdd5cec11d73,LEGACY_MEDITECH,119706,batch_001,encounters_legacy_meditech.csv,306,DISCHARGE_DATE_VALID,discharge_date,DATE_MISSING,WARNING
956fa839a9e17bddf5133c602964278bf1c1c41e677b0d03546302a353e27d3c,c799d0cc27f152be7ce264ba4bd113de4652ba3843698453deacac854cbed297,LEGACY_MEDITECH,113426,batch_002,encounters_legacy_meditech.csv,6,PRIMARY_DX_VALID,primary_dx_code,DX_ICD9,WARNING
957048e9c385994787dd31ee9a2c60736ae28cd713f1cf2f809eaa3bdd4e1e1a,689fd58b55c9b8e07b1a52b1b80ff687031eb13aa25383d6329e74bbad72167c,ATHENA_CLINICS,127998,batch_001,encounters_athena_clinics.csv,595,DISCHARGE_DATE_VALID,discharge_date,DATE_MISSING,WARNING
9578eb2d5b80b45c18e783be7024c8bb0ddd725bdf30bd737a3fa9dd7ab6733f,1349bf3e3a7b39bdeccea0b11c2d09aad323d090f34461607065007cc7e567d3,ATHENA_CLINICS,106228,batch_002,encounters_athena_clinics.csv,7,DISCHARGE_DATE_VALID,discharge_date,DATE_MISSING,WARNING
9582b2674b2a9627fcfee16df554ea1fd2f141b8dd8ad75b8b1ce7a57f6567dc,917d4e86335c72a29a1de01073471b0416f161ed727c680b930f5000fc0144fb,EPIC_NORTH,E6450624,batch_001,encounters_epic_north.csv,295,DISCHARGE_DATE_VALID,discharge_date,DATE_MISSING,WARNING
958cb8add0ef4c3a11fe780e2be3554c4b430a0eb720a0894ad99309d99a9eeb,0a4909a6ffbad7cda0e52a91c0d5551bd47b824e3a4a22bb535dd0a72f24cd97,ATHENA_CLINICS,102413,batch_001,encounters_athena_clinics.csv,34,DISCHARGE_DATE_VALID,discharge_date,DATE_MISSING,WARNING
95e9b45fa5ad0967cb8aee58d6c7370eb10e9786dc01f77f6eb52e950b456079,4d376b436b20e1d1e24c0f5d4f639207b1f6515dc812fc42f2cadf547d5e0079,ATHENA_CLINICS,105332,batch_001,encounters_athena_clinics.csv,531,DISCHARGE_DATE_VALID,discharge_date,DATE_MISSING,WARNING
964dae23b4b155cdf147822f3dfdbdb39d13ea60cacb26952c262e0795b931c5,76c0ba26c0ce60c42c40586665dacafa8aed2934f888427dc42c77edb48c5b1c,ATHENA_CLINICS,104916,batch_001,encounters_athena_clinics.csv,63,DISCHARGE_DATE_VALID,discharge_date,DATE_MISSING,WARNING
965bfe559a11cfbd5ef0f7b5eff6900660144dc7fa1bb92a5ca8f34edef9d2aa,053c6fcf239db0f0865feef8fd8858948d6ef7f58af7cd9ffe2d4c3b09c058ae,ATHENA_CLINICS,107557,batch_001,encounters_athena_clinics.csv,738,DISCHARGE_DATE_VALID,discharge_date,DATE_MISSING,WARNING
968e8fce648bc46745fb6d43ac8af70d9e2468b03da3dccf5128d112efcf2337,f6888e493d2ccc1708b1412eec241fc1b8d2d8973a70e1365f0b045ad6de4f8c,EPIC_NORTH,E2218862,batch_001,encounters_epic_north.csv,73,DISCHARGE_DATE_VALID,discharge_date,DATE_MISSING,WARNING
96a94be6958048c38eb29518f3412b45540ddc88d62189bc6926d8f19014593e,8a96e4d42b7d3e5669d758b65fc4eefed37411eb54047d53cfe73faa4423cacd,LEGACY_MEDITECH,119666,batch_001,encounters_legacy_meditech.csv,8,DISCHARGE_DATE_VALID,discharge_date,DATE_MISSING,WARNING
96d87e5888d731962635e20228a3a80dd7a109a06ffbc351e6c97069cbc83997,493d21e965d2c8dddbd719c32ef88e41f312ff75e6294b5aa02da97d09509f8f,EPIC_NORTH,E2625926,batch_001,encounters_epic_north.csv,163,DISCHARGE_DATE_VALID,discharge_date,DATE_MISSING,WARNING
97e3936b7b2bd1b930522f3c543c03f36127f35a57eeaa9f8d4c23dd2c772bc2,337d9b266fcae48ff1166ca4ca8dfb45c3fa9c01941c8406d37c88ad5e52045c,LEGACY_MEDITECH,128775,batch_002,encounters_legacy_meditech.csv,152,PRIMARY_DX_VALID,primary_dx_code,DX_ICD9,WARNING
98595d676f39087e31b90eb3a3c0576b878291cc3c821d17316ce336803af1e0,21163b6f5edd2d838f2d54fc2f8adfd8f0ffe2c997f18e2d52ad3d67554d40ea,EPIC_NORTH,E8314212,batch_003,encounters_epic_north.csv,26,ATTENDING_NPI_VALID,attending_npi,NPI_INVALID_FORMAT,WARNING
98d03c36e8fda59242a8579914d54c72402ca800f8c9c8f65278be7f6dfdaca0,b308824c1f188d299ca11bcb81364fab0cdfd608e2fb8e705a2de82581627b22,ATHENA_CLINICS,114218,batch_001,encounters_athena_clinics.csv,873,DISCHARGE_DATE_VALID,discharge_date,DATE_MISSING,WARNING
98dd64fd6cc0c8452582c14bd4e0006ab82717abac2254895999ed6f09f7d527,71527e70f4c74e4c38788d35e20378cb1a78b350e674b2c68f41223329f6404e,LEGACY_MEDITECH,116438,batch_001,encounters_legacy_meditech.csv,272,ATTENDING_NPI_IN_ROSTER,attending_npi,NPI_NOT_IN_ROSTER,WARNING
98dd64fd6cc0c8452582c14bd4e0006ab82717abac2254895999ed6f09f7d527,71527e70f4c74e4c38788d35e20378cb1a78b350e674b2c68f41223329f6404e,LEGACY_MEDITECH,116438,batch_001,encounters_legacy_meditech.csv,272,DISCHARGE_DATE_VALID,discharge_date,DATE_MISSING,WARNING
991b02c1f7fee98a86ae4aced2640c39a5b4ba87143f4696e35b0ea9a57bfced,45216ad26867ffa2b840204ae94b62632f559c9715b70517a75a78f827c7d8eb,ATHENA_CLINICS,107766,batch_001,encounters_athena_clinics.csv,486,DISCHARGE_DATE_VALID,discharge_date,DATE_MISSING,WARNING
991b02c1f7fee98a86ae4aced2640c39a5b4ba87143f4696e35b0ea9a57bfced,45216ad26867ffa2b840204ae94b62632f559c9715b70517a75a78f827c7d8eb,ATHENA_CLINICS,107766,batch_001,encounters_athena_clinics.csv,486,PAYER_MAPPED,payer_category,PAYER_MISSING,WARNING
992e315181624fce859642a82016b61dc46eb143c742688820f4b4d7a0ad331f,e51f50a8fbfaf1050beaaa17753c5e759b5b439569f330d8277d103759e296e8,ATHENA_CLINICS,126060,batch_003,encounters_athena_clinics.csv,7,DISCHARGE_DATE_VALID,discharge_date,DATE_MISSING,WARNING
99972a29a4cbadc274914bdccdd0455f8e91f7b78bf4425b759d8414fb1d37ba,6a54c1ec6cdf4b6929ee5ec8daf3373db0c6c1b4e29fa052ee5c5c398a94ceb3,EPIC_NORTH,E3025133,batch_001,encounters_epic_north.csv,1037,AGE_BAND_KNOWN,age_band,AGE_BAND_DOB_UNAVAILABLE,WARNING
99972a29a4cbadc274914bdccdd0455f8e91f7b78bf4425b759d8414fb1d37ba,6a54c1ec6cdf4b6929ee5ec8daf3373db0c6c1b4e29fa052ee5c5c398a94ceb3,EPIC_NORTH,E3025133,batch_001,encounters_epic_north.csv,1037,PATIENT_LINKED,patient_link_status,PATIENT_UNLINKED_NO_DOB,WARNING
99a2c37e9068b7c7ad34af4aa64c42bfa0a506e8f5acaaf1c44508a158c67463,e8206791a2d351aa57b601e4ce33c892de577b694ab196db5a4517f25bf68381,ATHENA_CLINICS,112005,batch_001,encounters_athena_clinics.csv,651,DISCHARGE_DATE_VALID,discharge_date,DATE_MISSING,WARNING
99b8a2bb09a4bb13aca7f17b0f97ce98eedffbf4698e5a094ed5c58f82ba8cb5,73586421eb582f960a866e589d85c1329bc9f6536b49dda551c008c02cf02326,EPIC_NORTH,E3807187,batch_001,encounters_epic_north.csv,280,ATTENDING_NPI_VALID,attending_npi,NPI_MISSING,WARNING
99cdf2e0f9290177cb85de5f76a3936c00e9c8041677a0072f1ebb8564a62ce7,15e4cd13af94673e5ec2a99ac9e88913b206a01ddbc522b7d45a8699c0d515d3,ATHENA_CLINICS,125011,batch_001,encounters_athena_clinics.csv,795,DISCHARGE_DATE_VALID,discharge_date,DATE_MISSING,WARNING
99fbc1001bbbd67808b88e1def24ffa75088d178f89c4a26ec2ebf7396f9dcde,4616d477e919ff5b3ef365ea236c6bec66e5be326a5a7eb20a02af507be68394,EPIC_NORTH,E1838822,batch_002,encounters_epic_north.csv,35,DISCHARGE_DATE_VALID,discharge_date,DATE_MISSING,WARNING
9a3cb8b1685be2c265ebb54d53127934d0aed5dfc473037a59e00973a589d4f9,8dca0676506ebc7a721eab705d2da28c96bf8cb484d52b0c948ceee00be6ebd3,EPIC_NORTH,E2167557,batch_001,encounters_epic_north.csv,686,DISCHARGE_DATE_VALID,discharge_date,DATE_MISSING,WARNING
9a9b7da83856ad18a89d485f909f3fdb5d0d20e449e2955600f2d434275341cb,7f73bdc891de79d2b528ffa853336c7e450e578eb333cbefda263e574daac542,ATHENA_CLINICS,122725,batch_001,encounters_athena_clinics.csv,109,DISCHARGE_DATE_VALID,discharge_date,DATE_MISSING,WARNING
9ab3f5b7ada7590727360d9b90fa856eec69fb03537d4052bf37d25f8d250ed8,9006adbb3b65f712a1c6ad2c2dce087749507bd1a3bab368bc692c87064dab6a,ATHENA_CLINICS,134742,batch_001,encounters_athena_clinics.csv,620,DISCHARGE_DATE_VALID,discharge_date,DATE_MISSING,WARNING
9b64403992f6c01aa65ab36022dd54e07c30e0964591256803f7441fcc3e1b78,01514aa4daa90593224569c293ec58c711dd41ebedb94d5cfb18ae6ec07a17fc,EPIC_NORTH,E4288503,batch_002,encounters_epic_north.csv,168,DISCHARGE_DATE_VALID,discharge_date,DATE_MISSING,WARNING
9bd4c7b58543b8d5a491336b85df2f4e22084ce0b93c4edf7b5effa12363a562,dd12423ae442dd6403e6e168b36e8070ce0d5ecaaa6e0cabbe7f29ea38e7adb7,ATHENA_CLINICS,132754,batch_001,encounters_athena_clinics.csv,988,ADMIT_DATE_VALID,admit_date,DATE_PLACEHOLDER,ERROR
9bd75bbbe07e07a2732ebb3bd0acba0d61a2f50550ec65d85fe96ba888f6a631,be4e17dea7879d44c1abe29d8e07a353a80615f4b6ee1d0d10e3cb6612d960b5,LEGACY_MEDITECH,136229,batch_002,encounters_legacy_meditech.csv,240,ATTENDING_NPI_VALID,attending_npi,NPI_CHECKSUM_FAILED,WARNING
9c2142e6de6d56c7ea15698b71e029d60733db416e31bc320b7cc527eb37c5ee,2b72ae00f4e3f19562e4b999676caba3a0f4b79d8c9a1cc145f443fb79844a95,EPIC_NORTH,E9564461,batch_001,encounters_epic_north.csv,468,DISCHARGE_DATE_VALID,discharge_date,DATE_MISSING,WARNING
9c4aad95a9871a05607d2e9d5164f150635e0ce6c7c43c4694ec1f8c46343425,a68cfdef6fd6312bdec31c330b09e4f25bf1d695d915ef306e8117c5e69cabb4,EPIC_NORTH,E7367121,batch_001,encounters_epic_north.csv,1364,DISCHARGE_DATE_VALID,discharge_date,DATE_MISSING,WARNING
9c548e54cc905ff87fe8f236541ba7f8cc365d3a1c9a03398e8867e469948719,4382815a2554f4962391d9be5ea6bc005eb5fd5caf03a2efda62b2d0de1f8ed7,ATHENA_CLINICS,123434,batch_002,encounters_athena_clinics.csv,94,DISCHARGE_DATE_VALID,discharge_date,DATE_MISSING,WARNING
9c95d5b9f9e7be96f13d61e499bc2e534fb2e6a50b9ec6a077cd0e1136e23886,02182b2a5ce1d8efe8485be2cf6945bc55be2df03403130df6913fdcf266abc3,ATHENA_CLINICS,118968,batch_001,encounters_athena_clinics.csv,814,DISCHARGE_DATE_VALID,discharge_date,DATE_MISSING,WARNING
9c9cb18a2018e60f5ed2558442d59806d69d429ec8595346b25ee9bf6ed3c43a,f64cf99122a498329e5f6b40fd33d8f4f0c95b87e4423f6b64a9cd804c76714d,ATHENA_CLINICS,138235,batch_001,encounters_athena_clinics.csv,640,DISCHARGE_DATE_VALID,discharge_date,DATE_MISSING,WARNING
9cfc30c80e0653379dce67f2afa9e7c5f42e679560d0b3096d493425aadddb96,d57c90be3315a66b181a361affa3dca397335e98d019d63f96ad05ef1fed7579,EPIC_NORTH,E5598507,batch_001,encounters_epic_north.csv,529,DISCHARGE_DATE_VALID,discharge_date,DATE_MISSING,WARNING
9d1b5f03a3e7c488f658a6335d5e8e9595ae401b5c9a55720a21e4c9ce931934,18f7c48ac6948d5049640f125970f5fd034c934c5ea10397b288fc3854078b7e,ATHENA_CLINICS,139507,batch_002,encounters_athena_clinics.csv,108,DISCHARGE_DATE_VALID,discharge_date,DATE_MISSING,WARNING
9d410bde1927c449ed721d89d0edc44436d35bf10e64a0e796ddfc4cabd551ce,5f2c1013fc0c69122819ec5013ce2a67c0519a9f97e5e7001f75e2d2f3687a73,ATHENA_CLINICS,101158,batch_001,encounters_athena_clinics.csv,491,DISCHARGE_DATE_VALID,discharge_date,DATE_MISSING,WARNING
9d55c4458011434317527e5c67b85e562b1c648d89b717a13fb50d91c744228e,79f23b308d32a304e02c75567a6efb3f954ee01e4703ca4788627f94ae52c681,EPIC_NORTH,E3901216,batch_001,encounters_epic_north.csv,316,DISCHARGE_DATE_VALID,discharge_date,DATE_MISSING,WARNING
9d5bba6d7e44650925f956e8a62701bf2e9380dac43b1b4ce306569a3567cd1b,d8af65b6523324197692b3e3c057fe30a74b8e76b193b391109ce57372fcc203,ATHENA_CLINICS,119992,batch_001,encounters_athena_clinics.csv,520,DISCHARGE_DATE_VALID,discharge_date,DATE_MISSING,WARNING
9d8ef3578bdf86db3bb41590544d6dc46fac37100823a8aebee12aadf0e67b12,6a55f5766f70b9493961c2408feaa0c54f92c6381ed841e72ab4aac50a04e656,EPIC_NORTH,E3152844,batch_001,encounters_epic_north.csv,914,PRIMARY_DX_IN_REFERENCE,primary_dx_code,DX_NOT_IN_REFERENCE,WARNING
9dc8b44865c82a82211a253ce7f80cf8446eb74cf569d34d7380982649589870,6d7ae27adaddbfc8e7924ec016ea3f08aaaa6438a5e45ec3e475617fac58c5e2,ATHENA_CLINICS,119665,batch_003,encounters_athena_clinics.csv,1,DISCHARGE_DATE_VALID,discharge_date,DATE_MISSING,WARNING
9dc8b44865c82a82211a253ce7f80cf8446eb74cf569d34d7380982649589870,6d7ae27adaddbfc8e7924ec016ea3f08aaaa6438a5e45ec3e475617fac58c5e2,ATHENA_CLINICS,119665,batch_003,encounters_athena_clinics.csv,1,FACILITY_RESOLVED,facility_id,FACILITY_UNRESOLVED,ERROR
9e026883b51879c70844edaa55391d331e50dd38f68fdfc9807d400285cffe1c,99328e9e12ae434722cd4f03080843bd09cab2752ca4ccfde889ed12c454b9b3,ATHENA_CLINICS,107206,batch_001,encounters_athena_clinics.csv,684,DISCHARGE_DATE_VALID,discharge_date,DATE_MISSING,WARNING
9e2c508ba33aa5055b14216dc3af3cacdd59b9cebd842f1ce9524b2e876f4f89,3016bae33844558a8ec3ee4dd03f4411db41b99e37960cf1d621fdc9dbca904b,EPIC_NORTH,E1879282,batch_001,encounters_epic_north.csv,1426,DISCHARGE_DATE_VALID,discharge_date,DATE_MISSING,WARNING
9ef3170f5a19e8567ec0714a6f2eb0fd081af7be6f6ddb0c04d0eddd86d0dc6e,3d12297ea6e27084e48f1bafec7634885ed172a787949883df6df8a141fa2237,EPIC_NORTH,E5744643,batch_001,encounters_epic_north.csv,273,DISCHARGE_DATE_VALID,discharge_date,DATE_MISSING,WARNING
9f512e3b6d564600a6c746e2803ec1e437591509c29f8fce5a4cb8db3fcc32d6,c3deeb6446eb3acb9743f1ed8da28969cfb3fb90dbb28c58bca4d4df1d226d43,LEGACY_MEDITECH,118557,batch_001,encounters_legacy_meditech.csv,321,ATTENDING_NPI_IN_ROSTER,attending_npi,NPI_NOT_IN_ROSTER,WARNING
9f8e7006c734aeb3dfc12375439f2abb2a50bc953e7841ea1b8d092d4082cfb0,cc6389760f8a4d6bba38178ba7d74e9543989507f4e0043179b7d38462cffe21,ATHENA_CLINICS,112478,batch_001,encounters_athena_clinics.csv,233,DISCHARGE_DATE_VALID,discharge_date,DATE_MISSING,WARNING
9fa1dd06c4d184c190b693e2f17ff5cf69e8113c306e171703fe8312f86ee960,b7f14f450a6bd77d93461b6991015e72069dba477742e4bd99e179d03123c5be,LEGACY_MEDITECH,111510,batch_002,encounters_legacy_meditech.csv,194,PRIMARY_DX_VALID,primary_dx_code,DX_ICD9,WARNING
9fd7597a92d8783cda8db5008c33b0d3ffaca3ea75da5baed679ca4a0e029e3b,63c6144d35354bb43ee84e09a72af19f5d0c6af07ac4e247f5aeba976955c523,ATHENA_CLINICS,108090,batch_001,encounters_athena_clinics.csv,859,DISCHARGE_DATE_VALID,discharge_date,DATE_MISSING,WARNING
9fde88ea30914765ed6a49be5a3842e17a4ed21e2ce6bcadddcaaf6c2d4ad88a,bf0a3916796255de37845a62273bafa750dc90f22006ec6bbcd57f0413c30ca3,EPIC_NORTH,E5041586,batch_001,encounters_epic_north.csv,403,DISCHARGE_DATE_VALID,discharge_date,DATE_MISSING,WARNING
a003b91f39a72814ab16aedd3eac0f49631e2d712aab2c57a8b699d5a1a09e26,48b19d9677e491272216d5077b2d92e344f219eb51e25db17c36586ea9dc1bf5,ATHENA_CLINICS,100439,batch_001,encounters_athena_clinics.csv,19,DISCHARGE_DATE_VALID,discharge_date,DATE_MISSING,WARNING
a028e001e91d51b49b5bcb0b979c44d0707d2ece6bc7dce7c784c764e5c4663a,9be96477282375de760b620aa7ffe2c585d7ab560764299a26fa57e89cb6b2bb,ATHENA_CLINICS,135422,batch_001,encounters_athena_clinics.csv,701,DISCHARGE_DATE_VALID,discharge_date,DATE_MISSING,WARNING
a05022e07537ca03a1d1592fabc2c38cd78c400d559243f6576d8748ea40114c,c7074c710626cfa6a5fb81c15997b607eb871323c4752684d53d7532a7e9a3a4,ATHENA_CLINICS,122132,batch_001,encounters_athena_clinics.csv,135,DISCHARGE_DATE_VALID,discharge_date,DATE_MISSING,WARNING
a0a0a4f71014f5285e00dd383cc4879dabe00f9bb8fb83b75bc96985214ae17a,4dbc4ca92aca995611e4868dfbf5241a5ac7180edd42c6e3133b44516cdcaad0,EPIC_NORTH,E8369282,batch_001,encounters_epic_north.csv,1368,BILLED_AMOUNT_VALID,billed_amount_usd,AMOUNT_MISSING,WARNING
a0df0bb24cc863c4826f84b522f61240324f112d63ddbe577d7a8e52d4a11687,ee205c05efe747cc2be8e78a35cbdcd5b9c5b16553253c1901d8a753ac2dd0cd,LEGACY_MEDITECH,127042,batch_001,encounters_legacy_meditech.csv,295,BILLED_AMOUNT_VALID,billed_amount_usd,AMOUNT_PLACEHOLDER,WARNING
a13f9834140e0b0c66ffebb573856e7572b3d11e578bc4f6809bc0f8268c935a,e4e95c366679537749e2dbe9cafcf9c3f23d93f027556c4afb81d1af2f9736a6,ATHENA_CLINICS,102892,batch_001,encounters_athena_clinics.csv,145,DISCHARGE_DATE_VALID,discharge_date,DATE_MISSING,WARNING
a17e8a7e5e7affde6c7aa101b5fb7cc4e30d971c550ee8a8ae7f0efed6ec1fe6,20bf2e42447dd4deda76b049f16cfd32d58e622c5457afcfdbbf3e7117834328,ATHENA_CLINICS,137962,batch_001,encounters_athena_clinics.csv,354,FACILITY_RESOLVED,facility_id,FACILITY_UNRESOLVED,ERROR
a1b3ddd032c813f4cb977f94c9ce4f75836e5d3088b12668ea8273608f2a04ee,0b661f171ea2ffcd9f6afc1cf8d4c34d54eb3a44429b648a824f38faa890abe1,LEGACY_MEDITECH,128966,batch_002,encounters_legacy_meditech.csv,60,DISCHARGE_DATE_VALID,discharge_date,DATE_MISSING,WARNING
a24a627e15e527f30ca4b0c8daaa313685faaa34ef6ece4b6c8de61868e26e20,e5cca378bdb0c31ffa86ddc96f305dac651d0dda021d027e5f47a0a8075672a3,ATHENA_CLINICS,125266,batch_001,encounters_athena_clinics.csv,248,DISCHARGE_DATE_VALID,discharge_date,DATE_MISSING,WARNING
a27f3a973fc943f06f91d798de1ae1c4a405c6cca490129907d6d3a4b07b5866,adfc83f5322c1a44b7d4aca936bec19db7ea0acd444e9072e2b9f0a6e1a989cd,EPIC_NORTH,E7071281,batch_001,encounters_epic_north.csv,1390,PAYER_MAPPED,payer_category,PAYER_MISSING,WARNING
a28e4d44527ad66ad26d978503043a81e8e08868613176ba7c2d4dfb421b7975,5b45e05c91f453dd0828e413a057f6828e692a422db2db6139eee1ab56a8e877,ATHENA_CLINICS,104156,batch_001,encounters_athena_clinics.csv,731,DISCHARGE_DATE_VALID,discharge_date,DATE_MISSING,WARNING
a29ee5ea38732dac36e18a50ef34dd9791002fb0523c87cad9a67f4a2745ba72,a53e6bcd3c8726126e4d1b91cfc771a0dd8a458074e27a9b274136cfad72f374,ATHENA_CLINICS,120847,batch_001,encounters_athena_clinics.csv,147,DISCHARGE_DATE_VALID,discharge_date,DATE_MISSING,WARNING
a2bd24023d8d4345b4b6f9bec0b232933ca14e5af9e422395bafa706965b6dbe,ff9735ee1c90ad509d8743b29154705ca0e6c0f473967a48102826dc7395aed4,LEGACY_MEDITECH,108643,batch_001,encounters_legacy_meditech.csv,289,DISCHARGE_DATE_VALID,discharge_date,DATE_MISSING,WARNING
a2cb221c41071c9c6157e395d868c034617ac7b0c9f76239117e152118ca94c0,8dd3006e0b2f2fa74aee975f14fe02bbaafe47fb82edfefcc97da0f140d1653f,EPIC_NORTH,E5287058,batch_001,encounters_epic_north.csv,1025,DISCHARGE_DATE_VALID,discharge_date,DATE_MISSING,WARNING
a37d98810582e2045bfddc6b7c888923569fbd3416fa89caeff4cbb5775a0a63,72512d1fae3fc6cbcc86002dbcf2ce01224851ab56104866d14dedeeac325ab8,ATHENA_CLINICS,137452,batch_001,encounters_athena_clinics.csv,625,DISCHARGE_DATE_VALID,discharge_date,DATE_MISSING,WARNING
a39d92d964f45b664283b9cfab5667e82c777eab80ae44184cea0cd1f28195a1,c0bbef2f54e08953cf4337ef9f07dd2d8dee1b0773a71885d3aa72a913eb1d2a,EPIC_NORTH,E1883348,batch_001,encounters_epic_north.csv,395,FACILITY_RESOLVED,facility_id,FACILITY_UNRESOLVED,ERROR
a3d225811e1238bb59c6658cadacef5bbe6ecf05ded180d9738a738be291cde8,ea3c5d61b61903586a3aeddbee3ab63c12fd553cae643019e969ee14e90a75f6,ATHENA_CLINICS,114137,batch_001,encounters_athena_clinics.csv,450,BILLED_AMOUNT_VALID,billed_amount_usd,AMOUNT_UNPARSEABLE,WARNING
a3d53b2c2396b1a8d3cb44e709ff1b7ade351a969d18873d51c3f97f6e434611,1f73dc0bed89b1effaa2535f093466090eb9d25ab59d47e361976923ea343a34,EPIC_NORTH,E2303601,batch_001,encounters_epic_north.csv,562,AGE_BAND_KNOWN,age_band,AGE_BAND_DOB_UNAVAILABLE,WARNING
a3d53b2c2396b1a8d3cb44e709ff1b7ade351a969d18873d51c3f97f6e434611,1f73dc0bed89b1effaa2535f093466090eb9d25ab59d47e361976923ea343a34,EPIC_NORTH,E2303601,batch_001,encounters_epic_north.csv,562,PATIENT_LINKED,patient_link_status,PATIENT_UNLINKED_NO_DOB,WARNING
a3e12600c1877b19dd60df8e507c702e5377052db71f04f726273eee0ded5923,ce3711c842f5fd03d239c833009dc21d2bb23132e1c8364f4970baaa509754ce,ATHENA_CLINICS,136018,batch_003,encounters_athena_clinics.csv,70,DISCHARGE_DATE_VALID,discharge_date,DATE_MISSING,WARNING
a42e42b3c6fdc8d6e8c165cbd6c8e6979f561b0b90bee2d6f91a9ebf3d456247,4a84f46c03aed1335d7cf62c50a0709d7a5598873bb01b421b63bdce39742aac,ATHENA_CLINICS,103241,batch_001,encounters_athena_clinics.csv,419,DISCHARGE_DATE_VALID,discharge_date,DATE_MISSING,WARNING
a4585614ff77b6613d612280603575f72179ef4ec745d320023d41ad51784cca,7925b92bb87966869e1f0a0d20cb97900476dd33d5a8ec204115fdbef8a0762c,LEGACY_MEDITECH,126075,batch_002,encounters_legacy_meditech.csv,72,DISCHARGE_DATE_VALID,discharge_date,DATE_MISSING,WARNING
a4761909552cc3c6e57e59983456e3cd0b9c0270948b712f650aeda1a45a00ab,2c619c029a7b87da8b783a3804583c4daf6272795aeced2513f6df5a068f2c9d,ATHENA_CLINICS,131765,batch_001,encounters_athena_clinics.csv,1080,AGE_BAND_KNOWN,age_band,AGE_BAND_DOB_UNAVAILABLE,WARNING
a4761909552cc3c6e57e59983456e3cd0b9c0270948b712f650aeda1a45a00ab,2c619c029a7b87da8b783a3804583c4daf6272795aeced2513f6df5a068f2c9d,ATHENA_CLINICS,131765,batch_001,encounters_athena_clinics.csv,1080,PATIENT_LINKED,patient_link_status,PATIENT_UNLINKED_NO_DOB,WARNING
a5ae05b933a653f9cafbfce40801bb7c4cf72a18e896d637c115b92b35485575,5674b14bc07e161f3b2ad70994d5e9abb250efc9ebd9fb6c5af49dbc3660daf7,ATHENA_CLINICS,123810,batch_001,encounters_athena_clinics.csv,987,DISCHARGE_DATE_VALID,discharge_date,DATE_MISSING,WARNING
a5fad72958b66e27ec9e457de229f82b2ec097d06323c3c19a62773ca7c69a65,d34bfe1c338b8cb65135732f8bde6dcaef2502d820b3aa2e55d235b44bd47481,EPIC_NORTH,E2489918,batch_001,encounters_epic_north.csv,487,DISCHARGE_DATE_VALID,discharge_date,DATE_MISSING,WARNING
a64222729606a9f3c757dd5240d94b6aadad96f1262984af2072da6f504a69e4,213ba64a30479c084e274cd1cbdfef182fc6c7de250304dcea683f909e167770,ATHENA_CLINICS,135244,batch_001,encounters_athena_clinics.csv,901,DISCHARGE_DATE_VALID,discharge_date,DATE_MISSING,WARNING
a65045c107ec10131ee166efcab931a410cbbdebf5448ec37a24713e1e3c0e5b,d8599332206553070c6dc82015e693a0b7e443cdb2a6a1e1d62a929b4477b1a9,LEGACY_MEDITECH,139141,batch_001,encounters_legacy_meditech.csv,159,BILLED_AMOUNT_VALID,billed_amount_usd,AMOUNT_PLACEHOLDER,WARNING
a67365497e8b5b84b66efcdf73a50301c80be1fb121a2ffff2ef20eb767df8cc,2bfc93915db95d87e49a9dcc7befd293bf751f25cd12a69f72a7c2288d18fa63,EPIC_NORTH,E2573906,batch_001,encounters_epic_north.csv,313,DISCHARGE_DATE_VALID,discharge_date,DATE_MISSING,WARNING
a69c931de14e7ec9187f3a878f243c9dc16c45fe6be2b59c032dfb31d8a41d26,56ee37dbf68089eb26f152a5d000e871b80ea6e51fac5b1623f90a374a1a76af,EPIC_NORTH,E1928914,batch_001,encounters_epic_north.csv,62,ENCOUNTER_TYPE_MAPPED,encounter_type,ENCOUNTER_TYPE_MISSING,WARNING
a69f2cce96bea758ca5b5bc789dded7c27847499886b766ceaa0693ce16373b4,a13ca0276c9c5b8a9585ab87ae453c3df5c12224ce6feb910dd41a6d9879f4a8,ATHENA_CLINICS,138014,batch_001,encounters_athena_clinics.csv,5,DISCHARGE_DATE_VALID,discharge_date,DATE_MISSING,WARNING
a6b0a66dfda68abf1e2e5cf85f02670ff4661737f05a6445f198c7c17a89318c,e9f66874499b1bb8244a07c4cdde7ab8b5205980e5913c6ea9e5fc74ec525206,EPIC_NORTH,E3291291,batch_001,encounters_epic_north.csv,1252,DISCHARGE_DATE_VALID,discharge_date,DATE_MISSING,WARNING
a6b80f5f5c152bc40fa4c9077055bd383cbd53189826bbfedcd2aa3885075511,f7cfd0b5a2d81ec8bdbea32115e4e06a0d7d2a0c1707dca2232a82626f825a29,ATHENA_CLINICS,105569,batch_003,encounters_athena_clinics.csv,8,DISCHARGE_DATE_VALID,discharge_date,DATE_MISSING,WARNING
a6c17a8bf7cd7051fd2053fa938e2ca541dcb7472078c60e854c1cb873b00f38,32cdcaa0add1cf6037755917b276fc4d55d9ff785e0152f278145abad5792672,EPIC_NORTH,E8899856,batch_001,encounters_epic_north.csv,632,DISCHARGE_DATE_VALID,discharge_date,DATE_MISSING,WARNING
a6cc954508b34572650141890e54cb6bd386833b139f3e5356196f2a95367f05,e9274a5f8eb32b0637a0f7a79b8f79e1a5dd31cd2985bfa35d2e74455e0cae76,ATHENA_CLINICS,135545,batch_001,encounters_athena_clinics.csv,54,DISCHARGE_DATE_VALID,discharge_date,DATE_MISSING,WARNING
a70693a6aed695299a9bdf7cfb43fa1e22f1d026ee71f19263b52afa201dada5,2026d8115b7d0c010211fe57df2404830f581bedcca33d10e356751d9c06db69,ATHENA_CLINICS,105982,batch_001,encounters_athena_clinics.csv,113,DISCHARGE_DATE_VALID,discharge_date,DATE_MISSING,WARNING
a716025a020d64a8b8fca52b1a105ab668f95f2478f5fdfb251c3556c6768b1f,0568827d6c0afac0070bcc0284fdb455f51e5a94377bc4ce35c48075b1dea8ce,EPIC_NORTH,E2879699,batch_001,encounters_epic_north.csv,809,AGE_BAND_KNOWN,age_band,AGE_BAND_DOB_UNAVAILABLE,WARNING
a716025a020d64a8b8fca52b1a105ab668f95f2478f5fdfb251c3556c6768b1f,0568827d6c0afac0070bcc0284fdb455f51e5a94377bc4ce35c48075b1dea8ce,EPIC_NORTH,E2879699,batch_001,encounters_epic_north.csv,809,ATTENDING_NPI_IN_ROSTER,attending_npi,NPI_NOT_IN_ROSTER,WARNING
a716025a020d64a8b8fca52b1a105ab668f95f2478f5fdfb251c3556c6768b1f,0568827d6c0afac0070bcc0284fdb455f51e5a94377bc4ce35c48075b1dea8ce,EPIC_NORTH,E2879699,batch_001,encounters_epic_north.csv,809,PATIENT_LINKED,patient_link_status,PATIENT_UNLINKED_NO_DOB,WARNING
a738d8ba8aee6169ec7bf9d44fcaea1fe6fdcc97d76214595d77494691ce0555,3c41566a85b085696667de41869030953f5219181a3e5c36a29dacb313ecf2cc,EPIC_NORTH,E4885588,batch_001,encounters_epic_north.csv,988,DISCHARGE_DATE_VALID,discharge_date,DATE_MISSING,WARNING
a745872b88068029cb4ddb805b250142bc12dd4a7914eeb5fd86925edcbb74a3,9a19abbced526eba8b59fca19002d02b5c7c1cf1a90fc1e1f39bdf6e2de20f5c,LEGACY_MEDITECH,114935,batch_002,encounters_legacy_meditech.csv,96,ATTENDING_NPI_IN_ROSTER,attending_npi,NPI_NOT_IN_ROSTER,WARNING
a79e40193961ab0465d9555fc0d59d99f2d2606167770b0c7e744a1b19cc1959,29f1d625b878a93aa5b7cfde3f0230f9c33141ecec9bdeed80de51b5b7a4670c,ATHENA_CLINICS,117146,batch_001,encounters_athena_clinics.csv,564,DISCHARGE_DATE_VALID,discharge_date,DATE_MISSING,WARNING
a7b2b1be924a2d3769402a0b93a3311ee8c08ba583df5a75c3e45ef886f62fa3,4ad10372fb9f0348cd01c3d3d288b0bf9535f08904b9dc7a2368c3a34fea388c,LEGACY_MEDITECH,110308,batch_001,encounters_legacy_meditech.csv,59,DISCHARGE_DATE_VALID,discharge_date,DATE_MISSING,WARNING
a7d92b1d9388b32789558af6fff312e0ee7dd829465fce21e9f2fce90393d49e,fb2e1ed48021361e5820a332d14fe647b30941af7f1fe09d5da9e91cdd01b40d,LEGACY_MEDITECH,129338,batch_001,encounters_legacy_meditech.csv,249,DISCHARGE_DATE_VALID,discharge_date,DATE_MISSING,WARNING
a7ec969f2bb7f45999b3200cb7087bd485993e35b8f797d5ad0566f232a7b253,d41c3911b7e2f9e46bd9224ba3b918afce35243fd7d2a7ec2afd0ec098a84dbb,ATHENA_CLINICS,106031,batch_001,encounters_athena_clinics.csv,1037,DISCHARGE_DATE_VALID,discharge_date,DATE_MISSING,WARNING
a8457bdf9c58d2ca82d939f4fd7fca7e6481b6480b3a715ab9545f3aca706e79,e51f50a8fbfaf1050beaaa17753c5e759b5b439569f330d8277d103759e296e8,ATHENA_CLINICS,126060,batch_002,encounters_athena_clinics.csv,127,DISCHARGE_DATE_VALID,discharge_date,DATE_MISSING,WARNING
a8fd10967b42513666d9ef44ceaa1290e2ea0b5e1985bf0361a07cd674c73b84,ef43fd76f88df273acc784079978daf27e6b0d28a587cd3a36f412f626ed1941,ATHENA_CLINICS,100603,batch_001,encounters_athena_clinics.csv,1033,DISCHARGE_DATE_VALID,discharge_date,DATE_MISSING,WARNING
a937a74f20ab1e3d7297a1a0fcf64e1b2b8e9b195506d43e758f65d986c890cd,fc532eb8abd9fce280a6e72bc5fa50fd70f220475816c52f878173f104c06b7c,ATHENA_CLINICS,118506,batch_001,encounters_athena_clinics.csv,442,DISCHARGE_DATE_VALID,discharge_date,DATE_MISSING,WARNING
a97109b889a8a067534b3092ba0839e6a31c6c50ab14d8d4cb6c0a78093993d9,6aa87d75e808c7cda91bc7e3bcdb03cd6c30bf375e5c8cfdd449ac6543a5d8ec,ATHENA_CLINICS,107411,batch_001,encounters_athena_clinics.csv,435,DISCHARGE_DATE_VALID,discharge_date,DATE_MISSING,WARNING
a99e6406d270288efbe25ce2a48570bbcde7e046f7e71e2a71340dabc3cf399d,0309880c1e0910a1435fa8be276a60fc2ed9efebd195ca0df66e6eaa3f6269ac,EPIC_NORTH,E3844753,batch_001,encounters_epic_north.csv,903,ENCOUNTER_TYPE_MAPPED,encounter_type,ENCOUNTER_TYPE_MISSING,WARNING
a9b4ab6b063328cfc09ab602b09e4cf50f676670ab4ce9cf2f90c6b944e31e88,594df2180b6ab43eadc9670834f43ac7bb2073d11c25cd355e4ae7dac912a2f7,ATHENA_CLINICS,103055,batch_001,encounters_athena_clinics.csv,972,DISCHARGE_DATE_VALID,discharge_date,DATE_MISSING,WARNING
a9b58d670f1228f949e5ce1578fdf0c517c8e2bb46555d566bde5191049e43a1,879d8650f593a690283b3365dd8fd58ebf74ab004a82e2b52eac6aa6abad1946,ATHENA_CLINICS,121959,batch_001,encounters_athena_clinics.csv,45,DISCHARGE_DATE_VALID,discharge_date,DATE_MISSING,WARNING
a9f39c8161d5933ca7885f9077bc0b3b6b40fe78689e328ff192ccd5771935c0,e53722f1effd23fc179d153f4683d856a0d813215cd655abfcd18f1c5413202d,EPIC_NORTH,E4632804,batch_003,encounters_epic_north.csv,27,DISCHARGE_DATE_VALID,discharge_date,DATE_MISSING,WARNING
a9f65a8108db39fd5017f50b7f5fe8ca5ef9ebb34d025d6c3a6a91cb73d6dcb7,2a19d19adf1c55aeb812ece55b7c8bb41b708f88ee58829cb65692a9d4790a4a,EPIC_NORTH,E6758898,batch_001,encounters_epic_north.csv,1100,DISCHARGE_DATE_VALID,discharge_date,DATE_MISSING,WARNING
a9fa3b844ab79f25140497c68392a53051921ed0538b584f87b4890a1c571b0b,629d38f4ad3aa3b577e969c5fa3e1979ce5b7b93d8f7da55e1f3ca6981c4cef2,ATHENA_CLINICS,128677,batch_001,encounters_athena_clinics.csv,875,DISCHARGE_DATE_VALID,discharge_date,DATE_MISSING,WARNING
a9fec93f8e94366d6c0d4638c6df70a3a0d5b6de416b225dfa778eeb565930bd,366acb358c09a9e56c61765c16802cd02a7f2d41bd13dfb24a4c85a29922ee1f,EPIC_NORTH,E9310962,batch_001,encounters_epic_north.csv,790,DISCHARGE_DATE_VALID,discharge_date,DATE_MISSING,WARNING
aa8eb4356aa63168d000ec098bd17f0fd6db6530e4a78bfe2fa4a55a11ccadad,dd71d78c5aaf7293977622b5076f26202a2bab8bf920b484fb19e2aafe7a04d9,LEGACY_MEDITECH,138625,batch_001,encounters_legacy_meditech.csv,229,AGE_BAND_KNOWN,age_band,AGE_BAND_DOB_UNAVAILABLE,WARNING
aa8eb4356aa63168d000ec098bd17f0fd6db6530e4a78bfe2fa4a55a11ccadad,dd71d78c5aaf7293977622b5076f26202a2bab8bf920b484fb19e2aafe7a04d9,LEGACY_MEDITECH,138625,batch_001,encounters_legacy_meditech.csv,229,DISCHARGE_DATE_VALID,discharge_date,DATE_MISSING,WARNING
aa8eb4356aa63168d000ec098bd17f0fd6db6530e4a78bfe2fa4a55a11ccadad,dd71d78c5aaf7293977622b5076f26202a2bab8bf920b484fb19e2aafe7a04d9,LEGACY_MEDITECH,138625,batch_001,encounters_legacy_meditech.csv,229,PATIENT_LINKED,patient_link_status,PATIENT_UNLINKED_NO_DOB,WARNING
aa98b16531dbee866116f3745d78b8aea3de954ef7a3894aa99cf3efedb16a07,21043bc270858df671f70370365fff842c7c0677fec8fc1c6894db5fb6edc03d,EPIC_NORTH,E2216860,batch_001,encounters_epic_north.csv,722,DISCHARGE_DATE_VALID,discharge_date,DATE_MISSING,WARNING
ab23851c3aaae1c78c0608887a6fc47363f4992757aae627e4a7d141765c64d8,9b16fe7c166fb5e209952e02e91adf5d899b1afc13ca63a401ce1a3e32d3c854,EPIC_NORTH,E3422915,batch_001,encounters_epic_north.csv,140,DISCHARGE_DATE_VALID,discharge_date,DATE_MISSING,WARNING
ab849a6e57020abc556e4226d361c858afea81ff1e54d5083389a32cc821ed51,2e097f06c776d390b03c86809473d818d33b2c7de58dffce95d5388a0472a7cc,EPIC_NORTH,E3458527,batch_001,encounters_epic_north.csv,70,DISCHARGE_DATE_VALID,discharge_date,DATE_MISSING,WARNING
abb5a3d75dd5190cfebead7ec3a09b6967a274a5b9b7751c53c8d3f7a9699f54,6b5c8507d392d06a54b3f73a1c1117326635b35c0afc0382ce2dd7babe99ca67,ATHENA_CLINICS,104167,batch_001,encounters_athena_clinics.csv,457,BILLED_AMOUNT_VALID,billed_amount_usd,AMOUNT_PLACEHOLDER,WARNING
abb5a3d75dd5190cfebead7ec3a09b6967a274a5b9b7751c53c8d3f7a9699f54,6b5c8507d392d06a54b3f73a1c1117326635b35c0afc0382ce2dd7babe99ca67,ATHENA_CLINICS,104167,batch_001,encounters_athena_clinics.csv,457,DISCHARGE_DATE_VALID,discharge_date,DATE_MISSING,WARNING
ac1f10187743881723a54d439f0808041dc7e75fc9e6a7bcc12c75df7df53b8c,25ba85688992e58426807c4e09f8644bd61daa48df38ebe8afd7a95c1eca6843,ATHENA_CLINICS,114285,batch_001,encounters_athena_clinics.csv,937,DISCHARGE_DATE_VALID,discharge_date,DATE_MISSING,WARNING
acde265ea38bf41a35e7be7a6b38e992dcd17348d0eb737bd1bf58fb0c140f9a,5f43653b041f7782fbcf357184d0528c303c55bde3c21c51eb420ee3a7df8b5b,ATHENA_CLINICS,123797,batch_001,encounters_athena_clinics.csv,390,DISCHARGE_DATE_VALID,discharge_date,DATE_MISSING,WARNING
ad31d5e3df0807707b63fca33257d53b6f72cc1ccb0712db414dc7c5742cc940,6061f49200579310753f469766b404824f8b447fb4c8ebdf433406d7a736a38f,ATHENA_CLINICS,119698,batch_001,encounters_athena_clinics.csv,659,DISCHARGE_DATE_VALID,discharge_date,DATE_MISSING,WARNING
adb5a509b02b8862de0b0d510752cbeffad40645d83115e033c2da3c76d9e158,c659dcc74a380fe450324b290b512663efd9476a52404689ea21cc91f8fa5c14,ATHENA_CLINICS,127400,batch_001,encounters_athena_clinics.csv,263,DISCHARGE_DATE_VALID,discharge_date,DATE_MISSING,WARNING
ade61108a9e8dcd304d1e8227815bb6fdb011640cb1bd398309bd153ff080933,61000ae2bd371b55fb5bc65b40bef92d43998bb4cd186c90253223d53a38b393,ATHENA_CLINICS,120348,batch_001,encounters_athena_clinics.csv,213,FACILITY_RESOLVED,facility_id,FACILITY_UNRESOLVED,ERROR
adecaefbfabe7a22a95f97663049eb7e5a57cb96614a55d3938d829c50adfeab,b4d1264dbb7198b5d3b9819d36cc7eceee78062594c797ff6813a3d362e02402,ATHENA_CLINICS,136760,batch_001,encounters_athena_clinics.csv,832,DISCHARGE_DATE_VALID,discharge_date,DATE_MISSING,WARNING
adf16a11b7412fdafa52d2da300d02e6f2c7a6abd83f4377de0f9ea8051b2d3e,fa529712d3fab0ac4d06441c254eb2ad5a073892f05c3fbdeca03a7966e0eedc,ATHENA_CLINICS,107351,batch_001,encounters_athena_clinics.csv,503,DISCHARGE_DATE_VALID,discharge_date,DATE_MISSING,WARNING
ae57fca6e2735eb21eb81a84de3443e73d0f71466abf00fa22eae9a8cb275726,868ce3bee2f6ba0a97b301e9e83627f40c28341578e747e3d7a90d408acf1209,EPIC_NORTH,E6990889,batch_001,encounters_epic_north.csv,858,DISCHARGE_DATE_VALID,discharge_date,DATE_MISSING,WARNING
ae6389d9203ed02860d36abf9c017927e9d3fe20fbb77371bbf296c7f1930374,6394b04ce7d2290f0d88265b42564ebb2da2c9fa9805d63472fc7b93fae0bacc,EPIC_NORTH,E9004018,batch_001,encounters_epic_north.csv,1215,ENCOUNTER_TYPE_MAPPED,encounter_type,ENCOUNTER_TYPE_MISSING,WARNING
aeea61d8fdf4d63e8fe6c88e72f112007332df86cc8de29e920bc20ad28790ea,0797db9cf2612df9868ce92979083656205a3b5ce7c163ea3fbd4e5745e8b6d1,EPIC_NORTH,E9688646,batch_001,encounters_epic_north.csv,1400,DISCHARGE_DATE_VALID,discharge_date,DATE_MISSING,WARNING
aefc6c72316be601d3e1f8f2e280c02b331c589ff93a2633ff487b35689ed696,ff8925ffa6960a1e624904ba244f23861bd4ef80d067701460d22cecf68cc71b,ATHENA_CLINICS,132795,batch_001,encounters_athena_clinics.csv,291,DISCHARGE_DATE_VALID,discharge_date,DATE_MISSING,WARNING
af3e06dd4eff117bdea14c93d9cd77f40519da159913e8544508f2e3ccbe9e4f,c27246954ced1cc102992c32e5c61d0c80766c1bdabdf01ba1318342d9ff52f1,ATHENA_CLINICS,112180,batch_001,encounters_athena_clinics.csv,991,DISCHARGE_DATE_VALID,discharge_date,DATE_MISSING,WARNING
af458c5012e35952cd9af16b173410236780e6c0130a14ea0c61a84be71b45b0,8652176570fe17e8700b43c019ee28b2d230bbd897ba2a7e024d80d428eab048,LEGACY_MEDITECH,102497,batch_001,encounters_legacy_meditech.csv,95,DISCHARGE_NOT_BEFORE_ADMIT,discharge_date,DISCHARGE_BEFORE_ADMIT,WARNING
af5cb1d66c660a05e250948e03e93087c05fb675ec08ffffdf9bcf14d649956c,749ee6adc08c6ac96a271b6a4bbebf00abc5c747030aef5ab530763099c89905,ATHENA_CLINICS,128728,batch_001,encounters_athena_clinics.csv,217,DISCHARGE_DATE_VALID,discharge_date,DATE_MISSING,WARNING
afc865eccab29fb386ef263c8b7b286acbd8016a4fe5b7952ebd7afcb14a2cd2,a8455742808e5cefcdc94146d11897e3731a8f13b4884d686061fb574df9fa3b,ATHENA_CLINICS,121242,batch_001,encounters_athena_clinics.csv,576,DISCHARGE_DATE_VALID,discharge_date,DATE_MISSING,WARNING
afd1b4e1fc672b6c292b985ea4f8790295ee0be2d6649651ef08a4d9dc800fe4,68c68b8aaca428822d1ec2cbe6aef6213f6c75b30113871be030034bb06500e1,ATHENA_CLINICS,132055,batch_001,encounters_athena_clinics.csv,125,DISCHARGE_DATE_VALID,discharge_date,DATE_MISSING,WARNING
afeca0f38993f0a3186a0513c78c179ee8d5065766151e2a1422083c4b72a69d,5c60b834a56aaa3f2b66e22b9d6f6a510e517908fef18403cf798c6eb2aea506,EPIC_NORTH,E5883569,batch_001,encounters_epic_north.csv,1274,DISCHARGE_DATE_VALID,discharge_date,DATE_MISSING,WARNING
affed801872d893094e208231ea1c69a37d574bdd275645aac65b897026c0839,f005a41b17c80d6c208f549fb299fac6be951227942fddfc59fa16bda88d0daf,ATHENA_CLINICS,138194,batch_001,encounters_athena_clinics.csv,1047,DISCHARGE_DATE_VALID,discharge_date,DATE_MISSING,WARNING
b00d3e70ccd64e1fc778a82f22fb89eab3b646d6dfa40eb20e61a4bca4856d6b,576bc222e7408531ad8c033c2a5aacd15384cf051512b8d99f90feed9278c292,ATHENA_CLINICS,102673,batch_001,encounters_athena_clinics.csv,845,DISCHARGE_DATE_VALID,discharge_date,DATE_MISSING,WARNING
b03c7aea1da9f40f3b663f613d23f39b4b99c8d1e4a99b713a908a1ab733fff7,7bdb75b0807b4504bc80aa13c6b6e16f9b79f604f727a5bc7166e35ec3b169dc,ATHENA_CLINICS,101711,batch_001,encounters_athena_clinics.csv,22,BILLED_AMOUNT_VALID,billed_amount_usd,AMOUNT_MISSING,WARNING
b0979b035f40a3ab53ac8662041180e603b878bd97e4f64a7e113310977501b5,13246c5e8cd23497db4ea64f3b071ca7cf010982354d67a0e00e1b43fb77ae5b,ATHENA_CLINICS,114039,batch_001,encounters_athena_clinics.csv,65,DISCHARGE_DATE_VALID,discharge_date,DATE_MISSING,WARNING
b0a2820fd8ac861667c7e714d0a31aec87a71a8f3962056ba2aee76eb3dc2855,8b3bed3b74813bb7d46d33d3fbf1934960f24fa30683803b6a4ec212c2fc97f3,ATHENA_CLINICS,130844,batch_001,encounters_athena_clinics.csv,169,DISCHARGE_DATE_VALID,discharge_date,DATE_MISSING,WARNING
b0e061297e1e3cf7d14360cd3e610e2d280a01723f95192a5c621342feb3421e,8eb8b43652168aa113393d2fff302da6744dc519f6a4aa38242e1a832da88276,EPIC_NORTH,E1195640,batch_001,encounters_epic_north.csv,237,DISCHARGE_DATE_VALID,discharge_date,DATE_MISSING,WARNING
b12cf61a1902c78a69179bbf57821e329c8e8af3b11639ff1fbb484df7a6455f,49fe73c999206fd97699c5d03a70053cc8c744035a94ffe255a0b732cc5980b5,LEGACY_MEDITECH,104970,batch_001,encounters_legacy_meditech.csv,47,DISCHARGE_DATE_VALID,discharge_date,DATE_MISSING,WARNING
b1873d416920fdcf4eb3dbc1652eb582ee527de63265211eda684b2c3b05c06a,6318ee320c1c0a025dedb2018e3853bbc7890b4ce323e6c5632ac62e36acf611,EPIC_NORTH,E8046303,batch_001,encounters_epic_north.csv,173,DISCHARGE_DATE_VALID,discharge_date,DATE_MISSING,WARNING
b1f2f607469d31935b8f095bfa960c186152789822cb00d10bb1c7a13caf5f15,c7ce83e31d7935781e883c3f5857c0be7fa7a98315e64d7292e9709c662f5692,ATHENA_CLINICS,133789,batch_001,encounters_athena_clinics.csv,838,DISCHARGE_DATE_VALID,discharge_date,DATE_MISSING,WARNING
b239d4c5fda4d6471ea4d2e86849236112df1802fa82b8554d5032a7cd4c4fcd,797be806871268536b151030d9db1ceb6362460076e0ee0ad3a967094d3619a7,ATHENA_CLINICS,114937,batch_001,encounters_athena_clinics.csv,877,DISCHARGE_DATE_VALID,discharge_date,DATE_MISSING,WARNING
b30b3061e8b89eb5a626d8784044ac911c29325de8a495a7644d398e0786a887,23484aa4db8f01c5209cececdf98f3484f9ba6b4b57378cb22669a1b89421648,ATHENA_CLINICS,100102,batch_001,encounters_athena_clinics.csv,40,DISCHARGE_DATE_VALID,discharge_date,DATE_MISSING,WARNING
b31a38d3fc5b59fcdc4cc93a0a5aa4eaf0b4741dae08ad475092045ae09e67e5,066c7d0e091f23b41d270225705cf1a95f83fa88300d684f37879a9b95c66be1,EPIC_NORTH,E1192221,batch_001,encounters_epic_north.csv,26,DISCHARGE_DATE_VALID,discharge_date,DATE_MISSING,WARNING
b32ec4a98418cc227e4a26fd18016ea57cddd0e2e09391863eaad0300886ef99,84f16eb69dddf109947de0e866e764eae11ce9af47b35156ea66981e578e07fc,EPIC_NORTH,E5813301,batch_003,encounters_epic_north.csv,83,DISCHARGE_DATE_VALID,discharge_date,DATE_MISSING,WARNING
b3545276757944f3f031f5ece4bc659abf3304a6e5951203f52b1868390dc6ed,4a4d4368e28a3270e98e34a5fc6d50eb4f2c5ffcffd1267d4800b6583d1ccdb5,LEGACY_MEDITECH,116577,batch_001,encounters_legacy_meditech.csv,252,DISCHARGE_DATE_VALID,discharge_date,DATE_MISSING,WARNING
b39ef2966a5b45a04429bfe983cadaf65f08171541031eef4fe5a4dbba2e9c66,bf4bad2257f5506522951311e41922169f8c8cda9bbfe6c1a1d56b93d3519cf3,ATHENA_CLINICS,115922,batch_003,encounters_athena_clinics.csv,10,DISCHARGE_DATE_VALID,discharge_date,DATE_MISSING,WARNING
b4375cfc9b99995485597715c22e56b7252ebfe628ccd8139ae21de4290b4dde,8078eea6b7b216e7666d07f1168bb834a33c56747493c2afacb681b9f5fdca04,ATHENA_CLINICS,125781,batch_001,encounters_athena_clinics.csv,1073,DISCHARGE_DATE_VALID,discharge_date,DATE_MISSING,WARNING
b4598e796b592eb9dfe6dad629707fa6b5a9afe9da38ffe5bd30715799ddb80f,c064eb348b69c0b8a69080446cf31a51daead39b0ae33a2560fc5b2441e8d57b,ATHENA_CLINICS,107516,batch_003,encounters_athena_clinics.csv,38,DISCHARGE_DATE_VALID,discharge_date,DATE_MISSING,WARNING
b484f406e9fd2fa89f757a5a9c11b8732398e3b005c777011089aa36282c0532,aa44fe513d9b9005605acad4df27a1ef0fcdc78832de03496cb88d96dbdaff3f,LEGACY_MEDITECH,132477,batch_002,encounters_legacy_meditech.csv,162,AGE_BAND_KNOWN,age_band,AGE_BAND_DOB_UNAVAILABLE,WARNING
b484f406e9fd2fa89f757a5a9c11b8732398e3b005c777011089aa36282c0532,aa44fe513d9b9005605acad4df27a1ef0fcdc78832de03496cb88d96dbdaff3f,LEGACY_MEDITECH,132477,batch_002,encounters_legacy_meditech.csv,162,PATIENT_LINKED,patient_link_status,PATIENT_UNLINKED_NO_DOB,WARNING
b48ba5261149b9fd536197a77ee80ee70d0ccd4ce044036144e311acbaa9e57d,a16e064285620c80167a0b79f6cd99bff1f1fc5ec9f89261b4d07d97e21804b7,EPIC_NORTH,E6927689,batch_001,encounters_epic_north.csv,424,DISCHARGE_DATE_VALID,discharge_date,DATE_MISSING,WARNING
b4b1101fbdc7e2f7599a652bea07dde913d68a068976fda6873f5172c89b8845,71d666f181fc888a55c31646d72eb4d4692023abb4bf2738860cf6677991d228,ATHENA_CLINICS,130495,batch_001,encounters_athena_clinics.csv,21,DISCHARGE_DATE_VALID,discharge_date,DATE_MISSING,WARNING
b4e61bc289de2e1fe65284db26762742246e4d3995fa28050360a8534a05c5d7,a7e1b2a099e0da481fc2bc2241423bda055ce5595bdba7e465d267681bd7f1b5,ATHENA_CLINICS,111011,batch_001,encounters_athena_clinics.csv,628,DISCHARGE_DATE_VALID,discharge_date,DATE_MISSING,WARNING
b58c805863e706167ceb546010b61dd3d491ceca937b1b07b9eaa4493f46a299,014781e06c1343cd01f50195450fad87ee3c55cf5b00340776ff09190abcefa4,EPIC_NORTH,E1324465,batch_001,encounters_epic_north.csv,926,DISCHARGE_DATE_VALID,discharge_date,DATE_MISSING,WARNING
b5cd3cee0f616bc6b3cfa3c8479e04b622cd5ad941ed49b58d495560116a1ce5,8f4a2482c9d9d80d637881abcfeb8ae4b238936c3fcd5bb1deeb2e68dd649840,ATHENA_CLINICS,137772,batch_001,encounters_athena_clinics.csv,455,DISCHARGE_DATE_VALID,discharge_date,DATE_MISSING,WARNING
b6407b483243785a21ff495dc15e4547309f03d96a04e2c50c6af58796d7dce2,70eb4af409d0ba5e45268356dbe0b0b29a47a661498f4c915a1228c1bbcb76c2,EPIC_NORTH,E8784200,batch_001,encounters_epic_north.csv,1271,DISCHARGE_DATE_VALID,discharge_date,DATE_MISSING,WARNING
b6ef2e04f7537e8d78bd56ff1b74a0b7e7cbc92eca1df2eb37dd4097372f7e17,208661dd0d9f7c27d17b45db6fc20111b2e0c769f737e41c0fa5e1a9b94e40d7,ATHENA_CLINICS,120062,batch_001,encounters_athena_clinics.csv,1052,DISCHARGE_DATE_VALID,discharge_date,DATE_MISSING,WARNING
b6f54885e07a67373de37739c14fed1c1e0656bce8e6bea5b7f4f0943db141e6,a583ff0c449fab321e17d373c4dd412c3ae083dc00efe9af44980124bcbadb93,EPIC_NORTH,E3730479,batch_001,encounters_epic_north.csv,515,DISCHARGE_DATE_VALID,discharge_date,DATE_MISSING,WARNING
b701d704d7ec3fe49d52ef488a17e78d57effa8dab7d32d78e4e79dfd812d6a5,30a53ceb2b4238364ec60bec1672250fa6bbb169170c9dd767a49157f5357fa0,LEGACY_MEDITECH,112562,batch_002,encounters_legacy_meditech.csv,143,DISCHARGE_DATE_VALID,discharge_date,DATE_MISSING,WARNING
b71348e41fc6f524ea5efab1dc363cb76258ad1e488cff67ef0d1e2baa4c2005,3d83472c4835840af2693138930d7e6e12902f011ebd39a281d15291f1d0ef75,ATHENA_CLINICS,119641,batch_001,encounters_athena_clinics.csv,94,DISCHARGE_DATE_VALID,discharge_date,DATE_MISSING,WARNING
b729932f9386bb421ad6136e8d559a84e3259a24b3790623d210bb4bf063c24e,e98d56159e23ddc91385a5dc2bf86e82341b60d1fbf4a6a596cc6f988fc0278d,ATHENA_CLINICS,113843,batch_001,encounters_athena_clinics.csv,750,ENCOUNTER_TYPE_MAPPED,encounter_type,ENCOUNTER_TYPE_MISSING,WARNING
b72e4dcb52117da1002aeac0b5fd8bddc8d3dd52d34adff65a389a37bebbf272,28580142d586a02f50b843c97e3d081633534c5e650c1b807b9837eb76cc1fe7,EPIC_NORTH,E4823846,batch_001,encounters_epic_north.csv,507,ENCOUNTER_TYPE_MAPPED,encounter_type,ENCOUNTER_TYPE_MISSING,WARNING
b7abd4a669ebd6016cbc0ca30223a977fb60a20e0eb6b73241d74c2ee505ef6f,c997e52397ca10e78e05abf59729cf4248a543fb59bf41d6d4933393fcc4e535,ATHENA_CLINICS,122888,batch_001,encounters_athena_clinics.csv,981,DISCHARGE_DATE_VALID,discharge_date,DATE_MISSING,WARNING
b7ad32b28d65537d31caa0741533b1ec58abc0faae674647ac4cc3f608e0ea06,3d0f220a3cd15acc43ad5a2d468c572347fe7a408ca394a417ef833dce4539b7,ATHENA_CLINICS,131651,batch_001,encounters_athena_clinics.csv,284,DISCHARGE_DATE_VALID,discharge_date,DATE_MISSING,WARNING
b80bc59374b8b7eedb65909b4279a0953166a999f0e25814689bbfc799710db2,769be5dffa762c22e14f92329edd1306f589f74f839c6f4709096630074cbc79,ATHENA_CLINICS,101392,batch_001,encounters_athena_clinics.csv,694,DISCHARGE_DATE_VALID,discharge_date,DATE_MISSING,WARNING
b86839f3674b64db0b50be960a55a9555fb9b2ea185e461f1dcb647da0350212,0993134adcfaced933ba1c6dfd7421f2cfccac16d3b680ed707d390c4b219d73,ATHENA_CLINICS,122562,batch_001,encounters_athena_clinics.csv,475,DISCHARGE_DATE_VALID,discharge_date,DATE_MISSING,WARNING
b8ccac0f069277aed547c028feb0eedf759a2bd215087c4675e640667764a46c,3f536f69f03fee1be5a09ab117759549db4b515febc35a7b0cc1da3612217779,ATHENA_CLINICS,116431,batch_001,encounters_athena_clinics.csv,317,DISCHARGE_DATE_VALID,discharge_date,DATE_MISSING,WARNING
b8d437eb5e142ae6a93bb2018af10954940e472086d7f29acedf7f183ffe2f80,d4f97ca9bc51e210ed8f452151ac423e0f232f38539d4477453bc2b1c0d36e32,EPIC_NORTH,E3297076,batch_001,encounters_epic_north.csv,748,DISCHARGE_DATE_VALID,discharge_date,DATE_MISSING,WARNING
b8d46a1d29193991b37e314a9001f2d8d37580b5ff14def1a5eda204ead8aaa3,153037acd1fa582fda66c117179352d349bb81c1aae9024cb6a7a4fc4d3d4539,EPIC_NORTH,E5502852,batch_002,encounters_epic_north.csv,16,DISCHARGE_DATE_VALID,discharge_date,DATE_MISSING,WARNING
b98fbc213161a463b01be38ced91743d8d7848e32be4a2ab7a01b95a661e41bc,5b19b361453138ac966a864dc7731f997f8662e389bcb386127c585e90f940a7,ATHENA_CLINICS,127286,batch_001,encounters_athena_clinics.csv,825,DISCHARGE_DATE_VALID,discharge_date,DATE_MISSING,WARNING
b9a47f0b6d13952efd26cb3b118e5d52a33636e7d73e000d462f4282df645975,8900582d6949d9f336e9f6c3206183581c522e2b2e3b4757dde264d2543ab553,EPIC_NORTH,E3385011,batch_001,encounters_epic_north.csv,635,DISCHARGE_DATE_VALID,discharge_date,DATE_MISSING,WARNING
b9c090cffe114a20e050ab28d0586aa1694fa39fbf836ad3c2b13584b38d41f3,4e008a30d1489da7f8fc2fe8a1093eb8b28a2f2a37f6d4fcea1f1b73e42e4acb,EPIC_NORTH,E1536793,batch_001,encounters_epic_north.csv,1189,ATTENDING_NPI_VALID,attending_npi,NPI_INVALID_FORMAT,WARNING
b9c80fc79857364b54becdbd6e52e072cac4258715b249c9b8963e6c278375b8,86b8ebe5d21d64f1f4e7629d4bfc27a26443e74bb423256a6a72f29ef22b0ff9,LEGACY_MEDITECH,110839,batch_002,encounters_legacy_meditech.csv,207,BILLED_AMOUNT_VALID,billed_amount_usd,AMOUNT_PLACEHOLDER,WARNING
b9e4bed40158c364ac59bc3502cf4d926a9bb52201a09f40867d96626e5b5060,33f4fb6a3b8fb307b132f0fbc2e38e88784d034da2a8a979eba5365857069992,ATHENA_CLINICS,101089,batch_001,encounters_athena_clinics.csv,453,DISCHARGE_DATE_VALID,discharge_date,DATE_MISSING,WARNING
ba0afeb5c36a999804a83d6ed97542218cf91c17468258eef21d64209c13ccd6,62addf9022cc96728bcb301c167633f2753563449dfe56bdb287c9aa5e675bc9,LEGACY_MEDITECH,105737,batch_002,encounters_legacy_meditech.csv,251,AGE_BAND_KNOWN,age_band,AGE_BAND_DOB_UNAVAILABLE,WARNING
ba0afeb5c36a999804a83d6ed97542218cf91c17468258eef21d64209c13ccd6,62addf9022cc96728bcb301c167633f2753563449dfe56bdb287c9aa5e675bc9,LEGACY_MEDITECH,105737,batch_002,encounters_legacy_meditech.csv,251,PATIENT_LINKED,patient_link_status,PATIENT_UNLINKED_NO_DOB,WARNING
ba7803c754ee2e18b22ba628681a2c25a04bbaa9d9de75f369f93d135299b040,d627551c4fb88472c169363bbaf5db9b0a539a1338b9dbc1797316ade6e17ceb,EPIC_NORTH,E9823445,batch_001,encounters_epic_north.csv,430,DISCHARGE_DATE_VALID,discharge_date,DATE_MISSING,WARNING
ba93495712270348b4f81b8f04455e38d4b5b4e3a5d92c10a9e6b10fcc0f85fd,7f15d321276cdd5186eb1e23f642ce50ba7d0b6388ccccfd973e7cec5d8a6744,EPIC_NORTH,E3754203,batch_001,encounters_epic_north.csv,1146,DISCHARGE_DATE_VALID,discharge_date,DATE_MISSING,WARNING
baafd94ac55e6303652afb2c8124ca89da7e85a4032e0c39f310e74781c66702,0a9c2a7311fbeb4a8400ba7b2e5d939286e45b78c5566216996d1ab4fcefe8b0,ATHENA_CLINICS,123161,batch_001,encounters_athena_clinics.csv,911,DISCHARGE_DATE_VALID,discharge_date,DATE_MISSING,WARNING
baf8f4581a1bea710e713c2b80a085bb219ed7ad2a826c2539ff23cc5932b596,663320ec1ba4885cc45081fbedf3e9199a0507b34d66c87e567bd0c54c095ce3,LEGACY_MEDITECH,115995,batch_001,encounters_legacy_meditech.csv,79,DISCHARGE_DATE_VALID,discharge_date,DATE_MISSING,WARNING
bb36702b654fad1f03354b387c51effe675e4cf71c5f8f2537840789f5742aae,0ec7ead0775369f068fd7b25b49bc9ca3ff53046f0c46c80ae6482c915d8de45,ATHENA_CLINICS,115749,batch_002,encounters_athena_clinics.csv,85,DISCHARGE_DATE_VALID,discharge_date,DATE_MISSING,WARNING
bb90099c2075e6093b083e09fd1ec680ce514ee607ab063713f166453d90c77f,6a2b4350a35438bae6a14490c7726048f755a0904a72b492a368858cb24b7e21,ATHENA_CLINICS,123393,batch_001,encounters_athena_clinics.csv,610,DISCHARGE_DATE_VALID,discharge_date,DATE_MISSING,WARNING
bbd660ea820058f9ce2cc7f262c25e218908a009a485d5efec3ed4d3788fb357,6e623639100bfa2f061eaf40ee17ecd71b701e861bd38fe6d071f88a833df4a2,ATHENA_CLINICS,113424,batch_001,encounters_athena_clinics.csv,154,DISCHARGE_DATE_VALID,discharge_date,DATE_MISSING,WARNING
bbfd37221f52b0c7cdb0fd00f83094e0b22e6d4f3997c9f49238492fe018c59c,af5219655f8d84d4a04e2a404dafc9844eb4a728a6cd5a857189484ba782cbeb,LEGACY_MEDITECH,104415,batch_001,encounters_legacy_meditech.csv,32,DISCHARGE_DATE_VALID,discharge_date,DATE_MISSING,WARNING
bbfd37221f52b0c7cdb0fd00f83094e0b22e6d4f3997c9f49238492fe018c59c,af5219655f8d84d4a04e2a404dafc9844eb4a728a6cd5a857189484ba782cbeb,LEGACY_MEDITECH,104415,batch_001,encounters_legacy_meditech.csv,32,ENCOUNTER_TYPE_MAPPED,encounter_type,ENCOUNTER_TYPE_MISSING,WARNING
bc03e2853c4549d2af187a3f5a37d3700a0584329bbdbd22885defb88ca4da4d,39814ecf15b4c4938e5d55b310f5fbb5f0228bac985f73dfafe23c6c398ef645,ATHENA_CLINICS,114429,batch_002,encounters_athena_clinics.csv,135,DISCHARGE_DATE_VALID,discharge_date,DATE_MISSING,WARNING
bc03e2853c4549d2af187a3f5a37d3700a0584329bbdbd22885defb88ca4da4d,39814ecf15b4c4938e5d55b310f5fbb5f0228bac985f73dfafe23c6c398ef645,ATHENA_CLINICS,114429,batch_002,encounters_athena_clinics.csv,135,PAYER_MAPPED,payer_category,PAYER_MISSING,WARNING
bc243fdaa79727ca829e73359ce88487c389760980db9b2aafaaa3783ebf79bb,d2e6075623ef13c021ff23970ac839caec3119a3e0bdc076ef2ff3a926188a0e,EPIC_NORTH,E8121008,batch_001,encounters_epic_north.csv,1137,DISCHARGE_DATE_VALID,discharge_date,DATE_MISSING,WARNING
bc82355f0290f85419f8567e5d61bbd54b648bb63a247f4480cf4de3020c7bf2,3b1f6143bee336e4fd628a8b0f078915c4fafcd5d699058f958bc21d55c8d358,ATHENA_CLINICS,123072,batch_001,encounters_athena_clinics.csv,517,DISCHARGE_DATE_VALID,discharge_date,DATE_MISSING,WARNING
bca40485fafeae6e8eac976364138c2b2a46872ba29b1c8f297dcb5b6f94cd87,53d120d585fdaa51b0ab31ccf76e7ed3f1a7fe76f28d19f2082e3c381499b355,ATHENA_CLINICS,111249,batch_001,encounters_athena_clinics.csv,997,DISCHARGE_DATE_VALID,discharge_date,DATE_MISSING,WARNING
bd4657ffa176d0b4cc0c58b47bd794e88fe4b8cef3926a6cd9805bcfefd52afa,d5fa86938013943c37d301c8c7da47ed14a1f3abf716eb87639beba314c4f0a5,ATHENA_CLINICS,117733,batch_002,encounters_athena_clinics.csv,146,DISCHARGE_DATE_VALID,discharge_date,DATE_MISSING,WARNING
bd5bd3b029cce7f2b4b8485d9cffe9a6f9053837a1435c2ca74f2a23bf2df862,ac09139642971d2c43e86739e59af3dbffe2967d86d4fe9cd547ff795ce9d185,LEGACY_MEDITECH,117080,batch_001,encounters_legacy_meditech.csv,303,PRIMARY_DX_VALID,primary_dx_code,DX_UNPARSEABLE,WARNING
bd626db94569939b235b8f09a3e35c95b9c97770b6a1995edfeec1f8877d83cf,377e9d701ca2b492822c3bd8ed692822940e1c5cf55e3216d4979c177ec87099,LEGACY_MEDITECH,123153,batch_001,encounters_legacy_meditech.csv,189,DISCHARGE_DATE_VALID,discharge_date,DATE_MISSING,WARNING
be0958795f6d3a2833fb07bf001f22e98dd15172f9dad81561572d2cd1b7ec6a,0d6d31c76a360b3181047e7747ba9bed4166b1bc0f1c428b100188bac3d77524,ATHENA_CLINICS,126147,batch_001,encounters_athena_clinics.csv,26,DISCHARGE_DATE_VALID,discharge_date,DATE_MISSING,WARNING
bea5f503b8cd7944c2c9c96e37eab2f49ccce1fe81ad92e1a827ec94f0527c9e,fb329f8ddf5f6c36609e5c790c851ed2dd4d2e9d4db27b6d8ed80a96ab84de28,EPIC_NORTH,E5311117,batch_001,encounters_epic_north.csv,1075,PAYER_MAPPED,payer_category,PAYER_MISSING,WARNING
bf0d7518a80f573456404c1a410a5b914c53f33303936d8bb4f6c19ee478ee67,a8cebea71db8ef240252c443281d416fd19d9f0373471d04060cc24609e2b9b2,LEGACY_MEDITECH,116405,batch_001,encounters_legacy_meditech.csv,81,DISCHARGE_DATE_VALID,discharge_date,DATE_MISSING,WARNING
bf751946ba0cadba7fdf06b5bfa2943aad4c065fab2d90391674576712240f2d,6a4054ade1975017c1686ac1a6bfd03506deea3ad21ce9cd64b44d3f79791d7e,ATHENA_CLINICS,129038,batch_001,encounters_athena_clinics.csv,149,DISCHARGE_DATE_VALID,discharge_date,DATE_MISSING,WARNING
bf7891d6d63dcbc389f8c3843d73aadf5e48f8ee294b9f60effcd95b6f3129c8,3ae97fb4da943566461cf4e9edf3109c250b5f38e94282ebec86b184d849aacc,LEGACY_MEDITECH,105139,batch_002,encounters_legacy_meditech.csv,259,PRIMARY_DX_VALID,primary_dx_code,DX_ICD9,WARNING
bf814b94e7fa0a6712df45b71bb180d7e68c2e5d49fa3dfe97f4ba82c92713c9,b467720248f84f9d81ae3d78cc60dd9411545355d96e70f2f5a7454c147d994c,ATHENA_CLINICS,101167,batch_001,encounters_athena_clinics.csv,360,DISCHARGE_DATE_VALID,discharge_date,DATE_MISSING,WARNING
bfd57fbca0bb86e85ca731cfe951666d9e431f7a4a70708b18a07559b0d51ddd,433beb58e454a43e83eb3adec2dd18bd03f47c822e7b193113a20153c04ed118,EPIC_NORTH,E6461649,batch_001,encounters_epic_north.csv,1113,DISCHARGE_DATE_VALID,discharge_date,DATE_MISSING,WARNING
bff362741bf8865f22e64bf06194c22e264aacc518d70595b8c79991652ffe04,ba2bedae5e481e2073bdde2344bb9f393f051378dbdb0b84d7d6707e603bf25d,ATHENA_CLINICS,108928,batch_001,encounters_athena_clinics.csv,816,DISCHARGE_DATE_VALID,discharge_date,DATE_MISSING,WARNING
bffd8f16a53517d323cdc0eb753bc0aac828475501b8e897fe94ce060a4aba57,3711daba4bb780f454e65fb4a275ef754b4e9c5c794225ee5556f9ba01d4c7be,EPIC_NORTH,E3464061,batch_001,encounters_epic_north.csv,830,AGE_BAND_KNOWN,age_band,AGE_BAND_DOB_UNAVAILABLE,WARNING
bffd8f16a53517d323cdc0eb753bc0aac828475501b8e897fe94ce060a4aba57,3711daba4bb780f454e65fb4a275ef754b4e9c5c794225ee5556f9ba01d4c7be,EPIC_NORTH,E3464061,batch_001,encounters_epic_north.csv,830,DISCHARGE_NOT_BEFORE_ADMIT,discharge_date,DISCHARGE_BEFORE_ADMIT,WARNING
bffd8f16a53517d323cdc0eb753bc0aac828475501b8e897fe94ce060a4aba57,3711daba4bb780f454e65fb4a275ef754b4e9c5c794225ee5556f9ba01d4c7be,EPIC_NORTH,E3464061,batch_001,encounters_epic_north.csv,830,PATIENT_LINKED,patient_link_status,PATIENT_UNLINKED_NO_DOB,WARNING
c0b57845bed23754ac05a3379e3a84a366b9c94c05151549f431946c10386db3,f81710d4ecd4135cf04af68f1d19e4f7b6a122ec3df2482b8d2666129be2f10a,EPIC_NORTH,E8023072,batch_001,encounters_epic_north.csv,1403,DISCHARGE_DATE_VALID,discharge_date,DATE_MISSING,WARNING
c0f9349c95f87c12345f371cb6a167c3517ce03f8a7308beaaa083fd5273b1e3,40738e7992dc65bc6d960ddd5c4dbd73d651d7f555f2fb3d30908f1ea1d0a825,EPIC_NORTH,E4512971,batch_001,encounters_epic_north.csv,525,DISCHARGE_DATE_VALID,discharge_date,DATE_MISSING,WARNING
c1777c620ee16cb610dc3e0eb880020980476efc195f28d4b360a0545748b071,53f03e3a8fe7f470bd90d007bde75cc09133d72864838fb4b0dc673b2029c0fb,ATHENA_CLINICS,139752,batch_001,encounters_athena_clinics.csv,936,DISCHARGE_DATE_VALID,discharge_date,DATE_MISSING,WARNING
c18b1a062f6a545c8712dcbd29e20d87ed164103f94a6ffa4b5db7a559a1e05e,4677e302b9f1007357f678a7f8277ba39d287e166b46f03a9b7f4bad94ee3ff1,EPIC_NORTH,E5825829,batch_001,encounters_epic_north.csv,188,DISCHARGE_DATE_VALID,discharge_date,DATE_MISSING,WARNING
c27861425940e33bfa5fd0bf94ff1f43623b56b44c9bfc7931335a723f109b21,151b787c094ec703890749c120d4d33937b5cb3a198bc8a43cf1562aaabba007,EPIC_NORTH,E9255276,batch_001,encounters_epic_north.csv,503,DISCHARGE_DATE_VALID,discharge_date,DATE_MISSING,WARNING
c294e12245337f6e69546f75a2c4341dff61c4a033a347678c8e6464a7ec94c3,1a9efe9db606eaad46ba42c746d8d0421fc7dde5a54679351ea47481a46e2de8,LEGACY_MEDITECH,113019,batch_001,encounters_legacy_meditech.csv,302,DISCHARGE_DATE_VALID,discharge_date,DATE_MISSING,WARNING
c2e107bd3f06f3d059b0d9e5da67c7b358a6c488eef3df9fcb9b4b9a0a0fdb38,17216d73aa0125363168d4049f617733838e76866d69fecc1691f3f8a5a10706,ATHENA_CLINICS,119852,batch_003,encounters_athena_clinics.csv,4,AGE_BAND_KNOWN,age_band,AGE_BAND_DOB_UNAVAILABLE,WARNING
c2e107bd3f06f3d059b0d9e5da67c7b358a6c488eef3df9fcb9b4b9a0a0fdb38,17216d73aa0125363168d4049f617733838e76866d69fecc1691f3f8a5a10706,ATHENA_CLINICS,119852,batch_003,encounters_athena_clinics.csv,4,PATIENT_LINKED,patient_link_status,PATIENT_UNLINKED_NO_DOB,WARNING
c2fdf485ff83b68620040562c1c95255b81709e2f4df8d7c5ecf876b501c9b9c,0ea58f640bed37901b4651c3eb73147f33527aef1945ba6ed3bd1226961d4bf1,ATHENA_CLINICS,101619,batch_001,encounters_athena_clinics.csv,932,ATTENDING_NPI_VALID,attending_npi,NPI_INVALID_FORMAT,WARNING
c2fdf485ff83b68620040562c1c95255b81709e2f4df8d7c5ecf876b501c9b9c,0ea58f640bed37901b4651c3eb73147f33527aef1945ba6ed3bd1226961d4bf1,ATHENA_CLINICS,101619,batch_001,encounters_athena_clinics.csv,932,DISCHARGE_DATE_VALID,discharge_date,DATE_MISSING,WARNING
c31327bfc3b811f0b288a2bfe41cdbd947849a0e32a652fbfe77c9652dee3257,16f7ab2e1de8a68ff3b5263b29302a9f56e863cf42bbe5238b3c3eca2f526532,ATHENA_CLINICS,102117,batch_001,encounters_athena_clinics.csv,574,DISCHARGE_DATE_VALID,discharge_date,DATE_MISSING,WARNING
c3a2b8dbaf5973d44c0e28675dfe08ea74fba498cadf22dd34cd2d7be41aa756,bed94c2c262cf47bccc6083514fcec9725fd3917ffa351ad127c27f1c6837db7,LEGACY_MEDITECH,120367,batch_001,encounters_legacy_meditech.csv,266,DISCHARGE_DATE_VALID,discharge_date,DATE_MISSING,WARNING
c3a92e09eb35f6605c8e309f31030c0e2ca7f1d8ea992474955447cdffcbd4c5,f60f858e2f6a19130b7e6c55ac746ee0095ba9a7c5cc9d304e1b259a340ef253,ATHENA_CLINICS,135512,batch_001,encounters_athena_clinics.csv,328,ENCOUNTER_TYPE_MAPPED,encounter_type,ENCOUNTER_TYPE_MISSING,WARNING
c3b2f9d123f0e0f43e668ea5080ec861c55f162fa8d734a8d07f2f33c596fed6,905e36db7d5226367a86589de470ff641578edd8c8ad80daf3d2bb5f58b16d8b,EPIC_NORTH,E6875896,batch_001,encounters_epic_north.csv,389,BILLED_AMOUNT_VALID,billed_amount_usd,AMOUNT_MISSING,WARNING
c412ce85e7969289ac4ca77016c87ca577a184f7303a0bbd8139f6ad13c668d3,243d509622dc934f3d02f6111a43e0e1f973534dc75ab3f59b9805d7a1bda5cb,ATHENA_CLINICS,102361,batch_001,encounters_athena_clinics.csv,128,DISCHARGE_DATE_VALID,discharge_date,DATE_MISSING,WARNING
c425d494242e042c478ccda30dd52ea206f35d82189e575f59dbae0baf7db558,35bf5d89f894f413067390e6c0cfcdee71829152b5e1b95ef9cb50665e970a05,EPIC_NORTH,E5970796,batch_001,encounters_epic_north.csv,1181,DISCHARGE_DATE_VALID,discharge_date,DATE_MISSING,WARNING
c4cf49d1b0588b5fb6f4c93107826a0c85440126b51a674373c0c97a7d673d32,d0cff0f795382799040a5ffad51d7006b12265095fcac5385e5aacd3666046bc,LEGACY_MEDITECH,133013,batch_001,encounters_legacy_meditech.csv,106,BILLED_AMOUNT_VALID,billed_amount_usd,AMOUNT_UNPARSEABLE,WARNING
c4dd0f91190b3b6f8a9272f3dc7593d114ed8f5ed43e94d7960e5cf8b8a72fde,385c0a1248e56f2ec1576a6bc5ae8e7d858bf3ae615a676037564b67051a5982,ATHENA_CLINICS,107124,batch_001,encounters_athena_clinics.csv,11,DISCHARGE_DATE_VALID,discharge_date,DATE_MISSING,WARNING
c4dd0f91190b3b6f8a9272f3dc7593d114ed8f5ed43e94d7960e5cf8b8a72fde,385c0a1248e56f2ec1576a6bc5ae8e7d858bf3ae615a676037564b67051a5982,ATHENA_CLINICS,107124,batch_001,encounters_athena_clinics.csv,11,PRIMARY_DX_IN_REFERENCE,primary_dx_code,DX_NOT_IN_REFERENCE,WARNING
c5006f5313694484519fb333a1fd9c1d4eb28540b887f7efbb0c98aedf96fa44,f5621d5cc496524b7801f3fdcfee5627e012eb67a19f09c8e7b100dc81f07801,EPIC_NORTH,E6206266,batch_001,encounters_epic_north.csv,1303,DISCHARGE_DATE_VALID,discharge_date,DATE_MISSING,WARNING
c51a296a03c03b6d08cb8b2e8137fcf6356f5e4d071fc900b62fd36726e9f1a4,078dfe96da507a2b27c7c676b9026eabd37008ba47e1324c04d0d5456ce7de02,ATHENA_CLINICS,116577,batch_001,encounters_athena_clinics.csv,886,DISCHARGE_DATE_VALID,discharge_date,DATE_MISSING,WARNING
c5271ec5dfd56b42c92213320fdb31656a37ccd891e09712cf60fe6cccf73bd4,fd3ddee2e101794d27639b32ce178ced56f6c59ed42beb92195676e8787dfd9e,ATHENA_CLINICS,127800,batch_001,encounters_athena_clinics.csv,301,DISCHARGE_DATE_VALID,discharge_date,DATE_MISSING,WARNING
c544f01354d288473c2561dee88337a67ff4cfecd85d62c90efee8226ee0bcee,46ccf3fbec7883f304e72ca0c66988094aea3ac8ac2ef6c8510781629bf1cb2b,ATHENA_CLINICS,125984,batch_001,encounters_athena_clinics.csv,495,BILLED_AMOUNT_VALID,billed_amount_usd,AMOUNT_SPREADSHEET_ERROR,WARNING
c544f01354d288473c2561dee88337a67ff4cfecd85d62c90efee8226ee0bcee,46ccf3fbec7883f304e72ca0c66988094aea3ac8ac2ef6c8510781629bf1cb2b,ATHENA_CLINICS,125984,batch_001,encounters_athena_clinics.csv,495,DISCHARGE_DATE_VALID,discharge_date,DATE_MISSING,WARNING
c56f5081028d96938de436e0976e9117928475858885b8deea1885d1523ad948,e30e282f81c19d4195b3f95216e008caded6506fb919f6f60268260677f94364,EPIC_NORTH,E3049809,batch_001,encounters_epic_north.csv,522,ENCOUNTER_TYPE_MAPPED,encounter_type,ENCOUNTER_TYPE_MISSING,WARNING
c5726fcab497d362004e648cc75efb23b01dfd4223004d1c9094c138621c7a90,13eec0cb5faa5ec0ec8d8eae9d7cb3703998778a2255471501a706482d971161,ATHENA_CLINICS,123360,batch_001,encounters_athena_clinics.csv,587,DISCHARGE_DATE_VALID,discharge_date,DATE_MISSING,WARNING
c5c01ed4496d8725f53cb802f6b7e27aab52eeecfcbdbf5cc6a5a07cf50f0387,8fd51400817805c65cc06ba2e8cc0394f121f93d57b4465910ab79b08c9fa6ca,ATHENA_CLINICS,136298,batch_001,encounters_athena_clinics.csv,75,DISCHARGE_DATE_VALID,discharge_date,DATE_MISSING,WARNING
c5d657db67ad1bc0f199cf8f1133fdc33bcd82894d9b1ffdc79d8a52b2cd1cf8,2395269c1e13d010e2a5c5b8f4e3aff36426a7a21366cbc52444376bbb37eda0,EPIC_NORTH,E2667241,batch_001,encounters_epic_north.csv,42,DISCHARGE_DATE_VALID,discharge_date,DATE_MISSING,WARNING
c6004dd7fa1e2441f03986b230add56aec4edc028c3dd7ffc2476e570bc12d15,19490de29aa6ac570cad90eef865e62bdaf6bb32fcc9cef1ac51c13f3331fe9c,EPIC_NORTH,E8506297,batch_001,encounters_epic_north.csv,164,ATTENDING_NPI_VALID,attending_npi,NPI_CHECKSUM_FAILED,WARNING
c63bcb617b3905034f6fee45fee07f719aa78bcc897265e777e4e06dfb7ad55c,1cc418f6589f1714335f7b2661a2b3307c24c25cdd707733c7a28749ba904a87,EPIC_NORTH,E3507038,batch_001,encounters_epic_north.csv,754,DISCHARGE_DATE_VALID,discharge_date,DATE_MISSING,WARNING
c6682b0e06cbebfb5cbd5cb85b80167fb88e3e38f226b342f6663189df77ac7c,8c1bb795f3d78786c0bc828ba7f6ee5a203140ee984c238b9a4bb78d8435fd0c,ATHENA_CLINICS,111969,batch_001,encounters_athena_clinics.csv,1064,DISCHARGE_DATE_VALID,discharge_date,DATE_MISSING,WARNING
c6bae6d96c22e56db6d8e0c82580bb278fd524c8abc4f52762cb005166cc7790,f5559f1765587ba4e28cf00501408e81061d04921ee57fc38a9f07b915c888f6,ATHENA_CLINICS,130535,batch_003,encounters_athena_clinics.csv,69,DISCHARGE_DATE_VALID,discharge_date,DATE_MISSING,WARNING
c6e4f7ac2144da69f467cccccc2282ac507c80c820cc244339892d0ebf8c4c9c,ea7c77d30cfb986c773eb3d576608ee52b5a8df2b9a48262c4fe0e91f2a88335,EPIC_NORTH,E5321590,batch_001,encounters_epic_north.csv,267,DISCHARGE_DATE_VALID,discharge_date,DATE_MISSING,WARNING
c6f7fc0e451098621d7855529a250719aebc7931f16a4fad0cdf9e752b18f249,80da1353c510a2a668fbf3c8df22318a1436f6b413ffb4f7789109769a1be275,ATHENA_CLINICS,137922,batch_001,encounters_athena_clinics.csv,892,DISCHARGE_DATE_VALID,discharge_date,DATE_MISSING,WARNING
c753e93eb6b6c34f9d355299271f80a7209c0d60fca5ad4ee3bf3d0ee2c7a63b,4d4b77b1a6506d807db74f3b425b53314e686fd53c7e7f437ae855480fe8a3ad,ATHENA_CLINICS,122272,batch_003,encounters_athena_clinics.csv,42,DISCHARGE_DATE_VALID,discharge_date,DATE_MISSING,WARNING
c7b0dafc037e1ff9d9438803b956b71292d8ed9e2c6a7b6d947ebe1ae271c983,a1f44c50517a78c43ab3fc28eb021fb69ef0efc9512541890a7ea739cce01d2c,ATHENA_CLINICS,136520,batch_001,encounters_athena_clinics.csv,3,DISCHARGE_DATE_VALID,discharge_date,DATE_MISSING,WARNING
c7eb862bb9f0ed46db0b4e8bad3137f9c27ce893c5261774580ff2dede10858d,9638461922d4bd877c4a90fffda24f4d5427457abb54312219f74260a3615399,ATHENA_CLINICS,109831,batch_001,encounters_athena_clinics.csv,131,DISCHARGE_DATE_VALID,discharge_date,DATE_MISSING,WARNING
c8bba79debc358d817048c3e037a6ceac69c4fb240dae88fcd91d200d8884237,46d460fefd5087dd685ccbe7bce419d1a3066abf990ff86332dbdb72add4b780,EPIC_NORTH,E3264710,batch_001,encounters_epic_north.csv,860,DISCHARGE_DATE_VALID,discharge_date,DATE_MISSING,WARNING
c94ebcec8492873686310649bc5b3005c74d737b75d41e2f465f47eca0b622ff,c622eeec93d17b86dc2ca511193cddc8f71841b8f1f0ff31aed12876c2f12a30,ATHENA_CLINICS,132060,batch_001,encounters_athena_clinics.csv,344,DISCHARGE_DATE_VALID,discharge_date,DATE_MISSING,WARNING
c9658b98dd8e375d6154105b636302b945e059a24a5588d97f21c521f0539ead,6c75e88ae4a0dfa5d5f86371bb13ece32efd62936afcc40c1371984738c7d2e4,EPIC_NORTH,E3290010,batch_001,encounters_epic_north.csv,30,DISCHARGE_NOT_BEFORE_ADMIT,discharge_date,DISCHARGE_BEFORE_ADMIT,WARNING
c966f537a1429611e31ad9202649474e3efa25349651f3059e1f060ca4e7bf2d,cad6afac6956cb130224d6d788c6e7ef3510b393beb3d9a00a104a6d2e307a45,EPIC_NORTH,E6984006,batch_001,encounters_epic_north.csv,382,DISCHARGE_DATE_VALID,discharge_date,DATE_MISSING,WARNING
c983dbdc3332654afe55632bc47ebb437b24ed8fe2e4022b617465a45ec951b5,61db8061e3c7a4f9a1cdc40516d48cb05313786affe60d3d84b9a984ac0ba7fc,ATHENA_CLINICS,139273,batch_001,encounters_athena_clinics.csv,102,DISCHARGE_DATE_VALID,discharge_date,DATE_MISSING,WARNING
ca590f7bd16df964c2337d6f3cc6afe05166444b99f12a9aa1ee9a1c6571b66a,c49db74e074f925fe9d5c0064af747d7f393db669c97648f79134f07036f06bb,EPIC_NORTH,E1239708,batch_001,encounters_epic_north.csv,1021,AGE_BAND_KNOWN,age_band,AGE_BAND_DOB_UNAVAILABLE,WARNING
ca590f7bd16df964c2337d6f3cc6afe05166444b99f12a9aa1ee9a1c6571b66a,c49db74e074f925fe9d5c0064af747d7f393db669c97648f79134f07036f06bb,EPIC_NORTH,E1239708,batch_001,encounters_epic_north.csv,1021,PATIENT_LINKED,patient_link_status,PATIENT_UNLINKED_NO_DOB,WARNING
ca64f012efb3d972f74bebe52161e08c624ba2dc7dae0c17e98d1d3c644c9445,d541000b00fe1141ddfed63f56a4c77e66afd9d9aec5ed7cac47eee0ddca0ac6,LEGACY_MEDITECH,105964,batch_001,encounters_legacy_meditech.csv,314,DISCHARGE_DATE_VALID,discharge_date,DATE_MISSING,WARNING
caa7ccaa626c752ec6fed187ed20670adbade70bd444c68bb3b50bf8eabe0137,ba14d160321e88fb03e9b0e4cdb94753292b880079c8535df25d8b0782f464b3,ATHENA_CLINICS,124106,batch_001,encounters_athena_clinics.csv,528,DISCHARGE_DATE_VALID,discharge_date,DATE_MISSING,WARNING
cabd0f959cd9f312ba44d1101574fbfca50c869d466f7aa12ea8cdfc69db85cb,ea7c77d30cfb986c773eb3d576608ee52b5a8df2b9a48262c4fe0e91f2a88335,EPIC_NORTH,E5321590,batch_002,encounters_epic_north.csv,82,DISCHARGE_DATE_VALID,discharge_date,DATE_MISSING,WARNING
cae039b3e0153086ef5f9c55afb4eb8f8e499012bdb17237dc3b3f3db91ba2c1,48594d6c96dced7f27d0f7a08fc5549c9f082723f53191befce45cd5ad4cb505,EPIC_NORTH,E7809908,batch_001,encounters_epic_north.csv,1337,DISCHARGE_DATE_VALID,discharge_date,DATE_MISSING,WARNING
cb0a5a379464886aa4149bf925493d782d4373802d3cce3f6cbcf13773a19342,2cecf84d2616e108b800d456aacf0f81e64bbd444167b1e641683d338d1e8905,ATHENA_CLINICS,103411,batch_001,encounters_athena_clinics.csv,384,DISCHARGE_DATE_VALID,discharge_date,DATE_MISSING,WARNING
cb5870832c9d5f634b6383d08707f05ff3115086bc99e1d5ce7d2db2f1ae1283,e33345c889a357f39193a41523275ec90a522d2ba9c7bed4f14b896a2aa25309,EPIC_NORTH,E7731712,batch_001,encounters_epic_north.csv,101,DISCHARGE_DATE_VALID,discharge_date,DATE_MISSING,WARNING
cbaa066a87fd213d642d57fa5a905d4299d40036ad231c059edb383c156d0fdd,d06fd2e65601a2642bc8750dfd4c6ddeee293ca7d5bd3d81c94a22b31cf27aeb,ATHENA_CLINICS,114360,batch_001,encounters_athena_clinics.csv,477,DISCHARGE_DATE_VALID,discharge_date,DATE_MISSING,WARNING
cbd05050bf5971f93c064e2d1393167ddd1dc7d97aceb9c092351c1422c61605,0818eb3db98da3526d97013daba961298a784f017bb89d69247567caf6a60caf,LEGACY_MEDITECH,120562,batch_001,encounters_legacy_meditech.csv,126,AGE_BAND_KNOWN,age_band,AGE_BAND_DOB_UNAVAILABLE,WARNING
cbd05050bf5971f93c064e2d1393167ddd1dc7d97aceb9c092351c1422c61605,0818eb3db98da3526d97013daba961298a784f017bb89d69247567caf6a60caf,LEGACY_MEDITECH,120562,batch_001,encounters_legacy_meditech.csv,126,DISCHARGE_DATE_VALID,discharge_date,DATE_MISSING,WARNING
cbd05050bf5971f93c064e2d1393167ddd1dc7d97aceb9c092351c1422c61605,0818eb3db98da3526d97013daba961298a784f017bb89d69247567caf6a60caf,LEGACY_MEDITECH,120562,batch_001,encounters_legacy_meditech.csv,126,PATIENT_LINKED,patient_link_status,PATIENT_UNLINKED_NO_DOB,WARNING
cc039830b4028408ccc808e0e5c6f7ab3258c72a1569024d05e3bf44b6791ddf,0cd377b768d00a43e8c8941eb430f6b3982f480dcf3e510a4ffb6270bb01d7b3,EPIC_NORTH,E5540973,batch_001,encounters_epic_north.csv,417,DISCHARGE_DATE_VALID,discharge_date,DATE_MISSING,WARNING
cc117cc0ee377840213f235c7e92652ebb3054fc281d5aab2507e43e4d1e031a,37336472db5bff26ca9a440df1ffcf05287b3c466eff8b33511ef25c01e2d38c,EPIC_NORTH,E1368281,batch_001,encounters_epic_north.csv,175,DISCHARGE_DATE_VALID,discharge_date,DATE_MISSING,WARNING
cc34bc9ba8a72192ace675a5a3d93a904af04a5bcc513050edeca627ed726aa1,ee2a4bb90bb512939930546d637ee13c9a9eead67711085a1bef9233e05efe88,ATHENA_CLINICS,100248,batch_001,encounters_athena_clinics.csv,636,ATTENDING_NPI_IN_ROSTER,attending_npi,NPI_NOT_IN_ROSTER,WARNING
cc49a19de5a5c2ff54abd510ee92d377a122ca9b10e836dcf073d0954f96ea7b,dcdc42673a22b4de70520e20ee99719c45b291509aa4821409ef55b42d2d03f4,LEGACY_MEDITECH,128309,batch_001,encounters_legacy_meditech.csv,156,DISCHARGE_DATE_VALID,discharge_date,DATE_MISSING,WARNING
cc5f0be36e26cdffb6d24b049b5294571395c644c751cde647909c1d49c4c338,3ff1a6e8fec84f42ca448a1206aa6cf7ffb074861f4258a7c435ee6a913e6fc3,ATHENA_CLINICS,131402,batch_001,encounters_athena_clinics.csv,733,FACILITY_RESOLVED,facility_id,FACILITY_UNRESOLVED,ERROR
cccc6bdeacbb4ee738aeaf73df8befe88b76881d59ae53a05e1bc70a4005082d,8c949b9672be92dfc6fe8b5a19f84aadc65c892eeb5233aaeceba49679131f2b,ATHENA_CLINICS,107418,batch_003,encounters_athena_clinics.csv,32,DISCHARGE_DATE_VALID,discharge_date,DATE_MISSING,WARNING
cd0381194004d46c871427825cb998dfbab82d0c2dce9aa92c54f490c1b56190,21b8b4b8d530d9edaa5de4c789984715ebfafb1ac4f04f815a6f3d6979e286aa,LEGACY_MEDITECH,109632,batch_002,encounters_legacy_meditech.csv,63,PRIMARY_DX_VALID,primary_dx_code,DX_ICD9,WARNING
cd6b83c4ea119d463f95757372ec6367e784fd1c66edd9a0e297bb7c867935a3,0081e5f2c693e0b69ed817792bb9bba9d03a25ed3d1d1f1a6ac9e259404035cd,EPIC_NORTH,E9539493,batch_001,encounters_epic_north.csv,3,DISCHARGE_DATE_VALID,discharge_date,DATE_MISSING,WARNING
ce0c81643fc7f8a870c4e82a127184b13d114a6bd3b29233db72b103ada479f6,38122a42c1dd82ff4099509a44a17c132f5e76aa4e15ea95c140aacc1cfdaa54,ATHENA_CLINICS,127850,batch_001,encounters_athena_clinics.csv,766,DISCHARGE_DATE_VALID,discharge_date,DATE_MISSING,WARNING
cf5b8d2f6532f33423be2216d5a5cb7143e0ff09be4a2946d0f4e9d31afbb5ff,ec6fba464e91e7d14c01d548cc6f4125b15f73122a0e1016ffeeb865f40d692f,ATHENA_CLINICS,130975,batch_001,encounters_athena_clinics.csv,889,DISCHARGE_DATE_VALID,discharge_date,DATE_MISSING,WARNING
cf6ca5b31c9e634c64140ee8ce294168ceb9757ef5fb3e0f8c8f35fe6d42e80d,ecec4a08a6b9bb2dfffd9d3dc355a3331abc946e5d907b0557b096d2aef14db5,EPIC_NORTH,E3752013,batch_001,encounters_epic_north.csv,442,ATTENDING_NPI_VALID,attending_npi,NPI_INVALID_FORMAT,WARNING
cf8777bbd70e130a8032383840ea3e0bbf7fa05438a4e5633a1376847f6ef33c,bcf276329d7fef54e01e6e4a565a63e90b667750a1b114ef335b4f011ee2d92a,ATHENA_CLINICS,124777,batch_002,encounters_athena_clinics.csv,12,DISCHARGE_DATE_VALID,discharge_date,DATE_MISSING,WARNING
cf889afd9f5c55f571019bf5b1f362ec5e7ef25a45d494d97607f7c3fe5fb547,66a32227fb789c70226a02db58100e00f113132d0da766fd93ed7f37d7df7471,ATHENA_CLINICS,116802,batch_001,encounters_athena_clinics.csv,148,DISCHARGE_DATE_VALID,discharge_date,DATE_MISSING,WARNING
cfb92abee13b4958c1059c1bbf5d2b042946910fcd76b080740ad4315aed6d3f,071641635fe388c3b265ff51bfb8c41f162a765758766c1940c9d8ddd8b446d5,EPIC_NORTH,E8128329,batch_001,encounters_epic_north.csv,1152,DISCHARGE_DATE_VALID,discharge_date,DATE_MISSING,WARNING
cff2f54772b20f295982b453cd3e4b62817edde50a48c197fca42a8856e84723,6b1fecde204e387aa32e13dfccdf48f5d1281b54269c508bffafc663c88bc2b1,EPIC_NORTH,E1861704,batch_001,encounters_epic_north.csv,1428,PRIMARY_DX_IN_REFERENCE,primary_dx_code,DX_NOT_IN_REFERENCE,WARNING
cffdb0beab2ab46a9f1da59b85cd5aea4f88249e8880cc3d79b0fd53c2574691,a6ec62889ac82cf3051bc1aad49d8d2c89dca9d5eaf4061be3f37eb364ab6ef5,EPIC_NORTH,E6495067,batch_001,encounters_epic_north.csv,773,DISCHARGE_DATE_VALID,discharge_date,DATE_MISSING,WARNING
cffe1b0633dfa79a330250d95f46a64bed09d6a934b9bfc93724c6bb309f1096,1b77e726d5e4dae608965df5ff631a37ae6fa6b92ff462fc459b4e3cd7a82062,ATHENA_CLINICS,131891,batch_001,encounters_athena_clinics.csv,98,DISCHARGE_DATE_VALID,discharge_date,DATE_MISSING,WARNING
d057a54ce03088f2d6755c14ba95b57ba3331990193fdad56d6b39bdee5451ca,3f7b1fa17f158ced0ca8dddbc6163baf978d39d1b08a97cd96cbb8690dc5e6ef,EPIC_NORTH,E5748223,batch_001,encounters_epic_north.csv,310,DISCHARGE_DATE_VALID,discharge_date,DATE_MISSING,WARNING
d0961475dd9ab6f49a37cca75a711fde8946edd8af410545719c5645d23e89c4,a9149715df2dab80ee8eb5620fa217e0c3720366c288290ce572337ef1abd0c8,ATHENA_CLINICS,119824,batch_001,encounters_athena_clinics.csv,602,DISCHARGE_DATE_VALID,discharge_date,DATE_MISSING,WARNING
d0de87f780aa44f912e3750bdf1980269e36161dfcb41710952a2d04252cd94a,550adb042145fa0f48f9a9a82c4f4b5c937bcb577f7522fd04754b2792cc64d0,ATHENA_CLINICS,117487,batch_001,encounters_athena_clinics.csv,445,DISCHARGE_DATE_VALID,discharge_date,DATE_MISSING,WARNING
d0f3949648f55944104b401384d43e61298115e70a9d2435b9f4f07fe6c1c42d,b957c97023408e389769182f35b1d25ac7e1eaf2096289d1d24d736310623ecb,EPIC_NORTH,E7545634,batch_002,encounters_epic_north.csv,81,DISCHARGE_DATE_VALID,discharge_date,DATE_MISSING,WARNING
d0f9d842e3005bdd8d2041652ffef193f392dc7e94028aaa8fbda9d423942d16,0cc6d8dab7ac8478b420968799d6f36d0a985bb59ed631ab0cee7e7b0195ebfe,LEGACY_MEDITECH,100215,batch_002,encounters_legacy_meditech.csv,238,DISCHARGE_DATE_VALID,discharge_date,DATE_MISSING,WARNING
d0fcb5072bde7b809e0a42bc10a1622ea8dca0bcf798d3363ed15c788335cdf4,c293bf0bf9cb6f936ea279f2f135746a91210bbd1aa483b76005742fb5220fe2,EPIC_NORTH,E6060577,batch_002,encounters_epic_north.csv,40,PRIMARY_DX_IN_REFERENCE,primary_dx_code,DX_NOT_IN_REFERENCE,WARNING
d10c5e89c9ad9080067b05f8759a413db196bca80942367d616a99ab7788bc27,89edcf57e9cefecd692dcccc49ca74620b18e68e51e58fca1c1533dd96806324,ATHENA_CLINICS,134501,batch_001,encounters_athena_clinics.csv,295,DISCHARGE_DATE_VALID,discharge_date,DATE_MISSING,WARNING
d11dbd0ad3f8e5b6d97f84aac646cabe6e1e4a3723497e9999e9308501a16458,a587a2c884f8936db20b0a7060d7d7d7e998b2c013d9f8288df639e9f9aa7145,EPIC_NORTH,E2423472,batch_001,encounters_epic_north.csv,797,BILLED_AMOUNT_VALID,billed_amount_usd,AMOUNT_PLACEHOLDER,WARNING
d191bbe001005ec0291c917f7c8378ec1738b7f611eac184fec6a7d5b1ef8a07,c6a3fc99f7ba1ca8d9fd120ac5da1e19f1d21d21f82d81eadc1c34e2d18f8fa9,ATHENA_CLINICS,130946,batch_001,encounters_athena_clinics.csv,706,DISCHARGE_DATE_VALID,discharge_date,DATE_MISSING,WARNING
d1a8183b05956e7e0a03d6c60ae91aa0654ee3e5be5e23dec741e0905729aea4,28df64c5237953a95f34d529eefbe7193e6669ea633c7d1f159336a04a66e861,ATHENA_CLINICS,116744,batch_001,encounters_athena_clinics.csv,527,DISCHARGE_DATE_VALID,discharge_date,DATE_MISSING,WARNING
d1dfcee66dfd860c0d6cc317c020279e0a12f17400802e42688bec3b65338012,adee20c331e40adb3ab33ad233ab3a11950312ead22da73274205a0db14726f9,ATHENA_CLINICS,108682,batch_002,encounters_athena_clinics.csv,50,DISCHARGE_DATE_VALID,discharge_date,DATE_MISSING,WARNING
d265144d6435e26365dc55361b52c9306bd33e7eb9b476c3aba669a3b94d8915,a547b16d5ca1371bf7239b9c0d469d72dae9ef9515e526158d7efc7fa95c26cb,LEGACY_MEDITECH,115556,batch_002,encounters_legacy_meditech.csv,8,DISCHARGE_DATE_VALID,discharge_date,DATE_MISSING,WARNING
d3001eb74fd6f974de1f01a608e71d9be5ee1930c8c10438656e8363b9e82b82,e4fb0deb861caded99bb41a842d5871b3729c250607cc87ef0d62893e325108c,EPIC_NORTH,E2582833,batch_001,encounters_epic_north.csv,612,ATTENDING_NPI_VALID,attending_npi,NPI_MISSING,WARNING
d3001eb74fd6f974de1f01a608e71d9be5ee1930c8c10438656e8363b9e82b82,e4fb0deb861caded99bb41a842d5871b3729c250607cc87ef0d62893e325108c,EPIC_NORTH,E2582833,batch_001,encounters_epic_north.csv,612,DISCHARGE_DATE_VALID,discharge_date,DATE_MISSING,WARNING
d309c74bdc2858b4a77f6777954d62735e436bec2a28e65fdf0f3567aeaf477d,a00135df2917862e3a093dcbd8bd089460ead98c272d6e7a683ef5ab2f01b1af,ATHENA_CLINICS,116470,batch_001,encounters_athena_clinics.csv,251,DISCHARGE_DATE_VALID,discharge_date,DATE_MISSING,WARNING
d30ed360811ea292bf2075419f0bd70ebd8a280a47ac8dab3f1be0dc19e91bfe,a41f20beb621b20abec01411afcf899d1a352ed634379b03afee9d8e094f940e,ATHENA_CLINICS,108372,batch_001,encounters_athena_clinics.csv,331,DISCHARGE_DATE_VALID,discharge_date,DATE_MISSING,WARNING
d330bc201090f06f8db30bf8d22bc6d722c07eb9c413361db050564cc44db804,b1391e5bb139bd021e41d2381a907deb7c95f37aa9776b5049f7935267e6d91e,ATHENA_CLINICS,138592,batch_001,encounters_athena_clinics.csv,165,DISCHARGE_DATE_VALID,discharge_date,DATE_MISSING,WARNING
d36080bfa121ee8713662b318a2b29e79ad5fdd1dabc6d2c67f5176cdd9f20f7,72cf39bace8072f6e60775a31a34b50495dce99318970a50fed3473143675fc8,EPIC_NORTH,E9338668,batch_001,encounters_epic_north.csv,78,DISCHARGE_DATE_VALID,discharge_date,DATE_MISSING,WARNING
d39667f64df061699e70e63b1f31fd3c93da71c2b1ac8089d5b035aa451024b1,88715c2ac2708f4763501924b02a62213d5cd27d5d29f7d120d97e86c1400d12,ATHENA_CLINICS,130531,batch_001,encounters_athena_clinics.csv,571,DISCHARGE_DATE_VALID,discharge_date,DATE_MISSING,WARNING
d3de808483b73094fef20756f3111e932b811eeaee0b6913aa641c4727292c03,c76249dae232a281c477a7a38f9310dfed0d93c687cc64ca4204985698cbbe0e,ATHENA_CLINICS,102732,batch_002,encounters_athena_clinics.csv,139,DISCHARGE_DATE_VALID,discharge_date,DATE_MISSING,WARNING
d3fc3a90565ee7eebaddf74365f2e6e24e4bc242b2321d6d63ba3dd335fefdec,49dcbc7ee1f47e2c54fedc3ce4be77071c10c05f4d282a98ff36a9d160fa34d0,ATHENA_CLINICS,102686,batch_001,encounters_athena_clinics.csv,343,DISCHARGE_DATE_VALID,discharge_date,DATE_MISSING,WARNING
d436573557f53cd18586b4f89bb2dfabcaa7b51e46717c7ba951106569b3a378,48367ae09be282c1354dcdaba83b992b51577cfd609009178b706ffe1e389206,EPIC_NORTH,E9541537,batch_001,encounters_epic_north.csv,333,DISCHARGE_DATE_VALID,discharge_date,DATE_MISSING,WARNING
d464904fced4b935050a10a7b37410f4ee1ae529320de8778eb781795c4b4d86,bbeb77ebac6d77d0c719a91008b7cdf113760948da44287cd751bdbff201370a,EPIC_NORTH,E3670333,batch_001,encounters_epic_north.csv,423,PRIMARY_DX_IN_REFERENCE,primary_dx_code,DX_NOT_IN_REFERENCE,WARNING
d497d3710ab61a1a3c0c53005d1270fae7562841f41d4040ad27b168286d759b,ed8cd169e2354b41d2dabdb92d88cdac28fd41278353fa6272853859bb7b5b57,ATHENA_CLINICS,124335,batch_001,encounters_athena_clinics.csv,979,DISCHARGE_DATE_VALID,discharge_date,DATE_MISSING,WARNING
d4cbe882f54f7539102997cf263ba9c00a6d7fbd6e98cd1fc4ae903209ef4acf,7c64e23ceff0471a35a6479ff8cc598d3e897e169264a449976ce2236e49bbee,EPIC_NORTH,E7041653,batch_001,encounters_epic_north.csv,407,DISCHARGE_DATE_VALID,discharge_date,DATE_MISSING,WARNING
d4d9911b1d5c6e1952f30e48489eb9e17880507a327fb21bd94e46022f5f9dc5,ddfa26428d60564c5fa972aa3e83d3bc004832bea97ee55a166fe626fcb487b9,ATHENA_CLINICS,102487,batch_001,encounters_athena_clinics.csv,617,DISCHARGE_DATE_VALID,discharge_date,DATE_MISSING,WARNING
d530de9ecd87e64623bfddfba19bab0381b12cfba5d038b887d9b3ceb79c1577,22ea60b8d46a3ee52b0cd4b16553704783c8df827c3e53e771f68699a8606aa7,EPIC_NORTH,E9279918,batch_001,encounters_epic_north.csv,969,ADMIT_DATE_VALID,admit_date,DATE_INVALID,ERROR
d530de9ecd87e64623bfddfba19bab0381b12cfba5d038b887d9b3ceb79c1577,22ea60b8d46a3ee52b0cd4b16553704783c8df827c3e53e771f68699a8606aa7,EPIC_NORTH,E9279918,batch_001,encounters_epic_north.csv,969,DISCHARGE_DATE_VALID,discharge_date,DATE_MISSING,WARNING
d5887b089a7c4966a8caf642d47ba6744c122028822eb8cb239d59beaf6e0409,5d8ff772073b6d01131423d9218c29efceec3c6664ef0642f127bf08738d45c4,ATHENA_CLINICS,129445,batch_001,encounters_athena_clinics.csv,498,ADMIT_DATE_VALID,admit_date,DATE_INVALID,ERROR
d5887b089a7c4966a8caf642d47ba6744c122028822eb8cb239d59beaf6e0409,5d8ff772073b6d01131423d9218c29efceec3c6664ef0642f127bf08738d45c4,ATHENA_CLINICS,129445,batch_001,encounters_athena_clinics.csv,498,DISCHARGE_DATE_VALID,discharge_date,DATE_MISSING,WARNING
d59aeae955c07fdd3559e93a1ddc9c6d77d1045ef5a559306b4a3a28c3369027,5a10c8e6e1913fbcd16f1126421931516543f85f0d0a428d5a22ce727b02a97c,EPIC_NORTH,E6314919,batch_001,encounters_epic_north.csv,1420,DISCHARGE_DATE_VALID,discharge_date,DATE_MISSING,WARNING
d5b7f51d00adec2b0e32dc3e4f990720751104fe7e3e6ffc0d0144116c27b617,7d4e8e6228b861fbdaacb94eea147ec80868ff82a8f59f09a45a3e7caef47141,ATHENA_CLINICS,119853,batch_001,encounters_athena_clinics.csv,423,DISCHARGE_DATE_VALID,discharge_date,DATE_MISSING,WARNING
d5bab8fc352199a9ba2fdb7dc967ac09157c1a8f38b018b509ba2e6d9c4f3fbb,e265e48ec5a48a6d5d8cb12dff2a591300a7c0319bae3313595583194c0cf26f,ATHENA_CLINICS,125198,batch_001,encounters_athena_clinics.csv,1,DISCHARGE_DATE_VALID,discharge_date,DATE_MISSING,WARNING
d6119d0e70b9241bd318b8d2aa48fb6a7bcc183f20c472d9bbf28607d76c384a,d9624a403ac504b9b208b4a2f6056111a692c3da137a3a590e984dd0b7f66a2c,ATHENA_CLINICS,139777,batch_001,encounters_athena_clinics.csv,259,DISCHARGE_DATE_VALID,discharge_date,DATE_MISSING,WARNING
d6574f633f540e472e0977a0a56f4855c9b15cdd72497be54d565ce25310fe84,2993b0bd71827cc993b3ff9dc6c03c9149f3fb08c9aaebb004f51c3d3584e4c8,ATHENA_CLINICS,130084,batch_001,encounters_athena_clinics.csv,264,DISCHARGE_DATE_VALID,discharge_date,DATE_MISSING,WARNING
d6973efe25d60fc502385ac94890ba2298c42b8fbd3b3a96b7efbf699b762463,594df2180b6ab43eadc9670834f43ac7bb2073d11c25cd355e4ae7dac912a2f7,ATHENA_CLINICS,103055,batch_002,encounters_athena_clinics.csv,142,DISCHARGE_DATE_VALID,discharge_date,DATE_MISSING,WARNING
d6e64672084a199f0236cbf8a1637712cc45af992c9f5e31c0fd31bce90327e4,664601015c821c4175a4bbfb350be3bd90d698ff0c91d8a982ebecc4681e2a63,ATHENA_CLINICS,135417,batch_001,encounters_athena_clinics.csv,941,DISCHARGE_DATE_VALID,discharge_date,DATE_MISSING,WARNING
d6ebfbadf965756f22c147631222ea47c78efda387c9ea3d6c3bac3bb977de1e,1ece740040a24ca6ddd33a81357dba88cf161f224548d08a0175c43d4787eb43,ATHENA_CLINICS,125129,batch_001,encounters_athena_clinics.csv,846,DISCHARGE_DATE_VALID,discharge_date,DATE_MISSING,WARNING
d6f29d0062fffe23a2ba90ab145b0daba6be2d7a7e997852eacc6321ed3989b6,df33066241fe4e58d47ef6f66d94b9ed385d4486d6c20d1276c6725b3021c5a1,EPIC_NORTH,E3925410,batch_001,encounters_epic_north.csv,655,DISCHARGE_DATE_VALID,discharge_date,DATE_MISSING,WARNING
d71e98f41435bdb0ab3d16568e61a50903440cf6d0d402ee5c9961b56105c16b,2d5a40332fe1089d366664856770b538ddd471ad522f9ecc754fc8216c799191,ATHENA_CLINICS,112418,batch_001,encounters_athena_clinics.csv,275,DISCHARGE_DATE_VALID,discharge_date,DATE_MISSING,WARNING
d7638555a18cefe7b2d621b66e07f7cf6b673dbeeef3bb57b500a2a1a7de6f6c,12f1f8d7af1fd7365964562bddf4734b5e33f51681a0d47aedf3c13374c89ef3,LEGACY_MEDITECH,117624,batch_002,encounters_legacy_meditech.csv,157,PRIMARY_DX_VALID,primary_dx_code,DX_ICD9,WARNING
d7a779d799f14bcd5e50b9c494527435cd01efbb81c00b069044a67ca8a030bd,8b6fd924424d7d03d408ed72730cc9d1d84818b45b70dab9ccdbf5e44e9dde86,LEGACY_MEDITECH,124153,batch_001,encounters_legacy_meditech.csv,6,DISCHARGE_DATE_VALID,discharge_date,DATE_MISSING,WARNING
d7a8cae9cd9a7e4bab444e9999781021551d948faa52759e61efd9fb86cafa38,ab15d1862fb6c8fb3b78479734f67a929a643b3b9cc6d87f52a6a86276b6027d,ATHENA_CLINICS,136713,batch_001,encounters_athena_clinics.csv,175,DISCHARGE_DATE_VALID,discharge_date,DATE_MISSING,WARNING
d851d736072d56beced733d662c616ecc5770912b60763ee348434817638c8e9,c07a68b48c7662b4bdf87d4d9ce0ddd13eb9968ee53e19de3f9a92b9cfba3095,ATHENA_CLINICS,106157,batch_001,encounters_athena_clinics.csv,293,DISCHARGE_DATE_VALID,discharge_date,DATE_MISSING,WARNING
d85a6c1fd6dcb3d260d6bfad9e380f562742553c93da0ed5eab6722029c700c4,42b41a57fb39201d08d416a994e7b8d049e97c933c8b3c9258ced6c50979d273,ATHENA_CLINICS,131072,batch_001,encounters_athena_clinics.csv,415,DISCHARGE_DATE_VALID,discharge_date,DATE_MISSING,WARNING
d8b91dd76034183c17142efb2f20d5a0252daf9c0f329471d50cebdc37b32622,32cd05531237d5de1845b0e7d66e5463e3436b7e1778614ec8cca15c8964e247,ATHENA_CLINICS,137682,batch_001,encounters_athena_clinics.csv,872,DISCHARGE_DATE_VALID,discharge_date,DATE_MISSING,WARNING
d8b97867cb5aeb38fa60e87361a164b0a7932f12992cbc8234d6af439e5a385e,c0173cf3abd55d3dc7dd14c5ec2a68f81b7335b66d31bd2b97b7868066f1d604,ATHENA_CLINICS,117935,batch_001,encounters_athena_clinics.csv,81,DISCHARGE_DATE_VALID,discharge_date,DATE_MISSING,WARNING
d8bf6a5a3fcd44d1fd949ef8ad396f594c56b53f1a991dc8b9d4798d4f2b1750,c979bec6a31b82eb0c9ba1472e8f63d04d61996c989a2065aa55c7c78f571b13,ATHENA_CLINICS,131348,batch_002,encounters_athena_clinics.csv,21,DISCHARGE_DATE_VALID,discharge_date,DATE_MISSING,WARNING
d8c26cd36458016bdbde5a7beb8cc6e181b064067bd02ffb00c47edfe50de566,2dac16b36a3a61f0affd9659959f5208f4af3cd9e2d416039cabe6d113c3b9a8,ATHENA_CLINICS,116474,batch_001,encounters_athena_clinics.csv,225,DISCHARGE_DATE_VALID,discharge_date,DATE_MISSING,WARNING
d8e3c42c7b0f2902f65959c32fa3658b9d67628fbb45b99425736f11f958ba2b,750cd0fe9d5978e1926357b4ee701ca86cd775e0cd9a38a067f7b996d2cff79b,EPIC_NORTH,E2715206,batch_001,encounters_epic_north.csv,258,DISCHARGE_DATE_VALID,discharge_date,DATE_MISSING,WARNING
d8f64a6d30ae0d3acc10831defeeb3fdcdbc543e41e6854080c4e286017cc308,c28c844b9241e7fbfe2ae6436b77e2b4e5a10e48269c7ca24f183a556595a6d4,EPIC_NORTH,E7371856,batch_001,encounters_epic_north.csv,122,DISCHARGE_DATE_VALID,discharge_date,DATE_MISSING,WARNING
d8f9faf3b8fe9c554ca8d10e08d2ce5c2659531a81554ced348b2d9666727a43,d515efc9e1af47055eadf53724e02d4f5969fa9cfde6cf99f638c88bc5221621,EPIC_NORTH,E9489960,batch_001,encounters_epic_north.csv,651,DISCHARGE_DATE_VALID,discharge_date,DATE_MISSING,WARNING
d914f734e4f0fec1a2b6c4af6f68da69a028e73a7eb9b97ad72d212d7800c98c,ec934b95e2bbf3d142027632fa6b0c93c29445ae219f0648faefdc7ca60a214b,EPIC_NORTH,E7167943,batch_001,encounters_epic_north.csv,1062,DISCHARGE_DATE_VALID,discharge_date,DATE_MISSING,WARNING
d951e60d34d7755237b0ef89b5c8e78b528ae8fab971f3d5abdbb027415c2ed6,21c4d5a8db9b0046c21f3f0924fd00e118b00305b95bf9c55c165a13bd2d1162,ATHENA_CLINICS,127506,batch_001,encounters_athena_clinics.csv,376,DISCHARGE_DATE_VALID,discharge_date,DATE_MISSING,WARNING
d978574b5d4ed49dc59bf33d9791b54d38ed9d16884ab2255670f0314a00820e,fde333206b24332d006bc640aed7afab9edaba21ff492c343e8fb33504436c71,ATHENA_CLINICS,124054,batch_003,encounters_athena_clinics.csv,72,DISCHARGE_DATE_VALID,discharge_date,DATE_MISSING,WARNING
d9f5e396209f278e117c455893894f096dfd84f05615a22fc5ef02210915d8ae,33160177a447ea7bda57fcee0af37acafc5e7d9e0d5bdcc4a85bab05058d354a,ATHENA_CLINICS,133495,batch_002,encounters_athena_clinics.csv,110,DISCHARGE_DATE_VALID,discharge_date,DATE_MISSING,WARNING
da02737b92f61bf4d3289b97f61f3cdc8395f1d7b74f89b9526c7f11fb330e60,7993ecfa36c951e298362008a9b322079255d12c2f86ab5059b90289023ebdc4,EPIC_NORTH,E1855416,batch_001,encounters_epic_north.csv,1038,DISCHARGE_DATE_VALID,discharge_date,DATE_MISSING,WARNING
da1d8d14f447eda2dd734336269af4d6be6c3deec3213d7b1f4e39c076f76a69,c8b18d2e6d4ad5a6d9b571caaad751f7f372c8ba0b793134aaa848ace7e54cdb,ATHENA_CLINICS,113044,batch_001,encounters_athena_clinics.csv,760,DISCHARGE_DATE_VALID,discharge_date,DATE_MISSING,WARNING
da3e0f661731d9081ef28aee31636268d320975b3a00b333271b2e013e4c8a0c,ecd3f54c3c6e6ab3d6cb7a60d0fbd34155b2155088cba251242c7fb8399fc4ae,ATHENA_CLINICS,119454,batch_001,encounters_athena_clinics.csv,1068,DISCHARGE_DATE_VALID,discharge_date,DATE_MISSING,WARNING
da68b800d58211aca516282a7bf5ed332491c4a691ec5c18ef45c1dfee9f39a2,dc6bb272855c895c245c3c72d629b10d0395ce5967475a2417915f6eefc853da,ATHENA_CLINICS,127291,batch_003,encounters_athena_clinics.csv,56,DISCHARGE_DATE_VALID,discharge_date,DATE_MISSING,WARNING
da7a6ef3268c766886f6c5b78b145027ce1de4ef37845f5e1c33d692201ba9bd,80688e362a6745fc9c744e5f504c96c484f06e16f9c24a9670e7fefca0bdffc4,LEGACY_MEDITECH,107234,batch_002,encounters_legacy_meditech.csv,167,DISCHARGE_DATE_VALID,discharge_date,DATE_MISSING,WARNING
db56ccaf11c144cfe59e092e855026a18f46b5d0233bb63fde55511f528094d8,1f4cb39a9dbe1c8d9073dba2e6ab80427e199f2887a18613ad6b354c94a9f704,ATHENA_CLINICS,126541,batch_001,encounters_athena_clinics.csv,396,DISCHARGE_DATE_VALID,discharge_date,DATE_MISSING,WARNING
db7115dec7a9c6b3666e91ee95116805659585a3ae14bec346bd6222e77acd43,867c8f60d28dd33eb01e2c192274f3e4f4c76d71946b6ec3c4c57aca19aae8fa,ATHENA_CLINICS,126774,batch_001,encounters_athena_clinics.csv,451,DISCHARGE_DATE_VALID,discharge_date,DATE_MISSING,WARNING
dbaab3fec14a7ac3379891912e6fb3eff95dee83ec25ad65a8497663ed5de517,3d0ea586d7acc54a776eba11f4213542c51d076f34e879b4409e2aecab605007,ATHENA_CLINICS,121253,batch_001,encounters_athena_clinics.csv,955,DISCHARGE_DATE_VALID,discharge_date,DATE_MISSING,WARNING
dbbb0e7fd2bb287203342b9eaf88a3bac643534a6b0adb1bc913ca4c1209d630,8731fd735d039ada6b1befd74c2b3f3cd2465c81f1f8aff585a3c6f4ff2a61ac,EPIC_NORTH,E3195150,batch_001,encounters_epic_north.csv,1406,DISCHARGE_DATE_VALID,discharge_date,DATE_MISSING,WARNING
dbfcb278e64a9bf53539cec3265be8496722689b1366d277b71c4d756efbe7e9,b8a5e648491c4d3280c90f38f0b15c40501252f6a77bb1cbe1adfe6a45f8f743,LEGACY_MEDITECH,128112,batch_001,encounters_legacy_meditech.csv,4,BILLED_AMOUNT_VALID,billed_amount_usd,AMOUNT_PLACEHOLDER,WARNING
dc17c6b164c0eed174fefc14456d1e723855ec64c2223fe04debc036be3fad65,8081e0dc608c6e75199ecd655956e884134585db9ee5d5159277700102abc397,EPIC_NORTH,E2643279,batch_001,encounters_epic_north.csv,325,DISCHARGE_DATE_VALID,discharge_date,DATE_MISSING,WARNING
dc350014be6cb69babaa07869cafdc97621c7310ceab3fbc4edfbd8aae2fde55,d9faea1748b5e7319fcf6e3e3aa6c035fe6a2283508a1049c163063149164954,ATHENA_CLINICS,122808,batch_001,encounters_athena_clinics.csv,174,DISCHARGE_DATE_VALID,discharge_date,DATE_MISSING,WARNING
dc3ff6ffb20a41b9e0b587e8f5abee0eaf800ef1a1401d632593acfc75ef42c2,0a18d558d9626769f4a0217a3710729555ac71d9f50fa1dae22375e5d7ede9d4,ATHENA_CLINICS,103817,batch_003,encounters_athena_clinics.csv,67,DISCHARGE_DATE_VALID,discharge_date,DATE_MISSING,WARNING
dc9a8c6fd45220f3708896a8b30dc603e28f8a4de75d0dcc610d3d3a920c9b1b,fdb72fab63189ee2e92b0baad7a52a61eb8b1fce6926ee3abcb895dcf8aa056b,ATHENA_CLINICS,138070,batch_001,encounters_athena_clinics.csv,480,BILLED_AMOUNT_VALID,billed_amount_usd,AMOUNT_PLACEHOLDER,WARNING
dc9a8c6fd45220f3708896a8b30dc603e28f8a4de75d0dcc610d3d3a920c9b1b,fdb72fab63189ee2e92b0baad7a52a61eb8b1fce6926ee3abcb895dcf8aa056b,ATHENA_CLINICS,138070,batch_001,encounters_athena_clinics.csv,480,DISCHARGE_DATE_VALID,discharge_date,DATE_MISSING,WARNING
dcae127f22f109785bc03e83f7a800639b658cd17cf8eac32e601ca078cc08a9,1887a76ca1e6463def8586764e549a43455af3977046ba01686cee8ee8384bca,EPIC_NORTH,E1328262,batch_002,encounters_epic_north.csv,173,DISCHARGE_DATE_VALID,discharge_date,DATE_MISSING,WARNING
dd358143616f2f8f250ac7b73bc94b76b1aa440620eff1a29577daec73d69f34,d3ec85715e10cac7aee1c9ead729a9f4e7411eaf64a71d90c42cc94b4345d2eb,ATHENA_CLINICS,114785,batch_001,encounters_athena_clinics.csv,389,DISCHARGE_DATE_VALID,discharge_date,DATE_MISSING,WARNING
dd55fc6cddb3396e200e9da0c52e86acb6fa856a485c4b0a912ab137c307a847,fc532eb8abd9fce280a6e72bc5fa50fd70f220475816c52f878173f104c06b7c,ATHENA_CLINICS,118506,batch_002,encounters_athena_clinics.csv,1,DISCHARGE_DATE_VALID,discharge_date,DATE_MISSING,WARNING
dd9ba73855fe98319561a331133e3c9377695088a997a60143c82002a164b108,9a50ce63b83a1164894c3f7157ded72cb441b8b7d2be7c71b55602f73ece1cfd,LEGACY_MEDITECH,130562,batch_001,encounters_legacy_meditech.csv,285,DISCHARGE_DATE_VALID,discharge_date,DATE_MISSING,WARNING
ddad8cc48d4e38d3dcc773ab7beb2276f5c7a030fe80bea205d39701cd3bd96a,0029dcac6296e91dc538a49f24e58668ea89627f6628e6c8e7100e382578f647,EPIC_NORTH,E1712160,batch_001,encounters_epic_north.csv,1135,DISCHARGE_DATE_VALID,discharge_date,DATE_MISSING,WARNING
ddbcdd5d345019714db784e1fd71e76ea99912fda3c3e36e682137d147a84531,60630bb548257057e84e31296e1c705a8c0621dcbdde8a5218748344a9357075,EPIC_NORTH,E9722532,batch_001,encounters_epic_north.csv,92,PRIMARY_DX_IN_REFERENCE,primary_dx_code,DX_NOT_IN_REFERENCE,WARNING
ddc708d189a96013199e9f0e153a9e75aaff49fa195c166c9bc686747c42253f,e21999c7d2eb1969d1f0a04b9d2755975efaaf615ef78ce8ceba972850e20330,EPIC_NORTH,E3511539,batch_001,encounters_epic_north.csv,603,DISCHARGE_DATE_VALID,discharge_date,DATE_MISSING,WARNING
de19be25df0611abf88bd7c5066b259d3cfd2008c62d1bc550179e1b73d1e30e,8d7f50cb746adb0e0283e1228e54cd68b66f2c44517f25e9cf4a20c5c1d17c9f,ATHENA_CLINICS,117616,batch_001,encounters_athena_clinics.csv,876,FACILITY_RESOLVED,facility_id,FACILITY_UNRESOLVED,ERROR
ded1d1282d5683ee4592173e64b9c7e1f463064f79899566d0022e934948cc9c,352f145ca85729de094474fc1ead4b5ae6a7027a39f2482c6add937b62426a1a,ATHENA_CLINICS,111231,batch_001,encounters_athena_clinics.csv,297,DISCHARGE_DATE_VALID,discharge_date,DATE_MISSING,WARNING
df42065b7ab59e593ac8ee4f6751ba966628294db533d771b7138ea08bf42e12,794b506baff82b56b250320463fef28fe8ec481dbef78a08a4caab54be9ad72b,ATHENA_CLINICS,104640,batch_002,encounters_athena_clinics.csv,24,DISCHARGE_DATE_VALID,discharge_date,DATE_MISSING,WARNING
df614200d4780a86f3dcb2e5c4d94f57968d16572ea8a7eaa626d1d15dffe87c,59213771454fa5b85b699b0439a0ec0cd2b98fe4efc0d7153f0594e07328e81e,ATHENA_CLINICS,115044,batch_001,encounters_athena_clinics.csv,95,DISCHARGE_DATE_VALID,discharge_date,DATE_MISSING,WARNING
dfe930bd13ed59be4a23ebde83283719766526ec34116a3a42a33cf8a4bb849f,57bcb9fd17a560d8ad87f574624485b06b59116b65cc6f393e9bdea0db45fe98,LEGACY_MEDITECH,128567,batch_001,encounters_legacy_meditech.csv,166,DISCHARGE_DATE_VALID,discharge_date,DATE_MISSING,WARNING
e057813649dfdd963dc0836951a33f279c9e4f3fad23a27c58bdb6013fd819d1,330fda5d9386244c65278364651bd4fd4488e7f2d7dbf842764d71161f89e18a,ATHENA_CLINICS,106564,batch_001,encounters_athena_clinics.csv,805,DISCHARGE_DATE_VALID,discharge_date,DATE_MISSING,WARNING
e0b1e564189c81acd96e58c45352599c76dc16c773f17a1a8ba8728e2cd3e40d,e86762eff90e4e5c940bca833e2b15ed88dc7e6e9358b6c29492d367a57c1f69,EPIC_NORTH,E1097755,batch_001,encounters_epic_north.csv,1373,DISCHARGE_DATE_VALID,discharge_date,DATE_MISSING,WARNING
e0d42843bac1ac526af61f7f3a0b37380482f459e44e3d3d213453014a506545,4df3b3dc622d4a43fc2db60dc894ab029852044f27ac3ac40e86bb090751d934,ATHENA_CLINICS,126843,batch_001,encounters_athena_clinics.csv,606,DISCHARGE_DATE_VALID,discharge_date,DATE_MISSING,WARNING
e0f157329f0ccc32344dc7e1a4da7d138df61893ea67ec140235178cb082c72b,d5fa86938013943c37d301c8c7da47ed14a1f3abf716eb87639beba314c4f0a5,ATHENA_CLINICS,117733,batch_001,encounters_athena_clinics.csv,557,DISCHARGE_DATE_VALID,discharge_date,DATE_MISSING,WARNING
e120310526289a0784fcee1f023bb9d21d283dc99678f5f6eba8c7b41e2393b8,0d46ec4a71fd52781a3a9589e85c6d8bbe52f16df9ee5212b1aa1168ee03eaaf,EPIC_NORTH,E6202000,batch_001,encounters_epic_north.csv,560,DISCHARGE_DATE_VALID,discharge_date,DATE_MISSING,WARNING
e18abad1f40dbf8dbf5f47cdbba017d16c8c26e789563f77c02b3a07ced81de7,4bd188f6fbfa7dae92b03610f1bf152109fdca0d6f5f02429b4d64f26e0c883e,ATHENA_CLINICS,106692,batch_003,encounters_athena_clinics.csv,44,DISCHARGE_DATE_VALID,discharge_date,DATE_MISSING,WARNING
e2c34627eef7897f85e7bb38e331f0570a1b473e258b28f06ad0d09ddc64a873,8dd3006e0b2f2fa74aee975f14fe02bbaafe47fb82edfefcc97da0f140d1653f,EPIC_NORTH,E5287058,batch_002,encounters_epic_north.csv,54,DISCHARGE_DATE_VALID,discharge_date,DATE_MISSING,WARNING
e2e0a9d25ad03c15d959b9a7df126d4eb2d4b9a60ea6ce875cf60404258e92e8,2a74368fb100c5e42ce593b243a375097de9afc68e603565d097757e484c9e2e,ATHENA_CLINICS,104049,batch_001,encounters_athena_clinics.csv,939,DISCHARGE_DATE_VALID,discharge_date,DATE_MISSING,WARNING
e34d2d6e868d0451bd96d65d098ce5c7cfebc80ffec48747aa953c921823b416,92f3a68409ccb8e8f4033fbde3d8d98de2ad064f0e9fe6c9ec97f7520ea003a8,LEGACY_MEDITECH,130513,batch_002,encounters_legacy_meditech.csv,114,ATTENDING_NPI_IN_ROSTER,attending_npi,NPI_NOT_IN_ROSTER,WARNING
e34d2d6e868d0451bd96d65d098ce5c7cfebc80ffec48747aa953c921823b416,92f3a68409ccb8e8f4033fbde3d8d98de2ad064f0e9fe6c9ec97f7520ea003a8,LEGACY_MEDITECH,130513,batch_002,encounters_legacy_meditech.csv,114,DISCHARGE_DATE_VALID,discharge_date,DATE_MISSING,WARNING
e36439611b558989aa78ee9e67a2b9e6f45f165150340b873bd8d62759f7c145,ce57a8953c306988ef5f692e7252ba668566184a0c7485fe1c7294a611c9cfc4,ATHENA_CLINICS,125058,batch_001,encounters_athena_clinics.csv,497,DISCHARGE_DATE_VALID,discharge_date,DATE_MISSING,WARNING
e3953b4ad8f4fe101f8d20194bcf5be64094ed944f0bc266ff044c93aa433d3f,06a0fbccdaea60bd75fc4954ff16d4638180df796dafd86f83fbdeb7357d613b,ATHENA_CLINICS,121203,batch_001,encounters_athena_clinics.csv,839,FACILITY_RESOLVED,facility_id,FACILITY_UNRESOLVED,ERROR
e43854e5c99d73fd03ead4be24d7dc27beb2c2ab569dcf560b8392762ec1b7b8,8041643df5d30dfb1184e20687694d0e17ed7849fb9ad5344cad9bcfc41c23bf,ATHENA_CLINICS,117138,batch_002,encounters_athena_clinics.csv,134,DISCHARGE_DATE_VALID,discharge_date,DATE_MISSING,WARNING
e4eb2b56c003639cc58c85a54bdeed71a86cb94b9716efe227012add3dae5a06,008d4ef8b60daf10b9db7ace4b72d5b1963c64abd1fbd5024c843f39a0ddfb98,LEGACY_MEDITECH,111348,batch_002,encounters_legacy_meditech.csv,158,PRIMARY_DX_VALID,primary_dx_code,DX_UNPARSEABLE,WARNING
e55afbb04ffd802f3ed6c8c6fa43112a83accd2ad422543659edb1ff936d761a,b204d7cb6f68d8c9ef1fc960ed4dc38c309733a62d79404d12d731b0a0659212,ATHENA_CLINICS,125954,batch_001,encounters_athena_clinics.csv,858,DISCHARGE_DATE_VALID,discharge_date,DATE_MISSING,WARNING
e632c766369d8fb0eaaf6e4725543b8c249f4e7f42e33127a992b92201df3c0a,7cc5fcbcc06716418f3a6738737b8a0941d5e42a62b6873652597ee8be9d7a81,ATHENA_CLINICS,108861,batch_002,encounters_athena_clinics.csv,58,DISCHARGE_DATE_VALID,discharge_date,DATE_MISSING,WARNING
e63c7c349d7ca468a9d3e6ad067239fc816f2ee60b911d0c1d7954d658d4f656,4e39546f277fda7004d0318032371abfa70af0b3d721df3df2e029adee5f86e4,ATHENA_CLINICS,110353,batch_001,encounters_athena_clinics.csv,492,DISCHARGE_DATE_VALID,discharge_date,DATE_MISSING,WARNING
e689e94a374feda608d704c67d9b8cb8ee379787eda0ecd00c4555fa846410d5,4bd188f6fbfa7dae92b03610f1bf152109fdca0d6f5f02429b4d64f26e0c883e,ATHENA_CLINICS,106692,batch_002,encounters_athena_clinics.csv,75,DISCHARGE_DATE_VALID,discharge_date,DATE_MISSING,WARNING
e6c83be90e368aba695216d89d3d88d92f7c001f1b18022e6283406f1621ba27,4c99ac9790fc9638f6dfccef800b0506ab6f7c67a200c2a3afae8d67b10cfb1c,LEGACY_MEDITECH,113586,batch_001,encounters_legacy_meditech.csv,244,DISCHARGE_DATE_VALID,discharge_date,DATE_MISSING,WARNING
e70a81133614eed6dd99c82e1a9f1e27efd00c9521af79bd2bb86f6a726f3689,a5ee2ef42b886a3c321fb72b2095a8a75068352e6daff4e1112a9e826c672e87,EPIC_NORTH,E9164835,batch_001,encounters_epic_north.csv,814,DISCHARGE_DATE_VALID,discharge_date,DATE_MISSING,WARNING
e71bb8dcfdb132d9051ccf9cebb388727e767484fd2b853e9b3f612d5d632728,b0e94baccbb76b14101d2a20b251a24717018a20792f171cb7b60b7ddff16aca,ATHENA_CLINICS,127871,batch_001,encounters_athena_clinics.csv,996,DISCHARGE_DATE_VALID,discharge_date,DATE_MISSING,WARNING
e72f6c83508f894bf9edc17deef6272b44b82fd162e742a8137e1d6c9199939c,7b00a18a948a0efc21761af698b729d9412a799735f05e7bb76b4e06974bf212,EPIC_NORTH,E1820504,batch_001,encounters_epic_north.csv,1347,DISCHARGE_DATE_VALID,discharge_date,DATE_MISSING,WARNING
e74a8917eebae3f6bfd6e409a3ebb508203a33ee71448fdd94fe0e4805994bbb,5d3d17f0cb273b32931880a590a0c269b8b9620e5e9ddf66f3a5dba7161766ed,ATHENA_CLINICS,128304,batch_001,encounters_athena_clinics.csv,612,DISCHARGE_DATE_VALID,discharge_date,DATE_MISSING,WARNING
e7bb238a26319ad2714a0d1f76af1c880fc9cdd382e40fa20cd086025743379b,2ba5eeb359758323cbd71678d1335dd915379ac994b5b1982a586f0460dd3b6b,EPIC_NORTH,E2959843,batch_001,encounters_epic_north.csv,673,DISCHARGE_DATE_VALID,discharge_date,DATE_MISSING,WARNING
e83c29fa7ad20b2120d3fb15b5956799afbce3d9c822dd28b6de132ca3f6a263,276abca59189882df43408ea83fee9d617b066cf27b2dfc8d61c5af94b9c779f,ATHENA_CLINICS,130873,batch_001,encounters_athena_clinics.csv,1045,DISCHARGE_DATE_VALID,discharge_date,DATE_MISSING,WARNING
e83c29fa7ad20b2120d3fb15b5956799afbce3d9c822dd28b6de132ca3f6a263,276abca59189882df43408ea83fee9d617b066cf27b2dfc8d61c5af94b9c779f,ATHENA_CLINICS,130873,batch_001,encounters_athena_clinics.csv,1045,PAYER_MAPPED,payer_category,PAYER_MISSING,WARNING
e87b77c8a90a922530258991521bc00213171859f90c692da7a25089f4104f6e,be712ce48b966e49a0abab07b814bae58e9406d8ae80c65a62c5bcb74f9bbf0f,EPIC_NORTH,E5693211,batch_001,encounters_epic_north.csv,217,DISCHARGE_DATE_VALID,discharge_date,DATE_MISSING,WARNING
e8d502bf29529aa57f8ef2e641e1494a6ae007f83580371d02bef0a17e78e8ca,dc1917ba7864cc180c1a788ad12f5b7e281a187de023e09011d7047a2fe9df75,ATHENA_CLINICS,131745,batch_001,encounters_athena_clinics.csv,237,DISCHARGE_DATE_VALID,discharge_date,DATE_MISSING,WARNING
e93ffa4cda4433d0dcd5c0e3ccde8b4ee6b19994349756b3b5ab1fc8428ca0a2,f1708ffd0fc806ebab8bc126a340787e8ccc98308388300d79175745dd4b3f61,ATHENA_CLINICS,137217,batch_001,encounters_athena_clinics.csv,289,DISCHARGE_DATE_VALID,discharge_date,DATE_MISSING,WARNING
e950e56d97cd99b670eee5469bca49577547fbcb8daf2f032b90d2b285d22af7,a88fad2768c8a76f3f30ddbb99b3e7df9edd72905c43b60f54664b397d067a3f,ATHENA_CLINICS,126725,batch_001,encounters_athena_clinics.csv,582,DISCHARGE_DATE_VALID,discharge_date,DATE_MISSING,WARNING
e96c7e4ee46db3392be53ff2f843a53e302ff7cac9db437e73f127efe2e2d933,7b490b4544c66c417ae0d7d554a5205840b7eae24546851c7acc66ca9027792e,ATHENA_CLINICS,123656,batch_001,encounters_athena_clinics.csv,810,DISCHARGE_DATE_VALID,discharge_date,DATE_MISSING,WARNING
e97c9aee5c079a69b0c45430babab6055cdb0d2b1cdf8f2b4709f00db1b557a0,3759deabdbb4ecff05124227c4f39f4e8e669fdd3f83bbec79b1ea074430344e,ATHENA_CLINICS,130514,batch_001,encounters_athena_clinics.csv,844,DISCHARGE_DATE_VALID,discharge_date,DATE_MISSING,WARNING
e9a8dcc90a8f1e2256cc65eaad7623a1fba0003d79480dfbbed197ad8dbaa163,a2ed84ae9fd359036360417d635ebae0b30afbc4571129a6530d0dcd73d3ff77,EPIC_NORTH,E8036795,batch_002,encounters_epic_north.csv,87,DISCHARGE_DATE_VALID,discharge_date,DATE_MISSING,WARNING
e9d84aae8bf9d58e4ee3c949735984041d0a277fb10ae5f072c7120bfc245e52,fd2a4a8ec43fc2d4a45ad87671232883c47f3bc3e0474fdce1af08302b5b844d,ATHENA_CLINICS,139199,batch_001,encounters_athena_clinics.csv,926,DISCHARGE_DATE_VALID,discharge_date,DATE_MISSING,WARNING
ea04b44262f0772a6710407c13c3891be73a761a94fd2c4efbc06c5708d5f113,041c0c8aef65217c0b3d9450813abade26aa8e03e483e766d3d6361cdac84e9b,ATHENA_CLINICS,135265,batch_001,encounters_athena_clinics.csv,623,DISCHARGE_DATE_VALID,discharge_date,DATE_MISSING,WARNING
ea18a2eff723139e4493c09be25f66c98d43e2ff91bbe875c59e48bb08715b2b,6bb3cd44d8cefb351bb05ac1a57eed0d4e2c8710a1df0468983cd0039e8a5c5c,EPIC_NORTH,E7474804,batch_001,encounters_epic_north.csv,463,DISCHARGE_DATE_VALID,discharge_date,DATE_MISSING,WARNING
ea2cf7f99c49c98be00e09d872cb84cea0ce7acaf7532ef2ad81dc024f4a712a,3095d7836efd940515932776240bf779507383bc920e898e9e5d4849e17aeb91,EPIC_NORTH,E9710701,batch_001,encounters_epic_north.csv,225,BILLED_AMOUNT_VALID,billed_amount_usd,AMOUNT_PLACEHOLDER,WARNING
ea330fd82243b70601554a41a09fb1198b497c737fbb5c447ea630af3a28be58,829c68bee3df45f7071faf6562e3cff965ba11010b9e6a56cbbab025784401ad,ATHENA_CLINICS,133141,batch_001,encounters_athena_clinics.csv,197,DISCHARGE_DATE_VALID,discharge_date,DATE_MISSING,WARNING
ea330fd82243b70601554a41a09fb1198b497c737fbb5c447ea630af3a28be58,829c68bee3df45f7071faf6562e3cff965ba11010b9e6a56cbbab025784401ad,ATHENA_CLINICS,133141,batch_001,encounters_athena_clinics.csv,197,FACILITY_RESOLVED,facility_id,FACILITY_UNRESOLVED,ERROR
ea43e6317345cedf5a7fb2f10f2b1876fed9e945dfc598d78263a9bd54dce1e7,1a9f03361b263b2b839ea54c66027092949ed5c0a207e0f2b8c3f588d8735e34,ATHENA_CLINICS,130828,batch_001,encounters_athena_clinics.csv,776,DISCHARGE_DATE_VALID,discharge_date,DATE_MISSING,WARNING
ea5546690ccc0940fb97c724523e5266cf1b284e5e4c040901081bba577a622a,c62317ba3eafe50f983d9ffe3ebb7700e71ee8393d4c80d53f693293f3a78c96,EPIC_NORTH,E5705434,batch_001,encounters_epic_north.csv,1162,DISCHARGE_DATE_VALID,discharge_date,DATE_MISSING,WARNING
ea60e3739863adb08d9f5633529721519d60702c46d3b7abf4634b93bc1d3327,d7417028e3d75de28a80387ff2bc3b32a03248a787579f20bbdd09aacbbd6b4e,ATHENA_CLINICS,123608,batch_001,encounters_athena_clinics.csv,211,DISCHARGE_DATE_VALID,discharge_date,DATE_MISSING,WARNING
ea9b597a4d5a279b93b68346cc4ba8a84eeacdf1ab5e7343def5e68366cc9234,607eaae0913503f04da9bb15ae8994834bc30826811de9d059b7262aff057830,EPIC_NORTH,E4576420,batch_001,encounters_epic_north.csv,913,ATTENDING_NPI_VALID,attending_npi,NPI_PLACEHOLDER,WARNING
ead75242311516e7ff324f176fee49bbd875ec0d5d2ba8580a8e0faf607d7ae7,56842970d5a598c5932174c74bf05e7a421b37d0054c97a564f7a91560b732cd,EPIC_NORTH,E5005388,batch_002,encounters_epic_north.csv,55,DISCHARGE_DATE_VALID,discharge_date,DATE_MISSING,WARNING
ebf8f8175ce8064c3176f02020876a560cf0f36a40aba46026381543b5667c6b,fc532eb8abd9fce280a6e72bc5fa50fd70f220475816c52f878173f104c06b7c,ATHENA_CLINICS,118506,batch_003,encounters_athena_clinics.csv,25,DISCHARGE_DATE_VALID,discharge_date,DATE_MISSING,WARNING
ebf9d1ddebeba517953959b62e0f171efd0b58956753d874ef593b155c98f39a,590ec8117c0b25b53e37985675e66e1615866d703258fef705286866e7b6cbe9,ATHENA_CLINICS,106313,batch_001,encounters_athena_clinics.csv,438,DISCHARGE_DATE_VALID,discharge_date,DATE_MISSING,WARNING
ec566cfec59f733ff5bbce73b7d57244cb6dfb56927946c37c47837ca17e74ea,f763620e122ea861b517c00fb3551103f5fc932f682799a800217f72810a5fe2,ATHENA_CLINICS,127687,batch_001,encounters_athena_clinics.csv,96,DISCHARGE_DATE_VALID,discharge_date,DATE_MISSING,WARNING
ed7cc220ee01589d8c8a872009c01d28c2aaa7747dbb7331a7ba6f11c3840b44,83cb08fae76afbb49964f83055c9b416cfd290af68fc987d91729534962df0d0,EPIC_NORTH,E9592113,batch_001,encounters_epic_north.csv,1063,DISCHARGE_DATE_VALID,discharge_date,DATE_MISSING,WARNING
ed9b01dd421a36f334a48f5f03c34b53b3ff01deed69be0784f32ccdece983f8,6d466720afbd1381c81467c8e43f5cbe644803e269363d9fa8df7a31cc77f8a0,ATHENA_CLINICS,119272,batch_001,encounters_athena_clinics.csv,1008,DISCHARGE_DATE_VALID,discharge_date,DATE_MISSING,WARNING
edc2a4aadaaf7131ebb101e908ec68f01e3e05c8c69b6de662f586ab54f4e9d2,a4b9e29ae351effb74abded8268e597e20f9ffccce5d27a11374038bf9c37364,ATHENA_CLINICS,124001,batch_001,encounters_athena_clinics.csv,43,DISCHARGE_DATE_VALID,discharge_date,DATE_MISSING,WARNING
ee1d2305580e0f4d39e18cbe99bdf71ae65c5f558fcc84aef2663e2d798b529c,7158ecb1645615cde92c80d4b678d0c1d57a37fcec7e4655c7c98bfc316310a4,ATHENA_CLINICS,138769,batch_001,encounters_athena_clinics.csv,6,BILLED_AMOUNT_VALID,billed_amount_usd,AMOUNT_PLACEHOLDER,WARNING
ee270f10818f54f08018f4cc126fc5cb31b0fe2a5e3a40ac154f553fec78696b,a4d6275803f48b5ec544445f4e0409a1d05677ff2e5a015127a16852117d1536,ATHENA_CLINICS,122764,batch_001,encounters_athena_clinics.csv,1003,DISCHARGE_DATE_VALID,discharge_date,DATE_MISSING,WARNING
ee270f10818f54f08018f4cc126fc5cb31b0fe2a5e3a40ac154f553fec78696b,a4d6275803f48b5ec544445f4e0409a1d05677ff2e5a015127a16852117d1536,ATHENA_CLINICS,122764,batch_001,encounters_athena_clinics.csv,1003,PRIMARY_DX_VALID,primary_dx_code,DX_UNPARSEABLE,WARNING
ee8936a3970f7601698a6ac6c9412f0bc272db236c54733e5f11e19cbaf2a64a,7e3c9d25b373100d97bea67d6edb307dd18a016b255db864a15fa17fbdf02add,LEGACY_MEDITECH,112834,batch_002,encounters_legacy_meditech.csv,154,BILLED_AMOUNT_VALID,billed_amount_usd,AMOUNT_SPREADSHEET_ERROR,WARNING
eea045584987c25131d2dc00e2ed9728f0a8edcc6f32bb4e75854affc1ab68d2,4123f58e02318f15889821506b7271589682e7cabd29994e0b6703d8c254e826,ATHENA_CLINICS,120889,batch_001,encounters_athena_clinics.csv,79,DISCHARGE_DATE_VALID,discharge_date,DATE_MISSING,WARNING
f038d71bdbfe210a829eeb9adc554a95a4f9ee322bee531dfbe7e33acef15e08,d2001e30d7de5a5d221c61d975eac890c3b16b7bbe888090d323758b645fed23,LEGACY_MEDITECH,106552,batch_002,encounters_legacy_meditech.csv,244,PRIMARY_DX_VALID,primary_dx_code,DX_ICD9,WARNING
f0562431b633a4cbff1ebba80e16637cf48320e28d855f970d4560cdb1b94ce0,ba1b7d780d1e0822617d791f458a1c6f8a715d8a973a0c91897bccac98fa4eac,EPIC_NORTH,E6305520,batch_001,encounters_epic_north.csv,460,DISCHARGE_DATE_VALID,discharge_date,DATE_MISSING,WARNING
f0a3764ec1cf361dcbe4a4fab4b2ddea134c4d8536ab9f81dc842971bc644911,437a834b7449ed0de88a8e0602c52705d917ce41fe3ccb27c61f5a57a1891037,EPIC_NORTH,E4903470,batch_001,encounters_epic_north.csv,1247,BILLED_AMOUNT_VALID,billed_amount_usd,AMOUNT_MISSING,WARNING
f105d3b734f132d28decb07a8e54c43bc0ce93bbbd4197488eb1b14982ff50d0,34874a82e30dc6ce06d8e580f26878bfcb9c6f16ad016a23fcbfa53e33c31b12,ATHENA_CLINICS,128815,batch_002,encounters_athena_clinics.csv,131,FACILITY_RESOLVED,facility_id,FACILITY_UNRESOLVED,ERROR
f158b159bc1e2f593521c73be51d2cf9d31b819bc93449ff77ddc91731971032,d2c2ea6dfd253ea4721856b0e56c61bb806952e199a50139719a8a3234116f1d,ATHENA_CLINICS,126420,batch_002,encounters_athena_clinics.csv,93,DISCHARGE_DATE_VALID,discharge_date,DATE_MISSING,WARNING
f172545d1baf0d8ca73931eca20898f4ad5ddc798242e1b1bbca8ae87f247f6d,f018b6830d16e204b7fc0baa6db056d1d11153ef5cd8ff84cc5b04e45c6b0321,LEGACY_MEDITECH,117969,batch_001,encounters_legacy_meditech.csv,15,AGE_BAND_KNOWN,age_band,AGE_BAND_DOB_UNAVAILABLE,WARNING
f172545d1baf0d8ca73931eca20898f4ad5ddc798242e1b1bbca8ae87f247f6d,f018b6830d16e204b7fc0baa6db056d1d11153ef5cd8ff84cc5b04e45c6b0321,LEGACY_MEDITECH,117969,batch_001,encounters_legacy_meditech.csv,15,DISCHARGE_DATE_VALID,discharge_date,DATE_MISSING,WARNING
f172545d1baf0d8ca73931eca20898f4ad5ddc798242e1b1bbca8ae87f247f6d,f018b6830d16e204b7fc0baa6db056d1d11153ef5cd8ff84cc5b04e45c6b0321,LEGACY_MEDITECH,117969,batch_001,encounters_legacy_meditech.csv,15,PATIENT_LINKED,patient_link_status,PATIENT_UNLINKED_NO_DOB,WARNING
f1795a6dbf75b67d9d6ec9ae5a14273eb7ceae259720cc43782f297c34ea677a,98b3bd7a94222e33c22d3152869d6ecbc973ec64f142cd208cf4a30b9e57714c,ATHENA_CLINICS,119296,batch_001,encounters_athena_clinics.csv,746,DISCHARGE_DATE_VALID,discharge_date,DATE_MISSING,WARNING
f1d775f548e1c54818838563fe9ef8e53f6788c5042d77de319668ed8a9662b5,4e1d2f129077762b6270b4b367d631237f811af6162fb2738b67efdf801b2b3b,EPIC_NORTH,E9471317,batch_001,encounters_epic_north.csv,1308,AGE_BAND_KNOWN,age_band,AGE_BAND_DOB_UNAVAILABLE,WARNING
f1d775f548e1c54818838563fe9ef8e53f6788c5042d77de319668ed8a9662b5,4e1d2f129077762b6270b4b367d631237f811af6162fb2738b67efdf801b2b3b,EPIC_NORTH,E9471317,batch_001,encounters_epic_north.csv,1308,PATIENT_LINKED,patient_link_status,PATIENT_UNLINKED_NO_DOB,WARNING
f2554860fcd5cd7d9431f6abe00ba7bdfa39fdab2fae424f14a2377cdd3732c3,d644a1bc80800424c11d7d975fcccf8ac6d2bbbf23ead04cc6ad59db3d9ce66d,EPIC_NORTH,E2822850,batch_001,encounters_epic_north.csv,1350,DISCHARGE_DATE_VALID,discharge_date,DATE_MISSING,WARNING
f2b26388e36fb6f4162d79d4b7e09b8eb7c0b81a3728c72725cf7d3ecd84ce94,9d3695bae9a5796804e7faac56e4d2d4a58e848e221273b40311495cbafb516f,EPIC_NORTH,E3428495,batch_002,encounters_epic_north.csv,95,DISCHARGE_DATE_VALID,discharge_date,DATE_MISSING,WARNING
f2f0d4ac2a24d6d3bbf04cfc8432523e7d68cabd64c1d13849001848cbf0baed,90e4b4a5d27f6ba97dc9834ad0c3d182e007de875e53ab3364386b9e43842dfc,ATHENA_CLINICS,115340,batch_001,encounters_athena_clinics.csv,464,DISCHARGE_DATE_VALID,discharge_date,DATE_MISSING,WARNING
f2f0d4ac2a24d6d3bbf04cfc8432523e7d68cabd64c1d13849001848cbf0baed,90e4b4a5d27f6ba97dc9834ad0c3d182e007de875e53ab3364386b9e43842dfc,ATHENA_CLINICS,115340,batch_001,encounters_athena_clinics.csv,464,PRIMARY_DX_VALID,primary_dx_code,DX_UNPARSEABLE,WARNING
f367882484acdc5e4b1fdaf1e109a51f8ff9e112e377264e3bf634552073f663,149771291302bdd0583031f9a470a9262b8b789340caed864b6635b9bb9e9e56,ATHENA_CLINICS,123505,batch_001,encounters_athena_clinics.csv,337,DISCHARGE_DATE_VALID,discharge_date,DATE_MISSING,WARNING
f379f35acd6bedb8ea1ea2ac755449946c38b76bc896d2981d241c7e68d5acce,0a9802d0b2585d14995c8a630cbfc81fffcf1f2c5f8279a147de4caa4ae7189c,ATHENA_CLINICS,134975,batch_001,encounters_athena_clinics.csv,182,AGE_BAND_KNOWN,age_band,AGE_BAND_DOB_UNAVAILABLE,WARNING
f379f35acd6bedb8ea1ea2ac755449946c38b76bc896d2981d241c7e68d5acce,0a9802d0b2585d14995c8a630cbfc81fffcf1f2c5f8279a147de4caa4ae7189c,ATHENA_CLINICS,134975,batch_001,encounters_athena_clinics.csv,182,DISCHARGE_DATE_VALID,discharge_date,DATE_MISSING,WARNING
f379f35acd6bedb8ea1ea2ac755449946c38b76bc896d2981d241c7e68d5acce,0a9802d0b2585d14995c8a630cbfc81fffcf1f2c5f8279a147de4caa4ae7189c,ATHENA_CLINICS,134975,batch_001,encounters_athena_clinics.csv,182,PATIENT_LINKED,patient_link_status,PATIENT_UNLINKED_NO_DOB,WARNING
f3bdf834a3e2735d2ccb638f575c1fd994c96b4c5a4f50da1b35332312d2388d,379d7dce303fe4f357f03476a572b688dcfc24819a198bda755b44cc3a030171,EPIC_NORTH,E1861695,batch_001,encounters_epic_north.csv,97,DISCHARGE_DATE_VALID,discharge_date,DATE_MISSING,WARNING
f41b961c3d127c5d9bf8d4f54fd896db4bf45317ace0ad255eae5694023a5f1f,fbd2fb4ceba0a8633e784c5238cfbac11ba769be5d75cefe41c9f5ea484a3550,ATHENA_CLINICS,133910,batch_001,encounters_athena_clinics.csv,18,DISCHARGE_DATE_VALID,discharge_date,DATE_MISSING,WARNING
f463f068065864bd5401b661bfdee9bd85812652f7bbaf91bebeb660ae3527dc,27cd9d38f683a79dd0293c5db3b10ca23fad61cb24eb98c44d6ad41ef086fc57,ATHENA_CLINICS,133038,batch_002,encounters_athena_clinics.csv,17,DISCHARGE_DATE_VALID,discharge_date,DATE_MISSING,WARNING
f4d9a700687d84a7d7e09a309e92021284a39a5941afdf59ea9c0b70f2acdc76,541ad8480e9be346a3a295919abfe13992c4b20d0cf77373f15bc587a1db6b22,ATHENA_CLINICS,113795,batch_001,encounters_athena_clinics.csv,420,DISCHARGE_DATE_VALID,discharge_date,DATE_MISSING,WARNING
f4f2cb22a63fd12db2c082ee86a54a5576adc2d91e28339b70d7d17d32beae2a,8e148bd8e1f1f9b1713bae28da31441e1d81689eb8d5f94916ffc1a521e8fa04,ATHENA_CLINICS,104437,batch_001,encounters_athena_clinics.csv,786,DISCHARGE_DATE_VALID,discharge_date,DATE_MISSING,WARNING
f5546373bf828e65283ec53f7f7482af248094cf421263ce184da5bbc75f5e64,7d66a223db52af9cfa2db123ece291fbb1cd7409546e57bfc91eb9b3bec607d0,ATHENA_CLINICS,100490,batch_001,encounters_athena_clinics.csv,489,DISCHARGE_DATE_VALID,discharge_date,DATE_MISSING,WARNING
f583e884bbc61dc22e1d549dddee0575b54a2345bc366ea32225eb9730c48ed3,2d495d5e6681520e0182bab5b58e4a191e293d98a88e1db7b3273cf4090edbf4,ATHENA_CLINICS,132219,batch_001,encounters_athena_clinics.csv,9,FACILITY_RESOLVED,facility_id,FACILITY_UNRESOLVED,ERROR
f5be82268fc65f27faccb3eda1d1f1662a4de79784f0dd54e84b8f3058a2bd13,063d0ae7d22bd416a2ad571adc41e47b2af949a8b6c6317f16449b31c0332d51,EPIC_NORTH,E4906681,batch_001,encounters_epic_north.csv,360,PRIMARY_DX_IN_REFERENCE,primary_dx_code,DX_NOT_IN_REFERENCE,WARNING
f5f723e4f091c7e63343fc2d9cb4e9110b6ed1dbb97afb9d595fe64a43eec2a9,54ccdccc935f02602ba666050ff6293b5e373c76742216483c9042305edba1e8,LEGACY_MEDITECH,127953,batch_001,encounters_legacy_meditech.csv,45,DISCHARGE_DATE_VALID,discharge_date,DATE_MISSING,WARNING
f67078e2262368002d140e379414799ec45a12aa68c3fc20b87c326708b2d6f0,0d46ec4a71fd52781a3a9589e85c6d8bbe52f16df9ee5212b1aa1168ee03eaaf,EPIC_NORTH,E6202000,batch_002,encounters_epic_north.csv,109,DISCHARGE_DATE_VALID,discharge_date,DATE_MISSING,WARNING
f69c8dd27e326f2267893d2f4291546c969a649bac7b5e81081f51acbc710f4c,56ec39dd1545df21c7632d9994656c53ed1d81a8536ad84d0108e89c31003f4d,EPIC_NORTH,E9070953,batch_001,encounters_epic_north.csv,1101,DISCHARGE_DATE_VALID,discharge_date,DATE_MISSING,WARNING
f6b4fad2794268faec83af04c5f4a08da6760f91be1dc38f32afddd54f260504,c064eb348b69c0b8a69080446cf31a51daead39b0ae33a2560fc5b2441e8d57b,ATHENA_CLINICS,107516,batch_002,encounters_athena_clinics.csv,130,DISCHARGE_DATE_VALID,discharge_date,DATE_MISSING,WARNING
f6bf5944ed684d170dd2e865e4d9136a21ef84ad55b309a9d0d2ff8d462aec2d,1095996a63da355fd4b72a6e36639bd512ca2dd5b41170ae7c27392e9b190754,ATHENA_CLINICS,137005,batch_001,encounters_athena_clinics.csv,862,DISCHARGE_DATE_VALID,discharge_date,DATE_MISSING,WARNING
f72147481961e28df71de24441a7f7d8f94998fb771bd4823f0d232e46b70e85,7198618d0647276647e50da6a367df07f2bfabf323c842037e44938c9baa1076,LEGACY_MEDITECH,116357,batch_001,encounters_legacy_meditech.csv,129,AGE_BAND_KNOWN,age_band,AGE_BAND_DOB_UNAVAILABLE,WARNING
f72147481961e28df71de24441a7f7d8f94998fb771bd4823f0d232e46b70e85,7198618d0647276647e50da6a367df07f2bfabf323c842037e44938c9baa1076,LEGACY_MEDITECH,116357,batch_001,encounters_legacy_meditech.csv,129,PATIENT_LINKED,patient_link_status,PATIENT_UNLINKED_NO_DOB,WARNING
f75ce8a7015d596d2e8c5445823e6f9241380ecdd18b635ed9faa5d71981e023,e51f50a8fbfaf1050beaaa17753c5e759b5b439569f330d8277d103759e296e8,ATHENA_CLINICS,126060,batch_001,encounters_athena_clinics.csv,452,DISCHARGE_DATE_VALID,discharge_date,DATE_MISSING,WARNING
f85f0b989f13813f740d8bda166e508ca98d07664f0cad3968db0a50841c78f0,15d8ded29ca20bdaab77421483fa6c3b9c504bd3b5dd24c86c56444220838380,ATHENA_CLINICS,123034,batch_001,encounters_athena_clinics.csv,449,DISCHARGE_DATE_VALID,discharge_date,DATE_MISSING,WARNING
f8648638ac0d487e7724e0400f14466dca6611fe70d0f551f6afce45a13906bc,e1dc9c5b55bf5a73473dc51a52cf8cbc49695c5ef24f5043423c3a1bbdd17fb8,ATHENA_CLINICS,120603,batch_001,encounters_athena_clinics.csv,1034,DISCHARGE_DATE_VALID,discharge_date,DATE_MISSING,WARNING
f86cd15c70f403824c0cf94b7001e206b79c0eecfd16559ed9b43553a968d125,1b0e3ba783cb8e15acc460bfbb77e1c8366af170c3c23a7e37e53565ff3d14f3,EPIC_NORTH,E8727880,batch_001,encounters_epic_north.csv,1046,ENCOUNTER_TYPE_MAPPED,encounter_type,ENCOUNTER_TYPE_MISSING,WARNING
f8a40ea95299325e2d13d9fc21ced59f62927334e606b7e44cbe21ba95c16062,c5b9c1f158e78539c49543b15570aa115d37392f45970634abc2e828540082a6,ATHENA_CLINICS,133767,batch_001,encounters_athena_clinics.csv,970,ATTENDING_NPI_IN_ROSTER,attending_npi,NPI_NOT_IN_ROSTER,WARNING
f93c5188b53ed03db551a3ea636702e7ef7d16badc2154b061627f53fc6e8dfe,d2882259fc5b91ed3ba1c7e404b9d06b6fad9a7b561c126660f541ee266cbddc,EPIC_NORTH,E6144625,batch_001,encounters_epic_north.csv,490,DISCHARGE_DATE_VALID,discharge_date,DATE_MISSING,WARNING
f9588d75456c8d5a8315e67fc5263c790334b89bf111a38931e328b7dc0e8810,4a6b88b406631143f1ff2d00082e49c12d6cdfd111dd1d36ead2793ac40250ac,EPIC_NORTH,E4419523,batch_001,encounters_epic_north.csv,255,BILLED_AMOUNT_VALID,billed_amount_usd,AMOUNT_PLACEHOLDER,WARNING
f9a72ee3692cd2f6f6eb8375ab98b4e7e176e87ef0c597aef44a62d9dfb4c473,e5e6d7476712df5addba7adb136a728efaa889f11dfd6d7f5949b3591923ab4b,ATHENA_CLINICS,103729,batch_001,encounters_athena_clinics.csv,716,DISCHARGE_DATE_VALID,discharge_date,DATE_MISSING,WARNING
f9b4a1d1f57aefbef9521893956e989fba92133460011e192aee1bde06d4a74d,e07369aaa2297904bd7b59f55f2383750d308a6403503c1ac2e4dc43768fdb95,LEGACY_MEDITECH,122562,batch_001,encounters_legacy_meditech.csv,183,DISCHARGE_DATE_VALID,discharge_date,DATE_MISSING,WARNING
f9ba353fe1402d1d6393952adb2582585b1f80a2ee4662015a5e4bd78da355e5,213ba64a30479c084e274cd1cbdfef182fc6c7de250304dcea683f909e167770,ATHENA_CLINICS,135244,batch_002,encounters_athena_clinics.csv,72,DISCHARGE_DATE_VALID,discharge_date,DATE_MISSING,WARNING
f9c04ff2aec2a13963ab5b5c3a319626532ff1ae13feb4b1534b85b741948e06,f2ea62fa0e3c71c2a7e14d94db4e2924310ad0f796155af856fcec5eccedf331,EPIC_NORTH,E4062864,batch_001,encounters_epic_north.csv,1195,DISCHARGE_DATE_VALID,discharge_date,DATE_MISSING,WARNING
f9d2e971fe9341573f220b1960f6c47224d92902d11f18c89b5a6a0af184a7f3,05e11c19c0735b30da4abb6c1a395d1653def971a9b8c488e140cf0292a40376,EPIC_NORTH,E1842108,batch_002,encounters_epic_north.csv,52,DISCHARGE_DATE_VALID,discharge_date,DATE_MISSING,WARNING
f9ec357774fdb7265fa9292cf0bb46ce46ab74a2afa1db6e1fefbeeb2302d14e,d4250fe99301be7f0b788030d30e801a6d7e01af0eb61f7d56ef4b6a444b8828,EPIC_NORTH,E7351619,batch_001,encounters_epic_north.csv,1267,DISCHARGE_DATE_VALID,discharge_date,DATE_MISSING,WARNING
fa1dd1318e8ee11b5e6489ba47fe482677e4bdbdb69d192f721d88d2aec45155,9e62884e06a44dc14b23257b685cc6b7113d7a06ea2ce7fac08fda6684463297,ATHENA_CLINICS,102691,batch_001,encounters_athena_clinics.csv,529,DISCHARGE_DATE_VALID,discharge_date,DATE_MISSING,WARNING
fa5d2bf92f37c7b8044411eff5b0d09462d32fd6800c640918a66ad5b90dda6c,faeb4f058e8f829932206d135f6ac7c683d418f07ee60dfb5b365733131f4829,EPIC_NORTH,E4200943,batch_001,encounters_epic_north.csv,598,DISCHARGE_DATE_VALID,discharge_date,DATE_MISSING,WARNING
fa98e5a95c3885f01a62b9378a24210ba0320befe426de639b4135b313840612,7d45a874812385490a8175ac43f97a0236d9922a1a2750fe279ea0c1d4e5d038,ATHENA_CLINICS,118046,batch_001,encounters_athena_clinics.csv,974,DISCHARGE_DATE_VALID,discharge_date,DATE_MISSING,WARNING
faceb537558a70df20fc6369f8485ac9ab816da98c210ee5d748a70059631608,70de3c00225ef9b11b6bfc13acdae064a7926238f75167e91933e1a869a0f0aa,ATHENA_CLINICS,114561,batch_001,encounters_athena_clinics.csv,559,AGE_BAND_KNOWN,age_band,AGE_BAND_DOB_UNAVAILABLE,WARNING
faceb537558a70df20fc6369f8485ac9ab816da98c210ee5d748a70059631608,70de3c00225ef9b11b6bfc13acdae064a7926238f75167e91933e1a869a0f0aa,ATHENA_CLINICS,114561,batch_001,encounters_athena_clinics.csv,559,PATIENT_LINKED,patient_link_status,PATIENT_UNLINKED_NO_DOB,WARNING
fbcdbaf51e1c1c349db61c347ff2a83e2c57ae6a481fce6a8e2071d9e16361db,1e616f4ccf6a28057e4f23f47d156b50448cfcefcd38672a7f4fab030faf48e4,EPIC_NORTH,E6926176,batch_001,encounters_epic_north.csv,765,ATTENDING_NPI_VALID,attending_npi,NPI_CHECKSUM_FAILED,WARNING
fbcf449c1252343406d0ef97f8cb29bf0078354c90549ce7668e1c27449c2503,7566d0433a785d2e17484d85d8cb4d463b705bf44ce79791f794675b5387af8b,ATHENA_CLINICS,115552,batch_001,encounters_athena_clinics.csv,643,DISCHARGE_DATE_VALID,discharge_date,DATE_MISSING,WARNING
fbe36cb712ac8d34394cdc0035426a2ff54429bf3eb80d69fcb5eef16001d81f,f8615e331822452f1a8bbf3536cecef0ad21d104c5d14e458661a7da18a8f194,EPIC_NORTH,E8143972,batch_001,encounters_epic_north.csv,331,AGE_BAND_KNOWN,age_band,AGE_BAND_DOB_UNAVAILABLE,WARNING
fbe36cb712ac8d34394cdc0035426a2ff54429bf3eb80d69fcb5eef16001d81f,f8615e331822452f1a8bbf3536cecef0ad21d104c5d14e458661a7da18a8f194,EPIC_NORTH,E8143972,batch_001,encounters_epic_north.csv,331,PATIENT_LINKED,patient_link_status,PATIENT_UNLINKED_NO_DOB,WARNING
fc4268bbdc9dcb1bd57229bfe3a007fde74d401966a42b82cae0b799c681476b,a8602a7f0c26275ea03bf8788ef776969140e91c95d3c04313c710037978daba,ATHENA_CLINICS,103659,batch_001,encounters_athena_clinics.csv,215,DISCHARGE_DATE_VALID,discharge_date,DATE_MISSING,WARNING
fc54e0d08d426e8ef1a65aa8dccec1da33c8d4f19751460ae7c33fe99cc7577e,5b6092461b86c56e80649bf185c7fa6cf4906016c5a7a593d581357e421cec95,ATHENA_CLINICS,102394,batch_001,encounters_athena_clinics.csv,311,DISCHARGE_DATE_VALID,discharge_date,DATE_MISSING,WARNING
fc7c0d40cc6ee5bcb3cc48778f79fba805e4745aaab7c3c494078c53c9ee151c,c3d6211d6506c114c50cdab0fd96f80550059672935282b0680398c269a72146,ATHENA_CLINICS,128830,batch_001,encounters_athena_clinics.csv,994,DISCHARGE_DATE_VALID,discharge_date,DATE_MISSING,WARNING
fc9ff551a10a54d973ad6b2e83ecf42a37b18db608d8b18d5ee731b6966ebc63,dc110402c95f9c209b26396068c9b42fc4eb0ce9fcad663decd55897e3591cdc,ATHENA_CLINICS,125396,batch_001,encounters_athena_clinics.csv,1085,DISCHARGE_DATE_VALID,discharge_date,DATE_MISSING,WARNING
fd1e11f6c0316039ea8c27ee9b5b23c043b4dd593101eb5873a5ef86b299b3d8,f615333182392bcf54a94ee2edf3d29b9135ee7e5c4b578f4501b5a701bdd0a5,LEGACY_MEDITECH,106301,batch_002,encounters_legacy_meditech.csv,19,DISCHARGE_DATE_VALID,discharge_date,DATE_MISSING,WARNING
fd42564ca6d1e21f7c3450781de04a04d96aa7640b0cbc590c91ee10974a23b5,bf40626932a47cfae02d83e8dc4870ddaea82ba7f9c5d218f0ad198d7a4b46e5,EPIC_NORTH,E3373192,batch_001,encounters_epic_north.csv,413,DISCHARGE_DATE_VALID,discharge_date,DATE_MISSING,WARNING
fd7190eb018d723ed59893dd4a8831da07c46cb2d4363b2e4bb1d3a19f1128ab,86c357ac2864b1e8c0d570d3110eb627e9bf1b9ea25adc14a21970639de193d3,ATHENA_CLINICS,124758,batch_003,encounters_athena_clinics.csv,43,DISCHARGE_DATE_VALID,discharge_date,DATE_MISSING,WARNING
fd746f4c68d9bfe6a6d1bb882fcbceb2ee784997da7e9a910a494c222fbca58b,298d1b70b24dfa24db812a98ee182506412135046af78380bc60f27b45422175,EPIC_NORTH,E1581086,batch_001,encounters_epic_north.csv,774,DISCHARGE_DATE_VALID,discharge_date,DATE_MISSING,WARNING
fde32b3022a22ecb7b765dc1c3af76e4ad86bc4c754059a7a98443bbbfa11c9f,23f110cd66e66eaf469852c469388ec6cbfa9ad8bccf3d0d8f10f4d2b859477e,ATHENA_CLINICS,111442,batch_001,encounters_athena_clinics.csv,990,DISCHARGE_DATE_VALID,discharge_date,DATE_MISSING,WARNING
fe092dd20cce0d52b6d4b56346c527f96dc3b4b7b251f9ab66d87a88b58f8d21,783a1d4ef477f2c6dc4738eceb30e0bb3be686db98d1e4ab1a1cc5e34146654a,ATHENA_CLINICS,120080,batch_001,encounters_athena_clinics.csv,267,DISCHARGE_DATE_VALID,discharge_date,DATE_MISSING,WARNING
fe1363230391801d98451deb2d7acd6e42923d70dcd3568ff1f984e7d44dd952,93d99fba94b9cdcaabf0adde1a5722f6de96a0d846014ef50517b04d5fb7be55,ATHENA_CLINICS,129036,batch_001,encounters_athena_clinics.csv,1051,DISCHARGE_DATE_VALID,discharge_date,DATE_MISSING,WARNING
fe5077e32ec019a4918f614ca7699d3b50d8ec511262e5e65f2dbb1229380d8c,5f8bd7cffac72c58894b725fa0b7703982b25f7b5f4cc02d782f768e45cf54fc,ATHENA_CLINICS,103568,batch_001,encounters_athena_clinics.csv,668,DISCHARGE_DATE_VALID,discharge_date,DATE_MISSING,WARNING
fe7ef4824a30d774812b57e39e411629ad06dec52bcdb5c8e9df25ca02226f64,5967af528f63b243e3ca71cf015bd9e94067185074fd782995412e72dc720bdb,LEGACY_MEDITECH,117856,batch_002,encounters_legacy_meditech.csv,15,DISCHARGE_DATE_VALID,discharge_date,DATE_MISSING,WARNING
fe96f6899a7fdf18fd504119da0d6f8faa5cc3618c50fbd123397547250c4d11,cf5a455e55df195cc86833c7b62ce92d41835b91b185c451e8a59bdc7984d8f3,EPIC_NORTH,E9179335,batch_001,encounters_epic_north.csv,128,DISCHARGE_DATE_VALID,discharge_date,DATE_MISSING,WARNING
fea7656d779cb0fd414613cda5441094f837e63920eca52d801927842f90c84f,06ca4cb5481c446cfbf6e769356cf7f2f20d707bb0daf35200b6b750abcd45bb,LEGACY_MEDITECH,113431,batch_003,encounters_legacy_meditech.csv,3,DISCHARGE_DATE_VALID,discharge_date,DATE_MISSING,WARNING
feb011a49e1216a14ff66f056571881e31fcca8ec422112066c5bcfbaad3f521,adee20c331e40adb3ab33ad233ab3a11950312ead22da73274205a0db14726f9,ATHENA_CLINICS,108682,batch_001,encounters_athena_clinics.csv,638,DISCHARGE_DATE_VALID,discharge_date,DATE_MISSING,WARNING
feb9c5ae73dba44009ed0f13c0b78adcf3f64881f54527bee5dd008acad5a911,b2889a45853af2d2c12d68ca4e005b8cdb8413b84055bf2af351814b8d91da79,ATHENA_CLINICS,135616,batch_001,encounters_athena_clinics.csv,676,DISCHARGE_DATE_VALID,discharge_date,DATE_MISSING,WARNING
feb9c5ae73dba44009ed0f13c0b78adcf3f64881f54527bee5dd008acad5a911,b2889a45853af2d2c12d68ca4e005b8cdb8413b84055bf2af351814b8d91da79,ATHENA_CLINICS,135616,batch_001,encounters_athena_clinics.csv,676,PRIMARY_DX_VALID,primary_dx_code,DX_UNPARSEABLE,WARNING
ff618fb540458022081328fd3e3dd716d8334b1fee5b29d73c8c55407b6a0818,2f078fbe7cb4addaa98c4bf1b62d084bc0a8ea9d12624c2dd4aa5810acd3a4bd,ATHENA_CLINICS,124180,batch_001,encounters_athena_clinics.csv,260,DISCHARGE_DATE_VALID,discharge_date,DATE_MISSING,WARNING
ffa32f6d1ec6128a6dd2c93bbd9a59f708ac4c3f29d16cdf29cdf97e9b785994,e051885bf9f46ccab073ff287fa4f74b716f12a97f424e58308dc330cff9ff4e,ATHENA_CLINICS,100644,batch_001,encounters_athena_clinics.csv,69,BILLED_AMOUNT_VALID,billed_amount_usd,AMOUNT_PLACEHOLDER,WARNING
fff440a63c5968fe86e47181ebab04bef9cb493f75a7be2d0f2af6027fb466f8,ce3329240414b847eca9f6eab01516c10debb898e695e828d352817cf875bf49,ATHENA_CLINICS,101733,batch_001,encounters_athena_clinics.csv,385,DISCHARGE_DATE_VALID,discharge_date,DATE_MISSING,WARNING
