source_system,source_record_id,facility_name,patient_mrn,patient_first_name,patient_last_name,patient_dob,patient_sex,patient_zip,patient_phone,admit_date,discharge_date,encounter_type,attending_npi,attending_provider_name,primary_dx_code,chief_complaint,payer_name,billed_amount,claim_status,last_updated_ts
ATHENA_CLINICS,125198,Eastgate Urgent Care,AC1002006,Linda,Jones,10/20/1936,F,54337,(920) 555-0126,2023-04-08,,UC,1652373550,Dr. Nancy Jensen,N39.0,confusion and high fever,MEDICARE PART A,178.79,PAID,2023-04-28 18:57:59
ATHENA_CLINICS,139876,Eastgate Urgent Care,AC1002801,PRIYA,JACKSON,11/15/1950,F,53260,(414) 555-0165,11-11-24,,Urgent Care,1608565176,"Van Dyke, Karen",J02.9,confusion and high fever,Medicare,$471.43,VOIDED,2024-11-25 07:18:39
ATHENA_CLINICS,136520,Eastgate Urgent Care,AC1006202,Nancy,Davis,1971-04-13,F,53243,(920) 555-0188,2024-01-14,,UC,1608565176,"Van Dyke, Karen",N39.0,sore throat and fever,Uninsured,$417.70,Paid,2024-01-27 09:30:28
ATHENA_CLINICS,120496,East Gate Urgent Care,AC1005856,Rajesh,Peterson,"January 23, 1958",M,54392,(414) 555-0189,2024-06-13,"June 13, 2024",UC,1279264513,"Lewis, Sofia","S52.501A - Unspecified fracture of the lower end of right radius, initial encounter for closed fracture",twisted ankle playing basketball,MCR,503.32,PAID,2024-07-01 04:05:34
ATHENA_CLINICS,138014,Eastgate Urgent Care,AC1004003,Joseph,Hernandez,11/18/1983,M,53288,(920) 555-0192,08-17-24,,URGENT CARE,1284352816,"King, Sarah",S52.501A,head injury after a fall,BCBS,USD 228.02,Paid,2024-08-21 18:43:55
ATHENA_CLINICS,138769,Cedar Valley Family Clinic,AC1003651,Thomas,Patel,04/23/1951,M,52075,(563) 555-0116,04/18/2024,04/18/2024,Out Patient,1215711643.0,"Garcia-Lopez, Brian",N39.0,cold symptoms for a week,MEDICARE PART A,PENDING,Cancelled,2024-05-11 06:28:18
ATHENA_CLINICS,108105,SUMMIT RIDGE ORTHOPAEDICS,AC1005122,Ryan,Davis,08/17/1938,M,53249,(262) 555-0129,"September 20, 2024",,,1775003142,Dr. Laura Hall,"M17.11 - Unilateral primary osteoarthritis, right knee",low back pain after lifting,MCR,248.40,PAID,2024-10-12 02:13:16
ATHENA_CLINICS,113675,Summit Ridge Orthopedics,AC1004978,Samuel,Taylor,1948-07-21,M,54189,(920) 555-0197,08-25-23,2023-08-25,Outpatient,1739241960,Dr. William Thomas,M17.0,low back pain after lifting,MEDICARE PART A,$969.94,Void,2023-09-05 14:29:30
ATHENA_CLINICS,132219,Westfield Surgical Center,AC1004596,LUIS,O'BRIEN,1937-08-05,M,52463,(563) 555-0185,05/01/2024,05/01/2024,Urgent Care,1652373550,Dr. Nancy Jensen,J02.9,confusion and high fever,Medicare,$190.96,Closed - Paid,2024-05-06 11:34:29
ATHENA_CLINICS,113590,Summit Ridge Orthopedics,AC1006849,Ana,Thompson,"June 16, 1947",F,53122,(262) 555-0151,2023-01-08,01/08/2023,Out Patient,1062048420,Dr. Paul White,M170,joint stiffness in the morning,MCR,USD 338.95,Paid,2023-01-17 21:13:49
ATHENA_CLINICS,107124,Cedar Valley Family Clinic,AC1007193,Michael,Garcia,"March 1, 1955",M,52088,(563) 555-0108,03/13/2024,,Office Visit,1188357952,Dr. Katherine Nguyen,K21.9,hypertension follow-up,Medicare,663.29,PAID,2024-03-14 01:33:32
ATHENA_CLINICS,138169,Summit Ridge Ortho,AC1006537,Chloe,Jackson,01/25/1986,F,54196,(414) 555-0187,"June 18, 2024",06/18/2024,OP,1739241960,"Thomas, William",S52.501A,"fell on outstretched hand, wrist pain",MEDICAID,402.51,VOIDED,2024-06-24 19:19:28
ATHENA_CLINICS,136552,EASTGATE UC,AC1001789,Olivia,Schultz,1981-11-20,F,54106,(414) 555-0154,2024-11-08,"November 8, 2024",Walk-in Urgent,1608565176,"Van Dyke, Karen",S52.501A,head injury after a fall,MEDICAID,$133.16,PAID,2024-11-18 22:26:31
ATHENA_CLINICS,108821,Cedar Vly Family Clinic,AC1000201,Barbara,O'Brien,"May 11, 1965",F,52482,(319) 555-0126,"December 16, 2023",2023-12-16,OP,1309765828,Dr. Maria Rodriguez,M54.50,knee pain worse on stairs,CIGNA HEALTH,$851.94,Paid,2023-12-27 21:34:02
ATHENA_CLINICS,121060,SUMMIT RIDGE ORTHOPAEDICS,AC1001626,Hannah,Anderson,05/13/1978,F,53734,(920) 555-0180,07-25-23,,Telehealth,1849518380,Dr. Mary Wright,M54.50,joint stiffness in the morning,BCBS,$273.93,Paid in Full,2023-08-13 17:53:40
ATHENA_CLINICS,135268,Summit Ridge Orthopedics,AC1007441,Rajesh,Jones,05/17/1988,M,52020,(319) 555-0116,05/07/2023,,Video Visit,1739241960.0,"Thomas, William",M54.50,low back pain after lifting,AETNA INC,62.80 USD,Closed - Paid,2023-05-17 10:19:16
ATHENA_CLINICS,105537,Cedar Valley Family Clinic,AC1005516,Jennifer,Taylor,02/17/2001,F,52477,(319) 555-0146,03/14/2023,03/14/2023,TELEMED,1352866754,,J06.9,sore throat and fever,Cigna,79.10,DENIED,2023-04-03 18:16:17
ATHENA_CLINICS,133910,Eastgate Urgent Care,AC1003080,Rajesh,Wagner,09/17/1973,M,53763,(262) 555-0108,05/19/2024,,Urgent Care,1284352816,"King, Sarah",S93.401A,"fell on outstretched hand, wrist pain",Medicaid,$244.60,Paid in Full,2024-05-28 11:58:45
ATHENA_CLINICS,100439,Cedar Vly Family Clinic,AC1002540,Ethan,Kowalski,06/05/1942,M,52039,(563) 555-0145,05-19-24,,OP,1309765828,"Rodriguez, Maria",I10,hypertension follow-up,Medicare,1043.71,PAID,2024-06-11 14:25:36
ATHENA_CLINICS,124915,EASTGATE UC,AC1006715,Paul,Lee,1968-06-23,M,53258,(414) 555-0107,"June 5, 2024",,UC,1652373550,"Jensen, Nancy",U071,sore throat and fever,BadgerCare Plus,$223.95,Paid in Full,2024-06-20 01:03:11
ATHENA_CLINICS,130495,Eastgate Urgent Care,AC1002006,Linda,Jones,1936-10-20,F,54337,(920) 555-0126,"January 22, 2023",,URGENT CARE,1652373550,Dr. Nancy Jensen, U07.1 ,burning on urination,MEDICARE PART A,$435.36,Rejected,2023-02-15 21:53:26
ATHENA_CLINICS,101711,Summit Ridge Orthopedics,AC1006849,Ana,Thompson,1947-06-16,F,53122,(262) 555-0151,05-29-24,05-29-24,Office Visit,1062048420,Dr. Paul White,M54.50,joint stiffness in the morning,Medicare - Part B,,Paid in Full,2024-06-09 15:23:55
ATHENA_CLINICS,104773,Eastgate Urgent Care,AC1001564,Laura,Jackson,06/17/1964,F,53118,(608) 555-0183,05/19/2023,05/19/2023,URGENT CARE,1279264513.0,Dr. Sofia Lewis, S93.401A ,"fell on outstretched hand, wrist pain",AETNA INC,213.29,Paid,2023-06-06 14:11:58
ATHENA_CLINICS,132228,Eastgate Urgent Care,AC1004384,Barbara,Garcia-Lopez,06/06/1950,F,53726,(414) 555-0177,07/28/2024,"July 28, 2024",Walk-in Urgent,1284352816,Dr. Sarah King,S52.501A,head injury after a fall,MEDICARE PART A,$ 357.84,PAID,2024-08-16 02:28:34
ATHENA_CLINICS,130647,Cedar Valley Clinic,AC1004646,Ana,Hall,05/16/1988,F,52010,(319) 555-0129,2023-01-15,01-15-23,Office Visit,1215711643,"Garcia-Lopez, Brian",Z00.00,well child visit,State Medicaid Plan,683.62 USD,Paid,2023-02-05 18:12:19
ATHENA_CLINICS,126147,Cedar Valley Family Clinic,AC1001746,Laura,Hernandez,"June 18, 2001",F,52062,(563) 555-0193,"January 16, 2023",,Telehealth,1018051544,Dr. Richard Martinez,J06.9,cold symptoms for a week,State Medicaid Plan,$271.35,PAID,2023-02-03 20:10:40
ATHENA_CLINICS,112538,Summit Ridge Orthopedics,AC1004431,Hannah,White,"June 28, 1996",F,53285,(920) 555-0107,06/10/2023,2023-06-10,Clinic Visit,1775003142,Dr. Laura Hall,S52.501A,head injury after a fall,BCBS,"USD 1,008.53",Paid,2023-06-14 01:05:50
ATHENA_CLINICS,108895,Cedar Valley Family Clinic,AC1007288,Chloe,Garcia-Lopez,12/02/1951,F,52421,(319) 555-0175,2023-08-08,,Virtual,1188357952,"Nguyen, Katherine",U07.1,sore throat and fever,MEDICARE PART A,$104.72,Paid in Full,2023-08-21 13:09:38
ATHENA_CLINICS,128679,Eastgate Urgent Care,AC1005220,Karen,Schultz,11/16/1933,F,54177,(414) 555-0116,00/00/0000,01-12-23,Walk-in Urgent,1279264513,"Lewis, Sofia",U071,sore throat and fever,MCR,489.54,Paid in Full,2023-01-25 03:54:11
ATHENA_CLINICS,130184,EASTGATE UC,AC1002705,Aaron,Nguyen,03/07/1969,M,54129,(262) 555-0118,10/23/2024,10/23/2024,Urgent Care,1608565176,"Van Dyke, Karen", U07.1 ,confusion and high fever,Self Pay,478.04,PAID,2024-11-02 13:44:13
ATHENA_CLINICS,106893,Cedar Valley Family Clinic,AC1001746,Laura,Hernandez,06/18/2001,F,52062,(563) 555-0193,"September 13, 2024",,Office Visit,1309765828,"Rodriguez, Maria",J02.9,sore throat and fever,Medicaid,142.47,Paid,2024-10-02 04:53:44
ATHENA_CLINICS,113228,Summit Ridge Orthopedic Clinic,AC1004341,Emily,Williams,12/05/1968,F,53163,(920) 555-0153,07/06/2024,"July 6, 2024",Telehealth,1849518380,"Wright, Mary",M54.50,knee pain worse on stairs,UnitedHealthcare,$320.65,Paid in Full,2024-07-25 10:47:07
ATHENA_CLINICS,100001,CEDAR VALLEY FAMILY CLINIC,AC1002815,William,Patel,1949-10-27,M,52427,(319) 555-0109,2023-08-21,08/21/2023,Out Patient,1215711643,"Garcia-Lopez, Brian",Z23,well child visit,Medicare - Part B,158.94,Closed - Paid,2023-08-23 03:25:38
ATHENA_CLINICS,102413,Cedar Valley Family Clinic,AC1006992,Hannah,Mueller,07/11/1970,F,52028,(563) 555-0139,02/06/2023,,Video Visit,1844093249,"Lewis, Michael",U07.1,burning on urination,Cigna,188.53,PAID,2023-02-26 03:37:17
ATHENA_CLINICS,104459,Eastgate Urgent Care,AC1003514,Mark,Lopez,1960-10-19,M,54313,(414) 555-0183,10-01-23,10/01/2023,UC,1608565176,"Van Dyke, Karen",N39.0,sore throat and fever,Aetna,USD 351.36,Paid in Full,2023-10-03 18:37:34
ATHENA_CLINICS,130434,Summit Ridge Orthopedics,AC1001897,Daniel,Martin,06/27/1986,M,53241,(262) 555-0108,07/28/2023,2023-07-28,Office Visit,1775003142,Dr. Laura Hall,M17.11,low back pain after lifting,MEDICAID,$ 1869.47,Paid,2023-08-15 21:57:12
ATHENA_CLINICS,109450,Cedar Valley Family Clinic,AC1006992,Hannah,Mueller,"July 11, 1970",F,52028,(563) 555-0139,"February 12, 2023",2023-02-12,OP,1309765828,Dr. Maria Rodriguez,J06.9,fever and cough,Blue Cross Blue Shield,$ 422.25,Paid,2023-03-04 00:16:31
ATHENA_CLINICS,103185,Eastgate Urgent Care,AC1005854,Grace,Wilson,06/30/1971,F,54132,(414) 555-0184,2023-04-26,04/26/2023,Urgent Care,1279264513,"Lewis, Sofia", S93.401A ,twisted ankle playing basketball,Aetna,$ 286.05,PAID,2023-05-08 16:27:02
ATHENA_CLINICS,132529,Summit Ridge Orthopedics,AC1004681,Anthony,Novak,1977-01-18,M,53202,(608) 555-0185,2024-11-02,11/02/2024,Outpatient,1775003142,"Hall, Laura","M17.11 - Unilateral primary osteoarthritis, right knee",joint stiffness in the morning,Medicaid,"$2,644.01",Denied,2024-11-27 16:17:16
ATHENA_CLINICS,100102,East Gate Urgent Care,AC1004141,Emily,Novak,"April 17, 1984",F,53798,(608) 555-0148,"November 22, 2023",,TELEMED,1279264513,Dr. Sofia Lewis,j06.9,fever and cough,MEDICAID,$286.53,Closed - Paid,2023-12-14 00:25:45
ATHENA_CLINICS,125278,Eastgate Urgent Care,AC1007139,Emily,Harris,"September 12, 1955",F,54123,(414) 555-0165,01-04-23,,URGENT CARE,1652373550,Dr. Nancy Jensen,U07.1,sore throat and fever,MCR,459.47,DENIED,2023-01-26 06:40:18
ATHENA_CLINICS,132449,Summit Ridge Orthopedics,AC1000731,Sarah,Hernandez,1997-03-22,F,53714,(920) 555-0189,01-12-23,01/12/2023,Video Visit,1775003142,"Hall, Laura",M5450,knee pain worse on stairs,Blue Cross Blue Shield,239.58,Paid,2023-01-29 14:24:21
ATHENA_CLINICS,124001,Eastgate Urgent Care,AC1005259,Ana,Patel,1976-05-15,F,53181,(262) 555-0137,"December 8, 2023",,URGENT CARE,1608565176,Dr. Karen Van Dyke,s93.401a,head injury after a fall,MEDICAID,USD 450.68,Paid in Full,2023-12-23 01:39:28
ATHENA_CLINICS,117253,CEDAR VALLEY FAMILY CLINIC,AC1000664,Joshua,Harris,"December 28, 1980",M,52052,(319) 555-0169,"April 13, 2023",04/13/2023,Office Visit,1215711643,Dr. Brian Garcia-Lopez,I10,headache with elevated blood pressure,Aetna,$ 870.83,Denied,2023-04-29 04:12:53
ATHENA_CLINICS,121959,Eastgate Urgent Care,AC1003420,Richard,Kim,03/28/1989,M,53703,(262) 555-0188,2023-01-19,,UC,1608565176,"Van Dyke, Karen",S93.401A,head injury after a fall,Aetna,$321.43,Paid in Full,2023-01-29 19:47:08
ATHENA_CLINICS,102380,Summit Ridge Orthopedics,AC1006585,Robert,Garcia-Lopez,07/23/1956,M,53772,(262) 555-0181,2024-02-30,2023-02-20,Outpatient,1739241960,"Thomas, William",S93.401A,"fell on outstretched hand, wrist pain",Blue Cross Blue Shield,1842.32,PAID,2023-03-05 19:16:24
ATHENA_CLINICS,109283,Summit Ridge Orthopedics,AC1002233,Karen,Davis,"September 23, 1970",F,53152,(262) 555-0118,2023-06-12,06/12/2023,Outpatient,1062048420,Dr. Paul White, S52.501A ,"fell on outstretched hand, wrist pain",BCBS,$949.41,PAID,2023-07-05 08:33:54
ATHENA_CLINICS,103580,Eastgate Urgent Care,AC1004199,Aaron,Anderson,09/06/1957,M,53760,(608) 555-0172,02-11-24,,Walk-in Urgent,1279264513,"Lewis, Sofia",N39.0,confusion and high fever,Medicare - Part B,USD 349.88,PAID,2024-02-26 00:15:30
ATHENA_CLINICS,120231,Cedar Vly Family Clinic,AC1004886,Chloe,Patel,1964-03-02,F,52483,(563) 555-0188,2023-04-30,"April 30, 2023",Office Visit,1309765828,Dr. Maria Rodriguez,E119,confusion with very high glucose,Cigna,388.79,Paid,2023-05-04 12:57:44
ATHENA_CLINICS,112212,Summit Ridge Orthopedics,AC1001543,Aaron,Kowalski,"October 29, 1961",M,53770,(262) 555-0133,06/07/2023,,Office Visit,1739241960,"Thomas, William",S52.501A,"fell on outstretched hand, wrist pain",CIGNA HEALTH,2304.38,PAID,2023-06-09 14:30:26
ATHENA_CLINICS,116704,Cedar Vly Family Clinic,AC1005516,Jennifer,Taylor,02/17/2001,F,52477,(319) 555-0146,2024-11-30,2024-11-30,Outpatient,1844093249,"Lewis, Michael",J45.909,asthma flare after a cold,CIGNA HEALTH,1535.48,Submitted,2024-12-15 03:46:53
ATHENA_CLINICS,115623,Eastgate Urgent Care,AC1006699,Katherine,Mueller,1989-11-09,F,53116,(262) 555-0121,10-08-24,,URGENT CARE,1279264513,Dr. Sofia Lewis, J06.9 ,confusion and high fever,Self Pay,403.04,Paid,2024-10-10 23:02:36
ATHENA_CLINICS,110079,EASTGATE UC,AC1004609,Minh,Williams,04/04/1982,M,54335,(920) 555-0193,2023-02-02,02/02/2023,Urgent Care,1652373550,"Jensen, Nancy",J06.9,sore throat and fever,UHC,$557.44,Closed - Paid,2023-02-15 21:46:49
ATHENA_CLINICS,135545,SUMMIT RIDGE ORTHOPAEDICS,AC1001626,Hannah,Anderson,"May 13, 1978",F,53734,(920) 555-0180,2023-12-05,,Telehealth,1849518380,Dr. Mary Wright,M54.50,knee pain worse on stairs,Cigna,$ 173.06,Paid in Full,2023-12-29 08:29:28
ATHENA_CLINICS,100862,East Gate Urgent Care,AC1001559,James,Davis,11/13/1961,M,54321,(608) 555-0138,08/04/2023,08-04-23,URGENT CARE,1279264513,"Lewis, Sofia",N39.0,confusion and high fever,Uninsured,$195.12,Paid,2023-08-13 18:13:55
ATHENA_CLINICS,111307,CEDAR VALLEY FAMILY CLINIC,AC1006009,Minh,Kowalski,1957-05-13,M,52044,(319) 555-0185,2023-10-04,,Out Patient,1018051544,Dr. Richard Martinez,J06.9,burning on urination,Blue Cross Blue Shield,136.84,Closed - Paid,2023-10-06 21:15:36
ATHENA_CLINICS,111611,Summit Ridge Orthopedics,AC1003946,Noah,Harris,12/20/1994,M,54149,(920) 555-0100,03-12-24,2024-03-12,Outpatient,1849518380,"Wright, Mary",M25.561 - Pain in right knee,knee pain worse on stairs,SELFPAY,$545.31,Paid,2024-04-05 23:03:29
ATHENA_CLINICS,128111,Eastgate Urgent Care,AC1000125,Sofia,Van Dyke,10/27/1959,F,53224,(920) 555-0106,06-07-23,"June 7, 2023",URGENT CARE,1279264513,Dr. Sofia Lewis, R51.9 ,chest pain,Blue Cross Blue Shield,$383.06  ,Rejected,2023-06-08 10:02:10
ATHENA_CLINICS,104463,Summit Ridge Orthopedics,AC1003681,Hannah,Walker,1955-01-30,F,54154,(920) 555-0166,02/15/2023,02/15/2023,OP,1849518380,"Wright, Mary",M17.11,joint stiffness in the morning,SELFPAY,USD 655.80,PAID,2023-03-03 10:27:30
ATHENA_CLINICS,128340,Summit Ridge Ortho,AC1003603,Luis,Davis,"September 20, 1931",M,53196,(262) 555-0114,2024-01-28,2024-01-28,Clinic Visit,1062048420,Dr. Paul White,M17.11,knee pain worse on stairs,Medicare - Part B,$419.00,Closed - Paid,2024-01-30 08:13:08
ATHENA_CLINICS,134806,Eastgate Urgent Care Center,AC1006382,Linda,Lee,05/04/1958,F,54368,(920) 555-0128,02-21-23,2023-02-21,URGENT CARE,1279264513,"Lewis, Sofia",J029,cold symptoms for a week,Medicare,162.99,Paid in Full,2023-02-22 16:14:00
ATHENA_CLINICS,136078,Summit Ridge Ortho,AC1005853,Rajesh,Schmidt,03/04/1964,M,53286,(262) 555-0127,"November 28, 2024","November 28, 2024",Video Visit,1472855687,Dr. Joseph Schmidt,M5450,low back pain after lifting,Workers Comp,$186.29,In Process,2024-12-16 16:25:31
ATHENA_CLINICS,104916,Cedar Valley Family Clinic,AC1004382,Linda,Harris,1952-04-25,F,52498,(563) 555-0167,2023-04-13,,Out Patient,1844093249,Dr. Michael Lewis,J02.9,sore throat and fever,BCBS,486.99,PAID,2023-04-14 05:43:10
ATHENA_CLINICS,104097,EASTGATE UC,AC1005229,Hannah,Hall,1990-11-12,F,53153,(920) 555-0188,03/10/2023,2023-03-10,Walk-in Urgent,1608565176,Dr. Karen Van Dyke,N39.0,burning on urination,UnitedHealthcare,439.80,Paid,2023-03-21 09:17:31
ATHENA_CLINICS,114039,Cedar Vly Family Clinic,AC1007041,Aaron,Nguyen,12/15/1970,M,52414,(319) 555-0163,"June 3, 2023",,Outpatient,1188357952,"Nguyen, Katherine",j44.9,increased cough and wheezing,State Medicaid Plan,$ 155.15,Paid in Full,2023-06-24 05:42:41
ATHENA_CLINICS,113264,Summit Ridge Orthopedic Clinic,AC1001262,Nancy,Rodriguez,11/04/1957,F,54305,(414) 555-0110,01/25/2023,2023-01-25,Office Visit,1775003142,Dr. Laura Hall,M1711,low back pain after lifting,MCR,"$3,371.63",Paid,2023-02-13 20:13:55
ATHENA_CLINICS,123011,EASTGATE UC,AC1003514,Mark,Lopez,1960-10-19,M,54313,(414) 555-0183,"July 12, 2023",2023-07-12,Virtual,1608565176,"Van Dyke, Karen",j06.9,pt Mark Lopez reports fever and cough,Aetna,$ 61.83,PAID,2023-07-25 22:15:54
ATHENA_CLINICS,138079,Summit Ridge Orthopedics,AC1001262,Nancy,Rodriguez,11/04/1957,F,54305,(414) 555-0110,2023-05-07,,Outpatient,1062048420,"White, Paul",M54.50,knee pain worse on stairs,Medicare,"$1,475.56",Paid in Full,2023-05-25 10:35:56
ATHENA_CLINICS,100644,Summit Ridge Orthopedic Clinic,AC1007099,Rebecca,Clark,1948-06-04,F,54174,(262) 555-0184,04-12-24,"April 12, 2024",Office Visit,1849518380.0,"Wright, Mary",M25.561,joint stiffness in the morning,Workers Comp,N/A,PAID,2024-04-28 16:22:29
ATHENA_CLINICS,122937,Summit Ridge Orthopedics,AC1005707,AARON,RODRIGUEZ,06/04/1959,M,54104,(608) 555-0117,08/14/2024,,Outpatient,1062048420,Dr. Paul White,"S52.501A - Unspecified fracture of the lower end of right radius, initial encounter for closed fracture",twisted ankle playing basketball,AETNA INC,$519.44,Closed - Paid,2024-08-24 07:50:17
ATHENA_CLINICS,133985,CEDAR VALLEY FAMILY CLINIC,AC1005877,Joseph,Johnson,04/22/1948,M,52479,(563) 555-0126,01/29/2024,,Office Visit,1844093249,Dr. Michael Lewis,N39.0,cold symptoms for a week,Medicare - Part B,"$1,919.75",Paid in Full,2024-02-16 20:01:16
ATHENA_CLINICS,136682,Eastgate Urgent Care,AC1003288,Samuel,Johnson,05/07/1988,M,53737,(920) 555-0108,05/07/2024,05/07/2024,Virtual,1652373550.0,Dr. Nancy Jensen,J06.9,confusion and high fever,IA Medicaid,$95.89,Denied,2024-05-29 16:18:21
ATHENA_CLINICS,133319,Summit Ridge Orthopedics,AC1003971,Linda,Smith,02/08/1961,F,53780,(920) 555-0196,01/31/2024,,OP,1062048420,Dr. Paul White,M25.561,knee pain worse on stairs,State Medicaid Plan,2113.27,Closed - Paid,2024-02-08 18:00:37
ATHENA_CLINICS,101869,Eastgate Urgent Care Center,AC1007028,David,Miller,1966-08-05,M,54344,(414) 555-0149,11/09/2023,11/09/2023,Walk-in Urgent,1652373550,"Jensen, Nancy",J06.9,burning on urination,Uninsured,$139.62,Closed - Paid,2023-11-13 16:48:37
ATHENA_CLINICS,136298,Cedar Valley Clinic,AC1003554,EMILY,DAVIS,"March 27, 1954",F,52457,(563) 555-0144,2024-07-09,,Outpatient,1018051544,"Martinez, Richard",E11.9,numbness in both feet,Medicare - Part B,"$1,553.75  ",Paid in Full,2024-07-14 08:10:16
ATHENA_CLINICS,117429,Cedar Valley Family Clinic,AC1002483,William,Wright,1968-01-05,M,52060,(319) 555-0147,2023-08-04,,Telehealth,1018051544,"Martinez, Richard",G47.33,fever and cough,State Medicaid Plan,USD 225.72,Paid in Full,2023-08-24 10:17:40
ATHENA_CLINICS,101537,Cedar Valley Family Clinic,AC1005591,Matthew,Miller,12/08/1964,M,52478,(563) 555-0132,07/12/2024,,Outpatient,1844093249,"Lewis, Michael",J44.9,"short of breath, using rescue inhaler more often",BCBS,$184.65,Paid in Full,2024-08-06 19:59:19
ATHENA_CLINICS,135878,EASTGATE UC,AC1002451,Rajesh,Schmidt,03/19/1990,M,54330,(608) 555-0190,06/22/2023,2023-06-22,Walk-in Urgent,1652373550,"Jensen, Nancy",U07.1,confusion and high fever,Aetna,$423.78,Paid in Full,2023-07-11 00:12:55
ATHENA_CLINICS,120889,Eastgate Urgent Care,AC1005291,Omar,Walker,1944-04-04,M,53270,(262) 555-0117,"November 23, 2023",,Walk-in Urgent,1279264513,"Lewis, Sofia",J02.9,fever and cough,Medicare,$208.35,Closed - Paid,2023-12-14 03:11:15
ATHENA_CLINICS,135168,Eastgate Urgent Care,AC1000849,Matthew,Lee,1983-06-03,M,53728,(920) 555-0180,08-13-23,,UC,1652373550,"Jensen, Nancy",N39.0,fever and cough,Aetna,$425.70,Paid in Full,2023-08-22 01:37:19
ATHENA_CLINICS,117935,Eastgate Urgent Care Center,AC1006448,Kevin,Peterson,05/27/1971,M,53243,(920) 555-0117,2024-08-20,,URGENT CARE,1279264513,"Lewis, Sofia", J06.9 ,sore throat and fever,SELFPAY,$150.84,Paid in Full,2024-08-28 19:05:07
ATHENA_CLINICS,116930,CEDAR VALLEY FAMILY CLINIC,AC1005516,Jennifer,Taylor,2001-02-17,F,52477,(319) 555-0146,03/19/2023,,Outpatient,1018051544,Dr. Richard Martinez,UNKNOWN,flu shot,UnitedHealthcare,418.17 USD,Rejected,2023-03-30 08:19:42
ATHENA_CLINICS,121190,Eastgate Urgent Care,AC1000803,Minh,Jensen,1965-12-09,M,53140,(414) 555-0109,2023-07-01,07/01/2023,URGENT CARE,1608565176.0,"Van Dyke, Karen",J06.9,confusion and high fever,Tricare,168.85,Paid in Full,2023-07-21 12:47:21
ATHENA_CLINICS,123969,Summit Ridge Orthopedics,AC1001592,Minh,Jensen,1976-02-26,M,53104,(414) 555-0166,05/28/2023,,Out Patient,1775003142,Dr. Laura Hall,M17.11,low back pain after lifting,AETNA INC,1962.99,PAID,2023-06-13 22:51:42
ATHENA_CLINICS,113614,Eastgate Urgent Care Center,AC1004199,Aaron,Anderson,09/06/1957,M,53760,(608) 555-0172,2024-05-09,05/09/2024,Urgent Care,1279264513,"Lewis, Sofia",s93.401a,twisted ankle playing basketball,Medicare,$497.46,Closed - Paid,2024-05-22 10:55:29
ATHENA_CLINICS,104370,Cedar Valley Family Clinic,AC1004692,Richard,Jackson,"June 17, 1949",M,52416,(563) 555-0145,08-18-23,"August 18, 2023",Virtual,1443256882,Dr. Michael Garcia,J06.9,cold symptoms for a week,MEDICARE PART A,133.91,Paid in Full,2023-08-19 21:28:57
ATHENA_CLINICS,139755,EASTGATE UC,AC1004317,Brian,Peterson,08/13/1958,M,53208,(920) 555-0183,06/11/2023,,URGENT CARE,1608565176,"Van Dyke, Karen",S93401A,head injury after a fall,Medicare,USD 214.43,Paid,2023-06-24 10:34:14
ATHENA_CLINICS,117148,EASTGATE UC,AC1006436,Jennifer,Harris,1999-01-25,F,54183,(414) 555-0174,09/16/2023,,Walk-in Urgent,1279264513,Dr. Sofia Lewis,j02.9,confusion and high fever,UnitedHealthcare,147.22,Paid,2023-10-02 03:36:21
ATHENA_CLINICS,110594,Cedar Valley Family Clinic,AC1000664,Joshua,Harris,12/28/1980,M,52052,(319) 555-0169,08/18/2023,2023-08-18,Video Visit,1018051544,"Martinez, Richard",I10,blood pressure check,Blue Cross Blue Shield,93.02,Paid in Full,2023-09-01 03:41:24
ATHENA_CLINICS,127319,CEDAR VALLEY FAMILY CLINIC,AC1002292,Noah,Larson,"April 6, 1960",M,52414,(319) 555-0127,09/09/2023,2023-09-09,Clinic Visit,1443256882,"Garcia, Michael",j44.9,increased cough and wheezing,Aetna,"USD 1,026.91",DENIED,2023-09-27 07:13:07
ATHENA_CLINICS,102353,Eastgate Urgent Care,AC1006715,Paul,Lee,1968-06-23,M,53258,(414) 555-0107,"January 30, 2024",01/30/2024,URGENT CARE,1284352816,"King, Sarah",N39.0,cold symptoms for a week,MEDICAID,$197.80  ,PAID,2024-02-11 16:42:23
ATHENA_CLINICS,101794,Eastgate Urgent Care,AC1003812,Chloe,Hernandez,10/07/1957,F,54178,(414) 555-0134,06/23/2024,06/23/2024,UC,1608565176.0,"Van Dyke, Karen",s52.501a,"fell on outstretched hand, wrist pain",MCR,329.20 USD,Denied,2024-06-27 05:58:37
ATHENA_CLINICS,115707,EASTGATE UC,AC1000125,Sofia,Van Dyke,10/27/1959,F,53224,(920) 555-0106,10/11/2023,2023-10-11,Urgent Care,1652373550,Dr. Nancy Jensen,R51.9,fever for two days,CIGNA HEALTH,USD 477.52,Paid,2023-10-26 21:53:29
ATHENA_CLINICS,119641,Cedar Valley Family Clinic,AC1004379,Kevin,White,"April 12, 1953",M,52443,(563) 555-0133,09-27-24,,Office Visit,1188357952,"Nguyen, Katherine",Z23,well child visit,MCR,$ 178.93,Paid in Full,2024-10-11 13:26:05
ATHENA_CLINICS,115044,Summit Ridge Orthopedics,AC1001548,Joshua,Wagner,07/16/1937,M,53291,(414) 555-0144,2023-12-16,,Clinic Visit,1062048420,"White, Paul",M25561,low back pain after lifting,Medicare,855.97 USD,Paid,2023-12-22 20:31:09
ATHENA_CLINICS,127687,Cedar Vly Family Clinic,AC1004538,Karen,Nguyen,1956-10-25,F,52492,(319) 555-0123,2023-08-15,,Office Visit,1188357952,"Nguyen, Katherine",N18.4,dialysis follow-up,MEDICARE PART A,USD 881.52,Closed - Paid,2023-08-22 19:17:45
ATHENA_CLINICS,131191,Eastgate Urgent Care,AC1004387,Kevin,King,"May 7, 1970",M,53109,(920) 555-0183,12/23/2023,,URGENT CARE,1279264513,"Lewis, Sofia",S93.401A,twisted ankle playing basketball,MEDICAID,USD 459.60,Paid,2024-01-01 09:40:07
ATHENA_CLINICS,131891,Cedar Valley Family Clinic,AC1001874,Ryan,Patel,1981-12-08,M,52470,(563) 555-0115,2023-01-17,,Virtual,1018051544,Dr. Richard Martinez,N18.4,kidney function review,UnitedHealthcare,$207.43,Paid,2023-01-18 15:33:43
ATHENA_CLINICS,124690,CEDAR VALLEY FAMILY CLINIC,AC1001290,Hannah,Nelson,10/10/1962,F,52072,(319) 555-0103,"November 5, 2023",,Virtual,1188357952,"Nguyen, Katherine",F411,anxiety and panic episodes,AETNA INC,USD 100.63,DENIED,2023-11-30 19:00:21
ATHENA_CLINICS,113045,Summit Ridge Orthopedics,AC1002689,Grace,Moore,07/09/1966,F,53280,(608) 555-0116,11/25/2023,2023-11-25,OP,1062048420,"White, Paul",M17.11,low back pain after lifting,self-pay,"$1,361.50",PAID,2023-12-08 04:38:35
ATHENA_CLINICS,108000,Summit Ridge Orthopedics,AC1004050,Aaron,Nelson,07/27/1998,M,53790,(608) 555-0113,"March 9, 2023",2023-03-09,Telehealth,1739241960,"Thomas, William",M17.11,joint stiffness in the morning,BCBS,USD 152.34,Paid in Full,2023-03-26 22:52:26
ATHENA_CLINICS,139273,SUMMIT RIDGE ORTHOPAEDICS,AC1002689,Grace,Moore,1966-07-09,F,53280,(608) 555-0116,2024-06-12,,Out Patient,1775003142,"Hall, Laura","S93.401A - Sprain of unspecified ligament of right ankle, initial encounter",head injury after a fall,SELFPAY,$2.07K,DENIED,2024-06-27 10:35:35
ATHENA_CLINICS,114177,Eastgate Urgent Care,AC1004387,Kevin,King,05/07/1970,M,53109,(920) 555-0183,04/09/2023,,TELEMED,1608565176,"Van Dyke, Karen",U07.1,sore throat and fever,State Medicaid Plan,$71.98,Paid,2023-04-18 14:32:18
ATHENA_CLINICS,103089,Summit Ridge Orthopedic Clinic,AC1001661,JOSHUA,JACKSON,09/11/1980,M,53102,(262) 555-0115,"September 18, 2024",2024-09-18,Outpatient,1062048420,"White, Paul",S52501A,head injury after a fall,Aetna,3762.41,Paid,2024-09-24 06:13:27
ATHENA_CLINICS,105597,Cedar Valley Family Clinic,AC1006167,Jacob,Martinez,1948-08-31,M,52497,(563) 555-0180,2023-10-21,2023-10-21,Office Visit,1844093249,"Lewis, Michael",e10.9,confusion with very high glucose,Medicare,USD 218.07,PAID,2023-10-30 19:51:07
ATHENA_CLINICS,100920,Eastgate Urgent Care,AC1003225,PAUL,OLSON,"May 11, 1964",M,53139,(608) 555-0163,2024-08-16,,Urgent Care,1608565176,Dr. Karen Van Dyke,U07.1 - COVID-19,fever and cough,UHC,USD 417.71,PAID,2024-08-24 12:08:41
ATHENA_CLINICS,100915,Summit Ridge Orthopedics,AC1001941,Katherine,Martinez,1940-05-27,F,54134,(608) 555-0120,"October 29, 2023","October 29, 2023",OP,1849518380,"Wright, Mary",M5450,knee pain worse on stairs,Medicare - Part B,"$2,503.38",PAID,2023-11-18 20:17:15
ATHENA_CLINICS,122598,Eastgate Urgent Care,AC1003225,PAUL,OLSON,1964-05-11,M,53139,(608) 555-0163,02/22/2023,02/22/2023,Video Visit,1284352816,"King, Sarah",U07.1,cold symptoms for a week,BCBS,$283.73,Paid,2023-03-15 07:57:34
ATHENA_CLINICS,122725,Cedar Valley Family Clinic,AC1003858,Barbara,Hernandez,1961-12-17,F,52426,(319) 555-0157,"February 7, 2024",,OP,1215711643.0,"Garcia-Lopez, Brian",I10,blood pressure check,MCR,477.54,Paid,2024-02-18 08:08:17
ATHENA_CLINICS,125376,Summit Ridge Orthopedics,AC1002689,Grace,Moore,07/09/1966,F,53280,(608) 555-0116,10-08-24,10-08-24,Out Patient,1472855687,Dr. Joseph Schmidt,M25.561,joint stiffness in the morning,SELFPAY,"$1,553.88  ",Paid in Full,2024-10-14 22:07:54
ATHENA_CLINICS,126629,Cedar Valley Family Clinic,AC1004597,Sofia,Jensen,03/02/1966,F,52080,(563) 555-0136,"October 21, 2023",10/21/2023,Clinic Visit,1215711643,Dr. Brian Garcia-Lopez,J029,sore throat and fever,Aetna,247.81,Paid in Full,2023-10-24 07:05:53
ATHENA_CLINICS,133769,Cedar Valley Family Clinic,AC1004379,Kevin,White,04/12/1953,M,52443,(563) 555-0133,02-02-23,2023-02-02,Video Visit,1215711643,"Garcia-Lopez, Brian",F41.1,increased agitation and racing thoughts,Medicare - Part B,323.54,Rejected,2023-02-23 21:36:51
ATHENA_CLINICS,105982,Summit Ridge Orthopedics,AC1001548,Joshua,Wagner,"July 16, 1937",M,53291,(414) 555-0144,2024-10-29,,Outpatient,1739241960,"Thomas, William",M54.50,knee pain worse on stairs,MEDICARE PART A,704.99 USD,Closed - Paid,2024-11-21 06:23:10
ATHENA_CLINICS,114152,Cedar Valley Family Clinic,AC1002735,Mary,Moore,1954-01-27,F,52006,(563) 555-0124,11/04/2023,,Office Visit,1215711643,"Garcia-Lopez, Brian",N18.6,dialysis follow-up,BCBS,$322.30,Paid in Full,2023-11-23 15:33:37
ATHENA_CLINICS,131150,Eastgate Urgent Care,AC1001157,Michelle,Thompson,1998-07-04,F,54366,(920) 555-0106,09/10/2024,"September 10, 2024",UC,1608565176,"Van Dyke, Karen",J06.9,sore throat and fever,State Medicaid Plan,129.57 USD,DENIED,2024-09-26 15:07:01
ATHENA_CLINICS,109543,Summit Ridge Orthopedics,AC1004978,Samuel,Taylor,1948-07-21,M,54189,(920) 555-0197,11/29/2023,2023-11-29,Office Visit,1849518380,"Wright, Mary", M17.11 ,joint stiffness in the morning,Medicare - Part B,"$1,177.86",Void,2023-12-06 05:07:19
ATHENA_CLINICS,105859,Eastgate Urgent Care,AC1006382,Linda,Lee,1958-05-04,F,54368,(920) 555-0128,2024-03-23,03/23/2024,Walk-in Urgent,1279264513,"Lewis, Sofia",R51.9,abdominal pain since morning,Medicare,$259.89  ,DENIED,2024-04-10 11:17:59
ATHENA_CLINICS,102056,Eastgate Urgent Care,AC1002580,Laura,Young,06/26/1969,F,53263,(920) 555-0134,2023-01-15,2023-01-15,UC,1652373550,"Jensen, Nancy",U07.1,cold symptoms for a week,BCBS,$184.98,Paid,2023-01-19 08:09:44
ATHENA_CLINICS,120091,EASTGATE UC,AC1004287,Michael,Jackson,03/04/1964,M,54309,(608) 555-0109,06/14/2023,2023-06-14,UC,1652373550,"Jensen, Nancy", U07.1 ,confusion and high fever,AETNA INC,$192.46,Paid in Full,2023-06-17 19:53:14
ATHENA_CLINICS,107065,CEDAR VALLEY FAMILY CLINIC,AC1005467,Mark,White,"January 14, 1988",M,52027,(563) 555-0100,2024-01-16,"January 16, 2024",OP,1018051544.0,"Martinez, Richard",M5450,knee pain worse on stairs,MEDICAID,"1,381.39 USD",Closed - Paid,2024-01-31 13:15:21
ATHENA_CLINICS,106179,Summit Ridge Ortho,AC1001116,Andrew,Clark,"February 5, 1939",M,53157,(608) 555-0189,12/10/2023,,Outpatient,1739241960,Dr. William Thomas,S93.401A,head injury after a fall,MEDICARE PART A,USD 570.52,Closed - Paid,2023-12-31 05:26:34
ATHENA_CLINICS,113122,Eastgate Urgent Care,AC1006382,Linda,Lee,05/04/1958,F,54368,(920) 555-0128,11/02/2024,,UC,1284352816,"King, Sarah",J02.9,fever and cough,MCR,$251.90,Paid,2024-11-06 03:18:48
ATHENA_CLINICS,103284,Summit Ridge Orthopedics,AC1003359,Jennifer,O'Brien,1948-08-15,F,53123,(608) 555-0161,01-19-23,,Outpatient,1849518380,"Wright, Mary",M17.0,low back pain after lifting,Medicare - Part B,1711.56,PAID,2023-01-24 01:19:19
ATHENA_CLINICS,111710,Cedar Valley Family Clinic,AC1006735,Karen,Brown,05/04/1958,F,52486,(563) 555-0170,05/31/2024,05/31/2024,Clinic Visit,1844093249,Dr. Michael Lewis,I50.22 - Chronic systolic (congestive) heart failure,"heart failure follow-up, fluid tablets review",MEDICARE PART A,"$1,698.99",Paid in Full,2024-06-20 06:20:25
ATHENA_CLINICS,132055,Cedar Valley Clinic,AC1000043,AARON,OLSON,09/09/1968,M,52093,(319) 555-0191,02/16/2024,,Clinic Visit,1215711643,"Garcia-Lopez, Brian",j02.9,sore throat and fever,CIGNA HEALTH,393.01,PAID,2024-02-26 21:16:26
ATHENA_CLINICS,128133,Eastgate Urgent Care,AC1000955,Joshua,Harris,08/13/1987,M,53162,(262) 555-0152,06/12/2023,06-12-23,Urgent Care,1279264513,Dr. Sofia Lewis,S93.401A,head injury after a fall,Workers Comp,$342.79,Cancelled,2023-06-24 22:03:13
ATHENA_CLINICS,139746,Summit Ridge Orthopedics,AC1006044,Sandra,Hoffman,"February 23, 1999",F,54150,(608) 555-0100,2023-07-18,2023-07-18,Video Visit,1775003142,"Hall, Laura",M54.50,knee pain worse on stairs,CIGNA HEALTH,170.61,Paid in Full,2023-08-02 03:57:11
ATHENA_CLINICS,102361,EASTGATE UC,AC1000871,Kevin,Schultz,1957-12-14,M,53733,(414) 555-0182,"June 2, 2024",,Walk-in Urgent,1284352816,"King, Sarah", N39.0 ,sore throat and fever,Medicare,$240.41,VOIDED,2024-06-05 08:46:38
ATHENA_CLINICS,138328,Eastgate Urgent Care,AC1005995,Grace,Patel,1946-11-17,F,54383,(920) 555-0138,09/25/2023,,Urgent Care,1652373550,"Jensen, Nancy",N39.0,fever and cough,Aetna,$180.76,Paid,2023-10-16 07:24:09
ATHENA_CLINICS,135032,Eastgate Urgent Care,AC1006715,Paul,Lee,06/23/1968,M,53258,(414) 555-0107,12/13/2023,12/13/2023,URGENT CARE,1652373550,"Jensen, Nancy",R519,fever for two days,IA Medicaid,$409.52,Closed - Paid,2024-01-04 09:49:03
ATHENA_CLINICS,109831,Cedar Valley Clinic,AC1005731,Lisa,King,10/15/1973,F,52058,(319) 555-0115,2023-08-02,,Out Patient,1018051544,Dr. Richard Martinez,Z23,annual physical,BCBS,$164.37,Closed - Paid,2023-08-18 07:28:29
ATHENA_CLINICS,128491,East Gate Urgent Care,AC1004467,Mark,Smith,"January 28, 1954",M,53118,(262) 555-0127,05/28/2023,,Urgent Care,1652373550,"Jensen, Nancy",N39.0,fever and cough,Medicare - Part B,USD 137.48,Paid,2023-06-02 21:07:52
ATHENA_CLINICS,101967,Eastgate Urgent Care,AC1000854,Paul,Thompson,10/17/1977,M,53118,(262) 555-0159,2024-01-05,,Urgent Care,1284352816,"King, Sarah",J06.9,fever and cough,BCBS,529.58,Cancelled,2024-01-11 11:18:31
ATHENA_CLINICS,112039,East Gate Urgent Care,AC1007399,Linda,Hoffman,"August 7, 1976",F,53144,(608) 555-0103,12/26/2023,2023-12-26,Urgent Care,1284352816,Dr. Sarah King, S93.401A ,"fell on outstretched hand, wrist pain",self-pay,$246.71  ,DENIED,2024-01-06 16:01:07
ATHENA_CLINICS,122132,CEDAR VALLEY FAMILY CLINIC,AC1004886,Chloe,Patel,1964-03-02,F,52483,(563) 555-0188,2023-08-11,,Virtual,1188357952,"Nguyen, Katherine",J06.9,fever and cough,UnitedHealthcare,105.63,Paid in Full,2023-09-05 14:38:37
ATHENA_CLINICS,109845,Cedar Valley Family Clinic,AC1007116,Olivia,Van Dyke,07/06/1970,F,52023,(319) 555-0188,01/18/2023,01/18/2023,Clinic Visit,1443256882,Dr. Michael Garcia,I10,blood pressure check,Aetna,2388.47,Paid in Full,2023-02-08 21:41:55
ATHENA_CLINICS,131596,Cedar Valley Family Clinic,AC1006293,Laura,Walker,1993-01-13,F,52069,(319) 555-0169,08/27/2024,08-27-24,Out Patient,1443256882.0,Dr. Michael Garcia,M54.50,joint stiffness in the morning,N/A,$327.83,Paid in Full,2024-09-03 20:53:27
ATHENA_CLINICS,117138,Cedar Valley Family Clinic,AC1004596,LUIS,O'BRIEN,1937-08-05,M,52463,(563) 555-0185,"June 30, 2023",,OP,1188357952,Dr. Katherine Nguyen,J44.9,productive cough with low oxygen readings at home,Medicare,$275.42,Paid,2023-07-03 12:19:49
ATHENA_CLINICS,100346,Cedar Valley Family Clinic,AC1005788,Priya,Johnson,01/14/1973,F,52402,(319) 555-0157,02/24/2024,02/24/2024,Out Patient,1443256882,Dr. Michael Garcia,Z00.00,flu shot,IA Medicaid,$183.94,Paid,2024-03-13 08:05:26
ATHENA_CLINICS,101169,Cedar Valley Clinic,AC1002292,Noah,Larson,04/06/1960,M,52414,(319) 555-0127,2024-05-04,05/04/2024,TELEMED,1443256882,"Garcia, Michael",U07.1,burning on urination,AETNA INC,260.19 USD,PAID,2024-05-28 07:01:15
ATHENA_CLINICS,114589,Eastgate Urgent Care Center,AC1006715,Paul,Lee,1968-06-23,M,53258,(414) 555-0107,2024-07-11,"July 11, 2024",Urgent Care,1652373550,Dr. Nancy Jensen,J06.9,burning on urination,State Medicaid Plan,$ 289.13,Paid,2024-07-16 09:05:40
ATHENA_CLINICS,139107,Cedar Valley Family Clinic,AC1006239,Laura,Larson,04/24/1972,F,52455,(319) 555-0113,09-03-24,,Clinic Visit,1309765828,Dr. Maria Rodriguez,I10,blood pressure check,CIGNA HEALTH,$302.24,Paid,2024-09-14 15:34:21
ATHENA_CLINICS,112067,Eastgate Urgent Care,AC1002181,Anthony,Williams,02/11/1974,M,54168,(920) 555-0121,11/08/2023,"November 8, 2023",Walk-in Urgent,1652373550,Dr. Nancy Jensen,S93401A,twisted ankle playing basketball,BadgerCare Plus,$482.74,Paid in Full,2023-11-28 16:37:09
ATHENA_CLINICS,139824,Cedar Valley Family Clinic,AC1005828,Andrew,Jensen,10/27/1933,M,52458,(563) 555-0154,08-31-24,"August 31, 2024",Clinic Visit,1844093249,Dr. Michael Lewis,N39.0,confusion and high fever,Aetna,187.07,Paid in Full,2024-09-21 16:13:11
ATHENA_CLINICS,102892,Cedar Valley Clinic,AC1005516,Jennifer,Taylor,02/17/2001,F,52477,(319) 555-0146,2024-10-25,,OP,1309765828,"Rodriguez, Maria",j45.909,asthma flare after a cold,UHC,$343.05,Closed - Paid,2024-11-10 14:50:38
ATHENA_CLINICS,113613,Eastgate Urgent Care,AC1006715,Paul,Lee,06/23/1968,M,53258,(414) 555-0107,"March 17, 2024",,Walk-in Urgent,1608565176,Dr. Karen Van Dyke,U07.1,confusion and high fever,State Medicaid Plan,327.12,Denied,2024-04-03 20:38:15
ATHENA_CLINICS,120847,Cedar Vly Family Clinic,AC1000249,Fatima,King,1963-06-14,F,52407,(319) 555-0160,07/26/2024,,Out Patient,1018051544,"Martinez, Richard",e11.9,numbness in both feet,Cigna,USD 140.20,Paid,2024-08-02 18:37:10
ATHENA_CLINICS,116802,Eastgate Urgent Care,AC1003812,Chloe,Hernandez,1957-10-07,F,54178,(414) 555-0134,07/14/2024,,Walk-in Urgent,1279264513,"Lewis, Sofia",J02.9,fever and cough,MCR,515.31,PAID,2024-08-03 07:47:37
ATHENA_CLINICS,129038,SUMMIT RIDGE ORTHOPAEDICS,AC1004050,Aaron,Nelson,07/27/1998,M,53790,(608) 555-0113,06-16-23,,Outpatient,1062048420.0,Dr. Paul White,M17.11,knee pain worse on stairs,Cigna,USD 438.03,Rejected,2023-06-22 05:38:00
ATHENA_CLINICS,110969,Cedar Vly Family Clinic,AC1000893,Katherine,Becker,"February 2, 1990",F,52409,(319) 555-0108,06-24-23,"June 24, 2023",Telehealth,1018051544,"Martinez, Richard","J06.9 - Acute upper respiratory infection, unspecified",burning on urination,UHC,288.63,Closed - Paid,2023-07-13 00:53:12
ATHENA_CLINICS,102072,Cedar Valley Family Clinic,AC1007431,Susan,Hernandez,01/15/1990,F,52013,(563) 555-0124,"March 23, 2023",03/23/2023,Office Visit,1018051544,Dr. Richard Martinez, J45.909 ,"chest tightness, inhaler not helping",IA Medicaid,$613.56,Closed - Paid,2023-03-26 19:13:10
ATHENA_CLINICS,109737,Eastgate Urgent Care,AC1006486,FATIMA,ANDERSON,02/22/1970,F,53753,(414) 555-0170,2024-09-27,,TELEMED,1279264513,Dr. Sofia Lewis,U071,sore throat and fever,BCBS,230.74,PAID,2024-10-06 03:18:33
ATHENA_CLINICS,105785,Summit Ridge Orthopedics,AC1002233,Karen,Davis,1970-09-23,F,53152,(262) 555-0118,05/12/2024,05/12/2024,Video Visit,1775003142,"Hall, Laura",M54.50,knee pain worse on stairs,UnitedHealthcare,$177.87,Rejected,2024-05-15 18:04:24
ATHENA_CLINICS,113424,Eastgate Urgent Care,AC1000955,Joshua,Harris,08/13/1987,M,53162,(262) 555-0152,05/19/2023,,Walk-in Urgent,1284352816,"King, Sarah",J06.9,burning on urination,TRICARE,$219.93,PAID,2023-05-21 05:51:45
ATHENA_CLINICS,117575,Eastgate Urgent Care,AC1000073,Steven,Hall,1967-02-05,M,53262,(608) 555-0176,2024-06-23,2024-06-23,UC,1608565176,"Van Dyke, Karen",R51.9,chest pain,Aetna,$320.16,Closed - Paid,2024-07-06 05:45:58
ATHENA_CLINICS,106871,Eastgate Urgent Care,AC1001789,Olivia,Schultz,1981-11-20,F,54106,(414) 555-0154,2024-07-22,"July 22, 2024",UC,1608565176,"Van Dyke, Karen",R51.9,fever for two days,BadgerCare Plus,$280.60,PAID,2024-07-28 18:50:49
ATHENA_CLINICS,122203,Eastgate Urgent Care,AC1004287,Michael,Jackson,1964-03-04,M,54309,(608) 555-0109,2024-06-21,,URGENT CARE,1608565176,"Van Dyke, Karen",N39.0,fever and cough,UHC,$149.81,Paid,2024-07-13 04:47:15
ATHENA_CLINICS,104667,East Gate Urgent Care,AC1003919,David,Garcia-Lopez,1930-01-19,M,54365,(920) 555-0177,"August 7, 2024","August 7, 2024",Telehealth,1284352816,"King, Sarah",J069,confusion and high fever,UnitedHealthcare,124.12,Paid,2024-08-27 17:13:40
ATHENA_CLINICS,108603,Summit Ridge Orthopedics,AC1002421,Ashley,Harris,1950-05-19,F,53273,(920) 555-0188,02/01/2024,2024-02-01,Out Patient,1062048420,"White, Paul", M25.561 ,joint stiffness in the morning,MCR,"1,932.80 USD",Paid,2024-02-22 19:38:56
ATHENA_CLINICS,112911,Summit Ridge Orthopedics,AC1005853,Rajesh,Schmidt,1964-03-04,M,53286,(262) 555-0127,"June 20, 2023",,OP,1062048420,"White, Paul",M25.561,joint stiffness in the morning,Tricare,3018.11,Paid in Full,2023-06-21 18:21:00
ATHENA_CLINICS,108581,Summit Ridge Orthopedics,AC1000527,Tyler,Novak,08/30/1945,M,53105,(920) 555-0107,2024-09-19,09-19-24,TELEMED,1775003142.0,Dr. Laura Hall,"M54.50 - Low back pain, unspecified",low back pain after lifting,Medicare,$301.53,Paid,2024-09-21 15:28:08
ATHENA_CLINICS,109393,Eastgate Urgent Care,AC1003704,ANA,NELSON,"November 27, 1964",F,54143,(262) 555-0185,12-27-23,,Walk-in Urgent,1284352816,Dr. Sarah King,J069,confusion and high fever,UHC,138.98,PAID,2023-12-28 04:54:50
ATHENA_CLINICS,125458,Summit Ridge Orthopedics,AC1001661,JOSHUA,JACKSON,09/11/1980,M,53102,(262) 555-0115,"October 7, 2024",2024-10-07,Out Patient,1739241960,Dr. William Thomas,M25.561,joint stiffness in the morning,Cigna,"USD 2,838.39",Paid in Full,2024-10-23 08:00:24
ATHENA_CLINICS,133905,Eastgate Urgent Care,AC1006827,Sarah,Hall,08/11/1973,F,53258,(920) 555-0169,2024-11-04,,Walk-in Urgent,1215711643,Dr. Brian Garcia-Lopez,S93.401A,head injury after a fall,UHC,232.25,Closed - Paid,2024-11-13 03:43:07
ATHENA_CLINICS,138592,Cedar Valley Family Clinic,AC1000153,Thomas,Walker,01/25/1963,M,52482,(563) 555-0159,08/15/2024,,TELEMED,1018051544,"Martinez, Richard",E11.22,fatigue and excessive thirst,State Medicaid Plan,$69.58  ,Paid,2024-08-27 14:38:34
ATHENA_CLINICS,110125,Eastgate Urgent Care,AC1001701,Kevin,Van Dyke,"December 4, 1977",M,54107,(608) 555-0148,2024-10-01,,Urgent Care,1279264513,Dr. Sofia Lewis,S52.501A,twisted ankle playing basketball,CIGNA HEALTH,USD 120.69,Paid in Full,2024-10-18 10:39:29
ATHENA_CLINICS,134688,EASTGATE UC,AC1004317,Brian,Peterson,1958-08-13,M,53208,(920) 555-0183,2023-01-04,2023-01-04,Urgent Care,1608565176,"Van Dyke, Karen",J069,cold symptoms for a week,MEDICARE PART A,383.64,Paid in Full,2023-01-28 12:10:45
ATHENA_CLINICS,102409,Eastgate Urgent Care,AC1003225,PAUL,OLSON,05/11/1964,M,53139,(608) 555-0163,10/02/2023,10-02-23,Urgent Care,1279264513,Dr. Sofia Lewis, U07.1 ,cold symptoms for a week,BCBS,$201.08,Paid in Full,2023-10-12 03:05:00
ATHENA_CLINICS,130844,Cedar Valley Clinic,AC1002843,Kevin,O'Brien,1956-04-26,M,52484,(319) 555-0190,01/13/2024,,Telehealth,1215711643,"Garcia-Lopez, Brian",U07.1,fever and cough,MCR,USD 226.95,Closed - Paid,2024-02-01 23:14:41
ATHENA_CLINICS,109426,Summit Ridge Orthopedics,AC1005122,Ryan,Davis,1938-08-17,M,53249,(262) 555-0129,06-14-24,2024-06-14,Outpatient,1775003142,"Hall, Laura",M17.0,low back pain after lifting,MEDICARE PART A,"$1,892.72",Closed - Paid,2024-06-19 15:21:33
ATHENA_CLINICS,128536,Eastgate Urgent Care,AC1000880,Paul,Mueller,12/11/1981,M,54382,(414) 555-0182,10-27-23,,URGENT CARE,1652373550,"Jensen, Nancy",J02.9,sore throat and fever,UHC,$ 216.78,Paid in Full,2023-11-02 02:20:25
ATHENA_CLINICS,112654,Cedar Valley Family Clinic,AC1006079,Patricia,O'Brien,"June 5, 1974",F,52095,(319) 555-0182,10/11/2024,10/11/2024,Outpatient,1844093249,"Lewis, Michael",n39.0,cold symptoms for a week,CIGNA HEALTH,173.00,Closed - Paid,2024-10-18 05:06:10
ATHENA_CLINICS,119667,Cedar Valley Family Clinic,AC1004652,Susan,Lee,1977-11-11,F,52046,(563) 555-0156,"May 14, 2023",05/14/2023,Telehealth,1443256882,"Garcia, Michael",F41.1,anxiety and panic episodes,Blue Cross Blue Shield,$72.58,Denied,2023-06-01 08:09:32
ATHENA_CLINICS,122808,Summit Ridge Orthopedics,AC1001941,Katherine,Martinez,1940-05-27,F,54134,(608) 555-0120,2024-01-01,,Out Patient,1062048420,Dr. Paul White,M17.11,low back pain after lifting,MCR,"$3,981.20",Paid in Full,2024-01-14 06:39:45
ATHENA_CLINICS,136713,Summit Ridge Orthopedics,AC1000701,Robert,Jackson,"April 25, 1978",M,53127,(414) 555-0159,2023-12-21,,Clinic Visit,1739241960,"Thomas, William", M54.50 ,low back pain after lifting,Aetna,1235.81,PAID,2023-12-22 22:33:45
ATHENA_CLINICS,123937,Eastgate Urgent Care,AC1002960,Joseph,Wagner,02/21/1992,M,53224,(262) 555-0104,10-17-24,2024-10-17,UC,1279264513,Dr. Sofia Lewis,S93.401A,head injury after a fall,CIGNA HEALTH,USD 243.68,Closed - Paid,2024-10-26 18:51:16
ATHENA_CLINICS,136903,Summit Ridge Orthopedics,AC1002233,Karen,Davis,09/23/1970,F,53152,(262) 555-0118,05-20-23,,Telehealth,1849518380,"Wright, Mary",m54.50,low back pain after lifting,UnitedHealthcare,68.22,Rejected,2023-06-12 05:23:14
ATHENA_CLINICS,104624,Summit Ridge Orthopedic Clinic,AC1003971,Linda,Smith,02/08/1961,F,53780,(920) 555-0196,02/24/2023,02-24-23,Office Visit,1775003142,Dr. Laura Hall,M17.11,low back pain after lifting,BadgerCare Plus,898.30,PAID,2023-03-15 00:20:34
ATHENA_CLINICS,117058,Cedar Valley Family Clinic,AC1005674,William,Nguyen,"July 8, 1962",M,52407,(319) 555-0183,2024-04-20,2024-04-20,Clinic Visit,1844093249,"Lewis, Michael",J44.9,productive cough with low oxygen readings at home,MEDICAID,$ 189.27,PAID,2024-05-11 09:02:52
ATHENA_CLINICS,115859,Eastgate Urgent Care Center,AC1001260,Sarah,Miller,12/22/1983,F,54111,(414) 555-0164,07/22/2023,,Urgent Care,1652373550,"Jensen, Nancy",U07.1,confusion and high fever,UHC,$277.57  ,Closed - Paid,2023-07-27 09:39:51
ATHENA_CLINICS,139507,CEDAR VALLEY FAMILY CLINIC,AC1000318,Chloe,Wagner,12/03/1981,F,52474,(319) 555-0172,10/12/2024,,Telehealth,1309765828,"Rodriguez, Maria",I5022,shortness of breath and leg swelling for several days,AETNA INC,83.12,Closed - Paid,2024-10-29 19:52:47
ATHENA_CLINICS,134975,Cedar Valley Family Clinic,AC1000347,Jacob,Brown,,M,52428,(319) 555-0160,10/19/2024,,Clinic Visit,1018051544,"Martinez, Richard",Z23,well child visit,MCR,$488.88,Closed - Paid,2024-10-26 11:15:30
ATHENA_CLINICS,122342,CEDAR VALLEY FAMILY CLINIC,AC1006873,Richard,Clark,05/26/1972,M,52096,(319) 555-0106,03-02-23,,Outpatient,1018051544,"Martinez, Richard", E11.9 ,fatigue and excessive thirst,Aetna,$226.62,Closed - Paid,2023-03-23 09:36:38
ATHENA_CLINICS,136259,Summit Ridge Orthopedics,AC1002991,Mark,Garcia,06/15/1975,M,53253,(262) 555-0172,05/09/2023,,Clinic Visit,1062048420,"White, Paul",M17.0,knee pain worse on stairs,UnitedHealthcare,$325.53,DENIED,2023-06-03 00:44:44
ATHENA_CLINICS,137487,Summit Ridge Orthopedics,AC1005438,Joseph,Van Dyke,1957-11-11,M,54163,(608) 555-0154,2024-09-20,,Clinic Visit,1775003142,"Hall, Laura",M54.50,joint stiffness in the morning,MCR,$233.72,Paid,2024-10-05 08:40:05
ATHENA_CLINICS,112385,Cedar Valley Family Clinic,AC1003439,James,Novak,02/16/1959,M,52427,(319) 555-0117,04-23-23,2023-04-23,TELEMED,1309765828,"Rodriguez, Maria",J06.9,cold symptoms for a week,BCBS,227.62 USD,Paid,2023-05-18 00:01:19
ATHENA_CLINICS,110926,Eastgate Urgent Care,AC1001302,Laura,Wright,07/31/1950,F,53178,(920) 555-0120,"August 30, 2023",2023-08-30,Video Visit,1608565176,Dr. Karen Van Dyke, U07.1 ,confusion and high fever,MEDICARE PART A,$200.33,Closed - Paid,2023-09-03 05:15:05
ATHENA_CLINICS,110400,CEDAR VALLEY FAMILY CLINIC,AC1000304,Karen,Becker,"December 18, 1957",F,52426,(319) 555-0120,11/20/2023,,Clinic Visit,1018051544,Dr. Richard Martinez,z00.00,annual physical,Medicare - Part B,259.40 USD,Closed - Paid,2023-12-08 05:16:31
ATHENA_CLINICS,120482,Summit Ridge Orthopedics,AC1002567,Jessica,Miller,12/21/1978,F,54353,(920) 555-0159,07/23/2023,07/23/2023,OP,1062048420,Dr. Paul White,M17.0,knee pain worse on stairs,AETNA INC,$ 363.82,Paid,2023-08-10 19:27:43
ATHENA_CLINICS,118796,EASTGATE UC,AC1003867,William,Hall,05/28/1961,M,54190,(608) 555-0111,2023-02-28,02/28/2023,Urgent Care,1652373550,Dr. Nancy Jensen,J06.9,burning on urination,CIGNA HEALTH,$242.06,PAID,2023-03-10 12:22:37
ATHENA_CLINICS,133261,Eastgate Urgent Care,AC1003082,Noah,Van Dyke,06/02/1981,M,53295,(920) 555-0130,05-28-23,05-28-23,Urgent Care,1652373550,"Jensen, Nancy",J02.9,sore throat and fever,Aetna,$165.10  ,Paid in Full,2023-06-14 22:30:07
ATHENA_CLINICS,111988,Cedar Valley Family Clinic,AC1003263,Omar,Hernandez,"March 23, 1948",M,52042,(563) 555-0131,2024-02-30,"June 16, 2024",Out Patient,1443256882,Dr. Michael Garcia,Z23,well child visit,MEDICARE PART A,$ 508.01,Paid in Full,2024-07-11 11:00:57
ATHENA_CLINICS,130523,Summit Ridge Orthopedics,AC1002233,Karen,Davis,1970-09-23,F,53152,(262) 555-0118,04-30-23,"April 30, 2023",TELEMED,1849518380,"Wright, Mary",M17.11,joint stiffness in the morning,Blue Cross Blue Shield,298.12 USD,Closed - Paid,2023-05-02 01:17:57
ATHENA_CLINICS,127571,Cedar Valley Clinic,AC1004112,Priya,Larson,1954-10-28,F,52412,(563) 555-0167,07/04/2024,07/04/2024,Virtual,1844093249,"Lewis, Michael",U07.1 - COVID-19,fever and cough,MCR,$286.62,Paid in Full,2024-07-20 17:50:10
ATHENA_CLINICS,116417,Eastgate Urgent Care,AC1004384,Barbara,Garcia-Lopez,06/06/1950,F,53726,(414) 555-0177,"June 28, 2023",06-28-23,Urgent Care,1608565176,"Van Dyke, Karen","J06.9 - Acute upper respiratory infection, unspecified",cold symptoms for a week,Medicare,185.44 USD,Paid in Full,2023-07-06 16:25:43
ATHENA_CLINICS,131970,East Gate Urgent Care,AC1004609,Minh,Williams,04/04/1982,M,54335,(920) 555-0193,03-08-23,2023-03-08,Walk-in Urgent,1284352816,Dr. Sarah King,N39.0,sore throat and fever,UnitedHealthcare,USD 327.10,Denied,2023-04-01 03:20:03
ATHENA_CLINICS,133141,Westfield Surgical Center,AC1000399,Priya,White,1964-11-20,F,52097,(319) 555-0167,"September 12, 2024",,Walk-in Urgent,1284352816,Dr. Sarah King,R51.9,chest pain,MEDICAID,$307.41,Paid,2024-09-21 23:21:47
ATHENA_CLINICS,118243,Eastgate Urgent Care,AC1003198,Elizabeth K,Nelson,1945-12-20,F,53706,(414) 555-0102,07/22/2023,,URGENT CARE,1652373550.0,Dr. Nancy Jensen,S52.501A,head injury after a fall,MCR,137.55 USD,Closed - Paid,2023-07-28 02:04:44
ATHENA_CLINICS,108001,Summit Ridge Orthopedics,AC1005853,Rajesh,Schmidt,1964-03-04,M,53286,(262) 555-0127,2023-03-29,2023-03-29,Office Visit,1739241960,Dr. William Thomas,M54.50,joint stiffness in the morning,Tricare,"3,349.42 USD",Closed - Paid,2023-04-19 15:04:21
ATHENA_CLINICS,133006,CEDAR VALLEY FAMILY CLINIC,AC1001427,Chloe,Walker,"June 11, 1964",F,52067,(563) 555-0133,12-06-23,12/06/2023,Clinic Visit,1443256882,"Garcia, Michael",Z00.00,annual physical,UnitedHealthcare,2390.87,Paid,2023-12-30 04:00:08
ATHENA_CLINICS,120270,Summit Ridge Orthopedics,AC1005707,AARON,RODRIGUEZ,06/04/1959,M,54104,(608) 555-0117,2023-09-10,,Clinic Visit,1775003142,"Hall, Laura",M17.11,joint stiffness in the morning,Aetna,$697.87  ,Paid in Full,2023-09-21 17:08:18
ATHENA_CLINICS,116523,Cedar Vly Family Clinic,AC1004112,Priya,Larson,"October 28, 1954",F,52412,(563) 555-0167,2024-09-11,,Office Visit,1188357952.0,"Nguyen, Katherine",Z23,well child visit,MEDICARE PART A,N/A,Paid,2024-09-24 01:35:12
ATHENA_CLINICS,125758,Eastgate Urgent Care,AC1006827,Sarah,Hall,"August 11, 1973",F,53258,(920) 555-0169,07/19/2024,,URGENT CARE,1652373550,"Jensen, Nancy",S93.401A,"fell on outstretched hand, wrist pain",UHC,#VALUE!,Denied,2024-07-27 16:00:23
ATHENA_CLINICS,103537,Eastgate Urgent Care Center,AC1001017,Elizabeth,Kowalski,"October 9, 1957",F,54314,(608) 555-0122,2023-11-26,,URGENT CARE,1608565176,"Van Dyke, Karen",E78.5,head injury after a fall,Medicare,$ 266.46,Paid in Full,2023-12-01 14:55:18
ATHENA_CLINICS,119322,Cedar Valley Clinic,AC1003146,Noah,Becker,"March 1, 1953",M,52421,(319) 555-0103,2023-08-26,08-26-23,Out Patient,1844093249,Dr. Michael Lewis,Z23,flu shot,MEDICARE PART A,324.99 USD,Paid in Full,2023-09-03 04:52:34
ATHENA_CLINICS,139779,Eastgate Urgent Care,AC1005429,SAMUEL,WALKER,1937-01-13,M,53755,(608) 555-0186,10/10/2023,2023-10-10,UC,1284352816,Dr. Sarah King,S93.401A,twisted ankle playing basketball,TRICARE,$173.42,Paid in Full,2023-11-03 05:04:29
ATHENA_CLINICS,129884,Cedar Valley Family Clinic,AC1005299,Nancy,Jones,1975-06-08,F,52431,(563) 555-0157,2023-03-14,,OP,1844093249,Dr. Michael Lewis,e10.9,confusion with very high glucose,Blue Cross Blue Shield,"$1,692.76",Paid in Full,2023-03-21 22:55:47
ATHENA_CLINICS,136679,Eastgate Urgent Care,AC1000849,Matthew,Lee,06/03/1983,M,53728,(920) 555-0180,02/12/2023,"February 12, 2023",Walk-in Urgent,1608565176.0,Dr. Karen Van Dyke,S52501A,twisted ankle playing basketball,AETNA INC,$ 162.98,PAID,2023-02-15 11:30:00
ATHENA_CLINICS,115949,Eastgate Urgent Care Center,AC1005149,Daniel,Garcia-Lopez,09/06/1965,M,54302,(608) 555-0160,01/21/2023,2023-01-21,UC,1608565176,Dr. Karen Van Dyke,J029,fever and cough,AETNA INC,132.58,PAID,2023-01-28 11:31:03
ATHENA_CLINICS,136233,Cedar Valley Family Clinic,AC1000086,Michelle,Kowalski,1934-07-15,F,52049,(563) 555-0167,"March 26, 2024",,Clinic Visit,1188357952,"Nguyen, Katherine",J02.9,burning on urination,MEDICARE PART A,844.14 USD,Paid in Full,2024-04-19 19:15:03
ATHENA_CLINICS,123608,Cedar Valley Clinic,AC1001874,Ryan,Patel,12/08/1981,M,52470,(563) 555-0115,"May 10, 2023",,Out Patient,1188357952.0,"Nguyen, Katherine",j06.9,confusion and high fever,CIGNA HEALTH,582.29,Paid in Full,2023-06-01 11:57:02
ATHENA_CLINICS,125068,East Gate Urgent Care,AC1005106,Matthew,Lee,08/11/1962,M,53143,(920) 555-0182,01/19/2024,01-19-24,Walk-in Urgent,1284352816,Dr. Sarah King,J02.9,burning on urination,CIGNA HEALTH,$481.48,Paid,2024-02-10 15:35:30
ATHENA_CLINICS,120348,Westfield Surgical Center,AC1000993,Lisa,Lewis,05/17/1977,F,54173,(608) 555-0178,09/13/2024,"September 13, 2024",URGENT CARE,1215711643,"Garcia-Lopez, Brian",S93.401A,head injury after a fall,AETNA INC,$440.51,Paid in Full,2024-09-22 23:36:03
ATHENA_CLINICS,109491,Summit Ridge Ortho,AC1001432,Joshua,Moore,05/26/1984,M,54346,(920) 555-0153,08-18-24,08/18/2024,OP,1849518380,"Wright, Mary",M54.50,low back pain after lifting,BadgerCare Plus,"$2,013.15",DENIED,2024-08-21 13:15:15
ATHENA_CLINICS,103659,Eastgate Urgent Care,AC1005229,Hannah,Hall,1990-11-12,F,53153,(920) 555-0188,2024-08-08,,Urgent Care,1279264513,Dr. Sofia Lewis,R51.9,chest pain,AETNA INC,$308.73,Paid,2024-08-09 17:03:50
ATHENA_CLINICS,132285,CEDAR VALLEY FAMILY CLINIC,AC1007041,Aaron,Nguyen,1970-12-15,M,52414,(319) 555-0163,01/17/2024,2024-01-17,TELEMED,1844093249,"Lewis, Michael",J44.9,increased cough and wheezing,MEDICAID,76.20,Paid in Full,2024-01-29 13:53:38
ATHENA_CLINICS,128728,Eastgate Urgent Care Center,AC1000955,Joshua,Harris,1987-08-13,M,53162,(262) 555-0152,2024-03-05,,URGENT CARE,1608565176,Dr. Karen Van Dyke,R51.9,fever for two days,TRICARE,520.87 USD,Paid,2024-03-18 11:47:57
ATHENA_CLINICS,117968,Eastgate Urgent Care,AC1005895,Ethan,King,02/17/1961,M,53113,(608) 555-0178,10/14/2024,2024-10-14,URGENT CARE,1215711643,Dr. Brian Garcia-Lopez,R51.9,fever for two days,BCBS,160.63,Paid in Full,2024-11-08 15:12:34
ATHENA_CLINICS,109334,Eastgate Urgent Care Center,AC1004199,Aaron,Anderson,1957-09-06,M,53760,(608) 555-0172,05/12/2023,05/12/2023,URGENT CARE,1608565176,"Van Dyke, Karen","S93.401A - Sprain of unspecified ligament of right ankle, initial encounter","fell on outstretched hand, wrist pain",Medicare,513.45,Paid in Full,2023-05-29 11:23:45
ATHENA_CLINICS,135137,Eastgate Urgent Care,AC1000073,Steven,Hall,1967-02-05,M,53262,(608) 555-0176,2024-04-18,04/18/2024,Walk-in Urgent,1279264513,"Lewis, Sofia",R51.9,abdominal pain since morning,UHC,293.74,DENIED,2024-05-07 13:34:46
ATHENA_CLINICS,123011,EASTGATE UC,AC1003514,Mark,Lopez,1960-10-19,M,54313,(414) 555-0183,"July 12, 2023",2023-07-12,Virtual,1608565176,"Van Dyke, Karen",j06.9,pt Mark Lopez reports fever and cough,Aetna,$ 61.83,PAID,2023-07-25 22:15:54
ATHENA_CLINICS,126288,Eastgate Urgent Care,AC1004317,Brian,Peterson,08/13/1958,M,53208,(920) 555-0183,07/13/2024,07/13/2024,Walk-in Urgent,1215711643,"Garcia-Lopez, Brian",j06.9,burning on urination,MEDICARE PART A,335.13,Rejected,2024-08-04 15:30:35
ATHENA_CLINICS,136233,Cedar Valley Family Clinic,AC1000086,Michelle,Kowalski,1934-07-15,F,52049,(563) 555-0167,"March 26, 2024",,Clinic Visit,1188357952,"Nguyen, Katherine",J02.9,burning on urination,MEDICARE PART A,844.14 USD,Paid in Full,2024-04-19 19:15:03
ATHENA_CLINICS,120117,Summit Ridge Orthopedics,AC1006044,Sandra,Hoffman,02/23/1999,F,54150,(608) 555-0100,09-29-24,,OP,1775003142,"Hall, Laura", M17.0 ,low back pain after lifting,CIGNA HEALTH,$204.35,Rejected,2024-10-12 06:05:27
ATHENA_CLINICS,116474,SUMMIT RIDGE ORTHOPAEDICS,AC1007306,Sandra,Davis,1984-12-14,F,53773,(920) 555-0146,"January 20, 2023",,TELEMED,1849518380,"Wright, Mary",M17.11,low back pain after lifting,UnitedHealthcare,340.82,PAID,2023-02-10 15:53:19
ATHENA_CLINICS,135986,Summit Ridge Orthopedics,AC1002991,Mark,Garcia,1975-06-15,M,53253,(262) 555-0172,"August 12, 2024",2024-08-12,Outpatient,1739241960.0,"Thomas, William",M54.50,knee pain worse on stairs,Aetna,USD 681.46,PAID,2024-09-05 17:37:48
ATHENA_CLINICS,134129,Eastgate Urgent Care,AC1007139,Emily,Harris,09/12/1955,F,54123,(414) 555-0165,2024-08-08,08/08/2024,Walk-in Urgent,1652373550,Dr. Nancy Jensen,J06.9,fever and cough,Medicare,$228.34,PAID,2024-08-28 13:28:32
ATHENA_CLINICS,120564,Eastgate Urgent Care Center,AC1006761,Karen,Schmidt,"October 6, 1967",F,54122,(414) 555-0118,01/14/2024,2024-01-14,Video Visit,1652373550,"Jensen, Nancy",U071,sore throat and fever,AETNA INC,61.62,Paid in Full,2024-01-23 02:14:35
ATHENA_CLINICS,128927,Cedar Valley Family Clinic,AC1002897,Samuel,White,"January 2, 1960",M,52449,(319) 555-0183,"October 23, 2023",10/23/2023,Video Visit,1309765828,"Rodriguez, Maria",I50.22,"heart failure follow-up, fluid tablets review",BCBS,91.95,Closed - Paid,2023-11-14 22:39:40
ATHENA_CLINICS,138976,Eastgate Urgent Care,AC1007220,Sofia,Thompson,07/19/1975,F,53162,(608) 555-0180,2024-11-12,11/12/2024,Walk-in Urgent,1652373550,"Jensen, Nancy", R51.9 ,chest pain,CIGNA HEALTH,#VALUE!,Paid,2024-11-20 06:00:19
ATHENA_CLINICS,100274,Cedar Valley Family Clinic,AC1006167,Jacob,Martinez,"August 31, 1948",M,52497,(563) 555-0180,2024-11-11,2024-11-11,Office Visit,1844093249,"Lewis, Michael",E10.9 - Type 1 diabetes mellitus without complications,high blood sugar readings at home,Medicare - Part B,951.02 USD,PAID,2024-11-18 05:46:15
ATHENA_CLINICS,122059,CEDAR VALLEY FAMILY CLINIC,AC1003075,Luis,Moore,1966-03-26,M,52435,(563) 555-0159,04-13-24,2024-04-13,Virtual,1309765828,Dr. Maria Rodriguez,F41.1,low mood and poor sleep,Cigna,$122.30,Paid,2024-05-05 02:41:08
ATHENA_CLINICS,112478,Cedar Valley Family Clinic,AC1005516,Jennifer,Taylor,02/17/2001,F,52477,(319) 555-0146,07/30/2024,,Office Visit,1309765828.0,"Rodriguez, Maria", J45.909 ,"chest tightness, inhaler not helping",AETNA INC,$158.83  ,Paid,2024-08-01 04:42:06
ATHENA_CLINICS,115667,Eastgate Urgent Care Center,AC1000653,Linda,Walker,1938-09-18,F,53132,(262) 555-0151,2024-10-07,10-07-24,Urgent Care,1279264513,"Lewis, Sofia",J02.9,cold symptoms for a week,MCR,307.93,Paid in Full,2024-10-15 15:33:29
ATHENA_CLINICS,128315,Eastgate Urgent Care,AC1005895,Ethan,King,"February 17, 1961",M,53113,(608) 555-0178,10/29/2024,,UC,1279264513,Dr. Sofia Lewis,R519,severe headache,Cigna,USD 199.87,Paid in Full,2024-11-06 16:53:37
ATHENA_CLINICS,114492,SUMMIT RIDGE ORTHOPAEDICS,AC1007441,Rajesh,Jones,05/17/1988,M,52020,(319) 555-0116,09-11-24,"September 11, 2024",Outpatient,1739241960,"Thomas, William",M17.0,low back pain after lifting,Cigna,530.63,Paid,2024-09-30 05:11:12
ATHENA_CLINICS,131745,Cedar Valley Family Clinic,AC1003768,Richard,Miller,09/03/1988,M,52419,(563) 555-0143,2023-12-23,,Out Patient,1018051544,Dr. Richard Martinez,N390,confusion and high fever,UnitedHealthcare,$594.65,CANCELLED,2024-01-17 22:42:32
ATHENA_CLINICS,118601,Eastgate Urgent Care,AC1002508,Elizabeth,Wright,04/05/1970,F,54360,(608) 555-0156,"May 31, 2023",2023-05-31,Walk-in Urgent,1284352816,Dr. Sarah King,S52.501A,"fell on outstretched hand, wrist pain",AETNA INC,$233.23,Closed - Paid,2023-06-09 08:53:55
ATHENA_CLINICS,106759,Cedar Valley Family Clinic,AC1000817,Jennifer,Davis,06/14/1967,F,52491,(319) 555-0133,2024-08-22,08/22/2024,Office Visit,1443256882,"Garcia, Michael",I50.32,shortness of breath and leg swelling for several days,BCBS,157.79,Closed - Paid,2024-09-01 12:59:24
ATHENA_CLINICS,126808,Summit Ridge Orthopedics,AC1005983,KEVIN,MILLER,03/11/1943,M,53142,(262) 555-0145,05/23/2024,2024-05-23,Out Patient,1739241960,"Thomas, William", S93.401A ,"fell on outstretched hand, wrist pain",IA Medicaid,$215.98  ,Paid in Full,2024-05-27 03:21:00
ATHENA_CLINICS,138245,SUMMIT RIDGE ORTHOPAEDICS,AC1006044,Sandra,Hoffman,02/23/1999,F,54150,(608) 555-0100,2024-05-09,,Video Visit,1775003142,"Hall, Laura","M17.11 - Unilateral primary osteoarthritis, right knee",knee pain worse on stairs,UnitedHealthcare,122.43,Paid in Full,2024-05-23 13:20:56
ATHENA_CLINICS,121793,Summit Ridge Orthopedics,AC1006044,Sandra,Hoffman,02/23/1999,F,54150,(608) 555-0100,07/19/2023,,Out Patient,1849518380,"Wright, Mary",M17.11,knee pain worse on stairs,BCBS,$457.62,Paid,2023-08-04 12:48:51
ATHENA_CLINICS,105771,Summit Ridge Orthopedics,AC1002233,Karen,Davis,1970-09-23,F,53152,(262) 555-0118,2023-09-29,,OP,1775003142,"Hall, Laura",s93.401a,twisted ankle playing basketball,Cigna,493.15,PAID,2023-10-02 17:28:44
ATHENA_CLINICS,139087,Summit Ridge Orthopedics,AC1006849,Ana,Thompson,1947-06-16,F,53122,(262) 555-0151,05/11/2023,,Out Patient,1739241960,Dr. William Thomas,M25.561,joint stiffness in the morning,MEDICARE PART A,$2.02K,Paid in Full,2023-05-21 00:54:42
ATHENA_CLINICS,112640,Cedar Valley Clinic,AC1000817,Jennifer,Davis,"June 14, 1967",F,52491,(319) 555-0133,2024-08-31,08/31/2024,Out Patient,1309765828,Dr. Maria Rodriguez,J02.9,burning on urination,UHC,$ 281.96,Rejected,2024-09-03 18:31:14
ATHENA_CLINICS,115317,Eastgate Urgent Care,AC1006715,Paul,Lee,1968-06-23,M,53258,(414) 555-0107,02/01/2023,02-01-23,URGENT CARE,1652373550,"Jensen, Nancy", R51.9 ,chest pain,BadgerCare Plus,$169.55  ,PAID,2023-02-18 15:13:51
ATHENA_CLINICS,121340,Summit Ridge Orthopedics,AC1001992,Jessica,Hansen,1963-09-12,F,53265,(262) 555-0112,2023-01-28,,Office Visit,1849518380,Dr. Mary Wright, M25.561 ,joint stiffness in the morning,UnitedHealthcare,$387.40,Closed - Paid,2023-02-02 04:00:50
ATHENA_CLINICS,125266,Eastgate Urgent Care,AC1005149,Daniel,Garcia-Lopez,09/06/1965,M,54302,(608) 555-0160,2023-01-24,,URGENT CARE,1652373550,"Jensen, Nancy",R51.9,fever for two days,CIGNA HEALTH,$291.89,Rejected,2023-02-13 01:15:53
ATHENA_CLINICS,127031,Cedar Valley Clinic,AC1002815,William,Patel,10/27/1949,M,52427,(319) 555-0109,04/20/2024,04/20/2024,Telehealth,1018051544,"Martinez, Richard",U07.1,confusion and high fever,MCR,$ 107.1,Paid in Full,2024-04-22 00:24:16
ATHENA_CLINICS,111463,Summit Ridge Orthopedics,AC1001592,Minh,Jensen,"February 26, 1976",M,53104,(414) 555-0166,09-26-23,,Video Visit,1062048420,"White, Paul",m17.11,knee pain worse on stairs,CIGNA HEALTH,313.65,Paid,2023-09-28 20:47:53
ATHENA_CLINICS,116470,CEDAR VALLEY FAMILY CLINIC,AC1001811,Noah,Hall,10/29/1955,M,53287,(608) 555-0134,"July 12, 2023",,Clinic Visit,1215711643,"Garcia-Lopez, Brian",J06.9,confusion and high fever,MCR,236.93,Paid in Full,2023-07-21 19:01:52
ATHENA_CLINICS,139119,Summit Ridge Orthopedics,AC1003833,Matthew,Novak,2005-11-01,M,53724,(414) 555-0115,09-22-24,,Video Visit,1775003142,"Hall, Laura",M54.50,joint stiffness in the morning,AETNA INC,$63.09,DENIED,2024-10-07 19:52:00
ATHENA_CLINICS,137189,Cedar Valley Family Clinic,AC1003028,ANTHONY,HARRIS,07/02/1951,M,52441,(319) 555-0132,09/04/2023,2023-09-04,Outpatient,1215711643,"Garcia-Lopez, Brian",N18.4,dialysis follow-up,MCR,$182.49,PAID,2023-09-28 00:02:06
ATHENA_CLINICS,130184,EASTGATE UC,AC1002705,Aaron,Nguyen,03/07/1969,M,54129,(262) 555-0118,10/23/2024,10/23/2024,Urgent Care,1608565176,"Van Dyke, Karen", U07.1 ,confusion and high fever,Self Pay,478.04,PAID,2024-11-02 13:44:13
ATHENA_CLINICS,112353,East Gate Urgent Care,AC1006159,James,Lewis,05/22/1941,M,53274,(920) 555-0102,2024-11-25,"November 25, 2024",Walk-in Urgent,1652373550,Dr. Nancy Jensen,r51.9,severe headache,Medicare - Part B,$169.04,In Process,2024-12-03 14:58:14
ATHENA_CLINICS,130552,Eastgate Urgent Care,AC1007220,Sofia,Thompson,07/19/1975,F,53162,(608) 555-0180,06-14-23,,TELEMED,1279264513,"Lewis, Sofia",J069,cold symptoms for a week,Cigna,$74.91,Paid in Full,2023-07-08 20:42:42
ATHENA_CLINICS,112204,Eastgate Urgent Care,AC1002552,Sofia,Becker,1968-04-18,F,53713,(414) 555-0151,"January 22, 2024",2024-01-22,UC,1652373550,Dr. Nancy Jensen, J06.9 ,burning on urination,UnitedHealthcare,,Paid in Full,2024-01-31 06:50:08
ATHENA_CLINICS,132397,Cedar Valley Clinic,AC1007193,Michael,Garcia,"March 1, 1955",M,52088,(563) 555-0108,2024-09-14,2024-09-14,Office Visit,1018051544,"Martinez, Richard",N39.0,cold symptoms for a week,Medicare,$209.51,Paid in Full,2024-09-28 21:30:07
ATHENA_CLINICS,139777,Cedar Valley Family Clinic,AC1002831,Minh,Garcia,1984-06-23,M,52043,(563) 555-0138,2023-10-26,,Office Visit,1844093249,"Lewis, Michael",Z23,well child visit,Cigna,$409.00,Closed - Paid,2023-10-28 00:28:36
ATHENA_CLINICS,124180,Eastgate Urgent Care,AC1006703,Sofia,Wilson,1980-06-18,F,61125,(815) 555-0144,01/14/2024,,UC,1608565176,"Van Dyke, Karen",U07.1,cold symptoms for a week,UHC,318.25,PAID,2024-01-28 12:01:26
ATHENA_CLINICS,115863,Eastgate Urgent Care,AC1003388,Noah,Davis,"October 19, 1986",M,54199,(920) 555-0181,2024-09-19,,Walk-in Urgent,1215711643,Dr. Brian Garcia-Lopez,u07.1,confusion and high fever,UHC,569.01 USD,Rejected,2024-10-05 04:48:04
ATHENA_CLINICS,129943,Cedar Valley Family Clinic,AC1006930,Daniel,Davis,1963-02-14,M,52405,(319) 555-0131,08/16/2023,08/16/2023,Out Patient,1188357952,Dr. Katherine Nguyen, Z23 ,well child visit,MEDICARE PART A,USD 188.54,PAID,2023-08-20 02:16:59
ATHENA_CLINICS,127400,SUMMIT RIDGE ORTHOPAEDICS,AC1004050,Aaron,Nelson,07/27/1998,M,53790,(608) 555-0113,2023-12-23,,Outpatient,1849518380,"Wright, Mary",M17.0,low back pain after lifting,CIGNA HEALTH,USD 372.62,PAID,2023-12-29 06:55:25
ATHENA_CLINICS,130084,Cedar Valley Family Clinic,AC1001759,Rajesh,Rodriguez,1971-04-13,M,52479,(563) 555-0113,08-31-24,,Outpatient,1443256882,"Garcia, Michael",E10.9 - Type 1 diabetes mellitus without complications,numbness in both feet,BadgerCare Plus,575.33,PAID,2024-09-06 18:45:07
ATHENA_CLINICS,106307,SUMMIT RIDGE ORTHOPAEDICS,AC1000485,Laura,Wilson,1947-11-25,F,53170,(414) 555-0117,2023-08-22,,Clinic Visit,1739241960,Dr. William Thomas,M54.50,low back pain after lifting,MEDICARE PART A,$318.15,Paid in Full,2023-09-08 05:32:28
ATHENA_CLINICS,129407,Cedar Valley Family Clinic,AC1005299,Nancy,Jones,06/08/1975,F,52431,(563) 555-0157,"August 10, 2024",,OP,1309765828,"Rodriguez, Maria",Z00.00,annual physical,Aetna,$938.16,VOIDED,2024-08-31 06:08:35
ATHENA_CLINICS,120080,Eastgate Urgent Care,AC1001910,Paul,Kowalski,06/02/1967,M,54388,(262) 555-0132,"July 7, 2023",,Walk-in Urgent,1608565176,"Van Dyke, Karen",N39.0,confusion and high fever,BCBS,$503.66,Paid,2023-07-22 08:08:55
ATHENA_CLINICS,103073,EASTGATE UC,AC1003238,William,Rodriguez,1957-09-02,M,54149,(608) 555-0147,2024-07-11,,UC,1215711643,Dr. Brian Garcia-Lopez,U071,fever and cough,MEDICARE PART A,$130.20,Paid,2024-07-15 21:40:29
ATHENA_CLINICS,117135,Eastgate Urgent Care,AC1006827,Sarah,Hall,1973-08-11,F,53258,(920) 555-0169,02/02/2023,02/02/2023,Walk-in Urgent,1279264513,"Lewis, Sofia",S93.401A,twisted ankle playing basketball,CIGNA HEALTH,$247.29,PAID,2023-02-06 08:34:03
ATHENA_CLINICS,128234,EASTGATE UC,AC1002801,PRIYA,JACKSON,"November 15, 1950",F,53260,(414) 555-0165,2023-01-30,,URGENT CARE,1284352816,"King, Sarah",U07.1,fever and cough,Medicare,$254.22,CANCELLED,2023-02-02 10:00:17
ATHENA_CLINICS,117631,Summit Ridge Orthopedics,AC1001661,JOSHUA,JACKSON,1980-09-11,M,53102,(262) 555-0115,2024-01-26,01/26/2024,Clinic Visit,1775003142,"Hall, Laura",S93.401A,"fell on outstretched hand, wrist pain",AETNA INC,$713.67,Paid,2024-02-12 00:16:49
ATHENA_CLINICS,123464,Eastgate Urgent Care,AC1006448,Kevin,Peterson,1971-05-27,M,53243,(920) 555-0117,09-03-23,2023-09-03,Urgent Care,1279264513,"Lewis, Sofia",S93.401A,head injury after a fall,self-pay,USD 241.64,VOIDED,2023-09-14 19:55:13
ATHENA_CLINICS,115682,Eastgate Urgent Care Center,AC1000880,Paul,Mueller,12/11/1981,M,54382,(414) 555-0182,11/28/2023,2023-11-28,Urgent Care,1652373550.0,"Jensen, Nancy",S52.501A,twisted ankle playing basketball,AETNA INC,260.24 USD,Rejected,2023-12-17 17:31:37
ATHENA_CLINICS,118390,Eastgate Urgent Care,AC1002552,Sofia,Becker,04/18/1968,F,53713,(414) 555-0151,08/20/2023,08/20/2023,Telehealth,1284352816,Dr. Sarah King,J06.9,sore throat and fever,CIGNA HEALTH,$113.59,Paid in Full,2023-08-29 12:21:36
ATHENA_CLINICS,112418,Eastgate Urgent Care,AC1006382,Linda,Lee,05/04/1958,F,54368,(920) 555-0128,03-25-23,,UC,1608565176,"Van Dyke, Karen",U07.1,cold symptoms for a week,Medicare,$ 234.64,Paid in Full,2023-04-18 04:17:03
ATHENA_CLINICS,110455,CEDAR VALLEY FAMILY CLINIC,AC1004820,Ana,Schmidt,08/03/1967,F,52423,(319) 555-0158,2023-10-28,10/28/2023,TELEMED,1844093249,"Lewis, Michael",J44.9,productive cough with low oxygen readings at home,Aetna,$112.61,Paid in Full,2023-10-30 17:24:58
ATHENA_CLINICS,113429,Cedar Valley Family Clinic,AC1004008,Tyler,Rodriguez,2001-01-05,M,52431,(319) 555-0181,2024-11-02,11/02/2024,OP,1844093249,Dr. Michael Lewis,Z23 - Encounter for immunization,well child visit,UHC,"USD 1,023.60",Paid,2024-11-10 13:52:13
ATHENA_CLINICS,105203,Cedar Valley Family Clinic,AC1000377,Sarah,Jensen,1963-03-16,F,52470,(563) 555-0124,10-15-24,2024-10-15,Out Patient,1018051544,"Martinez, Richard",M5450,low back pain after lifting,UHC,USD 561.73,Closed - Paid,2024-11-09 13:45:41
ATHENA_CLINICS,117238,Eastgate Urgent Care,AC1001718,Michelle,Larson,"February 2, 1944",F,53736,(608) 555-0163,01-24-23,,URGENT CARE,1652373550,"Jensen, Nancy",R51.9,abdominal pain since morning,Medicare,$268.82,PAID,2023-01-30 03:39:52
ATHENA_CLINICS,105004,East Gate Urgent Care,AC1006631,Maria,Larson,1970-02-26,F,53796,(414) 555-0129,07-16-24,07/16/2024,Urgent Care,1608565176,"Van Dyke, Karen", J02.9 ,confusion and high fever,self-pay,306.29 USD,Paid,2024-08-09 13:00:41
ATHENA_CLINICS,107748,Cedar Valley Family Clinic,AC1004855,Tyler,White,"August 28, 1960",M,52462,(319) 555-0132,"January 29, 2023",,Clinic Visit,1844093249,"Lewis, Michael",I10,headache with elevated blood pressure,UnitedHealthcare,798.46,Closed - Paid,2023-02-08 10:13:19
ATHENA_CLINICS,117568,CEDAR VALLEY FAMILY CLINIC,AC1005467,Mark,White,01/14/1988,M,52027,(563) 555-0100,2024-07-22,"July 22, 2024",Outpatient,1018051544,"Martinez, Richard",N39.0,fever and cough,State Medicaid Plan,$ 140.97,PAID,2024-08-12 03:46:45
ATHENA_CLINICS,110594,Cedar Valley Family Clinic,AC1000664,Joshua,Harris,12/28/1980,M,52052,(319) 555-0169,08/18/2023,2023-08-18,Video Visit,1018051544,"Martinez, Richard",I10,blood pressure check,Blue Cross Blue Shield,93.02,Paid in Full,2023-09-01 03:41:24
ATHENA_CLINICS,131651,Eastgate Urgent Care,AC1003362,Ryan,Nelson,"January 3, 1965",M,54353,(920) 555-0129,07/28/2023,,URGENT CARE,1284352816,"King, Sarah",R51.9,severe headache,SELFPAY,$248.74,Paid,2023-08-10 09:07:53
ATHENA_CLINICS,139393,Summit Ridge Orthopedics,AC1001262,Nancy,Rodriguez,11/04/1957,F,54305,(414) 555-0110,05/26/2024,"May 26, 2024",OP,1775003142,"Hall, Laura",M25.561 - Pain in right knee,knee pain worse on stairs,MEDICARE PART A,2887.45,CANCELLED,2024-06-10 04:26:43
ATHENA_CLINICS,103978,Cedar Valley Family Clinic,AC1004102,Ana,Young,"March 14, 1960",F,52417,(319) 555-0157,2024-11-24,11/24/2024,Clinic Visit,1443256882,"Garcia, Michael", Z23 ,flu shot,CIGNA HEALTH,USD 411.66,SUBMITTED,2024-11-25 03:55:58
ATHENA_CLINICS,118881,Eastgate Urgent Care,AC1007028,David,Miller,1966-08-05,M,54344,(414) 555-0149,11/11/2023,11/11/2023,UC,1284352816,"King, Sarah",U07.1,burning on urination,Self Pay,$333.20,CANCELLED,2023-11-16 11:17:09
ATHENA_CLINICS,134384,Cedar Valley Family Clinic,AC1000153,Thomas,Walker,1963-01-25,M,52482,(563) 555-0159,08-25-24,"August 25, 2024",TELEMED,1188357952,"Nguyen, Katherine",E109,high blood sugar readings at home,Medicaid,97.19,Closed - Paid,2024-09-05 13:02:27
ATHENA_CLINICS,137217,Cedar Valley Family Clinic,AC1002673,Jennifer,Nguyen,03/20/1937,F,52004,(563) 555-0131,2023-06-09,,OP,1018051544,"Martinez, Richard",Z23,well child visit,Medicare,155.55,Closed - Paid,2023-06-26 03:37:41
ATHENA_CLINICS,121089,Eastgate Urgent Care,AC1000871,Kevin,Schultz,12/14/1957,M,53733,(414) 555-0182,01-17-24,,,1608565176,"Van Dyke, Karen",N39.0,fever and cough,MEDICARE PART A,$323.94,PAID,2024-01-24 05:52:09
ATHENA_CLINICS,132795,Eastgate Urgent Care Center,AC1003788,Michael,Lopez,09/04/1964,M,54103,(920) 555-0196,2024-08-21,,UC,1284352816,Dr. Sarah King,S93401A,head injury after a fall,Blue Cross Blue Shield,$ 382.67,Closed - Paid,2024-08-28 10:59:23
ATHENA_CLINICS,101096,Summit Ridge Orthopedics,AC1003603,Luis,Davis,09/20/1931,M,53196,(262) 555-0114,12/27/2023,,Outpatient,1739241960.0,Dr. William Thomas,S93.401A,head injury after a fall,Medicare - Part B,$675.84,Rejected,2024-01-10 07:51:02
ATHENA_CLINICS,106157,Eastgate Urgent Care,AC1000803,Minh,Jensen,1965-12-09,M,53140,(414) 555-0109,"August 1, 2023",,URGENT CARE,1652373550,Dr. Nancy Jensen,J06.9,sore throat and fever,Workers Comp,134.53,Paid in Full,2023-08-12 14:13:08
ATHENA_CLINICS,130965,Eastgate Urgent Care,AC1001559,James,Davis,11/13/1961,M,54321,(608) 555-0138,06/09/2024,2024-06-09,URGENT CARE,1279264513,Dr. Sofia Lewis,U071,sore throat and fever,Self Pay,,PAID,2024-07-04 08:10:20
ATHENA_CLINICS,134501,Eastgate Urgent Care Center,AC1004373,Thomas,Anderson,1982-08-08,M,53270,(262) 555-0173,04/22/2024,,Walk-in Urgent,1652373550,Dr. Nancy Jensen, U07.1 ,confusion and high fever,IA Medicaid,$235.13,Closed - Paid,2024-05-14 13:58:43
ATHENA_CLINICS,124338,Cedar Valley Clinic,AC1003858,Barbara,Hernandez,1961-12-17,F,52426,(319) 555-0157,01/21/2023,2023-01-21,Out Patient,1188357952,Dr. Katherine Nguyen,I10,blood pressure check,Medicare,$2.49K,Paid in Full,2023-02-14 22:47:33
ATHENA_CLINICS,111231,Eastgate Urgent Care,AC1001789,Olivia,Schultz,11/20/1981,F,54106,(414) 555-0154,2023-02-18,,Video Visit,1652373550,Dr. Nancy Jensen,U07.1,confusion and high fever,State Medicaid Plan,83.21,Paid,2023-03-13 05:23:53
ATHENA_CLINICS,123642,Cedar Vly Family Clinic,AC1007116,Olivia,Van Dyke,1970-07-06,F,52023,(319) 555-0188,2023-02-09,02-09-23,Telehealth,1215711643,Dr. Brian Garcia-Lopez,i50.32,"unable to lie flat at night, ankle edema",Blue Cross Blue Shield,139.94,Paid,2023-02-20 12:44:15
ATHENA_CLINICS,128640,East Gate Urgent Care,AC1003764,ANDREW,HARRIS,1953-09-16,M,53225,(920) 555-0196,"June 30, 2023",06/30/2023,Urgent Care,1652373550,Dr. Nancy Jensen,J02.9,sore throat and fever,Medicare - Part B,372.68,Paid,2023-07-09 18:46:42
ATHENA_CLINICS,106848,Cedar Valley Family Clinic,AC1004102,Ana,Young,"March 14, 1960",F,52417,(319) 555-0157,"January 23, 2023",01-23-23,Telehealth,1018051544,"Martinez, Richard",F41.1,increased agitation and racing thoughts,AETNA INC,84.30,Paid in Full,2023-02-14 14:30:39
ATHENA_CLINICS,127800,Eastgate Urgent Care,AC1000955,Joshua,Harris,08/13/1987,M,53162,(262) 555-0152,04-07-23,,UC,1279264513,"Lewis, Sofia", J02.9 ,confusion and high fever,TRICARE,$432.00,PAID,2023-04-15 19:21:14
ATHENA_CLINICS,123744,Cedar Valley Family Clinic,AC1003995,Luis,Martinez,"March 9, 1951",M,52031,(563) 555-0197,"May 16, 2023",2023-05-16,Clinic Visit,1188357952,Dr. Katherine Nguyen,M5450,knee pain worse on stairs,MEDICARE PART A,454.79,Paid,2023-06-03 03:12:37
ATHENA_CLINICS,129209,Cedar Valley Family Clinic,AC1006288,Ana,Nelson,01/05/1984,F,52464,(319) 555-0143,2024-05-28,,Outpatient,1018051544,Dr. Richard Martinez,J44.9,increased cough and wheezing,Cigna,"$1,361.43",Paid in Full,2024-06-09 13:26:05
ATHENA_CLINICS,113502,CEDAR VALLEY FAMILY CLINIC,AC1005186,Maria,Garcia,1984-11-15,F,52072,(563) 555-0137,"January 25, 2024",01/25/2024,Video Visit,1188357952,"Nguyen, Katherine",J06.9,burning on urination,AETNA INC,$172.84,Paid in Full,2024-02-08 04:21:20
ATHENA_CLINICS,103162,Cedar Valley Family Clinic,AC1002130,Jessica,Young,"February 22, 1958",F,52435,(563) 555-0125,2024-05-12,2024-05-12,Outpatient,1188357952,"Nguyen, Katherine",M54.50,knee pain worse on stairs,Medicare - Part B,USD 180.71,Paid,2024-05-15 22:46:51
ATHENA_CLINICS,133133,CEDAR VALLEY FAMILY CLINIC,AC1005309,Paul,Brown,1946-09-14,M,52062,(563) 555-0125,06/12/2024,2024-06-12,Clinic Visit,1844093249,Dr. Michael Lewis,j06.9,burning on urination,MCR,$606.10,Paid,2024-07-03 15:28:29
ATHENA_CLINICS,118802,Summit Ridge Orthopedics,AC1006475,Susan,Schmidt,12/19/1944,F,53192,(414) 555-0157,06/15/2023,06/15/2023,OP,1775003142,"Hall, Laura",S52.501A,"fell on outstretched hand, wrist pain",Medicare,"1,147.11 USD",Paid in Full,2023-07-07 09:46:47
ATHENA_CLINICS,103332,Cedar Valley Family Clinic,AC1005529,James,Lee,01/21/1950,M,52077,(563) 555-0159,2024-07-24,,Clinic Visit,1188357952,"Nguyen, Katherine",I50.22,"worsening breathlessness on exertion, weight up 3 kg",MEDICARE PART A,USD 208.97,Paid in Full,2024-08-11 17:42:53
ATHENA_CLINICS,127109,Cedar Vly Family Clinic,AC1003651,Thomas,Patel,04/23/1951,M,52075,(563) 555-0116,07-19-24,2024-07-19,OP,1443256882.0,Dr. Michael Garcia,N39.0,fever and cough,Medicare,150.44,Paid,2024-07-27 20:58:16
ATHENA_CLINICS,134586,Eastgate Urgent Care,AC1001513,Linda,Novak,09/06/1960,F,53124,(414) 555-0176,04/27/2024,,Walk-in Urgent,1652373550.0,"Jensen, Nancy",J02.9,cold symptoms for a week,UnitedHealthcare,$223.23,PAID,2024-05-21 18:54:28
ATHENA_CLINICS,102394,East Gate Urgent Care,AC1002210,James,Martinez,03/09/1979,M,53173,(262) 555-0186,12/30/2023,,UC,1608565176,"Van Dyke, Karen",R51.9,fever for two days,CIGNA HEALTH,$448.68,PAID,2024-01-24 05:48:31
ATHENA_CLINICS,135088,Summit Ridge Orthopedics,AC1005198,Mary,Jones,06/18/1995,F,53200,(608) 555-0191,09/16/2024,2024-09-16,TELEMED,1775003142.0,"Hall, Laura",M1711,low back pain after lifting,UHC,USD 122.05,Paid,2024-10-05 03:18:12
ATHENA_CLINICS,122833,Eastgate Urgent Care,AC1005291,Omar,Walker,1944-04-04,M,53270,(262) 555-0117,01-14-23,,URGENT CARE,1652373550,"Jensen, Nancy",U07.1,burning on urination,MEDICARE PART A,$ 188.61,PAID,2023-01-18 02:23:44
ATHENA_CLINICS,137300,Eastgate Urgent Care Center,AC1000616,Sarah,King,08/22/1981,F,54351,(414) 555-0135,2024-11-13,11/13/2024,Walk-in Urgent,1652373550,"Jensen, Nancy",N39.0,fever and cough,MEDICARE PART A,$523.95,Rejected,2024-11-15 08:47:51
ATHENA_CLINICS,111431,Eastgate Urgent Care,AC1001996,Jennifer,Lopez,1945-04-02,F,53256,(920) 555-0147,11/05/2023,11/05/2023,UC,1608565176,"Van Dyke, Karen",j02.9,fever and cough,MEDICARE PART A,213.21 USD,PAID,2023-11-20 12:12:20
ATHENA_CLINICS,106932,Cedar Valley Family Clinic,AC1007041,Aaron,Nguyen,"December 15, 1970",M,52414,(319) 555-0163,"October 29, 2023",10/29/2023,Outpatient,1188357952,"Nguyen, Katherine",J44.9,productive cough with low oxygen readings at home,IA Medicaid,$204.82  ,CANCELLED,2023-11-13 11:51:08
ATHENA_CLINICS,116431,Summit Ridge Orthopedics,AC1004431,Hannah,White,1996-06-28,F,53285,(920) 555-0107,05/05/2024,,Office Visit,1849518380,"Wright, Mary",M5450,knee pain worse on stairs,CIGNA HEALTH,"USD 1,322.41",PAID,2024-05-28 10:45:38
ATHENA_CLINICS,124930,East Gate Urgent Care,AC1000219,Minh,Larson,08/26/1971,M,54136,(262) 555-0144,10/26/2023,"October 26, 2023",Walk-in Urgent,1608565176,"Van Dyke, Karen",J06.9,sore throat and fever,Aetna,186.57,Denied,2023-11-12 08:10:53
ATHENA_CLINICS,102546,Cedar Valley Clinic,AC1005554,ANA,SMITH,12/20/1957,F,52022,(319) 555-0104,2024-05-29,2024-05-29,Office Visit,1844093249,"Lewis, Michael",E11.22 - Type 2 diabetes mellitus with diabetic chronic kidney disease,high blood sugar readings at home,Medicare,$542.45,Denied,2024-06-13 09:17:33
ATHENA_CLINICS,100408,Eastgate Urgent Care,AC1006486,FATIMA,ANDERSON,1970-02-22,F,53753,(414) 555-0170,"February 20, 2024",02/20/2024,URGENT CARE,1284352816,Dr. Sarah King, U07.1 ,sore throat and fever,Aetna,$581.43,PAID,2024-03-09 10:04:49
ATHENA_CLINICS,113727,Eastgate Urgent Care,AC1005345,Daniel,Schmidt,"March 6, 1992",M,54349,(608) 555-0192,"January 1, 2024",2024-01-01,URGENT CARE,1284352816,"King, Sarah",R51.9,abdominal pain since morning,UHC,$187.78,PAID,2024-01-12 11:46:14
ATHENA_CLINICS,120657,Eastgate Urgent Care,AC1007399,Linda,Hoffman,"August 7, 1976",F,53144,(608) 555-0103,09-10-23,09-10-23,URGENT CARE,1608565176,"Van Dyke, Karen",S93401A,head injury after a fall,Self Pay,$324.36,PAID,2023-10-01 07:50:48
ATHENA_CLINICS,131963,Eastgate Urgent Care,AC1002632,Linda,Jones,1975-07-29,F,53281,(414) 555-0121,02/24/2023,,Telehealth,1652373550,"Jensen, Nancy",u07.1,confusion and high fever,SELFPAY,$101.01,Paid,2023-03-21 08:14:21
ATHENA_CLINICS,103836,Cedar Valley Family Clinic,AC1000304,Karen,Becker,12/18/1957,F,52426,(319) 555-0120,08/15/2023,,OP,1215711643,"Garcia-Lopez, Brian",J02.9,burning on urination,Medicare - Part B,$745.30,Paid,2023-09-09 05:47:24
ATHENA_CLINICS,102312,Summit Ridge Orthopedics,AC1001626,Hannah,Anderson,05/13/1978,F,53734,(920) 555-0180,"July 14, 2024","July 14, 2024",Clinic Visit,1775003142,"Hall, Laura",S52.501A,"fell on outstretched hand, wrist pain",Cigna,$236.75,Closed - Paid,2024-07-22 20:15:45
ATHENA_CLINICS,104925,Cedar Vly Family Clinic,AC1002540,Ethan,Kowalski,06/05/1942,M,52039,(563) 555-0145,12/15/2023,,Clinic Visit,1443256882,Dr. Michael Garcia,J06.9,confusion and high fever,Medicare - Part B,521.78 USD,Paid,2023-12-16 22:56:02
ATHENA_CLINICS,133275,Eastgate Urgent Care,AC1000871,Kevin,Schultz,12/14/1957,M,53733,(414) 555-0182,11/10/2023,11/10/2023,TELEMED,1279264513,"Lewis, Sofia",J06.9,burning on urination,Medicare,USD 61.74,Paid,2023-11-12 17:19:22
ATHENA_CLINICS,135512,Eastgate Urgent Care,AC1000125,Sofia,Van Dyke,10/27/1959,F,53224,(920) 555-0106,05/04/2023,05/04/2023,,1652373550,"Jensen, Nancy",J02.9,cold symptoms for a week,UHC,$222.38,Paid in Full,2023-05-13 21:44:25
ATHENA_CLINICS,106811,Summit Ridge Orthopedics,AC1007407,Joshua,Lee,2003-10-15,M,53239,(608) 555-0154,05/27/2024,05/27/2024,TELEMED,1062048420,"White, Paul",M17.11,joint stiffness in the morning,UHC,$92.88,Paid,2024-06-06 07:55:08
ATHENA_CLINICS,136270,Eastgate Urgent Care,AC1004609,Minh,Williams,1982-04-04,M,54335,(920) 555-0193,06/12/2023,"June 12, 2023",Urgent Care,1652373550,Dr. Nancy Jensen,j02.9,cold symptoms for a week,BCBS,217.84,Rejected,2023-07-01 15:00:36
ATHENA_CLINICS,108372,East Gate Urgent Care,AC1007359,Emily,Nguyen,1950-06-10,F,54105,(920) 555-0157,12-04-23,,Urgent Care,1652373550,"Jensen, Nancy",J02.9,cold symptoms for a week,Medicare - Part B,$412.56,Denied,2023-12-18 17:01:47
ATHENA_CLINICS,115133,Eastgate Urgent Care,AC1000577,Luis,Hernandez,05/14/1960,M,53128,(608) 555-0180,09/27/2024,,Urgent Care,1215711643,Dr. Brian Garcia-Lopez,N39.0,cold symptoms for a week,Cigna,$269.71,Closed - Paid,2024-10-02 06:52:42
ATHENA_CLINICS,131886,Eastgate Urgent Care,AC1004384,Barbara,Garcia-Lopez,"June 6, 1950",F,53726,(414) 555-0177,09/23/2024,2024-09-23,OTHER,1608565176,"Van Dyke, Karen",J02.9,sore throat and fever,MEDICARE PART A,$467.13,Closed - Paid,2024-09-25 13:52:28
ATHENA_CLINICS,137129,EASTGATE UC,AC1006246,LINDA,NOVAK,"May 31, 1977",F,53150,(414) 555-0132,2023-06-14,,UC,1284352816,"King, Sarah",R519,fever for two days,MEDICAID,442.64,Paid in Full,2023-06-15 08:16:11
ATHENA_CLINICS,124731,Cedar Valley Clinic,AC1005674,William,Nguyen,07/08/1962,M,52407,(319) 555-0183,06/13/2024,,TELEMED,1188357952,"Nguyen, Katherine",I50.32,"heart failure follow-up, fluid tablets review",State Medicaid Plan,$69.54  ,Paid in Full,2024-06-15 18:53:48
ATHENA_CLINICS,105104,Cedar Vly Family Clinic,AC1005392,Karen,Kim,02/20/1954,F,52400,(563) 555-0103,05/16/2024,2024-05-16,Telehealth,1215711643,"Garcia-Lopez, Brian",F41.1,anxiety and panic episodes,MEDICARE PART A,71.31,Paid,2024-06-02 14:32:42
ATHENA_CLINICS,123505,Eastgate Urgent Care,AC1003514,Mark,Lopez,10/19/1960,M,54313,(414) 555-0183,2023-07-20,,URGENT CARE,1608565176,Dr. Karen Van Dyke,R51.9,fever for two days,UHC,$178.42,Closed - Paid,2023-08-09 19:07:39
ATHENA_CLINICS,120516,Eastgate Urgent Care,AC1002728,David,Jensen,"August 4, 1992",M,53132,(262) 555-0138,2024-09-07,09-07-24,URGENT CARE,1608565176,"Van Dyke, Karen",J06.9,confusion and high fever,UnitedHealthcare,$200.36,Closed - Paid,2024-09-22 15:53:22
ATHENA_CLINICS,119263,Eastgate Urgent Care Center,AC1006159,James,Lewis,05/22/1941,M,53274,(920) 555-0102,07/14/2023,2023-07-14,Urgent Care,1652373550,Dr. Nancy Jensen,G4733,sore throat and fever,Medicare,USD 124.64,Closed - Paid,2023-07-21 06:02:37
ATHENA_CLINICS,127954,Cedar Valley Family Clinic,AC1005051,Kevin,Wilson,09/03/1980,M,52091,(319) 555-0168,09/18/2024,,Office Visit,1188357952.0,"Nguyen, Katherine",J02.9,cold symptoms for a week,AETNA INC,$794.22,Paid,2024-10-04 23:26:23
ATHENA_CLINICS,133969,Westfield Surgical Center,AC1004317,Brian,Peterson,08/13/1958,M,53208,(920) 555-0183,"August 21, 2024",,UC,1652373550,Dr. Nancy Jensen,U07.1,cold symptoms for a week,MEDICARE PART A,$272.84  ,Closed - Paid,2024-09-04 19:15:19
ATHENA_CLINICS,126861,Cedar Vly Family Clinic,AC1006339,Kevin,Martinez,01/14/1962,M,52427,(563) 555-0180,06/15/2024,,OP,1215711643,"Garcia-Lopez, Brian",Z00.00,well child visit,UHC,"USD 1,684.46",Paid,2024-06-20 19:12:59
ATHENA_CLINICS,102686,CEDAR VALLEY FAMILY CLINIC,AC1007252,Samuel M,Martinez,07/27/1961,M,52470,(563) 555-0165,2023-07-17,,Outpatient,1188357952,Dr. Katherine Nguyen,J02.9,confusion and high fever,MEDICAID,994.02 USD,PAID,2023-08-08 20:04:58
ATHENA_CLINICS,132060,Cedar Valley Family Clinic,AC1005920,Aaron,Thomas,"March 14, 1981",M,52421,(563) 555-0153,04/20/2023,,Out Patient,1215711643,"Garcia-Lopez, Brian",M54.50,knee pain worse on stairs,UnitedHealthcare,"$1,731.90",Paid in Full,2023-05-09 07:01:42
ATHENA_CLINICS,102034,Eastgate Urgent Care,AC1001302,Laura,Wright,1950-07-31,F,53178,(920) 555-0120,08/13/2023,"August 13, 2023",URGENT CARE,1284352816,"King, Sarah",U07.1,cold symptoms for a week,MEDICARE PART A,$193.05,Closed - Paid,2023-08-27 12:18:06
ATHENA_CLINICS,106873,Summit Ridge Orthopedics,AC1005198,Mary,Jones,06/18/1995,F,53200,(608) 555-0191,07/08/2024,"July 8, 2024",Outpatient,1849518380,"Wright, Mary",M25.561 - Pain in right knee,low back pain after lifting,Blue Cross Blue Shield,300.59,Paid,2024-07-16 21:18:05
ATHENA_CLINICS,132528,Eastgate Urgent Care,AC1000964,Paul,Rodriguez,04/02/1973,M,53209,(414) 555-0156,"March 25, 2023",,Urgent Care,1652373550,Dr. Nancy Jensen,S93.401A,head injury after a fall,Aetna,$516.80,Closed - Paid,2023-04-10 10:40:48
ATHENA_CLINICS,118315,Westfield Surgical Center,AC1003045,Jacob,Schultz,1996-06-19,M,53795,(414) 555-0154,05/17/2024,,Urgent Care,1652373550,Dr. Nancy Jensen,N390,cold symptoms for a week,Blue Cross Blue Shield,$ 516.8,Paid,2024-05-25 18:59:20
ATHENA_CLINICS,132217,Eastgate Urgent Care,AC1006436,Jennifer,Harris,01/25/1999,F,54183,(414) 555-0174,06/14/2023,,Video Visit,1652373550,Dr. Nancy Jensen,J06.9,cold symptoms for a week,CIGNA HEALTH,USD 316.24,Paid,2023-07-05 05:10:34
ATHENA_CLINICS,116039,Summit Ridge Ortho,AC1004200,William,Jones,02/07/1975,M,54392,(608) 555-0197,2023-06-26,06-26-23,Out Patient,1062048420,"White, Paul",S93.401A,"fell on outstretched hand, wrist pain",Aetna,"$1,036.71  ",Paid,2023-06-28 23:10:56
ATHENA_CLINICS,102960,Eastgate Urgent Care,AC1002926,Laura,Novak,05/04/1984,F,53118,(262) 555-0145,09-03-24,2024-09-03,Virtual,1215711643,Dr. Brian Garcia-Lopez, U07.1 ,sore throat and fever,AETNA INC,149.27,Closed - Paid,2024-09-04 01:31:13
ATHENA_CLINICS,104241,Cedar Valley Family Clinic,AC1003895,Sandra,Kim,"March 14, 1967",F,52449,(563) 555-0111,04/15/2023,"April 15, 2023",Outpatient,1443256882,"Garcia, Michael",M54.50,joint stiffness in the morning,Medicare,$172.10,Denied,2023-04-26 13:54:34
ATHENA_CLINICS,130741,Summit Ridge Ortho,AC1002689,Grace,Moore,1966-07-09,F,53280,(608) 555-0116,"February 23, 2023",,Video Visit,1849518380,"Wright, Mary",M54.50,low back pain after lifting,,262.32,PAID,2023-03-04 15:08:03
ATHENA_CLINICS,137962,Westfield Surgical Center,AC1000653,Linda,Walker,09/18/1938,F,53132,(262) 555-0151,01/23/2024,2024-01-23,URGENT CARE,1608565176,Dr. Karen Van Dyke,R51.9,chest pain,Medicare - Part B,131.77,Denied,2024-01-27 08:04:04
ATHENA_CLINICS,110659,Cedar Valley Family Clinic,AC1000773,Michelle,Hansen,12/16/1959,F,52021,(319) 555-0111,2023-01-16,01/16/2023,Video Visit,1188357952,Dr. Katherine Nguyen,F41.1,"medication review, feeling stable",UHC,$61.92,Paid,2023-02-02 21:13:21
ATHENA_CLINICS,100503,Cedar Valley Family Clinic,AC1004945,Jessica,Young,09/11/1948,F,52440,(563) 555-0198,04/24/2023,,Video Visit,1018051544,"Martinez, Richard",J06.9,confusion and high fever,MEDICARE PART A,USD 95.81,Closed - Paid,2023-04-25 05:18:28
ATHENA_CLINICS,137355,Cedar Valley Family Clinic,AC1002815,William,Patel,1949-10-27,M,52427,(319) 555-0109,2023-08-25,,Clinic Visit,1188357952,"Nguyen, Katherine",Z00.00 - Encounter for general adult medical examination without abnormal findings,annual physical,Medicare,$216.93,Paid,2023-09-17 15:32:32
ATHENA_CLINICS,103610,Summit Ridge Orthopedic Clinic,AC1001543,Aaron,Kowalski,"October 29, 1961",M,53770,(262) 555-0133,07/28/2023,"July 28, 2023",OP,1849518380,"Wright, Mary",M1711,knee pain worse on stairs,UnitedHealthcare,"USD 1,496.95",Paid,2023-08-04 20:56:12
ATHENA_CLINICS,112291,Cedar Vly Family Clinic,AC1000182,William,Taylor,1974-01-01,M,52476,(563) 555-0139,2023-09-14,,Outpatient,1188357952,Dr. Katherine Nguyen,J029,burning on urination,CIGNA HEALTH,$250.88,PAID,2023-10-09 09:42:44
ATHENA_CLINICS,101167,CEDAR VALLEY FAMILY CLINIC,AC1002161,Thomas,Moore,2005-06-09,M,52415,(319) 555-0131,2023-11-16,,Office Visit,1844093249,Dr. Michael Lewis, J06.9 ,confusion and high fever,CIGNA HEALTH,$828.45,Paid,2023-12-08 09:33:20
ATHENA_CLINICS,125327,Summit Ridge Orthopedics,AC1001626,Hannah,Anderson,"May 13, 1978",F,53734,(920) 555-0180,03-13-24,03/13/2024,Clinic Visit,1849518380,Dr. Mary Wright,M54.50,knee pain worse on stairs,UnitedHealthcare,$527.13,Paid in Full,2024-03-31 09:08:47
ATHENA_CLINICS,130821,Eastgate Urgent Care,AC1006631,Maria,Larson,1970-02-26,F,53796,(414) 555-0129,"April 19, 2024","April 19, 2024",Urgent Care,1279264513.0,"Lewis, Sofia",R519,fever for two days,self-pay,425.16,Paid,2024-05-01 02:36:02
ATHENA_CLINICS,108808,Eastgate Urgent Care Center,AC1003238,William,Rodriguez,09/02/1957,M,54149,(608) 555-0147,03-18-23,,Walk-in Urgent,1652373550,"Jensen, Nancy",N39.0,confusion and high fever,MCR,204.55 USD,Closed - Paid,2023-03-31 17:24:25
ATHENA_CLINICS,102604,Cedar Vly Family Clinic,AC1006564,Grace,Schultz,09/17/2000,F,52008,(319) 555-0153,"February 16, 2023",2023-02-16,Office Visit,1188357952,"Nguyen, Katherine",Z00.00,flu shot,Medicaid,980.53 USD,PAID,2023-02-22 07:04:45
ATHENA_CLINICS,112411,Summit Ridge Orthopedics,AC1005917,Olivia,Johnson,04/05/1965,F,53119,(920) 555-0155,09/16/2023,09/16/2023,Clinic Visit,1849518380,"Wright, Mary",S52.501A,"fell on outstretched hand, wrist pain",Cigna,$ 1614.94,PAID,2023-10-07 02:49:05
ATHENA_CLINICS,104451,Eastgate Urgent Care,AC1006282,Matthew,Martinez,1969-06-16,M,53719,(608) 555-0113,01/13/2023,2023-01-13,UC,1608565176.0,"Van Dyke, Karen",S93.401A,"fell on outstretched hand, wrist pain",State Medicaid Plan,$138.87,Paid in Full,2023-01-16 22:51:16
ATHENA_CLINICS,132177,Cedar Valley Family Clinic,AC1001845,Mei,Kowalski,07/17/1954,F,52079,(563) 555-0172,07/26/2023,,Outpatient,1443256882,"Garcia, Michael",J06.9,confusion and high fever,Medicare,$729.33,PAID,2023-07-27 12:23:14
ATHENA_CLINICS,110085,Cedar Valley Family Clinic,AC1001759,Rajesh,Rodriguez,04/13/1971,M,52479,(563) 555-0113,2023-12-24,,Video Visit,1844093249,Dr. Michael Lewis,E10.9,fatigue and excessive thirst,IA Medicaid,$ 87.94,Paid,2023-12-30 13:00:33
ATHENA_CLINICS,111928,Eastgate Urgent Care Center,AC1006375,Mark,O'Brien,"February 15, 1946",M,53117,(920) 555-0161,09/13/2023,09/13/2023,Urgent Care,1652373550.0,"Jensen, Nancy",J06.9,sore throat and fever,BCBS,$181.88,Paid in Full,2023-10-07 15:19:57
ATHENA_CLINICS,128904,Cedar Valley Family Clinic,AC1006339,Kevin,Martinez,01/14/1962,M,52427,(563) 555-0180,04/27/2024,2024-04-27,Office Visit,1844093249,"Lewis, Michael",N39.0,fever and cough,UnitedHealthcare,669.81 USD,Closed - Paid,2024-05-22 22:23:56
ATHENA_CLINICS,132796,Summit Ridge Orthopedics,AC1001262,Nancy,Rodriguez,"November 4, 1957",F,54305,(414) 555-0110,01/21/2023,01-21-23,Out Patient,1739241960,"Thomas, William",M25.561,low back pain after lifting,Medicare - Part B,$ 210.09,Paid in Full,2023-02-04 21:20:49
ATHENA_CLINICS,104530,Cedar Valley Family Clinic,AC1002815,William,Patel,"October 27, 1949",M,52427,(319) 555-0109,2023-10-11,"October 11, 2023",Outpatient,1844093249.0,Dr. Michael Lewis,"M54.50 - Low back pain, unspecified",low back pain after lifting,Medicare,$1.50K,PAID,2023-10-30 17:08:31
ATHENA_CLINICS,104015,Cedar Valley Clinic,AC1005771,Mark,Peterson,10/21/1963,M,52028,(563) 555-0181,2023-10-24,10/24/2023,Outpatient,1188357952,Dr. Katherine Nguyen,N390,confusion and high fever,UnitedHealthcare,$158.16,Paid,2023-11-18 01:43:20
ATHENA_CLINICS,122630,Cedar Valley Family Clinic,AC1004723,Robert,Lee,"October 19, 1986",M,52495,(319) 555-0140,2024-02-01,02-01-24,Office Visit,1309765828,"Rodriguez, Maria",i50.22,"worsening breathlessness on exertion, weight up 3 kg",Self Pay,325.79 USD,Paid in Full,2024-02-05 21:49:19
ATHENA_CLINICS,115299,Eastgate Urgent Care Center,AC1000577,Luis,Hernandez,05/14/1960,M,53128,(608) 555-0180,11/30/2023,2023-11-30,Urgent Care,1608565176,"Van Dyke, Karen",S93401A,head injury after a fall,Aetna,279.48,PAID,2023-12-15 12:35:49
ATHENA_CLINICS,127506,Eastgate Urgent Care,AC1005482,Samuel,Miller,04/23/1964,M,54153,(262) 555-0162,06/29/2023,,TELEMED,1608565176,"Van Dyke, Karen",U07.1,fever and cough,IA Medicaid,$96.62,Paid,2023-07-04 16:23:03
ATHENA_CLINICS,116477,Summit Ridge Orthopedics,AC1004681,Anthony,Novak,1977-01-18,M,53202,(608) 555-0185,"July 27, 2024",07-27-24,Clinic Visit,1472855687,"Schmidt, Joseph",M54.50,joint stiffness in the morning,BadgerCare Plus,"$1,250.67",Paid,2024-07-28 00:23:03
ATHENA_CLINICS,126387,Cedar Valley Family Clinic,AC1001845,Mei,Kowalski,07/17/1954,F,52079,(563) 555-0172,09/03/2024,,Video Visit,1309765828,"Rodriguez, Maria",J06.9,confusion and high fever,MCR,$88.68,Paid in Full,2024-09-26 01:35:16
ATHENA_CLINICS,100513,Cedar Vly Family Clinic,AC1006009,Minh,Kowalski,"May 13, 1957",M,52044,(319) 555-0185,"September 1, 2023","September 1, 2023",OP,1309765828,"Rodriguez, Maria",M5450,low back pain after lifting,Blue Cross Blue Shield,,Rejected,2023-09-13 20:16:32
ATHENA_CLINICS,130849,Eastgate Urgent Care,AC1007238,Sandra,Davis,02/10/1955,F,53256,(920) 555-0189,2024-03-24,2024-03-24,URGENT CARE,1652373550,"Jensen, Nancy",J069,cold symptoms for a week,MEDICARE PART A,$ 317.84,Closed - Paid,2024-04-18 02:48:20
ATHENA_CLINICS,128068,EASTGATE UC,AC1006448,Kevin,Peterson,05/27/1971,M,53243,(920) 555-0117,10/21/2023,10/21/2023,URGENT CARE,1608565176,"Van Dyke, Karen",S52.501A,"fell on outstretched hand, wrist pain",SELFPAY,$582.97,PAID,2023-11-12 00:54:30
ATHENA_CLINICS,125252,East Gate Urgent Care,AC1005229,Hannah,Hall,"November 12, 1990",F,53153,(920) 555-0188,2023-07-19,07/19/2023,Telehealth,1284352816,"King, Sarah", J06.9 ,sore throat and fever,UHC,$ 247.57,Closed - Paid,2023-07-27 04:08:05
ATHENA_CLINICS,101199,Cedar Valley Family Clinic,AC1000817,Jennifer,Davis,1967-06-14,F,52491,(319) 555-0133,04/24/2023,"April 24, 2023",Telehealth,1844093249,Dr. Michael Lewis,U07.1,fever and cough,BCBS,160.60,Paid,2023-05-03 09:02:38
ATHENA_CLINICS,103411,Cedar Valley Family Clinic,AC1001500,Robert,Hoffman,1961-01-25,M,52082,(563) 555-0160,05/27/2023,,Office Visit,1188357952,Dr. Katherine Nguyen,J02.9,confusion and high fever,self-pay,"$1,246.20",Paid,2023-06-19 05:36:09
ATHENA_CLINICS,101733,Cedar Vly Family Clinic,AC1002765,Bill,Williams,11/03/1986,M,52445,(319) 555-0181,10/15/2023,,Telehealth,1215711643,"Garcia-Lopez, Brian",N18.6,kidney function review,AETNA INC,USD 84.56,Paid in Full,2023-11-07 07:48:17
ATHENA_CLINICS,133944,Summit Ridge Orthopedics,AC1002477,Tyler,Thompson,04/02/1979,M,53256,(920) 555-0148,2023-07-02,07/02/2023,Clinic Visit,1062048420,"White, Paul",S93401A,"fell on outstretched hand, wrist pain",UnitedHealthcare,$ 1635.15,PAID,2023-07-20 05:56:23
ATHENA_CLINICS,131962,Summit Ridge Ortho,AC1003539,Brian,Thompson,2000-03-11,M,53794,(608) 555-0147,2024-10-30,10/30/2024,Clinic Visit,1775003142,"Hall, Laura",M17.11,low back pain after lifting,MCR,$ 457.27,DENIED,2024-11-22 07:51:00
ATHENA_CLINICS,128562,Eastgate Urgent Care,AC1005229,Hannah,Hall,11/12/1990,F,53153,(920) 555-0188,2023-03-28,03/28/2023,URGENT CARE,1652373550,Dr. Nancy Jensen,"S52.501A - Unspecified fracture of the lower end of right radius, initial encounter for closed fracture",twisted ankle playing basketball,Aetna,$ 142.7,Cancelled,2023-04-12 10:15:20
ATHENA_CLINICS,114785,Summit Ridge Orthopedic Clinic,AC1002753,Paul,King,"September 1, 1972",M,53159,(920) 555-0180,04-11-24,,Office Visit,1775003142,"Hall, Laura",M17.0,low back pain after lifting,AETNA INC,$637.16,Void,2024-05-06 23:26:06
ATHENA_CLINICS,123797,Cedar Valley Family Clinic,AC1005554,ANA,SMITH,1957-12-20,F,52022,(319) 555-0104,03/15/2024,,Video Visit,1215711643,"Garcia-Lopez, Brian",e11.9,diabetic follow-up and medication refill,MCR,191.06 USD,Closed - Paid,2024-03-31 16:58:43
ATHENA_CLINICS,106582,Eastgate Urgent Care,AC1002632,Linda,Jones,1975-07-29,F,53281,(414) 555-0121,06-29-23,06/29/2023,UC,1279264513,"Lewis, Sofia",R51.9,fever for two days,SELFPAY,$282.97  ,Paid,2023-07-14 07:43:35
ATHENA_CLINICS,114525,Cedar Valley Family Clinic,AC1006009,Minh,Kowalski,1957-05-13,M,52044,(319) 555-0185,"August 19, 2023",2023-08-19,Virtual,1309765828,"Rodriguez, Maria",I50.32,"worsening breathlessness on exertion, weight up 3 kg",Aetna,223.41,Rejected,2023-08-23 06:21:53
ATHENA_CLINICS,132883,EASTGATE UC,AC1001789,Olivia,Schultz,11/20/1981,F,54106,(414) 555-0154,"April 8, 2023",,Walk-in Urgent,1608565176,Dr. Karen Van Dyke,J02.9,confusion and high fever,BadgerCare Plus,124.38,Closed - Paid,2023-04-14 04:01:01
ATHENA_CLINICS,124869,Cedar Valley Family Clinic,AC1006873,Richard,Clark,1972-05-26,M,52096,(319) 555-0106,2024-04-06,04-06-24,OP,1215711643,"Garcia-Lopez, Brian",E11.22,high blood sugar readings at home,UHC,$614.33,Paid,2024-04-14 01:30:23
ATHENA_CLINICS,105260,Eastgate Urgent Care,AC1002728,David,Jensen,1992-08-04,M,53132,(262) 555-0138,2023-05-29,,Walk-in Urgent,1608565176,"Van Dyke, Karen",J06.9,burning on urination,AETNA INC,222.02,Paid in Full,2023-06-12 03:19:26
ATHENA_CLINICS,126541,Summit Ridge Ortho,AC1006033,Mark,Young,1975-01-29,M,54365,(608) 555-0109,2024-02-05,,OP,1775003142,"Hall, Laura",S93401A,"fell on outstretched hand, wrist pain",BadgerCare Plus,"$3,374.88",Paid,2024-02-18 22:14:07
ATHENA_CLINICS,121303,Cedar Valley Family Clinic,AC1005672,Ana,Thompson,1955-10-31,F,52434,(563) 555-0150,"September 20, 2024",2024-09-20,Office Visit,1443256882,"Garcia, Michael",J449,"COPD review, breathing stable",Medicare - Part B,"$2,355.16",DENIED,2024-09-27 03:19:40
ATHENA_CLINICS,118689,Eastgate Urgent Care,AC1003479,Daniel,Olson,08/10/1967,M,54327,(608) 555-0186,2024-01-06,2024-01-06,Walk-in Urgent,1284352816,Dr. Sarah King,J06.9,burning on urination,Workers Comp,236.69 USD,Paid in Full,2024-01-28 03:39:59
ATHENA_CLINICS,103141,Eastgate Urgent Care,AC1005737,Jacob,Moore,1983-04-24,M,54138,(414) 555-0173,"October 3, 2023",,Video Visit,1284352816,"King, Sarah",U07.1,cold symptoms for a week,AETNA INC,84.77,VOIDED,2023-10-22 17:28:28
ATHENA_CLINICS,102991,Summit Ridge Orthopedics,AC1007407,Joshua,Lee,2003-10-15,M,53239,(608) 555-0154,02/05/2023,2023-02-05,Out Patient,1739241960,"Thomas, William",M25.561,joint stiffness in the morning,UnitedHealthcare,$202.01,PAID,2023-02-13 19:46:20
ATHENA_CLINICS,139968,Summit Ridge Orthopedics,AC1002689,Grace,Moore,"July 9, 1966",F,53280,(608) 555-0116,"October 31, 2024",2024-10-31,Clinic Visit,1775003142,"Hall, Laura",M17.11,joint stiffness in the morning,Uninsured,"$3,265.22",Denied,2024-11-25 18:53:31
ATHENA_CLINICS,103961,Eastgate Urgent Care,AC1003288,Samuel,Johnson,1988-05-07,M,53737,(920) 555-0108,09/18/2024,,TELEMED,1652373550,"Jensen, Nancy",U07.1,cold symptoms for a week,BadgerCare Plus,$148.89  ,DENIED,2024-09-29 07:43:59
ATHENA_CLINICS,126491,Summit Ridge Ortho,AC1001543,Aaron,Kowalski,10/29/1961,M,53770,(262) 555-0133,05/12/2023,,OP,1739241960,"Thomas, William",M54.50,knee pain worse on stairs,Aetna,221.61,Closed - Paid,2023-05-29 05:45:15
ATHENA_CLINICS,101012,Cedar Valley Family Clinic,AC1005771,Mark,Peterson,"October 21, 1963",M,52028,(563) 555-0181,08-20-23,,Outpatient,1188357952,"Nguyen, Katherine",N39.0,cold symptoms for a week,UnitedHealthcare,$1.63K,Paid in Full,2023-08-23 08:56:19
ATHENA_CLINICS,110762,East Gate Urgent Care,AC1007388,Fatima,Nguyen,1955-03-08,F,53219,(262) 555-0122,06/17/2023,06-17-23,Walk-in Urgent,1284352816,"King, Sarah",U07.1,fever and cough,MEDICARE PART A,$288.88,Paid,2023-07-07 12:48:27
ATHENA_CLINICS,121545,East Gate Urgent Care,AC1006908,Karen,Novak,02/23/1988,F,53707,(414) 555-0128,2024-05-30,05/30/2024,Walk-in Urgent,1652373550,Dr. Nancy Jensen,j06.9,confusion and high fever,BadgerCare Plus,$261.05,PAID,2024-06-04 10:51:17
ATHENA_CLINICS,124134,Cedar Valley Family Clinic,AC1006079,Patricia,O'Brien,06/05/1974,F,52095,(319) 555-0182,02-22-23,,Outpatient,1018051544,"Martinez, Richard",I50.22,"heart failure follow-up, fluid tablets review",UHC,1864.77,Paid,2023-03-16 22:49:05
ATHENA_CLINICS,133839,Eastgate Urgent Care,AC1000316,James,Novak,01/29/1948,M,53193,(414) 555-0184,08/18/2023,,UC,1608565176,Dr. Karen Van Dyke, N39.0 ,fever and cough,Medicare - Part B,$150.54,Paid,2023-08-22 12:16:01
ATHENA_CLINICS,101720,Cedar Valley Family Clinic,AC1005051,Kevin,Wilson,09/03/1980,M,52091,(319) 555-0168,04-01-24,2024-04-01,OP,1215711643,"Garcia-Lopez, Brian",Z00.00,well child visit,AETNA INC,$120.32,Paid in Full,2024-04-24 03:40:15
ATHENA_CLINICS,103334,Cedar Valley Family Clinic,AC1007041,Aaron,Nguyen,1970-12-15,M,52414,(319) 555-0163,2024-05-08,,Video Visit,1215711643,Dr. Brian Garcia-Lopez,J44.9,"short of breath, using rescue inhaler more often",State Medicaid Plan,$69.04,PAID,2024-05-13 22:45:00
ATHENA_CLINICS,127901,Summit Ridge Orthopedics,AC1004315,Minh,Lewis,1943-05-28,M,53280,(608) 555-0137,07/28/2023,07-28-23,Clinic Visit,1739241960,Dr. William Thomas,S52.501A,"fell on outstretched hand, wrist pain",MCR,$895.86  ,VOIDED,2023-08-11 10:00:42
ATHENA_CLINICS,116331,Cedar Valley Family Clinic,AC1004886,Chloe,Patel,1964-03-02,F,52483,(563) 555-0188,"July 3, 2024",,Outpatient,1309765828,Dr. Maria Rodriguez,E11.22,confusion with very high glucose,CIGNA HEALTH,$ 427.99,Denied,2024-07-06 23:41:11
ATHENA_CLINICS,125363,Eastgate Urgent Care,AC1001747,Thomas,Nguyen,1951-05-28,M,54140,(920) 555-0109,03-26-23,,Walk-in Urgent,1608565176,Dr. Karen Van Dyke,J06.9,sore throat and fever,Aetna,$ 152.35,DENIED,2023-04-04 19:41:47
ATHENA_CLINICS,113584,Eastgate Urgent Care,AC1003867,William,Hall,1961-05-28,M,54190,(608) 555-0111,"August 1, 2024",08/01/2024,UC,1284352816,Dr. Sarah King,J02.9,cold symptoms for a week,BCBS,133.59,Closed - Paid,2024-08-06 04:10:34
ATHENA_CLINICS,131072,CEDAR VALLEY FAMILY CLINIC,AC1003731,Grace,Anderson,"August 27, 1984",F,52416,(319) 555-0139,"May 12, 2023",,Out Patient,1309765828.0,"Rodriguez, Maria",j06.9,confusion and high fever,MEDICAID,$ 1079.08,Closed - Paid,2023-05-20 01:30:43
ATHENA_CLINICS,129193,Summit Ridge Orthopedics,AC1003539,Brian,Thompson,2000-03-11,M,53794,(608) 555-0147,08-14-24,"August 14, 2024",Telehealth,1849518380,Dr. Mary Wright,m17.11,joint stiffness in the morning,MEDICARE PART A,72.86 USD,Void,2024-08-17 21:22:54
ATHENA_CLINICS,114009,Summit Ridge Orthopedics,AC1001543,Aaron,Kowalski,"October 29, 1961",M,53770,(262) 555-0133,2024-05-23,"May 23, 2024",Office Visit,1062048420,"White, Paul",M54.50,low back pain after lifting,Aetna,"$1,281.65  ",Paid in Full,2024-05-25 01:39:38
ATHENA_CLINICS,126894,Eastgate Urgent Care Center,AC1000955,Joshua,Harris,1987-08-13,M,53162,(262) 555-0152,2024-04-04,,UC,1652373550,Dr. Nancy Jensen,S93.401A,head injury after a fall,Tricare,521.08 USD,Paid,2024-04-06 07:38:12
ATHENA_CLINICS,103241,Summit Ridge Orthopedics,AC1002753,Paul,King,09/01/1972,M,53159,(920) 555-0180,02/07/2024,,Clinic Visit,1062048420,"White, Paul",M25.561,knee pain worse on stairs,CIGNA HEALTH,737.39,Paid in Full,2024-02-21 23:45:35
ATHENA_CLINICS,113795,Eastgate Urgent Care,AC1007028,David,Miller,08/05/1966,M,54344,(414) 555-0149,07/13/2023,,Walk-in Urgent,1284352816,Dr. Sarah King,U071,cold symptoms for a week,SELFPAY,204.66,Closed - Paid,2023-07-29 08:21:13
ATHENA_CLINICS,103880,Eastgate Urgent Care,AC1007028,David,Miller,1966-08-05,M,54344,(414) 555-0149,05-02-24,"May 2, 2024",UC,1608565176,Dr. Karen Van Dyke,J02.9,confusion and high fever,Self Pay,$552.42,PAID,2024-05-27 07:17:13
ATHENA_CLINICS,131748,Eastgate Urgent Care,AC1007028,David,Miller,08/05/1966,M,54344,(414) 555-0149,04/26/2023,,URGENT CARE,1652373550,"Jensen, Nancy",U07.1,burning on urination,self-pay,$250.37,Closed - Paid,2023-05-04 16:54:01
ATHENA_CLINICS,119853,Summit Ridge Orthopedics,AC1002753,Paul,King,1972-09-01,M,53159,(920) 555-0180,11/22/2023,,Clinic Visit,1775003142,"Hall, Laura",M17.0 - Bilateral primary osteoarthritis of knee,joint stiffness in the morning,CIGNA HEALTH,248.93,Closed - Paid,2023-11-28 05:57:49
ATHENA_CLINICS,107549,East Gate Urgent Care,AC1006137,Rajesh,Hansen,1937-05-31,M,54328,(262) 555-0131,"November 15, 2023",11/15/2023,TELEMED,1608565176,"Van Dyke, Karen",J06.9,fever and cough,Medicare,$ 105.44,Paid in Full,2023-11-26 13:25:21
ATHENA_CLINICS,103861,Eastgate Urgent Care,AC1002489,Susan,Wright,1969-12-21,F,53142,(608) 555-0160,"November 23, 2023",11/23/2023,UC,1279264513.0,"Lewis, Sofia",R51.9,severe headache,Blue Cross Blue Shield,$383.36,Paid in Full,2023-12-06 03:06:06
ATHENA_CLINICS,120722,Eastgate Urgent Care,AC1000216,Andrew,Brown,1943-08-07,M,54139,(414) 555-0176,02/08/2023,,URGENT CARE,1279264513,"Lewis, Sofia",S52.501A,"fell on outstretched hand, wrist pain",Medicare,$176.81,PAID,2023-02-18 22:19:02
ATHENA_CLINICS,125007,Eastgate Urgent Care,AC1000849,Matthew,Lee,06/03/1983,M,53728,(920) 555-0180,2023-05-21,,Walk-in Urgent,1279264513,"Lewis, Sofia",S52.501A,twisted ankle playing basketball,UnitedHealthcare,USD 270.07,PAID,2023-06-05 23:23:26
ATHENA_CLINICS,115660,SUMMIT RIDGE ORTHOPAEDICS,AC1000670,Ryan,Hernandez,1950-12-11,M,53704,(920) 555-0152,2024-05-24,2024-05-24,Out Patient,1849518380,Dr. Mary Wright,M25.561,low back pain after lifting,Medicare - Part B,644.31 USD,Paid in Full,2024-06-17 07:00:11
ATHENA_CLINICS,129035,Eastgate Urgent Care,AC1001157,Michelle,Thompson,"July 4, 1998",F,54366,(920) 555-0106,2024-09-15,,Urgent Care,1284352816,"King, Sarah",U07.1,burning on urination,BadgerCare Plus,$482.12,Rejected,2024-10-07 22:42:45
ATHENA_CLINICS,121211,Summit Ridge Orthopedics,AC1007099,Rebecca,Clark,"June 4, 1948",F,54174,(262) 555-0184,2024-04-29,04/29/2024,Outpatient,1062048420,"White, Paul",M17.11,knee pain worse on stairs,TRICARE,"$3,483.24",Paid in Full,2024-05-06 08:27:57
ATHENA_CLINICS,138068,Cedar Valley Family Clinic,AC1003439,James,Novak,02/16/1959,M,52427,(319) 555-0117,01/07/2023,,OP,1188357952,"Nguyen, Katherine",E11.9,fatigue and excessive thirst,Aetna,"1,482.23 USD",Closed - Paid,2023-01-26 11:54:07
ATHENA_CLINICS,138064,Summit Ridge Orthopedic Clinic,AC1004536,Lisa,King,08/01/1978,F,54304,(920) 555-0136,10/28/2024,,Out Patient,1739241960,"Thomas, William", M17.0 ,joint stiffness in the morning,BCBS,$968.51,Paid in Full,2024-10-29 20:39:45
ATHENA_CLINICS,103658,EASTGATE UC,AC1007220,Sofia,Thompson,07/19/1975,F,53162,(608) 555-0180,"May 21, 2024",,URGENT CARE,1652373550,"Jensen, Nancy",J02.9,burning on urination,UHC,517.74,PAID,2024-05-26 07:11:54
ATHENA_CLINICS,122236,Eastgate Urgent Care,AC1003238,William,Rodriguez,09/02/1957,M,54149,(608) 555-0147,2024-08-06,"August 6, 2024",URGENT CARE,1279264513,"Lewis, Sofia",J06.9,fever and cough,MCR,376.22,Closed - Paid,2024-08-09 19:06:03
ATHENA_CLINICS,107411,Summit Ridge Ortho,AC1007306,Sandra,Davis,12/14/1984,F,53773,(920) 555-0146,03/09/2024,,Outpatient,1739241960,Dr. William Thomas,s93.401a,"fell on outstretched hand, wrist pain",AETNA INC,"$1,066.32",Closed - Paid,2024-03-13 11:54:33
ATHENA_CLINICS,135134,Cedar Valley Family Clinic,AC1000043,AARON,OLSON,1968-09-09,M,52093,(319) 555-0191,2023-10-18,10/18/2023,Outpatient,1309765828,"Rodriguez, Maria",Z23,well child visit,UHC,170.56 USD,DENIED,2023-11-08 16:38:51
ATHENA_CLINICS,125527,Eastgate Urgent Care Center,AC1000993,Lisa,Lewis,1977-05-17,F,54173,(608) 555-0178,02-04-23,2023-02-04,Walk-in Urgent,1284352816,Dr. Sarah King,"J06.9 - Acute upper respiratory infection, unspecified",confusion and high fever,Blue Cross Blue Shield,208.04 USD,Closed - Paid,2023-03-01 01:56:54
ATHENA_CLINICS,106313,Cedar Valley Family Clinic,AC1005101,Priya,Rodriguez,11/27/1983,F,52068,(319) 555-0154,2024-02-18,,Clinic Visit,1309765828,"Rodriguez, Maria",I5032,"worsening breathlessness on exertion, weight up 3 kg",UnitedHealthcare,$140.73,Closed - Paid,2024-03-02 14:30:08
ATHENA_CLINICS,136782,Summit Ridge Orthopedics,AC1003359,Jennifer,O'Brien,"August 15, 1948",F,53123,(608) 555-0161,2023-06-22,,Office Visit,1849518380,"Wright, Mary",M25.561,low back pain after lifting,Medicare - Part B,"USD 1,109.24",Paid,2023-07-14 08:32:13
ATHENA_CLINICS,112704,Eastgate Urgent Care,AC1000282,Nancy,Lee,1991-09-16,F,53794,(608) 555-0167,2023-09-26,09-26-23,Urgent Care,1608565176,"Van Dyke, Karen",R51.9,fever for two days,Aetna,see itemized bill,Paid,2023-10-11 16:59:46
ATHENA_CLINICS,118603,Eastgate Urgent Care,AC1005737,Jacob,Moore,1983-04-24,M,54138,(414) 555-0173,"February 1, 2024",02/01/2024,UC,1652373550,"Jensen, Nancy",N39.0,fever and cough,UHC,$433.12,PAID,2024-02-26 16:57:53
ATHENA_CLINICS,118506,Eastgate Urgent Care,AC1002801,PRIYA,JACKSON,11/15/1950,F,53260,(414) 555-0165,05/06/2023,,Urgent Care,1652373550,"Jensen, Nancy",n39.0,cold symptoms for a week,Medicare - Part B,$586.77,Paid,2023-05-27 18:55:16
ATHENA_CLINICS,139823,Westfield Surgical Center,AC1003764,ANDREW,HARRIS,"September 16, 1953",M,53225,(920) 555-0196,05/31/2024,,URGENT CARE,1279264513,Dr. Sofia Lewis,J02.9,burning on urination,MCR,206.79,Closed - Paid,2024-06-06 19:41:12
ATHENA_CLINICS,104610,Summit Ridge Orthopedics,AC1006044,Sandra,Hoffman,1999-02-23,F,54150,(608) 555-0100,"April 12, 2023",04-12-23,OP,1739241960,Dr. William Thomas,M25.561,joint stiffness in the morning,Aetna,"$3,761.16",PAID,2023-04-25 00:07:50
ATHENA_CLINICS,117487,Cedar Valley Family Clinic,AC1002292,Noah,Larson,1960-04-06,M,52414,(319) 555-0127,12/03/2023,,Outpatient,1018051544,"Martinez, Richard","J44.9 - Chronic obstructive pulmonary disease, unspecified",increased cough and wheezing,BCBS,$134.05,Closed - Paid,2023-12-12 08:16:47
ATHENA_CLINICS,137769,CEDAR VALLEY FAMILY CLINIC,AC1002029,Sarah,Kowalski,1970-03-15,F,52042,(563) 555-0101,07-09-24,,Telehealth,1844093249,Dr. Michael Lewis,J069,fever and cough,Aetna,USD 197.61,PAID,2024-08-03 05:54:19
ATHENA_CLINICS,117257,EASTGATE UC,AC1004287,Michael,Jackson,03/04/1964,M,54309,(608) 555-0109,2024-05-23,05/23/2024,Urgent Care,1284352816,Dr. Sarah King,J069,confusion and high fever,Cigna,$436.14,PAID,2024-06-05 21:04:36
ATHENA_CLINICS,119238,EASTGATE UC,AC1005291,Omar,Walker,"April 4, 1944",M,53270,(262) 555-0117,01/10/2023,,Walk-in Urgent,1652373550,Dr. Nancy Jensen,u07.1,fever and cough,MCR,448.14 USD,DENIED,2023-01-15 20:38:08
ATHENA_CLINICS,123034,CEDAR VALLEY FAMILY CLINIC,AC1007041,Aaron,Nguyen,1970-12-15,M,52414,(319) 555-0163,2024-06-15,,Outpatient,1215711643,"Garcia-Lopez, Brian",N39.0,fever and cough,BadgerCare Plus,$810.79,PAID,2024-07-05 12:22:33
ATHENA_CLINICS,114137,SUMMIT RIDGE ORTHOPAEDICS,AC1003971,Linda,Smith,1961-02-08,F,53780,(920) 555-0196,07/04/2024,"July 4, 2024",OP,1739241960,"Thomas, William","M17.11 - Unilateral primary osteoarthritis, right knee",knee pain worse on stairs,MEDICAID,see itemized bill,Paid,2024-07-20 22:19:24
ATHENA_CLINICS,126774,Cedar Vly Family Clinic,AC1006873,Richard,Clark,"May 26, 1972",M,52096,(319) 555-0106,04/08/2023,,TELEMED,1844093249,Dr. Michael Lewis,F41.1,low mood and poor sleep,Cigna,USD 339.67,Paid,2023-04-29 01:41:44
ATHENA_CLINICS,126060,Eastgate Urgent Care,AC1006246,LINDA,NOVAK,"May 31, 1977",F,53150,(414) 555-0132,"September 21, 2024",,URGENT CARE,1279264513,"Lewis, Sofia",J02.9,cold symptoms for a week,Medicaid,$305.52,Closed - Paid,2024-10-13 05:35:50
ATHENA_CLINICS,101089,Cedar Valley Family Clinic,AC1002831,Minh,Garcia,"June 23, 1984",M,52043,(563) 555-0138,"June 23, 2023",,OP,1018051544,"Martinez, Richard",Z23,well child visit,AETNA INC,$120.85,Paid in Full,2023-06-30 22:55:59
ATHENA_CLINICS,117791,Eastgate Urgent Care Center,AC1001718,Michelle,Larson,1944-02-02,F,53736,(608) 555-0163,02/04/2024,02/04/2024,Urgent Care,1608565176,Dr. Karen Van Dyke,U07.1,burning on urination,Medicare,USD 161.04,Paid,2024-02-20 11:00:25
ATHENA_CLINICS,137772,Cedar Valley Family Clinic,AC1004332,Mary,Martin,01/14/1947,F,52093,(563) 555-0186,2024-11-09,,TELEMED,1309765828,Dr. Maria Rodriguez,J069,sore throat and fever,MEDICARE PART A,$ 165.3,Paid in Full,2024-11-17 23:21:59
ATHENA_CLINICS,134858,East Gate Urgent Care,AC1007238,Sandra,Davis,02/10/1955,F,53256,(920) 555-0189,05/02/2023,,Walk-in Urgent,1652373550.0,"Jensen, Nancy", S93.401A ,head injury after a fall,Medicare,$523.56,Paid,2023-05-20 02:39:17
ATHENA_CLINICS,104167,Cedar Valley Family Clinic,AC1005190,Michael,Thomas,03/10/1965,M,52009,(319) 555-0155,05/12/2024,,Out Patient,1443256882,Dr. Michael Garcia,N390,cold symptoms for a week,UHC,N/A,Closed - Paid,2024-05-24 09:17:30
ATHENA_CLINICS,132704,Cedar Valley Family Clinic,AC1000153,Thomas,Walker,01/25/1963,M,52482,(563) 555-0159,07-17-24,07/17/2024,Telehealth,1309765828,"Rodriguez, Maria",E10.9,numbness in both feet,State Medicaid Plan,$67.89,Paid,2024-07-21 14:45:43
ATHENA_CLINICS,123498,Cedar Valley Clinic,AC1002292,Noah,Larson,04/06/1960,M,52414,(319) 555-0127,2023-01-21,01/21/2023,Video Visit,1215711643,Dr. Brian Garcia-Lopez,I10,blood pressure check,UnitedHealthcare,259.85,Paid in Full,2023-02-12 06:52:43
ATHENA_CLINICS,136067,Eastgate Urgent Care,AC1004188,Rebecca,Taylor,1987-07-09,F,53278,(608) 555-0189,09-05-24,,URGENT CARE,1215711643,"Garcia-Lopez, Brian",u07.1,confusion and high fever,CIGNA HEALTH,USD 392.48,Closed - Paid,2024-09-20 20:27:43
ATHENA_CLINICS,132172,Eastgate Urgent Care,AC1002580,Laura,Young,1969-06-26,F,53263,(920) 555-0134,01/08/2024,01/08/2024,Walk-in Urgent,1279264513,Dr. Sofia Lewis,S52.501A,"fell on outstretched hand, wrist pain",CIGNA HEALTH,$279.40,Closed - Paid,2024-01-25 09:19:45
ATHENA_CLINICS,114074,EASTGATE UC,AC1006137,Rajesh,Hansen,"May 31, 1937",M,54328,(262) 555-0131,"March 22, 2023",03/22/2023,UC,1608565176,Dr. Karen Van Dyke,N39.0,cold symptoms for a week,MCR,$256.65  ,PAID,2023-03-23 22:31:17
ATHENA_CLINICS,125003,Cedar Valley Family Clinic,AC1000664,Joshua,Harris,12/28/1980,M,52052,(319) 555-0169,05/05/2023,,Out Patient,1443256882,"Garcia, Michael",I10,headache with elevated blood pressure,AETNA INC,$310.59,Closed - Paid,2023-05-11 02:35:43
ATHENA_CLINICS,115340,Eastgate Urgent Care Center,AC1000663,Andrew,Johnson,1968-04-14,M,53153,(608) 555-0116,07/20/2023,,TELEMED,1608565176,Dr. Karen Van Dyke,see notes,cold symptoms for a week,Cigna,168.23,Closed - Paid,2023-08-07 09:18:37
ATHENA_CLINICS,118236,Eastgate Urgent Care,AC1002489,Susan,Wright,"December 21, 1969",F,53142,(608) 555-0160,06-25-23,06/25/2023,URGENT CARE,1608565176,Dr. Karen Van Dyke,N39.0,cold symptoms for a week,AETNA INC,USD 207.77,Closed - Paid,2023-07-08 09:45:16
ATHENA_CLINICS,103335,SUMMIT RIDGE ORTHOPAEDICS,AC1004072,Hannah K,Moore,1948-04-23,F,54166,(920) 555-0163,10/09/2024,2024-10-09,OP,1062048420,Dr. Paul White,S93.401A,"fell on outstretched hand, wrist pain",Medicare,$ 326.86,Closed - Paid,2024-10-22 15:23:01
ATHENA_CLINICS,122174,Eastgate Urgent Care,AC1000612,Emily,Williams,12/25/1966,F,53191,(414) 555-0146,11/20/2023,,Urgent Care,1279264513,"Lewis, Sofia",U07.1,burning on urination,Self Pay,$160.69,Paid in Full,2023-12-08 20:56:05
ATHENA_CLINICS,122534,Summit Ridge Orthopedics,AC1000670,Ryan,Hernandez,1950-12-11,M,53704,(920) 555-0152,11-19-23,"November 19, 2023",Out Patient,1062048420.0,Dr. Paul White,"M17.11 - Unilateral primary osteoarthritis, right knee",low back pain after lifting,MCR,3390.20,Cancelled,2023-12-11 09:37:13
ATHENA_CLINICS,119349,Cedar Valley Family Clinic,AC1002280,Barbara,Wagner,07/17/1948,F,52426,(563) 555-0156,2024-09-17,09/17/2024,OP,1309765828,Dr. Maria Rodriguez,J44.9,"short of breath, using rescue inhaler more often",Medicare - Part B,1694.60,PAID,2024-10-10 16:26:18
ATHENA_CLINICS,129389,East Gate Urgent Care,AC1000933,Sarah,Schmidt,1976-05-17,F,61193,(815) 555-0197,09/02/2023,2023-09-02,Urgent Care,1652373550,Dr. Nancy Jensen,J06.9,cold symptoms for a week,AETNA INC,USD 213.90,Denied,2023-09-22 06:14:21
ATHENA_CLINICS,126317,Cedar Valley Family Clinic,AC1004820,Ana,Schmidt,"August 3, 1967",F,52423,(319) 555-0158,2023-06-17,,TELEMED,1443256882.0,Dr. Michael Garcia, N18.4 ,"missed dialysis session, feeling weak",CIGNA HEALTH,USD 169.31,Paid,2023-06-21 01:42:16
ATHENA_CLINICS,106663,Cedar Valley Family Clinic,AC1001759,Rajesh,Rodriguez,04/13/1971,M,52479,(563) 555-0113,2024-05-16,,Outpatient,1844093249,"Lewis, Michael",E1122,numbness in both feet,State Medicaid Plan,"$2,356.03",Paid in Full,2024-06-07 03:25:51
ATHENA_CLINICS,104037,Summit Ridge Orthopedics,AC1001992,Jessica,Hansen,09/12/1963,F,53265,(262) 555-0112,2024-02-15,,Clinic Visit,1062048420,Dr. Paul White,M25.561,low back pain after lifting,BCBS,$576.00  ,DENIED,2024-03-06 23:49:51
ATHENA_CLINICS,119103,Summit Ridge Orthopedics,AC1003971,Linda,Smith,02/08/1961,F,53780,(920) 555-0196,04/13/2024,04/13/2024,Office Visit,1739241960,"Thomas, William",M17.0,joint stiffness in the morning,BadgerCare Plus,"USD 1,686.06",Closed - Paid,2024-05-07 05:17:32
ATHENA_CLINICS,122562,Cedar Vly Family Clinic,AC1005788,Priya,Johnson,01/14/1973,F,52402,(319) 555-0157,11/26/2023,,Video Visit,1188357952,"Nguyen, Katherine", U07.1 ,cold symptoms for a week,State Medicaid Plan,$209.32,DENIED,2023-12-02 01:15:18
ATHENA_CLINICS,134603,Cedar Vly Family Clinic,AC1000328,Joseph,Hernandez,1966-02-01,M,52403,(563) 555-0124,01/20/2023,01/20/2023,Outpatient,1443256882,"Garcia, Michael",J069,confusion and high fever,Cigna,$542.14,Closed - Paid,2023-02-10 16:22:22
ATHENA_CLINICS,114360,Summit Ridge Ortho,AC1000673,Jennifer,Olson,1965-09-27,F,54163,(920) 555-0185,03/19/2023,,OP,1062048420,"White, Paul",S52.501A,head injury after a fall,SELFPAY,260.66,PAID,2023-04-12 23:20:12
ATHENA_CLINICS,113101,CEDAR VALLEY FAMILY CLINIC,AC1003959,Hannah,Williams,01/16/1964,F,52487,(563) 555-0178,05/18/2023,,Office Visit,1844093249,"Lewis, Michael",Z00.00,annual physical,BCBS,$969.52  ,Paid,2023-05-27 00:17:15
ATHENA_CLINICS,135506,Eastgate Urgent Care,AC1003420,Richard,Kim,03/28/1989,M,53703,(262) 555-0188,2023-11-04,,UC,1279264513.0,"Lewis, Sofia",U07.1,sore throat and fever,AETNA INC,USD 284.95,Closed - Paid,2023-11-16 14:05:40
ATHENA_CLINICS,138070,Cedar Vly Family Clinic,AC1003439,James,Novak,02/16/1959,M,52427,(319) 555-0117,2024-06-02,,Out Patient,1309765828,"Rodriguez, Maria",E11.9,numbness in both feet - callback (319) 555-0117,AETNA INC,N/A,Paid,2024-06-26 18:41:32
ATHENA_CLINICS,138335,Eastgate Urgent Care,AC1006159,James,Lewis,"May 22, 1941",M,53274,(920) 555-0102,02-04-24,,UC,1279264513,Dr. Sofia Lewis,N39.0,sore throat and fever,Medicare - Part B,209.72 USD,Closed - Paid,2024-02-05 21:47:36
ATHENA_CLINICS,120415,Eastgate Urgent Care,AC1000880,Paul,Mueller,1981-12-11,M,54382,(414) 555-0182,10/20/2023,10/20/2023,TELEMED,1652373550,Dr. Nancy Jensen,U07.1,fever and cough,UHC,106.46,PAID,2023-11-06 13:46:20
ATHENA_CLINICS,130027,Eastgate Urgent Care,AC1003198,Elizabeth K,Nelson,1945-12-20,F,53706,(414) 555-0102,06-25-23,2023-06-25,Urgent Care,1652373550,"Jensen, Nancy",J029,burning on urination,MCR,201.20,Closed - Paid,2023-06-29 17:53:47
ATHENA_CLINICS,115083,Eastgate Urgent Care,AC1000653,Linda,Walker,09/18/1938,F,53132,(262) 555-0151,2023-05-09,05-09-23,Urgent Care,1284352816,"King, Sarah",S52.501A,head injury after a fall,MEDICARE PART A,197.55 USD,Closed - Paid,2023-05-26 16:51:30
ATHENA_CLINICS,106733,Summit Ridge Ortho,AC1001262,Nancy,Rodriguez,11/04/1957,F,54305,(414) 555-0110,04/07/2023,04/07/2023,Outpatient,1849518380,"Wright, Mary",M17.11,low back pain after lifting,MEDICARE PART A,"$3,594.98",PAID,2023-04-11 04:06:18
ATHENA_CLINICS,107766,Summit Ridge Orthopedic Clinic,AC1003359,Jennifer,O'Brien,08/15/1948,F,53123,(608) 555-0161,"October 2, 2024",,Outpatient,1739241960,"Thomas, William",M17.11,low back pain after lifting,,"$1,945.44",Rejected,2024-10-17 09:12:56
ATHENA_CLINICS,135849,Cedar Valley Family Clinic,AC1006465,Andrew,Harris,1974-10-13,M,52424,(319) 555-0184,09/09/2023,"September 9, 2023",Office Visit,1188357952,"Nguyen, Katherine", J06.9 ,fever and cough,self-pay,$996.35,Denied,2023-09-28 12:52:25
ATHENA_CLINICS,114668,Cedar Valley Family Clinic,AC1003028,ANTHONY,HARRIS,"July 2, 1951",M,52441,(319) 555-0132,09/14/2024,09/14/2024,Outpatient,1309765828,Dr. Maria Rodriguez,n18.4,kidney function review,MEDICARE PART A,$169.45,CANCELLED,2024-10-04 09:07:11
ATHENA_CLINICS,100490,Cedar Vly Family Clinic,AC1004886,Chloe,Patel,03/02/1964,F,52483,(563) 555-0188,"March 27, 2023",,Telehealth,1215711643.0,Dr. Brian Garcia-Lopez,E11.9,confusion with very high glucose,AETNA INC,$ 171.82,Rejected,2023-04-21 19:04:03
ATHENA_CLINICS,137434,Eastgate Urgent Care,AC1006715,Paul,Lee,06/23/1968,M,53258,(414) 555-0107,04/22/2024,04/22/2024,UC,1279264513,Dr. Sofia Lewis,U07.1,fever and cough,BadgerCare Plus,$233.60,Paid in Full,2024-04-27 06:48:01
ATHENA_CLINICS,101158,East Gate Urgent Care,AC1004317,Brian,Peterson,08/13/1958,M,53208,(920) 555-0183,11/06/2024,,Urgent Care,1279264513,"Lewis, Sofia",U07.1,sore throat and fever,Medicare,$513.68,Paid,2024-11-10 18:46:20
ATHENA_CLINICS,110353,East Gate Urgent Care,AC1006159,James,Lewis,"May 22, 1941",M,53274,(920) 555-0102,2024-10-05,,UC,1652373550,Dr. Nancy Jensen,S93.401A,"fell on outstretched hand, wrist pain",Medicare,USD 206.81,Denied,2024-10-21 15:23:24
ATHENA_CLINICS,139639,East Gate Urgent Care,AC1001157,Michelle,Thompson,07/04/1998,F,54366,(920) 555-0106,01/06/2024,,Walk-in Urgent,1652373550,Dr. Nancy Jensen,s52.501a,"fell on outstretched hand, wrist pain",Medicaid,$ 162.59,Paid in Full,2024-01-07 17:48:24
ATHENA_CLINICS,120413,Eastgate Urgent Care,AC1004199,Aaron,Anderson,"September 6, 1957",M,53760,(608) 555-0172,01-27-24,01-27-24,Walk-in Urgent,1652373550,"Jensen, Nancy", R51.9 ,severe headache,Medicare - Part B,$462.45,Denied,2024-02-04 09:56:31
ATHENA_CLINICS,125984,Cedar Vly Family Clinic,AC1007193,Michael,Garcia,03/01/1955,M,52088,(563) 555-0108,07-27-24,,Office Visit,1018051544.0,Dr. Richard Martinez,M54.50,joint stiffness in the morning,Medicare,#VALUE!,Denied,2024-07-28 07:27:40
ATHENA_CLINICS,129335,East Gate Urgent Care,AC1003351,Nancy,Nelson,03/22/1969,F,53284,(414) 555-0107,06-06-24,,Urgent Care,1608565176,"Van Dyke, Karen", U07.1 ,confusion and high fever,UHC,$162.17,Paid,2024-06-18 20:46:01
ATHENA_CLINICS,125058,EASTGATE UC,AC1005946,Lisa,Wagner,12/14/1936,F,53268,(262) 555-0126,2024-07-19,,UC,1279264513,Dr. Sofia Lewis,U07.1,cold symptoms for a week,MCR,$257.74,Closed - Paid,2024-07-25 09:39:44
ATHENA_CLINICS,129445,SUMMIT RIDGE ORTHOPAEDICS,AC1006308,Ethan,Walker,09/21/1961,M,54165,(262) 555-0125,00/00/0000,,Out Patient,1472855687,Dr. Joseph Schmidt,M25.561 - Pain in right knee,knee pain worse on stairs,Aetna,1634.23,Paid,2024-10-18 04:01:26
ATHENA_CLINICS,126838,Summit Ridge Orthopedic Clinic,AC1001933,Samuel,Jensen,04/07/2006,M,53725,(608) 555-0188,09/17/2023,,Outpatient,1775003142,"Hall, Laura",M17.11,knee pain worse on stairs,Uninsured,1235.47,PAID,2023-10-03 10:18:01
ATHENA_CLINICS,124062,Cedar Vly Family Clinic,AC1007116,Olivia,Van Dyke,07/06/1970,F,52023,(319) 555-0188,2024-11-28,11-28-24,Virtual,1309765828,"Rodriguez, Maria",J06.9,burning on urination,BCBS,168.69,SUBMITTED,2024-12-13 11:18:44
ATHENA_CLINICS,135097,Cedar Valley Family Clinic,AC1002029,Sarah,Kowalski,03/15/1970,F,52042,(563) 555-0101,04/22/2024,,Out Patient,1844093249,Dr. Michael Lewis,N39.0,fever and cough,AETNA INC,738.08,Closed - Paid,2024-05-11 02:12:49
ATHENA_CLINICS,134891,Cedar Valley Clinic,AC1007041,Aaron,Nguyen,1970-12-15,M,52414,(319) 555-0163,"December 25, 2023",,Video Visit,1188357952,"Nguyen, Katherine", F41.1 ,"medication review, feeling stable",BadgerCare Plus,110.50,Closed - Paid,2024-01-05 17:20:50
ATHENA_CLINICS,107351,Cedar Valley Clinic,AC1005067,Aaron,Hernandez,2018-08-10,M,53128,(262) 555-0195,04/28/2024,,OP,1215711643,Dr. Brian Garcia-Lopez,Z00.00,annual physical,CIGNA HEALTH,$586.24  ,Closed - Paid,2024-05-03 12:31:05
ATHENA_CLINICS,134806,Eastgate Urgent Care Center,AC1006382,Linda,Lee,05/04/1958,F,54368,(920) 555-0128,02-21-23,2023-02-21,URGENT CARE,1279264513,"Lewis, Sofia",J029,cold symptoms for a week,Medicare,162.99,Paid in Full,2023-02-22 16:14:00
ATHENA_CLINICS,110859,East Gate Urgent Care,AC1007220,Sofia,Thompson,1975-07-19,F,53162,(608) 555-0180,2023-11-14,11/14/2023,UC,1652373550,"Jensen, Nancy",S93.401A,head injury after a fall,Blue Cross Blue Shield,$123.67  ,Void,2023-11-27 08:45:39
ATHENA_CLINICS,114772,EASTGATE UC,AC1001910,Paul,Kowalski,06/02/1967,M,54388,(262) 555-0132,2024-04-18,,Urgent Care,1279264513,"Lewis, Sofia",R519,fever for two days,UnitedHealthcare,170.53 USD,Paid in Full,2024-05-13 10:45:18
ATHENA_CLINICS,106713,Cedar Valley Clinic,AC1002481,Nancy,Garcia,06/22/1956,F,52424,(319) 555-0148,09/17/2024,09/17/2024,Video Visit,1844093249,"Lewis, Michael",U07.1,fever and cough,MCR,219.30 USD,Closed - Paid,2024-10-02 16:40:55
ATHENA_CLINICS,136591,Cedar Vly Family Clinic,AC1001500,Robert,Hoffman,01/25/1961,M,52082,(563) 555-0160,2024-10-25,,Outpatient,1018051544,"Martinez, Richard",N18.4,dialysis follow-up,Uninsured,338.22,Closed - Paid,2024-11-05 18:58:23
ATHENA_CLINICS,115627,Cedar Vly Family Clinic,AC1006992,Hannah,Mueller,"July 11, 1970",F,52028,(563) 555-0139,2024-07-23,,Office Visit,1309765828,Dr. Maria Rodriguez,M5450,low back pain after lifting,AETNA INC,$120.52,PAID,2024-07-27 03:41:01
ATHENA_CLINICS,126179,Cedar Vly Family Clinic,AC1000249,Fatima,King,06/14/1963,F,52407,(319) 555-0160,2024-01-31,2024-01-31,OP,1018051544,Dr. Richard Martinez,E1122,confusion with very high glucose,Cigna,$478.39,Paid in Full,2024-02-14 07:12:55
ATHENA_CLINICS,138669,Cedar Valley Family Clinic,AC1007166,Tyler,Hall,1962-03-16,M,52484,(319) 555-0115,2023-03-01,03/01/2023,Outpatient,1309765828,"Rodriguez, Maria",M54.50,low back pain after lifting,State Medicaid Plan,$903.46,Paid in Full,2023-03-04 17:26:57
ATHENA_CLINICS,138668,CEDAR VALLEY FAMILY CLINIC,AC1000347,Jacob,Brown,,M,52428,(319) 555-0160,"January 29, 2023",2023-01-29,Video Visit,1018051544,"Martinez, Richard", U07.1 ,cold symptoms for a week,MCR,$97.88  ,Closed - Paid,2023-02-16 01:55:39
ATHENA_CLINICS,136856,Cedar Valley Family Clinic,AC1005101,Priya,Rodriguez,1983-11-27,F,52068,(319) 555-0154,2024-02-30,2023-03-20,OP,1309765828,Dr. Maria Rodriguez,I50.32,shortness of breath and leg swelling for several days,AETNA INC,623.93,PAID,2023-03-23 00:44:27
ATHENA_CLINICS,128208,Cedar Vly Family Clinic,AC1003571,Ryan,Jackson,1951-07-22,M,52034,(563) 555-0141,12/06/2023,,Office Visit,1309765828,"Rodriguez, Maria",n18.6,kidney function review,Medicare - Part B,"$1,467.35",Paid in Full,2023-12-16 01:06:09
ATHENA_CLINICS,127997,Summit Ridge Ortho,AC1000673,Jennifer,Olson,"September 27, 1965",F,54163,(920) 555-0185,2024-03-26,,Out Patient,1062048420,"White, Paul",M17.0,joint stiffness in the morning,SELFPAY,"$1,891.86",Closed - Paid,2024-04-09 10:28:51
ATHENA_CLINICS,127492,East Gate Urgent Care,AC1005229,Hannah,Hall,11/12/1990,F,53153,(920) 555-0188,11/29/2023,11/29/2023,Telehealth,1608565176,Dr. Karen Van Dyke,U07.1,cold symptoms for a week,AETNA INC,$89.77,Paid in Full,2023-12-10 23:31:30
ATHENA_CLINICS,123072,Cedar Valley Family Clinic,AC1000249,Fatima,King,"June 14, 1963",F,52407,(319) 555-0160,10/05/2023,,Clinic Visit,1018051544,Dr. Richard Martinez,Z23,flu shot,UnitedHealthcare,$932.81,Paid,2023-10-25 04:02:35
ATHENA_CLINICS,129763,Summit Ridge Orthopedic Clinic,AC1001149,Rajesh,Martinez,04/21/1956,M,54391,(262) 555-0132,"August 30, 2023",2023-08-30,OP,1062048420,Dr. Paul White,"M17.11 - Unilateral primary osteoarthritis, right knee",knee pain worse on stairs,MCR,$688.76,PAID,2023-09-13 07:46:37
ATHENA_CLINICS,122157,Cedar Valley Family Clinic,AC1000773,Michelle,Hansen,12/16/1959,F,52021,(319) 555-0111,10/07/2023,,Clinic Visit,1443256882,"Garcia, Michael",Z23,well child visit,UnitedHealthcare,177.74,Paid in Full,2023-10-26 06:41:47
ATHENA_CLINICS,119992,Cedar Valley Family Clinic,AC1003501,Andrew,Hall,02/01/1969,M,52084,(319) 555-0101,"October 30, 2023",,Video Visit,1443256882,"Garcia, Michael",E10.9,fatigue and excessive thirst,State Medicaid Plan,USD 79.83,PAID,2023-11-05 02:16:13
ATHENA_CLINICS,130074,Summit Ridge Orthopedics,AC1006033,Mark,Young,1975-01-29,M,54365,(608) 555-0109,"April 7, 2023",04/07/2023,Outpatient,1849518380,Dr. Mary Wright,S52.501A,"fell on outstretched hand, wrist pain",IA Medicaid,"$3,725.34",Closed - Paid,2023-04-26 06:43:41
ATHENA_CLINICS,134200,EASTGATE UC,AC1006908,Karen,Novak,1988-02-23,F,53707,(414) 555-0128,"November 14, 2024",11/14/2024,Walk-in Urgent,1652373550,"Jensen, Nancy",J06.9,confusion and high fever,BadgerCare Plus,TBD,PAID,2024-11-23 10:24:30
ATHENA_CLINICS,121266,SUMMIT RIDGE ORTHOPAEDICS,AC1000673,Jennifer,Olson,1965-09-27,F,54163,(920) 555-0185,2023-08-25,08/25/2023,Clinic Visit,1739241960,"Thomas, William",S52.501A,"fell on outstretched hand, wrist pain",self-pay,208.24,Paid,2023-08-31 03:59:47
ATHENA_CLINICS,108136,Cedar Valley Family Clinic,AC1006412,Noah,MARTINEZ,1930-03-14,M,52417,(563) 555-0177,02/20/2023,,Video Visit,1443256882,"Garcia, Michael",U07.1,burning on urination,MCR,$181.67,PAID,2023-03-13 07:54:11
ATHENA_CLINICS,139325,Cedar Valley Family Clinic,AC1005672,Ana,Thompson,10/31/1955,F,52434,(563) 555-0150,01/22/2024,"January 22, 2024",Office Visit,1215711643,"Garcia-Lopez, Brian",E119,confusion with very high glucose,MCR,$322.12,Paid in Full,2024-01-28 18:59:41
ATHENA_CLINICS,132715,EASTGATE UC,AC1000849,Matthew,Lee,1983-06-03,M,53728,(920) 555-0180,"July 1, 2024",2024-07-01,Walk-in Urgent,1608565176,"Van Dyke, Karen",U07.1,cold symptoms for a week,BCBS,$202.65,Paid in Full,2024-07-03 09:09:11
ATHENA_CLINICS,116744,Eastgate Urgent Care,AC1003351,Nancy,Nelson,"March 22, 1969",F,53284,(414) 555-0107,04/16/2024,,URGENT CARE,1284352816,"King, Sarah",U07.1,sore throat and fever,UnitedHealthcare,$127.12,Paid,2024-05-08 11:08:10
ATHENA_CLINICS,124106,Cedar Valley Family Clinic,AC1006288,Ana,Nelson,"January 5, 1984",F,52464,(319) 555-0143,04/20/2023,,Office Visit,1018051544,Dr. Richard Martinez,J44.9,increased cough and wheezing,CIGNA HEALTH,123.69,PAID,2023-05-02 07:26:41
ATHENA_CLINICS,102691,Cedar Valley Clinic,AC1005299,Nancy,Jones,06/08/1975,F,52431,(563) 555-0157,2023-10-18,,Outpatient,1844093249,"Lewis, Michael",Z23,well child visit,BCBS,$842.17,Closed - Paid,2023-10-25 09:19:52
ATHENA_CLINICS,133166,Cedar Valley Clinic,AC1000737,Matthew,WAGNER,1955-03-30,M,52438,(319) 555-0182,09/14/2023,09/14/2023,Video Visit,1188357952,"Nguyen, Katherine",F41.1,increased agitation and racing thoughts,SELFPAY,$65.34,PAID,2023-09-24 17:25:18
ATHENA_CLINICS,105332,SUMMIT RIDGE ORTHOPAEDICS,AC1001626,Hannah,Anderson,"May 13, 1978",F,53734,(920) 555-0180,02/22/2023,,Clinic Visit,1739241960,"Thomas, William",M25.561,knee pain worse on stairs,BCBS,$592.49,Paid,2023-03-19 06:29:14
ATHENA_CLINICS,126106,Summit Ridge Orthopedics,AC1005438,Joseph,Van Dyke,"November 11, 1957",M,54163,(608) 555-0154,05-29-24,,Out Patient,1849518380,Dr. Mary Wright,M25.561,joint stiffness in the morning,MCR,628.30 USD,Paid,2024-05-31 16:47:56
ATHENA_CLINICS,116035,Cedar Valley Clinic,AC1003858,Barbara,Hernandez,12/17/1961,F,52426,(319) 555-0157,10-12-23,10/12/2023,Office Visit,1215711643,Dr. Brian Garcia-Lopez,I10,headache with elevated blood pressure,Medicare,139.42,Rejected,2023-10-13 14:31:27
ATHENA_CLINICS,122419,Eastgate Urgent Care,AC1001965,Laura,Anderson,1987-08-08,F,53232,(920) 555-0197,07/12/2024,2024-07-12,URGENT CARE,1284352816,"King, Sarah","J02.9 - Acute pharyngitis, unspecified",cold symptoms for a week,UnitedHealthcare,USD 475.80,PAID,2024-07-24 06:13:46
ATHENA_CLINICS,116170,Cedar Valley Family Clinic,AC1002292,Noah,Larson,04/06/1960,M,52414,(319) 555-0127,"December 26, 2023",2023-12-26,OP,1018051544,"Martinez, Richard",I10,headache with elevated blood pressure,UHC,"$1,585.62  ",PAID,2024-01-14 13:58:00
ATHENA_CLINICS,131022,East Gate Urgent Care,AC1002535,Susan,MOORE,1930-07-14,F,53761,(920) 555-0118,2023-07-24,07/24/2023,Walk-in Urgent,1608565176,"Van Dyke, Karen",J06.9,sore throat and fever,Aetna,USD 590.63,Closed - Paid,2023-08-17 09:21:22
ATHENA_CLINICS,133385,Cedar Valley Family Clinic,AC1002897,Samuel,White,01/02/1960,M,52449,(319) 555-0183,"November 30, 2023",11-30-23,OP,1844093249,Dr. Michael Lewis, I50.32 ,"unable to lie flat at night, ankle edema",UHC,USD 186.86,DENIED,2023-12-13 08:27:44
ATHENA_CLINICS,125798,Cedar Valley Family Clinic,AC1002066,Mei,Hoffman,"October 5, 1988",F,52060,(319) 555-0193,08/22/2023,"August 22, 2023",Office Visit,1443256882,Dr. Michael Garcia,J06.9,burning on urination,Aetna,"1,556.35 USD",Paid in Full,2023-09-05 02:51:28
ATHENA_CLINICS,128378,Summit Ridge Orthopedics,AC1003359,Jennifer,O'Brien,1948-08-15,F,53123,(608) 555-0161,11-27-23,,Office Visit,1849518380,"Wright, Mary",M17.0,knee pain worse on stairs,Medicare,$280.35,Paid in Full,2023-12-18 10:06:22
ATHENA_CLINICS,131723,Cedar Vly Family Clinic,AC1004515,Joshua,Hoffman,09/22/1985,M,52411,(563) 555-0165,2024-02-18,02-18-24,Clinic Visit,1188357952,"Nguyen, Katherine",j02.9,cold symptoms for a week,CIGNA HEALTH,$121.80,DENIED,2024-03-08 00:39:13
ATHENA_CLINICS,114354,Cedar Valley Family Clinic,AC1002815,William,Patel,1949-10-27,M,52427,(319) 555-0109,01/29/2023,01/29/2023,TELEMED,1844093249,Dr. Michael Lewis,F41.1,"medication review, feeling stable",MCR,146.81 USD,Paid in Full,2023-02-03 03:47:20
ATHENA_CLINICS,123927,Cedar Valley Family Clinic,AC1005051,Kevin,Wilson,1980-09-03,M,52091,(319) 555-0168,"February 10, 2023",02/10/2023,Video Visit,1309765828,"Rodriguez, Maria",J06.9,fever and cough,Aetna,USD 102.53,Paid,2023-03-07 16:52:56
ATHENA_CLINICS,136719,Summit Ridge Orthopedics,AC1003603,Luis,Davis,09/20/1931,M,53196,(262) 555-0114,07/28/2023,,OP,1062048420,"White, Paul",S93.401A,head injury after a fall,Medicare - Part B,"$3,870.51",Closed - Paid,2023-08-13 05:27:19
ATHENA_CLINICS,132806,Eastgate Urgent Care,AC1003466,Joshua,Wilson,"November 26, 1971",M,53157,(920) 555-0115,2024-05-30,2024-05-30,UC,1279264513,Dr. Sofia Lewis, J02.9 ,sore throat and fever,BCBS,$173.12,Paid,2024-06-09 04:18:18
ATHENA_CLINICS,115642,EASTGATE UC,AC1000993,Lisa,Lewis,05/17/1977,F,54173,(608) 555-0178,2024-10-03,,Urgent Care,1279264513,"Lewis, Sofia",S52.501A,head injury after a fall,AETNA INC,$ 151.87,Closed - Paid,2024-10-26 09:51:27
ATHENA_CLINICS,129230,Eastgate Urgent Care Center,AC1007089,Tyler,Smith,08/19/1960,M,54134,(608) 555-0169,"November 7, 2024",,URGENT CARE,1284352816,"King, Sarah",S93.401A,"fell on outstretched hand, wrist pain",Aetna,N/A,Closed - Paid,2024-11-24 03:16:56
ATHENA_CLINICS,111401,Eastgate Urgent Care Center,AC1004562,Michael,Wagner,04/05/1956,M,53779,(608) 555-0114,08/08/2024,"August 8, 2024",Urgent Care,1284352816,Dr. Sarah King,R51.9,abdominal pain since morning,Medicare,$425.66,Paid,2024-08-25 21:07:12
ATHENA_CLINICS,136207,Summit Ridge Ortho,AC1001646,Minh,Clark,1953-02-03,M,53276,(414) 555-0104,09/25/2024,,OP,1739241960,Dr. William Thomas,S52.501A,head injury after a fall,Medicare,$ 268.74,Paid,2024-09-26 02:09:35
ATHENA_CLINICS,108513,Eastgate Urgent Care,AC1003812,Chloe,Hernandez,10/07/1957,F,54178,(414) 555-0134,03-13-23,03/13/2023,Urgent Care,1608565176,Dr. Karen Van Dyke,r51.9,abdominal pain since morning,MCR,USD 576.68,Closed - Paid,2023-03-23 11:29:54
ATHENA_CLINICS,119278,Summit Ridge Ortho,AC1006585,Robert,Garcia-Lopez,1956-07-23,M,53772,(262) 555-0181,"June 1, 2023",06/01/2023,OP,1849518380,"Wright, Mary",N/A,joint stiffness in the morning,Blue Cross Blue Shield,577.92,Paid in Full,2023-06-14 05:07:57
ATHENA_CLINICS,133902,Cedar Valley Family Clinic,AC1000884,Rajesh,Thomas,02/23/1977,M,52062,(319) 555-0158,03/30/2023,,Telehealth,1443256882,"Garcia, Michael",J06.9,burning on urination,BCBS,$83.44,Void,2023-04-03 17:34:08
ATHENA_CLINICS,136412,CEDAR VALLEY FAMILY CLINIC,AC1001874,Ryan,Patel,12/08/1981,M,52470,(563) 555-0115,04/15/2024,04/15/2024,Outpatient,1215711643,Dr. Brian Garcia-Lopez,I50.22 - Chronic systolic (congestive) heart failure,shortness of breath and leg swelling for several days,Cigna,$500.63,Paid in Full,2024-04-25 06:20:13
ATHENA_CLINICS,114673,Summit Ridge Ortho,AC1003203,Ethan,Smith,09/11/1988,M,54198,(608) 555-0102,09-13-24,"September 13, 2024",OP,1739241960,"Thomas, William",M17.11,knee pain worse on stairs,AETNA INC,1644.29,CANCELLED,2024-09-30 15:26:25
ATHENA_CLINICS,137744,CEDAR VALLEY FAMILY CLINIC,AC1005299,Nancy,Jones,06/08/1975,F,52431,(563) 555-0157,2024-07-31,,Clinic Visit,1309765828,"Rodriguez, Maria",E10.9 - Type 1 diabetes mellitus without complications,high blood sugar readings at home,Cigna,$123.90,Paid,2024-08-22 18:15:27
ATHENA_CLINICS,102346,Summit Ridge Ortho,AC1000416,Daniel,Kim,09/04/1965,M,53101,(262) 555-0121,"May 5, 2023",05/05/2023,Office Visit,1775003142,"Hall, Laura",S93.401A,twisted ankle playing basketball,Blue Cross Blue Shield,USD 758.18,Paid,2023-05-25 06:23:18
ATHENA_CLINICS,116904,Cedar Valley Family Clinic,AC1003895,Sandra,Kim,03/14/1967,F,52449,(563) 555-0111,10/08/2024,"October 8, 2024",OP,1443256882,Dr. Michael Garcia,J06.9,cold symptoms for a week,MCR,"$1,368.43",PAID,2024-10-13 10:20:09
ATHENA_CLINICS,117733,Summit Ridge Orthopedic Clinic,AC1006537,Chloe,Jackson,1986-01-25,F,54196,(414) 555-0187,05/13/2023,,Outpatient,1849518380,Dr. Mary Wright,m54.50,joint stiffness in the morning,IA Medicaid,2291.10,Closed - Paid,2023-05-17 23:20:58
ATHENA_CLINICS,124865,Westfield Surgical Center,AC1006780,Rebecca,Lopez,08/12/2001,F,52013,(319) 555-0190,02/25/2024,,URGENT CARE,1279264513.0,Dr. Sofia Lewis,U07.1,burning on urination,BCBS,$126.16,Closed - Paid,2024-03-16 08:17:23
ATHENA_CLINICS,114561,Cedar Valley Family Clinic,AC1000347,Jacob,Brown,,M,52428,(319) 555-0160,"August 22, 2024",2024-08-22,TELEMED,1188357952,"Nguyen, Katherine",J06.9,sore throat and fever,MCR,$75.30,Paid,2024-09-08 07:37:37
ATHENA_CLINICS,111383,Eastgate Urgent Care Center,AC1006631,Maria,Larson,02/26/1970,F,53796,(414) 555-0129,08/04/2024,2024-08-04,Walk-in Urgent,1652373550,"Jensen, Nancy",S52.501A,twisted ankle playing basketball,Uninsured,147.69,Denied,2024-08-14 14:20:52
ATHENA_CLINICS,113864,SUMMIT RIDGE ORTHOPAEDICS,AC1006537,Chloe,Jackson,01/25/1986,F,54196,(414) 555-0187,2023-09-17,09-17-23,Video Visit,1062048420,"White, Paul", M54.50 ,knee pain worse on stairs,Medicaid,$110.26,Paid in Full,2023-09-28 18:29:58
ATHENA_CLINICS,139109,Eastgate Urgent Care,AC1005854,Grace,Wilson,1971-06-30,F,54132,(414) 555-0184,"March 25, 2023",03/25/2023,TELEMED,1279264513,"Lewis, Sofia",U07.1,confusion and high fever,Cigna,$ 62.94,Paid,2023-04-15 03:15:33
ATHENA_CLINICS,110098,Summit Ridge Orthopedics,AC1000527,Tyler,Novak,1945-08-30,M,53105,(920) 555-0107,2024-07-17,,Out Patient,1739241960,Dr. William Thomas,S52501A,head injury after a fall,MEDICARE PART A,USD 707.16,Paid in Full,2024-08-05 22:24:09
ATHENA_CLINICS,117146,Eastgate Urgent Care,AC1000854,Paul,Thompson,10/17/1977,M,53118,(262) 555-0159,2024-09-11,,UC,1608565176,Dr. Karen Van Dyke,R51.9,severe headache,Cigna,201.70,CANCELLED,2024-10-04 09:00:45
ATHENA_CLINICS,134226,Cedar Valley Family Clinic,AC1003959,Hannah,Williams,01/16/1964,F,52487,(563) 555-0178,2023-06-03,06/03/2023,Out Patient,1018051544,"Martinez, Richard",Z00.00,flu shot,BCBS,788.07 USD,PAID,2023-06-16 17:14:43
ATHENA_CLINICS,128907,CEDAR VALLEY FAMILY CLINIC,AC1006009,Minh,Kowalski,1957-05-13,M,52044,(319) 555-0185,04/20/2023,04/20/2023,Clinic Visit,1188357952,"Nguyen, Katherine",N18.4,"missed dialysis session, feeling weak",Aetna,429.84,Paid,2023-04-21 04:31:54
ATHENA_CLINICS,113312,Eastgate Urgent Care,AC1000880,Paul,Mueller,12/11/1981,M,54382,(414) 555-0182,2023-01-22,01/22/2023,Walk-in Urgent,1608565176,"Van Dyke, Karen",S52.501A,"fell on outstretched hand, wrist pain",BCBS,$329.54,Denied,2023-01-30 05:48:41
ATHENA_CLINICS,130578,Eastgate Urgent Care,AC1002451,Rajesh,Schmidt,03/19/1990,M,54330,(608) 555-0190,02/09/2024,02/09/2024,UC,1279264513,Dr. Sofia Lewis,R51.9,fever for two days,BCBS,USD 346.84,Paid in Full,2024-02-25 12:32:17
ATHENA_CLINICS,107326,Eastgate Urgent Care,AC1001302,Laura,Wright,07/31/1950,F,53178,(920) 555-0120,2024-01-19,01/19/2024,Urgent Care,1284352816,"King, Sarah",n39.0,fever and cough,Medicare - Part B,$274.82,Paid in Full,2024-02-07 16:57:09
ATHENA_CLINICS,128251,Cedar Valley Clinic,AC1001874,Ryan,Patel,1981-12-08,M,52470,(563) 555-0115,2023-02-13,,OP,1844093249,"Lewis, Michael",N18.6,swelling and reduced urine output,UnitedHealthcare,$708.66,PAID,2023-02-19 09:01:49
ATHENA_CLINICS,130531,East Gate Urgent Care,AC1002294,Ryan,Martinez,07/25/1969,M,54308,(414) 555-0105,"April 15, 2024",,Urgent Care,1279264513,"Lewis, Sofia",S52501A,"fell on outstretched hand, wrist pain",State Medicaid Plan,USD 315.41,Paid in Full,2024-04-16 01:46:25
ATHENA_CLINICS,131654,Cedar Valley Family Clinic,AC1004646,Ana,Hall,05/16/1988,F,52010,(319) 555-0129,09/02/2024,"September 2, 2024",OP,1443256882,Dr. Michael Garcia,M54.50,joint stiffness in the morning,IA Medicaid,$958.60,Paid in Full,2024-09-14 03:40:08
ATHENA_CLINICS,113670,Cedar Valley Clinic,AC1005591,Matthew,Miller,12/08/1964,M,52478,(563) 555-0132,2023-10-16,2023-10-16,Office Visit,1443256882.0,"Garcia, Michael",J02.9,sore throat and fever,CIGNA HEALTH,$124.43,Paid in Full,2023-11-06 11:04:13
ATHENA_CLINICS,102117,Cedar Vly Family Clinic,AC1004538,Karen,Nguyen,10/25/1956,F,52492,(319) 555-0123,2024-11-27,,Video Visit,1844093249,Dr. Michael Lewis,J06.9,burning on urination,MCR,75.53,Submitted,2024-12-18 22:11:34
ATHENA_CLINICS,123060,Cedar Valley Family Clinic,AC1003146,Noah,Becker,1953-03-01,M,52421,(319) 555-0103,09/29/2023,,Out Patient,1215711643,"Garcia-Lopez, Brian",N18.6,kidney function review,MCR,539.30 USD,Paid,2023-10-07 14:29:16
ATHENA_CLINICS,121242,Cedar Valley Family Clinic,AC1002723,Samuel,Hansen,1929-11-03,M,52487,(319) 555-0167,11/02/2024,,Out Patient,1443256882.0,"Garcia, Michael",J02.9,cold symptoms for a week,Medicare,"USD 1,710.93",Paid in Full,2024-11-05 05:53:32
ATHENA_CLINICS,123906,Summit Ridge Ortho,AC1007306,Sandra,Davis,12/14/1984,F,53773,(920) 555-0146,08-01-23,2023-08-01,Outpatient,1739241960.0,"Thomas, William",S93.401A,head injury after a fall,Cigna,$813.03,Paid,2023-08-19 18:17:20
ATHENA_CLINICS,119512,CEDAR VALLEY FAMILY CLINIC,AC1005731,Lisa,King,10/15/1973,F,52058,(319) 555-0115,07/17/2024,07-17-24,Outpatient,1188357952,"Nguyen, Katherine",Z00.00,flu shot,Cigna,"1,871.69 USD",PAID,2024-07-20 06:43:21
ATHENA_CLINICS,103926,Cedar Valley Family Clinic,AC1000201,Barbara,O'Brien,1965-05-11,F,52482,(319) 555-0126,2023-02-20,2023-02-20,OP,1844093249,"Lewis, Michael",Z00.00,annual physical,CIGNA HEALTH,$2.15K,Paid,2023-03-09 12:21:36
ATHENA_CLINICS,117378,Cedar Valley Family Clinic,AC1007252,Samuel M,Martinez,1961-07-27,M,52470,(563) 555-0165,07/15/2024,2024-07-15,Office Visit,1018051544,Dr. Richard Martinez,I10,hypertension follow-up,BadgerCare Plus,$438.99  ,Void,2024-08-01 13:51:08
ATHENA_CLINICS,123664,Cedar Valley Family Clinic,AC1006239,Laura,Larson,"April 24, 1972",F,52455,(319) 555-0113,2023-11-09,"November 9, 2023",OP,1844093249,"Lewis, Michael",I10,headache with elevated blood pressure,Cigna,$148.93,Paid in Full,2023-11-23 06:05:40
ATHENA_CLINICS,126725,Eastgate Urgent Care,AC1000125,Sofia,Van Dyke,10/27/1959,F,53224,(920) 555-0106,"May 26, 2023",,URGENT CARE,1279264513,"Lewis, Sofia",U071,confusion and high fever,Blue Cross Blue Shield,USD 120.45,PAID,2023-06-02 12:28:22
ATHENA_CLINICS,134657,Eastgate Urgent Care,AC1005384,Margaret,Wright,06/09/1963,F,53738,(262) 555-0168,2023-05-10,05-10-23,UC,1608565176,"Van Dyke, Karen",J06.9,burning on urination,BadgerCare Plus,471.50,Paid in Full,2023-05-26 15:47:38
ATHENA_CLINICS,113630,Cedar Valley Clinic,AC1002897,Samuel,White,01/02/1960,M,52449,(319) 555-0183,04/19/2024,04/19/2024,OP,1188357952,"Nguyen, Katherine",I5022,"worsening breathlessness on exertion, weight up 3 kg",UHC,871.96,PAID,2024-05-03 07:24:51
ATHENA_CLINICS,125942,Eastgate Urgent Care,AC1006517,Carlos,Lopez,08/27/1977,M,53701,(920) 555-0144,2023-03-12,,Walk-in Urgent,1608565176,"Van Dyke, Karen",U07.1 - COVID-19,sore throat and fever,TRICARE,$270.16,Paid,2023-03-17 04:50:21
ATHENA_CLINICS,102685,Summit Ridge Orthopedics,AC1005707,AARON,RODRIGUEZ,06/04/1959,M,54104,(608) 555-0117,2023-06-21,2023-06-21,Out Patient,1849518380,"Wright, Mary",S52.501A,"fell on outstretched hand, wrist pain",CIGNA HEALTH,$ 1431.2,Paid in Full,2023-07-10 13:29:21
ATHENA_CLINICS,123360,CEDAR VALLEY FAMILY CLINIC,AC1004538,Karen,Nguyen,1956-10-25,F,52492,(319) 555-0123,"January 21, 2023",,Video Visit,1309765828,Dr. Maria Rodriguez,N18.6,kidney function review,Medicare,$ 184.64,Paid in Full,2023-01-24 20:42:30
ATHENA_CLINICS,127393,EASTGATE UC,AC1004188,Rebecca,Taylor,07/09/1987,F,53278,(608) 555-0189,2024-05-26,05/26/2024,URGENT CARE,1284352816,"King, Sarah",ICD10,fever and cough,AETNA INC,$ 386.12,PAID,2024-06-12 18:38:31
ATHENA_CLINICS,112236,Summit Ridge Orthopedics,AC1000928,Patricia,Garcia-Lopez,,F,53154,(608) 555-0113,10/24/2023,10/24/2023,Clinic Visit,1062048420,"White, Paul",M17.0,low back pain after lifting,Blue Cross Blue Shield,"$2,115.76",Paid in Full,2023-11-01 22:41:10
ATHENA_CLINICS,130568,EASTGATE UC,AC1000849,Matthew,Lee,06/03/1983,M,53728,(920) 555-0180,03/22/2023,2023-03-22,UC,1284352816,"King, Sarah",J06.9,sore throat and fever,BCBS,$341.41,Paid in Full,2023-03-30 23:38:59
ATHENA_CLINICS,102921,Cedar Valley Family Clinic,AC1007041,Aaron,Nguyen,1970-12-15,M,52414,(319) 555-0163,"August 31, 2023",08-31-23,Out Patient,1844093249,Dr. Michael Lewis,"J02.9 - Acute pharyngitis, unspecified",confusion and high fever,Medicaid,USD 168.57,PAID,2023-09-12 00:46:15
ATHENA_CLINICS,136110,Summit Ridge Orthopedics,AC1001253,Paul M,Clark,1972-07-03,M,54186,(414) 555-0167,"July 14, 2023",07/14/2023,Clinic Visit,1775003142,"Hall, Laura",M54.50,low back pain after lifting,IA Medicaid,1407.97,Closed - Paid,2023-07-31 01:47:13
ATHENA_CLINICS,136563,Summit Ridge Orthopedics,AC1006665,Linda,Becker,1947-06-19,F,53727,(262) 555-0125,03-31-24,03/31/2024,Virtual,1739241960,"Thomas, William",M54.50,joint stiffness in the morning,MCR,190.59,Closed - Paid,2024-04-08 08:32:48
ATHENA_CLINICS,132501,Summit Ridge Orthopedics,AC1002753,Paul,King,"September 1, 1972",M,53159,(920) 555-0180,10/23/2024,,Office Visit,1472855687,Dr. Joseph Schmidt,M25.561,knee pain worse on stairs,Blue Cross Blue Shield,$282.79,PAID,2024-10-28 11:33:18
ATHENA_CLINICS,127998,Cedar Valley Family Clinic,AC1004820,Ana,Schmidt,1967-08-03,F,52423,(319) 555-0158,2024-06-15,,Office Visit,1309765828,Dr. Maria Rodriguez,J449,"COPD review, breathing stable",Aetna,1602.69,Closed - Paid,2024-06-21 10:34:55
ATHENA_CLINICS,113051,Summit Ridge Orthopedics,AC1005853,Rajesh,Schmidt,"March 4, 1964",M,53286,(262) 555-0127,01/19/2023,01/19/2023,Office Visit,1062048420,"White, Paul",M17.0,low back pain after lifting,Tricare,$939.37,Paid,2023-02-05 01:38:53
ATHENA_CLINICS,109042,Summit Ridge Orthopedics,AC1002604,Sandra,Wagner,01/30/1960,F,53728,(920) 555-0177,02/02/2024,,Telehealth,1849518380,"Wright, Mary",M54.50,joint stiffness in the morning,Cigna,$271.78,Paid in Full,2024-02-04 06:22:45
ATHENA_CLINICS,133268,East Gate Urgent Care,AC1000616,Sarah,King,1981-08-22,F,54351,(414) 555-0135,11-04-23,,Virtual,1608565176,"Van Dyke, Karen",J06.9,burning on urination,Medicare - Part B,$239.31,Closed - Paid,2023-11-28 11:34:06
ATHENA_CLINICS,116289,Eastgate Urgent Care,AC1005946,Lisa,Wagner,12/14/1936,F,53268,(262) 555-0126,11/12/2024,11-12-24,UC,1652373550,Dr. Nancy Jensen,U07.1,sore throat and fever,Medicare - Part B,$207.27,Closed - Paid,2024-12-01 22:05:48
ATHENA_CLINICS,111311,Summit Ridge Orthopedics,AC1000513,Elizabeth,Martinez,1989-08-20,F,53295,(262) 555-0117,04-22-24,,Out Patient,1775003142,"Hall, Laura",S52.501A,"fell on outstretched hand, wrist pain",Aetna,$933.73,Closed - Paid,2024-04-24 23:47:59
ATHENA_CLINICS,103669,Eastgate Urgent Care,AC1003582,Rebecca,Hernandez,1966-11-27,F,54346,(414) 555-0182,05/22/2024,05/22/2024,Urgent Care,1279264513,"Lewis, Sofia",R519,abdominal pain since morning,BadgerCare Plus,$260.89,Paid in Full,2024-06-04 16:38:22
ATHENA_CLINICS,119824,Eastgate Urgent Care,AC1001564,Laura,Jackson,06/17/1964,F,53118,(608) 555-0183,04/27/2024,,UC,1284352816,Dr. Sarah King,U07.1,confusion and high fever,BCBS,190.45 USD,PAID,2024-05-19 23:23:06
ATHENA_CLINICS,134318,Cedar Valley Family Clinic,AC1004421,Daniel,Hansen,1959-03-12,M,52018,(563) 555-0160,2023-04-17,04/17/2023,Telehealth,1844093249,"Lewis, Michael",J06.9,fever and cough,MEDICARE PART A,$238.83,Closed - Paid,2023-04-23 16:00:52
ATHENA_CLINICS,104640,East Gate Urgent Care,AC1000125,Sofia,Van Dyke,10/27/1959,F,53224,(920) 555-0106,"March 22, 2023",,Urgent Care,1652373550,Dr. Nancy Jensen,S93.401A,twisted ankle playing basketball,BCBS,174.58,Paid in Full,2023-03-24 10:23:04
ATHENA_CLINICS,138311,Eastgate Urgent Care,AC1004003,Joseph,Hernandez,1983-11-18,M,53288,(920) 555-0192,2023-12-03,12/03/2023,UC,1279264513,"Lewis, Sofia",S52501A,"fell on outstretched hand, wrist pain",AETNA INC,$175.03,Rejected,2023-12-05 12:13:28
ATHENA_CLINICS,126843,Summit Ridge Ortho,AC1000416,Daniel,Kim,1965-09-04,M,53101,(262) 555-0121,"November 14, 2023",,Out Patient,1739241960,Dr. William Thomas,M17.0,joint stiffness in the morning,UHC,"1,071.94 USD",Paid,2023-12-09 16:35:32
ATHENA_CLINICS,136952,Cedar Valley Family Clinic,AC1006339,Kevin,Martinez,1962-01-14,M,52427,(563) 555-0180,05-16-24,"May 16, 2024",Outpatient,1844093249,"Lewis, Michael",N39.0,confusion and high fever,Cigna,$225.92,Paid,2024-06-04 13:23:04
ATHENA_CLINICS,110477,Eastgate Urgent Care,AC1005384,Margaret,Wright,06/09/1963,F,53738,(262) 555-0168,05-11-23,"May 11, 2023",URGENT CARE,1608565176,Dr. Karen Van Dyke,J02.9,fever and cough,State Medicaid Plan,365.04,PAID,2023-05-20 17:41:45
ATHENA_CLINICS,118869,Eastgate Urgent Care,AC1001718,Michelle,Larson,1944-02-02,F,53736,(608) 555-0163,2024-10-26,"October 26, 2024",UC,1608565176,Dr. Karen Van Dyke,J02.9,confusion and high fever,MEDICARE PART A,283.15,PAID,2024-11-07 08:06:41
ATHENA_CLINICS,123393,Summit Ridge Orthopedics,AC1002400,Mei,Kim,"October 26, 2002",F,53298,(608) 555-0155,"March 26, 2024",,Clinic Visit,1062048420,"White, Paul",M25.561,low back pain after lifting,UnitedHealthcare,612.76,PAID,2024-04-09 20:34:15
ATHENA_CLINICS,116676,EASTGATE UC,AC1007220,Sofia,Thompson,"July 19, 1975",F,53162,(608) 555-0180,03/09/2024,,Walk-in Urgent,1608565176,"Van Dyke, Karen", S93.401A ,"fell on outstretched hand, wrist pain",Cigna,242.29,PAID,2024-03-23 16:25:37
ATHENA_CLINICS,128304,Summit Ridge Orthopedics,AC1001149,Rajesh,Martinez,1956-04-21,M,54391,(262) 555-0132,2023-05-01,,Outpatient,1062048420,"White, Paul",M170,knee pain worse on stairs,MCR,822.92,PAID,2023-05-24 20:50:56
ATHENA_CLINICS,128762,Eastgate Urgent Care,AC1000008,Noah,Martin,02/18/1991,M,53210,(414) 555-0108,09/08/2024,"September 8, 2024",Walk-in Urgent,1215711643,"Garcia-Lopez, Brian",U07.1,burning on urination,UHC,$ 385.9,Closed - Paid,2024-09-18 06:41:30
ATHENA_CLINICS,105434,Summit Ridge Orthopedics,AC1002753,Paul,King,1972-09-01,M,53159,(920) 555-0180,03/19/2023,,Telehealth,1062048420,Dr. Paul White,M54.50,joint stiffness in the morning,BCBS,USD 224.62,PAID,2023-03-26 04:59:17
ATHENA_CLINICS,110459,Eastgate Urgent Care,AC1006715,Paul,Lee,"June 23, 1968",M,53258,(414) 555-0107,2024-01-19,01/19/2024,Urgent Care,1652373550,"Jensen, Nancy",R51.9,fever for two days,State Medicaid Plan,$374.49,Paid in Full,2024-01-24 19:49:32
ATHENA_CLINICS,114079,Cedar Valley Family Clinic,AC1002540,Ethan,Kowalski,06/05/1942,M,52039,(563) 555-0145,04/22/2023,,Video Visit,1215711643,"Garcia-Lopez, Brian",f41.1,low mood and poor sleep,Medicare,$62.22,Closed - Paid,2023-05-05 23:12:59
ATHENA_CLINICS,102487,Eastgate Urgent Care,AC1000993,Lisa,Lewis,"May 17, 1977",F,54173,(608) 555-0178,2023-08-11,,Urgent Care,1279264513,"Lewis, Sofia",S52.501A,head injury after a fall,AETNA INC,USD 229.59,DENIED,2023-08-18 13:41:33
ATHENA_CLINICS,129972,Eastgate Urgent Care,AC1002210,James,Martinez,1979-03-09,M,53173,(262) 555-0186,07/18/2023,07/18/2023,Urgent Care,1279264513,"Lewis, Sofia",J06.9,burning on urination,Cigna,$566.22,Paid,2023-08-06 05:13:17
ATHENA_CLINICS,133234,EASTGATE UC,AC1002926,Laura,Novak,1984-05-04,F,53118,(262) 555-0145,07-21-23,07-21-23,URGENT CARE,1608565176,Dr. Karen Van Dyke,J02.9,burning on urination,UnitedHealthcare,257.22,Paid in Full,2023-08-04 12:19:28
ATHENA_CLINICS,134742,Summit Ridge Orthopedics,AC1003203,Ethan,Smith,09/11/1988,M,54198,(608) 555-0102,2024-05-07,,OP,1849518380,"Wright, Mary",S52.501A,twisted ankle playing basketball,BCBS,295.03 USD,PAID,2024-05-17 19:30:53
ATHENA_CLINICS,126120,EASTGATE UC,AC1006631,Maria,Larson,1970-02-26,F,53796,(414) 555-0129,2023-06-01,2023-06-01,Walk-in Urgent,1608565176,"Van Dyke, Karen",R51.9,fever for two days,Self Pay,$302.47  ,Closed - Paid,2023-06-08 16:44:43
ATHENA_CLINICS,111327,Eastgate Urgent Care,AC1000653,Linda,Walker,"September 18, 1938",F,53132,(262) 555-0151,10/04/2023,,UC,1279264513,"Lewis, Sofia",S93.401A,head injury after a fall,MCR,$141.83  ,Paid in Full,2023-10-15 18:24:26
ATHENA_CLINICS,135265,Cedar Valley Family Clinic,AC1006735,Karen,Brown,1958-05-04,F,52486,(563) 555-0170,08/29/2023,,Video Visit,1844093249,"Lewis, Michael",F411,anxiety and panic episodes,Medicare,USD 130.15,Closed - Paid,2023-09-03 14:58:04
ATHENA_CLINICS,130026,CEDAR VALLEY FAMILY CLINIC,AC1003211,Fatima,Nguyen,1955-09-11,F,52427,(563) 555-0185,02/10/2023,02/10/2023,OP,1443256882.0,Dr. Michael Garcia,J02.9,sore throat and fever,Medicare,$223.69  ,PAID,2023-02-12 07:11:01
ATHENA_CLINICS,137452,Cedar Valley Family Clinic,AC1006288,Ana,Nelson,"January 5, 1984",F,52464,(319) 555-0143,01/27/2024,,Clinic Visit,1188357952,Dr. Katherine Nguyen,J029,confusion and high fever,BCBS,$530.12,Paid in Full,2024-02-09 10:57:24
ATHENA_CLINICS,108348,Summit Ridge Orthopedics,AC1006585,Robert,Garcia-Lopez,1956-07-23,M,53772,(262) 555-0181,06/18/2024,2024-06-18,Office Visit,1775003142,Dr. Laura Hall,m17.0,low back pain after lifting,UHC,2208.84,PAID,2024-07-12 15:30:07
ATHENA_CLINICS,109703,Eastgate Urgent Care,AC1004609,Minh,Williams,04/04/1982,M,54335,(920) 555-0193,"October 14, 2023","October 14, 2023",Urgent Care,1608565176,Dr. Karen Van Dyke,R51.9,abdominal pain since morning,AETNA INC,216.47,PAID,2023-10-18 16:57:28
ATHENA_CLINICS,111011,Cedar Valley Family Clinic,AC1003571,Ryan,Jackson,1951-07-22,M,52034,(563) 555-0141,2023-02-14,,Telehealth,1188357952,Dr. Katherine Nguyen,I50.32,shortness of breath and leg swelling for several days,MEDICARE PART A,$224.96,PAID,2023-02-26 16:38:25
ATHENA_CLINICS,116453,Cedar Valley Family Clinic,AC1004332,Mary,Martin,01/14/1947,F,52093,(563) 555-0186,11/27/2024,"November 27, 2024",OP,1018051544.0,"Martinez, Richard",Z23,annual physical,Medicare,$528.84,Submitted,2024-12-12 04:33:48
ATHENA_CLINICS,101037,Eastgate Urgent Care,AC1003114,Noah,Nelson,01/05/1997,M,54375,(414) 555-0190,04/07/2023,04/07/2023,URGENT CARE,1652373550,"Jensen, Nancy",U07.1,confusion and high fever,BCBS,$467.70,Closed - Paid,2023-04-17 07:52:52
ATHENA_CLINICS,134023,Westfield Surgical Center,AC1002292,Noah,Larson,04/06/1960,M,52414,(319) 555-0127,05-28-24,05/28/2024,Urgent Care,1608565176,Dr. Karen Van Dyke, U07.1 ,sore throat and fever,BCBS,$196.98  ,Paid,2024-05-31 23:49:19
ATHENA_CLINICS,119809,Eastgate Urgent Care,AC1000955,Joshua,Harris,1987-08-13,M,53162,(262) 555-0152,"December 14, 2023",12/14/2023,Urgent Care,1652373550,"Jensen, Nancy",S93.401A,head injury after a fall,TRICARE,$212.37,PAID,2024-01-01 13:27:38
ATHENA_CLINICS,111581,Summit Ridge Orthopedic Clinic,AC1003359,Jennifer,O'Brien,1948-08-15,F,53123,(608) 555-0161,02-01-24,,Telehealth,1849518380,"Wright, Mary",M17.11,low back pain after lifting,MEDICARE PART A,$113.74,Paid in Full,2024-02-02 14:01:22
ATHENA_CLINICS,100613,Cedar Vly Family Clinic,AC1006079,Patricia,O'Brien,1974-06-05,F,52095,(319) 555-0182,11/27/2024,2024-11-27,Out Patient,1309765828.0,"Rodriguez, Maria",E10.9,diabetic follow-up and medication refill,BCBS,$414.65,In Process,2024-12-19 16:56:04
ATHENA_CLINICS,119515,Eastgate Urgent Care,AC1005429,SAMUEL,WALKER,01/13/1937,M,53755,(608) 555-0186,2023-06-22,,URGENT CARE,1608565176,Dr. Karen Van Dyke,S52501A,"fell on outstretched hand, wrist pain",Tricare,$282.11,Denied,2023-07-08 20:47:22
ATHENA_CLINICS,100248,CEDAR VALLEY FAMILY CLINIC,AC1004597,Sofia,Jensen,1966-03-02,F,52080,(563) 555-0136,2023-06-05,06/05/2023,Outpatient,1311592129,,J449,increased cough and wheezing,AETNA INC,USD 645.27,Paid in Full,2023-06-10 04:28:19
ATHENA_CLINICS,103845,East Gate Urgent Care,AC1000316,James,Novak,01/29/1948,M,53193,(414) 555-0184,06/25/2023,06/25/2023,Video Visit,1608565176,"Van Dyke, Karen",U071,fever and cough,MCR,USD 166.78,Rejected,2023-06-29 02:25:09
ATHENA_CLINICS,108682,Cedar Vly Family Clinic,AC1000450,SAMUEL,BROWN,1960-11-07,M,52062,(563) 555-0165,05-17-24,,OP,1188357952,"Nguyen, Katherine",Z23,flu shot,Self Pay,1372.43,Closed - Paid,2024-05-21 04:37:13
ATHENA_CLINICS,125286,Cedar Valley Family Clinic,AC1005828,Andrew,Jensen,10/27/1933,M,52458,(563) 555-0154,07/10/2023,07/10/2023,Office Visit,1188357952,"Nguyen, Katherine",J02.9,confusion and high fever,Cigna,171.36,Closed - Paid,2023-07-12 21:08:34
ATHENA_CLINICS,138235,Eastgate Urgent Care,AC1005229,Hannah,Hall,1990-11-12,F,53153,(920) 555-0188,09/30/2024,,Urgent Care,1279264513,Dr. Sofia Lewis,S52.501A,twisted ankle playing basketball,Blue Cross Blue Shield,$158.93,PAID,2024-10-24 11:09:20
ATHENA_CLINICS,104782,East Gate Urgent Care,AC1004609,Minh,Williams,1982-04-04,M,54335,(920) 555-0193,08/20/2024,,Walk-in Urgent,1608565176,Dr. Karen Van Dyke,R519,abdominal pain since morning,BCBS,297.67,PAID,2024-09-11 02:21:34
ATHENA_CLINICS,125532,Westfield Surgical Center,AC1005467,Mark,White,1988-01-14,M,52027,(563) 555-0100,2024-04-13,04/13/2024,UC,1652373550,"Jensen, Nancy",s93.401a,head injury after a fall,IA Medicaid,$278.86,Closed - Paid,2024-04-20 07:56:54
ATHENA_CLINICS,115552,SUMMIT RIDGE ORTHOPAEDICS,AC1001116,Andrew,Clark,02/05/1939,M,53157,(608) 555-0189,04/15/2024,,Office Visit,1775003142,"Hall, Laura",M54.50,joint stiffness in the morning,Medicare - Part B,2672.40,Paid,2024-04-30 04:40:41
ATHENA_CLINICS,132802,EASTGATE UC,AC1006631,Maria,Larson,02/26/1970,F,53796,(414) 555-0129,2023-09-15,,Walk-in Urgent,1608565176,"Van Dyke, Karen",J029,confusion and high fever,Self Pay,$257.23,VOIDED,2023-09-25 10:02:58
ATHENA_CLINICS,122221,EASTGATE UC,AC1004609,Minh,Williams,1982-04-04,M,54335,(920) 555-0193,09/15/2024,09/15/2024,URGENT CARE,1652373550,Dr. Nancy Jensen,J06.9,fever and cough,Cigna,415.39,Paid,2024-10-07 15:50:51
ATHENA_CLINICS,122291,East Gate Urgent Care,AC1005995,Grace,Patel,11/17/1946,F,54383,(920) 555-0138,11-28-23,2023-11-28,Virtual,1608565176,"Van Dyke, Karen",J06.9,burning on urination,AETNA INC,63.56,Closed - Paid,2023-12-14 16:01:28
ATHENA_CLINICS,129361,Eastgate Urgent Care,AC1002097,James,King,10/27/1991,M,54133,(414) 555-0185,06/17/2023,2023-06-17,URGENT CARE,1284352816,"King, Sarah",R51.9,fever for two days,BCBS,151.56,Closed - Paid,2023-06-18 13:49:34
ATHENA_CLINICS,121478,CEDAR VALLEY FAMILY CLINIC,AC1006079,Patricia,O'Brien,1974-06-05,F,52095,(319) 555-0182,"January 28, 2023",,Out Patient,1018051544,"Martinez, Richard",J02.9,confusion and high fever,BCBS,$419.81,Closed - Paid,2023-02-09 21:24:33
ATHENA_CLINICS,122588,EASTGATE UC,AC1005613,Mei,Wright,1988-09-18,F,53297,(262) 555-0161,"September 26, 2024",,Urgent Care,1652373550,Dr. Nancy Jensen, J02.9 ,fever and cough,CIGNA HEALTH,221.57,Denied,2024-10-18 19:46:24
ATHENA_CLINICS,137544,Cedar Valley Family Clinic,AC1002130,Jessica,Young,1958-02-22,F,52435,(563) 555-0125,2023-06-12,06/12/2023,Video Visit,1443256882,Dr. Michael Garcia,F41.1,"medication review, feeling stable",Medicare,$255.00,Paid in Full,2023-06-26 16:37:49
ATHENA_CLINICS,112005,Cedar Vly Family Clinic,AC1007041,Aaron,Nguyen,12/15/1970,M,52414,(319) 555-0163,01/31/2023,,Out Patient,1844093249,"Lewis, Michael",j44.9,increased cough and wheezing,MEDICAID,USD 634.38,Paid in Full,2023-02-16 13:41:47
ATHENA_CLINICS,107659,Eastgate Urgent Care,AC1006384,Noah,Walker,07/24/1951,M,54148,(414) 555-0157,2024-10-14,2024-10-14,URGENT CARE,1652373550.0,"Jensen, Nancy",R51.9,abdominal pain since morning,MEDICARE PART A,135.10,Paid in Full,2024-10-24 09:02:00
ATHENA_CLINICS,116458,Summit Ridge Orthopedics,AC1005642,RAJESH,JACKSON,"January 19, 1967",M,53709,(608) 555-0119,"January 24, 2024",,OP,1775003142,"Hall, Laura",S52.501A,twisted ankle playing basketball,TRICARE,"2,471.35 USD",CANCELLED,2024-01-28 11:16:33
ATHENA_CLINICS,123303,Cedar Valley Family Clinic,AC1002815,William,Patel,1949-10-27,M,52427,(319) 555-0109,2023-02-08,2023-02-08,Out Patient,1309765828,"Rodriguez, Maria",J44.9,productive cough with low oxygen readings at home,MEDICARE PART A,"$1,916.77  ",Paid,2023-02-14 21:57:55
ATHENA_CLINICS,136299,Cedar Valley Family Clinic,AC1001336,Patricia,Young,10/05/2005,F,53127,(262) 555-0114,07/25/2023,"July 25, 2023",Clinic Visit,1844093249.0,Dr. Michael Lewis,z23,flu shot,self-pay,"1,615.81 USD",Paid in Full,2023-07-29 12:17:16
ATHENA_CLINICS,106841,Eastgate Urgent Care,AC1006384,Noah,Walker,"July 24, 1951",M,54148,(414) 555-0157,10/15/2023,10/15/2023,URGENT CARE,1608565176,"Van Dyke, Karen",S93401A,twisted ankle playing basketball,Medicare,418.00,Paid in Full,2023-10-27 20:28:32
ATHENA_CLINICS,134305,Cedar Vly Family Clinic,AC1005920,Aaron,Thomas,03/14/1981,M,52421,(563) 555-0153,01/31/2024,2024-01-31,OP,1309765828,Dr. Maria Rodriguez,Z0000,flu shot,Blue Cross Blue Shield,"$1,547.96  ",Closed - Paid,2024-02-19 04:14:17
ATHENA_CLINICS,128616,Eastgate Urgent Care Center,AC1002031,William,Nelson,04/04/1953,M,53239,(414) 555-0116,01-12-24,01-12-24,URGENT CARE,1279264513,"Lewis, Sofia",J02.9,confusion and high fever,MEDICARE PART A,$162.90,PAID,2024-01-25 02:52:29
ATHENA_CLINICS,119698,Eastgate Urgent Care,AC1006436,Jennifer,Harris,1999-01-25,F,54183,(414) 555-0174,04/05/2023,,Walk-in Urgent,1608565176,"Van Dyke, Karen",U071,cold symptoms for a week,Aetna,$174.45,VOIDED,2023-04-22 03:03:06
ATHENA_CLINICS,107715,Summit Ridge Orthopedics,AC1000928,Patricia,Garcia-Lopez,,F,53154,(608) 555-0113,2024-03-17,03-17-24,Out Patient,1739241960,"Thomas, William",S52.501A,twisted ankle playing basketball,CIGNA HEALTH,$ 2436.57,PAID,2024-03-30 19:42:14
ATHENA_CLINICS,107569,Cedar Valley Clinic,AC1005101,Priya,Rodriguez,1983-11-27,F,52068,(319) 555-0154,02/25/2023,02/25/2023,Virtual,1844093249,"Lewis, Michael", I50.22 ,"unable to lie flat at night, ankle edema",AETNA INC,$126.42,Paid in Full,2023-02-28 11:58:02
ATHENA_CLINICS,116283,CEDAR VALLEY FAMILY CLINIC,AC1000043,AARON,OLSON,09/09/1968,M,52093,(319) 555-0191,2023-03-11,03/11/2023,Clinic Visit,1309765828,"Rodriguez, Maria",J02.9,burning on urination,CIGNA HEALTH,$746.29,Paid,2023-04-05 18:03:03
ATHENA_CLINICS,139644,Cedar Valley Family Clinic,AC1003181,Lisa,Davis,"May 19, 1957",F,52465,(563) 555-0199,08/27/2023,08/27/2023,Office Visit,1309765828,Dr. Maria Rodriguez,m54.50,knee pain worse on stairs,Medicare - Part B,"$1,552.18",Denied,2023-09-11 12:42:48
ATHENA_CLINICS,139250,Cedar Valley Clinic,AC1006992,Hannah,Mueller,"July 11, 1970",F,52028,(563) 555-0139,11/02/2023,2023-11-02,Office Visit,1309765828,Dr. Maria Rodriguez,Z23,annual physical,Blue Cross Blue Shield,$231.75,Paid in Full,2023-11-08 12:05:50
ATHENA_CLINICS,131167,Summit Ridge Orthopedics,AC1005269,Thomas,Jensen,"January 2, 1970",M,53261,(262) 555-0161,02/06/2024,,Office Visit,1775003142,Dr. Laura Hall,M25.561,knee pain worse on stairs,Aetna,462.67,Closed - Paid,2024-02-08 23:51:27
ATHENA_CLINICS,118388,Eastgate Urgent Care,AC1004317,Brian,Peterson,1958-08-13,M,53208,(920) 555-0183,04/19/2024,04/19/2024,UC,1284352816,"King, Sarah",S52.501A,"fell on outstretched hand, wrist pain",MCR,$452.30,Paid in Full,2024-05-11 03:55:10
ATHENA_CLINICS,125043,Summit Ridge Ortho,AC1006033,Mark,Young,1975-01-29,M,54365,(608) 555-0109,03/23/2024,03/23/2024,Video Visit,1849518380,"Wright, Mary",M54.50,joint stiffness in the morning,IA Medicaid,$178.66,Paid in Full,2024-04-11 11:05:10
ATHENA_CLINICS,103568,Eastgate Urgent Care Center,AC1004384,Barbara,Garcia-Lopez,"June 6, 1950",F,53726,(414) 555-0177,03-05-24,,UC,1608565176,"Van Dyke, Karen",S93.401A,twisted ankle playing basketball,Medicare,190.53,Denied,2024-03-07 10:12:26
ATHENA_CLINICS,114955,Summit Ridge Orthopedics,AC1001661,JOSHUA,JACKSON,"September 11, 1980",M,53102,(262) 555-0115,10/07/2024,,Video Visit,1849518380,"Wright, Mary","M17.11 - Unilateral primary osteoarthritis, right knee",knee pain worse on stairs,AETNA INC,$303.90  ,Paid in Full,2024-10-17 14:25:15
ATHENA_CLINICS,130775,Cedar Valley Family Clinic,AC1002292,Noah,Larson,04/06/1960,M,52414,(319) 555-0127,03-03-23,"March 3, 2023",Outpatient,1215711643,"Garcia-Lopez, Brian",Z23,flu shot,UnitedHealthcare,171.26,Rejected,2023-03-09 21:55:21
ATHENA_CLINICS,137654,Summit Ridge Orthopedics,AC1003833,Matthew,Novak,11/01/2005,M,53724,(414) 555-0115,"July 5, 2024",07/05/2024,Telehealth,1472855687,"Schmidt, Joseph","M54.50 - Low back pain, unspecified",joint stiffness in the morning,Aetna,USD 84.86,Paid in Full,2024-07-21 11:45:56
ATHENA_CLINICS,109787,Eastgate Urgent Care,AC1001393,Sandra,Jackson,06/24/1961,F,53736,(608) 555-0170,07-15-23,,URGENT CARE,1608565176,Dr. Karen Van Dyke,J02.9,sore throat and fever,MEDICAID,TBD,PAID,2023-07-26 17:52:17
ATHENA_CLINICS,117013,Summit Ridge Orthopedics,AC1005122,Ryan,Davis,08/17/1938,M,53249,(262) 555-0129,05-18-23,,Office Visit,1739241960,Dr. William Thomas,M17.11,knee pain worse on stairs,MEDICARE PART A,$ 3322.85,PAID,2023-06-05 11:29:08
ATHENA_CLINICS,117000,Cedar Vly Family Clinic,AC1006564,Grace,Schultz,09/17/2000,F,52008,(319) 555-0153,2023-12-14,,Out Patient,1215711643,"Garcia-Lopez, Brian",N39.0,confusion and high fever,IA Medicaid,USD 260.81,Paid in Full,2024-01-05 02:54:31
ATHENA_CLINICS,109516,CEDAR VALLEY FAMILY CLINIC,AC1003263,Omar,Hernandez,1948-03-23,M,52042,(563) 555-0131,"January 26, 2023",,OP,1188357952,"Nguyen, Katherine",N39.0,sore throat and fever,Medicare,$756.66,Paid,2023-01-30 07:01:01
ATHENA_CLINICS,135616,Summit Ridge Ortho,AC1002604,Sandra,Wagner,"January 30, 1960",F,53728,(920) 555-0177,2023-06-09,,Out Patient,1849518380,Dr. Mary Wright,UNKNOWN,"fell on outstretched hand, wrist pain",Aetna,"1,733.54 USD",Denied,2023-07-04 09:24:05
ATHENA_CLINICS,118863,Westfield Surgical Center,AC1002735,Mary,Moore,1954-01-27,F,52006,(563) 555-0124,06/30/2024,,Urgent Care,1652373550,"Jensen, Nancy",R51.9,fever for two days,UnitedHealthcare,$ 425.62,Paid in Full,2024-07-11 07:52:43
ATHENA_CLINICS,125347,Cedar Vly Family Clinic,AC1004379,Kevin,White,04/12/1953,M,52443,(563) 555-0133,2023-12-03,2023-12-03,OP,1018051544,Dr. Richard Martinez,n39.0,sore throat and fever,MEDICARE PART A,"$2,494.02  ",Paid in Full,2023-12-12 00:42:15
ATHENA_CLINICS,120907,Eastgate Urgent Care Center,AC1005149,Daniel,Garcia-Lopez,09/06/1965,M,54302,(608) 555-0160,08/21/2023,,UC,1284352816,"King, Sarah",R51.9,fever for two days,AETNA INC,206.35,PAID,2023-08-25 00:57:39
ATHENA_CLINICS,129961,East Gate Urgent Care,AC1005174,Rebecca,Garcia,03/12/1992,F,53254,(262) 555-0138,2024-10-27,,Walk-in Urgent,1215711643,"Garcia-Lopez, Brian",j02.9,cold symptoms for a week,Uninsured,$278.88,Denied,2024-11-07 02:05:45
ATHENA_CLINICS,139971,Cedar Valley Family Clinic,AC1004515,Joshua,Hoffman,09/22/1985,M,52411,(563) 555-0165,06/23/2024,,Office Visit,1215711643,"Garcia-Lopez, Brian",J44.9,"short of breath, using rescue inhaler more often",AETNA INC,633.99,Paid,2024-07-13 04:40:55
ATHENA_CLINICS,134656,Cedar Valley Family Clinic,AC1003731,Grace,Anderson,"August 27, 1984",F,52416,(319) 555-0139,06/06/2023,"June 6, 2023",Office Visit,1443256882.0,Dr. Michael Garcia,j06.9,fever and cough,MEDICAID,$ 1076.15,PAID,2023-07-01 06:06:32
ATHENA_CLINICS,119449,Eastgate Urgent Care,AC1003420,Richard,Kim,03/28/1989,M,53703,(262) 555-0188,07/16/2023,07-16-23,URGENT CARE,1652373550,Dr. Nancy Jensen,U071,sore throat and fever,Cigna,$293.36,PAID,2023-07-18 19:42:58
ATHENA_CLINICS,107206,Cedar Vly Family Clinic,AC1001224,Emily,Novak,01/23/1996,F,52058,(563) 555-0193,2024-05-03,,Outpatient,1309765828,Dr. Maria Rodriguez,"J02.9 - Acute pharyngitis, unspecified",fever and cough,AETNA INC,"$1,824.40",Rejected,2024-05-20 15:55:59
ATHENA_CLINICS,129164,Summit Ridge Orthopedics,AC1003539,Brian,Thompson,03/11/2000,M,53794,(608) 555-0147,2023-10-10,,Clinic Visit,1739241960,Dr. William Thomas,s52.501a,head injury after a fall,Medicare - Part B,"USD 1,025.68",Void,2023-10-16 09:20:24
ATHENA_CLINICS,126322,Cedar Valley Family Clinic,AC1006321,Jennifer,Wright,1968-06-20,F,52091,(319) 555-0169,2023-02-05,"February 5, 2023",OP,1443256882,"Garcia, Michael",Z23,flu shot,Uninsured,"$1,744.03  ",Denied,2023-02-23 15:32:58
ATHENA_CLINICS,111765,Summit Ridge Ortho,AC1001626,Hannah,Anderson,1978-05-13,F,53734,(920) 555-0180,07/10/2024,,OP,1062048420,"White, Paul",M25.561,joint stiffness in the morning,Aetna,427.44,Paid in Full,2024-07-12 00:30:25
ATHENA_CLINICS,107234,Cedar Vly Family Clinic,AC1005591,Matthew,Miller,12/08/1964,M,52478,(563) 555-0132,2023-07-24,07-24-23,Video Visit,1018051544,"Martinez, Richard",E10.9,high blood sugar readings at home,Cigna,78.70,Paid in Full,2023-07-31 12:52:14
ATHENA_CLINICS,108409,Cedar Valley Family Clinic,AC1000318,Chloe,Wagner,12/03/1981,F,52474,(319) 555-0172,06-25-24,2024-06-25,Out Patient,1018051544,Dr. Richard Martinez,I50.32,"worsening breathlessness on exertion, weight up 3 kg",UnitedHealthcare,$410.46,Void,2024-07-15 05:44:32
ATHENA_CLINICS,103705,Cedar Valley Clinic,AC1007431,Susan,Hernandez,1990-01-15,F,52013,(563) 555-0124,10/06/2023,10/06/2023,OP,1844093249,"Lewis, Michael","J45.909 - Unspecified asthma, uncomplicated","chest tightness, inhaler not helping",Medicaid,"USD 1,252.33",PAID,2023-10-09 01:22:27
ATHENA_CLINICS,106227,Cedar Valley Family Clinic,AC1002161,Thomas,Moore,2005-06-09,M,52415,(319) 555-0131,2024-02-21,,Clinic Visit,1309765828,"Rodriguez, Maria",J069,cold symptoms for a week,Aetna,$ 148.51,Paid in Full,2024-03-10 17:02:22
ATHENA_CLINICS,115790,Eastgate Urgent Care,AC1006631,Maria,Larson,02/26/1970,F,53796,(414) 555-0129,2023-01-16,2023-01-16,Urgent Care,1284352816,"King, Sarah",R51.9,fever for two days,self-pay,$128.31  ,Closed - Paid,2023-01-17 05:50:38
ATHENA_CLINICS,130852,Eastgate Urgent Care,AC1002926,Laura,Novak,05/04/1984,F,53118,(262) 555-0145,11/04/2024,,URGENT CARE,1652373550,"Jensen, Nancy",U07.1,fever and cough,Cigna,$362.10,PAID,2024-11-05 12:06:26
ATHENA_CLINICS,101392,EASTGATE UC,AC1003373,Olivia,Jensen,2000-09-10,F,53261,(414) 555-0138,02/16/2024,,Video Visit,1279264513,"Lewis, Sofia",U07.1,fever and cough,Cigna,270.81,PAID,2024-02-26 19:19:10
ATHENA_CLINICS,108390,Eastgate Urgent Care,AC1001054,Matthew,Jackson,12/14/1968,M,53766,(608) 555-0139,06-06-23,2023-06-06,Urgent Care,1284352816,Dr. Sarah King,"R51.9 - Headache, unspecified",fever for two days,Self Pay,$275.91,Paid,2023-06-17 01:21:16
ATHENA_CLINICS,126968,Eastgate Urgent Care Center,AC1002580,Laura,Young,1969-06-26,F,53263,(920) 555-0134,07/02/2023,,Urgent Care,1284352816,"King, Sarah",u07.1,confusion and high fever,BCBS,120.32 USD,PAID,2023-07-14 17:52:01
ATHENA_CLINICS,134576,EASTGATE UC,AC1007328,Minh,Thomas,1985-10-04,M,54127,(920) 555-0127,2024-06-21,2024-06-21,Walk-in Urgent,1279264513,Dr. Sofia Lewis,S93.401A,head injury after a fall,Cigna,195.35,Paid,2024-07-10 23:41:40
ATHENA_CLINICS,101628,Summit Ridge Orthopedics,AC1006033,Mark,Young,01/29/1975,M,54365,(608) 555-0109,2023-01-18,,TELEMED,1775003142,"Hall, Laura",m17.11,knee pain worse on stairs,Medicaid,$139.49,DENIED,2023-01-29 05:35:22
ATHENA_CLINICS,132299,Summit Ridge Orthopedics,AC1004023,Rebecca,Kowalski,08/19/1940,F,54374,(608) 555-0192,"January 13, 2023",01/13/2023,OP,1775003142,Dr. Laura Hall,S52.501A,twisted ankle playing basketball,MEDICARE PART A,$ 3351.31,Paid in Full,2023-02-03 07:48:17
ATHENA_CLINICS,135373,Cedar Valley Family Clinic,AC1005190,Michael,Thomas,1965-03-10,M,52009,(319) 555-0155,"March 25, 2023",2023-03-25,Out Patient,1443256882,Dr. Michael Garcia,Z00.00,annual physical,Cigna,"$1,482.53",Closed - Paid,2023-04-13 22:24:17
ATHENA_CLINICS,135422,CEDAR VALLEY FAMILY CLINIC,AC1006465,Andrew,Harris,10/13/1974,M,52424,(319) 555-0184,2023-12-13,,Office Visit,1844093249,Dr. Michael Lewis,J02.9,confusion and high fever,SELFPAY,516.60,Paid,2023-12-30 00:27:35
ATHENA_CLINICS,132717,CEDAR VALLEY FAMILY CLINIC,AC1003146,Noah,Becker,03/01/1953,M,52421,(319) 555-0103,2023-10-08,10/08/2023,Office Visit,1188357952.0,"Nguyen, Katherine",N18.4,kidney function review,MEDICARE PART A,$399.54,Closed - Paid,2023-10-13 04:53:20
ATHENA_CLINICS,107694,Summit Ridge Orthopedics,AC1007478,Zztest,Epic,"January 1, 1980",M,52458,(319) 555-0168,2024-09-06,2024-09-06,Office Visit,1849518380,"Wright, Mary",M17.11,knee pain worse on stairs,CIGNA HEALTH,1879.50,Closed - Paid,2024-09-26 18:27:29
ATHENA_CLINICS,110258,Cedar Vly Family Clinic,AC1006288,Ana,Nelson,1984-01-05,F,52464,(319) 555-0143,2023-04-14,,Out Patient,1844093249,Dr. Michael Lewis,m54.50,joint stiffness in the morning,AETNA INC,1189.49,Paid in Full,2023-05-05 21:39:41
ATHENA_CLINICS,126446,Cedar Valley Family Clinic,AC1006735,Karen,Brown,05/04/1958,F,52486,(563) 555-0170,10/03/2023,,Video Visit,1443256882,"Garcia, Michael",I50.32,"heart failure follow-up, fluid tablets review",Medicare,USD 265.42,Paid,2023-10-16 15:58:46
ATHENA_CLINICS,130946,Cedar Valley Family Clinic,AC1005299,Nancy,Jones,1975-06-08,F,52431,(563) 555-0157,2024-09-14,,Virtual,1188357952,"Nguyen, Katherine",J06.9,sore throat and fever,UHC,$198.31,Paid in Full,2024-09-18 01:29:29
ATHENA_CLINICS,136239,Eastgate Urgent Care,AC1001559,James,Davis,1961-11-13,M,54321,(608) 555-0138,03/12/2024,,Walk-in Urgent,1284352816,"King, Sarah",J06.9,fever and cough,self-pay,USD 578.08,Rejected,2024-03-22 04:51:23
ATHENA_CLINICS,125028,Eastgate Urgent Care,AC1006631,Maria,Larson,02/26/1970,F,53796,(414) 555-0129,01/11/2024,2024-01-11,UC,1652373550,Dr. Nancy Jensen, J06.9 ,confusion and high fever,Self Pay,552.47,Paid in Full,2024-01-17 00:19:19
ATHENA_CLINICS,111038,Cedar Valley Family Clinic,AC1003501,Andrew,Hall,02/01/1969,M,52084,(319) 555-0101,2031-06-22,,Clinic Visit,1844093249,Dr. Michael Lewis, Z00.00 ,well child visit,IA Medicaid,$559.18,Closed - Paid,2024-08-13 04:55:14
ATHENA_CLINICS,125102,Eastgate Urgent Care,AC1005259,Ana,Patel,1976-05-15,F,53181,(262) 555-0137,11/11/2023,2023-11-11,Walk-in Urgent,1279264513,Dr. Sofia Lewis, R51.9 ,fever for two days,IA Medicaid,USD 446.93,Closed - Paid,2023-11-23 21:28:10
ATHENA_CLINICS,130403,Cedar Valley Clinic,AC1006735,Karen,Brown,05/04/1958,F,52486,(563) 555-0170,07/17/2024,07/17/2024,OP,1844093249,"Lewis, Michael",I50.32,"worsening breathlessness on exertion, weight up 3 kg",Medicare - Part B,"USD 1,690.86",PAID,2024-08-04 06:37:53
ATHENA_CLINICS,114684,Eastgate Urgent Care,AC1002187,David,Hernandez,"June 14, 2021",M,53798,(262) 555-0168,09/14/2023,,UC,1652373550,Dr. Nancy Jensen,J02.9,confusion and high fever,UHC,$ 399,Paid in Full,2023-09-26 05:08:57
ATHENA_CLINICS,107036,Summit Ridge Orthopedics,AC1004315,Minh,Lewis,05/28/1943,M,53280,(608) 555-0137,"November 4, 2024",11/04/2024,TELEMED,1849518380,"Wright, Mary",M17.11,joint stiffness in the morning,MCR,80.98,Paid,2024-11-10 09:20:52
ATHENA_CLINICS,129224,Cedar Valley Family Clinic,AC1003858,Barbara,Hernandez,1961-12-17,F,52426,(319) 555-0157,10/18/2023,2023-10-18,OP,1309765828,Dr. Maria Rodriguez,i10,hypertension follow-up,MCR,"$2,016.61  ",Closed - Paid,2023-10-26 16:25:15
ATHENA_CLINICS,103370,Cedar Valley Family Clinic,AC1006564,Grace,Schultz,09/17/2000,F,52008,(319) 555-0153,"April 15, 2023",2023-04-15,OP,1443256882,Dr. Michael Garcia,N39.0,cold symptoms for a week,BadgerCare Plus,153.85,Paid in Full,2023-04-18 09:09:25
ATHENA_CLINICS,103729,Summit Ridge Orthopedics,AC1005696,Tyler,Garcia,"March 18, 2013",M,53743,(262) 555-0166,12/24/2023,,OP,1775003142,"Hall, Laura",M54.50,low back pain after lifting,Aetna,$ 647.2,Paid,2024-01-06 18:02:07
ATHENA_CLINICS,126877,Eastgate Urgent Care,AC1005482,Samuel,Miller,1964-04-23,M,54153,(262) 555-0162,2023-10-11,10/11/2023,Video Visit,1279264513,"Lewis, Sofia",J06.9,confusion and high fever,MEDICAID,175.45 USD,Closed - Paid,2023-10-27 22:27:32
ATHENA_CLINICS,136508,Eastgate Urgent Care,AC1006145,Ethan,Nguyen,"April 22, 1958",M,53118,(608) 555-0143,2024-04-30,"April 30, 2024",URGENT CARE,1608565176,"Van Dyke, Karen",J02.9,confusion and high fever,MEDICARE PART A,12..50,Paid,2024-05-14 08:20:18
ATHENA_CLINICS,102962,Summit Ridge Orthopedic Clinic,AC1006044,Sandra,Hoffman,02/23/1999,F,54150,(608) 555-0100,"March 10, 2023",,Outpatient,1062048420,Dr. Paul White,M17.11,knee pain worse on stairs,BCBS,$2.24K,PAID,2023-03-14 06:59:10
ATHENA_CLINICS,132547,EASTGATE UC,AC1002097,James,King,1991-10-27,M,54133,(414) 555-0185,04/02/2023,"April 2, 2023",Urgent Care,1284352816,"King, Sarah",J06.9,cold symptoms for a week,Cigna,221.63,Closed - Paid,2023-04-04 21:57:09
ATHENA_CLINICS,129219,Eastgate Urgent Care,AC1006436,Jennifer,Harris,01/25/1999,F,54183,(414) 555-0174,02-24-23,,UC,1608565176,"Van Dyke, Karen","N39.0 - Urinary tract infection, site not specified",sore throat and fever,Aetna,$368.77,Paid in Full,2023-03-08 23:57:32
ATHENA_CLINICS,125609,Eastgate Urgent Care Center,AC1006159,James,Lewis,05/22/1941,M,53274,(920) 555-0102,05/08/2023,05/08/2023,UC,1652373550,Dr. Nancy Jensen,R519,abdominal pain since morning,MEDICARE PART A,USD 411.63,Paid,2023-05-23 15:54:38
ATHENA_CLINICS,114001,Cedar Valley Family Clinic,AC1003146,Noah,Becker,03/01/1953,M,52421,(319) 555-0103,"January 30, 2024",2024-01-30,Out Patient,1844093249,Dr. Michael Lewis,J44.9,increased cough and wheezing,Medicare,"$1,010.33",Closed - Paid,2024-02-09 01:05:06
ATHENA_CLINICS,120026,Cedar Valley Family Clinic,AC1007252,Samuel M,Martinez,1961-07-27,M,52470,(563) 555-0165,2023-10-10,,OP,1443256882,Dr. Michael Garcia,I10 - Essential (primary) hypertension,blood pressure check,MEDICAID,$2.23K,Closed - Paid,2023-10-26 03:33:31
ATHENA_CLINICS,113789,Cedar Valley Family Clinic,AC1002396,Linda,Patel,07/18/1972,F,52011,(319) 555-0133,10-15-23,10/15/2023,Telehealth,1188357952,Dr. Katherine Nguyen,U071,confusion and high fever,Aetna,$128.14,PAID,2023-10-30 15:05:40
ATHENA_CLINICS,138616,Eastgate Urgent Care,AC1007220,Sofia,Thompson,07/19/1975,F,53162,(608) 555-0180,02/12/2024,,Urgent Care,1284352816,Dr. Sarah King,"R51.9 - Headache, unspecified",abdominal pain since morning,CIGNA HEALTH,$226.98,Paid,2024-02-23 06:54:28
ATHENA_CLINICS,136759,Eastgate Urgent Care,AC1003225,PAUL,OLSON,"May 11, 1964",M,53139,(608) 555-0163,"January 9, 2024",01-09-24,Walk-in Urgent,1279264513,Dr. Sofia Lewis,N39.0,cold symptoms for a week,AETNA INC,236.81,Paid in Full,2024-02-02 04:15:33
ATHENA_CLINICS,121307,Eastgate Urgent Care,AC1002632,Linda,Jones,1975-07-29,F,53281,(414) 555-0121,12-09-23,,Urgent Care,1608565176,Dr. Karen Van Dyke,U07.1,sore throat and fever,Self Pay,485.38,PAID,2023-12-21 02:45:16
ATHENA_CLINICS,132413,Eastgate Urgent Care,AC1007220,Sofia,Thompson,1975-07-19,F,53162,(608) 555-0180,2024-08-06,2024-08-06,Walk-in Urgent,1652373550,"Jensen, Nancy",S52.501A,twisted ankle playing basketball,CIGNA HEALTH,$ 285.1,Paid,2024-08-26 15:16:46
ATHENA_CLINICS,119556,EASTGATE UC,AC1002489,Susan,Wright,12/21/1969,F,53142,(608) 555-0160,12-20-23,12/20/2023,Walk-in Urgent,1608565176,Dr. Karen Van Dyke,s52.501a,twisted ankle playing basketball,Blue Cross Blue Shield,401.56,Rejected,2023-12-24 08:51:54
ATHENA_CLINICS,104156,Cedar Valley Family Clinic,AC1000201,Barbara,O'Brien,1965-05-11,F,52482,(319) 555-0126,2023-01-21,,Telehealth,1018051544,"Martinez, Richard",F41.1,"medication review, feeling stable",Cigna,293.25 USD,Paid,2023-02-01 21:18:14
ATHENA_CLINICS,126826,Cedar Valley Family Clinic,AC1004784,Jessica,Thompson,1993-11-13,F,52032,(319) 555-0159,"June 24, 2023",2023-06-24,Clinic Visit,1018051544,"Martinez, Richard",J06.9,fever and cough,Blue Cross Blue Shield,"$1,590.91",Paid in Full,2023-07-19 01:52:29
ATHENA_CLINICS,131402,Westfield Surgical Center,AC1005174,Rebecca,Garcia,03/12/1992,F,53254,(262) 555-0138,01/25/2024,2024-01-25,URGENT CARE,1652373550,"Jensen, Nancy",J02.9,burning on urination,SELFPAY,USD 190.57,Cancelled,2024-02-11 07:45:24
ATHENA_CLINICS,124674,Eastgate Urgent Care,AC1007399,Linda,Hoffman,1976-08-07,F,53144,(608) 555-0103,09/19/2024,09/19/2024,Urgent Care,1215711643,Dr. Brian Garcia-Lopez,N39.0,confusion and high fever,SELFPAY,$250.65,Paid in Full,2024-10-06 07:32:12
ATHENA_CLINICS,116192,SUMMIT RIDGE ORTHOPAEDICS,AC1001116,Andrew,Clark,1939-02-05,M,53157,(608) 555-0189,"August 14, 2024",2024-08-14,OP,1472855687,Dr. Joseph Schmidt,m25.561,low back pain after lifting,MCR,225.10,Paid in Full,2024-08-25 00:27:40
ATHENA_CLINICS,105954,Summit Ridge Ortho,AC1006044,Sandra,Hoffman,02/23/1999,F,54150,(608) 555-0100,05/28/2023,,Outpatient,1849518380,Dr. Mary Wright,M25.561,knee pain worse on stairs,AETNA INC,$238.83  ,Closed - Paid,2023-06-10 03:43:07
ATHENA_CLINICS,111394,Summit Ridge Orthopedic Clinic,AC1005707,AARON,RODRIGUEZ,06/04/1959,M,54104,(608) 555-0117,03-25-23,03/25/2023,Out Patient,1775003142,Dr. Laura Hall,M17.0,low back pain after lifting,AETNA INC,329.55,Paid,2023-03-30 04:23:57
ATHENA_CLINICS,107557,Cedar Vly Family Clinic,AC1004820,Ana,Schmidt,08/03/1967,F,52423,(319) 555-0158,2024-07-21,,OP,1309765828,Dr. Maria Rodriguez,J44.9,productive cough with low oxygen readings at home,BCBS,$ 161.05,Paid in Full,2024-08-01 02:19:43
ATHENA_CLINICS,135099,Summit Ridge Orthopedic Clinic,AC1006849,Ana,Thompson,1947-06-16,F,53122,(262) 555-0151,04/03/2024,,Outpatient,1849518380,"Wright, Mary",S93.401A,"fell on outstretched hand, wrist pain",MEDICARE PART A,$920.06,Paid,2024-04-15 11:15:20
ATHENA_CLINICS,135709,Eastgate Urgent Care,AC1000612,Emily,Williams,12/25/1966,F,53191,(414) 555-0146,12/19/2023,12/19/2023,Walk-in Urgent,1608565176,Dr. Karen Van Dyke,S93401A,head injury after a fall,SELFPAY,$131.92,Paid,2024-01-11 18:18:25
ATHENA_CLINICS,121086,Cedar Valley Family Clinic,AC1000249,Fatima,King,06/14/1963,F,52407,(319) 555-0160,05/03/2024,2024-05-03,Virtual,1188357952,"Nguyen, Katherine",e10.9,numbness in both feet,Blue Cross Blue Shield,$141.03,Denied,2024-05-12 03:17:57
ATHENA_CLINICS,106426,Cedar Valley Family Clinic,AC1006293,Laura,Walker,"January 13, 1993",F,52069,(319) 555-0169,11/11/2024,,Outpatient,1443256882,Dr. Michael Garcia,Z23,flu shot,State Medicaid Plan,$253.97,Closed - Paid,2024-12-04 04:01:26
ATHENA_CLINICS,109465,CEDAR VALLEY FAMILY CLINIC,AC1002130,Jessica,Young,1958-02-22,F,52435,(563) 555-0125,07/12/2024,07/12/2024,Video Visit,1188357952,"Nguyen, Katherine",F41.1,"medication review, feeling stable",MEDICARE PART A,$64.94,PAID,2024-07-29 15:38:22
ATHENA_CLINICS,107631,Summit Ridge Orthopedic Clinic,AC1002421,Ashley,Harris,1950-05-19,F,53273,(920) 555-0188,12/30/2023,2023-12-30,OP,1739241960,Dr. William Thomas,M54.50,knee pain worse on stairs,Medicare,$ 674.08,Paid,2024-01-15 23:04:06
ATHENA_CLINICS,107398,Cedar Valley Family Clinic,AC1005190,Michael,Thomas,03/10/1965,M,52009,(319) 555-0155,06/28/2023,,Office Visit,1844093249,Dr. Michael Lewis,Z00.00,flu shot,N/A,$263.68,PAID,2023-07-13 19:19:56
ATHENA_CLINICS,119296,Eastgate Urgent Care Center,AC1000609,Matthew,Rodriguez,1966-10-18,M,53765,(920) 555-0194,03/27/2024,,UC,1284352816,"King, Sarah",N390,confusion and high fever,Uninsured,$254.63,Paid,2024-04-02 23:19:25
ATHENA_CLINICS,115185,Summit Ridge Orthopedic Clinic,AC1004536,Lisa,King,08/01/1978,F,54304,(920) 555-0136,2024-02-05,,OP,1062048420.0,"White, Paul",M17.0,knee pain worse on stairs,Cigna,$ 441.06,Rejected,2024-02-08 23:31:29
ATHENA_CLINICS,134167,Eastgate Urgent Care Center,AC1000073,Steven,Hall,02/05/1967,M,53262,(608) 555-0176,2024-01-18,01-18-24,Urgent Care,1652373550,"Jensen, Nancy",J069,sore throat and fever,Cigna,147.46 USD,VOIDED,2024-02-12 13:26:26
ATHENA_CLINICS,129946,Cedar Valley Family Clinic,AC1005920,Aaron,Thomas,03/14/1981,M,52421,(563) 555-0153,08/05/2024,,Telehealth,1309765828,Dr. Maria Rodriguez,F41.1,"medication review, feeling stable",BCBS,$200.97,PAID,2024-08-07 00:24:55
ATHENA_CLINICS,113843,Summit Ridge Orthopedics,AC1005072,Anthony,King,09/29/1991,M,53770,(920) 555-0188,2023-11-22,2023-11-22,,1775003142,Dr. Laura Hall,S52.501A,head injury after a fall,Aetna,2880.96,PAID,2023-12-08 10:32:09
ATHENA_CLINICS,131835,East Gate Urgent Care,AC1002489,Susan,Wright,1969-12-21,F,53142,(608) 555-0160,"August 7, 2024",08/07/2024,Urgent Care,1284352816,"King, Sarah",U07.1,sore throat and fever,UnitedHealthcare,380.16,DENIED,2024-08-15 21:43:26
ATHENA_CLINICS,136544,EASTGATE UC,AC1002649,William,Hansen,1991-01-28,M,54302,(608) 555-0189,07/29/2023,,Video Visit,1279264513,"Lewis, Sofia",J06.9,fever and cough,MEDICAID,136.95,Denied,2023-08-02 21:39:45
ATHENA_CLINICS,117392,Cedar Valley Family Clinic,AC1007515,Richard,Hall,03/27/1992,F,52426,(319) 555-0125,2024-02-23,02/23/2024,Video Visit,1018051544,"Martinez, Richard",u07.1,burning on urination,self-pay,$152.27,Paid in Full,2024-03-19 17:16:02
ATHENA_CLINICS,113810,Cedar Valley Clinic,AC1007116,Olivia,Van Dyke,07/06/1970,F,52023,(319) 555-0188,2024-04-01,04/01/2024,Office Visit,1215711643,"Garcia-Lopez, Brian",I10,hypertension follow-up,UnitedHealthcare,304.68,Paid in Full,2024-04-16 15:42:27
ATHENA_CLINICS,139259,Summit Ridge Orthopedics,AC1005014,Sarah,Thompson,1950-02-23,F,53757,(920) 555-0176,12/13/2023,12/13/2023,Outpatient,1062048420,"White, Paul",m25.561,joint stiffness in the morning,MCR,$256.14,Paid in Full,2023-12-14 01:48:11
ATHENA_CLINICS,107954,Summit Ridge Orthopedics,AC1004023,Rebecca,Kowalski,08/19/1940,F,54374,(608) 555-0192,06/12/2024,"June 12, 2024",Outpatient,1062048420,Dr. Paul White,M1711,knee pain worse on stairs,MEDICARE PART A,$206.58,Paid in Full,2024-06-23 11:36:53
ATHENA_CLINICS,114073,Cedar Valley Clinic,AC1006079,Patricia,O'Brien,1974-06-05,F,52095,(319) 555-0182,05-18-23,,TELEMED,1188357952,Dr. Katherine Nguyen,J06.9,fever and cough,Cigna,$96.59,Paid in Full,2023-05-19 04:41:37
ATHENA_CLINICS,106302,SUMMIT RIDGE ORTHOPAEDICS,AC1004313,Paul,Clark,"February 23, 1941",M,53736,(414) 555-0148,2024-04-23,"April 23, 2024",Office Visit,1775003142.0,"Hall, Laura",M1711,low back pain after lifting,MCR,USD 711.41,Paid in Full,2024-05-11 07:13:01
ATHENA_CLINICS,120801,Cedar Valley Family Clinic,AC1004597,Sofia,Jensen,1966-03-02,F,52080,(563) 555-0136,2023-07-08,,Outpatient,1309765828,Dr. Maria Rodriguez,J44.9,"short of breath, using rescue inhaler more often",Cigna,722.77 USD,Closed - Paid,2023-07-15 19:12:18
ATHENA_CLINICS,113044,Cedar Valley Family Clinic,AC1005186,Maria,Garcia,1984-11-15,F,52072,(563) 555-0137,2024-06-26,,Office Visit,1309765828,Dr. Maria Rodriguez,N186,kidney function review,UnitedHealthcare,$183.87,PAID,2024-06-28 11:00:36
ATHENA_CLINICS,100643,Eastgate Urgent Care,AC1003045,Jacob,Schultz,"June 19, 1996",M,53795,(414) 555-0154,11/18/2023,11/18/2023,Walk-in Urgent,1608565176.0,"Van Dyke, Karen",R51.9,fever for two days,CIGNA HEALTH,$130.57,Rejected,2023-11-27 07:58:55
ATHENA_CLINICS,121448,Cedar Valley Clinic,AC1001290,Hannah,Nelson,10/10/1962,F,52072,(319) 555-0103,05-18-24,,OP,1443256882,Dr. Michael Garcia, M54.50 ,low back pain after lifting,CIGNA HEALTH,597.25 USD,Closed - Paid,2024-05-21 09:46:49
ATHENA_CLINICS,125281,Cedar Valley Family Clinic,AC1002540,Ethan,Kowalski,06/05/1942,M,52039,(563) 555-0145,01/20/2024,,Clinic Visit,1309765828,Dr. Maria Rodriguez,Z23,annual physical,Medicare,$129.87,PAID,2024-02-02 11:49:26
ATHENA_CLINICS,108752,Eastgate Urgent Care,AC1005895,Ethan,King,"February 17, 1961",M,53113,(608) 555-0178,2024-03-29,,URGENT CARE,1652373550,"Jensen, Nancy",U07.1,fever and cough,UHC,483.27,Paid,2024-04-08 12:51:54
ATHENA_CLINICS,101232,Cedar Vly Family Clinic,AC1004723,Robert,Lee,"October 19, 1986",M,52495,(319) 555-0140,"January 4, 2024","January 4, 2024",Video Visit,1188357952,"Nguyen, Katherine",u07.1,fever and cough,Uninsured,$68.72,Paid,2024-01-26 13:25:46
ATHENA_CLINICS,127850,Eastgate Urgent Care,AC1007139,Emily,Harris,09/12/1955,F,54123,(414) 555-0165,2024-09-08,,URGENT CARE,1279264513,Dr. Sofia Lewis, U07.1 ,sore throat and fever,MCR,221.67,Paid in Full,2024-09-29 17:59:42
ATHENA_CLINICS,106961,Cedar Valley Family Clinic,AC1005529,James,Lee,1950-01-21,M,52077,(563) 555-0159,"July 22, 2023",07-22-23,Video Visit,1309765828,"Rodriguez, Maria",f41.1,anxiety and panic episodes,MEDICARE PART A,12..50,Closed - Paid,2023-07-23 00:22:08
ATHENA_CLINICS,123514,Cedar Valley Family Clinic,AC1004538,Karen,Nguyen,1956-10-25,F,52492,(319) 555-0123,2023-08-24,08-24-23,OP,N/A,Dr. Brian Garcia-Lopez,N18.6,kidney function review,MEDICARE PART A,1956.36,Paid,2023-09-01 23:38:46
ATHENA_CLINICS,103678,Summit Ridge Orthopedics,AC1002689,Grace,Moore,07/09/1966,F,53280,(608) 555-0116,"May 22, 2024",,Office Visit,1739241960,Dr. William Thomas,M17.0,low back pain after lifting,self-pay,218.18 USD,Paid,2024-05-28 02:00:13
ATHENA_CLINICS,104120,Cedar Valley Family Clinic,AC1001874,Ryan,Patel,1981-12-08,M,52470,(563) 555-0115,2023-06-29,2023-06-29,Outpatient,1443256882,"Garcia, Michael",N18.6,"missed dialysis session, feeling weak",UHC,$ 2485.17,Paid in Full,2023-07-05 02:47:54
ATHENA_CLINICS,118694,Cedar Valley Family Clinic,AC1005674,William,Nguyen,1962-07-08,M,52407,(319) 555-0183,07/14/2023,07/14/2023,Out Patient,1188357952,"Nguyen, Katherine",I50.22,"heart failure follow-up, fluid tablets review",BadgerCare Plus,2073.41,Paid in Full,2023-08-08 10:50:18
ATHENA_CLINICS,124868,Eastgate Urgent Care,AC1001789,Olivia,Schultz,1981-11-20,F,54106,(414) 555-0154,2024-09-11,2024-09-11,Urgent Care,1652373550,"Jensen, Nancy",u07.1,confusion and high fever,MEDICAID,$595.61,Closed - Paid,2024-09-20 16:41:09
ATHENA_CLINICS,116340,Eastgate Urgent Care,AC1002632,Linda,Jones,1975-07-29,F,53281,(414) 555-0121,"March 18, 2023","March 18, 2023",Walk-in Urgent,1608565176,"Van Dyke, Karen",J02.9,burning on urination,self-pay,254.67,Closed - Paid,2023-04-01 21:52:18
ATHENA_CLINICS,106837,Cedar Valley Family Clinic,AC1007166,Tyler,Hall,1962-03-16,M,52484,(319) 555-0115,"December 15, 2023",,Office Visit,1443256882,"Garcia, Michael",E10.9,fatigue and excessive thirst,Medicaid,$450.10,Paid in Full,2023-12-31 08:35:25
ATHENA_CLINICS,106720,Eastgate Urgent Care,AC1005482,Samuel,Miller,1964-04-23,M,54153,(262) 555-0162,03/05/2024,"March 5, 2024",URGENT CARE,1608565176,"Van Dyke, Karen",S93.401A,head injury after a fall,BadgerCare Plus,$348.62,Closed - Paid,2024-03-14 16:23:05
ATHENA_CLINICS,130828,Eastgate Urgent Care,AC1000559,Margaret,Williams,07/21/1982,F,54117,(414) 555-0188,07/20/2023,,Walk-in Urgent,1652373550,Dr. Nancy Jensen,U07.1,confusion and high fever,AETNA INC,308.80,PAID,2023-08-04 13:48:13
ATHENA_CLINICS,107837,Summit Ridge Orthopedics,AC1000673,Jennifer,Olson,1965-09-27,F,54163,(920) 555-0185,12/31/2023,12/31/2023,Outpatient,1849518380,"Wright, Mary",s93.401a,twisted ankle playing basketball,self-pay,"1,198.12 USD",Paid in Full,2024-01-01 14:13:11
ATHENA_CLINICS,132043,Westfield Surgical Center,AC1007288,Chloe,Garcia-Lopez,12/02/1951,F,52421,(319) 555-0175,08/11/2024,2024-08-11,URGENT CARE,1279264513,"Lewis, Sofia",j06.9,sore throat and fever,Medicare,$595.78,Paid,2024-08-23 07:22:43
ATHENA_CLINICS,124492,Summit Ridge Orthopedics,AC1001661,JOSHUA,JACKSON,"September 11, 1980",M,53102,(262) 555-0115,2023-02-18,2023-02-18,Office Visit,1062048420,"White, Paul",M17.0,low back pain after lifting,UnitedHealthcare,$325.12,Closed - Paid,2023-03-02 09:37:46
ATHENA_CLINICS,106665,Cedar Valley Family Clinic,AC1002815,William,Patel,10/27/1949,M,52427,(319) 555-0109,06/28/2023,06-28-23,OP,1188357952,Dr. Katherine Nguyen,J44.9,increased cough and wheezing,MCR,590.99,Closed - Paid,2023-07-19 12:06:31
ATHENA_CLINICS,114999,Cedar Valley Family Clinic,AC1003439,James,Novak,02/16/1959,M,52427,(319) 555-0117,2023-05-23,05/23/2023,Office Visit,1215711643,"Garcia-Lopez, Brian", M54.50 ,knee pain worse on stairs,BCBS,1949.04,PAID,2023-05-24 12:56:58
ATHENA_CLINICS,107773,Cedar Valley Family Clinic,AC1007431,Susan,Hernandez,1990-01-15,F,52013,(563) 555-0124,10/08/2023,,OP,1309765828,"Rodriguez, Maria",Z23,well child visit,Medicaid,$165.52,PAID,2023-10-29 21:36:25
ATHENA_CLINICS,111729,Eastgate Urgent Care Center,AC1006517,Carlos,Lopez,1977-08-27,M,53701,(920) 555-0144,10/15/2024,,URGENT CARE,1215711643,Dr. Brian Garcia-Lopez,R51.9,abdominal pain since morning,N/A,$464.03,PAID,2024-10-21 14:41:00
ATHENA_CLINICS,130323,Eastgate Urgent Care,AC1006631,Maria,Larson,1970-02-26,F,53796,(414) 555-0129,2023-02-11,,Urgent Care,1652373550,Dr. Nancy Jensen,"S93.401A - Sprain of unspecified ligament of right ankle, initial encounter",head injury after a fall,SELFPAY,581.91,Denied,2023-02-25 12:28:36
ATHENA_CLINICS,125199,Cedar Valley Family Clinic,AC1006412,Noah,MARTINEZ,03/14/1930,M,52417,(563) 555-0177,11-05-24,,OP,1018051544,Dr. Richard Martinez,j06.9,cold symptoms for a week,Medicare,$643.17,PAID,2024-11-09 14:38:41
ATHENA_CLINICS,104437,Summit Ridge Ortho,AC1003203,Ethan,Smith,"September 11, 1988",M,54198,(608) 555-0102,"December 1, 2023",,Outpatient,1775003142,Dr. Laura Hall,S52.501A,head injury after a fall,AETNA INC,1961.75,Rejected,2023-12-02 11:36:39
ATHENA_CLINICS,118670,Cedar Valley Family Clinic,AC1005529,James,Lee,1950-01-21,M,52077,(563) 555-0159,11/30/2023,11/30/2023,Office Visit,1188357952,"Nguyen, Katherine", I50.22 ,"unable to lie flat at night, ankle edema",MEDICARE PART A,120.85,Denied,2023-12-21 05:58:19
ATHENA_CLINICS,110016,Eastgate Urgent Care,AC1006382,Linda,Lee,1958-05-04,F,54368,(920) 555-0128,2024-06-06,06/06/2024,UC,1284352816,Dr. Sarah King,S52.501A,twisted ankle playing basketball,Medicare,$ 133.61,Rejected,2024-06-13 21:37:10
ATHENA_CLINICS,125120,Summit Ridge Orthopedic Clinic,AC1007099,Rebecca,Clark,06/04/1948,F,54174,(262) 555-0184,04/03/2023,,Office Visit,1775003142,"Hall, Laura",M17.11,low back pain after lifting,TRICARE,$642.74,Paid,2023-04-15 01:51:12
ATHENA_CLINICS,116792,Cedar Valley Clinic,AC1004102,Ana,Young,03/14/1960,F,52417,(319) 555-0157,2024-08-09,,Out Patient,1018051544,"Martinez, Richard",M5450,low back pain after lifting,UnitedHealthcare,USD 599.68,PAID,2024-08-28 19:57:39
ATHENA_CLINICS,119837,Eastgate Urgent Care,AC1003351,Nancy,Nelson,03/22/1969,F,53284,(414) 555-0107,07/20/2024,,Urgent Care,1608565176,Dr. Karen Van Dyke,S93.401A,twisted ankle playing basketball,Cigna,487.82,Paid,2024-07-26 18:48:19
ATHENA_CLINICS,135262,Eastgate Urgent Care Center,AC1003082,Noah,Van Dyke,1981-06-02,M,53295,(920) 555-0130,07/20/2024,2024-07-20,Walk-in Urgent,1279264513,"Lewis, Sofia",R519,chest pain,UHC,$254.47,PAID,2024-07-29 19:01:30
ATHENA_CLINICS,104748,Eastgate Urgent Care,AC1000993,Lisa,Lewis,1977-05-17,F,54173,(608) 555-0178,09/13/2023,,URGENT CARE,1652373550,"Jensen, Nancy",J06.9,cold symptoms for a week,AETNA INC,$451.83,Paid in Full,2023-10-01 22:41:01
ATHENA_CLINICS,108843,Summit Ridge Ortho,AC1001262,Nancy,Rodriguez,"November 4, 1957",F,54305,(414) 555-0110,2024-04-04,2024-04-04,Clinic Visit,1739241960,"Thomas, William",m54.50,joint stiffness in the morning,MEDICARE PART A,$533.06,Paid,2024-04-13 06:22:34
ATHENA_CLINICS,125011,SUMMIT RIDGE ORTHOPAEDICS,AC1006474,Daniel,Wagner,02/18/1981,M,53103,(920) 555-0159,2024-08-16,,Out Patient,1739241960,"Thomas, William","M17.11 - Unilateral primary osteoarthritis, right knee",low back pain after lifting,IA Medicaid,USD 699.03,Closed - Paid,2024-09-08 09:51:23
ATHENA_CLINICS,135449,Eastgate Urgent Care,AC1002552,Sofia,Becker,04/18/1968,F,53713,(414) 555-0151,2023-05-23,,Telehealth,1284352816,Dr. Sarah King,J06.9,burning on urination,AETNA INC,$66.26  ,Rejected,2023-06-04 10:40:32
ATHENA_CLINICS,122036,Eastgate Urgent Care Center,AC1006699,Katherine,Mueller,11/09/1989,F,53116,(262) 555-0121,2024-02-22,02/22/2024,URGENT CARE,1279264513,"Lewis, Sofia",N39.0,sore throat and fever,self-pay,367.20,Closed - Paid,2024-03-04 07:57:35
ATHENA_CLINICS,100265,Eastgate Urgent Care,AC1005895,Ethan,King,1961-02-17,M,53113,(608) 555-0178,"June 29, 2024",2024-06-29,URGENT CARE,1279264513,Dr. Sofia Lewis,J069,confusion and high fever,AETNA INC,$156.31,Cancelled,2024-07-14 19:14:50
ATHENA_CLINICS,116006,Cedar Valley Clinic,AC1005516,Jennifer,Taylor,02/17/2001,F,52477,(319) 555-0146,01/17/2024,01/17/2024,Video Visit,1443256882,Dr. Michael Garcia,F41.1,"medication review, feeling stable",UnitedHealthcare,$ 257.18,DENIED,2024-01-20 02:16:29
ATHENA_CLINICS,135449,Eastgate Urgent Care,AC1002552,Sofia,Becker,04/18/1968,F,53713,(414) 555-0151,2023-05-23,,Telehealth,1284352816,Dr. Sarah King,J06.9,burning on urination,AETNA INC,$66.26  ,Rejected,2023-06-04 10:40:32
ATHENA_CLINICS,109141,Eastgate Urgent Care,AC1000933,Sarah,Schmidt,05/17/1976,F,61193,(815) 555-0197,11/13/2023,11/13/2023,UC,1279264513,Dr. Sofia Lewis,J06.9,sore throat and fever,Blue Cross Blue Shield,569.96,Closed - Paid,2023-11-24 14:41:19
ATHENA_CLINICS,116318,Eastgate Urgent Care,AC1000849,Matthew,Lee,1983-06-03,M,53728,(920) 555-0180,2023-07-06,07-06-23,Walk-in Urgent,1608565176,Dr. Karen Van Dyke,S93.401A,head injury after a fall,UnitedHealthcare,120.34,PAID,2023-07-20 14:12:23
ATHENA_CLINICS,126717,Cedar Valley Family Clinic,AC1004945,Jessica,Young,09/11/1948,F,52440,(563) 555-0198,03-11-24,03-11-24,Clinic Visit,1443256882.0,Dr. Michael Garcia,"J02.9 - Acute pharyngitis, unspecified",sore throat and fever,MEDICARE PART A,$123.26  ,Closed - Paid,2024-03-12 09:51:24
ATHENA_CLINICS,108081,Cedar Valley Family Clinic,AC1003626,Joshua,Lopez,"October 18, 1977",M,52021,(563) 555-0194,02-06-24,02/06/2024,TELEMED,1215711643,Dr. Brian Garcia-Lopez,F41.1,"medication review, feeling stable",Self Pay,227.09,Paid,2024-02-25 23:01:10
ATHENA_CLINICS,106564,Summit Ridge Orthopedics,AC1006033,Mark,Young,01/29/1975,M,54365,(608) 555-0109,"March 14, 2024",,Outpatient,1062048420,"White, Paul",M17.0,joint stiffness in the morning,IA Medicaid,$1.63K,Paid in Full,2024-03-23 06:43:22
ATHENA_CLINICS,117663,Eastgate Urgent Care,AC1002508,Elizabeth,Wright,"April 5, 1970",F,54360,(608) 555-0156,2024-10-08,,Walk-in Urgent,1608565176,"Van Dyke, Karen",U07.1,cold symptoms for a week,AETNA INC,$204.08,Paid in Full,2024-10-10 21:29:34
ATHENA_CLINICS,105884,Summit Ridge Ortho,AC1002421,Ashley,Harris,05/19/1950,F,53273,(920) 555-0188,06-09-23,2023-06-09,Clinic Visit,1739241960,"Thomas, William",S93.401A,"fell on outstretched hand, wrist pain",MEDICARE PART A,$456.00,Denied,2023-06-12 20:33:30
ATHENA_CLINICS,116888,Eastgate Urgent Care,AC1005149,Daniel,Garcia-Lopez,09/06/1965,M,54302,(608) 555-0160,08/24/2023,"August 24, 2023",UC,1608565176,Dr. Karen Van Dyke,S93.401A,twisted ankle playing basketball,AETNA INC,$396.78,Closed - Paid,2023-09-01 18:03:56
ATHENA_CLINICS,126329,Eastgate Urgent Care,AC1004317,Brian,Peterson,08/13/1958,M,53208,(920) 555-0183,"March 1, 2023",03-01-23,URGENT CARE,1279264513,"Lewis, Sofia", N39.0 ,fever and cough,MCR,$273.50,Paid,2023-03-11 10:29:17
ATHENA_CLINICS,123656,Cedar Vly Family Clinic,AC1004234,Barbara,Lewis,1965-01-23,F,52419,(319) 555-0173,"July 17, 2023",,Outpatient,1443256882.0,"Garcia, Michael",J029,fever and cough,SELFPAY,$197.13,Paid in Full,2023-08-08 22:33:31
ATHENA_CLINICS,119333,Eastgate Urgent Care,AC1001718,Michelle,Larson,02/02/1944,F,53736,(608) 555-0163,05-05-24,2024-05-05,URGENT CARE,1284352816,"King, Sarah",N39.0,burning on urination,MCR,120.71 USD,Closed - Paid,2024-05-09 12:29:20
ATHENA_CLINICS,128387,Cedar Valley Family Clinic,AC1006873,Richard,Clark,05/26/1972,M,52096,(319) 555-0106,2024-10-16,10/16/2024,Virtual,1443256882,Dr. Michael Garcia,"J06.9 - Acute upper respiratory infection, unspecified",burning on urination,AETNA INC,223.47,Paid in Full,2024-10-24 06:38:26
ATHENA_CLINICS,117743,Cedar Valley Family Clinic,AC1003601,Katherine,Walker,"January 12, 1947",F,52028,(319) 555-0135,05/05/2023,,Out Patient,1188357952,Dr. Katherine Nguyen,J02.9,sore throat and fever,Medicare,$ 198.87,PAID,2023-05-24 19:44:31
ATHENA_CLINICS,118968,Cedar Valley Family Clinic,AC1002880,Omar,Davis,04/03/2001,M,52073,(319) 555-0182,2024-06-02,,Office Visit,1188357952.0,"Nguyen, Katherine",Z23,flu shot,Cigna,180.31 USD,Paid in Full,2024-06-27 08:48:24
ATHENA_CLINICS,137194,SUMMIT RIDGE ORTHOPAEDICS,AC1001548,Joshua,Wagner,07/16/1937,M,53291,(414) 555-0144,01/07/2024,,Telehealth,1849518380,"Wright, Mary", M17.11 ,knee pain worse on stairs,MEDICARE PART A,$325.70,Rejected,2024-01-23 17:09:57
ATHENA_CLINICS,108928,Eastgate Urgent Care,AC1006761,Karen,Schmidt,"October 6, 1967",F,54122,(414) 555-0118,06/08/2024,,Telehealth,1284352816,"King, Sarah",U07.1,cold symptoms for a week,Blue Cross Blue Shield,257.93,Paid,2024-06-25 14:25:00
ATHENA_CLINICS,106598,Eastgate Urgent Care Center,AC1006761,Karen,Schmidt,1967-10-06,F,54122,(414) 555-0118,10/28/2023,10/28/2023,Video Visit,1279264513,Dr. Sofia Lewis,J06.9,fever and cough,UnitedHealthcare,$81.14,PAID,2023-11-06 05:14:57
ATHENA_CLINICS,116448,Eastgate Urgent Care,AC1004199,Aaron,Anderson,1957-09-06,M,53760,(608) 555-0172,06/02/2024,,UC,1279264513.0,Dr. Sofia Lewis,S52501A,twisted ankle playing basketball,Medicare - Part B,$199.23,Paid,2024-06-16 08:21:30
ATHENA_CLINICS,128186,Westfield Surgical Center,AC1004609,Minh,Williams,"April 4, 1982",M,54335,(920) 555-0193,01/09/2024,,UC,1279264513,Dr. Sofia Lewis,U07.1,sore throat and fever,Blue Cross Blue Shield,$369.58,Closed - Paid,2024-01-30 19:38:56
ATHENA_CLINICS,109539,Eastgate Urgent Care Center,AC1006555,Noah,Becker,01/24/1932,M,53775,(414) 555-0171,2024-06-30,2024-06-30,UC,1652373550,"Jensen, Nancy",s52.501a,head injury after a fall,Medicare - Part B,$595.58,PAID,2024-07-09 04:12:33
ATHENA_CLINICS,131867,Cedar Valley Family Clinic,AC1007288,Chloe,Garcia-Lopez,12/02/1951,F,52421,(319) 555-0175,10/14/2023,10/14/2023,Telehealth,1215711643,Dr. Brian Garcia-Lopez,U07.1,confusion and high fever,MEDICARE PART A,168.51,PAID,2023-11-02 21:02:25
ATHENA_CLINICS,127210,Summit Ridge Ortho,AC1005642,RAJESH,JACKSON,"January 19, 1967",M,53709,(608) 555-0119,"March 31, 2023","March 31, 2023",Office Visit,1775003142,"Hall, Laura","M17.11 - Unilateral primary osteoarthritis, right knee",knee pain worse on stairs,Workers Comp,"$1,064.46",Closed - Paid,2023-04-15 15:40:11
ATHENA_CLINICS,103802,Cedar Valley Family Clinic,AC1001261,Michelle,WAGNER,07/19/1963,F,52433,(563) 555-0182,02/08/2023,2023-02-08,OP,1188357952,Dr. Katherine Nguyen,Z23,annual physical,AETNA INC,377.90 USD,Paid,2023-02-17 10:50:13
ATHENA_CLINICS,112032,Cedar Valley Family Clinic,AC1006288,Ana,Nelson,01/05/1984,F,52464,(319) 555-0143,01/07/2024,2024-01-07,Office Visit,1018051544,"Martinez, Richard",N184,kidney function review,Aetna,667.40 USD,Paid,2024-01-29 19:47:59
ATHENA_CLINICS,127286,CEDAR VALLEY FAMILY CLINIC,AC1002815,William,Patel,10/27/1949,M,52427,(319) 555-0109,2024-09-12,,Out Patient,1844093249,Dr. Michael Lewis,J44.9,"short of breath, using rescue inhaler more often",MEDICARE PART A,$ 2003.77,Paid in Full,2024-10-03 00:30:28
ATHENA_CLINICS,122461,Cedar Valley Family Clinic,AC1001874,Ryan,Patel,12/08/1981,M,52470,(563) 555-0115,2023-05-23,05-23-23,Video Visit,1443256882,Dr. Michael Garcia,F411,increased agitation and racing thoughts,UHC,76.00 USD,Closed - Paid,2023-06-07 20:10:02
ATHENA_CLINICS,115638,Eastgate Urgent Care Center,AC1007399,Linda,Hoffman,1976-08-07,F,53144,(608) 555-0103,10/21/2024,10/21/2024,UC,1215711643,"Garcia-Lopez, Brian",U071,confusion and high fever,self-pay,551.01,Paid in Full,2024-10-28 08:52:20
ATHENA_CLINICS,139342,Eastgate Urgent Care,AC1002801,PRIYA,JACKSON,"November 15, 1950",F,53260,(414) 555-0165,12/20/2023,12/20/2023,Urgent Care,1652373550,"Jensen, Nancy",N39.0,fever and cough,Medicare,185.11,Paid in Full,2024-01-07 09:10:10
ATHENA_CLINICS,133055,Cedar Valley Family Clinic,AC1004597,Sofia,Jensen,03/02/1966,F,52080,(563) 555-0136,2024-10-14,"October 14, 2024",OP,1309765828,"Rodriguez, Maria",J44.9,"short of breath, using rescue inhaler more often",CIGNA HEALTH,"$2,440.25",Denied,2024-11-07 11:37:37
ATHENA_CLINICS,107933,Cedar Vly Family Clinic,AC1004538,Karen,Nguyen,1956-10-25,F,52492,(319) 555-0123,2023-12-19,12/19/2023,Outpatient,1018051544,"Martinez, Richard",N18.4,swelling and reduced urine output,Medicare,489.41 USD,Denied,2024-01-08 02:17:56
ATHENA_CLINICS,101173,Summit Ridge Orthopedics,AC1004067,Luis,White,1953-09-29,M,53751,(262) 555-0199,2023-08-03,,OP,1849518380,"Wright, Mary",M25561,knee pain worse on stairs,MCR,778.79 USD,Paid in Full,2023-08-21 01:58:03
ATHENA_CLINICS,136760,Eastgate Urgent Care,AC1004199,Aaron,Anderson,"September 6, 1957",M,53760,(608) 555-0172,02/22/2023,,UC,1652373550,Dr. Nancy Jensen,J02.9,cold symptoms for a week,Medicare - Part B,$374.68,Void,2023-03-06 01:45:16
ATHENA_CLINICS,117312,Cedar Valley Family Clinic,AC1006992,Hannah,Mueller,1970-07-11,F,52028,(563) 555-0139,2023-04-22,"April 22, 2023",Outpatient,1215711643,Dr. Brian Garcia-Lopez, I50.32 ,"unable to lie flat at night, ankle edema",Aetna,146.52,Paid,2023-05-06 14:39:00
ATHENA_CLINICS,119610,Cedar Valley Family Clinic,AC1006079,Patricia,O'Brien,06/05/1974,F,52095,(319) 555-0182,06/07/2024,"June 7, 2024",TELEMED,1309765828,Dr. Maria Rodriguez,E11.9,confusion with very high glucose,Blue Cross Blue Shield,$ 111.94,Closed - Paid,2024-06-19 07:25:31
ATHENA_CLINICS,121064,Cedar Valley Family Clinic,AC1005611,James,Moore,03/26/1961,M,52029,(319) 555-0169,"March 9, 2023",,Office Visit,1215711643,Dr. Brian Garcia-Lopez,j02.9,burning on urination,Self Pay,$733.11,Closed - Paid,2023-03-28 00:42:47
ATHENA_CLINICS,116824,Westfield Surgical Center,AC1000153,Thomas,Walker,01/25/1963,M,52482,(563) 555-0159,03/04/2024,,UC,1284352816,"King, Sarah",S52.501A,"fell on outstretched hand, wrist pain",Medicaid,337.04,Paid in Full,2024-03-09 03:53:25
ATHENA_CLINICS,108652,Cedar Valley Family Clinic,AC1002765,Bill,Williams,1986-11-03,M,52445,(319) 555-0181,2023-02-02,,Virtual,1844093249,"Lewis, Michael",I50.32 - Chronic diastolic (congestive) heart failure,"unable to lie flat at night, ankle edema",BCBS,$81.47,Paid in Full,2023-02-20 22:22:16
ATHENA_CLINICS,133789,Eastgate Urgent Care,AC1003582,Rebecca,Hernandez,11/27/1966,F,54346,(414) 555-0182,2023-08-12,,URGENT CARE,1284352816,"King, Sarah",n39.0,fever and cough,State Medicaid Plan,$245.89,Rejected,2023-08-19 13:53:16
ATHENA_CLINICS,121203,Westfield Surgical Center,AC1006908,Karen,Novak,"February 23, 1988",F,53707,(414) 555-0128,2024-05-01,2024-05-01,Walk-in Urgent,1608565176,Dr. Karen Van Dyke,N39.0,fever and cough,Medicaid,$405.70,Paid in Full,2024-05-02 04:28:44
ATHENA_CLINICS,103846,Eastgate Urgent Care,AC1000616,Sarah,King,1981-08-22,F,54351,(414) 555-0135,10/30/2024,,URGENT CARE,1215711643,Dr. Brian Garcia-Lopez,S52.501A,head injury after a fall,MCR,$374.68,Paid in Full,2024-11-21 13:58:15
ATHENA_CLINICS,115570,Eastgate Urgent Care,AC1004387,Kevin,King,1970-05-07,M,53109,(920) 555-0183,10/08/2023,"October 8, 2023",UC,1608565176,"Van Dyke, Karen",S52501A,"fell on outstretched hand, wrist pain",MEDICAID,198.48,PAID,2023-10-21 07:28:11
ATHENA_CLINICS,130854,Eastgate Urgent Care,AC1002006,Linda,Jones,10/20/1936,F,54337,(920) 555-0126,02/19/2024,02/19/2024,Urgent Care,1608565176,"Van Dyke, Karen","S52.501A - Unspecified fracture of the lower end of right radius, initial encounter for closed fracture",head injury after a fall,Medicare - Part B,123.23,Paid in Full,2024-03-11 19:42:22
ATHENA_CLINICS,120483,Cedar Valley Family Clinic,AC1003858,Barbara,Hernandez,"December 17, 1961",F,52426,(319) 555-0157,11/17/2023,2023-11-17,OP,1309765828,Dr. Maria Rodriguez,I10,headache with elevated blood pressure,Medicare,149.48,Paid,2023-11-25 03:51:20
ATHENA_CLINICS,130514,Cedar Valley Clinic,AC1002456,Sandra,King,"October 21, 1971",F,52402,(563) 555-0116,04/16/2024,,Office Visit,1215711643,"Garcia-Lopez, Brian",J02.9,burning on urination,MEDICAID,"USD 2,148.82",Closed - Paid,2024-04-23 23:21:53
ATHENA_CLINICS,102673,Summit Ridge Orthopedics,AC1002421,Ashley,Harris,05/19/1950,F,53273,(920) 555-0188,2024-02-29,,Virtual,1739241960,"Thomas, William",M54.50,knee pain worse on stairs,Medicare - Part B,USD 80.45,Closed - Paid,2024-03-05 18:00:23
ATHENA_CLINICS,125129,Summit Ridge Ortho,AC1006033,Mark,Young,01/29/1975,M,54365,(608) 555-0109,06/25/2024,,Office Visit,1739241960,Dr. William Thomas,S52501A,head injury after a fall,BadgerCare Plus,USD 224.07,Paid in Full,2024-06-28 05:07:53
ATHENA_CLINICS,102121,Cedar Valley Family Clinic,AC1007431,Susan,Hernandez,01/15/1990,F,52013,(563) 555-0124,01-14-23,"January 14, 2023",Out Patient,1309765828.0,"Rodriguez, Maria",J45.909,"chest tightness, inhaler not helping",Medicaid,$434.02,DENIED,2023-02-06 07:31:01
ATHENA_CLINICS,113087,Eastgate Urgent Care Center,AC1004317,Brian,Peterson,08/13/1958,M,53208,(920) 555-0183,03-12-24,2024-03-12,Walk-in Urgent,1608565176,"Van Dyke, Karen",J02.9,sore throat and fever,Medicare,171.42,PAID,2024-04-01 03:05:39
ATHENA_CLINICS,106982,Eastgate Urgent Care,AC1004141,Emily,Novak,1984-04-17,F,53798,(608) 555-0148,2024-11-15,,Urgent Care,1215711643,"Garcia-Lopez, Brian",J02.9,confusion and high fever,IA Medicaid,546.82,PAID,2024-11-19 11:37:49
ATHENA_CLINICS,120417,Cedar Vly Family Clinic,AC1004421,Daniel,Hansen,"March 12, 1959",M,52018,(563) 555-0160,06/08/2023,06-08-23,OP,1215711643,"Garcia-Lopez, Brian",N39.0,confusion and high fever,MCR,"$1,389.43",Rejected,2023-06-11 14:03:04
ATHENA_CLINICS,110589,Eastgate Urgent Care Center,AC1002369,Michelle,Brown,02/14/1958,F,54366,(608) 555-0137,07/11/2023,07/11/2023,Urgent Care,1608565176.0,"Van Dyke, Karen",N39.0,confusion and high fever,Medicare,$246.47,PAID,2023-07-21 11:14:13
ATHENA_CLINICS,119349,Cedar Valley Family Clinic,AC1002280,Barbara,Wagner,07/17/1948,F,52426,(563) 555-0156,2024-09-17,09/17/2024,OP,1309765828,Dr. Maria Rodriguez,J44.9,"short of breath, using rescue inhaler more often",Medicare - Part B,1694.60,PAID,2024-10-10 16:26:18
ATHENA_CLINICS,127835,Westfield Surgical Center,AC1003867,William,Hall,05/28/1961,M,54190,(608) 555-0111,2024-04-30,,URGENT CARE,1652373550,"Jensen, Nancy",J029,cold symptoms for a week,Cigna,USD 168.17,Paid,2024-05-14 05:02:36
ATHENA_CLINICS,118502,Cedar Valley Family Clinic,AC1004597,Sofia,Jensen,03/02/1966,F,52080,(563) 555-0136,05/11/2023,05/11/2023,OP,1844093249,Dr. Michael Lewis, J44.9 ,productive cough with low oxygen readings at home,Cigna,$464.25,Closed - Paid,2023-05-21 03:09:19
ATHENA_CLINICS,136327,Eastgate Urgent Care,AC1002728,David,Jensen,08/04/1992,M,53132,(262) 555-0138,12/18/2023,12/18/2023,UC,1608565176,"Van Dyke, Karen",S52.501A,head injury after a fall,Blue Cross Blue Shield,$ 138.32,PAID,2024-01-01 02:27:55
ATHENA_CLINICS,128773,Eastgate Urgent Care,AC1003867,William,Hall,1961-05-28,M,54190,(608) 555-0111,10/21/2023,2023-10-21,URGENT CARE,1284352816,"King, Sarah",u07.1,cold symptoms for a week,CIGNA HEALTH,$381.06,Paid in Full,2023-10-25 15:21:34
ATHENA_CLINICS,116093,Cedar Vly Family Clinic,AC1005811,Susan,Mueller,"March 17, 1977",F,52006,(319) 555-0130,"May 23, 2023",,Out Patient,1188357952,"Nguyen, Katherine",I50.32,shortness of breath and leg swelling for several days,Cigna,"$1,014.83",DENIED,2023-06-11 07:39:53
ATHENA_CLINICS,125954,EASTGATE UC,AC1005482,Samuel,Miller,1964-04-23,M,54153,(262) 555-0162,02-20-23,,TELEMED,1279264513,Dr. Sofia Lewis,J06.9,sore throat and fever,IA Medicaid,$340.44,Closed - Paid,2023-03-12 04:31:45
ATHENA_CLINICS,108090,East Gate Urgent Care,AC1000316,James,Novak,1948-01-29,M,53193,(414) 555-0184,06/10/2023,,Urgent Care,1608565176,Dr. Karen Van Dyke,S93.401A,head injury after a fall,Medicare,$138.60,VOIDED,2023-06-21 18:05:18
ATHENA_CLINICS,130302,Eastgate Urgent Care Center,AC1004066,Mei,Lee,09/14/1977,F,53719,(262) 555-0155,2023-11-11,11/11/2023,Walk-in Urgent,1279264513,Dr. Sofia Lewis,S93.401A,head injury after a fall,Cigna,440.79,Closed - Paid,2023-11-18 04:15:29
ATHENA_CLINICS,105840,Cedar Vly Family Clinic,AC1002292,Noah,Larson,04/06/1960,M,52414,(319) 555-0127,09/25/2024,"September 25, 2024",Outpatient,1188357952,"Nguyen, Katherine",J44.9,increased cough and wheezing,UHC,$ 1271.67,Closed - Paid,2024-10-20 21:07:00
ATHENA_CLINICS,137005,East Gate Urgent Care,AC1005946,Lisa,Wagner,1936-12-14,F,53268,(262) 555-0126,2023-08-03,,URGENT CARE,1608565176,Dr. Karen Van Dyke,J06.9,cold symptoms for a week,Medicare - Part B,$ 274.43,PAID,2023-08-20 14:02:25
ATHENA_CLINICS,138857,EASTGATE UC,AC1002031,William,Nelson,1953-04-04,M,53239,(414) 555-0116,11/14/2023,11-14-23,Urgent Care,1652373550,"Jensen, Nancy",J02.9,sore throat and fever,Medicare - Part B,USD 504.16,Paid in Full,2023-11-17 16:00:40
ATHENA_CLINICS,138727,Cedar Valley Family Clinic,AC1005101,Priya,Rodriguez,1983-11-27,F,52068,(319) 555-0154,04-08-23,,OP,1443256882,"Garcia, Michael",I50.32,shortness of breath and leg swelling for several days,Aetna,1852.62,Closed - Paid,2023-04-30 14:48:40
ATHENA_CLINICS,139827,Summit Ridge Ortho,AC1006543,Brian,King,09/25/1976,M,53728,(414) 555-0194,2024-11-24,11/24/2024,Video Visit,1739241960,"Thomas, William",M54.50,knee pain worse on stairs,Blue Cross Blue Shield,$81.47,Submitted,2024-12-05 02:22:07
ATHENA_CLINICS,134252,Cedar Valley Family Clinic,AC1004515,Joshua,Hoffman,1985-09-22,M,52411,(563) 555-0165,07/02/2024,2024-07-02,Out Patient,1309765828,Dr. Maria Rodriguez, N39.0 ,sore throat and fever,AETNA INC,2194.96,Closed - Paid,2024-07-27 16:33:18
ATHENA_CLINICS,110167,Cedar Valley Clinic,AC1002280,Barbara,Wagner,07/17/1948,F,52426,(563) 555-0156,2023-06-21,06-21-23,OP,1018051544,"Martinez, Richard",J02.9,fever and cough,MEDICARE PART A,498.36 USD,PAID,2023-06-26 23:31:27
ATHENA_CLINICS,121332,Eastgate Urgent Care Center,AC1005149,Daniel,Garcia-Lopez,09/06/1965,M,54302,(608) 555-0160,10/19/2023,,Walk-in Urgent,1608565176,"Van Dyke, Karen",R51.9,abdominal pain since morning,BCBS,$241.97,PAID,2023-11-09 18:35:27
ATHENA_CLINICS,102493,Eastgate Urgent Care Center,AC1002489,Susan,Wright,12/21/1969,F,53142,(608) 555-0160,11/10/2023,11/10/2023,UC,1652373550,Dr. Nancy Jensen,J06.9,fever and cough,BCBS,164.74,Paid,2023-11-29 18:26:18
ATHENA_CLINICS,118479,Eastgate Urgent Care,AC1006796,Patricia,Wright,1964-04-28,F,53119,(920) 555-0113,10/17/2024,,UC,1215711643,"Garcia-Lopez, Brian",U07.1,burning on urination,self-pay,$318.96  ,PAID,2024-10-31 07:55:52
ATHENA_CLINICS,121378,Eastgate Urgent Care Center,AC1000008,Noah,Martin,02/18/1991,M,53210,(414) 555-0108,2024-11-11,11/11/2024,URGENT CARE,1652373550,"Jensen, Nancy","S93.401A - Sprain of unspecified ligament of right ankle, initial encounter","fell on outstretched hand, wrist pain",CIGNA HEALTH,163.44 USD,Rejected,2024-11-12 02:13:11
ATHENA_CLINICS,137682,Cedar Valley Family Clinic,AC1005672,Ana,Thompson,1955-10-31,F,52434,(563) 555-0150,08/21/2023,,Telehealth,1018051544,"Martinez, Richard",J44.9,increased cough and wheezing,MCR,$159.15,PAID,2023-08-28 22:55:07
ATHENA_CLINICS,114218,Eastgate Urgent Care,AC1000964,Paul,Rodriguez,1973-04-02,M,53209,(414) 555-0156,10/10/2023,,Walk-in Urgent,1652373550,"Jensen, Nancy",J02.9,burning on urination,Cigna,$161.77,Paid,2023-10-30 10:43:39
ATHENA_CLINICS,102638,Summit Ridge Orthopedics,AC1003539,Brian,Thompson,2000-03-11,M,53794,(608) 555-0147,05/19/2024,2024-05-19,Out Patient,1062048420,Dr. Paul White,M54.50,low back pain after lifting,Medicare,551.59,PAID,2024-06-09 00:47:07
ATHENA_CLINICS,128677,Cedar Vly Family Clinic,AC1006873,Richard,Clark,05/26/1972,M,52096,(319) 555-0106,2024-07-12,,Office Visit,1188357952,Dr. Katherine Nguyen,E109,fatigue and excessive thirst,CIGNA HEALTH,336.62 USD,Paid in Full,2024-07-21 09:00:55
ATHENA_CLINICS,117616,Westfield Surgical Center,AC1002097,James,King,"October 27, 1991",M,54133,(414) 555-0185,01/23/2024,01/23/2024,Walk-in Urgent,1284352816,"King, Sarah",U071,fever and cough,CIGNA HEALTH,166.21,Paid in Full,2024-02-05 08:41:33
ATHENA_CLINICS,114937,Eastgate Urgent Care,AC1004387,Kevin,King,05/07/1970,M,53109,(920) 555-0183,02/08/2024,,Urgent Care,1284352816,"King, Sarah",R519,severe headache,BadgerCare Plus,331.82,CANCELLED,2024-02-29 20:54:28
ATHENA_CLINICS,116679,Cedar Vly Family Clinic,AC1002843,Kevin,O'Brien,04/26/1956,M,52484,(319) 555-0190,2024-11-02,11-02-24,Clinic Visit,1188357952,Dr. Katherine Nguyen,"J02.9 - Acute pharyngitis, unspecified",fever and cough,Medicare,$122.30,DENIED,2024-11-08 08:20:31
ATHENA_CLINICS,117526,Eastgate Urgent Care,AC1005149,Daniel,Garcia-Lopez,1965-09-06,M,54302,(608) 555-0160,05/19/2024,,UC,1608565176,"Van Dyke, Karen", J02.9 ,confusion and high fever,BCBS,233.90,Closed - Paid,2024-05-21 07:43:08
ATHENA_CLINICS,126487,CEDAR VALLEY FAMILY CLINIC,AC1002161,Thomas,Moore,06/09/2005,M,52415,(319) 555-0131,2024-03-10,,Clinic Visit,1215711643,"Garcia-Lopez, Brian",J029,fever and cough,BCBS,$416.94,PAID,2024-03-14 09:45:32
ATHENA_CLINICS,127592,Eastgate Urgent Care,AC1005856,Rajesh,Peterson,"January 23, 1958",M,54392,(414) 555-0189,"March 14, 2023",,UC,1608565176,"Van Dyke, Karen",S52.501A,twisted ankle playing basketball,Medicare - Part B,165.22 USD,PAID,2023-03-22 23:48:21
ATHENA_CLINICS,133507,Summit Ridge Orthopedics,AC1006849,Ana,Thompson,06/16/1947,F,53122,(262) 555-0151,04-19-24,"April 19, 2024",Outpatient,1775003142,Dr. Laura Hall,M170,low back pain after lifting,MCR,528.23,Paid in Full,2024-05-04 11:18:09
ATHENA_CLINICS,117932,Eastgate Urgent Care Center,AC1000871,Kevin,Schultz,12/14/1957,M,53733,(414) 555-0182,2023-01-09,01/09/2023,UC,1284352816,"King, Sarah",R51.9,severe headache,MCR,$385.55  ,PAID,2023-01-24 17:25:47
ATHENA_CLINICS,139010,Cedar Valley Clinic,AC1006293,Laura,Walker,1993-01-13,F,52069,(319) 555-0169,2023-02-26,02/26/2023,OP,1215711643,"Garcia-Lopez, Brian",Z00.00,annual physical,Medicaid,124.88,PAID,2023-03-21 16:07:30
ATHENA_CLINICS,129488,Eastgate Urgent Care,AC1006827,Sarah,Hall,08/11/1973,F,53258,(920) 555-0169,2023-06-14,,Walk-in Urgent,1279264513,Dr. Sofia Lewis,R51.9,severe headache,UHC,$219.77,Closed - Paid,2023-06-27 07:10:27
ATHENA_CLINICS,116577,Eastgate Urgent Care,AC1006159,James,Lewis,1941-05-22,M,53274,(920) 555-0102,"April 6, 2023",,Urgent Care,1652373550,Dr. Nancy Jensen,J06.9,fever and cough,Medicare - Part B,$148.52,PAID,2023-04-30 18:56:10
ATHENA_CLINICS,122114,Summit Ridge Orthopedics,AC1005122,Ryan,Davis,"August 17, 1938",M,53249,(262) 555-0129,01/06/2024,,Clinic Visit,1739241960,"Thomas, William",M17.11,knee pain worse on stairs,MEDICARE PART A,$262.82,VOIDED,2024-01-08 18:06:34
ATHENA_CLINICS,100518,Cedar Valley Family Clinic,AC1000399,Priya,White,1964-11-20,F,52097,(319) 555-0167,07/21/2023,,OP,1844093249,"Lewis, Michael",N390,burning on urination,IA Medicaid,$473.40,Paid in Full,2023-08-03 17:23:43
ATHENA_CLINICS,130975,CEDAR VALLEY FAMILY CLINIC,AC1007252,Samuel M,Martinez,07/27/1961,M,52470,(563) 555-0165,01/23/2024,,Out Patient,1215711643.0,Dr. Brian Garcia-Lopez,I10,blood pressure check,IA Medicaid,171.43 USD,Paid,2024-01-27 03:24:21
ATHENA_CLINICS,107628,Summit Ridge Ortho,AC1001897,Daniel,Martin,1986-06-27,M,53241,(262) 555-0108,06-19-23,,Office Visit,1739241960,"Thomas, William",S52.501A,"fell on outstretched hand, wrist pain",Medicaid,772.87,Closed - Paid,2023-07-01 04:54:07
ATHENA_CLINICS,124288,Eastgate Urgent Care,AC1003514,Mark,Lopez,"October 19, 1960",M,54313,(414) 555-0183,06-24-24,06/24/2024,Walk-in Urgent,1652373550,Dr. Nancy Jensen,S52.501A,head injury after a fall,AETNA INC,$ 210.07,PAID,2024-06-28 02:11:21
ATHENA_CLINICS,137922,East Gate Urgent Care,AC1000993,Lisa,Lewis,05/17/1977,F,54173,(608) 555-0178,2023-05-08,,Telehealth,1284352816,Dr. Sarah King, J06.9 ,sore throat and fever,Blue Cross Blue Shield,$103.59,PAID,2023-06-02 18:17:04
ATHENA_CLINICS,134342,Eastgate Urgent Care,AC1004609,Minh,Williams,1982-04-04,M,54335,(920) 555-0193,03/19/2023,2023-03-19,TELEMED,1652373550,"Jensen, Nancy",J06.9,confusion and high fever,BCBS,168.23,Paid in Full,2023-04-09 03:37:44
ATHENA_CLINICS,112610,Summit Ridge Ortho,AC1001941,Katherine,Martinez,05/27/1940,F,54134,(608) 555-0120,10/16/2024,,OP,1062048420,Dr. Paul White,S52.501A,twisted ankle playing basketball,MCR,"2,015.66 USD",Paid in Full,2024-10-27 23:52:23
ATHENA_CLINICS,139398,East Gate Urgent Care,AC1004287,Michael,Jackson,1964-03-04,M,54309,(608) 555-0109,06-25-24,,Walk-in Urgent,1608565176,"Van Dyke, Karen",S52.501A,twisted ankle playing basketball,BCBS,518.68 USD,Closed - Paid,2024-07-03 00:56:50
ATHENA_CLINICS,109536,Eastgate Urgent Care,AC1002705,Aaron,Nguyen,"March 7, 1969",M,54129,(262) 555-0118,"January 18, 2024","January 18, 2024",UC,1284352816,"King, Sarah",N390,fever and cough,Self Pay,177.87,PAID,2024-02-02 21:56:32
ATHENA_CLINICS,112764,Summit Ridge Ortho,AC1000416,Daniel,Kim,09/04/1965,M,53101,(262) 555-0121,09/14/2024,,Office Visit,1849518380,Dr. Mary Wright,M25.561,low back pain after lifting,CIGNA HEALTH,485.45,Paid in Full,2024-09-17 05:22:37
ATHENA_CLINICS,138000,EASTGATE UC,AC1001017,Elizabeth,Kowalski,1957-10-09,F,54314,(608) 555-0122,04-12-23,2023-04-12,URGENT CARE,1284352816,"King, Sarah",U07.1,confusion and high fever,Medicare,$189.36,PAID,2023-04-29 14:15:17
ATHENA_CLINICS,131746,Cedar Valley Family Clinic,AC1006608,William,Thomas,1949-11-06,M,52450,(319) 555-0125,04-07-24,,OP,1844093249,"Lewis, Michael",Z23,well child visit,Medicare - Part B,$283.72,Paid in Full,2024-04-12 17:03:32
ATHENA_CLINICS,119892,Eastgate Urgent Care Center,AC1004188,Rebecca,Taylor,1987-07-09,F,53278,(608) 555-0189,2023-10-09,,TELEMED,1652373550,Dr. Nancy Jensen,U071,sore throat and fever,AETNA INC,76.26,Closed - Paid,2023-10-28 22:30:18
ATHENA_CLINICS,135244,Eastgate Urgent Care,AC1002245,Samuel,Jones,1957-10-04,M,54100,(920) 555-0128,"August 17, 2023",,Urgent Care,1608565176,"Van Dyke, Karen",R51.9,chest pain,Uninsured,192.48,Closed - Paid,2023-08-28 18:48:33
ATHENA_CLINICS,124054,Summit Ridge Ortho,AC1005983,KEVIN,MILLER,"March 11, 1943",M,53142,(262) 555-0145,"April 20, 2023",,Office Visit,1849518380,Dr. Mary Wright,m25.561,joint stiffness in the morning,MEDICAID,342.10,Denied,2023-04-23 13:07:53
ATHENA_CLINICS,123049,East Gate Urgent Care,AC1001469,Joseph,Mueller,08/01/1996,M,54112,(414) 555-0134,10-29-24,,Walk-in Urgent,1215711643.0,Dr. Brian Garcia-Lopez,R51.9,chest pain,State Medicaid Plan,$239.28,Closed - Paid,2024-11-03 01:03:39
ATHENA_CLINICS,103196,Cedar Valley Family Clinic,AC1004820,Ana,Schmidt,08/03/1967,F,52423,(319) 555-0158,2024-11-12,,OP,1443256882,Dr. Michael Garcia,J44.9,productive cough with low oxygen readings at home,Aetna,"$1,637.78",PAID,2024-11-15 20:33:38
ATHENA_CLINICS,104596,Eastgate Urgent Care,AC1005854,Grace,Wilson,06/30/1971,F,54132,(414) 555-0184,"March 16, 2024",,UC,1608565176,"Van Dyke, Karen","S52.501A - Unspecified fracture of the lower end of right radius, initial encounter for closed fracture",head injury after a fall,UnitedHealthcare,$308.37,Paid in Full,2024-03-29 08:43:01
ATHENA_CLINICS,126461,Eastgate Urgent Care,AC1001689,Priya,Williams,1967-06-07,F,61193,(815) 555-0193,04-24-24,"April 24, 2024",Virtual,1279264513,Dr. Sofia Lewis,J069,confusion and high fever,Blue Cross Blue Shield,98.21,Paid in Full,2024-05-02 12:50:58
ATHENA_CLINICS,104214,Eastgate Urgent Care,AC1006650,James,Kim,08/09/1961,M,54110,(920) 555-0170,2023-07-28,2023-07-28,URGENT CARE,1608565176,"Van Dyke, Karen",J02.9,confusion and high fever,AETNA INC,$488.10  ,PAID,2023-08-01 08:09:08
ATHENA_CLINICS,113652,Cedar Valley Family Clinic,AC1004538,Karen,Nguyen,10/25/1956,F,52492,(319) 555-0123,"July 7, 2023",2023-07-07,Out Patient,1215711643,"Garcia-Lopez, Brian",N18.6,dialysis follow-up,MCR,"$1,405.02",Rejected,2023-07-13 19:15:10
ATHENA_CLINICS,139326,Cedar Valley Family Clinic,AC1003439,James,Novak,1959-02-16,M,52427,(319) 555-0117,10/08/2023,,Outpatient,1188357952,"Nguyen, Katherine",G47.33,numbness in both feet,CIGNA HEALTH,USD 334.58,Paid in Full,2023-10-27 13:55:41
ATHENA_CLINICS,108423,Eastgate Urgent Care,AC1002294,Ryan,Martinez,07/25/1969,M,54308,(414) 555-0105,01/07/2024,,Urgent Care,1652373550,Dr. Nancy Jensen,U07.1,cold symptoms for a week,State Medicaid Plan,$127.42,Paid in Full,2024-01-16 09:09:36
ATHENA_CLINICS,123161,Eastgate Urgent Care,AC1002210,James,Martinez,03/09/1979,M,53173,(262) 555-0186,06/19/2023,,Walk-in Urgent,1284352816,Dr. Sarah King,R51.9,severe headache,UHC,545.43,Closed - Paid,2023-06-29 05:11:59
ATHENA_CLINICS,105411,Eastgate Urgent Care,AC1003388,Noah,Davis,1986-10-19,M,54199,(920) 555-0181,2024-03-18,03-18-24,Walk-in Urgent,1279264513.0,Dr. Sofia Lewis,U071,sore throat and fever,Blue Cross Blue Shield,$497.33,Paid in Full,2024-04-11 13:10:05
ATHENA_CLINICS,122914,Summit Ridge Orthopedic Clinic,AC1007478,Zztest,Epic,01/01/1980,M,52458,(319) 555-0168,2024-09-17,09-17-24,TELEMED,1739241960,"Thomas, William",M54.50,low back pain after lifting,CIGNA HEALTH,$91.96,Paid in Full,2024-10-03 22:20:29
ATHENA_CLINICS,136781,Cedar Valley Family Clinic,AC1007431,Susan,Hernandez,01/15/1990,F,52013,(563) 555-0124,04/12/2024,,Outpatient,1215711643,Dr. Brian Garcia-Lopez,Z23,annual physical,MEDICAID,146.51,PAID,2024-04-23 11:47:59
ATHENA_CLINICS,112609,CEDAR VALLEY FAMILY CLINIC,AC1003146,Noah,Becker,03/01/1953,M,52421,(319) 555-0103,2024-06-30,06-30-24,Out Patient,1215711643,Dr. Brian Garcia-Lopez,N186,"missed dialysis session, feeling weak",MEDICARE PART A,503.16 USD,Closed - Paid,2024-07-19 20:31:57
ATHENA_CLINICS,114400,Cedar Valley Family Clinic,AC1006930,Daniel,Davis,1963-02-14,M,52405,(319) 555-0131,2024-02-08,"February 8, 2024",OP,1188357952,"Nguyen, Katherine",N39.0,sore throat and fever,MCR,$284.30  ,Closed - Paid,2024-02-24 09:14:20
ATHENA_CLINICS,133210,EASTGATE UC,AC1000880,Paul,Mueller,1981-12-11,M,54382,(414) 555-0182,2024-06-20,2024-06-20,URGENT CARE,1608565176,"Van Dyke, Karen",N39.0,burning on urination,Cigna,USD 144.90,Closed - Paid,2024-07-11 23:48:55
ATHENA_CLINICS,117755,Cedar Valley Family Clinic,AC1007166,Tyler,Hall,"March 16, 1962",M,52484,(319) 555-0115,09/10/2024,,Office Visit,1188357952,"Nguyen, Katherine",Z23,flu shot,BadgerCare Plus,186.37 USD,Closed - Paid,2024-09-19 00:51:58
ATHENA_CLINICS,116631,Eastgate Urgent Care,AC1007028,David,Miller,08/05/1966,M,54344,(414) 555-0149,2024-10-12,10/12/2024,Walk-in Urgent,1284352816,"King, Sarah",S52.501A,"fell on outstretched hand, wrist pain",Uninsured,247.83 USD,Paid in Full,2024-10-26 08:07:58
ATHENA_CLINICS,105226,Eastgate Urgent Care,AC1000282,Nancy,Lee,09/16/1991,F,53794,(608) 555-0167,12/19/2023,,Urgent Care,1284352816,Dr. Sarah King,S52.501A,head injury after a fall,AETNA INC,219.32,Rejected,2024-01-01 13:29:36
ATHENA_CLINICS,117833,Summit Ridge Ortho,AC1004263,Sarah,Lee,06/06/1995,F,53206,(608) 555-0192,2023-12-05,2023-12-05,Clinic Visit,1739241960,"Thomas, William",m25.561,low back pain after lifting,Cigna,"$1,869.76",DENIED,2023-12-06 17:59:00
ATHENA_CLINICS,132770,CEDAR VALLEY FAMILY CLINIC,AC1002540,Ethan,Kowalski,06/05/1942,M,52039,(563) 555-0145,2023-03-26,03-26-23,TELEMED,1215711643,Dr. Brian Garcia-Lopez,U07.1,burning on urination,Medicare,121.15,PAID,2023-04-03 13:27:51
ATHENA_CLINICS,100953,Summit Ridge Orthopedics,AC1002689,Grace,Moore,07/09/1966,F,53280,(608) 555-0116,10/07/2023,,Office Visit,1775003142,"Hall, Laura",M17.11,knee pain worse on stairs,self-pay,"$2,486.69",Paid in Full,2023-10-25 20:16:28
ATHENA_CLINICS,103527,EASTGATE UC,AC1003351,Nancy,Nelson,03/22/1969,F,53284,(414) 555-0107,06/05/2024,2024-06-05,UC,1279264513,"Lewis, Sofia",J02.9,confusion and high fever,UnitedHealthcare,$578.30,Paid in Full,2024-06-25 09:42:06
ATHENA_CLINICS,120406,Eastgate Urgent Care,AC1002705,Aaron,Nguyen,"March 7, 1969",M,54129,(262) 555-0118,"February 22, 2023",02-22-23,UC,1652373550,Dr. Nancy Jensen,S93.401A,head injury after a fall,SELFPAY,$ 431.81,Paid in Full,2023-03-05 21:19:04
ATHENA_CLINICS,139199,Cedar Valley Family Clinic,AC1000773,Michelle,Hansen,1959-12-16,F,52021,(319) 555-0111,2024-06-04,,Telehealth,1844093249,Dr. Michael Lewis,E11.22,fatigue and excessive thirst,UHC,$84.87,Paid in Full,2024-06-05 18:46:56
ATHENA_CLINICS,113728,Cedar Valley Family Clinic,AC1002540,Ethan,Kowalski,06/05/1942,M,52039,(563) 555-0145,08-17-24,08/17/2024,Virtual,1844093249,"Lewis, Michael",I10,hypertension follow-up,Medicare,257.05,Paid,2024-09-11 15:59:39
ATHENA_CLINICS,137200,SUMMIT RIDGE ORTHOPAEDICS,AC1003603,Luis,Davis,09/20/1931,M,53196,(262) 555-0114,09/16/2023,09/16/2023,Outpatient,1739241960,"Thomas, William",S93.401A,twisted ankle playing basketball,Medicare,"$1,415.66  ",Closed - Paid,2023-09-20 06:31:39
ATHENA_CLINICS,115154,EASTGATE UC,AC1004317,Brian,Peterson,08/13/1958,M,53208,(920) 555-0183,2024-03-02,"March 2, 2024",Urgent Care,1608565176,"Van Dyke, Karen", U07.1 ,cold symptoms for a week,Medicare,$268.91,Paid in Full,2024-03-25 16:01:11
ATHENA_CLINICS,134743,Summit Ridge Orthopedic Clinic,AC1000485,Laura,Wilson,1947-11-25,F,53170,(414) 555-0117,09/19/2023,2023-09-19,OP,1739241960,"Thomas, William",M54.50,knee pain worse on stairs,Medicare,$271.69,Denied,2023-10-11 18:03:12
ATHENA_CLINICS,131552,Eastgate Urgent Care Center,AC1001564,Laura,Jackson,1964-06-17,F,53118,(608) 555-0183,11/14/2024,2024-11-14,UC,1608565176,Dr. Karen Van Dyke,J02.9,confusion and high fever,UnitedHealthcare,$388.75,Denied,2024-11-18 15:02:07
ATHENA_CLINICS,101619,Cedar Vly Family Clinic,AC1005186,Maria,Garcia,11/15/1984,F,52072,(563) 555-0137,2024-01-25,,Video Visit,144325688,"Garcia, Michael",N18.6,swelling and reduced urine output,AETNA INC,139.74,Denied,2024-02-04 13:31:35
ATHENA_CLINICS,136774,Summit Ridge Ortho,AC1004341,Emily,Williams,"December 5, 1968",F,53163,(920) 555-0153,2023-01-12,2023-01-12,Clinic Visit,1849518380,"Wright, Mary",M17.0,knee pain worse on stairs,Blue Cross Blue Shield,3121.27,PAID,2023-01-24 02:24:31
ATHENA_CLINICS,104296,Cedar Valley Family Clinic,AC1005731,Lisa,King,10/15/1973,F,52058,(319) 555-0115,03-09-24,"March 9, 2024",Virtual,1844093249,Dr. Michael Lewis,J06.9,confusion and high fever,BCBS,$222.44,Paid,2024-03-25 15:28:42
ATHENA_CLINICS,112083,Cedar Valley Family Clinic,AC1005309,Paul,Brown,1946-09-14,M,52062,(563) 555-0125,01/21/2023,2023-01-21,Out Patient,1844093249,"Lewis, Michael",Z00.00,annual physical,Medicare,USD 737.35,Paid,2023-01-30 14:49:48
ATHENA_CLINICS,139752,Eastgate Urgent Care,AC1003082,Noah,Van Dyke,1981-06-02,M,53295,(920) 555-0130,10-20-23,,URGENT CARE,1608565176,Dr. Karen Van Dyke,J06.9,cold symptoms for a week,AETNA INC,$552.30  ,Paid in Full,2023-11-09 16:25:15
ATHENA_CLINICS,114285,CEDAR VALLEY FAMILY CLINIC,AC1002897,Samuel,White,1960-01-02,M,52449,(319) 555-0183,2023-02-21,,Out Patient,1844093249.0,"Lewis, Michael",M54.50,knee pain worse on stairs,Cigna,$704.69,Paid,2023-03-14 12:11:09
ATHENA_CLINICS,100339,CEDAR VALLEY FAMILY CLINIC,AC1005591,Matthew,Miller,12/08/1964,M,52478,(563) 555-0132,2023-08-07,08-07-23,OP,1844093249,"Lewis, Michael",J44.9,"short of breath, using rescue inhaler more often",UnitedHealthcare,"$2,083.85",Paid,2023-08-14 19:33:49
ATHENA_CLINICS,104049,Eastgate Urgent Care Center,AC1006113,PATRICIA,LEWIS,"February 7, 1969",F,53736,(262) 555-0132,06-08-23,,Walk-in Urgent,1284352816,"King, Sarah",R51.9,fever for two days,UnitedHealthcare,$146.62,Paid,2023-06-26 00:54:19
ATHENA_CLINICS,114418,Cedar Valley Family Clinic,AC1006992,Hannah,Mueller,1970-07-11,F,52028,(563) 555-0139,2024-10-28,,Telehealth,1443256882,Dr. Michael Garcia,I50.22 - Chronic systolic (congestive) heart failure,"heart failure follow-up, fluid tablets review",Blue Cross Blue Shield,N/A,PAID,2024-11-09 17:26:15
ATHENA_CLINICS,135417,Eastgate Urgent Care,AC1003373,Olivia,Jensen,2000-09-10,F,53261,(414) 555-0138,2023-03-21,,Urgent Care,1284352816,"King, Sarah",J02.9,cold symptoms for a week,Cigna,239.04,PAID,2023-04-12 18:01:36
ATHENA_CLINICS,102632,Cedar Valley Family Clinic,AC1005828,Andrew,Jensen,1933-10-27,M,52458,(563) 555-0154,2024-02-28,,Outpatient,1215711643,Dr. Brian Garcia-Lopez,J02.9,burning on urination,UnitedHealthcare,"1,367.70 USD",Paid in Full,2024-03-14 08:08:03
ATHENA_CLINICS,134389,EASTGATE UC,AC1001996,Jennifer,Lopez,1945-04-02,F,53256,(920) 555-0147,"September 14, 2023",09-14-23,Walk-in Urgent,1284352816,Dr. Sarah King,s93.401a,"fell on outstretched hand, wrist pain",Medicare - Part B,168.57,Paid in Full,2023-09-16 14:12:17
ATHENA_CLINICS,128008,Eastgate Urgent Care,AC1000871,Kevin,Schultz,12/14/1957,M,53733,(414) 555-0182,"May 19, 2024",05/19/2024,Walk-in Urgent,1284352816,"King, Sarah",J029,fever and cough,Medicare,134.22,Closed - Paid,2024-06-02 06:24:45
ATHENA_CLINICS,123855,Cedar Valley Family Clinic,AC1005186,Maria,Garcia,"November 15, 1984",F,52072,(563) 555-0137,2024-01-28,,Outpatient,1018051544,"Martinez, Richard",E1122,fatigue and excessive thirst,Aetna,449.00 USD,Closed - Paid,2024-02-10 15:48:20
ATHENA_CLINICS,104271,Cedar Valley Family Clinic,AC1004165,Barbara,Hansen,01/27/1960,F,52072,(319) 555-0124,10/25/2023,,Office Visit,1188357952,"Nguyen, Katherine","N39.0 - Urinary tract infection, site not specified",confusion and high fever,Cigna,USD 542.24,Closed - Paid,2023-10-26 21:58:50
ATHENA_CLINICS,133266,Eastgate Urgent Care,AC1007238,Sandra,Davis,1955-02-10,F,53256,(920) 555-0189,02/14/2023,,Walk-in Urgent,1652373550,"Jensen, Nancy",R51.9,chest pain,MCR,242.50,PAID,2023-02-20 07:01:56
ATHENA_CLINICS,130575,CEDAR VALLEY FAMILY CLINIC,AC1005186,Maria,Garcia,11/15/1984,F,52072,(563) 555-0137,2023-04-25,,TELEMED,1844093249,"Lewis, Michael",J06.9,confusion and high fever,Aetna,$298.21,DENIED,2023-05-17 15:52:56
ATHENA_CLINICS,101123,Eastgate Urgent Care,AC1001302,Laura,Wright,07/31/1950,F,53178,(920) 555-0120,09/21/2024,,Walk-in Urgent,1215711643,Dr. Brian Garcia-Lopez,S93.401A,head injury after a fall,MEDICARE PART A,261.36,PAID,2024-10-08 12:00:13
ATHENA_CLINICS,121648,Cedar Valley Family Clinic,AC1000936,Noah,Lewis,1946-11-14,M,52465,(319) 555-0173,08/12/2024,,OP,1443256882,"Garcia, Michael",M54.50,knee pain worse on stairs,self-pay,$382.03,VOIDED,2024-08-22 00:38:24
ATHENA_CLINICS,118320,Eastgate Urgent Care,AC1004751,Paul,O'Brien,06/10/1973,M,53249,(920) 555-0165,10/05/2023,,Urgent Care,1608565176,"Van Dyke, Karen",S93.401A,twisted ankle playing basketball,Medicare,482.70,Paid,2023-10-28 17:46:30
ATHENA_CLINICS,134224,Summit Ridge Orthopedic Clinic,AC1001188,Aaron,Davis,12/19/1969,M,53743,(608) 555-0174,"October 29, 2023",2023-10-29,Office Visit,1739241960,"Thomas, William",M170,knee pain worse on stairs,self-pay,$706.37,Closed - Paid,2023-11-12 11:05:16
ATHENA_CLINICS,104644,Westfield Surgical Center,AC1006631,Maria,Larson,1970-02-26,F,53796,(414) 555-0129,2024-11-19,2024-11-19,UC,1652373550,"Jensen, Nancy",J02.9,fever and cough,Self Pay,$192.50  ,Rejected,2024-11-21 06:48:13
ATHENA_CLINICS,111627,Summit Ridge Ortho,AC1004341,Emily,Williams,1968-12-05,F,53163,(920) 555-0153,11-14-24,,Telehealth,1472855687,Dr. Joseph Schmidt,M17.11,joint stiffness in the morning,BCBS,$ 80.79,Closed - Paid,2024-11-15 13:27:32
ATHENA_CLINICS,121253,CEDAR VALLEY FAMILY CLINIC,AC1001399,Mei,King,1986-01-01,F,52464,(319) 555-0169,03/24/2023,,Clinic Visit,1443256882,"Garcia, Michael",N18.6 - End stage renal disease,"missed dialysis session, feeling weak",Aetna,"$1,814.46  ",Paid in Full,2023-03-30 22:30:24
ATHENA_CLINICS,101545,Cedar Valley Family Clinic,AC1003731,Grace,Anderson,08/27/1984,F,52416,(319) 555-0139,2024-07-24,07-24-24,Out Patient,1018051544,Dr. Richard Martinez,J02.9,cold symptoms for a week,Medicaid,$ 856.76,PAID,2024-07-28 22:02:09
ATHENA_CLINICS,130667,Cedar Vly Family Clinic,AC1005051,Kevin,Wilson,"September 3, 1980",M,52091,(319) 555-0168,02-13-24,2024-02-13,,1215711643,Dr. Brian Garcia-Lopez,N184,dialysis follow-up,CIGNA HEALTH,"$2,190.77",Paid,2024-02-27 15:48:30
ATHENA_CLINICS,117137,Summit Ridge Orthopedics,AC1000485,Laura,Wilson,11/25/1947,F,53170,(414) 555-0117,2024-01-23,2024-01-23,Clinic Visit,1062048420,"White, Paul", M25.561 ,knee pain worse on stairs,MCR,$478.29,Paid in Full,2024-02-13 19:05:29
ATHENA_CLINICS,124322,Eastgate Urgent Care,AC1001689,Priya,Williams,1967-06-07,F,61193,(815) 555-0193,08/24/2023,08/24/2023,UC,1284352816,Dr. Sarah King,"R51.9 - Headache, unspecified",fever for two days,AETNA INC,396.72,Paid in Full,2023-09-14 21:48:29
ATHENA_CLINICS,130256,Cedar Valley Clinic,AC1004886,Chloe,Patel,03/02/1964,F,52483,(563) 555-0188,"July 11, 2023",07/11/2023,Virtual,1215711643,"Garcia-Lopez, Brian",E11.22,numbness in both feet - callback (563) 555-0188,Blue Cross Blue Shield,217.74,Paid in Full,2023-07-31 22:43:56
ATHENA_CLINICS,134505,Eastgate Urgent Care,AC1006908,Karen,Novak,02/23/1988,F,53707,(414) 555-0128,2024-01-28,,Video Visit,1608565176,Dr. Karen Van Dyke,U07.1,confusion and high fever,State Medicaid Plan,USD 291.33,Paid in Full,2024-02-04 23:45:46
ATHENA_CLINICS,137805,Cedar Valley Family Clinic,AC1005672,Ana,Thompson,10/31/1955,F,52434,(563) 555-0150,2024-03-09,03-09-24,Video Visit,1018051544,Dr. Richard Martinez,e11.9,confusion with very high glucose,MEDICARE PART A,USD 251.65,Closed - Paid,2024-03-18 06:04:02
ATHENA_CLINICS,119388,Summit Ridge Orthopedics,AC1006537,Chloe,Jackson,1986-01-25,F,54196,(414) 555-0187,07/01/2023,"July 1, 2023",Out Patient,1739241960,Dr. William Thomas,M17.0,low back pain after lifting,IA Medicaid,$214.06,PAID,2023-07-10 12:01:44
ATHENA_CLINICS,110434,Summit Ridge Orthopedics,AC1003897,Jacob,Lee,1974-01-01,M,53211,(414) 555-0193,10-13-23,,Video Visit,1062048420,Dr. Paul White,M54.50,low back pain after lifting,BCBS,USD 62.69,PAID,2023-10-25 11:04:45
ATHENA_CLINICS,136954,Cedar Valley Family Clinic,AC1001224,Emily,Novak,01/23/1996,F,52058,(563) 555-0193,10-13-23,,TELEMED,1309765828,"Rodriguez, Maria",F411,increased agitation and racing thoughts,Blue Cross Blue Shield,$89.74,PAID,2023-10-17 06:03:18
ATHENA_CLINICS,133480,CEDAR VALLEY FAMILY CLINIC,AC1004332,Mary,Martin,01/14/1947,F,52093,(563) 555-0186,06/01/2023,06/01/2023,Outpatient,1309765828,Dr. Maria Rodriguez,Z00.00,flu shot,Medicare,1283.07,Paid in Full,2023-06-04 07:44:20
ATHENA_CLINICS,105267,Eastgate Urgent Care Center,AC1000955,Joshua,Harris,1987-08-13,M,53162,(262) 555-0152,05-12-24,05-12-24,Walk-in Urgent,1284352816,"King, Sarah",N39.0,fever and cough,Workers Comp,USD 156.73,Paid,2024-05-21 01:24:05
ATHENA_CLINICS,100149,Cedar Valley Family Clinic,AC1004855,Tyler,White,1960-08-28,M,52462,(319) 555-0132,07-11-24,"July 11, 2024",Telehealth,1188357952,"Nguyen, Katherine",I10,blood pressure check,UHC,149.93,Paid in Full,2024-07-23 12:25:53
ATHENA_CLINICS,138919,Summit Ridge Orthopedics,AC1002400,Mei,Kim,10/26/2002,F,53298,(608) 555-0155,2023-08-19,08/19/2023,TELEMED,1062048420,"White, Paul",M1711,low back pain after lifting,UnitedHealthcare,$116.59,Cancelled,2023-09-07 03:02:31
ATHENA_CLINICS,133767,EASTGATE UC,AC1002641,Thomas,Garcia-Lopez,06/03/2006,M,54397,(920) 555-0104,2023-06-28,06/28/2023,Urgent Care,1311592129,"Locum, Tenens",S52.501A,"fell on outstretched hand, wrist pain",Blue Cross Blue Shield,586.94,Paid in Full,2023-07-18 04:18:42
ATHENA_CLINICS,123829,Eastgate Urgent Care,AC1002489,Susan,Wright,1969-12-21,F,53142,(608) 555-0160,"March 19, 2024",03/19/2024,URGENT CARE,1284352816,"King, Sarah",S52.501A,"fell on outstretched hand, wrist pain",AETNA INC,$ 471.17,Closed - Paid,2024-03-31 04:01:48
ATHENA_CLINICS,103055,Eastgate Urgent Care,AC1004751,Paul,O'Brien,"June 10, 1973",M,53249,(920) 555-0165,08/27/2023,,Walk-in Urgent,1284352816,"King, Sarah",S52.501A,head injury after a fall,MCR,$555.11,Closed - Paid,2023-09-14 11:02:57
ATHENA_CLINICS,107607,Eastgate Urgent Care,AC1004546,David,Becker,06/17/1975,M,54330,(608) 555-0120,01-18-24,"January 18, 2024",Urgent Care,1652373550,Dr. Nancy Jensen,S52.501A,head injury after a fall,State Medicaid Plan,$222.12,Paid in Full,2024-01-31 01:29:04
ATHENA_CLINICS,118046,Eastgate Urgent Care,AC1002006,Linda,Jones,1936-10-20,F,54337,(920) 555-0126,07-23-23,,URGENT CARE,1652373550,Dr. Nancy Jensen,U07.1,sore throat and fever,Medicare,161.52,Paid,2023-08-05 12:52:48
ATHENA_CLINICS,110578,Cedar Valley Clinic,AC1004332,Mary,Martin,01/14/1947,F,52093,(563) 555-0186,02/27/2024,02/27/2024,Out Patient,1188357952,"Nguyen, Katherine", E11.9 ,diabetic follow-up and medication refill,Medicare,$139.91,Denied,2024-03-13 02:05:52
ATHENA_CLINICS,101218,Eastgate Urgent Care,AC1006761,Karen,Schmidt,1967-10-06,F,54122,(414) 555-0118,07/30/2024,07-30-24,Walk-in Urgent,1215711643,Dr. Brian Garcia-Lopez,J06.9,burning on urination,BCBS,USD 587.21,Paid,2024-08-05 22:24:37
ATHENA_CLINICS,107516,EASTGATE UC,AC1004751,Paul,O'Brien,"June 10, 1973",M,53249,(920) 555-0165,2024-11-03,,UC,1279264513,"Lewis, Sofia",S52.501A,head injury after a fall,MCR,$562.61,Closed - Paid,2024-11-20 21:56:46
ATHENA_CLINICS,130250,Eastgate Urgent Care,AC1002960,Joseph,Wagner,1992-02-21,M,53224,(262) 555-0104,2024-02-07,02/07/2024,Urgent Care,1284352816,Dr. Sarah King,J02.9,fever and cough,BCBS,125.83,PAID,2024-02-28 09:53:12
ATHENA_CLINICS,124335,EASTGATE UC,AC1000559,Margaret,Williams,07/21/1982,F,54117,(414) 555-0188,08/02/2024,,Walk-in Urgent,1608565176,Dr. Karen Van Dyke,N39.0,fever and cough,BCBS,393.68,Closed - Paid,2024-08-25 21:22:15
ATHENA_CLINICS,111517,Eastgate Urgent Care,AC1001054,Matthew,Jackson,1968-12-14,M,53766,(608) 555-0139,"April 1, 2024",,Video Visit,1284352816,"King, Sarah", U07.1 ,cold symptoms for a week,self-pay,$ 297.94,PAID,2024-04-10 16:46:06
ATHENA_CLINICS,122888,Cedar Vly Family Clinic,AC1004652,Susan,Lee,1977-11-11,F,52046,(563) 555-0156,11-25-23,,Office Visit,1188357952,"Nguyen, Katherine",N39.0,fever and cough,Aetna,$632.14,PAID,2023-12-18 14:12:45
ATHENA_CLINICS,103002,Eastgate Urgent Care,AC1006382,Linda,Lee,1958-05-04,F,54368,(920) 555-0128,08/31/2024,08-31-24,Walk-in Urgent,1279264513,Dr. Sofia Lewis,R51.9,severe headache,Medicare - Part B,$232.65  ,Paid in Full,2024-09-22 12:42:42
ATHENA_CLINICS,139920,East Gate Urgent Care,AC1004387,Kevin,King,1970-05-07,M,53109,(920) 555-0183,01-27-23,,UC,1652373550,"Jensen, Nancy",U07.1,cold symptoms for a week,MEDICAID,$237.80,PAID,2023-02-11 02:30:07
ATHENA_CLINICS,128571,CEDAR VALLEY FAMILY CLINIC,AC1004008,Tyler,Rodriguez,2001-01-05,M,52431,(319) 555-0181,01-25-23,01/25/2023,Outpatient,1443256882,"Garcia, Michael",M5450,joint stiffness in the morning,UnitedHealthcare,636.05 USD,Closed - Paid,2023-02-19 11:21:57
ATHENA_CLINICS,138817,SUMMIT RIDGE ORTHOPAEDICS,AC1004072,Hannah K,Moore,"April 23, 1948",F,54166,(920) 555-0163,06/24/2023,06-24-23,Out Patient,1775003142,Dr. Laura Hall,S93.401A,"fell on outstretched hand, wrist pain",MCR,"$3,539.02",Paid in Full,2023-07-12 04:30:52
ATHENA_CLINICS,125973,EASTGATE UC,AC1001689,Priya,Williams,"June 7, 1967",F,61193,(815) 555-0193,2024-04-10,04/10/2024,URGENT CARE,1284352816,Dr. Sarah King,N39.0,burning on urination,UHC,378.59,Closed - Paid,2024-04-25 14:50:20
ATHENA_CLINICS,123810,Summit Ridge Orthopedics,AC1005269,Thomas,Jensen,1970-01-02,M,53261,(262) 555-0161,06/01/2023,,Clinic Visit,1739241960,"Thomas, William", M54.50 ,low back pain after lifting,AETNA INC,"$3,055.61  ",Paid in Full,2023-06-14 17:23:01
ATHENA_CLINICS,132754,Eastgate Urgent Care,AC1005229,Hannah,Hall,"November 12, 1990",F,53153,(920) 555-0188,TBD,05-22-23,Urgent Care,1652373550,Dr. Nancy Jensen,J02.9,confusion and high fever,UnitedHealthcare,$275.89,Paid,2023-06-15 01:59:45
ATHENA_CLINICS,131369,EASTGATE UC,AC1006246,LINDA,NOVAK,1977-05-31,F,53150,(414) 555-0132,08/04/2023,08-04-23,Telehealth,1652373550,"Jensen, Nancy",U07.1,confusion and high fever,,$267.43,Paid,2023-08-23 00:31:16
ATHENA_CLINICS,111442,EASTGATE UC,AC1001017,Elizabeth,Kowalski,10/09/1957,F,54314,(608) 555-0122,09/11/2024,,Urgent Care,1608565176,Dr. Karen Van Dyke,"J02.9 - Acute pharyngitis, unspecified",confusion and high fever,MEDICARE PART A,USD 286.01,Cancelled,2024-09-26 20:24:33
ATHENA_CLINICS,112180,Cedar Valley Family Clinic,AC1001759,Rajesh,Rodriguez,1971-04-13,M,52479,(563) 555-0113,10/15/2023,,Video Visit,1215711643.0,Dr. Brian Garcia-Lopez, U07.1 ,fever and cough,BadgerCare Plus,$130.87,Closed - Paid,2023-10-29 09:16:52
ATHENA_CLINICS,104166,CEDAR VALLEY FAMILY CLINIC,AC1005674,William,Nguyen,07/08/1962,M,52407,(319) 555-0183,"September 23, 2023","September 23, 2023",Outpatient,1018051544.0,"Martinez, Richard",M5450,low back pain after lifting,State Medicaid Plan,$416.93  ,PAID,2023-10-05 15:36:02
ATHENA_CLINICS,120119,Eastgate Urgent Care,AC1006145,Ethan,Nguyen,1958-04-22,M,53118,(608) 555-0143,2023-03-09,,Walk-in Urgent,1279264513,"Lewis, Sofia",J06.9,fever and cough,MCR,$282.86,Closed - Paid,2023-03-17 03:07:10
ATHENA_CLINICS,128830,Eastgate Urgent Care,AC1004387,Kevin,King,1970-05-07,M,53109,(920) 555-0183,2024-09-08,,URGENT CARE,1215711643.0,"Garcia-Lopez, Brian",N39.0,burning on urination,BadgerCare Plus,USD 453.50,Paid in Full,2024-09-25 23:10:55
ATHENA_CLINICS,100191,CEDAR VALLEY FAMILY CLINIC,AC1004597,Sofia,Jensen,1966-03-02,F,52080,(563) 555-0136,"March 13, 2023","March 13, 2023",Office Visit,1188357952,"Nguyen, Katherine","J02.9 - Acute pharyngitis, unspecified",fever and cough,UnitedHealthcare,2070.44,Closed - Paid,2023-03-19 01:20:13
ATHENA_CLINICS,127871,Cedar Valley Family Clinic,AC1005771,Mark,Peterson,1963-10-21,M,52028,(563) 555-0181,07/25/2024,,Out Patient,1309765828,Dr. Maria Rodriguez,Z23 - Encounter for immunization,flu shot,BCBS,$172.39,Paid in Full,2024-07-30 21:00:37
ATHENA_CLINICS,111249,Cedar Valley Family Clinic,AC1007431,Susan,Hernandez,1990-01-15,F,52013,(563) 555-0124,"September 22, 2023",,OP,1309765828,Dr. Maria Rodriguez,J45.909,"chest tightness, inhaler not helping",MEDICAID,357.51,PAID,2023-10-03 09:39:10
ATHENA_CLINICS,135491,Eastgate Urgent Care,AC1007399,Linda,Hoffman,"August 7, 1976",F,53144,(608) 555-0103,2024-01-12,01/12/2024,URGENT CARE,1608565176,Dr. Karen Van Dyke,U07.1,burning on urination,self-pay,177.81,Closed - Paid,2024-02-06 07:18:16
ATHENA_CLINICS,101223,Cedar Vly Family Clinic,AC1004723,Robert,Lee,"October 19, 1986",M,52495,(319) 555-0140,12/31/2023,,Clinic Visit,1018051544,"Martinez, Richard",Z00.00,flu shot,Self Pay,1681.92,PAID,2024-01-10 02:00:09
ATHENA_CLINICS,102697,Cedar Valley Family Clinic,AC1003501,Andrew,Hall,"February 1, 1969",M,52084,(319) 555-0101,05/07/2024,"May 7, 2024",Office Visit,1309765828,"Rodriguez, Maria",J06.9,confusion and high fever,BadgerCare Plus,USD 624.23,Paid in Full,2024-05-13 15:56:28
ATHENA_CLINICS,125008,Eastgate Urgent Care,AC1003466,Joshua,Wilson,1971-11-26,M,53157,(920) 555-0115,2024-04-21,,UC,1284352816,Dr. Sarah King,"R51.9 - Headache, unspecified",severe headache,UnitedHealthcare,520.40,Denied,2024-05-07 00:35:34
ATHENA_CLINICS,132378,East Gate Urgent Care,AC1003983,Priya,Nelson,01/18/1994,F,53128,(920) 555-0126,2024-02-14,,UC,1652373550,"Jensen, Nancy",S93.401A,twisted ankle playing basketball,AETNA INC,$265.88,Closed - Paid,2024-03-09 11:09:34
ATHENA_CLINICS,122764,Cedar Valley Family Clinic,AC1004945,Jessica,Young,"September 11, 1948",F,52440,(563) 555-0198,04/19/2024,,Virtual,1018051544,"Martinez, Richard",ICD10,anxiety and panic episodes,Medicare,$260.69,Paid,2024-05-04 19:23:03
ATHENA_CLINICS,107688,Eastgate Urgent Care,AC1000577,Luis,Hernandez,"May 14, 1960",M,53128,(608) 555-0180,2024-03-29,,URGENT CARE,1652373550,"Jensen, Nancy", N39.0 ,sore throat and fever,UHC,$313.39,Paid in Full,2024-04-21 15:33:32
ATHENA_CLINICS,112302,Cedar Valley Family Clinic,AC1001759,Rajesh,Rodriguez,1971-04-13,M,52479,(563) 555-0113,2023-03-21,03/21/2023,Office Visit,1309765828,"Rodriguez, Maria",e10.9,numbness in both feet,BadgerCare Plus,$369.98,Closed - Paid,2023-03-25 16:50:47
ATHENA_CLINICS,121840,Eastgate Urgent Care,AC1005737,Jacob,Moore,04/24/1983,M,54138,(414) 555-0173,2024-05-11,05/11/2024,URGENT CARE,1279264513,"Lewis, Sofia",J069,sore throat and fever,AETNA INC,$133.18,Closed - Paid,2024-06-01 08:04:35
ATHENA_CLINICS,106119,Summit Ridge Orthopedics,AC1003742,Carlos,Nelson,"November 12, 1940",M,54311,(262) 555-0120,10/05/2024,,Telehealth,1062048420,Dr. Paul White,M17.11,low back pain after lifting,State Medicaid Plan,$283.50,Paid,2024-10-14 18:32:29
ATHENA_CLINICS,119272,Eastgate Urgent Care,AC1002336,Mary,Larson,04/29/1968,F,53183,(608) 555-0135,"November 19, 2023",,Virtual,1652373550,"Jensen, Nancy","J06.9 - Acute upper respiratory infection, unspecified",fever and cough,AETNA INC,$320.47  ,Closed - Paid,2023-12-04 02:51:08
ATHENA_CLINICS,134034,Cedar Valley Family Clinic,AC1001759,Rajesh,Rodriguez,04/13/1971,M,52479,(563) 555-0113,04/28/2023,,Virtual,1443256882,"Garcia, Michael",J06.9,sore throat and fever,Medicaid,$169.42,PAID,2023-04-29 06:04:00
ATHENA_CLINICS,102057,Cedar Valley Family Clinic,AC1003571,Ryan,Jackson,1951-07-22,M,52034,(563) 555-0141,"May 4, 2023",,Clinic Visit,1215711643,Dr. Brian Garcia-Lopez, N18.6 ,swelling and reduced urine output,Medicare - Part B,$210.61,DENIED,2023-05-21 09:42:59
ATHENA_CLINICS,123434,Cedar Valley Family Clinic,AC1006465,Andrew,Harris,10/13/1974,M,52424,(319) 555-0184,11-27-24,,OP,1309765828,"Rodriguez, Maria",M54.50,joint stiffness in the morning,Self Pay,USD 242.24,Submitted,2024-12-10 22:41:17
ATHENA_CLINICS,103783,Summit Ridge Ortho,AC1002233,Karen,Davis,1970-09-23,F,53152,(262) 555-0118,05/05/2023,2023-05-05,Clinic Visit,1739241960,"Thomas, William",M54.50,knee pain worse on stairs,UHC,770.67,Paid,2023-05-14 02:44:01
ATHENA_CLINICS,111748,Eastgate Urgent Care,AC1001393,Sandra,Jackson,06/24/1961,F,53736,(608) 555-0170,05/12/2023,,Walk-in Urgent,1608565176,Dr. Karen Van Dyke,S93401A,"fell on outstretched hand, wrist pain",MEDICAID,428.89 USD,Closed - Paid,2023-06-02 16:53:48
ATHENA_CLINICS,125622,Summit Ridge Orthopedic Clinic,AC1001547,Patricia,Lewis,1978-11-19,F,53112,(262) 555-0116,2023-02-11,02/11/2023,OP,1062048420,"White, Paul",S93.401A,head injury after a fall,UHC,"$2,965.91  ",PAID,2023-02-14 23:07:11
ATHENA_CLINICS,102866,Summit Ridge Orthopedics,AC1003359,Jennifer,O'Brien,08/15/1948,F,53123,(608) 555-0161,10/11/2023,10-11-23,Office Visit,1775003142,"Hall, Laura", M17.0 ,joint stiffness in the morning,Medicare - Part B,$815.21,Paid in Full,2023-10-21 04:17:16
ATHENA_CLINICS,134281,Eastgate Urgent Care,AC1000612,Emily,Williams,1966-12-25,F,53191,(414) 555-0146,01-05-24,01/05/2024,Urgent Care,1284352816.0,Dr. Sarah King,N39.0,cold symptoms for a week,self-pay,540.68 USD,Closed - Paid,2024-01-30 21:46:10
ATHENA_CLINICS,107695,Summit Ridge Orthopedics,AC1002477,Tyler,Thompson,1979-04-02,M,53256,(920) 555-0148,12-30-23,12-30-23,Office Visit,1775003142,"Hall, Laura",M17.0 - Bilateral primary osteoarthritis of knee,joint stiffness in the morning,AETNA INC,968.72,DENIED,2024-01-07 08:49:08
ATHENA_CLINICS,130634,Summit Ridge Orthopedics,AC1000561,Daniel,Rodriguez,03/22/1972,M,54337,(920) 555-0140,2023-08-14,,OP,1062048420,"White, Paul",M17.0 - Bilateral primary osteoarthritis of knee,low back pain after lifting,BCBS,12..50,PAID,2023-08-26 09:37:52
ATHENA_CLINICS,135441,Cedar Valley Family Clinic,AC1006288,Ana,Nelson,"January 5, 1984",F,52464,(319) 555-0143,03/19/2024,2024-03-19,Outpatient,1309765828,"Rodriguez, Maria",N18.4,kidney function review,Aetna,$632.47,Paid,2024-04-02 03:39:02
ATHENA_CLINICS,135787,Cedar Valley Family Clinic,AC1005591,Matthew,Miller,"December 8, 1964",M,52478,(563) 555-0132,06/14/2024,,Clinic Visit,1188357952,"Nguyen, Katherine",E78.5,fatigue and excessive thirst,Blue Cross Blue Shield,$300.51,Closed - Paid,2024-06-19 07:45:40
ATHENA_CLINICS,102273,Summit Ridge Orthopedic Clinic,AC1002991,Mark,Garcia,06/15/1975,M,53253,(262) 555-0172,2023-01-22,01/22/2023,Out Patient,1062048420,Dr. Paul White,s93.401a,twisted ankle playing basketball,AETNA INC,"USD 2,082.68",Closed - Paid,2023-02-07 04:51:42
ATHENA_CLINICS,108098,Cedar Valley Family Clinic,AC1000450,SAMUEL,BROWN,11/07/1960,M,52062,(563) 555-0165,08-29-23,08/29/2023,Outpatient,1844093249,Dr. Michael Lewis,N18.4,kidney function review,Uninsured,1090.03,Paid in Full,2023-09-12 21:45:34
ATHENA_CLINICS,106060,CEDAR VALLEY FAMILY CLINIC,AC1005788,Priya,Johnson,01/14/1973,F,52402,(319) 555-0157,03/22/2024,"March 22, 2024",OP,1844093249,"Lewis, Michael",J02.9,confusion and high fever,Medicaid,$ 296.41,Closed - Paid,2024-04-07 20:25:49
ATHENA_CLINICS,114666,EASTGATE UC,AC1003351,Nancy,Nelson,03/22/1969,F,53284,(414) 555-0107,2024-07-24,07/24/2024,Urgent Care,1652373550,"Jensen, Nancy",J02.9,confusion and high fever,UnitedHealthcare,130.83 USD,Paid in Full,2024-07-27 16:23:04
ATHENA_CLINICS,129997,Summit Ridge Orthopedics,AC1001432,Joshua,Moore,1984-05-26,M,54346,(920) 555-0153,2024-04-23,2024-04-23,Out Patient,1775003142,"Hall, Laura",M17.0,joint stiffness in the morning,BadgerCare Plus,$205.45,VOIDED,2024-05-01 22:21:08
ATHENA_CLINICS,108455,EASTGATE UC,AC1000609,Matthew,Rodriguez,10/18/1966,M,53765,(920) 555-0194,2023-01-07,01-07-23,URGENT CARE,1652373550,"Jensen, Nancy",J06.9,burning on urination,Uninsured,231.13 USD,Closed - Paid,2023-01-27 05:12:24
ATHENA_CLINICS,111824,East Gate Urgent Care,AC1006761,Karen,Schmidt,"October 6, 1967",F,54122,(414) 555-0118,10-19-24,10/19/2024,Virtual,1608565176,Dr. Karen Van Dyke,J06.9,sore throat and fever,UHC,$102.93,Paid in Full,2024-10-21 18:29:53
ATHENA_CLINICS,111039,Summit Ridge Orthopedics,AC1001262,Nancy,Rodriguez,1957-11-04,F,54305,(414) 555-0110,05/21/2024,,Office Visit,1739241960,"Thomas, William",S52501A,twisted ankle playing basketball,Medicare - Part B,$276.30,Denied,2024-05-30 15:56:27
ATHENA_CLINICS,105968,Eastgate Urgent Care,AC1006436,Jennifer,Harris,1999-01-25,F,54183,(414) 555-0174,"June 3, 2024",06/03/2024,UC,1608565176,"Van Dyke, Karen",R51.9,fever for two days,CIGNA HEALTH,$ 485.03,Paid,2024-06-14 21:25:43
ATHENA_CLINICS,100939,Cedar Valley Family Clinic,AC1002843,Kevin,O'Brien,04/26/1956,M,52484,(319) 555-0190,01-15-23,2023-01-15,Office Visit,1188357952,Dr. Katherine Nguyen,Z23,flu shot,Medicare - Part B,211.37 USD,Closed - Paid,2023-01-31 10:04:17
ATHENA_CLINICS,103427,Eastgate Urgent Care,AC1002006,Linda,Jones,1936-10-20,F,54337,(920) 555-0126,"November 2, 2023",11/02/2023,Walk-in Urgent,1166323372.0,"Locum, Tenens",N390,cold symptoms for a week,Medicare - Part B,134.09,Rejected,2023-11-07 01:15:14
ATHENA_CLINICS,100969,Cedar Valley Clinic,AC1003439,James,Novak,"February 16, 1959",M,52427,(319) 555-0117,2024-05-29,05/29/2024,Outpatient,1844093249,"Lewis, Michael",E10.9,fatigue and excessive thirst,BCBS,$298.39  ,Closed - Paid,2024-06-14 18:11:16
ATHENA_CLINICS,100603,Eastgate Urgent Care,AC1007073,Minh,Thompson,12/04/2005,M,53141,(608) 555-0150,01-09-23,,Telehealth,1279264513,Dr. Sofia Lewis,J06.9,confusion and high fever,Cigna,USD 127.43,Paid in Full,2023-01-12 06:15:16
ATHENA_CLINICS,120603,Cedar Vly Family Clinic,AC1005392,Karen,Kim,02/20/1954,F,52400,(563) 555-0103,"June 26, 2024",,Video Visit,1443256882,Dr. Michael Garcia,N18.6,kidney function review,MCR,USD 63.60,Paid in Full,2024-07-03 09:50:46
ATHENA_CLINICS,110399,Eastgate Urgent Care,AC1000216,Andrew,Brown,"August 7, 1943",M,54139,(414) 555-0176,2024-02-21,02/21/2024,URGENT CARE,1652373550,"Jensen, Nancy",J02.9,confusion and high fever,MCR,$256.54  ,Cancelled,2024-03-10 09:26:14
ATHENA_CLINICS,127643,Eastgate Urgent Care,AC1001357,Priya,White,08/17/1973,F,53280,(262) 555-0129,09/13/2024,2024-09-13,URGENT CARE,1652373550,"Jensen, Nancy",R51.9,fever for two days,CIGNA HEALTH,393.10,PAID,2024-09-30 06:20:21
ATHENA_CLINICS,106031,Eastgate Urgent Care,AC1003388,Noah,Davis,1986-10-19,M,54199,(920) 555-0181,08/26/2024,,URGENT CARE,1652373550,"Jensen, Nancy",U07.1 - COVID-19,sore throat and fever,AETNA INC,249.65,DENIED,2024-09-16 16:08:11
ATHENA_CLINICS,128141,CEDAR VALLEY FAMILY CLINIC,AC1004820,Ana,Schmidt,"August 3, 1967",F,52423,(319) 555-0158,10/06/2023,,OP,1443256882.0,Dr. Michael Garcia,N39.0,confusion and high fever,UnitedHealthcare,171.51 USD,Rejected,2023-10-31 07:38:30
ATHENA_CLINICS,110617,Eastgate Urgent Care,AC1003351,Nancy,Nelson,1969-03-22,F,53284,(414) 555-0107,"October 15, 2023",,URGENT CARE,1608565176,"Van Dyke, Karen",U07.1,confusion and high fever,UnitedHealthcare,$520.34,Paid,2023-10-20 10:42:56
ATHENA_CLINICS,110172,EASTGATE UC,AC1003983,Priya,Nelson,"January 18, 1994",F,53128,(920) 555-0126,"September 27, 2023",,Walk-in Urgent,1284352816,"King, Sarah","S93.401A - Sprain of unspecified ligament of right ankle, initial encounter","fell on outstretched hand, wrist pain",BCBS,475.10 USD,Closed - Paid,2023-10-03 13:26:36
ATHENA_CLINICS,125492,Eastgate Urgent Care,AC1000993,Lisa,Lewis,"May 17, 1977",F,54173,(608) 555-0178,2024-07-27,,URGENT CARE,1608565176.0,"Van Dyke, Karen",S52.501A,twisted ankle playing basketball,UnitedHealthcare,$206.89,DENIED,2024-08-18 07:47:06
ATHENA_CLINICS,119681,Eastgate Urgent Care Center,AC1002508,Elizabeth,Wright,04/05/1970,F,54360,(608) 555-0156,01/26/2024,01-26-24,UC,1652373550,"Jensen, Nancy",S93.401A,"fell on outstretched hand, wrist pain",Blue Cross Blue Shield,$136.62,PAID,2024-02-18 20:56:22
ATHENA_CLINICS,135481,Cedar Valley Clinic,AC1000304,Karen,Becker,12/18/1957,F,52426,(319) 555-0120,04/28/2023,2023-04-28,Out Patient,1844093249,"Lewis, Michael",N390,confusion and high fever - callback (319) 555-0120,MEDICARE PART A,$1.18K,Closed - Paid,2023-05-17 18:54:54
ATHENA_CLINICS,108801,Cedar Valley Family Clinic,AC1005186,Maria,Garcia,1984-11-15,F,52072,(563) 555-0137,09/14/2023,"September 14, 2023",OP,1215711643.0,"Garcia-Lopez, Brian",J06.9,sore throat and fever,UnitedHealthcare,$283.58,Paid,2023-10-07 10:53:31
ATHENA_CLINICS,130873,Summit Ridge Orthopedics,AC1007306,Sandra,Davis,"December 14, 1984",F,53773,(920) 555-0146,2024-09-02,,Outpatient,1739241960,Dr. William Thomas,S52.501A,"fell on outstretched hand, wrist pain",,$453.20,PAID,2024-09-10 17:35:25
ATHENA_CLINICS,125916,Eastgate Urgent Care,AC1004562,Michael,Wagner,"April 5, 1956",M,53779,(608) 555-0114,01-30-23,01/30/2023,URGENT CARE,1608565176,"Van Dyke, Karen",U07.1,burning on urination - callback (608) 555-0114,MCR,$217.86,Closed - Paid,2023-02-10 12:04:59
ATHENA_CLINICS,138194,Cedar Valley Family Clinic,AC1004820,Ana,Schmidt,08/03/1967,F,52423,(319) 555-0158,07-12-23,,Virtual,1215711643,"Garcia-Lopez, Brian",u07.1,cold symptoms for a week,BCBS,$126.35,Paid,2023-08-03 21:36:57
ATHENA_CLINICS,105801,Summit Ridge Orthopedics,AC1005198,Mary,Jones,06/18/1995,F,53200,(608) 555-0191,03-24-24,03/24/2024,Out Patient,1739241960,"Thomas, William",M25.561,low back pain after lifting,UHC,1211.44,Paid in Full,2024-03-29 09:05:35
ATHENA_CLINICS,119810,SUMMIT RIDGE ORTHOPAEDICS,AC1001116,Andrew,Clark,02/05/1939,M,53157,(608) 555-0189,01/13/2023,,OP,1849518380,Dr. Mary Wright,M17.11,joint stiffness in the morning,MCR,$776.39,PAID,2023-01-23 02:39:48
ATHENA_CLINICS,133693,Eastgate Urgent Care Center,AC1000964,Paul,Rodriguez,04/02/1973,M,53209,(414) 555-0156,2023-12-01,12/01/2023,Urgent Care,1279264513,"Lewis, Sofia",S93.401A,"fell on outstretched hand, wrist pain",BCBS,$396.29,Paid,2023-12-26 08:36:26
ATHENA_CLINICS,129036,Cedar Valley Clinic,AC1000043,AARON,OLSON,09/09/1968,M,52093,(319) 555-0191,2024-08-14,,Office Visit,1443256882,"Garcia, Michael",N39.0,burning on urination,UnitedHealthcare,$224.89,Paid in Full,2024-08-25 04:19:18
ATHENA_CLINICS,120062,EASTGATE UC,AC1004912,Elizabeth E,O'Brien,1974-10-26,F,52087,(319) 555-0181,02/07/2024,,URGENT CARE,1279264513,"Lewis, Sofia",S52501A,head injury after a fall,CIGNA HEALTH,522.65,PAID,2024-02-18 18:50:01
ATHENA_CLINICS,128060,Cedar Valley Family Clinic,AC1007116,Olivia,Van Dyke,"July 6, 1970",F,52023,(319) 555-0188,01/18/2023,"January 18, 2023",Office Visit,1443256882.0,"Garcia, Michael",Z00.00,annual physical,Aetna,$654.42,Closed - Paid,2023-01-19 17:30:14
ATHENA_CLINICS,104637,Eastgate Urgent Care,AC1004141,Emily,Novak,04/17/1984,F,53798,(608) 555-0148,08-31-23,08/31/2023,URGENT CARE,1279264513,Dr. Sofia Lewis,n39.0,burning on urination,State Medicaid Plan,153.70 USD,PAID,2023-09-05 05:26:42
ATHENA_CLINICS,131274,Cedar Valley Family Clinic,AC1004886,Chloe,Patel,03/02/1964,F,52483,(563) 555-0188,2023-03-31,03/31/2023,Out Patient,1844093249,Dr. Michael Lewis,N39.0,sore throat and fever,BCBS,$372.75  ,Paid,2023-04-21 00:22:59
ATHENA_CLINICS,103108,CEDAR VALLEY FAMILY CLINIC,AC1001500,Robert,Hoffman,1961-01-25,M,52082,(563) 555-0160,"December 1, 2023",2023-12-01,Out Patient,1215711643,"Garcia-Lopez, Brian",I10,blood pressure check,Self Pay,$537.89  ,Paid in Full,2023-12-11 16:19:55
ATHENA_CLINICS,103928,EASTGATE UC,AC1000993,Lisa,Lewis,05/17/1977,F,54173,(608) 555-0178,08-03-24,08/03/2024,Walk-in Urgent,1284352816,"King, Sarah",S93.401A,head injury after a fall,Cigna,378.43,Closed - Paid,2024-08-18 15:29:03
ATHENA_CLINICS,132475,Summit Ridge Orthopedics,AC1001646,Minh,Clark,02/03/1953,M,53276,(414) 555-0104,2023-07-20,,Office Visit,1347897138,,S93401A,"fell on outstretched hand, wrist pain",Medicare,734.14,DENIED,2023-08-08 22:32:38
ATHENA_CLINICS,139999,CEDAR VALLEY FAMILY CLINIC,AC1004112,Priya,Larson,10/28/1954,F,52412,(563) 555-0167,2023-07-30,,Office Visit,1018051544,Dr. Richard Martinez,J02.9,burning on urination,MCR,$235.72  ,PAID,2023-08-20 23:56:04
ATHENA_CLINICS,131274,Cedar Valley Family Clinic,AC1004886,Chloe,Patel,03/02/1964,F,52483,(563) 555-0188,2023-03-31,03/31/2023,Out Patient,1844093249,Dr. Michael Lewis,N39.0,sore throat and fever,BCBS,$372.75  ,Paid,2023-04-21 00:22:59
ATHENA_CLINICS,126551,CEDAR VALLEY FAMILY CLINIC,AC1003858,Barbara,Hernandez,1961-12-17,F,52426,(319) 555-0157,2023-09-21,09/21/2023,TELEMED,1309765828,Dr. Maria Rodriguez,J06.9,confusion and high fever,Medicare,$101.92  ,Paid in Full,2023-10-06 06:52:35
ATHENA_CLINICS,129930,Cedar Valley Family Clinic,AC1006992,Hannah,Mueller,"July 11, 1970",F,52028,(563) 555-0139,08-29-24,,OP,1188357952,"Nguyen, Katherine",I50.22,shortness of breath and leg swelling for several days,Cigna,637.10,PAID,2024-09-14 07:31:17
ATHENA_CLINICS,116591,Eastgate Urgent Care,AC1006202,Nancy,Davis,04/13/1971,F,53243,(920) 555-0188,2024-04-26,2024-04-26,Walk-in Urgent,1284352816,"King, Sarah",S52.501A,"fell on outstretched hand, wrist pain",Self Pay,393.93 USD,Closed - Paid,2024-05-16 14:13:18
ATHENA_CLINICS,111969,Cedar Valley Family Clinic,AC1005186,Maria,Garcia,11/15/1984,F,52072,(563) 555-0137,2024-04-02,,OP,1443256882,"Garcia, Michael",N18.6,swelling and reduced urine output,UnitedHealthcare,$317.14,Closed - Paid,2024-04-19 13:27:33
ATHENA_CLINICS,124324,Cedar Valley Family Clinic,AC1006967,Olivia,Patel,11/11/1963,F,52447,(319) 555-0164,2024-01-10,,Office Visit,1309765828,Dr. Maria Rodriguez,Z23,well child visit,Medicaid,354.60,PAID,2024-01-12 19:02:53
ATHENA_CLINICS,114517,Cedar Valley Family Clinic,AC1002735,Mary,Moore,01/27/1954,F,52006,(563) 555-0124,02/05/2023,02-05-23,Virtual,1188357952,"Nguyen, Katherine",n18.4,dialysis follow-up,UHC,$105.14,Paid,2023-02-25 03:58:16
ATHENA_CLINICS,107706,Eastgate Urgent Care,AC1001910,Paul,Kowalski,06/02/1967,M,54388,(262) 555-0132,2023-10-23,2023-10-23,Urgent Care,1284352816,"King, Sarah",n39.0,fever and cough,Blue Cross Blue Shield,$ 541.71,Paid in Full,2023-11-15 02:13:53
ATHENA_CLINICS,119454,Summit Ridge Orthopedics,AC1003603,Luis,Davis,09/20/1931,M,53196,(262) 555-0114,05/02/2024,,TELEMED,1775003142,"Hall, Laura",M17.11,low back pain after lifting,MCR,$88.72,Closed - Paid,2024-05-05 17:48:05
ATHENA_CLINICS,112421,Summit Ridge Orthopedics,AC1004072,Hannah K,Moore,1948-04-23,F,54166,(920) 555-0163,08-16-24,,Out Patient,1775003142,Dr. Laura Hall,S52501A,"fell on outstretched hand, wrist pain",Medicare,$264.33,Paid in Full,2024-09-03 16:09:31
ATHENA_CLINICS,103333,Summit Ridge Orthopedics,AC1001432,Joshua,Moore,05/26/1984,M,54346,(920) 555-0153,07/22/2024,07/22/2024,Office Visit,1775003142,Dr. Laura Hall,M54.50,joint stiffness in the morning,BadgerCare Plus,"$1,393.02  ",Paid in Full,2024-08-16 19:56:04
ATHENA_CLINICS,105609,EASTGATE UC,AC1001080,Maria,Brown,09/05/1965,F,53760,(414) 555-0106,"June 13, 2023",06/13/2023,Urgent Care,1279264513,Dr. Sofia Lewis, S52.501A ,twisted ankle playing basketball,CIGNA HEALTH,159.98,Paid in Full,2023-06-16 07:28:11
ATHENA_CLINICS,105444,Cedar Valley Clinic,AC1002723,Samuel,Hansen,1929-11-03,M,52487,(319) 555-0167,09/20/2023,09-20-23,OP,1215711643,Dr. Brian Garcia-Lopez,Z23,annual physical,MEDICARE PART A,$875.25,Paid in Full,2023-10-01 19:33:08
ATHENA_CLINICS,125781,Eastgate Urgent Care,AC1004467,Mark,Smith,1954-01-28,M,53118,(262) 555-0127,2024-01-06,,Urgent Care,1652373550,"Jensen, Nancy", J02.9 ,cold symptoms for a week,MCR,$452.55,Void,2024-01-15 16:14:49
ATHENA_CLINICS,137588,Cedar Vly Family Clinic,AC1002280,Barbara,Wagner,"July 17, 1948",F,52426,(563) 555-0156,02/16/2024,,Out Patient,1443256882,"Garcia, Michael",M54.50,low back pain after lifting,MEDICARE PART A,926.15 USD,Cancelled,2024-03-09 06:25:12
ATHENA_CLINICS,137264,Cedar Valley Family Clinic,AC1003554,EMILY,DAVIS,"March 27, 1954",F,52457,(563) 555-0144,2023-01-28,01/28/2023,Outpatient,1443256882,"Garcia, Michael",E119,confusion with very high glucose,Medicare,$435.06,Paid,2023-02-01 05:53:02
ATHENA_CLINICS,101050,Eastgate Urgent Care Center,AC1000955,Joshua,Harris,08/13/1987,M,53162,(262) 555-0152,2023-05-06,,Urgent Care,1608565176.0,"Van Dyke, Karen",S93.401A,twisted ankle playing basketball,TRICARE,408.06,Paid,2023-05-26 04:32:49
ATHENA_CLINICS,135300,Cedar Valley Family Clinic,AC1006992,Hannah,Mueller,"July 11, 1970",F,52028,(563) 555-0139,12/06/2023,,Virtual,1844093249,Dr. Michael Lewis,F41.1 - Generalized anxiety disorder,"medication review, feeling stable",Blue Cross Blue Shield,USD 319.95,Paid,2023-12-28 10:25:45
ATHENA_CLINICS,111871,Summit Ridge Ortho,AC1001543,Aaron,Kowalski,10/29/1961,M,53770,(262) 555-0133,12/10/2023,12/10/2023,Office Visit,1775003142.0,Dr. Laura Hall,m17.11,knee pain worse on stairs,UnitedHealthcare,773.83 USD,DENIED,2023-12-22 06:37:12
ATHENA_CLINICS,106633,Cedar Valley Family Clinic,AC1004483,Ryan,Miller,1964-06-16,M,52497,(319) 555-0116,12-06-23,12-06-23,Office Visit,1844093249,Dr. Michael Lewis,N39.0,confusion and high fever,State Medicaid Plan,$213.70,Denied,2023-12-21 19:14:15
ATHENA_CLINICS,131765,Eastgate Urgent Care,AC1000977,Nancy,Thompson,,F,54105,(920) 555-0162,2024-08-14,08/14/2024,URGENT CARE,1215711643,Dr. Brian Garcia-Lopez, U07.1 ,sore throat and fever,Tricare,175.12 USD,Closed - Paid,2024-08-16 23:32:52
ATHENA_CLINICS,137157,Cedar Valley Family Clinic,AC1000304,Karen,Becker,"December 18, 1957",F,52426,(319) 555-0120,05/20/2024,"May 20, 2024",Clinic Visit,1188357952,Dr. Katherine Nguyen,I50.32,"unable to lie flat at night, ankle edema",Medicare - Part B,407.52,Rejected,2024-05-23 00:37:51
ATHENA_CLINICS,130567,Eastgate Urgent Care,AC1002181,Anthony,Williams,"February 11, 1974",M,54168,(920) 555-0121,2024-08-22,,Urgent Care,1279264513,Dr. Sofia Lewis,R51.9,fever for two days,Medicaid,$339.93,Paid in Full,2024-09-13 22:58:07
ATHENA_CLINICS,134910,Westfield Surgical Center,AC1000450,SAMUEL,BROWN,1960-11-07,M,52062,(563) 555-0165,08/30/2024,08/30/2024,UC,1284352816,"King, Sarah",J06.9,confusion and high fever,Self Pay,$498.00,Paid,2024-09-08 23:03:56
ATHENA_CLINICS,129409,Summit Ridge Ortho,AC1001332,Matthew,O'Brien,1978-03-24,M,54332,(262) 555-0101,2024-03-21,2024-03-21,Clinic Visit,1849518380,"Wright, Mary", M17.11 ,knee pain worse on stairs,Aetna,"USD 1,441.33",Paid in Full,2024-03-31 12:58:11
ATHENA_CLINICS,125396,EASTGATE UC,AC1002097,James,King,10/27/1991,M,54133,(414) 555-0185,08-23-24,,UC,1608565176,"Van Dyke, Karen",N39.0,confusion and high fever,Aetna,$134.77,DENIED,2024-09-14 10:01:12
ATHENA_CLINICS,126161,Cedar Valley Family Clinic,AC1000893,Katherine,Becker,02/02/1990,F,52409,(319) 555-0108,01/23/2023,2023-01-23,Outpatient,1844093249,Dr. Michael Lewis,N39.0,fever and cough,UnitedHealthcare,USD 293.65,Paid in Full,2023-01-27 10:04:51
ATHENA_CLINICS,121852,Cedar Valley Family Clinic,AC1002483,William,Wright,01/05/1968,M,52060,(319) 555-0147,09/02/2024,,Telehealth,1844093249,Dr. Michael Lewis,F411,low mood and poor sleep,BadgerCare Plus,$84.61,Closed - Paid,2024-09-15 04:04:23
ATHENA_CLINICS,123643,Cedar Valley Family Clinic,AC1004784,Jessica,Thompson,11/13/1993,F,52032,(319) 555-0159,10/14/2024,10/14/2024,Office Visit,1844093249,"Lewis, Michael",Z00.00,flu shot,UHC,1960.21,Paid in Full,2024-11-06 12:45:23
ATHENA_CLINICS,102732,Eastgate Urgent Care,AC1006246,LINDA,NOVAK,05/31/1977,F,53150,(414) 555-0132,12/14/2023,,URGENT CARE,1652373550,Dr. Nancy Jensen,S93.401A,"fell on outstretched hand, wrist pain",IA Medicaid,268.66,Paid in Full,2023-12-30 02:56:38
ATHENA_CLINICS,137309,Eastgate Urgent Care Center,AC1001302,Laura,Wright,"July 31, 1950",F,53178,(920) 555-0120,2024-09-29,,Urgent Care,1284352816,"King, Sarah",s93.401a,head injury after a fall,Medicare,$430.03,Paid,2024-10-03 08:47:27
