source_system,source_record_id,facility_name,patient_mrn,patient_first_name,patient_last_name,patient_dob,patient_sex,patient_zip,patient_phone,admit_date,discharge_date,encounter_type,attending_npi,attending_provider_name,primary_dx_code,chief_complaint,payer_name,billed_amount,claim_status,last_updated_ts
EPIC_NORTH,E3335321,lakeshore general hospital ,EN1005268,Joseph,Hoffman,12/28/1983,M,54120,(414) 555-0151,2023-06-05,06/05/2023,Clinic Visit,1440029787,Dr. Olivia Young,I10,hypertension follow-up,BCBS,"$1,089.88",DENIED,2023-06-22T09:02:32Z
EPIC_NORTH,E3970475,Lakeshore General Hospital,EN1001432,Aaron,Van Dyke,1971-05-29,M,53788,(920) 555-0127,2024-11-09,11/11/2024,Inpatient,1309114175,Dr. Hannah King,"N17.9 - Acute kidney failure, unspecified","very little urine output, nausea",BCBS,"$90,406.17",Paid in Full,2024-11-14T05:31:17Z
EPIC_NORTH,E9539493,Maple Grove Pediatrics,EN1001542,Lisa,Wagner,3/28/2022,F,54387,(608) 555-0147,2024-07-26,,OP,1410646008,"Hernandez, Matthew",R50.9,fever for two days,Medicaid,245.24,PAID,2024-08-09T05:00:09Z
EPIC_NORTH,E7716388,St. Brendan Medical Center,EN1007489,Rebecca,Novak,1950-10-05,F,54108,(608) 555-0102,09/21/2024,2024-09-22,ER,1229836956,"Nelson, Joshua",S93.401A,"fell on outstretched hand, wrist pain",MEDICARE PART A,"$10,248.61",Paid in Full,2024-10-05T03:55:20Z
EPIC_NORTH,E8731593,Lakeshore General Hospital,EN1002704,Mary,Miller,1951-04-02T00:00:00,F,53213,(262) 555-0145,2/11/2023,2023-02-12,ER,1871689760,Dr. Ashley Walker,I509,"heart failure follow-up, fluid tablets review",MEDICARE PART A,"USD 2,729.39",PAID,2023-03-06T04:11:51Z
EPIC_NORTH,E5119719,St. Brendan Medical Center,EN1007412,Jennifer,Hansen,06/20/1979,F,53706,(262) 555-0122,04/30/2024,2024-05-11,INPT,1642524775,"Hall, Sarah","A41.9 - Sepsis, unspecified organism",burning on urination,Workers Comp,"$20,077.82  ",PAID,2024-05-12T04:29:01Z
EPIC_NORTH,E9617201,lakeshore general hospital ,EN1000895,Luis,Hernandez,5/14/1960,M,53128,(608) 555-0180,11/23/2024,2024-11-24,INPT,1472671472,"Olson, Mei",I50.22,"worsening breathlessness on exertion, weight up 3 kg",UHC,"61,202.39 USD",In Process,2024-12-03T19:32:45Z
EPIC_NORTH,E4930828,Maple Grove Pediatrics,EN1006187,Sofia,Kim,2015-09-16,F,53113,(920) 555-0177,2023-03-01,,Out Patient,1410646008,Dr. Matthew Hernandez,e78.5,annual physical,UHC,$439.87,PAID,2023-03-21T11:34:08Z
EPIC_NORTH,E8351770,LAKESHORE GENERAL HOSPITAL,EN1003025,Sandra,Lopez,1929-11-04,F,54364,(608) 555-0147,10/08/2024,,Office Visit,1984162291,"Hansen, Brian",I50.32,"heart failure follow-up, fluid tablets review",Medicare - Part B,"$1,895.35",PAID,2024-10-27T11:36:13Z
EPIC_NORTH,E3553293,lakeshore general hospital ,EN1008637,PRIYA,RODRIGUEZ,1997-02-27T00:00:00,F,54161,(262) 555-0169,3/20/2023,2023-03-20T00:00:00,OP,1472671472,"King, Mei",I48.91,palpitations and dizziness,MEDICAID,$168.49,Paid in Full,2023-03-31T08:13:11Z
EPIC_NORTH,E3011922,St. Brendan Medical Center,EN1005168,Luis,Johnson,"May 15, 1978",M,53782,(608) 555-0197,2023-05-14,"May 14, 2023",Clinic Visit,1939494823,"Jackson, William",I48.91,palpitations and dizziness,CIGNA HEALTH,$ 203.5,PAID,2023-05-31T19:06:54Z
EPIC_NORTH,E6921519,Lakeshore General Hospital,EN1004579,Hannah,Walker,1955-01-30T00:00:00,F,54154,(920) 555-0166,2024-06-12,"Jun 12, 2024",Out Patient,1440029787,"Young, Olivia",E11.22,diabetic follow-up and medication refill,self-pay,$330.59,PAID,2024-07-07T17:05:18Z
EPIC_NORTH,E7758580,St. Brendan Medical Center,EN1008357,Olivia,Clark,1950-06-19T00:00:00,F,54381,(262) 555-0129,2023-10-03,2023-10-04,Observation,1642524775,Dr. Sarah Hall, I48.91 ,crushing chest pain spreading to left arm,UHC,5532.97,Paid in Full,2023-10-18T11:17:18Z
EPIC_NORTH,E8652164,LAKESHORE GENERAL HOSPITAL,EN1008261,Patricia S,Wright,04/28/1964,F,53119,(920) 555-0113,"Apr 23, 2023",2023-05-02T00:00:00,inpatient admission,1536455680,"Kowalski, Noah",I50.9,"unable to lie flat at night, ankle edema",self-pay,$67.53K,Paid in Full,2023-05-05T19:23:20Z
EPIC_NORTH,E2056472,Lakeshore General Hospital,EN1000019,Rebecca,Rodriguez,1973-01-31,F,53213,(920) 555-0111,4/16/2023,04/16/2023,Out Patient,1701079810,Dr. Linda Hall,E10.9,confusion with very high glucose,Tricare,"1,192.51 USD",PAID,2023-05-05T04:15:51Z
EPIC_NORTH,E6398699,Lakeshore General Hospital,EN1004100,Sandra,Johnson,1985-08-01,F,53169,(920) 555-0141,2024-10-17,2024-10-28,INPT,1701079810,Dr. Linda Hall, J44.1 ,increased cough and wheezing,UnitedHealthcare,"$59,203.94  ",Paid,2024-11-20T06:16:50Z
EPIC_NORTH,E8344423,LAKESHORE GENERAL HOSPITAL,EN1007562,Ryan,Schultz,10/18/1956,M,54398,(920) 555-0191,2023-09-23,2023-09-23,Emergency Room,1809320819,Dr. Chloe Nguyen,N39.0,fever and cough,Medicare - Part B,$601.53,PAID,2023-10-13T22:12:24Z
EPIC_NORTH,E2873883,Maple Grove Pediatrics,EN1005072,Karen,Novak,08/10/2012,F,54356,(608) 555-0188,10/07/2024,10/07/2024,Clinic Visit,1895579906,Dr. Thomas Davis,Z23,well child visit,CIGNA HEALTH,$189.48,PAID,2024-10-24T04:08:14Z
EPIC_NORTH,E9624434,LAKESHORE GENERAL HOSPITAL,EN1003429,Mei,Lopez,09/18/1974,F,53793,(920) 555-0198,2023-09-16,,Clinic Visit,1701079810,"Hall, Linda",I10,hypertension follow-up,Blue Cross Blue Shield,"$2,347.24",Paid,2023-10-11T02:13:36Z
EPIC_NORTH,E1881669,St. Brendan's Medical Center,EN1008613,Samuel,Martinez,07/27/1961,M,52470,(563) 555-0165,"Nov 26, 2023",11/26/2023,Outpatient,1105218543,Dr. Tyler Young,Z23,flu shot,IA Medicaid,$ 1369.1,Paid,2023-12-08T00:26:37Z
EPIC_NORTH,E6776742,Lakeshore General Hospital,EN1004251,Sarah,Schmidt,5/25/1964,F,53706,(414) 555-0118,03/23/2024,2024-03-24T00:00:00,Observation,1536455680,"Kowalski, Noah",I10,headache with elevated blood pressure,Aetna,"$6,332.30",Closed - Paid,2024-04-15T16:46:31Z
EPIC_NORTH,E5356867,Lakeshore General Hospital,EN1008235,Laura,White,1965-06-10,F,54315,(608) 555-0103,2023-12-30,2023-12-30T00:00:00,Emergency Room,1871689760,"Walker, Ashley",I10,headache with elevated blood pressure,AETNA INC,"USD 8,020.80",Paid in Full,2024-01-12T18:01:32Z
EPIC_NORTH,E1414441,Lakeshore General Hospital,EN1003427,Noah,Garcia,1953-04-14,M,53701,(414) 555-0190,2/11/2024,2024-02-13T00:00:00,OBS,1309114175,"King, Hannah",R10.9,chest pain,Medicare,"$7,222.21",Paid,2024-02-19T06:11:04Z
EPIC_NORTH,E8994378,LAKESHORE GENERAL HOSPITAL,EN1005831,Richard,King,07/12/1987,M,53747,(608) 555-0148,"Feb 12, 2023",02/17/2023,IN-PATIENT,1472671472,Dr. Mei King,I10,headache with elevated blood pressure,Cigna,9509.38,Paid in Full,2023-02-28T06:05:58Z
EPIC_NORTH,E3282828,Lakeshore General Hospital,EN1007707,Laura,Larson,1972-04-24,F,52455,(319) 555-0113,2023-04-04,2023-04-04,Emergency,1809320819,"Nguyen, Chloe",J18.9,fever and cough,N/A,$883.17,Paid,2023-04-20T03:35:25Z
EPIC_NORTH,E1192221,Lakeshore General Hospital,EN1005831,Richard,King,1987-07-12T00:00:00,M,53747,(608) 555-0148,2023-11-10,,OP,1452059979,"Williams, Thomas",R109,severe headache,Cigna,"$2,142.71",Closed - Paid,2023-11-13T16:09:54Z
EPIC_NORTH,E3004274,St Brendan Medical Center,EN1003724,Priya,Hoffman,1950-12-16,F,53730,(262) 555-0145,2024-05-23,2024-05-23,Emergency,1028382228,"Wilson, Chloe", S52.501A ,twisted ankle playing basketball,Aetna,see itemized bill,Paid in Full,2024-06-09T19:49:43Z
EPIC_NORTH,E2840595,St. Brendan's Medical Center,EN1003656,Rajesh,Davis,12/18/1929,M,53172,(920) 555-0182,2023-08-14T00:00:00,,Out Patient,1642524775,Dr. Sarah Hall,z23,flu shot,Medicare - Part B,165.74,PAID,2023-09-03T12:02:17Z
EPIC_NORTH,E1256326,MAPLE GROVE PEDS,EN1008205,NANCY,PATEL,2015-07-09,F,54309,(262) 555-0164,06/20/2024,2024-06-20,Outpatient,1615846452,"O'Brien, Nancy",Z23,flu shot,CIGNA HEALTH,$194.17  ,Paid,2024-06-24T12:25:14Z
EPIC_NORTH,E3290010,Lakeshore General Hospital,EN1005555,Maria,Garcia,3/8/1966,F,53179,(608) 555-0148,03/15/2023,2023-03-14,EMERGENCY DEPT,1809320819,Dr. Chloe Nguyen,R07.9,abdominal pain since morning,Cigna,"$3,092.27",Paid in Full,2023-03-19T15:13:26Z
EPIC_NORTH,E8910102,Saint Brendan Medical Center,EN1005369,Jennifer,Schultz,1962-06-22,F,54108,(608) 555-0144,2024-02-27,2024-02-28,Emergency Room,1028382228,"Wilson, Chloe",R51.9,chest pain,Uninsured,$1.66K,Closed - Paid,2024-03-05T07:18:32Z
EPIC_NORTH,E8636001,Saint Brendan Medical Center,EN1001609,Kevin,Hall,11/28/1963,M,53292,(608) 555-0161,2024-09-22T00:00:00,2024-09-22,Clinic Visit,1105218543,"Young, Tyler",Z00.00,well child visit,MEDICAID,"1,130.78 USD",PAID,2024-10-05T22:27:18Z
EPIC_NORTH,E3963583,Maple Grove Pediatrics,EN1005839,Priya,Novak,"Jan 22, 2016",F,53205,(920) 555-0138,2024-04-29,,Out Patient,1541465906,Dr. Samuel Johnson,j02.9,sore throat and fever,Cigna,$232.16,PAID,2024-05-06T07:25:16Z
EPIC_NORTH,E4724931,Lakeshore General Hospital,EN1003288,Robert,Lee,1967-04-05T00:00:00,M,54173,(920) 555-0155,2024-03-28T00:00:00,3/28/2024,ED,1809320819,"Nguyen, Chloe",R51.9,chest pain,BCBS,"$6,639.09",Paid,2024-04-20T03:18:31Z
EPIC_NORTH,E5400839,Lakeshore General,EN1008656,Fatima,Nguyen,03/08/1955,F,53219,(262) 555-0122,7/7/2023,07/07/2023,Emergency,1809320819,"Nguyen, Chloe",n18.6,dialysis follow-up,Medicare,$ 3638.73,Paid in Full,2023-07-09T07:28:19Z
EPIC_NORTH,E1863015,Lakeshore General Hospital,EN1001651,Joshua,Hernandez,1960-12-09,M,54190,(920) 555-0182,2023-06-09,2023-06-09,Emergency,1809320819,"Nguyen, Chloe",S52.501A,"fell on outstretched hand, wrist pain",Aetna,"$1,314.01",Paid in Full,2023-06-16T08:00:15Z
EPIC_NORTH,E2777620,Lakeshore General Hospital,EN1003773,Priya,Hansen,09/07/1945,F,54103,(262) 555-0157,2023-10-24T00:00:00,2023-11-03,IP,1440029787,"Young, Olivia",J441,"COPD review, breathing stable",Medicare,"$15,692.06",Rejected,2023-11-05T14:12:16Z
EPIC_NORTH,E1050924,Lakeshore General Hospital,EN1006449,Mary R,Jones,1995-06-18,F,53200,(608) 555-0191,2023-10-08T00:00:00,10/16/2023,inpatient admission,1472671472,"King, Mei",J45.901,asthma flare after a cold,Cigna,13291.95,Closed - Paid,2023-11-05T09:46:47Z
EPIC_NORTH,E4335270,Lakeshore Gen Hosp,EN1003562,Priya,Lee,1959-02-11T00:00:00,F,54387,(414) 555-0143,2024-10-17T00:00:00,10/17/2024,Out Patient,1440029787,Dr. Olivia Young,Z00.00,annual physical,Medicare,"$1,047.93",DENIED,2024-10-29T05:14:30Z
EPIC_NORTH,E8342213,St. Brendan Medical Center,EN1007999,Carlos L,Lopez,1977-08-27,M,53701,(920) 555-0144,2024-07-09T00:00:00,07/14/2024,INPT,1939494823,Dr. William Jackson,J18.9,burning on urination,Workers Comp,"$8,745.71",PAID,2024-08-01T02:44:33Z
EPIC_NORTH,E1600255,MAPLE GROVE PEDS,EN1004636,Ryan,Martin,2007-12-17,M,54366,(262) 555-0104,2024-11-03,2024-11-03T00:00:00,Clinic Visit,1541465906,"Johnson, Samuel",R50.9,fever for two days,UHC,USD 238.87,Paid in Full,2024-11-13T20:33:08Z
EPIC_NORTH,E2667241,Lakeshore General,EN1001381,James,Lee,07/14/1979,M,53750,(262) 555-0108,"Dec 8, 2023",,OP,1440029787,Dr. Olivia Young,I10,headache with elevated blood pressure,Blue Cross Blue Shield,$466.59  ,Paid in Full,2023-12-16T07:11:13Z
EPIC_NORTH,E2053655,Maple Grove Pediatrics,EN1002449,Daniel,Williams,8/20/2020,M,53794,(608) 555-0163,2023-12-05,,Video Visit,1347897138,,J069,sore throat and fever,BCBS,223.04,Paid,2023-12-14T08:35:33Z
EPIC_NORTH,E8074818,St. Brendan Medical Center,EN1003901,Carlos,Smith,1984-03-30T00:00:00,M,54149,(608) 555-0152,2024-06-06,06/08/2024,OBS,1008754750,Dr. Katherine Hoffman,J44.1,productive cough with low oxygen readings at home,UHC,"$15,133.72",Denied,2024-06-16T14:00:58Z
EPIC_NORTH,E9931549,St. Brendan Medical Center,EN1003621,Fatima,Miller,03/09/1995,F,53704,(920) 555-0110,07/05/2024,"Jul 9, 2024",Inpatient,1939494823,Dr. William Jackson, I48.91 ,palpitations and dizziness,UHC,"$26,529.77",Paid,2024-07-27T02:37:45Z
EPIC_NORTH,E1156891,St. Brendan Medical Center,EN1002857,Barbara,Wagner,07/17/1948,F,52426,(563) 555-0156,2024-03-03,3/3/2024,OP,1642524775,Dr. Sarah Hall,J44.9,"short of breath, using rescue inhaler more often",MEDICARE PART A,1382.67,Closed - Paid,2024-03-26T19:00:15Z
EPIC_NORTH,E4716884,Lakeshore General Hospital,EN1003221,Steven,Lopez,1981-12-04,M,53731,(262) 555-0140,2024-08-18,,Office Visit,1984162291,"Hansen, Brian",R10.9,severe headache,Medicaid,"1,513.88 USD",Closed - Paid,2024-09-05T11:33:31Z
EPIC_NORTH,E2642842,Lakeshore General,EN1003996,Jennifer,Nelson,07/20/1933,F,53189,(608) 555-0174,01/27/2024,01/27/2024,Emergency Room,1809320819,"Nguyen, Chloe",R10.9,severe headache,Medicare - Part B,1961.75,Closed - Paid,2024-02-07T08:41:06Z
EPIC_NORTH,E8426544,ST BRENDAN MED CTR,EN1004320,Mei,White,06/14/1961,F,53152,(608) 555-0195,2023-03-02,2023-03-02,Emergency,1229836956,"Nelson, Joshua",J44.1,"COPD review, breathing stable",Cigna,2612.40,Paid,2023-03-18T18:09:52Z
EPIC_NORTH,E5229611,Lakeshore General Hospital,EN1008260,Ethan,Patel,"May 3, 1970",M,53164,(920) 555-0112,TBD,06/14/2023,Inpatient,1472671472,"King, Mei",e11.65,numbness in both feet,Medicare - Part B,$40.20K,Paid,2023-07-04T19:42:26Z
EPIC_NORTH,E6508471,St. Brendan Medical Center,EN1002176,Omar,Wright,1960-06-24T00:00:00,M,53198,(414) 555-0133,2023-09-13T00:00:00,"Sep 13, 2023",ER,1860320807,Dr. Rebecca Schultz,R10.9,severe headache,AETNA INC,2289.22,Paid,2023-09-26T17:45:24Z
EPIC_NORTH,E8603875,Lakeshore Gen Hosp,EN1008415,Linda,Wilson,1984-05-12,F,54151,(608) 555-0110,2024-07-12,7/17/2024,IP,1139986982,Dr. Anthony Schmidt,J441,"COPD review, breathing stable",Medicaid,"$83,023.14",PAID,2024-08-06T20:03:57Z
EPIC_NORTH,E9236920,Lakeshore General Hospital,EN1001482,Emily,Lewis,1959-07-03,F,53215,(920) 555-0176,03/28/2023,3/28/2023,Emergency,1447294053,"Peterson, Samuel",J44.1,increased cough and wheezing,Medicare - Part B,"$6,950.51",Paid in Full,2023-04-03T10:45:14Z
EPIC_NORTH,E1121209,St. Brendan Medical Center,EN1007872,Jacob,Van Dyke,1966-04-02,M,54367,(414) 555-0109,07/08/2024,2024-07-08,Clinic Visit,1642524775,Dr. Sarah Hall,n18.4,kidney function review,CIGNA HEALTH,174.57,Paid,2024-07-22T01:10:18Z
EPIC_NORTH,E4616438,Maple Grove Pediatrics,EN1004015,Daniel,Johnson,12/30/2006,M,54108,(262) 555-0134,"Apr 5, 2024",,Office Visit,1615846452,Dr. Nancy O'Brien,J02.9,fever and cough,BCBS,443.17 USD,Closed - Paid,2024-04-09T13:36:41Z
EPIC_NORTH,E5554922,Saint Brendan Medical Center,EN1008581,Jessica,Wagner,1984-08-06,F,53756,(262) 555-0139,08/24/2024,2024-08-24,EMERGENCY DEPT,1028382228,"Wilson, Chloe",I10,headache with elevated blood pressure,Workers Comp,"$1,172.00",PAID,2024-09-12T02:22:47Z
EPIC_NORTH,E1941740,Maple Grove Pediatrics,EN1000585,Mei,Young,7/16/2008,F,53280,(262) 555-0146,2/24/2024,2024-02-24,OP,1541465906,"Johnson, Samuel",Z00.129,well child visit,N/A,$177.35  ,PAID,2024-02-25T10:39:21Z
EPIC_NORTH,E3612485,Maple Grove Pediatrics ,EN1003495,Margaret,Anderson,2012-08-23T00:00:00,F,53105,(608) 555-0144,9/18/2024,,Out Patient,1541465906,Dr. Samuel Johnson,Z23,well child visit,Cigna,$804.35,Paid,2024-10-13T23:31:25Z
EPIC_NORTH,E6036923,LAKESHORE GENERAL HOSPITAL,EN1004669,Maria,Wagner,"Jan 27, 1938",F,53233,(262) 555-0126,12/16/2023,2023-12-18,OBS,1787680457,Dr. Lisa Moore,N18.6,kidney function review,MCR,"$11,385.60  ",Paid,2024-01-09T14:14:15Z
EPIC_NORTH,E8674071,Saint Brendan Medical Center,EN1001399,Andrew K,Clark,"Feb 5, 1939",M,53157,(608) 555-0189,2024-02-02,02/11/2024,IN-PATIENT,1008754750,Dr. Katherine Hoffman,N18.6,swelling and reduced urine output,MCR,"$41,590.61",PAID,2024-02-17T02:37:03Z
EPIC_NORTH,E3008027,Maple Grove Pediatric Clinic,EN1007939,Patricia,Johnson,2006-08-27,F,54163,(414) 555-0197,2023-02-10,,OP,1541465906,"Johnson, Samuel",J029,burning on urination,Blue Cross Blue Shield,$ 753.94,Paid in Full,2023-02-27T14:03:29Z
EPIC_NORTH,E1928914,ST BRENDAN MED CTR,EN1008370,Rebecca,Taylor,10/18/1957,F,53187,(414) 555-0119,2024-08-12,08/12/2024,,1939494823,Dr. William Jackson,E10.9,fatigue and excessive thirst,Medicare - Part B,332.22,Paid in Full,2024-08-19T10:30:40Z
EPIC_NORTH,E8989352,Lakeshore General,EN1003773,Priya,Hansen,9/7/1945,F,54103,(262) 555-0157,2024-10-19,10/19/2024,ER,1871689760,"Walker, Ashley",J44.1,"short of breath, using rescue inhaler more often",MCR,"1,109.66 USD",PAID,2024-10-24T06:40:15Z
EPIC_NORTH,E9584754,St. Brendan's Medical Center,EN1001726,Omar,Thompson,"Mar 19, 1971",M,54393,(920) 555-0119,02/10/2024,,Outpatient,1105218543,Dr. Tyler Young,ICD10,flu shot,Blue Cross Blue Shield,236.78,DENIED,2024-02-15T14:08:45Z
EPIC_NORTH,E4683187,ST BRENDAN MED CTR,EN1006483,Daniel,Novak,05/25/1977,M,54131,(414) 555-0133,2023-12-16,12/16/2023,ER,1860320807,Dr. Rebecca Schultz,I50.9,shortness of breath and leg swelling for several days,Aetna,9423.04,Paid,2024-01-03T21:48:26Z
EPIC_NORTH,E7863917,Lakeshore General,EN1005645,Noah,Brown,05/13/1994,M,54187,(608) 555-0139,11/15/2023,2023-11-19T00:00:00,IP,1309114175,"King, Hannah",J18.9,confusion and high fever,State Medicaid Plan,"$92,552.02",Closed - Paid,2023-11-21T18:27:37Z
EPIC_NORTH,E2426500,St. Brendan Medical Center,EN1001726,Omar,Thompson,1971-03-19,M,54393,(920) 555-0119,6/28/2023,6/29/2023,ED,1860320807,"Schultz, Rebecca",S52501A,head injury after a fall,Blue Cross Blue Shield,1224.83,Closed - Paid,2023-07-06T18:02:11Z
EPIC_NORTH,E2670875,Maple Grove Pediatrics,EN1002129,Grace,Wright,"Jun 28, 2014",F,53226,(262) 555-0130,12/26/2023,,OTHER,1410646008,Dr. Matthew Hernandez,Z00.129,well child visit,Medicaid,"$2,211.07",Paid,2024-01-20T19:16:32Z
EPIC_NORTH,E9174193,lakeshore general hospital ,EN1007150,Ana,Walker,1955-05-31,F,53205,(262) 555-0182,"May 1, 2023",2023-05-02T00:00:00,EMERGENCY DEPT,1809320819,Dr. Chloe Nguyen,N18.6,dialysis follow-up,MEDICARE PART A,"$11,374.52",Paid in Full,2023-05-25T09:10:52Z
EPIC_NORTH,E3458527,Maple Grove Pediatrics,EN1001518,Paul,King,2007-03-01,M,53134,(920) 555-0135,2023-12-31,,Clinic Visit,1541465906,Dr. Samuel Johnson,J06.9,fever and cough,Tricare,$586.12,Rejected,2024-01-05T03:58:58Z
EPIC_NORTH,E4616460,LAKESHORE GENERAL HOSPITAL,EN1004987,Joseph,Hernandez,1983-11-18,M,53288,(920) 555-0192,2024-10-30,2024-11-05,IN-PATIENT,1701079810,Dr. Linda Hall,see notes,kidney function review,UnitedHealthcare,$17.16K,Closed - Paid,2024-11-21T00:06:23Z
EPIC_NORTH,E4073886,Lakeshore General Hospital,EN1004669,Maria,Wagner,01/27/1938,F,53233,(262) 555-0126,2023-02-12,02/12/2023,EMERGENCY DEPT,1871689760,Dr. Ashley Walker,I50.9,"unable to lie flat at night, ankle edema",Medicare - Part B,2631.98,Cancelled,2023-02-23T18:12:05Z
EPIC_NORTH,E2218862,Lakeshore General Hospital,EN1000286,Margaret,Peterson,1998-03-05,F,54148,(262) 555-0195,10/22/2023,,Outpatient,1472671472,"King, Mei",R10.9,chest pain,Cigna,2055.80,Cancelled,2023-10-28T18:27:38Z
EPIC_NORTH,E4839285,St. Brendan Medical Center,EN1004215,Priya,Patel,08/05/1951,F,53216,(414) 555-0191,08/31/2024,2024-09-01,Obs Stay,1682052588,"Wright, James",E11.65,diabetic follow-up and medication refill,AETNA INC,13906.54,Closed - Paid,2024-09-08T00:02:20Z
EPIC_NORTH,E7251546,Lakeshore Gen Hosp,EN1005664,Karen,Jones,10/19/1959,F,53194,(920) 555-0113,2024-03-16,03/17/2024,ED,1809320819,Dr. Chloe Nguyen,S06.0X0A,twisted ankle playing basketball,Blue Cross Blue Shield,"$1,849.02",Closed - Paid,2024-03-26T04:41:14Z
EPIC_NORTH,E8105289,St Brendan Medical Center,EN1000048,Sarah,Johnson,1965-09-21,F,53177,(608) 555-0167,2023-12-06T00:00:00,2023-12-06,Out Patient,1939494823,"Jackson, William",I4891,crushing chest pain spreading to left arm,Cigna,204.14 USD,Paid in Full,2023-12-13T08:48:29Z
EPIC_NORTH,E5643795,Lakeshore Gen Hosp,EN1000857,Joseph,Wright,1986-06-09,M,53202,(608) 555-0116,2024-09-14,9/14/2024,ED,1447294053,Dr. Samuel Peterson,"R07.9 - Chest pain, unspecified",chest pain,Blue Cross Blue Shield,"8,626.09 USD",PAID,2024-10-06T20:12:35Z
EPIC_NORTH,E9338668,Maple Grove Pediatrics ,EN1001631,Jacob,Schmidt,12/18/2013,M,53296,(920) 555-0122,2023-06-15,,Video Visit,1615846452,Dr. Nancy O'Brien, R50.9 ,fever for two days,BadgerCare Plus,317.48,Paid in Full,2023-06-22T20:18:23Z
EPIC_NORTH,E8876545,Lakeshore General Hospital,EN1001038,Ethan,Johnson,11/5/1966,M,53280,(920) 555-0178,07/18/2024,07/21/2024,IP,1472671472,Dr. Mei Olson,n18.6,"missed dialysis session, feeling weak",AETNA INC,"$25,656.19",Paid in Full,2024-08-09T16:59:22Z
EPIC_NORTH,E4696998,Saint Brendan Medical Center,EN1003497,Mary,Moore,1954-01-27,F,52006,(563) 555-0124,2023-12-20,12/20/2023,Clinic Visit,1642524775,Dr. Sarah Hall,I10,headache with elevated blood pressure,UnitedHealthcare,2033.62,Paid in Full,2024-01-11T14:22:21Z
EPIC_NORTH,E8649339,St Brendan Medical Center,EN1000048,Sarah,Johnson,1965-09-21,F,53177,(608) 555-0167,09/26/2023,"Sep 27, 2023",EMERGENCY DEPT,1860320807,Dr. Rebecca Schultz,N39.0,cold symptoms for a week,Aetna,"$3,133.78  ",Paid,2023-10-20T02:13:07Z
EPIC_NORTH,E1222056,St. Brendan Medical Center,EN1002857,Barbara,Wagner,1948-07-17,F,52426,(563) 555-0156,04/17/2023,2023-04-17,Obs Stay,1771884131,Dr. Karen Thompson,R07.9,fever for two days,MCR,"$5,387.71",Paid,2023-05-05T03:15:38Z
EPIC_NORTH,E1374440,St. Brendan Medical Center,EN1006825,Carlos,Johnson,03/05/1967,M,53258,(920) 555-0106,"Jul 13, 2024",07/13/2024,Office Visit,1771884131,"Thompson, Karen",N18.6,kidney function review,UHC,225.84 USD,PAID,2024-08-07T15:19:44Z
EPIC_NORTH,E5434866,Lakeshore Gen Hosp,EN1007636,Patricia,Lewis,1969-02-07,F,53736,(262) 555-0132,10/03/2023,2023-10-15,IP,1778486484,"Thomas, Emily",N18.6,"missed dialysis session, feeling weak",Blue Cross Blue Shield,45936.86,PAID,2023-10-22T02:12:44Z
EPIC_NORTH,E9882292,Lakeshore General Hospital,EN1003206,Ryan,Van Dyke,05/25/1996,M,53289,(608) 555-0159,01/14/2024,1/24/2024,inpatient admission,1472671472,"King, Mei",J18.9,cold symptoms for a week,Aetna,"$19,590.00  ",Paid in Full,2024-02-17T02:17:09Z
EPIC_NORTH,E7777503,Maple Grove Pediatric Clinic,EN1004636,Ryan,Martin,12/17/2007,M,54366,(262) 555-0104,02/17/2023,2023-02-17,OP,1541465906,"Johnson, Samuel",J02.9,confusion and high fever,AETNA INC,,Closed - Paid,2023-03-06T18:11:57Z
EPIC_NORTH,E6435482,Lakeshore General Hospital,EN1006333,Ryan,Schultz,06/01/1959,M,54174,(262) 555-0181,"Sep 14, 2024",09/14/2024,Emergency Room,1860320807,Dr. Rebecca Schultz,I50.9,"unable to lie flat at night, ankle edema",AETNA INC,"$3,857.92  ",Denied,2024-10-01T15:35:45Z
EPIC_NORTH,E8575374,St. Brendan Medical Center,EN1002828,Jessica,Wagner,02/15/1944,F,54348,(262) 555-0121,11/20/2024,2024-11-23T00:00:00,INPT,1642524775,"Hall, Sarah",I50.22,shortness of breath and leg swelling for several days,Medicare,21472.28,Pending,2024-11-27T00:39:55Z
EPIC_NORTH,E3564780,St. Brendan Medical Center,EN1000642,William,Harris,,M,53750,(608) 555-0125,2024-05-05,2024-05-15T00:00:00,IN-PATIENT,1682052588,"Wright, James",A41.9,burning on urination,Medicare - Part B,94146.42,Paid,2024-05-29T20:56:07Z
EPIC_NORTH,E3809219,St. Brendan Medical Center,EN1007965,Fatima,Anderson,1970-02-22,F,53753,(414) 555-0170,2024-04-02T00:00:00,04/02/2024,ER,1229836956,Dr. Joshua Nelson,E11.65,diabetic follow-up and medication refill,Blue Cross Blue Shield,"2,003.10 USD",Closed - Paid,2024-04-05T08:21:01Z
EPIC_NORTH,E3036876,St Brendan Medical Center,EN1003724,Priya,Hoffman,1950-12-16,F,53730,(262) 555-0145,2024-10-13,10/13/2024,EMERGENCY DEPT,1229836956,Dr. Joshua Nelson,N390,burning on urination,CIGNA HEALTH,813.17 USD,Paid in Full,2024-10-19T21:04:57Z
EPIC_NORTH,E9722532,St. Brendan Medical Center,EN1007603,Rebecca,Kowalski,1991-08-19,F,54191,(414) 555-0197,2023-03-23T00:00:00,03/23/2023,OP,1939494823,"Jackson, William",E78.5,flu shot,AETNA INC,"$2,051.08",Paid in Full,2023-04-04T19:39:50Z
EPIC_NORTH,E1672883,Lakeshore General Hospital,EN1002704,Mary,Miller,4/2/1951,F,53213,(262) 555-0145,2023-07-09,2023-07-17,IP,1440029787,"Young, Olivia",I50.9,"heart failure follow-up, fluid tablets review",MCR,14055.68,Paid,2023-07-26T17:26:55Z
EPIC_NORTH,E6094851,Lakeshore General,EN1001947,Patricia,Nelson,1964-12-09,F,54183,(920) 555-0145,2023-09-22T00:00:00,2023-09-24T00:00:00,OBS,1778486484,"Thomas, Emily",I509,"unable to lie flat at night, ankle edema",Cigna,"$3,797.55",Paid,2023-09-30T04:34:15Z
EPIC_NORTH,E7932153,Lakeshore General Hospital,EN1005145,Robert,Kim,1967-05-21,M,53136,(262) 555-0185,2024-09-03,9/3/2024,Obs Stay,1139986982,"Schmidt, Anthony",N39.0,cold symptoms for a week,AETNA INC,$ 3130.33,PAID,2024-09-07T05:30:35Z
EPIC_NORTH,E6933698,Lakeshore General Hospital,EN1003126,Ashley,HARRIS,05/19/1950,F,53273,(920) 555-0188,2023-04-07,04/13/2023,INPT,1452059979,"Williams, Thomas",J44.1,"short of breath, using rescue inhaler more often",MCR,"$15,771.99",Paid,2023-04-28T15:24:51Z
EPIC_NORTH,E1861695,LAKESHORE GENERAL HOSPITAL,EN1000477,Rajesh,Jones,"May 17, 1988",M,54194,(920) 555-0104,2024-05-21,,Office Visit,1440029787,Dr. Olivia Young,M54.50,joint stiffness in the morning,CIGNA HEALTH,$155.88,Closed - Paid,2024-05-25T16:43:10Z
EPIC_NORTH,E3923638,St. Brendan Medical Center,EN1008203,Susan,Moore,5/18/1964,F,53777,(414) 555-0194,8/1/2023,8/3/2023,IP,1008754750,"Hoffman, Katherine",N18.6,"missed dialysis session, feeling weak",Uninsured,16825.37,Paid in Full,2023-08-23T00:39:18Z
EPIC_NORTH,E7165618,Maple Grove Pediatrics,EN1007939,Patricia,Johnson,8/27/2006,F,54163,(414) 555-0197,02/07/2023,02/07/2023,OP,1541465906,Dr. Samuel Johnson, J06.9 ,cold symptoms for a week,Aetna,$1.34K,PAID,2023-02-18T01:49:00Z
EPIC_NORTH,E5320527,Lakeshore General Hospital,EN1003562,Priya,Lee,1959-02-11,F,54387,(414) 555-0143,2023-09-04,9/6/2023,Observation,1787680457,"Moore, Lisa",I10,headache with elevated blood pressure,Medicare - Part B,"$8,037.78",Denied,2023-09-23T16:25:23Z
EPIC_NORTH,E7731712,ST BRENDAN MED CTR,EN1002828,Jessica,Wagner,1944-02-15,F,54348,(262) 555-0121,"Apr 1, 2024",,Out Patient,1682052588,"Wright, James",I50.32 - Chronic diastolic (congestive) heart failure,"worsening breathlessness on exertion, weight up 3 kg",Medicare - Part B,"$2,129.60",Paid,2024-04-24T03:24:43Z
EPIC_NORTH,E6482007,St. Brendan Medical Center,EN1006244,Liz,O'Brien,10/26/1974,F,52087,(319) 555-0181,2024-07-11,2024-07-17T00:00:00,INPT,1939494823,"Jackson, William",J44.1,increased cough and wheezing,Cigna,"71,763.87 USD",Paid in Full,2024-08-08T21:14:27Z
EPIC_NORTH,E3756770,St. Brendan's Medical Center,EN1003465,Ashley,Schmidt,1931-07-16,F,53119,(262) 555-0195,11/17/2024,11/19/2024,Obs Stay,1836016109,Dr. Michelle Schmidt,i50.22,"heart failure follow-up, fluid tablets review",Medicare,"5,369.51 USD",CANCELLED,2024-12-06T03:16:56Z
EPIC_NORTH,E6025670,Lakeshore General Hospital,EN1008415,Linda,Wilson,"May 12, 1984",F,54151,(608) 555-0110,2023-01-08,2023-01-08T00:00:00,ED,1809320819,"Nguyen, Chloe",N39.0,fever and cough,Medicaid,$ 1959.46,VOIDED,2023-01-14T08:46:24Z
EPIC_NORTH,E2266138,Maple Grove Pediatrics ,EN1003157,David,O'Brien,11/30/2019,M,53114,(608) 555-0144,2023-11-07,11/07/2023,Out Patient,1895579906,"Davis, Thomas",Z23,flu shot,MEDICAID,1430.81,Paid,2023-11-23T23:29:58Z
EPIC_NORTH,E4744683,Lakeshore General Hospital,EN1007150,Ana,Walker,05/31/1955,F,53205,(262) 555-0182,2023-03-24,2023-03-29,IN-PATIENT,1701079810,"Hall, Linda",N18.6,dialysis follow-up,Medicare - Part B,27312.45,Paid,2023-04-23T19:17:57Z
EPIC_NORTH,E5771544,St. Brendan Medical Center,EN1002193,Omar,Garcia,02/14/1991,M,53271,(414) 555-0139,8/2/2024,08/05/2024,IN-PATIENT,1939494823,"Jackson, William",J45.901,"chest tightness, inhaler not helping",Aetna,"$10,179.49",PAID,2024-08-27T11:21:42Z
EPIC_NORTH,E4397301,Lakeshore Gen Hosp,EN1004139,Omar,O'Brien,02/21/1957,M,53156,(262) 555-0146,07/07/2023,2023-07-10,INPT,1440029787,"Young, Olivia",N18.6,dialysis follow-up,UnitedHealthcare,$ 67986.56,Paid in Full,2023-07-16T04:25:55Z
EPIC_NORTH,E1179760,St. Brendan Medical Center,EN1001595,Aaron,Johnson,1993-10-01T00:00:00,M,54370,(608) 555-0152,01/15/2024,2024-01-15,ED,1229836956,"Nelson, Joshua",J189,confusion and high fever,State Medicaid Plan,904.00,Paid,2024-01-17T04:56:06Z
EPIC_NORTH,E1037934,lakeshore general hospital ,EN1008131,Ryan,Jones,"Mar 22, 1969",M,53106,(414) 555-0164,10/25/2023,2023-10-25,EMERGENCY DEPT,1447294053,"Peterson, Samuel",N18.6,dialysis follow-up,Blue Cross Blue Shield,2250.36,CANCELLED,2023-11-19T18:59:27Z
EPIC_NORTH,E5979529,St. Brendan Medical Center,EN1008370,Rebecca,Taylor,1957-10-18,F,53187,(414) 555-0119,11/3/2023,11/04/2023,ER,1028382228,"Wilson, Chloe","S06.0X0A - Concussion without loss of consciousness, initial encounter",twisted ankle playing basketball,Medicare,1159.55,Paid in Full,2023-11-26T03:30:34Z
EPIC_NORTH,E6342137,Lakeshore General Hospital,EN1003996,Jennifer,Nelson,1933-07-20,F,53189,(608) 555-0174,1/3/2024,01/03/2024,Emergency,1447294053,Dr. Samuel Peterson,"S52.501A - Unspecified fracture of the lower end of right radius, initial encounter for closed fracture","fell on outstretched hand, wrist pain",Medicare - Part B,3526.23,Paid,2024-01-26T13:02:18Z
EPIC_NORTH,E3616597,LAKESHORE GENERAL HOSPITAL,EN1006789,Noah,Wagner,10/31/1965,M,53220,(414) 555-0130,2023-01-01,1/1/2023,ED,1871689760,Dr. Ashley Walker,J44.1,"short of breath, using rescue inhaler more often",MCR,3255.99,Closed - Paid,2023-01-11T07:20:58Z
EPIC_NORTH,E5666530,St. Brendan's Medical Center,EN1001221,Samuel,Young,1982-01-11,M,53796,(262) 555-0123,2024-02-05,2024-02-06,OBS,1771884131,Dr. Karen Thompson,R10.9,fever for two days,Blue Cross Blue Shield,"$12,873.94",Closed - Paid,2024-02-20T19:30:40Z
EPIC_NORTH,E7567600,Maple Grove Pediatrics,EN1000658,Minh,Schultz,05/02/2016,M,53266,(608) 555-0131,13/45/2024,2024-01-08T00:00:00,Telehealth,1895579906,"Davis, Thomas",R50.9,chest pain,BCBS,USD 204.89,Paid in Full,2024-01-18T19:51:36Z
EPIC_NORTH,E9598091,St. Brendan's Medical Center,EN1001609,Kevin,Hall,11/28/1963,M,53292,(608) 555-0161,06/07/2024,2024-06-07,ER,1028382228,"Wilson, Chloe",N18.6,dialysis follow-up,MEDICAID,"$7,623.92  ",PAID,2024-06-22T16:51:20Z
EPIC_NORTH,E9641111,lakeshore general hospital ,EN1004100,Sandra,Johnson,1985-08-01,F,53169,(920) 555-0141,2024-10-04,2024-10-12,INPT,1787680457,Dr. Lisa Moore,I21.9,crushing chest pain spreading to left arm,Cigna,$16.11K,PAID,2024-10-15T10:43:08Z
EPIC_NORTH,E4798841,Lakeshore General Hospital,EN1001038,Ethan,Johnson,1966-11-05,M,53280,(920) 555-0178,2023-02-19,02/20/2023,ER,1447294053,"Peterson, Samuel",S93401A,twisted ankle playing basketball,UHC,"USD 8,362.05",PAID,2023-03-14T23:43:44Z
EPIC_NORTH,E2723317,LAKESHORE GENERAL HOSPITAL,EN1001019,Joshua,Harris,1980-12-28,M,52052,(319) 555-0169,10/19/2024,10/31/2024,INPT,1440029787,"Young, Olivia",N18.6,swelling and reduced urine output,Aetna,$ 57501.45,Paid in Full,2024-11-09T08:05:41Z
EPIC_NORTH,E2598917,ST BRENDAN MED CTR,EN1008581,Jessica,Wagner,"Aug 6, 1984",F,53756,(262) 555-0139,2023-03-10,,OP,1939494823,"Jackson, William",I10,hypertension follow-up,Workers Comp,$484.19,Paid,2023-03-20T10:26:41Z
EPIC_NORTH,E6512509,Lakeshore General,EN1003227,Omar,Brown,1962-11-15,M,54157,(262) 555-0102,2024-11-26T00:00:00,2024-11-26,Observation,1139986982,Dr. Anthony Schmidt,R10.9,abdominal pain since morning,Blue Cross Blue Shield,$ 3387.3,SUBMITTED,2024-12-03T08:15:08Z
EPIC_NORTH,E7371856,Lakeshore Gen Hosp,EN1004435,Rebecca,HERNANDEZ,1966-11-27,F,54346,(414) 555-0182,2024-10-15,,OP,1778486484,Dr. Emily Thomas,E10.9,numbness in both feet,Medicaid,276.02 USD,Paid,2024-11-08T04:27:11Z
EPIC_NORTH,E4733464,Lakeshore General Hospital,EN1008625,Ana,Brown,1947-11-15,F,53157,(262) 555-0104,2023-01-15,2023-01-27,Inpatient,1787680457,Dr. Lisa Moore,E11.65,confusion with very high glucose,MCR,18492.87,Denied,2023-02-20T21:20:42Z
EPIC_NORTH,E7414256,St. Brendan Medical Center,EN1003465,Ashley,Schmidt,1931-07-16,F,53119,(262) 555-0195,11/30/2024,12/06/2024,INPT,1642524775,Dr. Sarah Hall,J18.9,cold symptoms for a week,MEDICARE PART A,10356.19,In Process,2024-12-09T01:31:49Z
EPIC_NORTH,E5748830,St. Brendan Medical Center,EN1001239,Rajesh,Novak,1981-08-05,M,54362,(414) 555-0169,9/7/2023,2023-09-08T00:00:00,OBS,1682052588,"Wright, James",I48.91,palpitations and dizziness,Cigna,"5,554.05 USD",Rejected,2023-09-23T06:40:19Z
EPIC_NORTH,E1918485,Lakeshore General Hospital,EN1001784,Patricia,Lewis,"Nov 19, 1978",F,53112,(262) 555-0116,2023-02-19,2023-02-19,Emergency,1447294053,"Peterson, Samuel",J44.1,"short of breath, using rescue inhaler more often",UHC,9565.49,Paid in Full,2023-02-21T14:07:54Z
EPIC_NORTH,E5868556,Lakeshore General Hospital,EN1000019,Rebecca,Rodriguez,1/31/1973,F,53213,(920) 555-0111,2023-07-27,07/28/2023,Emergency Room,1809320819,"Nguyen, Chloe",r51.9,fever for two days,TRICARE,"USD 4,969.70",Closed - Paid,2023-08-01T06:16:40Z
EPIC_NORTH,E9179335,ST BRENDAN MED CTR,EN1001983,Michelle,LARSON,1944-02-02,F,53736,(608) 555-0163,2024-02-28T00:00:00,,Office Visit,1771884131,"Thompson, Karen", J44.9 ,increased cough and wheezing,Medicare,USD 226.84,Closed - Paid,2024-03-06T17:24:58Z
EPIC_NORTH,E4963504,ST BRENDAN MED CTR,EN1005728,Patricia,Harris,"Nov 23, 1971",F,53726,(920) 555-0116,2023-08-25,08/25/2023,OP,1105218543,"Young, Tyler","J44.9 - Chronic obstructive pulmonary disease, unspecified",increased cough and wheezing,UnitedHealthcare,"$1,641.48",Paid,2023-09-03T23:00:27Z
EPIC_NORTH,E5251832,Lakeshore Gen Hosp,EN1003562,Priya,Lee,02/11/1959,F,54387,(414) 555-0143,2023-05-10,05/10/2023,ER,1447294053,"Peterson, Samuel",I10,blood pressure check,Medicare,10849.60,PAID,2023-05-29T07:30:25Z
EPIC_NORTH,E3963919,Maple Grove Pediatrics,EN1001518,Paul,King,2007-03-01,M,53134,(920) 555-0135,2023-08-16,"Aug 16, 2023",Office Visit,1410646008,"Hernandez, Matthew",Z23,annual physical,TRICARE,$ 342.29,Paid,2023-09-07T23:00:45Z
EPIC_NORTH,E6672591,St. Brendan Medical Center,EN1001221,Samuel,Young,1982-01-11T00:00:00,M,53796,(262) 555-0123,2023-02-17,02/17/2023,ER,1860320807,Dr. Rebecca Schultz,R519,fever for two days,Blue Cross Blue Shield,"$11,640.51",Closed - Paid,2023-03-09T08:46:10Z
EPIC_NORTH,E1138041,St. Brendan Medical Center,EN1001120,Noah,Van Dyke,,M,54136,(262) 555-0194,2023-12-23,12/23/2023,OBS,1008754750,Dr. Katherine Hoffman,R07.9,severe headache,MCR,10130.19,Closed - Paid,2024-01-04T21:09:36Z
EPIC_NORTH,E2145608,Lakeshore General Hospital,EN1002918,Fatima,Olson,1994-12-11,F,53745,(414) 555-0139,2024-05-22,5/23/2024,Emergency Room,1809320819,"Nguyen, Chloe",J45.901,"chest tightness, inhaler not helping",AETNA INC,$2.18K,Paid in Full,2024-05-26T05:52:55Z
EPIC_NORTH,E4051851,Lakeshore General Hospital,EN1008313,Anthony,Olson,1954-11-19,M,54151,(608) 555-0145,2023-03-12,3/17/2023,inpatient admission,1452059979,Dr. Thomas Williams,J18.9,burning on urination,MCR,,Closed - Paid,2023-03-31T09:56:59Z
EPIC_NORTH,E4790780,Lakeshore General Hospital,EN1000535,Laura,Nguyen,1976-08-15,F,53124,(608) 555-0197,09/14/2024,2024-09-14,Emergency Room,1447294053,"Peterson, Samuel",j44.1,"short of breath, using rescue inhaler more often",Blue Cross Blue Shield,"$3,272.13",PAID,2024-09-24T01:23:45Z
EPIC_NORTH,E4702716,Lakeshore General Hospital,EN1000857,Joseph,Wright,1986-06-09,M,53202,(608) 555-0116,2024-11-02,11/08/2024,IP,1139986982,"Schmidt, Anthony",N18.6,"missed dialysis session, feeling weak",UHC,"$35,224.47  ",CANCELLED,2024-11-24T15:34:04Z
EPIC_NORTH,E8658745,Maple Grove Pediatrics,EN1001671,Linda,Mueller,"Jun 26, 2020",F,53142,(608) 555-0190,01/31/2024,2024-01-31,OP,1895579906,"Davis, Thomas",Z23,well child visit,Medicaid,$752.63,Paid,2024-02-13T21:10:52Z
EPIC_NORTH,E3240381,Maple Grove Pediatrics,EN1000447,Olivia,Clark,2009-06-29,F,54359,(414) 555-0177,06/10/2024,,Office Visit,1410646008,Dr. Matthew Hernandez,j06.9,confusion and high fever,Cigna,$376.40  ,Closed - Paid,2024-06-16T18:44:07Z
EPIC_NORTH,E3422915,Lakeshore General,EN1004371,Katherine,Harris,1960-01-22,F,53106,(920) 555-0135,06/09/2024,,Clinic Visit,1984162291,"Hansen, Brian",E11.22,diabetic follow-up and medication refill,Blue Cross Blue Shield,$ 336.39,Paid,2024-06-28T12:56:45Z
EPIC_NORTH,E4098899,lakeshore general hospital ,EN1003773,Priya,Hansen,1945-09-07,F,54103,(262) 555-0157,11/8/2023,11/20/2023,Inpatient,1309114175,"King, Hannah",J44.1,increased cough and wheezing,MCR,"8,212.21 USD",Paid in Full,2023-12-14T14:31:11Z
EPIC_NORTH,E9273493,Lakeshore General,EN1006936,Laura,Clark,1994-01-15,F,53757,(414) 555-0157,2023-11-02,,Out Patient,1787680457,Dr. Lisa Moore,M5450,knee pain worse on stairs,MEDICAID,"$1,011.33",PAID,2023-11-18T14:06:45Z
EPIC_NORTH,E7128259,Maple Grove Pediatrics ,EN1007739,Hannah,Rodriguez,"Nov 15, 2015",F,53270,(414) 555-0117,"Oct 3, 2024",,Outpatient,1895579906,"Davis, Thomas",Z23,well child visit,BadgerCare Plus,$459.98,Paid,2024-10-10T14:53:00Z
EPIC_NORTH,E8304194,St. Brendan Medical Center,EN1004916,Elizabeth,Williams,1979-02-24,F,53272,(414) 555-0186,07/16/2024,07/16/2024,Emergency,1028382228,"Wilson, Chloe",R079,fever for two days,UHC,"$1,916.78",Paid,2024-08-10T23:34:00Z
EPIC_NORTH,E7575638,St. Brendan Medical Center,EN1006483,Daniel,Novak,05/25/1977,M,54131,(414) 555-0133,4/19/2023,04/30/2023,INPT,1105218543,Dr. Tyler Young,I50.9,"unable to lie flat at night, ankle edema",BCBS,"43,806.63 USD",Paid in Full,2023-05-08T17:15:55Z
EPIC_NORTH,E8359780,St. Brendan Medical Center,EN1007670,JACOB,MARTINEZ,1948-08-31,M,52497,(563) 555-0180,05/13/2023,5/17/2023,inpatient admission,1939494823,Dr. William Jackson,E11.65,diabetic follow-up and medication refill,MEDICARE PART A,"$10,391.35",PAID,2023-06-06T14:26:33Z
EPIC_NORTH,E1784453,Lakeshore General Hospital,EN1001521,Omar,Becker,8/11/1954,M,53173,(414) 555-0147,2023-05-27,2023-05-27,Emergency Room,1447294053,"Peterson, Samuel",R10.9 - Unspecified abdominal pain,chest pain,Medicare - Part B,774.10 USD,Paid,2023-05-31T04:32:20Z
EPIC_NORTH,E8830212,St. Brendan's Medical Center,EN1003852,Sarah,Nguyen,1960-03-21,F,53134,(414) 555-0150,10/02/2024,10/02/2024,Emergency,1229836956,Dr. Joshua Nelson,S93.401A,twisted ankle playing basketball,UnitedHealthcare,"$9,305.67  ",Closed - Paid,2024-10-07T02:36:29Z
EPIC_NORTH,E7142769,LAKESHORE GENERAL HOSPITAL,EN1008656,Fatima,Nguyen,1955-03-08,F,53219,(262) 555-0122,11/15/2024,11/16/2024,Emergency Room,1871689760,"Walker, Ashley",J44.1,productive cough with low oxygen readings at home,Medicare,$642.25,PAID,2024-11-23T16:53:32Z
EPIC_NORTH,E5183398,Lakeshore Gen Hosp,EN1007377,Elizabeth,Taylor,"Sep 21, 1966",F,53150,(414) 555-0146,07/27/2024,2024-07-28,EMERGENCY DEPT,1447294053,"Peterson, Samuel",r07.9,abdominal pain since morning,State Medicaid Plan,1858.45,Paid,2024-08-19T01:24:42Z
EPIC_NORTH,E5506070,Lakeshore General Hospital,EN1001302,Chloe,Thompson,02/22/1968,F,53293,(262) 555-0127,2023-08-20,2023-08-31,Inpatient,1452059979,"Williams, Thomas",J18.9,fever and cough,BCBS,57150.52,Paid,2023-09-24T13:06:09Z
EPIC_NORTH,E3891716,St. Brendan Medical Center,EN1001656,Margaret,Williams,1980-07-03,F,53220,(414) 555-0123,01/17/2023,"Jan 28, 2023",INPT,1105218543,"Young, Tyler", N17.9 ,"very little urine output, nausea",BCBS,9188.82,PAID,2023-02-03T14:25:07Z
EPIC_NORTH,E2195944,St. Brendan Medical Center,EN1001629,Sandra,Jackson,06/24/1961,F,53736,(608) 555-0170,2023-11-21,11/22/2023,inpatient admission,1682052588,"Wright, James",I21.9,palpitations and dizziness,MEDICAID,12476.10,Rejected,2023-12-01T15:27:49Z
EPIC_NORTH,E6359259,Lakeshore General Hospital,EN1002918,Fatima,Olson,"Dec 11, 1994",F,53745,(414) 555-0139,2023-04-17,04/17/2023,EMERGENCY DEPT,1447294053,"Peterson, Samuel",s52.501a,head injury after a fall,UnitedHealthcare,"$7,433.75",Denied,2023-04-27T03:49:59Z
EPIC_NORTH,E1053122,St. Brendan's Medical Center,EN1002193,Omar,Garcia,1991-02-14T00:00:00,M,53271,(414) 555-0139,2024-08-13,2024-08-13,ER,1028382228,"Wilson, Chloe",J45901,wheezing at night,CIGNA HEALTH,"$3,581.45",Closed - Paid,2024-09-06T07:02:22Z
EPIC_NORTH,E2634567,Lakeshore General Hospital,EN1003889,Carlos,Harris,1946-12-11,M,53154,(262) 555-0124,02/01/2023,2/7/2023,IP,1778486484,Dr. Emily Thomas,E11.65,confusion with very high glucose,MCR,11940.79,Closed - Paid,2023-02-13T17:04:48Z
EPIC_NORTH,E2067261,St Brendan Medical Center,EN1006483,Daniel,Novak,05/25/1977,M,54131,(414) 555-0133,2023-04-11,04/16/2023,IN-PATIENT,1642524775,"Hall, Sarah",a41.9,cold symptoms for a week,UnitedHealthcare,"42,343.80 USD",PAID,2023-05-06T19:32:28Z
EPIC_NORTH,E1076984,LAKESHORE GENERAL HOSPITAL,EN1004987,Joseph,Hernandez,11/18/1983,M,53288,(920) 555-0192,2023-10-31,10/31/2023,Observation,1440029787,Dr. Olivia Young, N18.6 ,dialysis follow-up,Cigna,8876.44,Paid,2023-11-16T16:05:43Z
EPIC_NORTH,E5806147,St. Brendan Medical Center,EN1003052,Mary,O'Brien,1974-06-27T00:00:00,F,53180,(262) 555-0107,2023-12-17,2023-12-16,Emergency,1028382228,"Wilson, Chloe",R519,fever for two days,Medicaid,"$4,817.08",PAID,2023-12-20T07:55:43Z
EPIC_NORTH,E3751514,St Brendan Medical Center,EN1008581,Jessica,Wagner,08/06/1984,F,53756,(262) 555-0139,"Jul 12, 2024","Jul 12, 2024",Observation,1682052588,"Wright, James",I48.91,palpitations and dizziness,TRICARE,"$4,731.06",Cancelled,2024-07-28T20:26:39Z
EPIC_NORTH,E4426066,St. Brendan Medical Center,EN1003545,William,Williams,11/03/1986,M,52445,(319) 555-0181,2024-07-11,2024-07-12,IP,1129110288,"Jensen, Susan",I50.22,"worsening breathlessness on exertion, weight up 3 kg",Blue Cross Blue Shield,44713.19,PAID,2024-07-30T04:22:59Z
EPIC_NORTH,E1629266,Maple Grove Pediatrics,EN1008545,Jacob,Wilson,2021-12-16,M,54186,(262) 555-0127,2024-07-15,2024-07-15T00:00:00,Office Visit,1895579906,Dr. Thomas Davis,J06.9,cold symptoms for a week,State Medicaid Plan,$248.12,Denied,2024-08-05T04:00:10Z
EPIC_NORTH,E2625926,Lakeshore General Hospital,EN1000477,Rajesh,Jones,1988-05-17,M,54194,(920) 555-0104,06/08/2023,,Outpatient,1984162291,"Hansen, Brian",E11.9,high blood sugar readings at home,UHC,$548.15,Paid in Full,2023-07-01T18:41:18Z
EPIC_NORTH,E8506297,Maple Grove Pediatrics,EN1004854,Joshua,Garcia-Lopez,"Dec 20, 2010",M,54381,(920) 555-0169,2024-03-04,03/04/2024,Office Visit,1615846455,"O'Brien, Nancy",J06.9,burning on urination,Aetna,USD 146.02,Closed - Paid,2024-03-05T07:19:43Z
EPIC_NORTH,E5880229,Lakeshore Gen Hosp,EN1004371,Katherine,Harris,"Jan 22, 1960",F,53106,(920) 555-0135,2023-10-26T00:00:00,"Oct 26, 2023",Observation,1787680457,"Moore, Lisa",N18.6,"missed dialysis session, feeling weak",AETNA INC,"6,186.44 USD",Paid in Full,2023-11-14T05:50:16Z
EPIC_NORTH,E6257019,Lakeshore Gen Hosp,EN1003602,Olivia,Mueller,1969-11-20,F,54123,(414) 555-0182,2023-01-08,01/13/2023,IN-PATIENT,1309114175,"King, Hannah", I50.9 ,"unable to lie flat at night, ankle edema",CIGNA HEALTH,$14.69K,Closed - Paid,2023-02-04T01:13:22Z
EPIC_NORTH,E2540543,Lakeshore Gen Hosp,EN1003770,Rajesh,WAGNER,"Sep 17, 1973",M,53763,(262) 555-0108,2024-07-02,07/06/2024,inpatient admission,153645568,"Kowalski, Noah",I10,blood pressure check,BadgerCare Plus,$9.14K,Paid,2024-07-29T22:53:38Z
EPIC_NORTH,E7276207,lakeshore general hospital ,EN1001698,Linda,Brown,7/3/1939,F,53772,(262) 555-0195,06/04/2024,06/15/2024,INPT,1536455680,Dr. Noah Kowalski,I48.91,crushing chest pain spreading to left arm,TRICARE,8557.08,Paid,2024-06-23T04:32:06Z
EPIC_NORTH,E3666644,Lakeshore Gen Hosp,EN1002704,Mary,Miller,04/02/1951,F,53213,(262) 555-0145,05/20/2023,05/31/2023,inpatient admission,1536455680,Dr. Noah Kowalski, I50.22 ,"unable to lie flat at night, ankle edema",Medicare,"$68,875.24  ",Paid in Full,2023-06-11T10:01:24Z
EPIC_NORTH,E7160926,St. Brendan Medical Center,EN1005398,Ethan,Johnson,5/23/1974,M,54335,(414) 555-0173,2023-06-11,2023-06-12,ER,1028382228,"Wilson, Chloe",J44.1,"short of breath, using rescue inhaler more often",State Medicaid Plan,"$2,336.01",Paid,2023-06-19T17:46:27Z
EPIC_NORTH,E3226035,Maple Grove Pediatrics,EN1004827,Joseph,Clark,2007-02-04,M,53124,(414) 555-0170,"Dec 20, 2023",,OTHER,1541465906,"Johnson, Samuel", J06.9 ,confusion and high fever,AETNA INC,"USD 1,528.90",PAID,2023-12-24T03:12:30Z
EPIC_NORTH,E1436304,Maple Grove Pediatrics ,EN1001262,Steven,Hoffman,2019-02-19,M,53166,(920) 555-0108,2024-05-05T00:00:00,2024-05-05T00:00:00,Out Patient,1895579906,Dr. Thomas Davis,J06.9,sore throat and fever,IA Medicaid,$282.02  ,Paid in Full,2024-05-26T16:57:59Z
EPIC_NORTH,E8046303,St. Brendan Medical Center,EN1005596,Hannah,Kowalski,1955-06-12,F,53216,(920) 555-0146,2023-04-15,,Office Visit,1939494823,"Jackson, William",Z00.00,well child visit,Medicare,$ 127.41,Closed - Paid,2023-04-16T18:51:22Z
EPIC_NORTH,E5873258,St. Brendan Medical Center,EN1000561,Minh,Martin,1965-06-11,M,54311,(608) 555-0183,07/11/2024,2024-07-11,ED,1229836956,"Nelson, Joshua",N18.6,"missed dialysis session, feeling weak",Tricare,"$5,424.76",PAID,2024-07-23T12:00:42Z
EPIC_NORTH,E1368281,Lakeshore Gen Hosp,EN1006045,Grace,Brown,11/10/1967,F,54331,(414) 555-0153,10/07/2024,,Office Visit,1701079810,"Hall, Linda",R10.9,severe headache,Aetna,$336.20,Paid,2024-10-13T18:53:44Z
EPIC_NORTH,E6063514,Lakeshore General Hospital,EN1007148,Brian,Lopez,1976-07-25,M,54354,(608) 555-0104,8/29/2023,2023-08-30,Emergency Room,1871689760,Dr. Ashley Walker,I10,headache with elevated blood pressure,State Medicaid Plan,$621.60,Paid,2023-09-02T04:24:05Z
EPIC_NORTH,E4905569,Lakeshore General Hospital,EN1003221,Steven,Lopez,12/04/1981,M,53731,(262) 555-0140,2024-11-04,11/10/2024,IP,1536455680,"Kowalski, Noah", I63.9 ,sudden weakness on one side,Medicaid,"$91,793.30",Paid,2024-11-23T20:24:52Z
EPIC_NORTH,E6909317,Lakeshore General Hospital,EN1003429,Mei,Lopez,09/18/1974,F,53793,(920) 555-0198,2024-05-21,05/21/2024,Emergency Room,1447294053,Dr. Samuel Peterson,S93.401A,"fell on outstretched hand, wrist pain",BCBS,$ 10473.28,Closed - Paid,2024-06-05T17:46:11Z
EPIC_NORTH,E7050367,Lakeshore General Hospital,EN1003126,Ashley,HARRIS,05/19/1950,F,53273,(920) 555-0188,2023-08-03,8/7/2023,IP,1452059979,"Williams, Thomas",K21.9,sudden weakness on one side,Medicare - Part B,"$10,203.50  ",PAID,2023-08-13T13:34:49Z
EPIC_NORTH,E1678743,LAKESHORE GENERAL HOSPITAL,EN1002704,Mary,Miller,1951-04-02,F,53213,(262) 555-0145,05/05/2024,,Office Visit,1440029787,"Young, Olivia",I5022,"worsening breathlessness on exertion, weight up 3 kg",Medicare,494.58 USD,PAID,2024-05-14T22:54:31Z
EPIC_NORTH,E2230857,Lakeshore General Hospital,EN1007837,Matthew,O'Brien,2005-12-08,M,54187,(608) 555-0111,2023-05-30,2023-06-03,IP,1309114175,Dr. Hannah King,J45.901,asthma flare after a cold,Tricare,"$79,454.39",Closed - Paid,2023-06-20T04:53:09Z
EPIC_NORTH,E2030659,St. Brendan Medical Center,EN1002671,Jacob,Clark,1951-12-20,M,53117,(920) 555-0164,"Jan 28, 2024",2024-01-29T00:00:00,Emergency,1229836956,"Nelson, Joshua","R07.9 - Chest pain, unspecified",severe headache,Medicare - Part B,USD 762.51,PAID,2024-02-11T06:05:57Z
EPIC_NORTH,E1187070,Lakeshore Gen Hosp,EN1000351,Fatima,King,06/14/1963,F,52407,(319) 555-0160,11/09/2023,,OP,1440029787,"Young, Olivia",M54.50,joint stiffness in the morning,Aetna,USD 247.08,CANCELLED,2023-11-26T17:06:36Z
EPIC_NORTH,E6200045,Lakeshore General Hospital,EN1007371,Ethan E,King,2/17/1961,M,53113,(608) 555-0178,2023-05-16,2023-05-17,Inpatient,1139986982,Dr. Anthony Schmidt,I509,"heart failure follow-up, fluid tablets review",Blue Cross Blue Shield,$ 60267.4,Closed - Paid,2023-05-31T08:54:37Z
EPIC_NORTH,E2251636,St. Brendan Medical Center,EN1002704,Mary,Miller,1951-04-02,F,53213,(262) 555-0145,06/06/2023,06/16/2023,inpatient admission,1771884131,"Thompson, Karen",I509,"heart failure follow-up, fluid tablets review",Medicare,21027.05,Closed - Paid,2023-07-10T11:52:06Z
EPIC_NORTH,E3142831,MAPLE GROVE PEDS,EN1000764,Barbara,Garcia,2017-06-10,F,53753,(920) 555-0105,"Jul 19, 2023",,Outpatient,1615846452,"O'Brien, Nancy",Z00.129,well child visit,State Medicaid Plan,393.80,Denied,2023-07-27T03:47:02Z
EPIC_NORTH,E6582407,St. Brendan Medical Center,EN1002471,RYAN,PATEL,"Dec 8, 1981",M,52470,(563) 555-0115,02/01/2023,,Clinic Visit,1771884131,"Thompson, Karen",M54.50,joint stiffness in the morning,Blue Cross Blue Shield,431.34,Paid in Full,2023-02-18T19:56:53Z
EPIC_NORTH,E5825829,Maple Grove Pediatrics ,EN1001053,Luis,Jones,2013-04-06,M,54175,(414) 555-0126,2023-05-11,,Out Patient,1895579906,Dr. Thomas Davis,R50.9,chest pain,State Medicaid Plan,$312.22,PAID,2023-05-12T22:06:19Z
EPIC_NORTH,E4956421,St. Brendan Medical Center,EN1004139,Omar,O'Brien,2/21/1957,M,53156,(262) 555-0146,08/16/2023,,Out Patient,1105218543,Dr. Tyler Young,Z00.00,well child visit,UnitedHealthcare,"$2,243.89",Denied,2023-08-17T18:56:41Z
EPIC_NORTH,E4011473,St. Brendan Medical Center,EN1008581,Jessica,Wagner,1984-08-06,F,53756,(262) 555-0139,2024-02-28,03/06/2024,IP,1008754750,"Hoffman, Katherine",I10 - Essential (primary) hypertension,blood pressure check,TRICARE,8188.23,PAID,2024-03-07T11:44:32Z
EPIC_NORTH,E1476291,St. Brendan Medical Center,EN1002671,Jacob,Clark,1951-12-20,M,53117,(920) 555-0164,2023-05-26,05/26/2023,Emergency,1028382228,Dr. Chloe Wilson,I10,hypertension follow-up,MEDICARE PART A,$829.77,Closed - Paid,2023-06-14T02:09:02Z
EPIC_NORTH,E5965010,Lakeshore General Hospital,EN1003602,Olivia,Mueller,1969-11-20T00:00:00,F,54123,(414) 555-0182,2023-01-29,02/08/2023,inpatient admission,1536455680,Dr. Noah Kowalski,I50.9,shortness of breath and leg swelling for several days,BCBS,"$82,787.87",VOIDED,2023-02-21T06:07:15Z
EPIC_NORTH,E4522050,Lakeshore General Hospital,EN1004383,Kevin,Brown,1982-11-21,M,53279,(920) 555-0173,2024-08-22T00:00:00,2024-08-23,ER,1871689760,Dr. Ashley Walker,J44.1,increased cough and wheezing,Blue Cross Blue Shield,"$1,794.70  ",Closed - Paid,2024-08-30T16:08:12Z
EPIC_NORTH,E1238723,St Brendan Medical Center,EN1006143,James,Wright,1944-09-01,M,54388,(262) 555-0137,"Jul 16, 2024",7/17/2024,OBS,1008754750,Dr. Katherine Hoffman,R10.9,chest pain,MEDICARE PART A,"4,347.93 USD",Void,2024-07-19T03:18:14Z
EPIC_NORTH,E7381513,Lakeshore General Hospital,EN1001019,Joshua,Harris,"Dec 28, 1980",M,52052,(319) 555-0169,"Oct 7, 2024",2024-10-17T00:00:00,Inpatient,1472671472,Dr. Mei Olson,I10,hypertension follow-up,UnitedHealthcare,"$13,096.38",PAID,2024-11-03T01:49:26Z
EPIC_NORTH,E7094056,St. Brendan Medical Center,EN1006483,Daniel,Novak,05/25/1977,M,54131,(414) 555-0133,"Jun 20, 2023",06/20/2023,Emergency,1860320807,"Schultz, Rebecca", I50.9 ,"unable to lie flat at night, ankle edema",AETNA INC,"$3,464.13",Paid,2023-07-01T18:46:24Z
EPIC_NORTH,E9722443,Lakeshore General Hospital,EN1007837,Matthew,O'Brien,12/08/2005,M,54187,(608) 555-0111,12/05/2023,2023-12-15,INPT,1787680457,"Moore, Lisa",J45.901 - Unspecified asthma with (acute) exacerbation,asthma flare after a cold,Workers Comp,"$60,802.09",Closed - Paid,2024-01-04T10:49:07Z
EPIC_NORTH,E6688063,Lakeshore General Hospital,EN1003221,Steven,Lopez,1981-12-04,M,53731,(262) 555-0140,"Feb 5, 2024",02/06/2024,inpatient admission,1472671472,"King, Mei", J44.1 ,increased cough and wheezing,IA Medicaid,"$17,281.45  ",Closed - Paid,2024-02-22T11:54:09Z
EPIC_NORTH,E7037141,Lakeshore General Hospital,EN1005268,Joseph,Hoffman,1983-12-28,M,54120,(414) 555-0151,2023-06-29,7/3/2023,inpatient admission,1787680457,Dr. Lisa Moore,N17.9,"very little urine output, nausea",BCBS,"$47,092.81",Paid in Full,2023-07-18T11:32:34Z
EPIC_NORTH,E7833977,Maple Grove Pediatrics,EN1000447,Olivia,Clark,2009-06-29,F,54359,(414) 555-0177,2023-06-12T00:00:00,,Office Visit,1541465906,"Johnson, Samuel",R50.9,severe headache,CIGNA HEALTH,$167.01,Paid in Full,2023-07-03T04:19:01Z
EPIC_NORTH,E6555779,Lakeshore General,EN1006483,Daniel,Novak,1977-05-25,M,54131,(414) 555-0133,2023-04-16T00:00:00,4/23/2023,IP,1309114175,"King, Hannah",I50.9,"heart failure follow-up, fluid tablets review",BCBS,16439.72,Paid,2023-05-10T00:25:52Z
EPIC_NORTH,E5302906,Lakeshore General,EN1000351,Fatima,King,1963-06-14,F,52407,(319) 555-0160,2023-10-05,2023-10-07T00:00:00,Observation,1139986982,"Schmidt, Anthony",I48.91,crushing chest pain spreading to left arm,Aetna,$9.41K,Closed - Paid,2023-10-08T04:46:51Z
EPIC_NORTH,E2343053,LAKESHORE GENERAL HOSPITAL,EN1001381,James,Lee,07/14/1979,M,53750,(262) 555-0108,2024-06-05,2024-06-15,IN-PATIENT,1139986982,"Schmidt, Anthony",I10,blood pressure check,BCBS,53600.56,Paid,2024-06-20T15:29:59Z
EPIC_NORTH,E8852457,ST BRENDAN MED CTR,EN1005029,Hannah,Moore,04/23/1948,F,54166,(920) 555-0163,"Apr 25, 2024",2024-04-25,Obs Stay,1682052588,"Wright, James",E11.65,high blood sugar readings at home,MEDICARE PART A,$9.01K,Closed - Paid,2024-05-03T11:51:42Z
EPIC_NORTH,E6466118,Lakeshore General Hospital,EN1006503,Jennifer,Mueller,06/03/1948,F,53238,(608) 555-0145,2024-09-14,2024-09-14,EMERGENCY DEPT,1860320807,Dr. Rebecca Schultz,N39.0,fever and cough,MEDICARE PART A,$ 2328.22,Denied,2024-10-05T18:46:51Z
EPIC_NORTH,E7766784,Lakeshore General,EN1008634,William,Miller,"Mar 14, 1982",M,53154,(608) 555-0138,2024-05-22,2024-05-26,inpatient admission,1139986982,Dr. Anthony Schmidt,E11.65,high blood sugar readings at home,BCBS,"$24,722.65",PAID,2024-06-16T09:17:08Z
EPIC_NORTH,E3037757,Lakeshore General Hospital,EN1005731,Laura,Wilson,1983-03-02,F,54115,(920) 555-0194,2024-11-23,12/03/2024,INPT,1440029787,Dr. Olivia Young,I21.9,crushing chest pain spreading to left arm,Blue Cross Blue Shield,44892.26,Submitted,2024-12-11T13:17:41Z
EPIC_NORTH,E2972133,St. Brendan Medical Center,EN1004211,Samuel,Johnson,1988-05-07,M,53737,(920) 555-0108,2023-07-08T00:00:00,,Office Visit,,"Young, Tyler",E10.9,diabetic follow-up and medication refill,IA Medicaid,USD 345.72,Void,2023-07-25T23:36:48Z
EPIC_NORTH,E9755638,Lakeshore General Hospital,EN1002014,Brian,White,12/31/1989,M,53798,(608) 555-0198,08/17/2024,08/17/2024,ED,1871689760,"Walker, Ashley",G47.33,"fell on outstretched hand, wrist pain",Medicare,$857.58,PAID,2024-09-01T04:37:25Z
EPIC_NORTH,E4458277,St. Brendan Medical Center,EN1005728,Patricia,Harris,1971-11-23,F,53726,(920) 555-0116,2023-08-17,08/18/2023,Emergency,1028382228,Dr. Chloe Wilson,J44.1,productive cough with low oxygen readings at home,CIGNA HEALTH,"USD 2,142.10",Closed - Paid,2023-09-07T13:09:18Z
EPIC_NORTH,E6331969,Lakeshore General Hospital,EN1002898,Emily,Hernandez,"Feb 13, 1975",F,53201,(608) 555-0159,2023-02-26,2023-02-26T00:00:00,EMERGENCY DEPT,1447294053,Dr. Samuel Peterson,R51.9,severe headache,Aetna,"USD 2,017.58",PAID,2023-02-27T21:52:19Z
EPIC_NORTH,E1891021,St. Brendan Medical Center,EN1007856,Ashley,Novak,1945-07-15,F,54127,(262) 555-0199,2023-07-14,2023-07-15T00:00:00,EMERGENCY DEPT,1229836956,"Nelson, Joshua",J44.1 - Chronic obstructive pulmonary disease with (acute) exacerbation,"short of breath, using rescue inhaler more often",MEDICARE PART A,"$8,067.74",Paid in Full,2023-08-08T22:23:02Z
EPIC_NORTH,E5776964,LAKESHORE GENERAL HOSPITAL,EN1003097,Katherine,Clark,"May 22, 1976",F,53162,(920) 555-0107,09/15/2023,09/17/2023,OBS,1139986982,Dr. Anthony Schmidt,N18.6 - End stage renal disease,swelling and reduced urine output,Aetna,"14,994.50 USD",CANCELLED,2023-10-12T07:02:00Z
EPIC_NORTH,E6641028,St. Brendan Medical Center,EN1002268,Luis,Van Dyke,11/19/1956,M,53101,(262) 555-0140,07/29/2024,7/30/2024,ER,1028382228,"Wilson, Chloe",i10,headache with elevated blood pressure,Aetna,"USD 4,669.51",Paid in Full,2024-08-12T07:52:52Z
EPIC_NORTH,E4355532,Lakeshore General Hospital,EN1003889,Carlos,Harris,12/11/1946,M,53154,(262) 555-0124,2024-04-24,"Apr 24, 2024",OP,1440029787,"Young, Olivia",N18.6,dialysis follow-up,MCR,"USD 2,097.51",Closed - Paid,2024-05-13T17:02:51Z
EPIC_NORTH,E9059451,St. Brendan Medical Center,EN1001609,Kevin,Hall,1963-11-28,M,53292,(608) 555-0161,9/3/2024,"Sep 4, 2024",Obs Stay,1642524775,"Hall, Sarah",n18.6,dialysis follow-up,MEDICAID,"3,400.63 USD",DENIED,2024-09-25T19:55:51Z
EPIC_NORTH,E5693211,LAKESHORE GENERAL HOSPITAL,EN1005577,Joseph,Jackson,09/27/1960,M,53152,(920) 555-0142,03/02/2024,,Office Visit,1440029787,"Young, Olivia",Z00.00 - Encounter for general adult medical examination without abnormal findings,annual physical,UnitedHealthcare,347.16 USD,Paid in Full,2024-03-03T23:19:49Z
EPIC_NORTH,E8494518,St. Brendan Medical Center,EN1004050,Tyler,Young,1954-10-22,M,53799,(414) 555-0117,6/24/2024,2024-06-24,EMERGENCY DEPT,1028382228,Dr. Chloe Wilson,"J18.9 - Pneumonia, unspecified organism",burning on urination,Medicare,$624.95,Closed - Paid,2024-07-06T18:36:46Z
EPIC_NORTH,E2217239,St Brendan Medical Center,EN1001765,Jessica,Jones,1984-08-25T00:00:00,F,53275,(414) 555-0162,07/26/2024,"Jul 28, 2024",inpatient admission,1105218543,"Young, Tyler",A41.9,confusion and high fever,Cigna,16254.22,Paid,2024-08-12T16:55:45Z
EPIC_NORTH,E3113204,Lakeshore General Hospital,EN1005268,Joseph,Hoffman,1983-12-28T00:00:00,M,54120,(414) 555-0151,2023-10-23T00:00:00,10/24/2023,ED,1871689760,"Walker, Ashley",I10,headache with elevated blood pressure,Blue Cross Blue Shield,3007.70,Denied,2023-11-03T06:24:08Z
EPIC_NORTH,E5427420,St. Brendan Medical Center,EN1003086,Joseph,Kowalski,1977-09-19,M,53108,(262) 555-0199,"Apr 18, 2024",04/19/2024,IN-PATIENT,1642524775,Dr. Sarah Hall,I21.9,crushing chest pain spreading to left arm,AETNA INC,16354.03,Paid,2024-05-06T11:29:13Z
EPIC_NORTH,E6291931,Lakeshore General Hospital,EN1000402,James,Novak,1948-01-29,M,53193,(414) 555-0184,2024-03-03,"Mar 3, 2024",ED,1447294053,Dr. Samuel Peterson,N18.6,swelling and reduced urine output,MCR,"USD 4,999.99",Paid,2024-03-05T13:45:30Z
EPIC_NORTH,E1170154,Saint Brendan Medical Center,EN1006483,Daniel,Novak,1977-05-25,M,54131,(414) 555-0133,2024-10-02,2024-10-02,Observation,1771884131,"Thompson, Karen",I48.91,palpitations and dizziness,CIGNA HEALTH,"USD 7,838.58",Closed - Paid,2024-10-11T11:11:04Z
EPIC_NORTH,E4079148,Lakeshore General Hospital,EN1007330,Noah,Hansen,08/18/1960,M,53213,(414) 555-0193,11/05/2024,2024-11-06,Emergency,1871689760,"Walker, Ashley",I50.22,"heart failure follow-up, fluid tablets review",MEDICAID,"USD 2,899.49",PAID,2024-11-07T02:40:47Z
EPIC_NORTH,E9710701,Lakeshore Gen Hosp,EN1003602,Olivia,Mueller,1969-11-20,F,54123,(414) 555-0182,2024-04-14,04/14/2024,ED,1871689760,"Walker, Ashley",I50.22,shortness of breath and leg swelling for several days,CIGNA HEALTH,N/A,Closed - Paid,2024-05-07T17:08:28Z
EPIC_NORTH,E9740432,Lakeshore General Hospital,EN1000895,Luis,Hernandez,1960-05-14T00:00:00,M,53128,(608) 555-0180,2024-11-24,"Nov 26, 2024",IP,1452059979,"Williams, Thomas",I50.22,"worsening breathlessness on exertion, weight up 3 kg",AETNA INC,"USD 91,497.31",In Process,2024-11-30T23:54:58Z
EPIC_NORTH,E6481400,Saint Brendan Medical Center,EN1004415,Mark S,Lopez,1960-10-19,M,54313,(414) 555-0183,2023-06-21,"Jun 22, 2023",OBS,1008754750,"Hoffman, Katherine",I48.91,crushing chest pain spreading to left arm,AETNA INC,"USD 4,351.53",Paid in Full,2023-07-04T10:56:14Z
EPIC_NORTH,E9585068,St. Brendan's Medical Center,EN1006280,Mei,Young,1964-11-12,F,53276,(262) 555-0149,2023-03-08,3/9/2023,IP,1008754750,Dr. Katherine Hoffman,I639,slurred speech and facial droop,SELFPAY,"$9,385.06",PAID,2023-03-22T08:32:55Z
EPIC_NORTH,E4401601,Lakeshore General Hospital,EN1008260,Ethan,Patel,05/03/1970,M,53164,(920) 555-0112,2023-05-29,"Jun 4, 2023",inpatient admission,1778486484,"Thomas, Emily",e11.65,fatigue and excessive thirst,Medicare,$64.26K,PAID,2023-06-12T00:56:33Z
EPIC_NORTH,E5581606,St Brendan Medical Center,EN1006483,Daniel,Novak,"May 25, 1977",M,54131,(414) 555-0133,2024-06-29,2024-06-29,Observation,1771884131,Dr. Karen Thompson,R10.9,severe headache,CIGNA HEALTH,"$5,807.52",Paid in Full,2024-07-04T00:08:36Z
EPIC_NORTH,E6055170,Lakeshore General Hospital,EN1008634,William,Miller,03/14/1982,M,53154,(608) 555-0138,12/28/2023,2024-01-03,IP,1139986982,"Schmidt, Anthony",N18.6,kidney function review - callback (608) 555-0138,UHC,"22,585.05 USD",PAID,2024-01-13T19:57:32Z
EPIC_NORTH,E1006227,St. Brendan Medical Center,EN1006079,Emily,Lopez,05/22/1979,F,53795,(920) 555-0107,2023-08-21,2023-08-21T00:00:00,ED,1860320807,"Schultz, Rebecca",R07.9,fever for two days,Aetna,"$10,915.63",Closed - Paid,2023-09-13T20:04:25Z
EPIC_NORTH,E6279642,St. Brendan Medical Center,EN1005398,Ethan,Johnson,1974-05-23,M,54335,(414) 555-0173,2023-05-16,2023-05-22T00:00:00,IN-PATIENT,1939494823,"Jackson, William",N17.9,"very little urine output, nausea",BadgerCare Plus,"$13,160.33",Paid,2023-06-03T00:27:49Z
EPIC_NORTH,E8646716,Lakeshore General Hospital,EN1007150,Ana,Walker,05/31/1955,F,53205,(262) 555-0182,09/23/2024,2024-09-23,Emergency,1871689760,"Walker, Ashley",N18.6,dialysis follow-up,Medicare,"$2,194.60  ",PAID,2024-10-04T21:47:56Z
EPIC_NORTH,E8985975,Lakeshore General Hospital,EN1002993,Hannah,Jensen,1963-07-31,F,53156,(920) 555-0128,10/29/2024,2024-11-09,inpatient admission,1552182481,Dr. Nancy Kowalski,A41.9,cold symptoms for a week,Workers Comp,$20.65K,PAID,2024-12-01T07:42:23Z
EPIC_NORTH,E4953245,Lakeshore General Hospital,EN1003602,Olivia,Mueller,1969-11-20,F,54123,(414) 555-0182,5/28/2023,06/01/2023,IN-PATIENT,1452059979,"Williams, Thomas",I50.9,"unable to lie flat at night, ankle edema",CIGNA HEALTH,"18,163.45 USD",PAID,2023-06-18T09:24:35Z
EPIC_NORTH,E1195640,Lakeshore General Hospital,EN1002918,Fatima,Olson,1994-12-11,F,53745,(414) 555-0139,2023-05-15,,Clinic Visit,1701079810,"Hall, Linda",J45.909,asthma flare after a cold,Aetna,146.98 USD,Paid in Full,2023-05-22T20:25:22Z
EPIC_NORTH,E6952306,St Brendan Medical Center,EN1004415,Mark S,Lopez,10/19/1960,M,54313,(414) 555-0183,09/18/2024,2024-09-30,inpatient admission,1008754750,Dr. Katherine Hoffman,N17.9,"very little urine output, nausea",BCBS,"19,505.84 USD",Paid,2024-10-16T03:06:05Z
EPIC_NORTH,E5413227,Lakeshore General,EN1007330,Noah,Hansen,1960-08-18,M,53213,(414) 555-0193,04/10/2023,2023-04-10,Emergency Room,1447294053,Dr. Samuel Peterson,I50.9,shortness of breath and leg swelling for several days,Medicaid,"USD 2,243.68",Closed - Paid,2023-05-03T07:32:02Z
EPIC_NORTH,E1413168,lakeshore general hospital ,EN1004823,Emily,Novak,"Oct 28, 1945",F,54151,(608) 555-0157,2023-04-30,04/30/2023,ED,1809320819,"Nguyen, Chloe",J189,cold symptoms for a week,Medicare - Part B,649.03,Paid in Full,2023-05-18T04:23:11Z
EPIC_NORTH,E3372521,Maple Grove Pediatric Clinic,EN1001262,Steven,Hoffman,2019-02-19T00:00:00,M,53166,(920) 555-0108,2023-04-10,,Office Visit,1615846452,"O'Brien, Nancy",J029,burning on urination,MEDICAID,$311.20,Paid in Full,2023-04-19T20:49:52Z
EPIC_NORTH,E8109710,Lakeshore General Hospital,EN1001521,Omar,Becker,1954-08-11,M,53173,(414) 555-0147,01/23/2023,2023-01-31,IN-PATIENT,1701079810,"Hall, Linda",J18.9,fever and cough,Medicare,"94,381.02 USD",PAID,2023-02-10T17:09:06Z
EPIC_NORTH,E1883355,St. Brendan Medical Center,EN1005398,Ethan,Johnson,1974-05-23,M,54335,(414) 555-0173,01/29/2023,2023-01-30,ED,1028382228,"Wilson, Chloe",J44.1 - Chronic obstructive pulmonary disease with (acute) exacerbation,productive cough with low oxygen readings at home,Medicaid,"$7,792.89",Rejected,2023-02-10T23:11:30Z
EPIC_NORTH,E7530663,Lakeshore General Hospital,EN1000940,Mark,Smith,1969-04-24,M,53191,(414) 555-0110,05/12/2023,2023-05-14,OBS,1309114175,Dr. Hannah King,N18.6,kidney function review,BadgerCare Plus,"$7,346.07",Closed - Paid,2023-06-04T14:32:22Z
EPIC_NORTH,E2629222,Lakeshore General,EN1007242,Jacob,Moore,04/24/1983,M,54138,(414) 555-0173,2024-01-02,01/13/2024,IP,1440029787,"Young, Olivia",E11.65,fatigue and excessive thirst,Aetna,"$55,884.50",PAID,2024-01-17T18:11:27Z
EPIC_NORTH,E7704778,Lakeshore General,EN1007489,Rebecca,Novak,1950-10-05,F,54108,(608) 555-0102,2024-11-19,2024-11-21,IP,1552182481,"Kowalski, Nancy",I50.9,shortness of breath and leg swelling for several days,Medicare - Part B,11437.77,PAID,2024-11-30T03:50:22Z
EPIC_NORTH,E1516771,St. Brendan Medical Center,EN1007965,Fatima,Anderson,02/22/1970,F,53753,(414) 555-0170,01/28/2024,02/09/2024,IN-PATIENT,1642524775,Dr. Sarah Hall,E11.65,confusion with very high glucose,CIGNA HEALTH,18314.30,Cancelled,2024-02-18T12:26:55Z
EPIC_NORTH,E9581812,St Brendan Medical Center,EN1000144,THOMAS,WALKER,1963-01-25,M,52482,(563) 555-0159,07/22/2023,2023-07-22,Emergency,1860320807,Dr. Rebecca Schultz,E1165,high blood sugar readings at home,Medicaid,3619.35,Closed - Paid,2023-07-27T22:16:22Z
EPIC_NORTH,E7698215,Saint Brendan Medical Center,EN1006825,Carlos,Johnson,1967-03-05,M,53258,(920) 555-0106,2024-10-17,2024-10-23,Inpatient,1771884131,Dr. Karen Thompson,N18.6,swelling and reduced urine output,UHC,"$11,532.98  ",Paid in Full,2024-11-06T22:11:12Z
EPIC_NORTH,E3116736,St. Brendan Medical Center,EN1002828,Jessica,Wagner,1944-02-15,F,54348,(262) 555-0121,11/07/2024,11/08/2024,OBS,1771884131,"Thompson, Karen",I50.22,"heart failure follow-up, fluid tablets review",MCR,"$14,091.21",Paid in Full,2024-11-19T04:25:53Z
EPIC_NORTH,E9792520,St Brendan Medical Center,EN1007872,Jacob,Van Dyke,"Apr 2, 1966",M,54367,(414) 555-0109,01/18/2024,2024-01-18,ED,1028382228,"Wilson, Chloe","N39.0 - Urinary tract infection, site not specified",confusion and high fever,CIGNA HEALTH,"$1,034.15",Paid,2024-02-07T10:54:59Z
EPIC_NORTH,E3751653,St. Brendan Medical Center,EN1004916,Elizabeth,Williams,1979-02-24T00:00:00,F,53272,(414) 555-0186,2024-11-15,11/15/2024,Emergency,1229836956,"Nelson, Joshua",s93.401a,"fell on outstretched hand, wrist pain",UHC,"$3,130.10  ",Closed - Paid,2024-11-21T19:26:15Z
EPIC_NORTH,E4380402,Saint Brendan Medical Center,EN1004139,Omar,O'Brien,"Feb 21, 1957",M,53156,(262) 555-0146,2024-05-18T00:00:00,"May 27, 2024",Inpatient,1008754750,Dr. Katherine Hoffman,N18.6,dialysis follow-up,AETNA INC,"$26,306.15",PAID,2024-06-16T16:54:22Z
EPIC_NORTH,E9790553,Maple Grove Pediatrics,EN1007739,Hannah,Rodriguez,11/15/2015,F,53270,(414) 555-0117,2023-05-20,05/20/2023,Office Visit,1895579906,Dr. Thomas Davis,Z23 - Encounter for immunization,annual physical,State Medicaid Plan,$565.50,Closed - Paid,2023-05-30T19:31:38Z
EPIC_NORTH,E4419523,St. Brendan Medical Center,EN1007999,Carlos L,Lopez,"Aug 27, 1977",M,53701,(920) 555-0144,"Jan 16, 2024","Jan 16, 2024",Emergency Room,1229836956,Dr. Joshua Nelson,I10,headache with elevated blood pressure,Workers Comp,N/A,Paid,2024-01-29T04:58:20Z
EPIC_NORTH,E2533972,lakeshore general hospital ,EN1000019,Rebecca,Rodriguez,01/31/1973,F,53213,(920) 555-0111,2023-12-04,12/04/2023,ER,1809320819,"Nguyen, Chloe",e11.65,confusion with very high glucose,Tricare,"$2,117.46",Paid in Full,2023-12-08T03:47:48Z
EPIC_NORTH,E8045858,Lakeshore General Hospital,EN1005406,Michael,Kowalski,1973-01-01,M,54128,(608) 555-0132,2023-05-10,"May 11, 2023",ER,1809320819,Dr. Chloe Nguyen, J18.9 ,confusion and high fever,UnitedHealthcare,"$4,615.16",Closed - Paid,2023-05-17T03:28:13Z
EPIC_NORTH,E2715206,Lakeshore General,EN1001381,James,Lee,07/14/1979,M,53750,(262) 555-0108,2023-03-01,,Clinic Visit,1778486484,"Thomas, Emily",Z23,flu shot,CIGNA HEALTH,USD 367.09,Denied,2023-03-09T10:45:04Z
EPIC_NORTH,E7604261,Lakeshore General Hospital,EN1004137,Samuel,Anderson,08/01/1976,M,54306,(414) 555-0135,"Jun 25, 2023",2023-06-27,Obs Stay,1440029787,"Young, Olivia",I48.91,crushing chest pain spreading to left arm,Cigna,$3.22K,Denied,2023-07-04T16:33:10Z
EPIC_NORTH,E7537719,LAKESHORE GENERAL HOSPITAL,EN1008634,William,Miller,03/14/1982,M,53154,(608) 555-0138,"Jun 11, 2024",06/17/2024,Inpatient,1472671472,"King, Mei",N186,"missed dialysis session, feeling weak",Aetna,"$26,061.03",Paid in Full,2024-07-04T07:12:03Z
EPIC_NORTH,E3383155,St. Brendan Medical Center,EN1008668,Susan,HERNANDEZ,1990-01-15,F,52013,(563) 555-0124,2024-09-17,2024-09-17,Office Visit,1682052588,"Wright, James",J45909,asthma flare after a cold,MEDICAID,$178.90,PAID,2024-10-01T00:15:48Z
EPIC_NORTH,E3520606,Lakeshore Gen Hosp,EN1003097,Katherine,Clark,1976-05-22,F,53162,(920) 555-0107,2024-10-22,10/22/2024,EMERGENCY DEPT,1447294053,"Peterson, Samuel",R519,chest pain,UnitedHealthcare,$614.85,Closed - Paid,2024-11-13T03:52:13Z
EPIC_NORTH,E8133243,Lakeshore General Hospital,EN1006615,Katherine,Moore,05/05/1970,F,54104,(608) 555-0108,03/09/2023,03/09/2023,Out Patient,1472671472,"King, Mei",M54.50,joint stiffness in the morning,State Medicaid Plan,538.49 USD,Cancelled,2023-03-29T07:33:32Z
EPIC_NORTH,E4899660,St. Brendan Medical Center,EN1006706,Thomas,White,1980-10-13T00:00:00,M,53104,(608) 555-0180,2024-06-13,2024-06-13,ER,1028382228,"Wilson, Chloe",E1165,high blood sugar readings at home,IA Medicaid,"$2,236.21",Paid in Full,2024-06-14T04:59:34Z
EPIC_NORTH,E7947410,Lakeshore Gen Hosp,EN1000332,Ana,Wright,"Apr 30, 1960",F,54312,(414) 555-0124,"Sep 3, 2023",,Outpatient,1778486484,"Thomas, Emily",Z00.00,well child visit,BCBS,$633.34,VOIDED,2023-09-04T07:55:37Z
EPIC_NORTH,E3878417,Lakeshore General Hospital,EN1007707,Laura,Larson,1972-04-24,F,52455,(319) 555-0113,2024-03-21,3/21/2024,Emergency,1809320819,"Nguyen, Chloe",I10,headache with elevated blood pressure,BCBS,"USD 6,680.09",CANCELLED,2024-03-30T21:24:29Z
EPIC_NORTH,E5321590,lakeshore general hospital ,EN1005755,Ana,Kowalski,1/10/1964,F,53224,(920) 555-0101,06/19/2023,,Outpatient,1440029787,"Young, Olivia",m54.50,low back pain after lifting,CIGNA HEALTH,1787.50,Paid,2023-06-28T05:01:26Z
EPIC_NORTH,E3152409,St. Brendan Medical Center,EN1004884,Joshua,Jones,05/22/1969,M,53118,(262) 555-0112,11/30/2023,"Nov 30, 2023",Emergency Room,1229836956,Dr. Joshua Nelson,I50.9,"heart failure follow-up, fluid tablets review",UHC,1332.56,Denied,2023-12-10T02:37:05Z
EPIC_NORTH,E9282883,Lakeshore General Hospital,EN1007731,Ethan,Anderson,03/27/1967,M,53118,(920) 555-0104,2023-02-28,2023-03-02,Observation,1787680457,"Moore, Lisa",J44.1,productive cough with low oxygen readings at home,BCBS,15611.71,Paid in Full,2023-03-24T02:36:52Z
EPIC_NORTH,E4640781,St Brendan Medical Center,EN1004279,Linda,Kim,1979-10-29,F,53291,(414) 555-0122,2023-10-12T00:00:00,10/13/2023,EMERGENCY DEPT,1229836956,"Nelson, Joshua",R07.9,severe headache,UHC,"2,793.36 USD",Paid,2023-10-24T22:03:42Z
EPIC_NORTH,E3772622,Lakeshore Gen Hosp,EN1005731,Laura,Wilson,"Mar 2, 1983",F,54115,(920) 555-0194,10/05/2024,10/05/2024,ED,1447294053,Dr. Samuel Peterson,S06.0X0A,twisted ankle playing basketball,BCBS,$ 2488.64,Closed - Paid,2024-10-07T08:10:35Z
EPIC_NORTH,E3018070,ST BRENDAN MED CTR,EN1001333,Susan,Lee,1985-07-19,F,54309,(262) 555-0159,2024-01-30,01/31/2024,EMERGENCY DEPT,1028382228,"Wilson, Chloe",E11.65,confusion with very high glucose,AETNA INC,"$5,000.00",Paid,2024-02-04T18:51:39Z
EPIC_NORTH,E5744643,MAPLE GROVE PEDS,EN1007939,Patricia,Johnson,2006-08-27,F,54163,(414) 555-0197,2024-01-25,,Virtual,1541465906,Dr. Samuel Johnson,J069,burning on urination,Aetna,$65.10,Closed - Paid,2024-02-06T02:26:56Z
EPIC_NORTH,E8684872,Lakeshore General Hospital,EN1005555,Maria,Garcia,1966-03-08,F,53179,(608) 555-0148,"Aug 1, 2024",2024-08-08,Inpatient,1552182481,"Kowalski, Nancy",j18.9,burning on urination,Aetna,"$48,463.90",Paid in Full,2024-08-31T16:43:40Z
EPIC_NORTH,E8359423,Lakeshore General Hospital,EN1008334,RICHARD,CLARK,05/26/1972,M,52096,(319) 555-0106,06/15/2023,,OP,1452059979,"Williams, Thomas",E11.9,diabetic follow-up and medication refill,Cigna,"USD 1,180.57",Paid,2023-06-29T00:01:44Z
EPIC_NORTH,E8262007,Maple Grove Pediatrics,EN1005839,Priya,Novak,2016-01-22,F,53205,(920) 555-0138,2024-05-15T00:00:00,05/15/2024,Video Visit,1615846452,Dr. Nancy O'Brien,J06.9,cold symptoms for a week,AETNA INC,#VALUE!,Closed - Paid,2024-05-20T22:10:29Z
EPIC_NORTH,E9113970,St. Brendan Medical Center,EN1002857,Barbara,Wagner,07/17/1948,F,52426,(563) 555-0156,2023-01-12,2023-01-21T00:00:00,IN-PATIENT,1682052588,"Wright, James",I63.9,slurred speech and facial droop,N/A,$ 20784.43,Paid in Full,2023-02-07T12:58:16Z
EPIC_NORTH,E3016046,lakeshore general hospital ,EN1004743,Mark,Young,1965-03-02,M,54168,(414) 555-0129,2024-09-04,"Sep 6, 2024",OBS,1309114175,Dr. Hannah King, I10 ,headache with elevated blood pressure,Aetna,"7,807.92 USD",PAID,2024-09-27T05:52:27Z
EPIC_NORTH,E4232902,ST BRENDAN MED CTR,EN1002268,Luis,Van Dyke,1956-11-19,M,53101,(262) 555-0140,"Jun 11, 2024",06/11/2024,ED,1860320807,Dr. Rebecca Schultz,N186,dialysis follow-up,UHC,$697.42,Paid in Full,2024-06-21T21:42:30Z
EPIC_NORTH,E3807187,St. Brendan Medical Center,EN1005168,Luis,Johnson,05/15/1978,M,53782,(608) 555-0197,05/18/2023,5/18/2023,EMERGENCY DEPT,,Dr. Rebecca Schultz,R109,chest pain,Aetna,$778.93,Paid in Full,2023-06-01T21:02:56Z
EPIC_NORTH,E4201250,LAKESHORE GENERAL HOSPITAL,EN1007363,Sarah,Jackson,"Dec 22, 1948",F,54111,(414) 555-0135,07/22/2023,2023-07-26,Inpatient,1139986982,"Schmidt, Anthony",I10,headache with elevated blood pressure,UHC,"$24,580.93",Paid,2023-08-03T17:09:40Z
EPIC_NORTH,E5492096,Lakeshore General Hospital,EN1005555,Maria,Garcia,03/08/1966,F,53179,(608) 555-0148,2023-10-16T00:00:00,2023-10-16,ER,1871689760,"Walker, Ashley",J18.9,fever and cough,Aetna,"$2,682.69",PAID,2023-10-23T07:25:28Z
EPIC_NORTH,E8567888,Saint Brendan Medical Center,EN1005337,Rebecca,Kim,"Sep 2, 1991",F,53753,(920) 555-0140,2024-06-13,2024-06-14T00:00:00,inpatient admission,1771884131,"Thompson, Karen",a41.9,burning on urination,Tricare,"$36,677.09  ",Paid in Full,2024-07-04T13:16:10Z
EPIC_NORTH,E4770113,St. Brendan Medical Center,EN1004443,LUIS,DAVIS,1931-09-20,M,53196,(262) 555-0114,2024-10-30,2024-10-30T00:00:00,Clinic Visit,1682052588,"Wright, James",I50.32,"heart failure follow-up, fluid tablets review",MEDICARE PART A,$249.96,Paid in Full,2024-11-05T16:53:22Z
EPIC_NORTH,E6449043,Maple Grove Pediatrics,EN1003157,David,O'Brien,2019-11-30,M,53114,(608) 555-0144,2024-08-02,,Out Patient,1410646008,Dr. Matthew Hernandez,J06.9,cold symptoms for a week,Medicaid,"USD 2,137.39",Closed - Paid,2024-08-21T07:41:37Z
EPIC_NORTH,E6700840,Lakeshore General Hospital,EN1005919,Rebecca,Johnson,01/08/1966,F,54111,(920) 555-0149,2023-02-07,,Out Patient,1472671472,"King, Mei",I5022,shortness of breath and leg swelling for several days,Aetna,$603.90,Closed - Paid,2023-02-26T23:03:34Z
EPIC_NORTH,E4349448,lakeshore general hospital ,EN1006424,Elizabeth,Larson,1/18/1958,F,53710,(608) 555-0110,12/24/2023,"Dec 24, 2023",Observation,1787680457,"Moore, Lisa",I50.22,shortness of breath and leg swelling for several days,MEDICAID,16680.68,Closed - Paid,2024-01-02T07:33:20Z
EPIC_NORTH,E9374463,Lakeshore General Hospital,EN1003998,Steven,Hoffman,08/02/1956,M,53256,(608) 555-0164,2024-11-24T00:00:00,"Nov 26, 2024",IP,1139986982,Dr. Anthony Schmidt,I63.9,sudden weakness on one side,BCBS,$27.97K,Submitted,2024-12-10T23:38:02Z
EPIC_NORTH,E3580081,Lakeshore General Hospital,EN1005145,Robert,Kim,05/21/1967,M,53136,(262) 555-0185,2023-03-20,,Office Visit,1701079810,Dr. Linda Hall,R10.9,fever for two days,Blue Cross Blue Shield,$169.37,CANCELLED,2023-03-29T13:14:47Z
EPIC_NORTH,E6579504,Lakeshore General Hospital,EN1006022,Jacob,Thomas,1946-10-04,M,53236,(608) 555-0166,2023-07-19,07/19/2023,Emergency,1809320819,"Nguyen, Chloe",S52.501A,head injury after a fall,MCR,"$1,134.24",Closed - Paid,2023-07-24T17:38:31Z
EPIC_NORTH,E2157117,St. Brendan's Medical Center,EN1008091,Fatima,Peterson,12/07/2005,F,54356,(262) 555-0124,07/01/2023,"Jul 10, 2023",Inpatient,1771884131,Dr. Karen Thompson,I21.9,crushing chest pain spreading to left arm,Uninsured,"$50,425.89",Closed - Paid,2023-07-25T12:22:00Z
EPIC_NORTH,E1775234,Lakeshore General Hospital,EN1006637,Sandra,Wright,1980-05-19T00:00:00,F,54181,(262) 555-0145,2023-02-03,2023-02-05,inpatient admission,1139986982,"Schmidt, Anthony",I5022,shortness of breath and leg swelling for several days,SELFPAY,"$13,216.41",PAID,2023-02-20T12:21:40Z
EPIC_NORTH,E9671271,Lakeshore General,EN1006789,Noah,Wagner,10/31/1965,M,53220,(414) 555-0130,2023-05-22,,OP,1787680457,Dr. Lisa Moore,J44.9,"COPD review, breathing stable",Medicare,"$1,620.80  ",Closed - Paid,2023-06-02T02:18:09Z
EPIC_NORTH,E7614432,Maple Grove Pediatrics,EN1006187,Sofia,Kim,9/16/2015,F,53113,(920) 555-0177,"Jan 29, 2023","Jan 29, 2023",Office Visit,1895579906,"Davis, Thomas",R50.9,abdominal pain since morning,Cigna,$2.02K,Paid,2023-02-05T09:39:52Z
EPIC_NORTH,E6450624,lakeshore general hospital ,EN1004371,Katherine,Harris,1960-01-22,F,53106,(920) 555-0135,06/03/2023,,Outpatient,1452059979,"Williams, Thomas",E11.22,fatigue and excessive thirst,AETNA INC,$850.55,Paid,2023-06-24T05:55:36Z
EPIC_NORTH,E1071422,Lakeshore General Hospital,EN1008625,Ana,Brown,1947-11-15,F,53157,(262) 555-0104,2023-11-12,2023-11-13,Emergency,1871689760,"Walker, Ashley",i50.22,shortness of breath and leg swelling for several days,MCR,2057.68,Denied,2023-11-26T21:28:27Z
EPIC_NORTH,E7399578,Lakeshore General,EN1007150,Ana,Walker,1955-05-31,F,53205,(262) 555-0182,02/22/2023,03/01/2023,Inpatient,1472671472,Dr. Mei King,N186,"missed dialysis session, feeling weak",Medicare - Part B,"$22,348.58",Paid,2023-03-03T17:04:12Z
EPIC_NORTH,E9155954,Maple Grove Pediatrics,EN1001631,Jacob,Schmidt,12/18/2013,M,53296,(920) 555-0122,2023-02-24T00:00:00,,Video Visit,1541465906,"Johnson, Samuel",J06.9,burning on urination,MEDICAID,74.78 USD,Closed - Paid,2023-03-20T15:04:30Z
EPIC_NORTH,E1470993,Lakeshore General,EN1004410,Andrew,Hall,"Feb 1, 1969",M,52084,(319) 555-0101,"Feb 1, 2023",,Office Visit,1452059979,"Williams, Thomas", E11.9 ,numbness in both feet,State Medicaid Plan,$446.36,Paid in Full,2023-02-11T21:47:02Z
EPIC_NORTH,E5012265,Lakeshore General Hospital,EN1001017,Sarah,Thomas,1940-07-30,F,53726,(920) 555-0186,9/25/2023,09/25/2023,Office Visit,1701079810,Dr. Linda Hall, I48.91 ,palpitations and dizziness,MEDICARE PART A,$183.56,Closed - Paid,2023-09-29T20:23:52Z
EPIC_NORTH,E3776961,St. Brendan Medical Center,EN1000084,Sofia,Van Dyke,1959-10-27,F,53224,(920) 555-0106,06/18/2023,2023-06-25T00:00:00,INPT,1642524775,"Hall, Sarah",E1165,numbness in both feet,UnitedHealthcare,"USD 39,181.28",Denied,2023-07-05T13:20:33Z
EPIC_NORTH,E1469484,Lakeshore General Hospital,EN1007707,Laura,Larson,04/24/1972,F,52455,(319) 555-0113,2023-08-11,2023-08-22,IN-PATIENT,1309114175,Dr. Hannah King, I10 ,hypertension follow-up,UHC,"$50,306.77",Paid in Full,2023-09-10T13:34:09Z
EPIC_NORTH,E5442535,Lakeshore General Hospital,EN1008625,Ana,Brown,1947-11-15,F,53157,(262) 555-0104,04/11/2023,2023-04-11,ED,1447294053,"Peterson, Samuel",I50.9,shortness of breath and leg swelling for several days,Medicare - Part B,6255.32,Paid in Full,2023-05-04T04:27:43Z
EPIC_NORTH,E3698825,Lakeshore General Hospital,EN1000019,Rebecca,Rodriguez,1973-01-31,F,53213,(920) 555-0111,2024-03-05,2024-03-05,Out Patient,1984162291,"Hansen, Brian",Z0000,annual physical,Workers Comp,$144.02,Paid in Full,2024-03-09T00:11:24Z
EPIC_NORTH,E4382084,Maple Grove Pediatrics,EN1006398,Rajesh,Taylor,06/05/2009,M,54354,(414) 555-0123,2023-06-07,,Out Patient,1895579906,Dr. Thomas Davis,J02.9,burning on urination,UnitedHealthcare,655.34 USD,Paid,2023-06-20T09:23:36Z
EPIC_NORTH,E3018271,Lakeshore General,EN1003959,Anthony,Lopez,"Jan 15, 1951",M,54347,(608) 555-0154,04/30/2023,"May 12, 2023",IN-PATIENT,1440029787,"Young, Olivia","A41.9 - Sepsis, unspecified organism",burning on urination,MEDICARE PART A,23214.50,Paid,2023-05-14T05:04:11Z
EPIC_NORTH,E7041839,Maple Grove Pediatrics,EN1008278,William,Novak,2016-11-02,M,53121,(920) 555-0115,07/16/2023,07/16/2023,Office Visit,1541465906,"Johnson, Samuel",Z23,flu shot,AETNA INC,$152.97,Paid,2023-07-18T07:14:43Z
EPIC_NORTH,E3132424,St. Brendan Medical Center,EN1008520,Tyler,Smith,8/19/1960,M,54134,(608) 555-0169,2023-04-27,2023-04-29,Obs Stay,1836016109,"Martinez, Michelle",I48.91,crushing chest pain spreading to left arm,Blue Cross Blue Shield,"USD 10,040.81",Closed - Paid,2023-05-04T10:37:39Z
EPIC_NORTH,E4158948,Maple Grove Pediatrics,EN1002809,David,Hernandez,"Jun 14, 2021",M,53798,(262) 555-0168,"Nov 1, 2023",2023-11-01,TELEMED,1541465906,Dr. Samuel Johnson,"R50.9 - Fever, unspecified",abdominal pain since morning,Blue Cross Blue Shield,$219.43,Denied,2023-11-02T17:09:31Z
EPIC_NORTH,E5748223,Maple Grove Pediatrics ,EN1004752,Anthony,Miller,12/05/2015,M,53285,(262) 555-0163,2023-10-14T00:00:00,,Outpatient,1615846452,"O'Brien, Nancy",R50.9,chest pain,AETNA INC,230.67,Closed - Paid,2023-11-02T06:55:49Z
EPIC_NORTH,E3168433,ST BRENDAN MED CTR,EN1000651,Karen,Young,1957-12-13,F,54155,(608) 555-0111,2023-09-29,2023-10-03,IP,1105218543,"Young, Tyler",i10,hypertension follow-up,MCR,"$41,002.34",Paid in Full,2023-10-11T18:00:46Z
EPIC_NORTH,E6324430,Lakeshore General Hospital,EN1004543,Chloe,Martinez,03/29/1943,F,53734,(608) 555-0166,05/01/2024,2024-05-01,Emergency Room,1871689760,"Walker, Ashley",R10.9,fever for two days,Medicare - Part B,"$8,411.21",Paid,2024-05-03T15:54:18Z
EPIC_NORTH,E2573906,Maple Grove Pediatrics,EN1003733,Elizabeth,Brown,2007-06-08,F,53737,(608) 555-0161,2024-01-25,,OP,1615846452,"O'Brien, Nancy",Z23,well child visit,IA Medicaid,"$1,962.80",Closed - Paid,2024-02-12T22:49:07Z
EPIC_NORTH,E9316692,Lakeshore General Hospital,EN1004669,Maria,Wagner,1938-01-27T00:00:00,F,53233,(262) 555-0126,09/27/2023,10/2/2023,inpatient admission,1440029787,Dr. Olivia Young,A41.9,fever and cough,MCR,"$8,660.34",Paid,2023-10-14T22:20:00Z
EPIC_NORTH,E5130937,Lakeshore General Hospital,EN1006195,Andrew,Walker,1966-02-14T00:00:00,M,54166,(920) 555-0130,05/25/2024,06/04/2024,Inpatient,1309114175,Dr. Hannah King,N18.6,dialysis follow-up,Aetna,"$14,248.99",Closed - Paid,2024-06-08T08:41:10Z
EPIC_NORTH,E3901216,St. Brendan's Medical Center,EN1007670,JACOB,MARTINEZ,"Aug 31, 1948",M,52497,(563) 555-0180,11/26/2023,,OP,1939494823,"Jackson, William",R109,abdominal pain since morning,MCR,300.70,Paid,2023-12-13T12:00:08Z
EPIC_NORTH,E3214816,Lakeshore General Hospital,EN1002704,Mary,Miller,1951-04-02T00:00:00,F,53213,(262) 555-0145,05/13/2024,,Outpatient,1778486484,"Thomas, Emily",I48.91,palpitations and dizziness,MCR,$198.49,Paid in Full,2024-05-25T19:09:42Z
EPIC_NORTH,E2600248,LAKESHORE GENERAL HOSPITAL,EN1005406,Michael,Kowalski,01/01/1973,M,54128,(608) 555-0132,2024-07-29,2024-08-08T00:00:00,Inpatient,1139986982,"Schmidt, Anthony",J441,"short of breath, using rescue inhaler more often",UnitedHealthcare,68229.70,Paid,2024-08-11T00:15:03Z
EPIC_NORTH,E4170495,Lakeshore Gen Hosp,EN1008415,Linda,Wilson,05/12/1984,F,54151,(608) 555-0110,05/01/2024,2024-05-03,OBS,1139986982,Dr. Anthony Schmidt,R109,abdominal pain since morning,BadgerCare Plus,$ 15650.4,Paid,2024-05-08T09:50:25Z
EPIC_NORTH,E3289195,St. Brendan Medical Center,EN1000561,Minh,Martin,1965-06-11T00:00:00,M,54311,(608) 555-0183,"Jun 19, 2024",2024-06-20,EMERGENCY DEPT,1860320807,Dr. Rebecca Schultz,R07.9,abdominal pain since morning,TRICARE,$1.43K,Paid,2024-07-14T10:33:20Z
EPIC_NORTH,E2924077,St Brendan Medical Center,EN1004139,Omar,O'Brien,02/21/1957,M,53156,(262) 555-0146,5/28/2023,2023-05-28,ER,1229836956,Dr. Joshua Nelson,N18.6,kidney function review,CIGNA HEALTH,"3,251.74 USD",Rejected,2023-06-17T02:16:07Z
EPIC_NORTH,E8023211,Lakeshore General Hospital,EN1003773,Priya,Hansen,1945-09-07,F,54103,(262) 555-0157,2023-01-28,01/28/2023,Emergency,1871689760,"Walker, Ashley",J44.1,"COPD review, breathing stable",Medicare,"$5,682.77  ",Closed - Paid,2023-01-30T01:49:36Z
EPIC_NORTH,E2169086,Maple Grove Pediatric Clinic,EN1008449,Karen,King,2010-09-07,F,53195,(262) 555-0133,01/24/2024,01/24/2024,Office Visit,1410646008,Dr. Matthew Hernandez,R509,fever for two days,Medicaid,$379.25  ,DENIED,2024-02-01T20:12:00Z
EPIC_NORTH,E8108473,Lakeshore Gen Hosp,EN1003770,Rajesh,WAGNER,09/17/1973,M,53763,(262) 555-0108,"Jun 2, 2024",06/09/2024,IP,1309114175,"King, Hannah",I10,hypertension follow-up,IA Medicaid,67427.75,PAID,2024-06-29T17:46:22Z
EPIC_NORTH,E2643279,Maple Grove Pediatrics,EN1006187,Sofia,Kim,9/16/2015,F,53113,(920) 555-0177,3/15/2024,,Office Visit,1895579906,"Davis, Thomas",Z00.129,well child visit,AETNA INC,"$2,231.27  ",Denied,2024-03-22T21:47:47Z
EPIC_NORTH,E3947351,Lakeshore General Hospital,EN1006865,Ana,White,12/13/1986,F,53738,(920) 555-0123,2024-10-10T00:00:00,2024-10-10,EMERGENCY DEPT,1447294053,"Peterson, Samuel",I5022,"worsening breathlessness on exertion, weight up 3 kg",UHC,3363.02,PAID,2024-10-29T06:29:57Z
EPIC_NORTH,E2778940,Lakeshore General Hospital,EN1007467,Ethan,White,1955-07-02,M,53281,(920) 555-0140,2024-11-12,11/22/2024,IP,1440029787,"Young, Olivia",N18.6,kidney function review,MCR,"$14,320.78",In Process,2024-12-13T18:57:36Z
EPIC_NORTH,E9563242,Lakeshore General Hospital,EN1007371,Ethan E,King,02/17/1961,M,53113,(608) 555-0178,03/19/2024,"Mar 20, 2024",Inpatient,1440029787,Dr. Olivia Young,i50.9,"unable to lie flat at night, ankle edema",UnitedHealthcare,"$74,777.17",Paid,2024-04-08T05:18:49Z
EPIC_NORTH,E9782924,Lakeshore Gen Hosp,EN1003260,Jacob,Jackson,1972-04-05T00:00:00,M,53236,(262) 555-0162,4/18/2023,"Apr 18, 2023",Emergency Room,1871689760,Dr. Ashley Walker,N18.6,"missed dialysis session, feeling weak",AETNA INC,2108.01,PAID,2023-04-19T21:13:56Z
EPIC_NORTH,E1906494,Lakeshore General Hospital,EN1002918,Fatima,Olson,"Dec 11, 1994",F,53745,(414) 555-0139,2024-11-13T00:00:00,2024-11-14,Emergency Room,1447294053,Dr. Samuel Peterson,R51.9,fever for two days,BCBS,$755.53,Closed - Paid,2024-11-29T12:27:41Z
EPIC_NORTH,E8143972,Maple Grove Pediatrics,EN1001888,Sofia,Hall,,F,54143,(920) 555-0116,2024-08-03,8/3/2024,Out Patient,1410646008,"Hernandez, Matthew",J06.9,cold symptoms for a week,MEDICAID,"$1,637.53",Paid,2024-08-26T20:54:38Z
EPIC_NORTH,E4894902,St. Brendan Medical Center,EN1001860,Joshua,Jackson,9/11/1980,M,53102,(262) 555-0115,2023-10-07T00:00:00,2023-10-07,ER,1028382228,"Wilson, Chloe",N18.6 - End stage renal disease,kidney function review,Blue Cross Blue Shield,671.32,PAID,2023-10-26T06:38:21Z
EPIC_NORTH,E9541537,Lakeshore General Hospital,EN1001214,Paul,Thompson,1977-10-17,M,53118,(262) 555-0159,10/25/2023,,Outpatient,1778486484,"Thomas, Emily",I4891,crushing chest pain spreading to left arm,Aetna,$299.42,Paid in Full,2023-11-04T14:46:33Z
EPIC_NORTH,E8473439,Lakeshore General Hospital,EN1007731,Ethan,Anderson,03/27/1967,M,53118,(920) 555-0104,2023-02-21,2023-03-03T00:00:00,IP,1787680457,"Moore, Lisa",J44.1 - Chronic obstructive pulmonary disease with (acute) exacerbation,productive cough with low oxygen readings at home,AETNA INC,"USD 21,146.02",CANCELLED,2023-03-11T17:02:54Z
EPIC_NORTH,E2362137,Lakeshore General Hospital,EN1007902,Thomas,Nelson,1971-04-12,M,54115,(608) 555-0186,2/10/2023,2023-02-10,Emergency,1871689760,"Walker, Ashley",J18.9,cold symptoms for a week,Medicaid,939.65 USD,Paid in Full,2023-02-18T04:52:44Z
EPIC_NORTH,E2501003,St. Brendan Medical Center,EN1008006,Chloe,Kowalski,10/3/1969,F,53228,(920) 555-0183,"Oct 27, 2023",2023-11-06,IP,1682052588,"Wright, James","I21.9 - Acute myocardial infarction, unspecified",crushing chest pain spreading to left arm,UHC,36414.56,CANCELLED,2023-11-17T07:36:31Z
EPIC_NORTH,E5342004,St. Brendan Medical Center,EN1007603,Rebecca,Kowalski,08/19/1991,F,54191,(414) 555-0197,"May 20, 2024",05/22/2024,Obs Stay,1008754750,"Hoffman, Katherine",R07.9,fever for two days,UnitedHealthcare,"$6,034.81",Paid in Full,2024-05-23T22:09:55Z
EPIC_NORTH,E4179039,Lakeshore General Hospital,EN1000857,Joseph,Wright,"Jun 9, 1986",M,53202,(608) 555-0116,02/11/2024,2024-02-17,INPT,1309114175,"King, Hannah",J18.9,cold symptoms for a week,UHC,8509.86,Closed - Paid,2024-03-04T14:28:56Z
EPIC_NORTH,E8445664,Lakeshore General Hospital,EN1004435,Rebecca,HERNANDEZ,1966-11-27,F,54346,(414) 555-0182,10/25/2023,2023-10-30,inpatient admission,1778486484,"Thomas, Emily",I48.91,crushing chest pain spreading to left arm,Medicaid,38551.03,Cancelled,2023-11-04T18:26:52Z
EPIC_NORTH,E2625974,Lakeshore General Hospital,EN1005235,Joseph,Young,1970-07-29,M,54171,(414) 555-0156,03/09/2024,2024-03-20,IP,1701079810,"Hall, Linda",I50.9,"unable to lie flat at night, ankle edema",AETNA INC,"USD 20,332.93",PAID,2024-04-07T18:43:37Z
EPIC_NORTH,E7417896,Lakeshore General Hospital,EN1001566,Susan,King,1959-12-15,F,54350,(920) 555-0178,2023-06-03T00:00:00,06/04/2023,Emergency,1809320819,"Nguyen, Chloe",N39.0,fever and cough,Medicare - Part B,"$7,190.63",DENIED,2023-06-25T02:46:12Z
EPIC_NORTH,E7129567,Lakeshore General,EN1007363,Sarah,Jackson,12/22/1948,F,54111,(414) 555-0135,01/12/2023,01/15/2023,Inpatient,1536455680,"Kowalski, Noah","I63.9 - Cerebral infarction, unspecified",slurred speech and facial droop,Cigna,"25,016.25 USD",Closed - Paid,2023-01-28T16:59:54Z
EPIC_NORTH,E5962557,Maple Grove Pediatrics ,EN1003283,Patricia,King,10/30/2011,F,54103,(262) 555-0158,2023-01-10,2023-01-10,Clinic Visit,1410646008,"Hernandez, Matthew",Z00129,well child visit,BCBS,"USD 2,039.53",Paid in Full,2023-01-31T06:01:33Z
EPIC_NORTH,E4589878,St. Brendan's Medical Center,EN1006213,Andrew,Martin,1996-07-04,M,53721,(920) 555-0151,2023-03-02,03/02/2023,OP,1682052588,"Wright, James",J45.909,wheezing at night,SELFPAY,164.71 USD,DENIED,2023-03-26T17:26:36Z
EPIC_NORTH,E8356396,Maple Grove Pediatrics,EN1004311,Joseph,Jensen,2011-01-10,M,53251,(414) 555-0129,4/21/2023,2023-04-21,Clinic Visit,1541465906,"Johnson, Samuel","R50.9 - Fever, unspecified",fever for two days,BadgerCare Plus,685.95,Closed - Paid,2023-04-30T10:35:59Z
EPIC_NORTH,E8934070,Maple Grove Pediatrics,EN1007125,David,Van Dyke,"Mar 3, 2022",M,54346,(608) 555-0118,09/04/2023,2023-09-04,Outpatient,1541465906,Dr. Samuel Johnson,Z00129,annual physical,Medicaid,"$1,377.56  ",PAID,2023-09-23T11:45:14Z
EPIC_NORTH,E2206386,Lakeshore General Hospital,EN1008035,Hannah,Nguyen,1943-02-02,F,53110,(920) 555-0137,2023-12-26,2023-12-26T00:00:00,Out Patient,1472671472,"King, Mei",Z00.00,flu shot,Medicare - Part B,217.57 USD,Denied,2024-01-14T10:24:40Z
EPIC_NORTH,E1531911,LAKESHORE GENERAL HOSPITAL,EN1004100,Sandra,Johnson,"Aug 1, 1985",F,53169,(920) 555-0141,06/11/2024,2024-06-11,Outpatient,1701079810,"Hall, Linda",J44.9,"short of breath, using rescue inhaler more often",AETNA INC,468.75,Paid,2024-06-22T02:00:57Z
EPIC_NORTH,E1876309,Maple Grove Pediatric Clinic,EN1000447,Olivia,Clark,06/29/2009,F,54359,(414) 555-0177,2023-03-08T00:00:00,,Clinic Visit,1615846452,"O'Brien, Nancy",Z00.129,well child visit,UHC,"USD 1,033.11",Closed - Paid,2023-03-18T08:52:17Z
EPIC_NORTH,E3915326,Lakeshore General Hospital,EN1008313,Anthony,Olson,11/19/1954,M,54151,(608) 555-0145,03/16/2024,2024-03-16,Emergency Room,1809320819,"Nguyen, Chloe",N39.0,burning on urination,MCR,"$5,408.71",CANCELLED,2024-03-31T03:23:51Z
EPIC_NORTH,E7387723,Maple Grove Pediatric Clinic,EN1001150,Daniel,Schultz,09/21/2023,M,53759,(414) 555-0177,"May 2, 2023",,Outpatient,1410646008,Dr. Matthew Hernandez,R50.9,chest pain,UHC,$341.75,Paid,2023-05-13T15:23:50Z
EPIC_NORTH,E3483582,St. Brendan's Medical Center,EN1005093,Jennifer,Thomas,1960-09-06,F,54379,(262) 555-0152,2024-04-26,2024-04-28T00:00:00,Observation,1771884131,"Thompson, Karen",I4891,crushing chest pain spreading to left arm,Blue Cross Blue Shield,6365.93,Paid in Full,2024-05-08T19:15:39Z
EPIC_NORTH,E1803677,St. Brendan Medical Center,EN1004916,Elizabeth,Williams,02/24/1979,F,53272,(414) 555-0186,"Dec 19, 2023",12/29/2023,Inpatient,1836016109,"Martinez, Michelle",E11.65,numbness in both feet,CIGNA HEALTH,"$8,504.95",Closed - Paid,2024-01-11T18:55:00Z
EPIC_NORTH,E7771455,Lakeshore General Hospital,EN1001175,Jennifer,Davis,1967-06-14T00:00:00,F,52491,(319) 555-0133,6/24/2023,2023-06-25,Obs Stay,1778486484,Dr. Emily Thomas,R10.9,chest pain,UHC,$ 4457.34,Paid,2023-07-04T07:34:06Z
EPIC_NORTH,E9508335,St. Brendan Medical Center,EN1008040,Brian,King,9/25/1976,M,53728,(414) 555-0194,06/27/2023,07/06/2023,inpatient admission,1836016109,Dr. Michelle Martinez, N17.9 ,"very little urine output, nausea",UHC,"70,048.90 USD",Cancelled,2023-07-07T13:22:31Z
EPIC_NORTH,E5508915,Saint Brendan Medical Center,EN1007446,Priya,Williams,"Apr 15, 1985",F,53198,(920) 555-0100,09/19/2024,2024-09-26,IN-PATIENT,1771884131,"Thompson, Karen",I10,headache with elevated blood pressure,IA Medicaid,$ 15754.36,Paid in Full,2024-09-27T22:37:58Z
EPIC_NORTH,E6784083,Maple Grove Pediatrics,EN1001888,Sofia,Hall,,F,54143,(920) 555-0116,12/09/2023,"Dec 9, 2023",Clinic Visit,1895579906,Dr. Thomas Davis,J06.9,burning on urination,IA Medicaid,$304.76,Paid in Full,2023-12-25T14:38:57Z
EPIC_NORTH,E9687463,Saint Brendan Medical Center,EN1002497,Brian,Hall,02/06/2002,M,53710,(608) 555-0109,01/04/2023,01/05/2023,ER,1229836956,"Nelson, Joshua",R109,severe headache,UnitedHealthcare,"$9,630.01",DENIED,2023-01-19T17:16:02Z
EPIC_NORTH,E8754554,Lakeshore General Hospital,EN1001947,Patricia,Nelson,1964-12-09T00:00:00,F,54183,(920) 555-0145,08/22/2023,08/22/2023,Emergency Room,1809320819,Dr. Chloe Nguyen,I50.9,"heart failure follow-up, fluid tablets review",UHC,"$10,252.72  ",PAID,2023-09-07T15:19:34Z
EPIC_NORTH,E4906681,St Brendan Medical Center,EN1004139,Omar,O'Brien,1957-02-21,M,53156,(262) 555-0146,2023-06-12,"Jun 13, 2023",Inpatient,1105218543,"Young, Tyler",E78.5,confusion and high fever,AETNA INC,"$41,952.00",PAID,2023-06-25T17:34:37Z
EPIC_NORTH,E2003675,ST BRENDAN MED CTR,EN1001726,Omar,Thompson,1971-03-19,M,54393,(920) 555-0119,8/6/2024,2024-08-17T00:00:00,IN-PATIENT,1939494823,"Jackson, William",I50.22 - Chronic systolic (congestive) heart failure,"worsening breathlessness on exertion, weight up 3 kg",Aetna,"$11,584.73",Paid in Full,2024-08-21T12:07:47Z
EPIC_NORTH,E6254828,St. Brendan Medical Center,EN1003465,Ashley,Schmidt,1931-07-16T00:00:00,F,53119,(262) 555-0195,05/28/2023,,Outpatient,1939494823,Dr. William Jackson,I50.32 - Chronic diastolic (congestive) heart failure,shortness of breath and leg swelling for several days,Medicare - Part B,"$2,377.18",Paid in Full,2023-06-22T13:33:27Z
EPIC_NORTH,E8198995,Saint Brendan Medical Center,EN1001333,Susan,Lee,1985-07-19,F,54309,(262) 555-0159,10/02/2024,10/2/2024,ED,1028382228,"Wilson, Chloe",E1165,confusion with very high glucose,Aetna,2191.83,Closed - Paid,2024-10-17T08:08:42Z
EPIC_NORTH,E5506331,Lakeshore General Hospital,EN1000802,Rajesh,Kowalski,"Feb 13, 1978",M,53285,(920) 555-0160,2023-10-22T00:00:00,10/25/2023,IN-PATIENT,1440029787,Dr. Olivia Young,J18.9,confusion and high fever,Blue Cross Blue Shield,"USD 50,607.95",Paid,2023-11-19T03:10:14Z
EPIC_NORTH,E9427404,St. Brendan Medical Center,EN1003497,Mary,Moore,01/27/1954,F,52006,(563) 555-0124,07/16/2024,07/24/2024,inpatient admission,1836016109,Dr. Michelle Schmidt,I10,hypertension follow-up,Aetna,"$47,956.87",Paid in Full,2024-08-14T22:13:28Z
EPIC_NORTH,E6761363,St. Brendan Medical Center,EN1007412,Jennifer,Hansen,6/20/1979,F,53706,(262) 555-0122,10/03/2024,10/10/2024,IP,1682052588,Dr. James Wright,i10,headache with elevated blood pressure,TRICARE,$ 28982.27,Closed - Paid,2024-11-03T17:47:53Z
EPIC_NORTH,E9570626,Lakeshore General Hospital,EN1002918,Fatima,Olson,"Dec 11, 1994",F,53745,(414) 555-0139,"May 31, 2024",2024-05-31,Clinic Visit,1472671472,"King, Mei",J45.909,"chest tightness, inhaler not helping",Aetna,$714.19,Paid,2024-06-12T06:28:08Z
EPIC_NORTH,E5225781,St. Brendan Medical Center,EN1003401,Sofia,Davis,1979-05-24T00:00:00,F,53145,(414) 555-0118,08/29/2024,08/31/2024,IP,1642524775,"Hall, Sarah",J18.9,confusion and high fever,N/A,"$17,248.89",CANCELLED,2024-09-18T11:55:18Z
EPIC_NORTH,E6178981,Lakeshore General Hospital,EN1001482,Emily,Lewis,07/03/1959,F,53215,(920) 555-0176,4/28/2024,2024-05-10T00:00:00,INPT,1778486484,Dr. Emily Thomas,J44.1,increased cough and wheezing,MCR,42442.68,PAID,2024-05-15T05:29:41Z
EPIC_NORTH,E4686162,Lakeshore General Hospital,EN1003025,Sandra,Lopez,1929-11-04T00:00:00,F,54364,(608) 555-0147,2023-10-08,2023-10-09,ER,1871689760,"Walker, Ashley",R10.9,fever for two days,MCR,"$10,900.10",PAID,2023-10-11T07:42:33Z
EPIC_NORTH,E1094873,Lakeshore General Hospital,EN1005831,Richard,King,07/12/1987,M,53747,(608) 555-0148,"Feb 7, 2023",2023-02-08,EMERGENCY DEPT,1809320819,Dr. Chloe Nguyen,I10,headache with elevated blood pressure,Aetna,"$2,968.83  ",Paid,2023-02-17T13:36:51Z
EPIC_NORTH,E7949249,Lakeshore General Hospital,EN1008415,Linda,Wilson,05/12/1984,F,54151,(608) 555-0110,12/22/2023,"Dec 30, 2023",inpatient admission,1440029787,Dr. Olivia Young,J18.9,confusion and high fever,MEDICAID,"$30,195.03",Paid,2024-01-10T16:57:35Z
EPIC_NORTH,E8067904,St. Brendan Medical Center,EN1008370,Rebecca,Taylor,"Oct 18, 1957",F,53187,(414) 555-0119,2024-07-01,"Jul 13, 2024",INPT,1129110288,Dr. Susan Jensen,e11.65,fatigue and excessive thirst,Medicare - Part B,"$30,389.51  ",PAID,2024-07-29T15:48:21Z
EPIC_NORTH,E4250835,Maple Grove Pediatrics,EN1004998,James,Larson,2019-03-22,M,53700,(920) 555-0112,07/28/2024,,Clinic Visit,1895579906,Dr. Thomas Davis,J029,cold symptoms for a week,BadgerCare Plus,$261.18,Closed - Paid,2024-08-02T14:03:02Z
EPIC_NORTH,E5712835,St. Brendan Medical Center,EN1005481,Laura,Mueller,1975-01-05,F,53751,(414) 555-0191,01/04/2024,1/6/2024,inpatient admission,1642524775,Dr. Sarah Hall, I50.22 ,"unable to lie flat at night, ankle edema",BCBS,"13,811.63 USD",Paid in Full,2024-01-17T00:27:49Z
EPIC_NORTH,E3736318,Lakeshore General Hospital,EN1000782,Emily,White,7/4/1971,F,54377,(608) 555-0174,"Aug 12, 2024",08/12/2024,ER,1871689760,Dr. Ashley Walker,S93.401A,"fell on outstretched hand, wrist pain",Aetna,1610.90,Paid,2024-08-25T03:51:36Z
EPIC_NORTH,E1095908,St. Brendan Medical Center,EN1007053,James,Davis,05/23/1967,M,54146,(920) 555-0192,12/20/2023,2023-12-27,Inpatient,1008754750,"Hoffman, Katherine",I10 - Essential (primary) hypertension,blood pressure check,Cigna,$ 20638.36,Paid,2024-01-20T22:10:19Z
EPIC_NORTH,E8015669,ST BRENDAN MED CTR,EN1006719,Karen,Kim,02/20/1954,F,52400,(563) 555-0103,"Dec 29, 2023",2023-12-30,EMERGENCY DEPT,1860320807,"Schultz, Rebecca",N18.6,swelling and reduced urine output,MEDICARE PART A,"$2,698.92",Closed - Paid,2024-01-18T06:23:42Z
EPIC_NORTH,E8342115,St Brendan Medical Center,EN1007299,Aaron,O'Brien,1962-03-24T00:00:00,M,54314,(920) 555-0125,04/24/2023,2023-04-26,inpatient admission,1682052588,"Wright, James",I509,"heart failure follow-up, fluid tablets review",Blue Cross Blue Shield,"$9,454.87",Paid in Full,2023-05-13T10:45:51Z
EPIC_NORTH,E9739708,St Brendan Medical Center,EN1006754,Chloe,Young,"Apr 9, 1954",F,53725,(608) 555-0181,03/09/2023,03/09/2023,ER,1229836956,Dr. Joshua Nelson,S93.401A,twisted ankle playing basketball,MCR,2464.07,PAID,2023-03-13T19:06:46Z
EPIC_NORTH,E9776493,St. Brendan's Medical Center,EN1007707,Laura,Larson,1972-04-24T00:00:00,F,52455,(319) 555-0113,2023-09-17,2023-09-18,INPT,1836016109,Dr. Michelle Martinez, I10 ,headache with elevated blood pressure,UnitedHealthcare,$42.62K,PAID,2023-10-12T21:33:46Z
EPIC_NORTH,E6984006,Maple Grove Pediatric Clinic,EN1003157,David,O'Brien,2019-11-30,M,53114,(608) 555-0144,09/23/2023,,Virtual,1410646008,"Hernandez, Matthew",R50.9,chest pain,IA Medicaid,111.96 USD,Closed - Paid,2023-10-14T14:52:54Z
EPIC_NORTH,E2396392,Maple Grove Pediatrics,EN1007939,Patricia,Johnson,08/27/2006,F,54163,(414) 555-0197,03/13/2023,03/13/2023,Video Visit,1615846452,Dr. Nancy O'Brien,R50.9,severe headache,Cigna,96.85,Paid in Full,2023-03-29T03:38:53Z
EPIC_NORTH,E1585269,St. Brendan Medical Center,EN1004916,Elizabeth,Williams,1979-02-24T00:00:00,F,53272,(414) 555-0186,2024-04-27,4/27/2024,Emergency,1860320807,"Schultz, Rebecca",J18.9,burning on urination,UnitedHealthcare,"$5,164.97",Paid in Full,2024-05-14T02:46:09Z
EPIC_NORTH,E5486627,St. Brendan Medical Center,EN1001333,Susan,Lee,07/19/1985,F,54309,(262) 555-0159,2023-09-12,"Sep 13, 2023",OBS,1642524775,"Hall, Sarah",E1165,fatigue and excessive thirst,Blue Cross Blue Shield,"$7,840.97",PAID,2023-09-14T17:14:21Z
EPIC_NORTH,E2017706,St. Brendan Medical Center,EN1006280,Mei,Young,1964-11-12,F,53276,(262) 555-0149,2024-10-06,10/08/2024,IP,1939494823,"Jackson, William",J441,"short of breath, using rescue inhaler more often",Self Pay,"$46,710.14",PAID,2024-10-19T13:55:45Z
EPIC_NORTH,E3329541,St. Brendan's Medical Center,EN1008613,Samuel,Martinez,"Jul 27, 1961",M,52470,(563) 555-0165,01/08/2024,01/08/2024,Emergency Room,1028382228,"Wilson, Chloe",I10,hypertension follow-up,State Medicaid Plan,"$2,401.46",Closed - Paid,2024-01-16T16:36:08Z
EPIC_NORTH,E5365863,St Brendan Medical Center,EN1003692,Mary,Thompson,1955-05-12,F,54383,(262) 555-0134,2024-03-15T00:00:00,2024-03-16T00:00:00,ED,1229836956,"Nelson, Joshua",S93.401A,twisted ankle playing basketball,MCR,$727.83  ,PAID,2024-03-28T13:14:35Z
EPIC_NORTH,E6875896,Lakeshore General Hospital,EN1001381,James,Lee,1979-07-14,M,53750,(262) 555-0108,2023-09-10,"Sep 10, 2023",Out Patient,1984162291,Dr. Brian Hansen,I10,hypertension follow-up,CIGNA HEALTH,,Paid,2023-09-13T10:41:30Z
EPIC_NORTH,E4637330,Lakeshore General Hospital,EN1005807,Fatima,ANDERSON,1948-03-29,F,52028,(563) 555-0139,2024-09-16,09/19/2024,inpatient admission,1139986982,"Schmidt, Anthony",N18.6 - End stage renal disease,kidney function review,MEDICARE PART A,"$13,874.90",Void,2024-09-27T01:02:13Z
EPIC_NORTH,E6323345,MAPLE GROVE PEDS,EN1000447,Olivia,Clark,06/29/2009,F,54359,(414) 555-0177,2024-06-20,06/20/2024,Telehealth,1615846452,"O'Brien, Nancy",J06.9,cold symptoms for a week,AETNA INC,$147.07,Paid in Full,2024-06-29T16:34:07Z
EPIC_NORTH,E2708249,St Brendan Medical Center,EN1007141,Ana,THOMPSON,1955-10-31,F,52434,(563) 555-0150,"Sep 28, 2024",2024-10-05,inpatient admission,1836016109,Dr. Michelle Schmidt,J44.1,"COPD review, breathing stable",MCR,"USD 34,128.66",Closed - Paid,2024-10-15T08:48:57Z
EPIC_NORTH,E3361949,St. Brendan Medical Center,EN1007141,Ana,THOMPSON,10/31/1955,F,52434,(563) 555-0150,2024-10-05T00:00:00,2024-10-13,Inpatient,1129110288,Dr. Susan Jensen,J44.1,productive cough with low oxygen readings at home,Medicare - Part B,"$50,964.36",PAID,2024-10-22T02:42:10Z
EPIC_NORTH,E9832985,Lakeshore General Hospital,EN1002533,Mark,Garcia-Lopez,"Nov 7, 1964",M,53267,(414) 555-0159,11/22/2023,11/22/2023,Emergency Room,1871689760,Dr. Ashley Walker,I10,blood pressure check,Cigna,2426.78,Closed - Paid,2023-12-04T14:25:44Z
EPIC_NORTH,E1883348,TEST FACILITY - DO NOT USE,EN1008717,Zztest,Epic,"Jan 1, 1980",F,53200,(414) 555-0100,2024-03-17,3/17/2024,OP,1701079810,Dr. Linda Hall,Z23,flu shot,Blue Cross Blue Shield,$123.71,Closed - Paid,2024-03-30T14:30:37Z
EPIC_NORTH,E2675682,St. Brendan's Medical Center,EN1002268,Luis,Van Dyke,11/19/1956,M,53101,(262) 555-0140,2024-02-19T00:00:00,2024-02-20,inpatient admission,1682052588,Dr. James Wright,I10,hypertension follow-up,Aetna,"$18,699.67",Paid in Full,2024-02-29T19:24:25Z
EPIC_NORTH,E9883090,St. Brendan Medical Center,EN1005398,Ethan,Johnson,1974-05-23,M,54335,(414) 555-0173,2023-10-05,10/13/2023,INPT,1836016109,"Martinez, Michelle",I21.9,palpitations and dizziness,BadgerCare Plus,$10.49K,PAID,2023-11-07T16:15:18Z
EPIC_NORTH,E1037027,Lakeshore General Hospital,EN1007636,Patricia,Lewis,1969-02-07T00:00:00,F,53736,(262) 555-0132,12/20/2023,"Dec 30, 2023",IN-PATIENT,1472671472,"King, Mei",N186,swelling and reduced urine output,UHC,$ 23974.55,Paid,2024-01-02T09:09:41Z
EPIC_NORTH,E1023983,St. Brendan Medical Center,EN1006312,Hannah,Mueller,1991-08-03,F,54142,(262) 555-0107,2024-02-19,02/19/2024,Observation,1642524775,"Hall, Sarah", J45.901 ,wheezing at night,Aetna,"$13,577.82",Paid in Full,2024-02-26T17:22:15Z
EPIC_NORTH,E7286796,St. Brendan Medical Center,EN1000940,Mark,Smith,04/24/1969,M,53191,(414) 555-0110,2023-04-24,2023-05-03,inpatient admission,1642524775,Dr. Sarah Hall,N18.6,dialysis follow-up,IA Medicaid,"$41,178.71",Closed - Paid,2023-05-23T10:30:48Z
EPIC_NORTH,E9159121,St. Brendan Medical Center,EN1005029,Hannah,Moore,1948-04-23,F,54166,(920) 555-0163,2024-08-07,2024-08-08T00:00:00,EMERGENCY DEPT,1028382228,"Wilson, Chloe",R51.9,fever for two days,MEDICARE PART A,"$7,665.68",Closed - Paid,2024-08-28T22:30:21Z
EPIC_NORTH,E6965553,St Brendan Medical Center,EN1007024,Kevin,Peterson,02/16/1941,M,53772,(414) 555-0135,2023-06-04,06/11/2023,IN-PATIENT,1836016109,"Martinez, Michelle",J18.9,cold symptoms for a week,MCR,9395.37,Paid in Full,2023-06-17T14:16:29Z
EPIC_NORTH,E5041586,Maple Grove Pediatric Clinic,EN1006915,Robert,Schultz,2011-09-25,M,53750,(920) 555-0170,11/20/2024,,Telehealth,1541465906,"Johnson, Samuel",J069,burning on urination,Aetna,332.31,DENIED,2024-11-25T16:00:31Z
EPIC_NORTH,E5734339,ST BRENDAN MED CTR,EN1005728,Patricia,Harris,1971-11-23,F,53726,(920) 555-0116,2023-09-08T00:00:00,2023-09-10,IN-PATIENT,1939494823,Dr. William Jackson,j44.1,"short of breath, using rescue inhaler more often",AETNA INC,13925.85,Paid in Full,2023-09-13T17:19:58Z
EPIC_NORTH,E6746297,Lakeshore Gen Hosp,EN1002450,Sarah,Kowalski,1955-01-12,F,53141,(262) 555-0102,03/29/2023,04/01/2023,IP,1309114175,Dr. Hannah King,I63.9,sudden weakness on one side,Self Pay,"$65,723.86",Closed - Paid,2023-04-19T12:41:32Z
EPIC_NORTH,E6809904,St Brendan Medical Center,EN1003465,Ashley,Schmidt,1931-07-16,F,53119,(262) 555-0195,5/19/2023,"May 20, 2023",ED,1028382228,Dr. Chloe Wilson,s52.501a,"fell on outstretched hand, wrist pain",Medicare,"8,102.66 USD",PAID,2023-06-11T01:58:33Z
EPIC_NORTH,E7041653,Maple Grove Pediatrics ,EN1007939,Patricia,Johnson,2006-08-27,F,54163,(414) 555-0197,12/3/2023,,Outpatient,1895579906,"Davis, Thomas",J06.9,cold symptoms for a week,Aetna,"$1,408.52  ",Paid in Full,2023-12-16T22:19:40Z
EPIC_NORTH,E5828955,Lakeshore General Hospital,EN1008131,Ryan,Jones,1969-03-22T00:00:00,M,53106,(414) 555-0164,2023-09-30T00:00:00,10/2/2023,Obs Stay,1778486484,Dr. Emily Thomas,R079,severe headache,BCBS,$11.93K,Paid,2023-10-04T02:24:41Z
EPIC_NORTH,E8434199,St. Brendan Medical Center,EN1006414,DANIEL,GARCIA-LOPEZ,1965-09-06,M,54302,(608) 555-0160,05/30/2023,2023-05-30,ER,1229836956,Dr. Joshua Nelson,S52.501A,twisted ankle playing basketball,BCBS,"$4,432.14",Closed - Paid,2023-06-12T03:15:46Z
EPIC_NORTH,E8006965,Lakeshore General Hospital,EN1003562,Priya,Lee,2/11/1959,F,54387,(414) 555-0143,2023-02-25T00:00:00,02/25/2023,Outpatient,1701079810,Dr. Linda Hall,I10,blood pressure check,Medicare - Part B,488.78,Paid,2023-03-22T07:46:51Z
EPIC_NORTH,E7915910,Lakeshore General Hospital,EN1006222,Rebecca,Peterson,1943-08-20T00:00:00,F,54121,(414) 555-0113,2023-07-27,7/27/2023,EMERGENCY DEPT,1447294053,"Peterson, Samuel",N39.0,burning on urination,MCR,"$1,100.59",PAID,2023-07-29T12:20:36Z
EPIC_NORTH,E2473952,Maple Grove Pediatrics,EN1002385,Tyler,Miller,2015-10-09,M,53718,(920) 555-0166,2023-07-17T00:00:00,2023-07-17,Clinic Visit,1615846452,"O'Brien, Nancy",Z23,annual physical,BadgerCare Plus,"$1,175.83",Paid in Full,2023-07-26T08:06:35Z
EPIC_NORTH,E3373192,Saint Brendan Medical Center,EN1007053,James,Davis,1967-05-23T00:00:00,M,54146,(920) 555-0192,2/3/2024,,Out Patient,1939494823,"Jackson, William",M54.50,joint stiffness in the morning,Blue Cross Blue Shield,"$2,455.96",PAID,2024-02-07T22:58:36Z
EPIC_NORTH,E9241454,Lakeshore General Hospital,EN1003328,Susan,Moore,1930-07-14,F,53761,(920) 555-0118,"Oct 30, 2023",11/10/2023,Inpatient,1452059979,Dr. Thomas Williams,I10,hypertension follow-up,Blue Cross Blue Shield,"USD 21,777.81",VOIDED,2023-11-16T11:07:39Z
EPIC_NORTH,E4401571,LAKESHORE GENERAL HOSPITAL,EN1000329,William,Harris,1967-09-11,M,54180,(414) 555-0153,08/26/2024,08/26/2024,EMERGENCY DEPT,1447294053,"Peterson, Samuel",R10.9,severe headache,UnitedHealthcare,"$1,369.72",Paid in Full,2024-08-27T07:29:26Z
EPIC_NORTH,E4911493,St Brendan Medical Center,EN1006107,Andrew,Novak,"Aug 10, 1983",M,54181,(608) 555-0137,05/03/2023,2023-05-13,IN-PATIENT,1642524775,"Hall, Sarah",I50.22,"heart failure follow-up, fluid tablets review",Cigna,11132.04,Closed - Paid,2023-05-15T16:33:13Z
EPIC_NORTH,E5540973,St. Brendan Medical Center,EN1005067,Paul,Moore,1953-10-23,M,53143,(414) 555-0130,01/09/2024,,Office Visit,1105218543,"Young, Tyler",Z00.00 - Encounter for general adult medical examination without abnormal findings,flu shot,MEDICARE PART A,$848.20,PAID,2024-01-17T12:48:12Z
EPIC_NORTH,E9622430,St. Brendan Medical Center,EN1006107,Andrew,Novak,08/10/1983,M,54181,(608) 555-0137,"Feb 16, 2023",02/16/2023,EMERGENCY DEPT,1028382228,"Wilson, Chloe",I5022,shortness of breath and leg swelling for several days,Cigna,$ 1745.29,Paid in Full,2023-03-11T20:51:10Z
EPIC_NORTH,E1434262,St Brendan Medical Center,EN1007872,Jacob,Van Dyke,4/2/1966,M,54367,(414) 555-0109,01/10/2024,2024-01-10,Emergency Room,1229836956,"Nelson, Joshua",N18.6 - End stage renal disease,dialysis follow-up,Blue Cross Blue Shield,"$1,899.47",Rejected,2024-01-15T02:02:10Z
EPIC_NORTH,E2022224,lakeshore general hospital ,EN1007837,Matthew,O'Brien,2005-12-08,M,54187,(608) 555-0111,"Jan 10, 2023",2023-01-11T00:00:00,ED,1809320819,"Nguyen, Chloe", J45.901 ,wheezing at night,TRICARE,7293.23,Paid in Full,2023-02-03T01:27:41Z
EPIC_NORTH,E7592399,St Brendan Medical Center,EN1000860,Linda,Young,6/24/1943,F,53792,(920) 555-0109,"Nov 3, 2024",11/03/2024,Observation,1836016109,"Schmidt, Michelle",r10.9,chest pain,BCBS,"4,163.76 USD",DENIED,2024-11-22T11:33:15Z
EPIC_NORTH,E7192834,St. Brendan Medical Center,EN1007489,Rebecca,Novak,1950-10-05,F,54108,(608) 555-0102,2024-10-29,2024-10-29,EMERGENCY DEPT,1229836956,"Nelson, Joshua",I5022,shortness of breath and leg swelling for several days,MEDICARE PART A,"4,634.98 USD",DENIED,2024-11-04T14:10:27Z
EPIC_NORTH,E3670333,St. Brendan Medical Center,EN1007412,Jennifer,Hansen,06/20/1979,F,53706,(262) 555-0122,2024-03-20T00:00:00,03/27/2024,IN-PATIENT,1771884131,Dr. Karen Thompson,E78.5,"very little urine output, nausea",Tricare,"$18,569.57",Paid in Full,2024-04-04T09:49:51Z
EPIC_NORTH,E6927689,Maple Grove Pediatrics ,EN1008647,Mary,Harris,2016-12-23,F,53701,(920) 555-0183,5/20/2024,,Out Patient,1541465906,"Johnson, Samuel",Z00.129,flu shot,CIGNA HEALTH,"$1,073.13",Void,2024-06-07T07:19:41Z
EPIC_NORTH,E2255871,Lakeshore General Hospital,EN1005919,Rebecca,Johnson,1966-01-08,F,54111,(920) 555-0149,2/3/2023,2023-02-04,Inpatient,1787680457,"Moore, Lisa",J189,sore throat and fever,CIGNA HEALTH,"$20,335.45",Closed - Paid,2023-02-14T22:54:17Z
EPIC_NORTH,E2984803,Lakeshore Gen Hosp,EN1004792,Carlos,Hansen,09/30/1959,M,53707,(920) 555-0198,9/5/2024,2024-09-06,ED,1871689760,Dr. Ashley Walker,E11.65,fatigue and excessive thirst,BCBS,"$5,506.50",Denied,2024-09-22T21:08:22Z
EPIC_NORTH,E4454652,Lakeshore General Hospital,EN1004410,Andrew,Hall,1969-02-01,M,52084,(319) 555-0101,02/15/2023,2023-02-15,Emergency Room,1809320819,"Nguyen, Chloe",E1165,confusion with very high glucose,Medicaid,1285.32,Paid in Full,2023-02-27T08:46:35Z
EPIC_NORTH,E6411603,Lakeshore General Hospital,EN1000828,Laura,Wilson,1947-11-25,F,53170,(414) 555-0117,13/45/2024,11/28/2023,INPT,1787680457,Dr. Lisa Moore,I10,headache with elevated blood pressure,Medicare,"17,302.49 USD",Paid in Full,2023-12-02T21:29:21Z
EPIC_NORTH,E5379440,Lakeshore General Hospital,EN1004962,Nancy,Larson,1962-07-01,F,54392,(608) 555-0150,"Jan 1, 2023",2023-01-02,Emergency Room,1809320819,"Nguyen, Chloe",R51.9,fever for two days,BadgerCare Plus,$ 649.59,PAID,2023-01-25T04:55:45Z
EPIC_NORTH,E9823445,Lakeshore General Hospital,EN1001302,Chloe,Thompson,2/22/1968,F,53293,(262) 555-0127,2/10/2023,,OP,1701079810,"Hall, Linda",E10.9,diabetic follow-up and medication refill,AETNA INC,$515.54,Paid,2023-03-01T20:54:57Z
EPIC_NORTH,E6887882,Lakeshore General Hospital,EN1003363,Minh,Martinez,08/11/1967,M,53105,(414) 555-0155,04/18/2024,,Outpatient,1472671472,"King, Mei",Z23,annual physical,AETNA INC,"USD 1,023.39",Paid,2024-04-21T06:33:38Z
EPIC_NORTH,E9284574,Lakeshore General Hospital,EN1005488,Joshua,Brown,08/31/2000,M,53201,(262) 555-0136,2023-01-20,2023-01-20,EMERGENCY DEPT,1871689760,"Walker, Ashley",J45.901,wheezing at night,TRICARE,$2.30K,Paid in Full,2023-02-09T10:31:10Z
EPIC_NORTH,E4946688,Lakeshore General Hospital,EN1004676,Carlos,Nelson,1940-11-12,M,54311,(262) 555-0120,2024-05-28,2024-05-29,OBS,1309114175,Dr. Hannah King,R079,chest pain,IA Medicaid,"USD 17,776.20",Paid in Full,2024-06-16T07:17:42Z
EPIC_NORTH,E3736506,St. Brendan Medical Center,EN1003656,Rajesh,Davis,1929-12-18,M,53172,(920) 555-0182,2023-05-17,2023-05-17T00:00:00,Outpatient,1642524775,"Hall, Sarah",Z00.00,flu shot,Medicare,$518.95,PAID,2023-06-05T08:53:42Z
EPIC_NORTH,E3777165,Lakeshore General Hospital,EN1003602,Olivia,Mueller,11/20/1969,F,54123,(414) 555-0182,2023-05-29,2023-05-29,Outpatient,1472671472,Dr. Mei King,I50.22,pt Olivia Mueller reports shortness of breath and leg swelling for several days,BCBS,177.07,Paid in Full,2023-06-19T07:13:35Z
EPIC_NORTH,E7946928,Maple Grove Pediatrics,EN1005072,Karen,Novak,"Aug 10, 2012",F,54356,(608) 555-0188,02/26/2023,2023-02-26,Out Patient,1410646008,"Hernandez, Matthew",Z23,well child visit,BCBS,$135.92,PAID,2023-03-01T06:34:45Z
EPIC_NORTH,E9693659,Lakeshore General Hospital,EN1007377,Elizabeth,Taylor,1966-09-21,F,53150,(414) 555-0146,05/26/2024,2024-06-04,Inpatient,1309114175,"King, Hannah",J189,burning on urination,BadgerCare Plus,"USD 8,823.57",Paid,2024-06-27T07:24:53Z
EPIC_NORTH,E6502896,lakeshore general hospital ,EN1006333,Ryan,Schultz,1959-06-01T00:00:00,M,54174,(262) 555-0181,2023-07-31T00:00:00,"Jul 31, 2023",Emergency Room,1347897138,LOCUM PROVIDER,R51.9,severe headache,BCBS,"$3,817.84",Paid,2023-08-21T00:36:13Z
EPIC_NORTH,E1390106,Lakeshore General Hospital,EN1004669,Maria,Wagner,01/27/1938,F,53233,(262) 555-0126,2023-12-30,2023-12-30,Outpatient,1440029787,"Young, Olivia",I50.32,"unable to lie flat at night, ankle edema",Medicare - Part B,345.10,Closed - Paid,2024-01-11T13:26:44Z
EPIC_NORTH,E4416120,Maple Grove Pediatrics,EN1001837,Andrew,Martin,11/29/2015,M,53716,(414) 555-0192,03/16/2024,2024-03-16,OP,1410646008,"Hernandez, Matthew",J06.9,fever and cough,Aetna,"$1,915.46  ",Paid in Full,2024-03-21T10:20:38Z
EPIC_NORTH,E7834031,Maple Grove Pediatrics,EN1006310,Omar,Schultz,07/16/2009,M,53222,(920) 555-0106,03/26/2023,2023-03-26,OP,1410646008,"Hernandez, Matthew",J02.9,fever and cough,UnitedHealthcare,"1,448.91 USD",Paid,2023-03-30T05:02:52Z
EPIC_NORTH,E3752013,Maple Grove Pediatrics,EN1001403,Ethan,Peterson,2014-01-25T00:00:00,M,53733,(262) 555-0163,2023-05-10,05/10/2023,Virtual,NPI-189557,"Davis, Thomas",J06.9,sore throat and fever,Cigna,$123.94,Closed - Paid,2023-05-20T22:40:12Z
EPIC_NORTH,E9451379,Lakeshore General Hospital,EN1005255,Barbara,Olson,1985-07-25,F,53251,(262) 555-0197,2024-09-30,2024-09-30,Clinic Visit,1701079810,"Hall, Linda",M5450,joint stiffness in the morning,IA Medicaid,209.52 USD,Closed - Paid,2024-10-13T21:52:36Z
EPIC_NORTH,E9304977,Lakeshore Gen Hosp,EN1008235,Laura,White,6/10/1965,F,54315,(608) 555-0103,2024-08-02,2024-08-03T00:00:00,EMERGENCY DEPT,1447294053,"Peterson, Samuel",I10,hypertension follow-up,BCBS,"$1,292.59",Closed - Paid,2024-08-12T08:12:02Z
EPIC_NORTH,E1287440,Lakeshore General,EN1006195,Andrew,Walker,02/14/1966,M,54166,(920) 555-0130,04/17/2024,4/17/2024,ER,1447294053,"Peterson, Samuel", E11.65 ,confusion with very high glucose,CIGNA HEALTH,"$9,347.22",DENIED,2024-05-04T15:45:00Z
EPIC_NORTH,E6774006,Maple Grove Pediatrics ,EN1005461,Mei,Olson,05/12/2021,F,53246,(414) 555-0149,2023-06-23,2023-06-23T00:00:00,Clinic Visit,1541465906,Dr. Samuel Johnson,Z23,annual physical,Medicaid,"$1,301.82",DENIED,2023-06-28T05:58:03Z
EPIC_NORTH,E2903246,Lakeshore General Hospital,EN1000428,Chloe,Wagner,12/03/1981,F,52474,(319) 555-0172,2023-01-23,1/23/2023,Clinic Visit,1452059979,"Williams, Thomas",M54.50,joint stiffness in the morning,UHC,"USD 1,107.56",PAID,2023-02-10T07:42:37Z
EPIC_NORTH,E1592364,St. Brendan Medical Center,EN1003901,Carlos,Smith,03/30/1984,M,54149,(608) 555-0152,2024-11-18,11/18/2024,Out Patient,1642524775,Dr. Sarah Hall,I48.91,crushing chest pain spreading to left arm,CIGNA HEALTH,907.51,Paid in Full,2024-11-28T20:47:42Z
EPIC_NORTH,E7596143,Lakeshore General Hospital,EN1001698,Linda,Brown,1939-07-03,F,53772,(262) 555-0195,2023-08-19T00:00:00,08/19/2023,,1778486484,"Thomas, Emily", M54.50 ,knee pain worse on stairs,Tricare,$134.39,Paid in Full,2023-09-04T05:17:55Z
EPIC_NORTH,E5251159,MAPLE GROVE PEDS,EN1001631,Jacob,Schmidt,2013-12-18,M,53296,(920) 555-0122,08/22/2023,,Outpatient,1615846452,"O'Brien, Nancy",R50.9,severe headache,MEDICAID,$ 1070.74,PAID,2023-09-02T07:00:25Z
EPIC_NORTH,E8708946,LAKESHORE GENERAL HOSPITAL,EN1005731,Laura,Wilson,03/02/1983,F,54115,(920) 555-0194,09/07/2023,9/7/2023,ER,1447294053,Dr. Samuel Peterson, S06.0X0A ,head injury after a fall,UnitedHealthcare,"$6,984.55",Paid,2023-09-22T13:37:58Z
EPIC_NORTH,E1983968,ST BRENDAN MED CTR,EN1008040,Brian,King,09/25/1976,M,53728,(414) 555-0194,10/08/2024,10/17/2024,INPT,1129110288,"Jensen, Susan",I48.91,palpitations and dizziness,Blue Cross Blue Shield,49899.02,Paid,2024-10-26T12:04:42Z
EPIC_NORTH,E5765331,Lakeshore General Hospital,EN1002304,Emily,Van Dyke,11/25/1947,F,54186,(262) 555-0164,2023-07-19,7/19/2023,ER,1871689760,Dr. Ashley Walker, E11.65 ,fatigue and excessive thirst,Medicare,797.86 USD,Paid in Full,2023-08-04T18:48:11Z
EPIC_NORTH,E7671210,Lakeshore General,EN1006615,Katherine,Moore,05/05/1970,F,54104,(608) 555-0108,2024-08-21,08/23/2024,INPT,1536455680,"Kowalski, Noah",N17.9,"very little urine output, nausea",State Medicaid Plan,"$59,610.40",PAID,2024-09-17T10:17:14Z
EPIC_NORTH,E1385309,Maple Grove Pediatrics,EN1008278,William,Novak,2016-11-02,M,53121,(920) 555-0115,2024-09-20T00:00:00,,Out Patient,1895579906,"Davis, Thomas",R50.9,fever for two days,CIGNA HEALTH,801.19 USD,Paid in Full,2024-10-10T13:36:56Z
EPIC_NORTH,E4418536,lakeshore general hospital ,EN1002993,Hannah,Jensen,07/31/1963,F,53156,(920) 555-0128,2024-02-13,2024-02-13,Obs Stay,1536455680,"Kowalski, Noah",I5022,"worsening breathlessness on exertion, weight up 3 kg",TRICARE,"15,839.20 USD",Paid in Full,2024-02-19T15:12:12Z
EPIC_NORTH,E9450598,St. Brendan Medical Center,EN1008357,Olivia,Clark,06/19/1950,F,54381,(262) 555-0129,2023-04-27,04/30/2023,IN-PATIENT,1939494823,"Jackson, William",I21.9,palpitations and dizziness,UnitedHealthcare,"$52,976.35",Paid in Full,2023-05-16T19:53:43Z
EPIC_NORTH,E3991155,St. Brendan Medical Center,EN1008040,Brian,King,1976-09-25,M,53728,(414) 555-0194,2023-11-26,"Nov 26, 2023",Emergency,1229836956,Dr. Joshua Nelson,R07.9,severe headache,AETNA INC,"USD 3,720.93",Paid,2023-12-01T21:02:04Z
EPIC_NORTH,E8982300,Lakeshore General Hospital,EN1000725,Matthew,Taylor,12/22/1965,M,53110,(414) 555-0100,"Nov 21, 2023",2023-11-22,EMERGENCY DEPT,1871689760,Dr. Ashley Walker,N18.6,swelling and reduced urine output,Cigna,"USD 1,243.90",Closed - Paid,2023-11-27T00:17:02Z
EPIC_NORTH,E6305520,Maple Grove Pediatrics ,EN1000447,Olivia,Clark,6/29/2009,F,54359,(414) 555-0177,11/19/2023,,Outpatient,1895579906,Dr. Thomas Davis,Z23,flu shot,UnitedHealthcare,$366.99,Paid,2023-12-06T02:55:12Z
EPIC_NORTH,E3759910,St. Brendan Medical Center,EN1001656,Margaret,Williams,07/03/1980,F,53220,(414) 555-0123,02/14/2023,"Feb 14, 2023",ED,1860320807,"Schultz, Rebecca",s93.401a,head injury after a fall,UHC,"$4,731.87",Paid in Full,2023-03-10T14:08:19Z
EPIC_NORTH,E1064720,St. Brendan Medical Center,EN1002064,Minh,Kim,"Jul 26, 1953",M,54193,(262) 555-0190,2023-07-19,07/20/2023,ER,1028382228,"Wilson, Chloe", S06.0X0A ,"fell on outstretched hand, wrist pain",Medicare,$606.77,Denied,2023-08-01T23:33:53Z
EPIC_NORTH,E7474804,ST BRENDAN MED CTR,EN1000551,Ashley,Schultz,12/25/1970,F,53226,(262) 555-0115,2024-10-22,,Outpatient,1642524775,"Hall, Sarah",E11.9,fatigue and excessive thirst,Blue Cross Blue Shield,"$1,297.09  ",PAID,2024-10-25T01:51:49Z
EPIC_NORTH,E9650743,MAPLE GROVE PEDS,EN1004854,Joshua,Garcia-Lopez,12/20/2010,M,54381,(920) 555-0169,2024-07-08,2024-07-08,Office Visit,1895579906,"Davis, Thomas","R50.9 - Fever, unspecified",fever for two days,Blue Cross Blue Shield,456.64 USD,Paid,2024-07-26T23:58:12Z
EPIC_NORTH,E6079791,Lakeshore General Hospital,EN1007655,ETHAN,NGUYEN,04/22/1958,M,53118,(608) 555-0143,10/16/2024,2024-10-26,INPT,1778486484,"Thomas, Emily",A41.9,cold symptoms for a week,MEDICARE PART A,8559.29,Closed - Paid,2024-10-29T22:11:34Z
EPIC_NORTH,E4421198,St. Brendan Medical Center,EN1008520,Tyler,Smith,"Aug 19, 1960",M,54134,(608) 555-0169,09/25/2024,2024-09-25T00:00:00,EMERGENCY DEPT,1028382228,"Wilson, Chloe",I5022,"worsening breathlessness on exertion, weight up 3 kg",UnitedHealthcare,"USD 1,421.52",Closed - Paid,2024-10-19T08:10:08Z
EPIC_NORTH,E4032800,Lakeshore General Hospital,EN1001842,Matthew,Jackson,1997-12-31,M,54128,(262) 555-0119,2024-05-29,05/29/2024,Out Patient,1701079810,"Hall, Linda",Z00.00,well child visit,TRICARE,200.27 USD,PAID,2024-06-12T01:14:34Z
EPIC_NORTH,E9564461,Lakeshore General Hospital,EN1001521,Omar,Becker,1954-08-11T00:00:00,M,53173,(414) 555-0147,"Jun 2, 2023",,Out Patient,1452059979,Dr. Thomas Williams,j44.9,"short of breath, using rescue inhaler more often",MCR,"$1,524.34",Closed - Paid,2023-06-15T15:42:53Z
EPIC_NORTH,E7409213,St Brendan Medical Center,EN1000830,Margaret,Nelson,"Apr 20, 1962",F,53284,(608) 555-0101,2024-02-26,2024-02-27,Emergency,1860320807,"Schultz, Rebecca",R51.9,abdominal pain since morning,Uninsured,"$2,740.57",PAID,2024-03-02T19:33:22Z
EPIC_NORTH,E7157928,St Brendan Medical Center,EN1006706,Thomas,White,10/13/1980,M,53104,(608) 555-0180,05/04/2023,2023-05-13,IN-PATIENT,1008754750,"Hoffman, Katherine", J18.9 ,cold symptoms for a week,IA Medicaid,15074.51,Closed - Paid,2023-05-16T20:44:06Z
EPIC_NORTH,E1062547,Maple Grove Pediatrics,EN1004696,Linda,Martin,2019-02-17,F,53798,(262) 555-0120,12/04/2023,,Clinic Visit,1895579906,"Davis, Thomas",J069,burning on urination,Aetna,"$1,210.18",Paid,2023-12-17T22:28:24Z
EPIC_NORTH,E3955940,lakeshore general hospital ,EN1003097,Katherine,Clark,05/22/1976,F,53162,(920) 555-0107,2024-02-27T00:00:00,2024-03-01T00:00:00,INPT,1440029787,Dr. Olivia Young,J44.1,increased cough and wheezing,UnitedHealthcare,"$10,550.26  ",Closed - Paid,2024-03-09T03:49:36Z
EPIC_NORTH,E2603923,Lakeshore General Hospital,EN1000535,Laura,Nguyen,1976-08-15,F,53124,(608) 555-0197,"Mar 25, 2024",2024-03-26,EMERGENCY DEPT,1809320819,"Nguyen, Chloe",R10.9,chest pain,UHC,$ 723.46,PAID,2024-04-08T20:58:35Z
EPIC_NORTH,E3588145,St Brendan Medical Center,EN1003465,Ashley,Schmidt,"Jul 16, 1931",F,53119,(262) 555-0195,2024-02-08,02/09/2024,Emergency Room,1028382228,Dr. Chloe Wilson,E11.65,fatigue and excessive thirst,MEDICARE PART A,$788.32  ,Paid,2024-02-27T23:57:30Z
EPIC_NORTH,E4866774,Lakeshore General Hospital,EN1000329,William,Harris,1967-09-11,M,54180,(414) 555-0153,5/27/2023,2023-05-27,EMERGENCY DEPT,1871689760,Dr. Ashley Walker,r10.9,chest pain,Aetna,$3.08K,PAID,2023-06-17T10:35:04Z
EPIC_NORTH,E3333790,St. Brendan's Medical Center,EN1005093,Jennifer,Thomas,9/6/1960,F,54379,(262) 555-0152,"Oct 26, 2023",2023-10-26,ED,1028382228,"Wilson, Chloe",S06.0X0A,"fell on outstretched hand, wrist pain",UHC,"USD 1,411.33",Paid,2023-11-04T08:57:11Z
EPIC_NORTH,E1008384,Lakeshore General Hospital,EN1002450,Sarah,Kowalski,01/12/1955,F,53141,(262) 555-0102,2023-06-12,2023-06-22,INPT,1701079810,Dr. Linda Hall,I48.91,palpitations and dizziness,SELFPAY,"USD 26,774.86",Paid,2023-07-02T02:11:00Z
EPIC_NORTH,E7250518,MAPLE GROVE PEDS,EN1008066,Ethan,Hernandez,10/28/2020,M,54326,(920) 555-0185,07/25/2023,07/25/2023,OP,1410646008,"Hernandez, Matthew",R50.9,fever for two days,AETNA INC,964.74 USD,Paid,2023-08-03T07:19:21Z
EPIC_NORTH,E5731145,St. Brendan's Medical Center,EN1004480,Brian,Martinez,03/29/1988,M,54318,(262) 555-0177,04/09/2023,04/16/2023,IN-PATIENT,1682052588,"Wright, James",j18.9,fever and cough,CIGNA HEALTH,"$76,142.49",Paid,2023-04-20T16:54:37Z
EPIC_NORTH,E8787701,Saint Brendan Medical Center,EN1007299,Aaron,O'Brien,1962-03-24,M,54314,(920) 555-0125,01/20/2023,2023-01-28,IN-PATIENT,1771884131,"Thompson, Karen",A41.9,burning on urination,UnitedHealthcare,"$64,958.24",Paid,2023-02-08T17:00:52Z
EPIC_NORTH,E5891348,St Brendan Medical Center,EN1007795,Emily,Wright,"Sep 5, 1976",F,54153,(608) 555-0131,01/15/2024,01/15/2024,Outpatient,1939494823,"Jackson, William",I48.91,palpitations and dizziness,IA Medicaid,$355.31  ,Closed - Paid,2024-01-31T14:35:37Z
EPIC_NORTH,E2829369,Lakeshore General Hospital,EN1005255,Barbara,Olson,1985-07-25,F,53251,(262) 555-0197,2023-04-30,2023-04-30,ED,1447294053,"Peterson, Samuel",R51.9,severe headache,Medicaid,$3.28K,Closed - Paid,2023-05-04T06:05:23Z
EPIC_NORTH,E9355967,Lakeshore General Hospital,EN1000019,Rebecca,Rodriguez,1973-01-31,F,53213,(920) 555-0111,07/23/2023,7/23/2023,ER,1447294053,Dr. Samuel Peterson,E11.65,confusion with very high glucose,Workers Comp,$618.12,Paid in Full,2023-08-16T15:15:41Z
EPIC_NORTH,E4979066,Lakeshore General Hospital,EN1003959,Anthony,Lopez,"Jan 15, 1951",M,54347,(608) 555-0154,2031-06-28,01/19/2023,Observation,1440029787,"Young, Olivia",I48.91,crushing chest pain spreading to left arm,Medicare,$11.22K,PAID,2023-01-26T08:33:35Z
EPIC_NORTH,E2628417,St. Brendan Medical Center,EN1006312,Hannah,Mueller,08/03/1991,F,54142,(262) 555-0107,08/28/2024,2024-09-06T00:00:00,inpatient admission,1008754750,"Hoffman, Katherine",J45.901,wheezing at night,BCBS,"$15,315.56",Paid,2024-09-14T22:18:58Z
EPIC_NORTH,E7241506,Lakeshore General Hospital,EN1006424,Elizabeth,Larson,1958-01-18,F,53710,(608) 555-0110,2023-03-04,03/04/2023,EMERGENCY DEPT,1871689760,"Walker, Ashley", I50.22 ,"unable to lie flat at night, ankle edema",BadgerCare Plus,$661.89,Paid in Full,2023-03-29T02:44:43Z
EPIC_NORTH,E2489918,Lakeshore General Hospital,EN1007377,Elizabeth,Taylor,9/21/1966,F,53150,(414) 555-0146,12/14/2023,,OP,1984162291,"Hansen, Brian",i10,blood pressure check,State Medicaid Plan,$654.08,Closed - Paid,2023-12-27T22:12:24Z
EPIC_NORTH,E7086408,St. Brendan's Medical Center,EN1006312,Hannah,Mueller,1991-08-03,F,54142,(262) 555-0107,"Nov 5, 2024",2024-11-12,IP,1642524775,Dr. Sarah Hall,I48.91,crushing chest pain spreading to left arm,UHC,"$33,826.35",PAID,2024-11-20T04:27:31Z
EPIC_NORTH,E5923088,Lakeshore General Hospital,EN1008260,Ethan,Patel,1970-05-03,M,53164,(920) 555-0112,2023-07-05,07/15/2023,inpatient admission,1778486484,"Thomas, Emily", E11.65 ,high blood sugar readings at home,MCR,$59.08K,Paid in Full,2023-08-04T09:48:41Z
EPIC_NORTH,E6144625,LAKESHORE GENERAL HOSPITAL,EN1000932,Maria,Anderson,"Mar 9, 1961",F,53249,(414) 555-0105,2023-01-09,,Office Visit,1701079810,"Hall, Linda",E10.9,fatigue and excessive thirst,CIGNA HEALTH,358.18,Closed - Paid,2023-01-25T14:45:28Z
EPIC_NORTH,E4286693,St. Brendan's Medical Center,EN1001726,Omar,Thompson,03/19/1971,M,54393,(920) 555-0119,"Oct 4, 2024",10/04/2024,Obs Stay,1836016109,"Schmidt, Michelle",N39.0,cold symptoms for a week,AETNA INC,12574.20,Paid in Full,2024-10-09T22:28:34Z
EPIC_NORTH,E5389341,Lakeshore Gen Hosp,EN1002533,Mark,Garcia-Lopez,1964-11-07,M,53267,(414) 555-0159,"Sep 27, 2023","Sep 27, 2023",Office Visit,1778486484,"Thomas, Emily",I10,hypertension follow-up,Aetna,$144.15,PAID,2023-10-14T09:42:43Z
EPIC_NORTH,E1136149,St. Brendan's Medical Center,EN1008037,Laura,Harris,4/30/1969,F,53759,(414) 555-0181,"Mar 2, 2024",2024-03-05,INPT,1836016109,"Martinez, Michelle",I10,blood pressure check,AETNA INC,"$38,828.21",Paid in Full,2024-03-06T16:30:50Z
EPIC_NORTH,E4182149,Lakeshore General Hospital,EN1007377,Elizabeth,Taylor,"Sep 21, 1966",F,53150,(414) 555-0146,2024-07-06,2024-07-14,Inpatient,1536455680,Dr. Noah Kowalski,i10,hypertension follow-up,MEDICAID,"$17,118.19",Closed - Paid,2024-08-01T20:00:38Z
EPIC_NORTH,E9030429,Lakeshore General Hospital,EN1006936,Laura,Clark,"Jan 15, 1994",F,53757,(414) 555-0157,2024-10-24,,Clinic Visit,1787680457,"Moore, Lisa",M54.50,joint stiffness in the morning,BadgerCare Plus,644.60,PAID,2024-10-31T16:57:45Z
EPIC_NORTH,E4691813,St. Brendan Medical Center,EN1002176,Omar,Wright,"Jun 24, 1960",M,53198,(414) 555-0133,08/20/2023,"Aug 20, 2023",Emergency Room,1028382228,"Wilson, Chloe",R07.9,fever for two days,BCBS,$2.98K,PAID,2023-08-23T16:49:00Z
EPIC_NORTH,E7366110,Lakeshore General,EN1004497,Rajesh,Kim,05/14/1992,M,54158,(414) 555-0181,09/08/2024,2024-09-08,EMERGENCY DEPT,1860320807,Dr. Rebecca Schultz,"S06.0X0A - Concussion without loss of consciousness, initial encounter",twisted ankle playing basketball,Self Pay,$865.62,Denied,2024-09-27T22:02:20Z
EPIC_NORTH,E5276412,Lakeshore General Hospital,EN1000332,Ana,Wright,04/30/1960,F,54312,(414) 555-0124,2023-03-22,,Outpatient,1787680457,"Moore, Lisa",Z00.00,flu shot,UnitedHealthcare,$579.70  ,Closed - Paid,2023-04-09T03:53:49Z
EPIC_NORTH,E6387124,St Brendan Medical Center,EN1008520,Tyler,Smith,"Aug 19, 1960",M,54134,(608) 555-0169,06/20/2023,06/30/2023,Inpatient,1008754750,"Hoffman, Katherine",I50.22,"heart failure follow-up, fluid tablets review",UnitedHealthcare,"$9,922.14",Paid,2023-07-17T19:12:29Z
EPIC_NORTH,E5710453,St. Brendan Medical Center,EN1005116,Nancy,Van Dyke,1973-04-20,F,53173,(920) 555-0166,"Dec 27, 2023",01/07/2024,Inpatient,1008754750,"Hoffman, Katherine",A419,fever and cough,IA Medicaid,$ 54746.38,Paid,2024-01-30T09:33:17Z
EPIC_NORTH,E7395230,Lakeshore General Hospital,EN1001302,Chloe,Thompson,02/22/1968,F,53293,(262) 555-0127,02/21/2023,02/21/2023,ED,1447294053,"Peterson, Samuel",E11.65,fatigue and excessive thirst,Cigna,$7.54K,Closed - Paid,2023-03-10T07:20:51Z
EPIC_NORTH,E5331906,LAKESHORE GENERAL HOSPITAL,EN1000247,Mary,O'Brien,11/30/1966,F,53119,(920) 555-0181,7/25/2024,2024-07-25T00:00:00,ED,1860320807,"Schultz, Rebecca",R51.9,fever for two days,Blue Cross Blue Shield,"$1,952.60  ",Paid,2024-08-02T02:42:07Z
EPIC_NORTH,E9255276,Maple Grove Pediatrics ,EN1008066,Ethan,Hernandez,10/28/2020,M,54326,(920) 555-0185,2024-05-06,,Virtual,1615846452,"O'Brien, Nancy",J06.9,burning on urination - callback (920) 555-0185,Blue Cross Blue Shield,$294.93,PAID,2024-05-17T11:00:55Z
EPIC_NORTH,E1470958,LAKESHORE GENERAL HOSPITAL,EN1004251,Sarah,Schmidt,1964-05-25T00:00:00,F,53706,(414) 555-0118,2024-07-27,"Jul 27, 2024",Clinic Visit,1440029787,Dr. Olivia Young,R10.9,abdominal pain since morning,AETNA INC,672.54 USD,Closed - Paid,2024-08-20T19:01:26Z
EPIC_NORTH,E3155530,Lakeshore General Hospital,EN1004251,Sarah,Schmidt,1964-05-25,F,53706,(414) 555-0118,2023-09-16,"Sep 16, 2023",Emergency Room,1809320819,Dr. Chloe Nguyen,I10,blood pressure check,CIGNA HEALTH,"USD 2,556.87",PAID,2023-09-26T00:27:17Z
EPIC_NORTH,E5028010,LAKESHORE GENERAL HOSPITAL,EN1007150,Ana,Walker,1955-05-31,F,53205,(262) 555-0182,2/10/2023,02/19/2023,IP,1139986982,Dr. Anthony Schmidt,J18.9,fever and cough,MEDICARE PART A,$ 33101.49,Paid,2023-02-28T06:21:39Z
EPIC_NORTH,E4823846,St. Brendan Medical Center,EN1003052,Mary,O'Brien,06/27/1974,F,53180,(262) 555-0107,2023-06-07,06/07/2023,,1682052588,"Wright, James", Z23 ,flu shot,BadgerCare Plus,$982.88,Paid in Full,2023-06-30T16:46:15Z
EPIC_NORTH,E7140732,Lakeshore General Hospital,EN1004743,Mark,Young,"Mar 2, 1965",M,54168,(414) 555-0129,05/08/2023,2023-05-18T00:00:00,IP,1139986982,Dr. Anthony Schmidt,I10,blood pressure check,AETNA INC,"$9,808.68",Paid,2023-06-10T17:52:29Z
EPIC_NORTH,E2173112,Saint Brendan Medical Center,EN1006662,NANCY,JONES,06/08/1975,F,52431,(563) 555-0157,03/06/2023,2023-03-16,INPT,1771884131,"Thompson, Karen",J44.1,increased cough and wheezing,CIGNA HEALTH,"USD 53,040.22",VOIDED,2023-03-29T11:17:43Z
EPIC_NORTH,E1107221,Maple Grove Pediatrics,EN1004759,Anthony,Novak,5/3/2013,M,53712,(608) 555-0157,2024-08-30,2024-08-30T00:00:00,Out Patient,1895579906,Dr. Thomas Davis,Z23,flu shot,IA Medicaid,864.95,Paid,2024-09-03T00:32:28Z
EPIC_NORTH,E1303865,Lakeshore General Hospital,EN1000271,Emily,Thompson,"Feb 21, 1940",F,52013,(563) 555-0126,2024-05-18,5/28/2024,Inpatient,1472671472,Dr. Mei King,J44.1,"COPD review, breathing stable",MEDICARE PART A,$ 89077.36,Paid,2024-06-17T17:02:31Z
EPIC_NORTH,E2667571,Lakeshore General Hospital,EN1001622,Karen,Becker,1946-01-28,F,53173,(608) 555-0170,2024-05-04,05/12/2024,IP,1472671472,"King, Mei",J18.9,cold symptoms for a week,Medicare,12384.32,PAID,2024-05-18T17:22:21Z
EPIC_NORTH,E3356054,Maple Grove Pediatrics,EN1006310,Omar,Schultz,2009-07-16T00:00:00,M,53222,(920) 555-0106,03/02/2023,2023-03-02,OP,1615846452,"O'Brien, Nancy",J06.9,confusion and high fever,Blue Cross Blue Shield,USD 150.21,PAID,2023-03-20T02:25:45Z
EPIC_NORTH,E6091608,Lakeshore General Hospital,EN1003996,Jennifer,Nelson,1933-07-20T00:00:00,F,53189,(608) 555-0174,"Aug 11, 2024",08/11/2024,Outpatient,1984162291,Dr. Brian Hansen, M54.50 ,knee pain worse on stairs,N/A,"$2,400.39",PAID,2024-08-20T22:18:08Z
EPIC_NORTH,E3730479,Lakeshore General Hospital,EN1007817,Mark,Taylor,04/25/1980,M,53773,(920) 555-0134,06/21/2023,,Out Patient,1452059979,"Williams, Thomas",R10.9,fever for two days,BadgerCare Plus,2379.00,Paid in Full,2023-07-10T08:31:12Z
EPIC_NORTH,E1782899,Maple Grove Pediatrics,EN1001542,Lisa,Wagner,2022-03-28,F,54387,(608) 555-0147,01/23/2024,,Out Patient,1895579906,"Davis, Thomas",J06.9,sore throat and fever,MEDICAID,2233.88,Paid,2024-02-07T12:15:57Z
EPIC_NORTH,E2982504,Lakeshore Gen Hosp,EN1004383,Kevin,Brown,11/21/1982,M,53279,(920) 555-0173,05/27/2024,05/27/2024,OP,1984162291,Dr. Brian Hansen,N18.4,swelling and reduced urine output,Blue Cross Blue Shield,"$2,262.75",Paid in Full,2024-06-02T21:27:00Z
EPIC_NORTH,E7384739,Maple Grove Pediatrics ,EN1005146,William,Hansen,2020-12-18,M,53136,(920) 555-0156,"Apr 28, 2023",2023-04-28,Out Patient,1615846452,"O'Brien, Nancy",J06.9,burning on urination,Aetna,911.06,DENIED,2023-04-30T19:28:29Z
EPIC_NORTH,E2463574,St. Brendan Medical Center,EN1005481,Laura,Mueller,1975-01-05,F,53751,(414) 555-0191,11/24/2024,2024-12-04,IN-PATIENT,1771884131,"Thompson, Karen",I50.22,"worsening breathlessness on exertion, weight up 3 kg",UHC,$68.06K,SUBMITTED,2024-12-06T08:57:46Z
EPIC_NORTH,E4112700,Saint Brendan Medical Center,EN1006312,Hannah,Mueller,1991-08-03,F,54142,(262) 555-0107,2023-06-16T00:00:00,"Jun 17, 2023",ER,1860320807,"Schultz, Rebecca",r07.9,abdominal pain since morning,Aetna,$10.99K,PAID,2023-07-08T14:24:05Z
EPIC_NORTH,E5415322,Lakeshore Gen Hosp,EN1007377,Elizabeth,Taylor,1966-09-21,F,53150,(414) 555-0146,2/18/2024,02/20/2024,INPT,1787680457,Dr. Lisa Moore,I63.9,slurred speech and facial droop,MEDICAID,"22,502.87 USD",PAID,2024-02-24T07:35:34Z
EPIC_NORTH,E3049809,Saint Brendan Medical Center,EN1007446,Priya,Williams,1985-04-15,F,53198,(920) 555-0100,2024-05-06T00:00:00,2024-05-06,,1860320807,Dr. Rebecca Schultz,S93.401A,head injury after a fall,State Medicaid Plan,"$3,949.53",Rejected,2024-05-18T02:15:52Z
EPIC_NORTH,E7596338,St Brendan Medical Center,EN1005116,Nancy,Van Dyke,"Apr 20, 1973",F,53173,(920) 555-0166,00/00/0000,2024-11-11,ER,1028382228,"Wilson, Chloe",R10.9,fever for two days,Medicaid,"$3,833.84  ",Paid in Full,2024-11-18T04:43:15Z
EPIC_NORTH,E9937662,ST BRENDAN MED CTR,EN1005398,Ethan,Johnson,1974-05-23,M,54335,(414) 555-0173,2/19/2023,2023-02-22,inpatient admission,1642524775,"Hall, Sarah",J441,increased cough and wheezing,State Medicaid Plan,59141.30,Paid,2023-03-03T13:21:58Z
EPIC_NORTH,E4512971,St. Brendan Medical Center,EN1004916,Elizabeth,Williams,1979-02-24T00:00:00,F,53272,(414) 555-0186,2023-12-30,,Office Visit,1939494823,Dr. William Jackson,R10.9,abdominal pain since morning,BCBS,2004.97,Closed - Paid,2024-01-12T23:21:04Z
EPIC_NORTH,E1284075,Lakeshore Gen Hosp,EN1001038,Ethan,Johnson,11/5/1966,M,53280,(920) 555-0178,2024-06-22T00:00:00,2024-06-22T00:00:00,Observation,1472671472,"King, Mei",I4891,crushing chest pain spreading to left arm,CIGNA HEALTH,10907.45,Closed - Paid,2024-06-23T09:42:16Z
EPIC_NORTH,E8140628,St. Brendan Medical Center,EN1004320,Mei,White,1961-06-14,F,53152,(608) 555-0195,2023-08-22T00:00:00,2023-09-03,Inpatient,1836016109,Dr. Michelle Martinez,J441,productive cough with low oxygen readings at home,AETNA INC,"$18,611.13",Paid in Full,2023-09-21T20:45:18Z
EPIC_NORTH,E8064450,Lakeshore General Hospital,EN1003773,Priya,Hansen,09/07/1945,F,54103,(262) 555-0157,"Jun 4, 2024",2024-06-04,Observation,1787680457,Dr. Lisa Moore,R07.9,severe headache,MCR,14502.14,Closed - Paid,2024-06-18T20:26:30Z
EPIC_NORTH,E5598507,St. Brendan Medical Center,EN1008390,Lisa,Martinez,1977-04-27T00:00:00,F,54326,(262) 555-0157,2023-01-31,,Out Patient,1682052588,"Wright, James",I48.91,crushing chest pain spreading to left arm,State Medicaid Plan,268.29,Closed - Paid,2023-02-06T08:59:04Z
EPIC_NORTH,E4540969,Lakeshore General Hospital,EN1006195,Andrew,Walker,1966-02-14,M,54166,(920) 555-0130,09/19/2024,2024-09-20T00:00:00,Obs Stay,1440029787,"Young, Olivia",e11.65,confusion with very high glucose,Aetna,"6,944.60 USD",Denied,2024-10-09T21:34:22Z
EPIC_NORTH,E5454934,Lakeshore General Hospital,EN1004526,Samuel,Nelson,8/15/1990,M,53722,(920) 555-0130,10/29/2024,2024-10-31T00:00:00,inpatient admission,1536455680,Dr. Noah Kowalski,J18.9,burning on urination,Medicaid,"$21,707.07  ",Paid in Full,2024-11-21T05:34:35Z
EPIC_NORTH,E2874141,St. Brendan Medical Center,EN1006107,Andrew,Novak,"Aug 10, 1983",M,54181,(608) 555-0137,2024-08-29,2024-08-29,ER,1229836956,"Nelson, Joshua",I50.9,"worsening breathlessness on exertion, weight up 3 kg",UnitedHealthcare,$ 11320.05,Paid,2024-09-06T16:42:07Z
EPIC_NORTH,E7175973,Maple Grove Pediatrics,EN1004752,Anthony,Miller,2015-12-05,M,53285,(262) 555-0163,6/28/2023,2023-06-28,Office Visit,1895579906,Dr. Thomas Davis,Z23,annual physical,Aetna,$667.08,Paid in Full,2023-06-30T10:53:17Z
EPIC_NORTH,E8584967,Maple Grove Pediatrics,EN1003157,David,O'Brien,2019-11-30,M,53114,(608) 555-0144,08/27/2024,08/27/2024,Outpatient,1541465906,"Johnson, Samuel",Z23,well child visit,MEDICAID,$899.47,Paid,2024-09-13T23:17:14Z
EPIC_NORTH,E1246240,Lakeshore Gen Hosp,EN1001482,Emily,Lewis,07/03/1959,F,53215,(920) 555-0176,07/27/2023,2023-07-27,ED,1447294053,"Peterson, Samuel",J441,increased cough and wheezing,MCR,$4.48K,Denied,2023-08-21T17:17:27Z
EPIC_NORTH,E5041100,St. Brendan Medical Center,EN1001656,Margaret,Williams,07/03/1980,F,53220,(414) 555-0123,2024-03-31,,Outpatient,1939494823,"Jackson, William",R10.9,abdominal pain since morning,CIGNA HEALTH,$130.94,Paid in Full,2024-04-12T22:44:16Z
EPIC_NORTH,E4120916,Maple Grove Pediatrics ,EN1001075,Emily,Nguyen,2008-03-30T00:00:00,F,53262,(920) 555-0127,2023-03-20T00:00:00,03/20/2023,Outpatient,1410646008,"Hernandez, Matthew",J06.9,sore throat and fever,State Medicaid Plan,"$1,749.32",PAID,2023-03-28T23:35:18Z
EPIC_NORTH,E3528969,ST BRENDAN MED CTR,EN1002193,Omar,Garcia,1991-02-14,M,53271,(414) 555-0139,04/10/2023,2023-04-11,OBS,1008754750,Dr. Katherine Hoffman,J45.901,asthma flare after a cold,UHC,$6.48K,Closed - Paid,2023-05-06T07:19:58Z
EPIC_NORTH,E3467161,St. Brendan Medical Center,EN1008037,Laura,Harris,04/30/1969,F,53759,(414) 555-0181,6/17/2024,06/22/2024,Inpatient,1682052588,"Wright, James", I21.9 ,palpitations and dizziness,Aetna,8756.86,PAID,2024-07-13T20:37:35Z
EPIC_NORTH,E3663103,Saint Brendan Medical Center,EN1004543,Chloe,Martinez,1943-03-29,F,53734,(608) 555-0166,2024-04-19T00:00:00,2024-04-26T00:00:00,IN-PATIENT,1771884131,"Thompson, Karen",I50.22,shortness of breath and leg swelling for several days,MCR,11533.98,Closed - Paid,2024-05-03T07:25:43Z
EPIC_NORTH,E1251702,Maple Grove Pediatric Clinic,EN1001403,Ethan,Peterson,01/25/2014,M,53733,(262) 555-0163,2024-05-28,,Office Visit,1410646008,Dr. Matthew Hernandez,J02.9,fever and cough,UHC,$181.94,PAID,2024-06-13T15:57:50Z
EPIC_NORTH,E3112748,Lakeshore General Hospital,EN1003889,Carlos,Harris,12/11/1946,M,53154,(262) 555-0124,2023-12-20,12/20/2023,Out Patient,1452059979,"Williams, Thomas", N18.4 ,dialysis follow-up,MEDICARE PART A,652.59,Void,2024-01-04T19:39:06Z
EPIC_NORTH,E5969028,St. Brendan Medical Center,EN1006483,Daniel,Novak,05/25/1977,M,54131,(414) 555-0133,2024-08-28,,Outpatient,1682052588,"Wright, James",I50.22,"unable to lie flat at night, ankle edema",Aetna,$ 736.05,PAID,2024-09-13T17:30:16Z
EPIC_NORTH,E2130940,St. Brendan Medical Center,EN1001333,Susan,Lee,"Jul 19, 1985",F,54309,(262) 555-0159,2024-05-16,"May 17, 2024",Emergency Room,1028382228,Dr. Chloe Wilson,e11.65,confusion with very high glucose,UHC,$ 4520.34,Closed - Paid,2024-06-03T09:09:58Z
EPIC_NORTH,E8585974,Saint Brendan Medical Center,EN1000570,Linda,Kowalski,03/06/1972,F,54152,(262) 555-0169,"Apr 14, 2024",04/18/2024,IN-PATIENT,1771884131,Dr. Karen Thompson,I48.91,crushing chest pain spreading to left arm,UnitedHealthcare,17688.62,Closed - Paid,2024-04-28T22:52:13Z
EPIC_NORTH,E1835998,Lakeshore General Hospital,EN1007371,Ethan E,King,02/17/1961,M,53113,(608) 555-0178,05/24/2023,2023-05-30T00:00:00,IP,1309114175,Dr. Hannah King,I50.22,"worsening breathlessness on exertion, weight up 3 kg",CIGNA HEALTH,"$94,769.51",Paid,2023-06-14T15:11:21Z
EPIC_NORTH,E1093104,Lakeshore General Hospital,EN1003602,Olivia,Mueller,"Nov 20, 1969",F,54123,(414) 555-0182,2023-03-11,2023-03-11,OBS,1139986982,"Schmidt, Anthony",I50.22,"unable to lie flat at night, ankle edema",Blue Cross Blue Shield,"$15,077.29",Closed - Paid,2023-04-05T05:35:29Z
EPIC_NORTH,E1508644,Lakeshore General Hospital,EN1001019,Joshua,Harris,12/28/1980,M,52052,(319) 555-0169,2023-10-23,10/29/2023,inpatient admission,1452059979,"Williams, Thomas",N18.6,kidney function review,UnitedHealthcare,47017.63,Denied,2023-11-08T09:17:08Z
EPIC_NORTH,E7966366,St. Brendan's Medical Center,EN1006213,Andrew,Martin,1996-07-04T00:00:00,M,53721,(920) 555-0151,2023-04-27,04/27/2023,Out Patient,1939494823,Dr. William Jackson,I48.91,palpitations and dizziness,Uninsured,$140.31,PAID,2023-05-10T19:39:40Z
EPIC_NORTH,E9450488,Saint Brendan Medical Center,EN1002497,Brian,Hall,02/06/2002,M,53710,(608) 555-0109,2023-12-15,2023-12-15,ED,1229836956,"Nelson, Joshua",S93401A,twisted ankle playing basketball,CIGNA HEALTH,$ 6224.32,Denied,2024-01-05T19:46:01Z
EPIC_NORTH,E6414511,Lakeshore General Hospital,EN1003221,Steven,Lopez,1981-12-04,M,53731,(262) 555-0140,2024-01-25,02/04/2024,IP,1778486484,Dr. Emily Thomas,J441,"COPD review, breathing stable",Medicaid,"$43,789.90",Closed - Paid,2024-02-24T09:05:05Z
EPIC_NORTH,E4465624,St. Brendan Medical Center,EN1007603,Rebecca,Kowalski,08/19/1991,F,54191,(414) 555-0197,08/27/2023,2023-08-27T00:00:00,ED,1860320807,"Schultz, Rebecca",N39.0,cold symptoms for a week,Cigna,"$8,607.36",Closed - Paid,2023-09-19T10:07:07Z
EPIC_NORTH,E3267180,MAPLE GROVE PEDS,EN1004854,Joshua,Garcia-Lopez,12/20/2010,M,54381,(920) 555-0169,2024-01-24,2024-01-24,OP,1895579906,Dr. Thomas Davis,Z00.129,flu shot,CIGNA HEALTH,147.88,Paid,2024-01-27T16:36:34Z
EPIC_NORTH,E6922600,Lakeshore General Hospital,EN1002754,Sarah,Mueller,2005-11-24,F,54356,(920) 555-0198,2023-07-08T00:00:00,2023-07-08,Outpatient,1778486484,"Thomas, Emily",I48.91,crushing chest pain spreading to left arm,Medicare,USD 161.44,PAID,2023-07-20T12:04:19Z
EPIC_NORTH,E4828676,Lakeshore General Hospital,EN1005488,Joshua,Brown,08/31/2000,M,53201,(262) 555-0136,2024-04-11,2024-04-20,IP,1472671472,Dr. Mei King,J45.901,"chest tightness, inhaler not helping",Workers Comp,$ 27320.51,Paid in Full,2024-05-04T04:39:24Z
EPIC_NORTH,E8020646,St. Brendan Medical Center,EN1004638,Ana,Nelson,11/27/1964,F,54143,(262) 555-0185,2023-08-15,2023-08-21T00:00:00,IN-PATIENT,1771884131,Dr. Karen Thompson,j18.9,sore throat and fever,CIGNA HEALTH,"$90,714.92",Rejected,2023-08-31T06:50:38Z
EPIC_NORTH,E4905569,Lakeshore General Hospital,EN1003221,Steven,Lopez,12/04/1981,M,53731,(262) 555-0140,2024-11-04,11/10/2024,IP,1536455680,"Kowalski, Noah", I63.9 ,sudden weakness on one side,Medicaid,"$91,793.30",Paid,2024-11-23T20:24:52Z
EPIC_NORTH,E3581327,MAPLE GROVE PEDS,EN1002385,Tyler,Miller,2015-10-09,M,53718,(920) 555-0166,7/4/2023,"Jul 4, 2023",Out Patient,1895579906,Dr. Thomas Davis,J029,burning on urination,State Medicaid Plan,$356.34,PAID,2023-07-27T05:59:52Z
EPIC_NORTH,E9951035,Lakeshore General Hospital,EN1007088,Rajesh,Jackson,"Jan 19, 1967",M,53709,(608) 555-0119,2023-11-03,2023-11-13,IN-PATIENT,1309114175,"King, Hannah",E11.65,confusion with very high glucose,Tricare,$ 12056.87,PAID,2023-12-02T15:47:49Z
EPIC_NORTH,E6202000,Maple Grove Pediatrics,EN1006398,Rajesh,Taylor,2009-06-05T00:00:00,M,54354,(414) 555-0123,"Oct 7, 2024",,OP,1410646008,Dr. Matthew Hernandez,J02.9,fever and cough,UnitedHealthcare,1129.95,Paid in Full,2024-10-10T19:12:32Z
EPIC_NORTH,E6514792,Maple Grove Pediatrics,EN1000684,Samuel,Jones,"Jul 5, 2007",M,53202,(414) 555-0180,2023-03-10T00:00:00,2023-03-10T00:00:00,Out Patient,1615846452,"O'Brien, Nancy",R50.9,abdominal pain since morning,BadgerCare Plus,154.85,PAID,2023-04-03T14:37:42Z
EPIC_NORTH,E2303601,Maple Grove Pediatrics,EN1001888,Sofia,Hall,,F,54143,(920) 555-0116,2024-04-06,2024-04-06T00:00:00,Office Visit,1410646008,Dr. Matthew Hernandez,z00.129,flu shot,State Medicaid Plan,$371.49,VOIDED,2024-04-27T06:32:23Z
EPIC_NORTH,E5167326,Lakeshore General Hospital,EN1008260,Ethan,Patel,1970-05-03,M,53164,(920) 555-0112,6/30/2023,2023-07-10T00:00:00,INPT,1139986982,Dr. Anthony Schmidt,N17.9,"very little urine output, nausea",MCR,75560.39,Paid,2023-08-02T20:54:09Z
EPIC_NORTH,E1393703,Lakeshore General Hospital,EN1000802,Rajesh,Kowalski,"Feb 13, 1978",M,53285,(920) 555-0160,04/09/2023,04/21/2023,Inpatient,1787680457,Dr. Lisa Moore,A41.9,fever and cough,Aetna,"USD 18,102.41",Closed - Paid,2023-05-09T22:50:23Z
EPIC_NORTH,E3291069,Lakeshore Gen Hosp,EN1006878,Priya,Wilson,07/28/1933,F,53222,(920) 555-0103,05/07/2023,2023-05-19,Inpatient,1452059979,"Williams, Thomas",I48.91 - Unspecified atrial fibrillation,crushing chest pain spreading to left arm,MCR,"$10,349.24  ",Paid in Full,2023-05-31T10:12:26Z
EPIC_NORTH,E6488268,St. Brendan Medical Center,EN1004279,Linda,Kim,1979-10-29,F,53291,(414) 555-0122,2023-11-21T00:00:00,11/21/2023,Emergency,1860320807,"Schultz, Rebecca",S06.0X0A,head injury after a fall,BCBS,"$9,005.28",Closed - Paid,2023-11-30T14:56:11Z
EPIC_NORTH,E3752698,LAKESHORE GENERAL HOSPITAL,EN1008656,Fatima,Nguyen,03/08/1955,F,53219,(262) 555-0122,2023-08-22,8/22/2023,Observation,1472671472,Dr. Mei King,i48.91,crushing chest pain spreading to left arm,MCR,"$3,428.06",DENIED,2023-08-31T03:22:12Z
EPIC_NORTH,E6342659,Lakeshore Gen Hosp,EN1001947,Patricia,Nelson,1964-12-09T00:00:00,F,54183,(920) 555-0145,"Aug 25, 2023",8/31/2023,IP,1778486484,"Thomas, Emily",I50.9,"unable to lie flat at night, ankle edema",BCBS,"$31,174.88",PAID,2023-09-01T18:28:10Z
EPIC_NORTH,E5748830,St. Brendan Medical Center,EN1001239,Rajesh,Novak,1981-08-05,M,54362,(414) 555-0169,9/7/2023,2023-09-08T00:00:00,OBS,1682052588,"Wright, James",I48.91,palpitations and dizziness,Cigna,"5,554.05 USD",Rejected,2023-09-23T06:40:19Z
EPIC_NORTH,E1362408,lakeshore general hospital ,EN1005284,Andrew,Schmidt,"Apr 15, 1984",M,53285,(262) 555-0139,2023-06-14,06/15/2023,Emergency,1809320819,"Nguyen, Chloe",r51.9,chest pain,AETNA INC,"$5,239.90",PAID,2023-07-06T16:03:06Z
EPIC_NORTH,E6168833,Saint Brendan Medical Center,EN1002095,Elizabeth,Jackson,1965-01-30,F,54175,(262) 555-0196,03/23/2023,03/27/2023,IN-PATIENT,1939494823,"Jackson, William","N17.9 - Acute kidney failure, unspecified","very little urine output, nausea",BCBS,17069.48,Closed - Paid,2023-04-03T16:30:20Z
EPIC_NORTH,E2279038,LAKESHORE GENERAL HOSPITAL,EN1001622,Karen,Becker,1946-01-28,F,53173,(608) 555-0170,2024-03-03,2024-03-03T00:00:00,ED,1447294053,"Peterson, Samuel",R07.9,chest pain,MCR,"USD 4,660.28",Closed - Paid,2024-03-28T16:27:14Z
EPIC_NORTH,E1623347,Lakeshore General Hospital,EN1004137,Samuel,Anderson,1976-08-01,M,54306,(414) 555-0135,10/19/2024,2024-10-20,EMERGENCY DEPT,1860320807,"Schultz, Rebecca",N390,burning on urination,Aetna,$938.63  ,PAID,2024-11-07T10:46:55Z
EPIC_NORTH,E8233914,Lakeshore General,EN1000247,Mary,O'Brien,"Nov 30, 1966",F,53119,(920) 555-0181,2023-09-22,"Oct 2, 2023",Inpatient,1701079810,"Hall, Linda",J18.9,fever and cough,CIGNA HEALTH,"$17,816.94",PAID,2023-10-08T15:57:52Z
EPIC_NORTH,E2204127,St. Brendan Medical Center,EN1003052,Mary,O'Brien,1974-06-27,F,53180,(262) 555-0107,"Jan 10, 2024",01/11/2024,ED,1229836956,Dr. Joshua Nelson,N39.0,confusion and high fever,MEDICAID,"5,387.59 USD",VOIDED,2024-01-14T06:23:04Z
EPIC_NORTH,E5156298,St. Brendan Medical Center,EN1003901,Carlos,Smith,1984-03-30,M,54149,(608) 555-0152,09/15/2023,"Sep 25, 2023",IN-PATIENT,1008754750,"Hoffman, Katherine",E11.65,diabetic follow-up and medication refill,BCBS,"USD 22,768.86",PAID,2023-10-15T04:16:34Z
EPIC_NORTH,E6360784,Lakeshore Gen Hosp,EN1004383,Kevin,Brown,11/21/1982,M,53279,(920) 555-0173,2023-11-16T00:00:00,2023-11-22,IN-PATIENT,1536455680,"Kowalski, Noah",N186,swelling and reduced urine output,Cigna,"$12,781.66",PAID,2023-12-14T21:21:27Z
EPIC_NORTH,E6280886,Maple Grove Pediatrics,EN1008172,Matthew,Rodriguez,2011-04-07,M,53264,(262) 555-0145,2024-04-07,,Out Patient,1410646008,Dr. Matthew Hernandez,Z23,flu shot,MEDICAID,$ 724.34,PAID,2024-04-14T12:55:41Z
EPIC_NORTH,E9269843,lakeshore general hospital ,EN1001482,Emily,Lewis,"Jul 3, 1959",F,53215,(920) 555-0176,"Mar 2, 2024",2024-03-02,EMERGENCY DEPT,1809320819,Dr. Chloe Nguyen,J44.1,"short of breath, using rescue inhaler more often",Medicare - Part B,"$8,775.54",Paid,2024-03-12T02:35:07Z
EPIC_NORTH,E1707661,Lakeshore General Hospital,EN1006333,Ryan,Schultz,1959-06-01,M,54174,(262) 555-0181,08/31/2024,2024-08-31,ED,1860320807,"Schultz, Rebecca",I5022,"unable to lie flat at night, ankle edema",Cigna,$ 5891.9,PAID,2024-09-11T17:39:24Z
EPIC_NORTH,E6053785,St. Brendan Medical Center,EN1007024,Kevin,Peterson,02/16/1941,M,53772,(414) 555-0135,2024-09-15,2024-09-21,INPT,1008754750,"Hoffman, Katherine",I21.9,crushing chest pain spreading to left arm,Medicare,26240.44,Closed - Paid,2024-09-27T12:41:00Z
EPIC_NORTH,E8092712,Maple Grove Pediatrics,EN1003089,Rebecca,Hall,05/03/2016,F,54127,(920) 555-0107,2024-08-05,08/05/2024,Video Visit,1410646008,"Hernandez, Matthew",J06.9,fever and cough,Aetna,$82.64,PAID,2024-08-30T14:43:42Z
EPIC_NORTH,E4949124,Maple Grove Pediatrics,EN1005146,William,Hansen,12/18/2020,M,53136,(920) 555-0156,10/22/2023,2023-10-22,Virtual,1895579906,"Davis, Thomas",J069,fever and cough,Blue Cross Blue Shield,$313.13,Paid,2023-10-23T11:12:20Z
EPIC_NORTH,E2392859,St. Brendan Medical Center,EN1006143,James,Wright,1944-09-01,M,54388,(262) 555-0137,03/20/2024,2024-03-19,Emergency,1860320807,Dr. Rebecca Schultz,R07.9,abdominal pain since morning,Medicare - Part B,"1,605.73 USD",Paid,2024-04-04T08:57:44Z
EPIC_NORTH,E1356743,Maple Grove Pediatrics,EN1001888,Sofia,Hall,,F,54143,(920) 555-0116,09/21/2023,2023-09-21T00:00:00,OP,1541465906,"Johnson, Samuel",J02.9,sore throat and fever,Medicaid,$519.69,Paid in Full,2023-09-27T15:05:05Z
EPIC_NORTH,E3704966,Lakeshore General Hospital,EN1007707,Laura,Larson,1972-04-24T00:00:00,F,52455,(319) 555-0113,2023-03-02,2023-03-02,ED,1447294053,"Peterson, Samuel",I10,headache with elevated blood pressure,UHC,"7,359.36 USD",Paid in Full,2023-03-23T15:05:05Z
EPIC_NORTH,E2178652,St. Brendan Medical Center,EN1005481,Laura,Mueller,01/05/1975,F,53751,(414) 555-0191,03/22/2023,2023-03-23,EMERGENCY DEPT,1229836956,Dr. Joshua Nelson,I5022,"unable to lie flat at night, ankle edema",CIGNA HEALTH,$889.50,Paid in Full,2023-04-12T16:26:33Z
EPIC_NORTH,E2860278,St. Brendan Medical Center,EN1003852,Sarah,Nguyen,1960-03-21,F,53134,(414) 555-0150,2024-10-26,,Out Patient,1939494823,"Jackson, William",M54.50,knee pain worse on stairs,CIGNA HEALTH,849.54 USD,PAID,2024-11-12T07:37:38Z
EPIC_NORTH,E7255968,St Brendan Medical Center,EN1000651,Karen,Young,1957-12-13T00:00:00,F,54155,(608) 555-0111,"Oct 20, 2024","Oct 21, 2024",inpatient admission,1129110288,"Jensen, Susan",I10,blood pressure check,Medicare - Part B,40474.89,Denied,2024-11-14T11:16:09Z
EPIC_NORTH,E3610653,St. Brendan Medical Center,EN1000860,Linda,Young,1943-06-24,F,53792,(920) 555-0109,04/27/2024,04/28/2024,IN-PATIENT,1105218543,"Young, Tyler",I48.91 - Unspecified atrial fibrillation,palpitations and dizziness,Aetna,78770.61,Closed - Paid,2024-05-22T20:24:14Z
EPIC_NORTH,E3517857,St. Brendan Medical Center,EN1004053,Elizabeth,Nelson,12/20/1945,F,53706,(414) 555-0102,08/12/2023,2023-08-14T00:00:00,OBS,1836016109,"Martinez, Michelle",J44.1,productive cough with low oxygen readings at home,MEDICARE PART A,"$15,616.10",Rejected,2023-09-03T08:35:52Z
EPIC_NORTH,E2657478,St. Brendan Medical Center,EN1004215,Priya,Patel,1951-08-05,F,53216,(414) 555-0191,10/10/2023,2023-10-11,IN-PATIENT,1642524775,"Hall, Sarah",E11.65,diabetic follow-up and medication refill,CIGNA HEALTH,"$25,490.38",PAID,2023-10-16T11:58:30Z
EPIC_NORTH,E2626836,Maple Grove Pediatrics ,EN1000974,Samuel,Lopez,2021-04-26,M,53727,(920) 555-0126,2024-03-26T00:00:00,03/26/2024,Outpatient,1410646008,Dr. Matthew Hernandez,"R50.9 - Fever, unspecified",chest pain,CIGNA HEALTH,$153.07,Paid,2024-04-16T01:19:56Z
EPIC_NORTH,E1634940,St. Brendan's Medical Center,EN1006662,NANCY,JONES,1975-06-08,F,52431,(563) 555-0157,08/01/2024,8/2/2024,ER,1229836956,Dr. Joshua Nelson,N39.0,sore throat and fever,CIGNA HEALTH,"1,144.09 USD",PAID,2024-08-18T12:55:27Z
EPIC_NORTH,E1115795,Lakeshore General Hospital,EN1002673,Hannah,Wagner,,F,54341,(414) 555-0115,2023-04-07,04/07/2023,EMERGENCY DEPT,1871689760,"Walker, Ashley",S52.501A,twisted ankle playing basketball,MEDICAID,"$1,801.85",Cancelled,2023-04-27T03:37:02Z
EPIC_NORTH,E8896514,Lakeshore General Hospital,EN1002407,Jacob,Taylor,1956-12-22,M,53158,(920) 555-0183,2023-02-06,02/07/2023,ED,1447294053,"Peterson, Samuel",S52.501A,"fell on outstretched hand, wrist pain",Medicare - Part B,"1,466.07 USD",PAID,2023-02-25T15:26:28Z
EPIC_NORTH,E7976360,Lakeshore General Hospital,EN1001521,Omar,Becker,1954-08-11,M,53173,(414) 555-0147,12/14/2023,12/23/2023,IN-PATIENT,1309114175,"King, Hannah","J18.9 - Pneumonia, unspecified organism",sore throat and fever - callback (414) 555-0147,Medicare - Part B,"77,464.68 USD",Paid,2024-01-17T07:28:57Z
EPIC_NORTH,E4200943,St. Brendan Medical Center,EN1001765,Jessica,Jones,08/25/1984,F,53275,(414) 555-0162,2023-07-09T00:00:00,,Out Patient,1939494823,"Jackson, William", J44.9 ,"short of breath, using rescue inhaler more often",AETNA INC,2007.85,Paid,2023-08-01T08:31:41Z
EPIC_NORTH,E6372851,Lakeshore General,EN1004792,Carlos,Hansen,1959-09-30,M,53707,(920) 555-0198,12/18/2023,12/18/2023,EMERGENCY DEPT,1809320819,"Nguyen, Chloe",E11.65,fatigue and excessive thirst,Aetna,$2.09K,PAID,2024-01-11T01:18:06Z
EPIC_NORTH,E3569292,Lakeshore General Hospital,EN1007731,Ethan,Anderson,1967-03-27,M,53118,(920) 555-0104,2023-09-12,2023-09-23,IP,1472671472,Dr. Mei King,J44.1,productive cough with low oxygen readings at home,Blue Cross Blue Shield,"USD 82,331.53",Paid in Full,2023-10-06T09:14:58Z
EPIC_NORTH,E3168362,Maple Grove Pediatrics,EN1001053,Luis,Jones,2013-04-06T00:00:00,M,54175,(414) 555-0126,06/12/2023,06/12/2023,Video Visit,1541465906,"Johnson, Samuel", J06.9 ,burning on urination,IA Medicaid,96.94,Closed - Paid,2023-06-20T06:59:05Z
EPIC_NORTH,E8976575,St Brendan Medical Center,EN1008370,Rebecca,Taylor,10/18/1957,F,53187,(414) 555-0119,10/28/2024,2024-10-28,EMERGENCY DEPT,1028382228,Dr. Chloe Wilson, S52.501A ,"fell on outstretched hand, wrist pain",MEDICARE PART A,"USD 2,596.02",Closed - Paid,2024-11-21T01:54:40Z
EPIC_NORTH,E3511539,St. Brendan Medical Center,EN1001595,Aaron,Johnson,1993-10-01T00:00:00,M,54370,(608) 555-0152,11/12/2024,,Out Patient,1771884131,"Thompson, Karen",Z00.00,annual physical,Medicaid,$699.42,Paid in Full,2024-12-03T03:38:37Z
EPIC_NORTH,E7072986,St. Brendan's Medical Center,EN1005628,Kevin,King,05/07/1970,M,53109,(920) 555-0183,2024-06-04,2024-06-04,Outpatient,1939494823,Dr. William Jackson,I5032,"unable to lie flat at night, ankle edema",BadgerCare Plus,$485.70  ,CANCELLED,2024-06-17T02:10:18Z
EPIC_NORTH,E9602266,St Brendan Medical Center,EN1001726,Omar,Thompson,03/19/1971,M,54393,(920) 555-0119,2024-06-25,2024-06-25,Emergency,1860320807,Dr. Rebecca Schultz,R07.9,fever for two days,UnitedHealthcare,"$3,749.87",PAID,2024-07-04T09:34:54Z
EPIC_NORTH,E4167992,Lakeshore General Hospital,EN1007731,Ethan,Anderson,1967-03-27,M,53118,(920) 555-0104,08/04/2023,8/11/2023,Inpatient,1139986982,"Schmidt, Anthony",J44.1,"COPD review, breathing stable",UnitedHealthcare,"$90,845.92",PAID,2023-08-21T04:59:42Z
EPIC_NORTH,E9066206,St Brendan Medical Center,EN1000621,Peggy,Schultz,"May 19, 1949",F,52415,(319) 555-0115,2023-09-14,2023-09-15T00:00:00,OBS,1642524775,"Hall, Sarah",I10,blood pressure check,MCR,$6.60K,PAID,2023-09-20T15:16:56Z
EPIC_NORTH,E4255304,Lakeshore General Hospital,EN1006424,Elizabeth,Larson,1958-01-18,F,53710,(608) 555-0110,11/8/2024,11/8/2024,ED,1871689760,"Walker, Ashley",I50.22,shortness of breath and leg swelling for several days,State Medicaid Plan,$ 6801.44,Paid in Full,2024-11-23T13:54:11Z
EPIC_NORTH,E8819892,Lakeshore General Hospital,EN1005943,Ryan,Becker,08/26/1980,M,54344,(262) 555-0103,2024-08-19,08/29/2024,Inpatient,1139986982,"Schmidt, Anthony",I63.9,sudden weakness on one side,Aetna,"13,544.18 USD",Rejected,2024-08-30T10:10:13Z
EPIC_NORTH,E2011289,Saint Brendan Medical Center,EN1007489,Rebecca,Novak,10/05/1950,F,54108,(608) 555-0102,2024-10-26,11/01/2024,IP,1836016109,"Schmidt, Michelle",I50.9,shortness of breath and leg swelling for several days,MCR,"22,348.20 USD",Closed - Paid,2024-11-26T14:47:14Z
EPIC_NORTH,E1578132,Lakeshore General Hospital,EN1001302,Chloe,Thompson,"Feb 22, 1968",F,53293,(262) 555-0127,2023-06-30,2023-07-01,EMERGENCY DEPT,1447294053,"Peterson, Samuel", R07.9 ,fever for two days,Cigna,"USD 7,373.30",PAID,2023-07-21T09:19:27Z
EPIC_NORTH,E2582833,Maple Grove Pediatric Clinic,EN1001837,Andrew,Martin,11/29/2015,M,53716,(414) 555-0192,05/14/2023,,OP,,"Davis, Thomas",j02.9,burning on urination,Cigna,$230.12,Paid,2023-05-17T06:16:56Z
EPIC_NORTH,E8705576,Maple Grove Pediatrics,EN1006915,Robert,Schultz,2011-09-25T00:00:00,M,53750,(920) 555-0170,2024-03-09,03/09/2024,Outpatient,1541465906,"Johnson, Samuel",Z00.129,annual physical,Blue Cross Blue Shield,$306.46,Closed - Paid,2024-03-17T01:27:25Z
EPIC_NORTH,E1106079,ST BRENDAN MED CTR,EN1002274,Daniel,Larson,"Dec 19, 1939",M,54376,(414) 555-0109,6/26/2023,,Outpatient,1771884131,"Thompson, Karen",Z00.00,well child visit,MCR,130.95,Closed - Paid,2023-07-11T16:04:39Z
EPIC_NORTH,E1412204,Lakeshore Gen Hosp,EN1008415,Linda,Wilson,05/12/1984,F,54151,(608) 555-0110,2023-11-14,2023-11-14,Office Visit,1440029787,"Young, Olivia",J44.9,increased cough and wheezing,Medicaid,"$1,099.82",Paid,2023-11-30T08:44:29Z
EPIC_NORTH,E5201164,LAKESHORE GENERAL HOSPITAL,EN1003427,Noah,Garcia,1953-04-14T00:00:00,M,53701,(414) 555-0190,09/01/2023,2023-09-01T00:00:00,Clinic Visit,1452059979,Dr. Thomas Williams,I48.91,crushing chest pain spreading to left arm,Medicare,577.94,Closed - Paid,2023-09-10T04:37:52Z
EPIC_NORTH,E2296950,Lakeshore General Hospital,EN1005235,Joseph,Young,"Jul 29, 1970",M,54171,(414) 555-0156,2023-09-03T00:00:00,"Sep 10, 2023",INPT,1787680457,"Moore, Lisa",J189,cold symptoms for a week,UnitedHealthcare,$12.80K,Closed - Paid,2023-09-28T02:35:49Z
EPIC_NORTH,E6973711,ST BRENDAN MED CTR,EN1006483,Daniel,Novak,1977-05-25,M,54131,(414) 555-0133,02/17/2023,2023-03-01T00:00:00,IN-PATIENT,1771884131,"Thompson, Karen",I50.9,"worsening breathlessness on exertion, weight up 3 kg",UnitedHealthcare,"$55,500.00",Paid,2023-03-13T23:58:24Z
EPIC_NORTH,E8552234,Lakeshore General,EN1004907,Margaret,Becker,1970-07-01T00:00:00,F,54336,(262) 555-0130,2023-05-14,2023-05-14,Emergency Room,1809320819,"Nguyen, Chloe", J44.1 ,"short of breath, using rescue inhaler more often",Medicare - Part B,$896.44,Closed - Paid,2023-06-03T14:39:52Z
EPIC_NORTH,E5556791,Lakeshore General Hospital,EN1005284,Andrew,Schmidt,1984-04-15T00:00:00,M,53285,(262) 555-0139,03/15/2023,2023-03-16,IN-PATIENT,1701079810,Dr. Linda Hall,J18.9,sore throat and fever,Blue Cross Blue Shield,41689.20,Rejected,2023-04-02T23:55:04Z
EPIC_NORTH,E7895494,Lakeshore General,EN1005579,Linda,Jackson,07/30/1985,F,54340,(920) 555-0184,2024-04-19,04/24/2024,INPT,1778486484,Dr. Emily Thomas,J44.1 - Chronic obstructive pulmonary disease with (acute) exacerbation,"short of breath, using rescue inhaler more often",Uninsured,11913.07,Paid in Full,2024-05-06T17:50:24Z
EPIC_NORTH,E8092229,Lakeshore General Hospital,EN1004579,Hannah,Walker,1955-01-30,F,54154,(920) 555-0166,7/1/2023,2023-07-01,Emergency,1447294053,"Peterson, Samuel",E11.65,numbness in both feet,SELFPAY,"$4,886.92",Paid in Full,2023-07-16T01:54:53Z
EPIC_NORTH,E2474252,Lakeshore General Hospital,EN1001947,Patricia,Nelson,12/9/1964,F,54183,(920) 555-0145,2023-11-10T00:00:00,2023-11-10,,1447294053,"Peterson, Samuel",I5022,"unable to lie flat at night, ankle edema",AETNA INC,"$2,979.31",Closed - Paid,2023-11-21T14:23:06Z
EPIC_NORTH,E5726151,Lakeshore General Hospital,EN1001425,Fatima,Garcia-Lopez,1/19/1937,F,53794,(608) 555-0176,2023-04-04,"Apr 15, 2023",IP,1472671472,"King, Mei",I219,crushing chest pain spreading to left arm,State Medicaid Plan,"USD 65,942.73",Paid,2023-04-28T13:55:20Z
EPIC_NORTH,E4112129,Lakeshore General Hospital,EN1008235,Laura,White,1965-06-10,F,54315,(608) 555-0103,2024-08-25T00:00:00,08/25/2024,ER,1871689760,"Walker, Ashley",I10,hypertension follow-up,UnitedHealthcare,3359.55,Paid,2024-09-12T15:47:51Z
EPIC_NORTH,E4588971,MAPLE GROVE PEDS,EN1005683,Daniel,Thomas,02/09/2023,M,53275,(920) 555-0181,"Nov 30, 2024","Nov 30, 2024",Video Visit,1541465906,Dr. Samuel Johnson,R50.9,chest pain,UnitedHealthcare,75.77,Submitted,2024-12-17T22:21:05Z
EPIC_NORTH,E6691787,St. Brendan Medical Center,EN1001765,Jessica,Jones,08/25/1984,F,53275,(414) 555-0162,2023-07-30,2023-07-30T00:00:00,OBS,1771884131,"Thompson, Karen",j44.1,productive cough with low oxygen readings at home,UnitedHealthcare,"$4,339.65",Closed - Paid,2023-08-11T06:17:16Z
EPIC_NORTH,E6484436,LAKESHORE GENERAL HOSPITAL,EN1001947,Patricia,Nelson,1964-12-09,F,54183,(920) 555-0145,2024-06-16,06/20/2024,IP,1139986982,"Schmidt, Anthony",I509,shortness of breath and leg swelling for several days,Aetna,94901.18,Closed - Paid,2024-06-21T13:19:49Z
EPIC_NORTH,E8634378,Lakeshore General Hospital,EN1004383,Kevin,Brown,11/21/1982,M,53279,(920) 555-0173,2024-02-11,02/11/2024,ED,1809320819,"Nguyen, Chloe",N18.6,dialysis follow-up,BCBS,"$3,437.57",Denied,2024-03-07T00:33:34Z
EPIC_NORTH,E8176636,LAKESHORE GENERAL HOSPITAL,EN1001432,Aaron,Van Dyke,"May 29, 1971",M,53788,(920) 555-0127,11/16/2024,2024-11-17T00:00:00,Inpatient,1309114175,Dr. Hannah King,J441,increased cough and wheezing,UnitedHealthcare,"$20,105.34",Paid in Full,2024-11-27T04:28:23Z
EPIC_NORTH,E1092543,Lakeshore General Hospital,EN1004845,Sofia,Garcia-Lopez,1991-08-16,F,54354,(414) 555-0106,2023-11-21,2023-11-21,ER,1447294053,"Peterson, Samuel","J18.9 - Pneumonia, unspecified organism",burning on urination,Aetna,1440.48,Paid in Full,2023-11-26T19:25:12Z
EPIC_NORTH,E8899856,Maple Grove Pediatrics,EN1004311,Joseph,Jensen,01/10/2011,M,53251,(414) 555-0129,2024-10-31T00:00:00,,Outpatient,1895579906,Dr. Thomas Davis, Z00.129 ,well child visit,Medicaid,$504.50,PAID,2024-11-19T22:41:18Z
EPIC_NORTH,E2163698,St. Brendan Medical Center,EN1004916,Elizabeth,Williams,1979-02-24T00:00:00,F,53272,(414) 555-0186,2024-04-29T00:00:00,05/07/2024,Inpatient,1682052588,"Wright, James",E11.65,high blood sugar readings at home,AETNA INC,#VALUE!,PAID,2024-05-26T12:12:56Z
EPIC_NORTH,E5115441,St Brendan Medical Center,EN1004638,Ana,Nelson,11/27/1964,F,54143,(262) 555-0185,2023-05-13,05/13/2023,Out Patient,1771884131,"Thompson, Karen",M54.50,joint stiffness in the morning,Blue Cross Blue Shield,$619.95,Paid,2023-06-03T01:07:08Z
EPIC_NORTH,E3385011,Lakeshore General Hospital,EN1004743,Mark,Young,"Mar 2, 1965",M,54168,(414) 555-0129,08/28/2023,,Clinic Visit,1787680457,"Moore, Lisa",I10,blood pressure check,Cigna,"$1,120.61",PAID,2023-09-05T06:30:23Z
EPIC_NORTH,E9264356,St. Brendan Medical Center,EN1004320,Mei,White,06/14/1961,F,53152,(608) 555-0195,2024-10-27,"Nov 8, 2024",INPT,1129110288,Dr. Susan Jensen,J44.1,"COPD review, breathing stable",CIGNA HEALTH,"21,785.96 USD",Paid,2024-11-17T18:28:02Z
EPIC_NORTH,E2064099,Lakeshore General Hospital,EN1007363,Sarah,Jackson,1948-12-22,F,54111,(414) 555-0135,2023-07-17,2023-07-17,ER,1871689760,Dr. Ashley Walker,I10,blood pressure check,UnitedHealthcare,"$2,408.49",PAID,2023-07-18T02:37:13Z
EPIC_NORTH,E8052505,MAPLE GROVE PEDS,EN1000474,Linda,Van Dyke,2006-10-14,F,54106,(262) 555-0116,05/22/2024,,Out Patient,1410646008,"Hernandez, Matthew", J06.9 ,fever and cough,BadgerCare Plus,"1,752.36 USD",Rejected,2024-06-09T09:56:07Z
EPIC_NORTH,E9418491,Lakeshore General Hospital,EN1004497,Rajesh,Kim,1992-05-14T00:00:00,M,54158,(414) 555-0181,2023-08-29T00:00:00,2023-09-05T00:00:00,IP,1139986982,Dr. Anthony Schmidt,I63.9,sudden weakness on one side,Self Pay,"$27,474.03",Paid in Full,2023-09-11T05:21:24Z
EPIC_NORTH,E4215894,LAKESHORE GENERAL HOSPITAL,EN1001017,Sarah,Thomas,07/30/1940,F,53726,(920) 555-0186,07/08/2024,07/15/2024,INPT,1552182481,"Kowalski, Nancy",I48.91,crushing chest pain spreading to left arm,MEDICARE PART A,$88.29K,PAID,2024-07-18T06:46:40Z
EPIC_NORTH,E8757191,Lakeshore General Hospital,EN1001920,Paul,Lewis,11/12/2005,M,53100,(262) 555-0190,2023-09-10,2023-09-10,ED,1871689760,"Walker, Ashley", S52.501A ,head injury after a fall,UnitedHealthcare,"8,733.26 USD",Closed - Paid,2023-09-24T04:11:15Z
EPIC_NORTH,E2244806,St. Brendan Medical Center,EN1006706,Thomas,White,1980-10-13,M,53104,(608) 555-0180,2023-12-22,"Dec 23, 2023",Emergency,1860320807,"Schultz, Rebecca",I50.9,"worsening breathlessness on exertion, weight up 3 kg",IA Medicaid,"$2,094.89  ",Closed - Paid,2024-01-09T05:56:33Z
EPIC_NORTH,E7919508,LAKESHORE GENERAL HOSPITAL,EN1004907,Margaret,Becker,07/01/1970,F,54336,(262) 555-0130,2023-11-19T00:00:00,"Nov 20, 2023",Inpatient,1440029787,Dr. Olivia Young,a41.9,sore throat and fever,MCR,"USD 32,222.87",Paid,2023-11-26T06:02:22Z
EPIC_NORTH,E7811200,Lakeshore General Hospital,EN1000940,Mark,Smith,1969-04-24,M,53191,(414) 555-0110,2023-03-18,2023-03-28,INPT,1701079810,Dr. Linda Hall,N18.6,"missed dialysis session, feeling weak",BadgerCare Plus,$ 9262.31,Closed - Paid,2023-04-22T11:02:24Z
EPIC_NORTH,E1393985,St. Brendan Medical Center,EN1005093,Jennifer,Thomas,09/06/1960,F,54379,(262) 555-0152,2023-08-04,8/16/2023,inpatient admission,1771884131,Dr. Karen Thompson,I48.91,palpitations and dizziness,Blue Cross Blue Shield,"$16,659.99",Paid,2023-09-02T03:06:07Z
EPIC_NORTH,E3833918,St. Brendan's Medical Center,EN1004792,Carlos,Hansen,1959-09-30,M,53707,(920) 555-0198,04/23/2023,2023-04-27,IN-PATIENT,1771884131,"Thompson, Karen",E11.65,fatigue and excessive thirst,UHC,"85,902.30 USD",Paid,2023-05-02T18:02:01Z
EPIC_NORTH,E4065799,Lakeshore General,EN1004251,Sarah,Schmidt,1964-05-25,F,53706,(414) 555-0118,2024-05-08,2024-05-17,IN-PATIENT,1778486484,Dr. Emily Thomas,I10,headache with elevated blood pressure,Aetna,"$21,375.76",Paid,2024-05-27T08:28:38Z
EPIC_NORTH,E9984870,St. Brendan Medical Center,EN1008037,Laura,Harris,04/30/1969,F,53759,(414) 555-0181,2023-02-17,02/18/2023,Observation,1008754750,"Hoffman, Katherine",I10,hypertension follow-up,BCBS,"$4,076.69",PAID,2023-02-19T08:18:50Z
EPIC_NORTH,E1319354,lakeshore general hospital ,EN1003380,Brian,Rodriguez,1948-02-19,M,53212,(262) 555-0118,2023-05-05,2023-05-05,Emergency Room,1447294053,"Peterson, Samuel",s06.0x0a,twisted ankle playing basketball,State Medicaid Plan,"4,041.35 USD",Paid in Full,2023-05-24T21:22:04Z
EPIC_NORTH,E9337833,St Brendan Medical Center,EN1005481,Laura,Mueller,1975-01-05,F,53751,(414) 555-0191,01/22/2024,"Jan 30, 2024",IN-PATIENT,1105218543,"Young, Tyler",I50.9,"heart failure follow-up, fluid tablets review",Aetna,21172.72,Paid in Full,2024-02-24T18:33:44Z
EPIC_NORTH,E9489960,MAPLE GROVE PEDS,EN1001518,Paul,King,2007-03-01T00:00:00,M,53134,(920) 555-0135,2024-08-15T00:00:00,,OP,1410646008,Dr. Matthew Hernandez,J069,burning on urination,Workers Comp,$651.09,PAID,2024-08-26T06:56:44Z
EPIC_NORTH,E5025126,St. Brendan Medical Center,EN1005398,Ethan,Johnson,05/23/1974,M,54335,(414) 555-0173,"Feb 22, 2024",2024-02-28,Inpatient,1105218543,Dr. Tyler Young,E1165,diabetic follow-up and medication refill,MEDICAID,"$65,126.28",Paid,2024-03-05T20:29:49Z
EPIC_NORTH,E8426332,TEST FACILITY - DO NOT USE,EN1008703,Test,Patient,01/01/1980,F,53200,(414) 555-0100,2024-11-22,2024-11-22,Out Patient,1472671472,Dr. Mei Olson,Z23,well child visit,Cigna,$500.16,Submitted,2024-12-06T12:12:15Z
EPIC_NORTH,E2872245,ST BRENDAN MED CTR,EN1005039,Maria,Jones,2005-11-03T00:00:00,F,53783,(414) 555-0133,9/26/2024,09/26/2024,Emergency Room,1229836956,Dr. Joshua Nelson,R079,chest pain,MCR,"$11,958.72",Paid,2024-10-16T23:13:07Z
EPIC_NORTH,E3925410,MAPLE GROVE PEDS,EN1004998,James,Larson,3/22/2019,M,53700,(920) 555-0112,02/25/2024,,Clinic Visit,1615846452,"O'Brien, Nancy",J02.9,fever and cough,State Medicaid Plan,1537.40,Closed - Paid,2024-02-27T11:20:32Z
EPIC_NORTH,E8916420,St Brendan Medical Center,EN1008581,Jessica,Wagner,1984-08-06,F,53756,(262) 555-0139,05/31/2024,06/08/2024,IN-PATIENT,1836016109,Dr. Michelle Martinez,I10,hypertension follow-up,TRICARE,"$15,513.62",Closed - Paid,2024-06-24T14:43:44Z
EPIC_NORTH,E5287738,Lakeshore General Hospital,EN1004962,Nancy,Larson,1962-07-01,F,54392,(608) 555-0150,2023-02-18,2023-02-18T00:00:00,ED,1447294053,"Peterson, Samuel",n39.0,burning on urination,State Medicaid Plan,4468.74,Paid,2023-03-09T23:07:04Z
EPIC_NORTH,E7652956,MAPLE GROVE PEDS,EN1006187,Sofia,Kim,2015-09-16,F,53113,(920) 555-0177,2024-08-06,"Aug 6, 2024",Office Visit,1410646008,Dr. Matthew Hernandez,R509,severe headache,Blue Cross Blue Shield,$218.94,DENIED,2024-08-21T08:33:36Z
EPIC_NORTH,E2934236,Lakeshore General Hospital,EN1008625,Ana,Brown,11/15/1947,F,53157,(262) 555-0104,10/28/2024,,Clinic Visit,1472671472,Dr. Mei Olson,E10.9,confusion with very high glucose,MCR,$ 372.23,Closed - Paid,2024-11-17T21:17:08Z
EPIC_NORTH,E2031152,Lakeshore General Hospital,EN1007536,Jessica,Lopez,1976-04-18T00:00:00,F,53251,(608) 555-0109,2023-03-31,2023-03-31T00:00:00,Emergency Room,1809320819,Dr. Chloe Nguyen,J44.1,increased cough and wheezing,TRICARE,2407.22,Paid in Full,2023-04-09T20:36:00Z
EPIC_NORTH,E6496014,Lakeshore General Hospital,EN1003996,Jennifer,Nelson,07/20/1933,F,53189,(608) 555-0174,2024-06-09T00:00:00,06/10/2024,Emergency Room,1871689760,"Walker, Ashley",R10.9 - Unspecified abdominal pain,abdominal pain since morning,MEDICARE PART A,"$1,901.05",Paid,2024-06-26T06:44:38Z
EPIC_NORTH,E6516945,LAKESHORE GENERAL HOSPITAL,EN1008625,Ana,Brown,1947-11-15,F,53157,(262) 555-0104,2023-05-06,"May 9, 2023",INPT,1536455680,Dr. Noah Kowalski,I50.9,"worsening breathlessness on exertion, weight up 3 kg",Medicare,91297.38,Paid,2023-05-27T12:33:12Z
EPIC_NORTH,E5988762,St. Brendan Medical Center,EN1003086,Joseph,Kowalski,9/19/1977,M,53108,(262) 555-0199,07/20/2024,2024-07-20,Observation,1771884131,"Thompson, Karen",I48.91,palpitations and dizziness,UnitedHealthcare,"5,189.07 USD",Closed - Paid,2024-08-14T11:05:24Z
EPIC_NORTH,E3320426,Lakeshore General Hospital,EN1007221,Aaron,Rodriguez,06/04/1959,M,54104,(608) 555-0117,7/17/2024,07/17/2024,Office Visit,1787680457,"Moore, Lisa", R10.9 ,chest pain - callback (608) 555-0117,UHC,$936.54,Closed - Paid,2024-08-03T23:56:21Z
EPIC_NORTH,E3248560,St. Brendan Medical Center,EN1001794,Nancy,Brown,07/09/2002,F,53214,(414) 555-0102,11/13/2024,2024-11-16,IN-PATIENT,1771884131,"Thompson, Karen",i63.9,slurred speech and facial droop,Cigna,18960.95,Paid in Full,2024-11-25T04:49:26Z
EPIC_NORTH,E3827188,St. Brendan Medical Center,EN1007446,Priya,Williams,"Apr 15, 1985",F,53198,(920) 555-0100,2024-03-04T00:00:00,"Mar 5, 2024",INPT,1836016109,"Martinez, Michelle",I10,headache with elevated blood pressure,MEDICAID,"$92,469.56",Paid in Full,2024-03-06T23:35:48Z
EPIC_NORTH,E8485422,St. Brendan Medical Center,EN1006706,Thomas,White,1980-10-13,M,53104,(608) 555-0180,2024-11-30T00:00:00,12/7/2024,IN-PATIENT,1129110288,Dr. Susan Jensen,E11.65,confusion with very high glucose,BadgerCare Plus,37458.67,Submitted,2024-12-15T08:50:13Z
EPIC_NORTH,E1725698,St. Brendan Medical Center,EN1006706,Thomas,White,1980-10-13,M,53104,(608) 555-0180,2023-11-27,2023-11-27,Emergency,1028382228,"Wilson, Chloe",R10.9,severe headache,State Medicaid Plan,"4,536.96 USD",Closed - Paid,2023-12-05T09:05:36Z
EPIC_NORTH,E1001717,Saint Brendan Medical Center,EN1002225,Mei,Kowalski,,F,53274,(920) 555-0134,2023-01-31,2/1/2023,EMERGENCY DEPT,1860320807,"Schultz, Rebecca",R07.9,chest pain,UnitedHealthcare,"$1,612.38",Paid,2023-02-13T07:31:46Z
EPIC_NORTH,E6443659,Lakeshore General Hospital,EN1003380,Brian,Rodriguez,2/19/1948,M,53212,(262) 555-0118,2023-10-28T00:00:00,"Oct 28, 2023",Emergency,1871689760,"Walker, Ashley",R079,severe headache,IA Medicaid,"USD 3,328.47",Paid in Full,2023-11-19T01:47:51Z
EPIC_NORTH,E6044215,Maple Grove Pediatrics ,EN1008205,NANCY,PATEL,"Jul 9, 2015",F,54309,(262) 555-0164,3/27/2023,03/27/2023,Clinic Visit,1895579906,"Davis, Thomas",R50.9,chest pain,CIGNA HEALTH,207.22,Paid in Full,2023-04-07T07:18:12Z
EPIC_NORTH,E5723253,Lakeshore General,EN1004371,Katherine,Harris,01/22/1960,F,53106,(920) 555-0135,10/30/2024,,Out Patient,1472671472,Dr. Mei Olson,E10.9,fatigue and excessive thirst,Cigna,USD 364.73,Paid,2024-11-12T12:41:07Z
EPIC_NORTH,E2959843,Maple Grove Pediatrics,EN1000493,Susan,Lee,12/01/2022,F,53734,(608) 555-0177,2023-04-29,,Outpatient,1895579906,"Davis, Thomas",R50.9,fever for two days,State Medicaid Plan,644.55 USD,Paid in Full,2023-05-17T14:32:04Z
EPIC_NORTH,E3920437,Lakeshore General,EN1006637,Sandra,Wright,05/19/1980,F,54181,(262) 555-0145,03/02/2023,2023-03-02T00:00:00,EMERGENCY DEPT,1809320819,Dr. Chloe Nguyen,r10.9,fever for two days,Uninsured,$611.96,Closed - Paid,2023-03-15T18:34:03Z
EPIC_NORTH,E1112018,Lakeshore General Hospital,EN1007148,Brian,Lopez,7/25/1976,M,54354,(608) 555-0104,01/17/2023,01/18/2023,INPT,1787680457,"Moore, Lisa",I10,hypertension follow-up,Medicaid,"$18,234.35  ",Closed - Paid,2023-02-02T09:36:30Z
EPIC_NORTH,E7120504,St. Brendan Medical Center,EN1006280,Mei,Young,11/12/1964,F,53276,(262) 555-0149,03/17/2023,2023-03-23T00:00:00,Inpatient,1836016109,"Martinez, Michelle",J44.1,"COPD review, breathing stable",Uninsured,22999.10,Paid in Full,2023-04-02T20:10:32Z
EPIC_NORTH,E5318557,St. Brendan Medical Center,EN1006963,Ana,Smith,12/20/1957,F,52022,(319) 555-0104,03/11/2023,"Mar 11, 2023",OP,1642524775,"Hall, Sarah",e11.22,high blood sugar readings at home,MEDICARE PART A,USD 322.52,PAID,2023-03-12T09:09:36Z
EPIC_NORTH,E4994047,Lakeshore General Hospital,EN1007363,Sarah,Jackson,1948-12-22,F,54111,(414) 555-0135,04/19/2023,04/19/2023,EMERGENCY DEPT,1871689760,Dr. Ashley Walker,I10,headache with elevated blood pressure,Cigna,1531.71,Paid,2023-04-26T12:45:15Z
EPIC_NORTH,E3859178,Lakeshore General Hospital,EN1001038,Ethan,Johnson,1966-11-05,M,53280,(920) 555-0178,2024-07-29,,Clinic Visit,1778486484,Dr. Emily Thomas,I50.32,"heart failure follow-up, fluid tablets review",BCBS,2395.13,Closed - Paid,2024-08-22T01:11:28Z
EPIC_NORTH,E6560883,St. Brendan Medical Center,EN1002591,Anthony,Martinez,1971-02-08,M,53131,(414) 555-0197,2023-04-13,2023-04-13,Office Visit,1682052588,"Wright, James",Z00.00,well child visit,Aetna,$124.26,Paid,2023-04-19T14:08:08Z
EPIC_NORTH,E7218397,St Brendan Medical Center,EN1003401,Sofia,Davis,1979-05-24,F,53145,(414) 555-0118,2023-05-07T00:00:00,5/7/2023,Out Patient,1105218543,"Young, Tyler", R10.9 ,fever for two days,BCBS,$677.34,PAID,2023-05-17T10:53:36Z
EPIC_NORTH,E9691223,ST BRENDAN MED CTR,EN1003465,Ashley,Schmidt,1931-07-16,F,53119,(262) 555-0195,3/31/2023,03/31/2023,Out Patient,177188413,Dr. Karen Thompson,I50.22 - Chronic systolic (congestive) heart failure,"heart failure follow-up, fluid tablets review",MEDICARE PART A,143.12,Paid in Full,2023-04-25T21:31:20Z
EPIC_NORTH,E7603694,Maple Grove Pediatrics,EN1007739,Hannah,Rodriguez,2015-11-15,F,53270,(414) 555-0117,2023-12-18T00:00:00,12/18/2023,Clinic Visit,1615846452,"O'Brien, Nancy",Z23,annual physical,State Medicaid Plan,410.45,Paid,2023-12-23T23:03:22Z
EPIC_NORTH,E6500997,Lakeshore General Hospital,EN1007088,Rajesh,Jackson,1/19/1967,M,53709,(608) 555-0119,02/13/2023,2/15/2023,Obs Stay,1778486484,"Thomas, Emily", E11.65 ,numbness in both feet,Tricare,"$3,804.98",Paid in Full,2023-03-06T08:24:05Z
EPIC_NORTH,E2921813,Maple Grove Pediatrics ,EN1007587,Noah,Wright,10/9/2016,M,54326,(414) 555-0194,2024-01-01,,Clinic Visit,1410646008,Dr. Matthew Hernandez,j06.9,cold symptoms for a week,CIGNA HEALTH,$359.55,Paid,2024-01-17T20:11:02Z
EPIC_NORTH,E2167557,Lakeshore General Hospital,EN1006045,Grace,Brown,1967-11-10T00:00:00,F,54331,(414) 555-0153,2023-02-26,,Office Visit,1472671472,"King, Mei",R10.9,severe headache,UHC,791.29 USD,Closed - Paid,2023-03-07T00:53:46Z
EPIC_NORTH,E1395429,TEST FACILITY - DO NOT USE,EN1008703,Test,Patient,1/1/1980,F,53200,(414) 555-0100,07/13/2024,2024-07-13T00:00:00,Office Visit,1778486484,"Thomas, Emily",M54.50,joint stiffness in the morning,AETNA INC,$906.25,PAID,2024-07-15T14:18:44Z
EPIC_NORTH,E5708209,Lakeshore Gen Hosp,EN1000535,Laura,Nguyen,08/15/1976,F,53124,(608) 555-0197,05/09/2023,5/9/2023,OBS,1536455680,Dr. Noah Kowalski,J44.1,increased cough and wheezing,CIGNA HEALTH,4028.72,PAID,2023-06-03T06:06:14Z
EPIC_NORTH,E7475336,LAKESHORE GENERAL HOSPITAL,EN1005919,Rebecca,Johnson,01/08/1966,F,54111,(920) 555-0149,2023-06-14T00:00:00,06/14/2023,Out Patient,1701079810,"Hall, Linda",I5022,"heart failure follow-up, fluid tablets review",UHC,"$2,133.27",Paid,2023-07-08T09:41:15Z
EPIC_NORTH,E9177582,St. Brendan Medical Center,EN1007670,JACOB,MARTINEZ,1948-08-31,M,52497,(563) 555-0180,2023-05-01,2023-05-09,IP,1939494823,Dr. William Jackson,N17.9,"very little urine output, nausea",MCR,"$17,791.24",PAID,2023-05-13T09:37:09Z
EPIC_NORTH,E3947686,Maple Grove Pediatrics,EN1004424,Daniel,Taylor,01/06/2007,M,54190,(262) 555-0186,"Feb 6, 2024","Feb 6, 2024",OP,1541465906,"Johnson, Samuel",Z23,well child visit,Aetna,168.70 USD,DENIED,2024-02-26T06:25:15Z
EPIC_NORTH,E4158948,Maple Grove Pediatrics,EN1002809,David,Hernandez,"Jun 14, 2021",M,53798,(262) 555-0168,"Nov 1, 2023",2023-11-01,TELEMED,1541465906,Dr. Samuel Johnson,"R50.9 - Fever, unspecified",abdominal pain since morning,Blue Cross Blue Shield,$219.43,Denied,2023-11-02T17:09:31Z
EPIC_NORTH,E4849212,Lakeshore General Hospital,EN1008415,Linda,Wilson,5/12/1984,F,54151,(608) 555-0110,"May 3, 2023","May 5, 2023",IN-PATIENT,1536455680,Dr. Noah Kowalski, A41.9 ,fever and cough,State Medicaid Plan,"39,748.82 USD",Paid in Full,2023-05-26T21:50:07Z
EPIC_NORTH,E6300989,Maple Grove Pediatrics,EN1000585,Mei,Young,07/16/2008,F,53280,(262) 555-0146,2023-02-10,,OP,1410646008,"Hernandez, Matthew",R509,chest pain,UHC,$674.21  ,Paid in Full,2023-02-25T13:26:57Z
EPIC_NORTH,E7742755,Saint Brendan Medical Center,EN1004916,Elizabeth,Williams,2/24/1979,F,53272,(414) 555-0186,"May 21, 2023",05/29/2023,inpatient admission,1682052588,Dr. James Wright,E11.65,diabetic follow-up and medication refill,UHC,"USD 17,276.60",Rejected,2023-06-03T12:17:22Z
EPIC_NORTH,E6066256,LAKESHORE GENERAL HOSPITAL,EN1005919,Rebecca,Johnson,01/08/1966,F,54111,(920) 555-0149,2023-03-08,2023-03-09T00:00:00,IP,1778486484,"Thomas, Emily", I50.9 ,"heart failure follow-up, fluid tablets review",BCBS,"$41,624.85",PAID,2023-03-13T01:57:13Z
EPIC_NORTH,E9227255,Saint Brendan Medical Center,EN1007670,JACOB,MARTINEZ,08/31/1948,M,52497,(563) 555-0180,2024-11-22,,OP,1105218543,"Young, Tyler",z23,well child visit,MCR,$375.56,SUBMITTED,2024-12-04T10:20:23Z
EPIC_NORTH,E5885218,St. Brendan Medical Center,EN1007965,Fatima,Anderson,2/22/1970,F,53753,(414) 555-0170,2024-09-10,,Clinic Visit,1939494823,"Jackson, William",E10.9,diabetic follow-up and medication refill,Aetna,218.24 USD,Paid,2024-09-23T09:18:55Z
EPIC_NORTH,E6474386,Lakeshore General,EN1005919,Rebecca,Johnson,1966-01-08,F,54111,(920) 555-0149,01/17/2023,2023-01-18,OBS,1778486484,"Thomas, Emily",I5022,shortness of breath and leg swelling for several days,AETNA INC,"5,171.00 USD",Paid,2023-01-31T07:37:38Z
EPIC_NORTH,E7239929,St. Brendan's Medical Center,EN1004884,Joshua,Jones,05/22/1969,M,53118,(262) 555-0112,09/07/2024,2024-09-07,ED,1028382228,"Wilson, Chloe",R10.9,abdominal pain since morning,Aetna,$ 1081.49,PAID,2024-09-28T12:38:44Z
EPIC_NORTH,E5559923,Lakeshore Gen Hosp,EN1007259,Susan,Mueller,"Mar 17, 1977",F,52006,(319) 555-0130,2024-06-18T00:00:00,06/29/2024,inpatient admission,1778486484,"Thomas, Emily",N18.6 - End stage renal disease,"missed dialysis session, feeling weak",AETNA INC,72220.55,Closed - Paid,2024-07-17T21:52:49Z
EPIC_NORTH,E5110465,Saint Brendan Medical Center,EN1008143,Samuel,Taylor,"Dec 31, 1986",M,53115,(608) 555-0198,2024-04-11,04/11/2024,Out Patient,1642524775,Dr. Sarah Hall,I48.91 - Unspecified atrial fibrillation,crushing chest pain spreading to left arm,Aetna,1796.54,Paid,2024-05-03T01:37:06Z
EPIC_NORTH,E4617433,lakeshore general hospital ,EN1001175,Jennifer,Davis,06/14/1967,F,52491,(319) 555-0133,2023-12-26,2024-01-01,Inpatient,1139986982,Dr. Anthony Schmidt,I21.9,crushing chest pain spreading to left arm,Blue Cross Blue Shield,"$8,393.90",PAID,2024-01-15T20:00:17Z
EPIC_NORTH,E1533884,Lakeshore General,EN1002754,Sarah,Mueller,2005-11-24,F,54356,(920) 555-0198,5/25/2024,2024-05-25T00:00:00,ED,1447294053,"Peterson, Samuel",S52.501A,"fell on outstretched hand, wrist pain",MCR,"$2,587.37  ",Paid,2024-06-15T01:28:40Z
EPIC_NORTH,E3132805,Lakeshore General Hospital,EN1004927,Minh,Clark,1956-02-05T00:00:00,M,53776,(920) 555-0196,2024-05-11T00:00:00,2024-05-11,ER,1447294053,Dr. Samuel Peterson,R109,abdominal pain since morning,Medicare - Part B,"$9,484.36",Closed - Paid,2024-05-20T03:20:16Z
EPIC_NORTH,E4253832,Lakeshore General Hospital,EN1006540,Mary,Miller,04/13/1975,F,54106,(262) 555-0147,2023-03-06,2023-03-08T00:00:00,INPT,1139986982,"Schmidt, Anthony",J18.9,cold symptoms for a week,SELFPAY,80277.12,Closed - Paid,2023-03-09T02:11:26Z
EPIC_NORTH,E4537001,Lakeshore General Hospital,EN1002533,Mark,Garcia-Lopez,11/07/1964,M,53267,(414) 555-0159,2023-03-12,03/20/2023,Inpatient,1536455680,"Kowalski, Noah",I48.91,crushing chest pain spreading to left arm,Blue Cross Blue Shield,"USD 13,681.53",Closed - Paid,2023-04-07T18:09:49Z
EPIC_NORTH,E2244806,St. Brendan Medical Center,EN1006706,Thomas,White,1980-10-13,M,53104,(608) 555-0180,2023-12-22,"Dec 23, 2023",Emergency,1860320807,"Schultz, Rebecca",I50.9,"worsening breathlessness on exertion, weight up 3 kg",IA Medicaid,"$2,094.89  ",Closed - Paid,2024-01-09T05:56:33Z
EPIC_NORTH,E3974947,Maple Grove Pediatrics,EN1003733,Elizabeth,Brown,2007-06-08T00:00:00,F,53737,(608) 555-0161,5/13/2024,05/13/2024,Clinic Visit,1410646008,"Hernandez, Matthew",Z23,flu shot,MEDICAID,USD 180.55,Paid,2024-05-16T23:08:54Z
EPIC_NORTH,E3323516,Lakeshore General Hospital,EN1002533,Mark,Garcia-Lopez,11/7/1964,M,53267,(414) 555-0159,2023-07-14T00:00:00,07/14/2023,Emergency Room,1871689760,Dr. Ashley Walker,G47.33,blood pressure check,Aetna,"USD 3,415.47",Closed - Paid,2023-07-18T19:02:42Z
EPIC_NORTH,E6897480,ST BRENDAN MED CTR,EN1005993,Emily,Wright,"Aug 3, 1973",F,53269,(920) 555-0155,06/16/2024,06/16/2024,Clinic Visit,1771884131,Dr. Karen Thompson,R10.9,severe headache,Aetna,$741.19,Closed - Paid,2024-07-06T04:17:18Z
EPIC_NORTH,E3559116,lakeshore general hospital ,EN1003996,Jennifer,Nelson,07/20/1933,F,53189,(608) 555-0174,"Oct 5, 2024",2024-10-06,Emergency Room,1447294053,"Peterson, Samuel",I50.22,"worsening breathlessness on exertion, weight up 3 kg",MEDICARE PART A,"4,519.50 USD",Paid in Full,2024-10-16T16:36:49Z
EPIC_NORTH,E6310556,Lakeshore General Hospital,EN1003562,Priya,Lee,1959-02-11T00:00:00,F,54387,(414) 555-0143,2023-01-22,2023-01-22,OBS,1440029787,Dr. Olivia Young,I48.91,crushing chest pain spreading to left arm,MEDICARE PART A,"17,233.74 USD",Denied,2023-02-13T05:19:33Z
EPIC_NORTH,E8514678,St Brendan Medical Center,EN1005579,Linda,Jackson,7/30/1985,F,54340,(920) 555-0184,08/07/2023,2023-08-07T00:00:00,Office Visit,1105218543,"Young, Tyler",J44.9,productive cough with low oxygen readings at home,Self Pay,1451.96,PAID,2023-08-14T10:20:31Z
EPIC_NORTH,E9780037,Lakeshore Gen Hosp,EN1005831,Richard,King,7/12/1987,M,53747,(608) 555-0148,4/10/2023,,Outpatient,1778486484,"Thomas, Emily",I10,headache with elevated blood pressure,UnitedHealthcare,$122.71,Paid,2023-04-16T01:50:14Z
EPIC_NORTH,E7938102,Maple Grove Pediatrics ,EN1004733,Jessica,King,2018-12-04,F,54355,(608) 555-0184,07/04/2023,,Outpatient,1615846452,Dr. Nancy O'Brien,Z23,flu shot,Medicaid,"1,852.21 USD",Closed - Paid,2023-07-08T03:34:24Z
EPIC_NORTH,E1287440,Lakeshore General,EN1006195,Andrew,Walker,02/14/1966,M,54166,(920) 555-0130,04/17/2024,4/17/2024,ER,1447294053,"Peterson, Samuel", E11.65 ,confusion with very high glucose,CIGNA HEALTH,"$9,347.22",DENIED,2024-05-04T15:45:00Z
EPIC_NORTH,E1659978,Lakeshore General,EN1002304,Emily,Van Dyke,11/25/1947,F,54186,(262) 555-0164,4/13/2024,"Apr 14, 2024",Observation,1472671472,"King, Mei", E11.65 ,fatigue and excessive thirst,Medicare,"$7,219.99",PAID,2024-05-04T15:58:47Z
EPIC_NORTH,E7675269,Maple Grove Pediatrics,EN1000508,Ethan,Nelson,2023-12-26,M,53235,(608) 555-0124,05/06/2024,2024-05-06T00:00:00,Outpatient,1615846452,Dr. Nancy O'Brien,Z00.129,annual physical,IA Medicaid,1000.07,PAID,2024-05-22T06:30:24Z
EPIC_NORTH,E7257053,MAPLE GROVE PEDS,EN1002129,Grace,Wright,6/28/2014,F,53226,(262) 555-0130,3/14/2023,2023-03-14,OP,1410646008,"Hernandez, Matthew",J02.9,fever and cough,Medicaid,1466.79,Closed - Paid,2023-03-27T13:39:20Z
EPIC_NORTH,E3467353,Lakeshore General,EN1008634,William,Miller,03/14/1982,M,53154,(608) 555-0138,2024-09-28T00:00:00,2024-09-28,Emergency Room,1860320807,"Schultz, Rebecca",N18.6,kidney function review,UnitedHealthcare,"$1,678.10  ",Paid,2024-10-21T13:45:15Z
EPIC_NORTH,E2216860,Maple Grove Pediatric Clinic,EN1002145,Karen,Martinez,01/03/2008,F,54390,(414) 555-0186,"Dec 24, 2023",,Outpatient,1410646008,Dr. Matthew Hernandez,J06.9,confusion and high fever,Blue Cross Blue Shield,$131.00,Paid,2024-01-04T20:26:51Z
EPIC_NORTH,E2718851,lakeshore general hospital ,EN1000828,Laura,Wilson,1947-11-25,F,53170,(414) 555-0117,2023-10-19,10/23/2023,inpatient admission,1778486484,"Thomas, Emily",A41.9,fever and cough,Medicare - Part B,13100.78,Paid in Full,2023-10-25T06:36:17Z
EPIC_NORTH,E2126119,Lakeshore General Hospital,EN1000707,Aaron,Hansen,"Jun 26, 2006",M,53256,(414) 555-0125,2023-04-21,2023-04-21T00:00:00,Obs Stay,1440029787,"Young, Olivia",R10.9,severe headache,BCBS,7528.07,PAID,2023-05-03T06:25:01Z
EPIC_NORTH,E3068632,LAKESHORE GENERAL HOSPITAL,EN1002993,Hannah,Jensen,1963-07-31,F,53156,(920) 555-0128,12/20/2023,2023-12-20,ER,1871689760,"Walker, Ashley",J18.9,confusion and high fever,Tricare,"2,241.75 USD",Paid in Full,2023-12-21T07:15:12Z
EPIC_NORTH,E7319500,LAKESHORE GENERAL HOSPITAL,EN1008634,William,Miller,"Mar 14, 1982",M,53154,(608) 555-0138,2024-11-13,2024-11-24,IN-PATIENT,1701079810,Dr. Linda Hall,"J18.9 - Pneumonia, unspecified organism",burning on urination,Aetna,$27.04K,In Process,2024-12-14T06:07:43Z
EPIC_NORTH,E5393153,Lakeshore General Hospital,EN1006637,Sandra,Wright,1980-05-19T00:00:00,F,54181,(262) 555-0145,2023-01-22T00:00:00,02/03/2023,INPT,1701079810,"Hall, Linda",A419,confusion and high fever,self-pay,23427.27,PAID,2023-02-07T06:13:25Z
EPIC_NORTH,E1625611,St. Brendan Medical Center,EN1000048,Sarah,Johnson,1965-09-21,F,53177,(608) 555-0167,04/06/2024,2024-04-10T00:00:00,IP,1771884131,Dr. Karen Thompson,I10,headache with elevated blood pressure,Cigna,"$34,683.70",PAID,2024-04-17T02:56:36Z
EPIC_NORTH,E4045359,St. Brendan Medical Center,EN1003532,Paul,King,1972-09-01,M,53159,(920) 555-0180,"Jan 14, 2023",01/14/2023,Outpatient,1939494823,"Jackson, William",E10.9,high blood sugar readings at home,Blue Cross Blue Shield,$428.09,Paid,2023-01-28T05:06:29Z
EPIC_NORTH,E5148498,St. Brendan's Medical Center,EN1005728,Patricia,Harris,11/23/1971,F,53726,(920) 555-0116,08/08/2023,08/08/2023,Emergency,1860320807,Dr. Rebecca Schultz,J441,increased cough and wheezing,UnitedHealthcare,841.67 USD,Closed - Paid,2023-08-14T03:53:42Z
EPIC_NORTH,E5792262,St. Brendan Medical Center,EN1001609,Kevin,Hall,"Nov 28, 1963",M,53292,(608) 555-0161,2024-04-17,2024-04-17T00:00:00,Emergency,1860320807,"Schultz, Rebecca",S52.501A,head injury after a fall,MEDICAID,5080.12,Paid,2024-04-30T01:37:18Z
EPIC_NORTH,E9609393,Lakeshore General Hospital,EN1008114,James,Kim,8/9/1961,M,54110,(920) 555-0170,04/26/2023,2023-04-26,Emergency,1809320819,"Nguyen, Chloe",N18.6,dialysis follow-up,Cigna,"$2,455.71",Paid,2023-05-15T08:07:28Z
EPIC_NORTH,E4551162,Lakeshore General Hospital,EN1003221,Steven,Lopez,12/4/1981,M,53731,(262) 555-0140,08/17/2023,2023-08-18,Obs Stay,1139986982,Dr. Anthony Schmidt,N39.0,burning on urination,BadgerCare Plus,"$3,981.11",Closed - Paid,2023-08-22T05:09:19Z
EPIC_NORTH,E2591036,Lakeshore General Hospital,EN1000828,Laura,Wilson,11/25/1947,F,53170,(414) 555-0117,2023-12-16,2023-12-16T00:00:00,Obs Stay,1536455680,"Kowalski, Noah",r07.9,abdominal pain since morning,MEDICARE PART A,"$3,771.84  ",PAID,2023-12-28T18:15:14Z
EPIC_NORTH,E3757543,Lakeshore General,EN1001269,Paul M,Rodriguez,"Apr 2, 1973",M,53209,(414) 555-0156,10/29/2023,"Oct 29, 2023",EMERGENCY DEPT,1809320819,Dr. Chloe Nguyen,J18.9,cold symptoms for a week,Blue Cross Blue Shield,"$8,855.53",Paid in Full,2023-11-21T01:27:51Z
EPIC_NORTH,E5807843,St Brendan Medical Center,EN1001726,Omar,Thompson,03/19/1971,M,54393,(920) 555-0119,04/03/2023,2023-04-03,Office Visit,1771884131,Dr. Karen Thompson,z23,well child visit,UnitedHealthcare,680.38 USD,Paid,2023-04-05T15:03:39Z
EPIC_NORTH,E8181514,Lakeshore General Hospital,EN1006085,Patricia,Peterson,1977-09-24,F,53759,(414) 555-0107,07/29/2023,"Jul 29, 2023",Emergency,1447294053,Dr. Samuel Peterson,S52.501A,"fell on outstretched hand, wrist pain",TRICARE,"$2,984.96",Paid,2023-08-11T02:18:52Z
EPIC_NORTH,E2441372,Lakeshore General Hospital,EN1001442,DANIEL,DAVIS,04/02/1963,M,52037,(563) 555-0162,9/9/2024,"Sep 19, 2024",IN-PATIENT,1472671472,Dr. Mei Olson,I50.22,"worsening breathlessness on exertion, weight up 3 kg",IA Medicaid,"USD 57,505.87",CANCELLED,2024-09-29T06:37:53Z
EPIC_NORTH,E6907140,Maple Grove Pediatric Clinic,EN1001631,Jacob,Schmidt,2013-12-18T00:00:00,M,53296,(920) 555-0122,2024-02-17,02/17/2024,Office Visit,1895579906,"Davis, Thomas",Z00.129,well child visit,IA Medicaid,USD 652.51,DENIED,2024-02-29T10:58:18Z
EPIC_NORTH,E3400529,Lakeshore General Hospital,EN1005831,Richard,King,1987-07-12,M,53747,(608) 555-0148,10/14/2024,2024-10-18,inpatient admission,1778486484,"Thomas, Emily",I10,blood pressure check,Aetna,"USD 34,986.88",Paid in Full,2024-10-24T12:08:11Z
EPIC_NORTH,E6310869,St. Brendan Medical Center,EN1004211,Samuel,Johnson,1988-05-07,M,53737,(920) 555-0108,9/4/2024,2024-09-06,IN-PATIENT,1771884131,"Thompson, Karen",E11.65,diabetic follow-up and medication refill,Medicaid,"$77,667.97",PAID,2024-09-24T11:57:37Z
EPIC_NORTH,E8254632,Lakeshore General Hospital,EN1007536,Jessica,Lopez,1976-04-18,F,53251,(608) 555-0109,04/27/2024,2024-05-07,INPT,1472671472,Dr. Mei King,J44.1,productive cough with low oxygen readings at home,TRICARE,$ 36336.69,PAID,2024-05-21T12:20:12Z
EPIC_NORTH,E6680399,LAKESHORE GENERAL HOSPITAL,EN1005268,Joseph,Hoffman,1983-12-28,M,54120,(414) 555-0151,08/19/2024,"Aug 19, 2024",Emergency,1447294053,Dr. Samuel Peterson,I10,hypertension follow-up,Aetna,$744.19  ,Paid in Full,2024-08-21T18:07:49Z
EPIC_NORTH,E6395696,Lakeshore General Hospital,EN1004743,Mark,Young,1965-03-02T00:00:00,M,54168,(414) 555-0129,"Jul 23, 2024",07/24/2024,EMERGENCY DEPT,1447294053,Dr. Samuel Peterson,I10,headache with elevated blood pressure,UHC,8630.54,Closed - Paid,2024-08-03T18:15:56Z
EPIC_NORTH,E1862886,St. Brendan Medical Center,EN1004423,Olivia,KING,6/21/1990,F,52066,(563) 555-0184,2024-06-22,2024-06-29,INPT,1682052588,Dr. James Wright,J45.901,"chest tightness, inhaler not helping",UnitedHealthcare,14660.59,Paid,2024-07-16T20:22:20Z
EPIC_NORTH,E3242940,St. Brendan Medical Center,EN1008143,Samuel,Taylor,1986-12-31,M,53115,(608) 555-0198,11/24/2024,12/06/2024,IP,1008754750,"Hoffman, Katherine",I63.9,slurred speech and facial droop,CIGNA HEALTH,"$29,403.54",SUBMITTED,2024-12-25T17:23:40Z
EPIC_NORTH,E1584979,ST BRENDAN MED CTR,EN1008370,Rebecca,Taylor,1957-10-18,F,53187,(414) 555-0119,2023-05-31,6/1/2023,Emergency Room,1028382228,Dr. Chloe Wilson,E11.65,diabetic follow-up and medication refill,Medicare,"2,948.74 USD",Closed - Paid,2023-06-16T12:38:54Z
EPIC_NORTH,E3297076,MAPLE GROVE PEDS,EN1004636,Ryan,Martin,2007-12-17,M,54366,(262) 555-0104,"Oct 30, 2024",,Virtual,1541465906,Dr. Samuel Johnson,R509,chest pain,Cigna,228.40,Void,2024-11-24T16:55:56Z
EPIC_NORTH,E7626357,Lakeshore General,EN1007150,Ana,Walker,5/31/1955,F,53205,(262) 555-0182,2024-10-19,,Outpatient,1701079810,"Hall, Linda",Z23,annual physical,MEDICARE PART A,$630.71  ,Closed - Paid,2024-11-11T02:10:01Z
EPIC_NORTH,E7683938,Lakeshore General Hospital,EN1007731,Ethan,Anderson,03/27/1967,M,53118,(920) 555-0104,2023-10-27,,Clinic Visit,1778486484,"Thomas, Emily",J44.9,increased cough and wheezing,Cigna,$2.02K,PAID,2023-11-21T12:13:38Z
EPIC_NORTH,E7604171,St. Brendan's Medical Center,EN1000561,Minh,Martin,1965-06-11T00:00:00,M,54311,(608) 555-0183,04/26/2024,2024-04-28,Observation,1682052588,"Wright, James",E11.65,high blood sugar readings at home,TRICARE,N/A,Closed - Paid,2024-05-06T00:20:59Z
EPIC_NORTH,E7258702,TEST FACILITY - DO NOT USE,EN1008717,Zztest,Epic,1980-01-01,F,53200,(414) 555-0100,"Jul 31, 2024",,OP,1778486484,"Thomas, Emily",Z23,well child visit,AETNA INC,$144.50,Paid,2024-08-16T12:50:25Z
EPIC_NORTH,E8021513,Lakeshore General Hospital,EN1004669,Maria,Wagner,1938-01-27,F,53233,(262) 555-0126,10/27/2023,10/29/2023,IN-PATIENT,1778486484,Dr. Emily Thomas,A41.9,fever and cough,Medicare - Part B,"63,126.84 USD",Closed - Paid,2023-11-03T05:24:10Z
EPIC_NORTH,E3507038,Lakeshore General Hospital,EN1000477,Rajesh,Jones,05/17/1988,M,54194,(920) 555-0104,2024-11-04,,Clinic Visit,1472671472,"Olson, Mei",E11.9,confusion with very high glucose,Aetna,$286.58  ,Void,2024-11-08T03:00:14Z
EPIC_NORTH,E4045437,St Brendan Medical Center,EN1001860,Joshua,Jackson,1980-09-11T00:00:00,M,53102,(262) 555-0115,02/10/2024,"Feb 10, 2024",ER,1229836956,"Nelson, Joshua", N18.6 ,"missed dialysis session, feeling weak",Blue Cross Blue Shield,"$6,667.99",Paid,2024-02-26T12:16:28Z
EPIC_NORTH,E3686784,Maple Grove Pediatrics,EN1004854,Joshua,Garcia-Lopez,12/20/2010,M,54381,(920) 555-0169,2023-05-17,,Out Patient,1895579906,"Davis, Thomas",J02.9,burning on urination,Aetna,$ 171.16,Paid in Full,2023-05-21T10:38:20Z
EPIC_NORTH,E1806753,Lakeshore General Hospital,EN1006743,Richard,Hall,03/27/1992,M,53210,(608) 555-0147,09/22/2024,2024-09-22,Outpatient,1778486484,Dr. Emily Thomas,Z00.00 - Encounter for general adult medical examination without abnormal findings,annual physical,Uninsured,N/A,Cancelled,2024-10-02T23:24:03Z
EPIC_NORTH,E6136955,St. Brendan's Medical Center,EN1002268,Luis,Van Dyke,11/19/1956,M,53101,(262) 555-0140,2023-07-22,2023-07-22,Emergency,1860320807,Dr. Rebecca Schultz,I10,blood pressure check,Blue Cross Blue Shield,2274.32,Paid in Full,2023-07-25T19:10:11Z
EPIC_NORTH,E4570171,Lakeshore General,EN1003889,Carlos,Harris,1946-12-11T00:00:00,M,53154,(262) 555-0124,04/29/2024,04/29/2024,OBS,1787680457,Dr. Lisa Moore,E11.65,fatigue and excessive thirst,Medicare - Part B,"$10,319.70  ",Paid in Full,2024-05-05T03:18:53Z
EPIC_NORTH,E5836285,Lakeshore General Hospital,EN1007837,Matthew,O'Brien,12/08/2005,M,54187,(608) 555-0111,2023-12-16,12/25/2023,Inpatient,1139986982,Dr. Anthony Schmidt,J45.901 - Unspecified asthma with (acute) exacerbation,wheezing at night,Tricare,25421.10,Paid,2023-12-31T20:31:47Z
EPIC_NORTH,E2832331,Lakeshore General Hospital,EN1004194,Kevin,Taylor,1949-02-16,M,54144,(608) 555-0118,12/04/2023,"Dec 4, 2023",Emergency Room,1809320819,"Nguyen, Chloe",G47.33,chest pain,TRICARE,"$9,631.46",Paid in Full,2023-12-16T18:44:05Z
EPIC_NORTH,E9259972,Lakeshore General Hospital,EN1006308,Fatima,Becker,1991-03-26,F,53130,(414) 555-0114,2024-09-01,"Sep 2, 2024",ER,1871689760,"Walker, Ashley", S52.501A ,twisted ankle playing basketball,Medicare - Part B,"3,186.16 USD",Closed - Paid,2024-09-07T14:13:23Z
EPIC_NORTH,E9661955,Lakeshore General Hospital,EN1008260,Ethan,Patel,05/03/1970,M,53164,(920) 555-0112,2024-02-25,2/26/2024,inpatient admission,1139986982,Dr. Anthony Schmidt,I48.91,crushing chest pain spreading to left arm,MEDICARE PART A,"$25,691.67",PAID,2024-03-20T14:50:09Z
EPIC_NORTH,E2305662,Lakeshore General Hospital,EN1008260,Ethan,Patel,"May 3, 1970",M,53164,(920) 555-0112,06/28/2023,06/29/2023,EMERGENCY DEPT,1447294053,"Peterson, Samuel",R10.9,severe headache,MCR,"USD 3,954.93",Closed - Paid,2023-07-18T23:39:57Z
EPIC_NORTH,E6926176,Maple Grove Pediatrics,EN1002746,Michael,Taylor,2008-10-12,M,53749,(608) 555-0124,"Jan 6, 2023",01/06/2023,Outpatient,1895579909,Dr. Thomas Davis,Z23,flu shot,UnitedHealthcare,143.43,Closed - Paid,2023-01-11T07:34:01Z
EPIC_NORTH,E7604261,Lakeshore General Hospital,EN1004137,Samuel,Anderson,08/01/1976,M,54306,(414) 555-0135,"Jun 25, 2023",2023-06-27,Obs Stay,1440029787,"Young, Olivia",I48.91,crushing chest pain spreading to left arm,Cigna,$3.22K,Denied,2023-07-04T16:33:10Z
EPIC_NORTH,E4119712,Lakeshore Gen Hosp,EN1008313,Anthony,Olson,11/19/1954,M,54151,(608) 555-0145,11/2/2024,2024-11-12,IP,1309114175,Dr. Hannah King,J44.1,"COPD review, breathing stable",Medicare,"12,327.05 USD",Closed - Paid,2024-12-02T06:50:28Z
EPIC_NORTH,E7918833,St. Brendan Medical Center,EN1006213,Andrew,Martin,07/04/1996,M,53721,(920) 555-0151,2024-08-20,2024-08-20,Emergency,1028382228,"Wilson, Chloe",J45.901,wheezing at night,self-pay,1444.46,Paid in Full,2024-09-07T00:58:16Z
EPIC_NORTH,E6034817,Lakeshore General Hospital,EN1007221,Aaron,Rodriguez,06/04/1959,M,54104,(608) 555-0117,08/25/2024,2024-08-31T00:00:00,inpatient admission,1452059979,"Williams, Thomas",I63.9,sudden weakness on one side,BCBS,$ 50854.27,Paid,2024-09-11T21:38:16Z
EPIC_NORTH,E8207044,lakeshore general hospital ,EN1002993,Hannah,Jensen,1963-07-31,F,53156,(920) 555-0128,2023-08-18T00:00:00,08/28/2023,INPT,1778486484,"Thomas, Emily",I50.9,"heart failure follow-up, fluid tablets review",Workers Comp,"$31,068.30  ",Closed - Paid,2023-08-31T23:16:02Z
EPIC_NORTH,E4531343,St. Brendan Medical Center,EN1007795,Emily,Wright,09/05/1976,F,54153,(608) 555-0131,2024-03-19,"Mar 27, 2024",inpatient admission,1642524775,"Hall, Sarah",A41.9,sore throat and fever,BadgerCare Plus,"$66,600.02",Paid in Full,2024-04-21T07:17:52Z
EPIC_NORTH,E9157706,Lakeshore Gen Hosp,EN1006865,Ana,White,1986-12-13,F,53738,(920) 555-0123,08/29/2024,2024-08-29,ED,1447294053,"Peterson, Samuel",S06.0X0A,twisted ankle playing basketball,CIGNA HEALTH,$851.36  ,Paid,2024-09-04T17:12:24Z
EPIC_NORTH,E6495067,lakeshore general hospital ,EN1005919,Rebecca,Johnson,1/8/1966,F,54111,(920) 555-0149,"Apr 2, 2023",,Office Visit,1440029787,"Young, Olivia",I5022,"unable to lie flat at night, ankle edema",BCBS,$632.22,Paid,2023-04-22T02:26:17Z
EPIC_NORTH,E1581086,Lakeshore General Hospital,EN1001019,Joshua,Harris,1980-12-28,M,52052,(319) 555-0169,2024-09-11,,Office Visit,1452059979,"Williams, Thomas",I10,headache with elevated blood pressure,UnitedHealthcare,"USD 1,091.89",Closed - Paid,2024-09-29T17:15:31Z
EPIC_NORTH,E2139022,St. Brendan Medical Center,EN1005705,Grace,Miller,1992-01-26,F,53794,(608) 555-0109,2024-03-05,03/05/2024,Emergency Room,1028382228,"Wilson, Chloe", S93.401A ,head injury after a fall,Medicaid,"$1,875.89",PAID,2024-03-30T08:24:24Z
EPIC_NORTH,E2646335,St. Brendan Medical Center,EN1002559,Omar,Thompson,01/23/1964,M,53165,(920) 555-0103,2023-09-15,"Sep 17, 2023",Observation,1008754750,Dr. Katherine Hoffman,R07.9,abdominal pain since morning,Blue Cross Blue Shield,3821.98,Paid,2023-09-21T01:14:59Z
EPIC_NORTH,E8963903,St. Brendan Medical Center,EN1008006,Chloe,Kowalski,10/03/1969,F,53228,(920) 555-0183,02/16/2023,2/16/2023,Emergency Room,1860320807,Dr. Rebecca Schultz,"J18.9 - Pneumonia, unspecified organism",fever and cough,Blue Cross Blue Shield,"$6,323.32",Paid,2023-02-25T19:43:14Z
EPIC_NORTH,E6665800,lakeshore general hospital ,EN1008271,Tyler,Walker,1979-03-16,M,53728,(262) 555-0100,2023-03-24T00:00:00,04/02/2023,INPT,1472671472,Dr. Mei King,J18.9,fever and cough,Aetna,"USD 45,881.58",PAID,2023-04-13T13:51:22Z
EPIC_NORTH,E9603633,St. Brendan Medical Center,EN1006079,Emily,Lopez,05/22/1979,F,53795,(920) 555-0107,02/28/2023,03/01/2023,EMERGENCY DEPT,1028382228,Dr. Chloe Wilson,I50.9,"unable to lie flat at night, ankle edema",CIGNA HEALTH,$ 1216.01,Closed - Paid,2023-03-26T08:23:59Z
EPIC_NORTH,E7826531,LAKESHORE GENERAL HOSPITAL,EN1007324,Kevin,Peterson,1974-11-05,M,53148,(608) 555-0135,"Jan 21, 2023",1/21/2023,EMERGENCY DEPT,1871689760,Dr. Ashley Walker,J18.9,confusion and high fever,AETNA INC,"$8,635.81  ",Rejected,2023-02-12T21:06:47Z
EPIC_NORTH,E4526896,Lakeshore General Hospital,EN1006195,Andrew,Walker,1966-02-14,M,54166,(920) 555-0130,2023-01-26,02/02/2023,IN-PATIENT,1440029787,"Young, Olivia",I21.9,palpitations and dizziness,UHC,"$31,379.12",Denied,2023-02-16T11:11:29Z
EPIC_NORTH,E9910804,LAKESHORE GENERAL HOSPITAL,EN1003478,Linda,Young,1997-05-16,F,54332,(262) 555-0159,2024-09-19,09/19/2024,Emergency Room,1871689760,"Walker, Ashley","J18.9 - Pneumonia, unspecified organism",cold symptoms for a week,UnitedHealthcare,$ 3570.06,PAID,2024-10-03T21:44:48Z
EPIC_NORTH,E2592616,Lakeshore General Hospital,EN1005943,Ryan,Becker,1980-08-26,M,54344,(262) 555-0103,2024-11-24T00:00:00,2024-11-24,Clinic Visit,1787680457,Dr. Lisa Moore,R10.9,abdominal pain since morning,AETNA INC,$335.11,In Process,2024-12-15T12:59:56Z
EPIC_NORTH,E5639725,Maple Grove Pediatrics,EN1000658,Minh,Schultz,5/2/2016,M,53266,(608) 555-0131,2023-11-16,11/16/2023,Virtual,1410646008,"Hernandez, Matthew",R50.9,severe headache,CIGNA HEALTH,$125.23,CANCELLED,2023-11-19T04:38:09Z
EPIC_NORTH,E9716483,Lakeshore General Hospital,EN1002450,Sarah,Kowalski,01/12/1955,F,53141,(262) 555-0102,"Sep 24, 2023",2023-10-02,IN-PATIENT,1701079810,Dr. Linda Hall,J18.9,sore throat and fever,Uninsured,"$68,613.41",Paid in Full,2023-10-27T23:34:56Z
EPIC_NORTH,E8932487,Maple Grove Pediatrics,EN1004015,Daniel,Johnson,12/30/2006,M,54108,(262) 555-0134,"Jul 19, 2024","Jul 19, 2024",Clinic Visit,1410646008,"Hernandez, Matthew",Z00.129,annual physical,UnitedHealthcare,213.97,Paid,2024-08-02T10:12:03Z
EPIC_NORTH,E7432229,St. Brendan Medical Center,EN1007299,Aaron,O'Brien,03/24/1962,M,54314,(920) 555-0125,2023-03-26T00:00:00,2023-03-28,IP,1105218543,Dr. Tyler Young,I50.22,"unable to lie flat at night, ankle edema",AETNA INC,"15,686.47 USD",Closed - Paid,2023-03-31T18:51:05Z
EPIC_NORTH,E2660265,Maple Grove Pediatrics,EN1002638,Michelle,Novak,2007-09-18,F,54311,(920) 555-0170,2024-11-27,,Office Visit,1410646008,Dr. Matthew Hernandez,Z23,well child visit,Aetna,$173.46,In Process,2024-12-22T13:06:35Z
EPIC_NORTH,E2327343,MAPLE GROVE PEDS,EN1000684,Samuel,Jones,2007-07-05,M,53202,(414) 555-0180,10/17/2024,,Outpatient,1410646008,"Hernandez, Matthew",Z00.129,well child visit,IA Medicaid,$405.37,Paid,2024-11-09T16:01:02Z
EPIC_NORTH,E9310962,Maple Grove Pediatrics,EN1005839,Priya,Novak,01/22/2016,F,53205,(920) 555-0138,2023-03-16T00:00:00,,Clinic Visit,1541465906,"Johnson, Samuel",Z23,annual physical,Cigna,USD 163.71,DENIED,2023-04-05T08:23:58Z
EPIC_NORTH,E4286773,Lakeshore Gen Hosp,EN1002993,Hannah,Jensen,"Jul 31, 1963",F,53156,(920) 555-0128,"Jun 30, 2023","Jun 30, 2023",Office Visit,1472671472,"King, Mei",I5022,"worsening breathlessness on exertion, weight up 3 kg",Workers Comp,$152.39,Paid,2023-07-22T17:51:13Z
EPIC_NORTH,E6174384,St Brendan Medical Center,EN1008520,Tyler,Smith,"Aug 19, 1960",M,54134,(608) 555-0169,2024-02-04,02/16/2024,IN-PATIENT,1682052588,"Wright, James",N17.9,"very little urine output, nausea",BCBS,65587.43,Paid in Full,2024-02-22T19:45:49Z
EPIC_NORTH,E1000155,St. Brendan Medical Center,EN1001765,Jessica,Jones,1984-08-25,F,53275,(414) 555-0162,2023-09-21,2023-10-02T00:00:00,inpatient admission,1771884131,"Thompson, Karen",J44.1,"short of breath, using rescue inhaler more often",Aetna,"$25,394.97",Closed - Paid,2023-10-19T13:14:47Z
EPIC_NORTH,E7357651,St Brendan Medical Center,EN1008035,Hannah,Nguyen,02/02/1943,F,53110,(920) 555-0137,2024-11-29T00:00:00,2024-12-04,IN-PATIENT,1105218543,Dr. Tyler Young,j44.1,productive cough with low oxygen readings at home,MEDICARE PART A,29117.49,Pending,2024-12-20T14:39:06Z
EPIC_NORTH,E5190892,Lakeshore General Hospital,EN1007275,Katherine,White,1990-12-03,F,54119,(262) 555-0198,01/17/2023,1/18/2023,Emergency Room,1871689760,Dr. Ashley Walker,R10.9,abdominal pain since morning,UnitedHealthcare,"USD 5,001.59",Paid in Full,2023-02-06T21:08:06Z
EPIC_NORTH,E1657502,St. Brendan Medical Center,EN1001022,JENNIFER,OLSON,1965-09-27,F,54163,(920) 555-0185,2023-01-18,,Office Visit,1642524775,"Hall, Sarah",N18.6,dialysis follow-up,Uninsured,see itemized bill,PAID,2023-02-10T10:07:54Z
EPIC_NORTH,E2423472,St Brendan Medical Center,EN1003465,Ashley,Schmidt,7/16/1931,F,53119,(262) 555-0195,04/08/2023,2023-04-08,Outpatient,1939494823,Dr. William Jackson,R10.9 - Unspecified abdominal pain,fever for two days,MEDICARE PART A,N/A,Closed - Paid,2023-04-25T15:04:49Z
EPIC_NORTH,E1599873,Maple Grove Pediatrics,EN1008172,Matthew,Rodriguez,"Apr 7, 2011",M,53264,(262) 555-0145,01/30/2023,2023-01-30,Outpatient,1410646008,"Hernandez, Matthew",J06.9,cold symptoms for a week,Medicaid,$885.69  ,Rejected,2023-02-08T18:10:19Z
EPIC_NORTH,E7291970,Lakeshore General Hospital,EN1003427,Noah,Garcia,4/14/1953,M,53701,(414) 555-0190,2024-04-28T00:00:00,05/03/2024,Inpatient,1139986982,"Schmidt, Anthony","A41.9 - Sepsis, unspecified organism",confusion and high fever,Medicare - Part B,75594.82,Closed - Paid,2024-05-28T15:05:39Z
EPIC_NORTH,E6264137,Lakeshore General Hospital,EN1007363,Sarah,Jackson,1948-12-22,F,54111,(414) 555-0135,2024-06-22,,Office Visit,1787680457,"Moore, Lisa",Z23,well child visit,AETNA INC,$569.75,Closed - Paid,2024-07-15T11:22:00Z
EPIC_NORTH,E7260349,Lakeshore General,EN1000217,Minh,Nguyen,08/06/1976,M,53777,(920) 555-0114,5/18/2024,05/26/2024,IP,1309114175,"King, Hannah",N18.6,dialysis follow-up,Aetna,"55,981.63 USD",Paid in Full,2024-05-31T10:16:21Z
EPIC_NORTH,E9162949,St. Brendan Medical Center,EN1002268,Luis,Van Dyke,1956-11-19,M,53101,(262) 555-0140,2023-08-12,,Clinic Visit,1105218543,"Young, Tyler","N18.4 - Chronic kidney disease, stage 4 (severe)",kidney function review,Cigna,$2.24K,Denied,2023-08-18T05:39:52Z
EPIC_NORTH,E9419182,LAKESHORE GENERAL HOSPITAL,EN1001651,Joshua,Hernandez,12/9/1960,M,54190,(920) 555-0182,06/22/2024,06/22/2024,EMERGENCY DEPT,1809320819,"Nguyen, Chloe",R10.9,fever for two days,Aetna,4196.31,Paid in Full,2024-07-14T10:37:26Z
EPIC_NORTH,E4544178,St. Brendan Medical Center,EN1000551,Ashley,Schultz,12/25/1970,F,53226,(262) 555-0115,01/10/2024,2024-01-10,Emergency,1229836956,"Nelson, Joshua",E11.65,confusion with very high glucose,AETNA INC,"USD 2,995.80",Paid,2024-02-03T10:13:00Z
EPIC_NORTH,E4946944,St. Brendan Medical Center,EN1001765,Jessica,Jones,1984-08-25T00:00:00,F,53275,(414) 555-0162,"Nov 17, 2023",2023-11-17,EMERGENCY DEPT,1028382228,"Wilson, Chloe",J441,"short of breath, using rescue inhaler more often",UHC,8867.83,Closed - Paid,2023-12-01T20:45:21Z
EPIC_NORTH,E4154437,Lakeshore Gen Hosp,EN1005963,Katherine,Wagner,"Nov 25, 1954",F,54145,(608) 555-0156,"Jun 26, 2023",06/26/2023,Emergency Room,1809320819,Dr. Chloe Nguyen,I50.22 - Chronic systolic (congestive) heart failure,shortness of breath and leg swelling for several days,MCR,"$10,914.63",Paid,2023-07-18T17:16:20Z
EPIC_NORTH,E8824101,St. Brendan Medical Center,EN1008006,Chloe,Kowalski,"Oct 3, 1969",F,53228,(920) 555-0183,2023-11-02,,Clinic Visit,1105218543,Dr. Tyler Young,i48.91,crushing chest pain spreading to left arm,CIGNA HEALTH,$438.41,Closed - Paid,2023-11-20T00:12:14Z
EPIC_NORTH,E5145409,Saint Brendan Medical Center,EN1007141,Ana,THOMPSON,1955-10-31,F,52434,(563) 555-0150,09/18/2023,,Clinic Visit,1642524775,"Hall, Sarah",Z23,well child visit,Medicare - Part B,$422.20,Paid in Full,2023-09-28T13:37:16Z
EPIC_NORTH,E2879699,St. Brendan Medical Center,EN1002225,Mei,Kowalski,,F,53274,(920) 555-0134,2024-07-09T00:00:00,07/09/2024,Obs Stay,1352866754,"Locum, Tenens", I10 ,hypertension follow-up,Cigna,"USD 12,937.70",Rejected,2024-07-25T18:24:52Z
EPIC_NORTH,E1142199,LAKESHORE GENERAL HOSPITAL,EN1001566,Susan,King,1959-12-15,F,54350,(920) 555-0178,2023-07-01T00:00:00,07/01/2023,Emergency Room,1447294053,"Peterson, Samuel",S060X0A,twisted ankle playing basketball,Medicare,4286.87,PAID,2023-07-20T23:17:02Z
EPIC_NORTH,E3421809,Maple Grove Pediatric Clinic,EN1001518,Paul,King,3/1/2007,M,53134,(920) 555-0135,2023-09-19,"Sep 19, 2023",OP,1541465906,"Johnson, Samuel", Z00.129 ,flu shot,Workers Comp,338.11 USD,PAID,2023-10-07T02:53:01Z
EPIC_NORTH,E6893653,LAKESHORE GENERAL HOSPITAL,EN1006151,Margaret,Martin,1994-07-31T00:00:00,F,53708,(920) 555-0151,01/24/2023,01/24/2023,OP,1984162291,Dr. Brian Hansen,Z23,flu shot,IA Medicaid,212.23 USD,PAID,2023-01-29T18:01:33Z
EPIC_NORTH,E7966725,Lakeshore General Hospital,EN1004606,Tyler,Garcia-Lopez,08/01/1975,M,53276,(920) 555-0199,2024-07-12,"Jul 22, 2024",IN-PATIENT,1139986982,"Schmidt, Anthony",N17.9,"very little urine output, nausea",AETNA INC,$33.44K,Paid,2024-08-07T22:16:10Z
EPIC_NORTH,E9164835,Maple Grove Pediatrics,EN1001182,Lisa,Van Dyke,2016-08-20,F,53796,(414) 555-0106,2023-02-25,,OP,1541465906,"Johnson, Samuel",J06.9,sore throat and fever,MEDICAID,"$1,123.35",Paid in Full,2023-03-17T22:39:58Z
EPIC_NORTH,E6606535,Lakeshore General,EN1006555,Jennifer,Kowalski,1988-09-26T00:00:00,F,53153,(262) 555-0178,05/08/2023,05/16/2023,INPT,1440029787,"Young, Olivia",I50.22 - Chronic systolic (congestive) heart failure,"heart failure follow-up, fluid tablets review",Uninsured,"$15,265.27",Paid in Full,2023-06-07T08:58:36Z
EPIC_NORTH,E3584664,Maple Grove Pediatrics,EN1001759,Katherine,White,2021-08-16,F,54306,(608) 555-0135,11/17/2024,,Outpatient,1541465906,"Johnson, Samuel",J06.9,cold symptoms for a week,UHC,$621.11,Paid in Full,2024-12-02T23:45:35Z
EPIC_NORTH,E3527377,St. Brendan Medical Center,EN1005579,Linda,Jackson,07/30/1985,F,54340,(920) 555-0184,04/12/2024,2024-04-19,IN-PATIENT,1836016109,Dr. Michelle Martinez,J44.1,"short of breath, using rescue inhaler more often",Self Pay,11573.77,Paid,2024-04-26T07:12:03Z
EPIC_NORTH,E5657861,St. Brendan Medical Center,EN1005016,Minh,Anderson,"Apr 15, 1967",M,53791,(262) 555-0154,09/20/2024,2024-09-20,EMERGENCY DEPT,1229836956,"Nelson, Joshua",R51.9,fever for two days,CIGNA HEALTH,$687.14,PAID,2024-09-25T02:09:59Z
EPIC_NORTH,E6300902,Lakeshore General Hospital,EN1001381,James,Lee,1979-07-14,M,53750,(262) 555-0108,2024-05-24,2024-06-02,IP,1536455680,"Kowalski, Noah",A419,confusion and high fever,Blue Cross Blue Shield,14234.83,PAID,2024-06-22T06:36:52Z
EPIC_NORTH,E6309075,ST BRENDAN MED CTR,EN1003901,Carlos,Smith,1984-03-30,M,54149,(608) 555-0152,2024-10-20,"Oct 22, 2024",IN-PATIENT,1008754750,Dr. Katherine Hoffman,J44.1,productive cough with low oxygen readings at home,Aetna,"USD 51,956.25",Paid,2024-11-03T02:40:50Z
EPIC_NORTH,E5006650,ST BRENDAN MED CTR,EN1001366,Matthew,Wilson,03/29/1964,M,53173,(414) 555-0165,2024-05-02,,Clinic Visit,1771884131,Dr. Karen Thompson,Z23,well child visit,CIGNA HEALTH,"USD 1,455.41",Closed - Paid,2024-05-07T09:11:24Z
EPIC_NORTH,E6911419,Lakeshore General Hospital,EN1007817,Mark,Taylor,1980-04-25,M,53773,(920) 555-0134,2023-03-13,03/15/2023,IP,NPI-130911,"King, Hannah",I639,slurred speech and facial droop,IA Medicaid,91039.04,Paid in Full,2023-04-03T13:31:40Z
EPIC_NORTH,E1784635,LAKESHORE GENERAL HOSPITAL,EN1000247,Mary,O'Brien,1966-11-30,F,53119,(920) 555-0181,2023-05-15,2023-05-15,ER,1871689760,Dr. Ashley Walker, J18.9 ,burning on urination,UHC,"$1,852.53",Paid in Full,2023-06-07T19:39:39Z
EPIC_NORTH,E3020143,LAKESHORE GENERAL HOSPITAL,EN1007731,Ethan,Anderson,1967-03-27,M,53118,(920) 555-0104,2024-07-11,2024-07-12,Obs Stay,1440029787,Dr. Olivia Young,R079,chest pain,AETNA INC,$7.85K,Paid,2024-07-28T18:02:24Z
EPIC_NORTH,E1321679,St. Brendan Medical Center,EN1000651,Karen,Young,1957-12-13,F,54155,(608) 555-0111,06/22/2023,6/22/2023,Emergency Room,1229836956,"Nelson, Joshua",I10,hypertension follow-up,MEDICARE PART A,2773.12,Denied,2023-07-17T12:35:29Z
EPIC_NORTH,E3222949,Lakeshore Gen Hosp,EN1005111,William,Jones,1975-02-07T00:00:00,M,54392,(608) 555-0197,2024-11-04,11/04/2024,Outpatient,1701079810,Dr. Linda Hall,Z23,flu shot,CIGNA HEALTH,USD 492.98,VOIDED,2024-11-14T08:00:57Z
EPIC_NORTH,E9292682,lakeshore general hospital ,EN1008323,Priya,Young,01/08/1969,F,54139,(920) 555-0179,2024-11-16,2024-11-17,IP,1536455680,Dr. Noah Kowalski,I63.9,slurred speech and facial droop,Cigna,18788.35,Paid,2024-11-20T14:05:09Z
EPIC_NORTH,E7560697,Lakeshore General Hospital,EN1004743,Mark,Young,03/02/1965,M,54168,(414) 555-0129,2023-05-07,2023-05-08,inpatient admission,1309114175,"King, Hannah",I10,hypertension follow-up,Blue Cross Blue Shield,20825.93,Cancelled,2023-05-26T12:20:21Z
EPIC_NORTH,E3789865,Lakeshore General Hospital,EN1004743,Mark,Young,1965-03-02,M,54168,(414) 555-0129,2024-02-27,2024-02-27,Emergency Room,1809320819,"Nguyen, Chloe",I10,hypertension follow-up,Cigna,803.86,PAID,2024-03-13T12:20:31Z
EPIC_NORTH,E3464061,St Brendan Medical Center,EN1002962,Patricia,Jones,,F,53753,(608) 555-0137,05/13/2023,2023-05-12,ED,1028382228,"Wilson, Chloe",R07.9,severe headache,Workers Comp,"6,509.66 USD",Closed - Paid,2023-05-29T09:44:06Z
EPIC_NORTH,E9188467,St. Brendan Medical Center,EN1004053,Elizabeth,Nelson,1945-12-20,F,53706,(414) 555-0102,2023-12-26T00:00:00,2023-12-27,Emergency,1028382228,Dr. Chloe Wilson,s06.0x0a,head injury after a fall,Medicare,$ 1560.01,PAID,2024-01-05T10:40:39Z
EPIC_NORTH,E5410971,Lakeshore Gen Hosp,EN1006853,Samuel,Walker,1/13/1937,M,53755,(608) 555-0186,10/24/2024,11/01/2024,inpatient admission,1552182481,Dr. Nancy Kowalski,I63.9,sudden weakness on one side,Tricare,"$13,341.68",Paid in Full,2024-11-26T11:48:21Z
EPIC_NORTH,E2925553,St. Brendan Medical Center,EN1005579,Linda,Jackson,07/30/1985,F,54340,(920) 555-0184,2024-08-16,08/21/2024,IP,1682052588,Dr. James Wright,I21.9,palpitations and dizziness,Self Pay,"$21,769.26",DENIED,2024-08-28T12:34:40Z
EPIC_NORTH,E7216397,St. Brendan Medical Center,EN1008613,Samuel,Martinez,1961-07-27,M,52470,(563) 555-0165,3/23/2024,2024-03-25,Obs Stay,1771884131,Dr. Karen Thompson,I10,blood pressure check,MEDICAID,"$6,270.49",Paid in Full,2024-04-07T02:09:25Z
EPIC_NORTH,E5991550,Lakeshore General Hospital,EN1007815,Ethan,Kowalski,1948-04-28,M,54125,(262) 555-0130,10/06/2023,10/06/2023,Emergency,1809320819,"Nguyen, Chloe",J18.9,sore throat and fever,MCR,$867.17,Paid in Full,2023-10-15T03:21:06Z
EPIC_NORTH,E6426472,LAKESHORE GENERAL HOSPITAL,EN1007562,Ryan,Schultz,10/18/1956,M,54398,(920) 555-0191,11/05/2023,2023-11-15,inpatient admission,1778486484,"Thomas, Emily",I63.9,sudden weakness on one side,Medicare,"$49,364.34  ",VOIDED,2023-11-28T14:16:25Z
EPIC_NORTH,E4283606,Maple Grove Pediatrics,EN1005461,Mei,Olson,2021-05-12,F,53246,(414) 555-0149,2023-09-09,2023-09-09,Telehealth,1615846452,"O'Brien, Nancy",J06.9,fever and cough,BadgerCare Plus,USD 65.13,PAID,2023-09-14T19:41:30Z
EPIC_NORTH,E9575614,Lakeshore General Hospital,EN1001269,Paul M,Rodriguez,"Apr 2, 1973",M,53209,(414) 555-0156,2024-08-18,2024-08-18T00:00:00,ER,1447294053,"Peterson, Samuel",N18.6,kidney function review,UHC,"$6,084.75",DENIED,2024-08-25T13:38:35Z
EPIC_NORTH,E7115639,Lakeshore General Hospital,EN1008131,Ryan,Jones,03/22/1969,M,53106,(414) 555-0164,2024-06-13,06/13/2024,Emergency,1447294053,"Peterson, Samuel",N18.6,swelling and reduced urine output,UnitedHealthcare,USD 914.85,Rejected,2024-06-22T09:31:35Z
EPIC_NORTH,E5185413,Lakeshore General Hospital,EN1004100,Sandra,Johnson,1985-08-01T00:00:00,F,53169,(920) 555-0141,8/11/2024,2024-08-12,Obs Stay,1472671472,"Olson, Mei",J441,increased cough and wheezing,Blue Cross Blue Shield,10937.28,Paid,2024-08-22T17:18:52Z
EPIC_NORTH,E9123134,Lakeshore Gen Hosp,EN1007837,Matthew,O'Brien,"Dec 8, 2005",M,54187,(608) 555-0111,04/27/2024,04/29/2024,INPT,1440029787,"Young, Olivia",J45.901,wheezing at night,Workers Comp,16794.85,Paid in Full,2024-05-22T04:10:12Z
EPIC_NORTH,E2286157,Lakeshore General Hospital,EN1001302,Chloe,Thompson,"Feb 22, 1968",F,53293,(262) 555-0127,2024-01-27,2024-02-04T00:00:00,INPT,1440029787,Dr. Olivia Young,J18.9,fever and cough,UnitedHealthcare,41325.87,Paid in Full,2024-02-16T16:31:27Z
EPIC_NORTH,E7146065,St. Brendan's Medical Center,EN1004320,Mei,White,06/14/1961,F,53152,(608) 555-0195,2024-01-21T00:00:00,2024-02-02,IN-PATIENT,1642524775,"Hall, Sarah",J44.1,increased cough and wheezing,AETNA INC,$ 38512.67,Paid in Full,2024-02-24T12:58:07Z
EPIC_NORTH,E6727748,Lakeshore General,EN1006789,Noah,Wagner,"Oct 31, 1965",M,53220,(414) 555-0130,2023-11-26,2023-11-26T00:00:00,Emergency Room,1447294053,"Peterson, Samuel",S93.401A,twisted ankle playing basketball,MEDICARE PART A,1107.47,PAID,2023-11-27T14:17:08Z
EPIC_NORTH,E3929239,St. Brendan Medical Center,EN1007999,Carlos L,Lopez,1977-08-27,M,53701,(920) 555-0144,5/1/2024,"May 2, 2024",OBS,1771884131,Dr. Karen Thompson,I48.91,crushing chest pain spreading to left arm,Tricare,13567.08,Closed - Paid,2024-05-27T00:11:52Z
EPIC_NORTH,E5255005,St Brendan Medical Center,EN1000115,Ashley,Taylor,"May 30, 1973",F,53201,(920) 555-0149,2023-04-12,"Apr 12, 2023",EMERGENCY DEPT,1028382228,Dr. Chloe Wilson,R10.9,abdominal pain since morning,CIGNA HEALTH,"$6,072.10  ",Paid in Full,2023-04-18T03:49:00Z
EPIC_NORTH,E2914029,Maple Grove Pediatrics,EN1007587,Noah,Wright,2016-10-09,M,54326,(414) 555-0194,01/02/2024,2024-01-02T00:00:00,TELEMED,1615846452,Dr. Nancy O'Brien,R50.9,severe headache,UHC,USD 89.69,CANCELLED,2024-01-18T14:29:00Z
EPIC_NORTH,E5456949,MAPLE GROVE PEDS,EN1000474,Linda,Van Dyke,"Oct 14, 2006",F,54106,(262) 555-0116,2023-07-18,,OP,1615846452,"O'Brien, Nancy",Z00.129,annual physical,IA Medicaid,see itemized bill,Paid in Full,2023-08-05T00:11:39Z
EPIC_NORTH,E8910360,Lakeshore General,EN1006045,Grace,Brown,11/10/1967,F,54331,(414) 555-0153,"Mar 26, 2023",03/26/2023,ED,1447294053,Dr. Samuel Peterson,s52.501a,head injury after a fall,UnitedHealthcare,"$6,940.27",Paid in Full,2023-04-19T15:36:10Z
EPIC_NORTH,E6613620,Maple Grove Pediatric Clinic,EN1005072,Karen,Novak,"Aug 10, 2012",F,54356,(608) 555-0188,2024-10-03,2024-10-03,Out Patient,1541465906,"Johnson, Samuel",Z23,flu shot,Blue Cross Blue Shield,$445.78,PAID,2024-10-06T14:53:14Z
EPIC_NORTH,E5252338,Lakeshore Gen Hosp,EN1001784,Patricia,Lewis,1978-11-19,F,53112,(262) 555-0116,07/27/2023,2023-07-27,Office Visit,1787680457,"Moore, Lisa",J44.9,"COPD review, breathing stable",BCBS,USD 270.57,Closed - Paid,2023-07-29T10:02:52Z
EPIC_NORTH,E8900022,Lakeshore Gen Hosp,EN1008415,Linda,Wilson,1984-05-12,F,54151,(608) 555-0110,2023-05-14,2023-05-22,Inpatient,1139986982,Dr. Anthony Schmidt,J44.1,productive cough with low oxygen readings at home,IA Medicaid,"$31,229.00",Closed - Paid,2023-05-28T00:33:16Z
EPIC_NORTH,E8379943,St. Brendan Medical Center,EN1004320,Mei,White,1961-06-14,F,53152,(608) 555-0195,2023-07-20,2023-07-22T00:00:00,IP,1771884131,"Thompson, Karen", J44.1 ,"COPD review, breathing stable",Cigna,11065.70,Paid,2023-07-25T07:05:23Z
EPIC_NORTH,E9625366,St. Brendan Medical Center,EN1008520,Tyler,Smith,"Aug 19, 1960",M,54134,(608) 555-0169,06/19/2024,,Out Patient,1682052588,Dr. James Wright, I50.22 ,"worsening breathlessness on exertion, weight up 3 kg",UHC,"2,354.97 USD",Paid,2024-07-04T12:29:14Z
EPIC_NORTH,E2771495,Lakeshore Gen Hosp,EN1000782,Emily,White,1971-07-04,F,54377,(608) 555-0174,2023-01-03,2023-01-03,EMERGENCY DEPT,1809320819,"Nguyen, Chloe",S06.0X0A,head injury after a fall,Cigna,$969.05,PAID,2023-01-21T01:01:31Z
EPIC_NORTH,E3239417,Lakeshore General Hospital,EN1005255,Barbara,Olson,1985-07-25,F,53251,(262) 555-0197,12/27/2023,12/27/2023,Emergency,1447294053,"Peterson, Samuel",S93401A,head injury after a fall,BadgerCare Plus,"$2,161.01",DENIED,2024-01-03T21:17:25Z
EPIC_NORTH,E8997724,Lakeshore General Hospital,EN1000351,Fatima,King,1963-06-14,F,52407,(319) 555-0160,2024-03-25,,OP,1701079810,Dr. Linda Hall, E11.9 ,diabetic follow-up and medication refill,BCBS,"$1,418.10",Paid in Full,2024-04-04T02:52:40Z
EPIC_NORTH,E6990889,St. Brendan Medical Center,EN1006548,Kevin,Wagner,"Mar 17, 1987",M,53254,(262) 555-0114,"Apr 15, 2024",,Outpatient,1682052588,Dr. James Wright,E11.22,high blood sugar readings at home,BCBS,$196.56,Paid,2024-04-19T15:31:22Z
EPIC_NORTH,E9183428,St. Brendan Medical Center,EN1007053,James,Davis,05/23/1967,M,54146,(920) 555-0192,2024-02-27,02/28/2024,inpatient admission,1771884131,Dr. Karen Thompson,i10,hypertension follow-up,UHC,"USD 76,844.70",Paid,2024-03-17T22:57:05Z
EPIC_NORTH,E3264710,Lakeshore General Hospital,EN1008415,Linda,Wilson,05/12/1984,F,54151,(608) 555-0110,10/15/2024,,OP,1452059979,"Williams, Thomas",M54.50,joint stiffness in the morning,MEDICAID,208.02,PAID,2024-10-31T16:11:30Z
EPIC_NORTH,E2796916,Lakeshore General Hospital,EN1005488,Joshua,Brown,2000-08-31,M,53201,(262) 555-0136,2024-09-12,2024-09-13,Emergency Room,1447294053,"Peterson, Samuel",J45.901,"chest tightness, inhaler not helping",Workers Comp,"$1,867.14",PAID,2024-10-07T12:32:19Z
EPIC_NORTH,E2145341,St. Brendan Medical Center,EN1004168,Jessica,Jackson,1947-12-26,F,54159,(262) 555-0196,2024-09-18T00:00:00,2024-09-18,EMERGENCY DEPT,1229836956,Dr. Joshua Nelson,S06.0X0A,"fell on outstretched hand, wrist pain",MEDICARE PART A,$868.03,Closed - Paid,2024-10-07T01:20:30Z
EPIC_NORTH,E1941280,lakeshore general hospital ,EN1002407,Jacob,Taylor,12/22/1956,M,53158,(920) 555-0183,"Jun 2, 2024","Jun 3, 2024",Observation,1778486484,Dr. Emily Thomas,N39.0,confusion and high fever,MEDICARE PART A,"$4,701.66",VOIDED,2024-06-13T19:49:14Z
EPIC_NORTH,E2134132,Lakeshore General Hospital,EN1003998,Steven,Hoffman,1956-08-02T00:00:00,M,53256,(608) 555-0164,"Dec 25, 2023",2023-12-25,Out Patient,1984162291,"Hansen, Brian",R10.9,chest pain,Cigna,USD 261.71,Closed - Paid,2024-01-12T11:25:49Z
EPIC_NORTH,E8832163,Lakeshore General Hospital,EN1003429,Mei,Lopez,1974-09-18,F,53793,(920) 555-0198,2023-06-06,2023-06-06,ER,1871689760,Dr. Ashley Walker,I10,headache with elevated blood pressure,Cigna,8543.89,PAID,2023-06-15T15:57:47Z
EPIC_NORTH,E6319435,Lakeshore General Hospital,EN1000086,Joshua,Jensen,1962-07-23,M,54121,(608) 555-0163,2023-12-14,"Dec 14, 2023",Out Patient,1778486484,Dr. Emily Thomas,I48.91,crushing chest pain spreading to left arm,UnitedHealthcare,312.02,Paid,2023-12-16T22:58:50Z
EPIC_NORTH,E9068611,lakeshore general hospital ,EN1008634,William,Miller,1982-03-14,M,53154,(608) 555-0138,10/19/2023,2023-10-19,ED,1447294053,"Peterson, Samuel",N18.6,"missed dialysis session, feeling weak",Blue Cross Blue Shield,"$6,081.97  ",Denied,2023-10-28T19:18:13Z
EPIC_NORTH,E1211070,Lakeshore General Hospital,EN1004792,Carlos,Hansen,1959-09-30,M,53707,(920) 555-0198,"May 3, 2024",2024-05-04T00:00:00,Emergency Room,1447294053,"Peterson, Samuel",E11.65,high blood sugar readings at home,,"$8,825.74",Paid,2024-05-05T18:16:06Z
EPIC_NORTH,E3031713,Maple Grove Pediatrics,EN1000474,Linda,Van Dyke,2006-10-14T00:00:00,F,54106,(262) 555-0116,2023-10-11,2023-10-11T00:00:00,Outpatient,1615846452,Dr. Nancy O'Brien,Z00.129,well child visit,MEDICAID,438.37,Closed - Paid,2023-10-18T06:21:40Z
EPIC_NORTH,E1767121,LAKESHORE GENERAL HOSPITAL,EN1001482,Emily,Lewis,"Jul 3, 1959",F,53215,(920) 555-0176,12/07/2023,12/07/2023,EMERGENCY DEPT,1447294053,Dr. Samuel Peterson,J44.1,"short of breath, using rescue inhaler more often",Medicare,"$2,610.84",Paid in Full,2024-01-01T06:34:36Z
EPIC_NORTH,E8073434,St Brendan Medical Center,EN1008143,Samuel,Taylor,1986-12-31,M,53115,(608) 555-0198,02/22/2023,,Out Patient,1105218543,"Young, Tyler",I48.91,crushing chest pain spreading to left arm,Blue Cross Blue Shield,"$1,624.03",PAID,2023-03-08T20:10:45Z
EPIC_NORTH,E1753880,Lakeshore General,EN1005268,Joseph,Hoffman,12/28/1983,M,54120,(414) 555-0151,2024-10-03,10/05/2024,Obs Stay,1778486484,"Thomas, Emily",I10,headache with elevated blood pressure,Cigna,4100.44,Paid in Full,2024-10-16T09:04:19Z
EPIC_NORTH,E7435764,St. Brendan Medical Center,EN1005521,Olivia,Hoffman,02/20/1962,F,53749,(414) 555-0104,2024-06-14T00:00:00,06/16/2024,OBS,1008754750,Dr. Katherine Hoffman, I48.91 ,crushing chest pain spreading to left arm,SELFPAY,5792.20,PAID,2024-06-29T13:24:53Z
EPIC_NORTH,E8219776,St. Brendan Medical Center,EN1003169,William,Kim,1947-02-01,M,54105,(608) 555-0197,2024-07-25,2024-07-25,Emergency Room,1229836956,Dr. Joshua Nelson,j44.1,"short of breath, using rescue inhaler more often",Medicare - Part B,7806.31,Paid in Full,2024-08-02T10:31:15Z
EPIC_NORTH,E4974296,Lakeshore General Hospital,EN1003773,Priya,Hansen,9/7/1945,F,54103,(262) 555-0157,2024-07-27T00:00:00,2024-07-28,Emergency Room,1871689760,"Walker, Ashley",J44.1,"COPD review, breathing stable",Medicare,"3,935.21 USD",PAID,2024-08-14T20:54:47Z
EPIC_NORTH,E3975551,Lakeshore General Hospital,EN1001017,Sarah,Thomas,07/30/1940,F,53726,(920) 555-0186,2024-11-02,2024-11-03,Emergency Room,1860320807,"Schultz, Rebecca",S06.0X0A,"fell on outstretched hand, wrist pain",Medicare,6821.01,Paid in Full,2024-11-09T15:54:23Z
EPIC_NORTH,E1160364,Maple Grove Pediatrics ,EN1001262,Steven,Hoffman,2019-02-19,M,53166,(920) 555-0108,2024-08-21T00:00:00,,Outpatient,1895579906,Dr. Thomas Davis,R50.9,fever for two days,BadgerCare Plus,$ 2073.37,Closed - Paid,2024-08-22T09:21:23Z
EPIC_NORTH,E2252858,Lakeshore General Hospital,EN1003221,Steven,Lopez,"Dec 4, 1981",M,53731,(262) 555-0140,06/15/2023,2023-06-24,inpatient admission,1139986982,"Schmidt, Anthony",i63.9,slurred speech and facial droop,IA Medicaid,"$33,199.78  ",Closed - Paid,2023-07-14T04:46:38Z
EPIC_NORTH,E3567360,Lakeshore General Hospital,EN1007324,Kevin,Peterson,11/05/1974,M,53148,(608) 555-0135,4/29/2023,2023-05-06T00:00:00,IP,1701079810,"Hall, Linda",N186,kidney function review,AETNA INC,"$10,713.32",Paid,2023-05-08T07:38:11Z
EPIC_NORTH,E4624817,St. Brendan Medical Center,EN1005993,Emily,Wright,08/03/1973,F,53269,(920) 555-0155,2024-01-01,2024-01-02,ED,1860320807,"Schultz, Rebecca",E11.65,fatigue and excessive thirst,Blue Cross Blue Shield,"$4,395.39",PAID,2024-01-14T13:59:56Z
EPIC_NORTH,E5009710,St. Brendan Medical Center,EN1001110,Minh,Jensen,1965-12-09,M,53140,(414) 555-0109,03/31/2024,2024-04-04,INPT,1642524775,"Hall, Sarah",N18.6,kidney function review,Workers Comp,"$85,637.87",PAID,2024-04-28T04:52:30Z
EPIC_NORTH,E5369158,St. Brendan Medical Center,EN1003846,Noah,Van Dyke,06/02/1981,M,53295,(920) 555-0130,01/26/2023,2023-01-28,IN-PATIENT,1682052588,"Wright, James",I10,headache with elevated blood pressure,Blue Cross Blue Shield,"$25,656.93",Closed - Paid,2023-02-14T20:20:57Z
EPIC_NORTH,E6531045,Lakeshore General Hospital,EN1006555,Jennifer,Kowalski,1988-09-26,F,53153,(262) 555-0178,2023-06-02,06/02/2023,ED,1809320819,"Nguyen, Chloe",I50.22,"worsening breathlessness on exertion, weight up 3 kg",SELFPAY,1984.31,Paid in Full,2023-06-20T21:31:57Z
EPIC_NORTH,E1651177,LAKESHORE GENERAL HOSPITAL,EN1007731,Ethan,Anderson,1967-03-27,M,53118,(920) 555-0104,08/23/2023,08/23/2023,ER,1871689760,Dr. Ashley Walker,J441,"COPD review, breathing stable",BCBS,$8.91K,Rejected,2023-08-31T12:16:00Z
EPIC_NORTH,E4438065,Lakeshore General Hospital,EN1001038,Ethan,Johnson,1966-11-05,M,53280,(920) 555-0178,2/22/2023,2023-02-22,Emergency,1447294053,Dr. Samuel Peterson,N18.6,dialysis follow-up,Cigna,1078.15,Closed - Paid,2023-03-08T13:29:45Z
EPIC_NORTH,E7668183,Lakeshore General Hospital,EN1007707,Laura,Larson,1972-04-24T00:00:00,F,52455,(319) 555-0113,2024-03-13,2024-03-15,OBS,1440029787,Dr. Olivia Young,I10,headache with elevated blood pressure,Aetna,"$15,787.08",Paid in Full,2024-03-19T15:17:34Z
EPIC_NORTH,E9093391,St. Brendan Medical Center,EN1008040,Brian,King,1976-09-25,M,53728,(414) 555-0194,2023-01-19T00:00:00,2023-01-24,IP,1682052588,"Wright, James",I509,"unable to lie flat at night, ankle edema",Aetna,"$61,437.71  ",Paid in Full,2023-01-28T06:38:14Z
EPIC_NORTH,E8475998,Lakeshore General Hospital,EN1001673,Joshua,Moore,1984-05-26,M,54346,(920) 555-0153,06/25/2024,"Jun 25, 2024",Outpatient,1472671472,"King, Mei",I50.32,"worsening breathlessness on exertion, weight up 3 kg",Medicaid,$642.10,Closed - Paid,2024-07-18T09:07:41Z
EPIC_NORTH,E3889922,Maple Grove Pediatrics ,EN1000447,Olivia,Clark,2009-06-29,F,54359,(414) 555-0177,8/19/2023,,Outpatient,1615846452,"O'Brien, Nancy", J06.9 ,fever and cough,UnitedHealthcare,"1,487.43 USD",Paid in Full,2023-08-24T21:22:40Z
EPIC_NORTH,E5899149,TEST FACILITY - DO NOT USE,EN1008717,Zztest,Epic,1/1/1980,F,53200,(414) 555-0100,2024-07-25T00:00:00,,Out Patient,1778486484,"Thomas, Emily",Z00.00,flu shot,Cigna,214.74,PAID,2024-08-07T19:46:02Z
EPIC_NORTH,E7259038,lakeshore general hospital ,EN1001381,James,Lee,1979-07-14T00:00:00,M,53750,(262) 555-0108,"Mar 4, 2023",2023-03-06,OBS,1536455680,"Kowalski, Noah",I10,hypertension follow-up,UHC,"$14,248.61",DENIED,2023-03-27T02:46:30Z
EPIC_NORTH,E3500231,Lakeshore General,EN1005235,Joseph,Young,07/29/1970,M,54171,(414) 555-0156,03/26/2023,2023-03-26T00:00:00,EMERGENCY DEPT,1809320819,Dr. Chloe Nguyen,I50.9,"heart failure follow-up, fluid tablets review",UnitedHealthcare,$11.83K,Paid in Full,2023-03-31T11:20:09Z
EPIC_NORTH,E7680660,St. Brendan Medical Center,EN1000048,Sarah,Johnson,1965-09-21,F,53177,(608) 555-0167,2024-05-03,"May 3, 2024",OBS,1836016109,Dr. Michelle Martinez,I48.91,palpitations and dizziness,UnitedHealthcare,"$4,260.56  ",Closed - Paid,2024-05-08T14:44:44Z
EPIC_NORTH,E3153477,Lakeshore General Hospital,EN1006555,Jennifer,Kowalski,1988-09-26,F,53153,(262) 555-0178,2024-10-05,2024-10-06,Obs Stay,1309114175,"King, Hannah",I50.22,"unable to lie flat at night, ankle edema",Uninsured,$ 12046.29,Paid in Full,2024-10-11T01:02:49Z
EPIC_NORTH,E9654034,Saint Brendan Medical Center,EN1002193,Omar,Garcia,02/14/1991,M,53271,(414) 555-0139,2023-10-06,,Outpatient,1682052588,"Wright, James", R10.9 ,chest pain,CIGNA HEALTH,238.46,Closed - Paid,2023-10-15T21:46:42Z
EPIC_NORTH,E8992404,Lakeshore General,EN1006424,Elizabeth,Larson,1958-01-18,F,53710,(608) 555-0110,2024-01-31,2024-01-31T00:00:00,Office Visit,1984162291,"Hansen, Brian",I50.22,"unable to lie flat at night, ankle edema",Medicaid,$876.67,PAID,2024-02-24T20:18:20Z
EPIC_NORTH,E3547542,Lakeshore General Hospital,EN1005919,Rebecca,Johnson,1966-01-08T00:00:00,F,54111,(920) 555-0149,08/17/2023,,OP,1984162291,Dr. Brian Hansen,I50.22 - Chronic systolic (congestive) heart failure,"unable to lie flat at night, ankle edema",Cigna,"$1,203.87  ",DENIED,2023-08-27T21:28:00Z
EPIC_NORTH,E7656900,St. Brendan's Medical Center,EN1005728,Patricia,Harris,11/23/1971,F,53726,(920) 555-0116,2023-10-04,10/12/2023,INPT,1008754750,"Hoffman, Katherine",J44.1,"COPD review, breathing stable",UnitedHealthcare,18734.46,Rejected,2023-10-16T05:21:06Z
EPIC_NORTH,E5365111,Saint Brendan Medical Center,EN1005596,Hannah,Kowalski,06/12/1955,F,53216,(920) 555-0146,2023-01-08,,Outpatient,1642524775,Dr. Sarah Hall, Z00.00 ,flu shot,MEDICARE PART A,$378.64,Paid in Full,2023-01-28T06:34:54Z
EPIC_NORTH,E1936288,Lakeshore General,EN1007817,Mark,Taylor,1980-04-25,M,53773,(920) 555-0134,2024-01-14,2024-01-19,Inpatient,1701079810,"Hall, Linda",E11.65,fatigue and excessive thirst,MEDICAID,"$8,299.29",Paid in Full,2024-02-08T18:26:57Z
EPIC_NORTH,E9242053,St. Brendan Medical Center,EN1001399,Andrew K,Clark,02/05/1939,M,53157,(608) 555-0189,2024-01-31,"Feb 2, 2024",Inpatient,1939494823,"Jackson, William",n18.6,dialysis follow-up,Medicare - Part B,10857.20,DENIED,2024-02-21T09:24:12Z
EPIC_NORTH,E9668205,Lakeshore General Hospital,EN1003478,Linda,Young,5/16/1997,F,54332,(262) 555-0159,2023-11-10,"Nov 10, 2023",Out Patient,1472671472,"King, Mei",R109,chest pain,Aetna,$175.16,Paid in Full,2023-11-11T21:23:56Z
EPIC_NORTH,E3844753,MAPLE GROVE PEDS,EN1008278,William,Novak,2016-11-02,M,53121,(920) 555-0115,"May 22, 2024",05/22/2024,,1410646008,Dr. Matthew Hernandez,Z00.129,well child visit,CIGNA HEALTH,$610.11,Paid,2024-05-28T12:32:24Z
EPIC_NORTH,E5285631,lakeshore general hospital ,EN1006555,Jennifer,Kowalski,1988-09-26,F,53153,(262) 555-0178,2023-11-11,11/11/2023,Office Visit,1701079810,Dr. Linda Hall,I50.22,shortness of breath and leg swelling for several days,SELFPAY,425.00 USD,Closed - Paid,2023-11-15T09:33:01Z
EPIC_NORTH,E9309023,Maple Grove Pediatrics,EN1007057,Ryan,Garcia-Lopez,"Aug 1, 2016",M,54347,(920) 555-0156,"Apr 15, 2023",,Outpatient,1410646008,Dr. Matthew Hernandez,Z00.129,annual physical,BCBS,$150.16  ,PAID,2023-05-09T19:27:18Z
EPIC_NORTH,E8696161,lakeshore general hospital ,EN1006362,Ana,Williams,06/30/1946,F,61070,(815) 555-0126,"Jun 2, 2023",2023-06-02,ER,1871689760,Dr. Ashley Walker,N39.0,fever and cough,MEDICARE PART A,$1.14K,Denied,2023-06-19T11:59:52Z
EPIC_NORTH,E6988790,MAPLE GROVE PEDS,EN1006684,Steven,Wright,1/3/2018,M,53283,(262) 555-0177,4/27/2024,,Office Visit,1541465906,Dr. Samuel Johnson,j06.9,confusion and high fever,IA Medicaid,$ 291.16,Paid in Full,2024-05-09T17:14:28Z
EPIC_NORTH,E8686798,Lakeshore General Hospital,EN1008634,William,Miller,03/14/1982,M,53154,(608) 555-0138,"Jun 11, 2024",2024-06-11,ER,1871689760,Dr. Ashley Walker,N18.6,dialysis follow-up,BCBS,"$1,729.69",Paid,2024-06-12T18:56:01Z
EPIC_NORTH,E5192486,LAKESHORE GENERAL HOSPITAL,EN1005406,Michael,Kowalski,1973-01-01,M,54128,(608) 555-0132,"May 13, 2023",2023-05-16T00:00:00,Inpatient,1309114175,"King, Hannah", I50.22 ,shortness of breath and leg swelling for several days,UnitedHealthcare,"$8,811.11",Paid in Full,2023-05-31T03:12:35Z
EPIC_NORTH,E4704538,Lakeshore Gen Hosp,EN1004543,Chloe,Martinez,03/29/1943,F,53734,(608) 555-0166,2024-03-23,04/01/2024,Inpatient,1452059979,"Williams, Thomas",I509,"heart failure follow-up, fluid tablets review",MEDICARE PART A,$ 9602.24,PAID,2024-04-19T07:07:22Z
EPIC_NORTH,E7786547,Lakeshore Gen Hosp,EN1004823,Emily,Novak,1945-10-28,F,54151,(608) 555-0157,"Oct 18, 2023",2023-10-18,Observation,1440029787,Dr. Olivia Young,r10.9,severe headache,MCR,"15,449.87 USD",DENIED,2023-10-26T16:19:47Z
EPIC_NORTH,E2736565,Lakeshore General Hospital,EN1001459,Linda,Walker,1960-06-08T00:00:00,F,53161,(920) 555-0157,07/10/2024,7/21/2024,IP,1552182481,Dr. Nancy Kowalski,J18.9,fever and cough,BCBS,"$33,008.18",Paid in Full,2024-08-15T14:37:18Z
EPIC_NORTH,E4576420,Lakeshore General,EN1007902,Thomas,Nelson,"Apr 12, 1971",M,54115,(608) 555-0186,07/06/2024,07/07/2024,Emergency Room,N/A,Dr. Rebecca Schultz,S52501A,twisted ankle playing basketball,State Medicaid Plan,708.26,Paid in Full,2024-07-13T03:54:37Z
EPIC_NORTH,E3152844,St Brendan Medical Center,EN1005728,Patricia,Harris,1971-11-23,F,53726,(920) 555-0116,12/07/2023,12/12/2023,IP,1836016109,"Martinez, Michelle",G4733,"short of breath, using rescue inhaler more often",CIGNA HEALTH,"$27,420.45  ",Paid,2023-12-29T17:49:43Z
EPIC_NORTH,E3928651,St. Brendan Medical Center,EN1003401,Sofia,Davis,05/24/1979,F,53145,(414) 555-0118,2024-01-09,2024-01-15,IN-PATIENT,1771884131,Dr. Karen Thompson,I48.91,crushing chest pain spreading to left arm,Cigna,30089.38,Closed - Paid,2024-01-30T20:04:33Z
EPIC_NORTH,E8860096,lakeshore general hospital ,EN1000932,Maria,Anderson,1961-03-09,F,53249,(414) 555-0105,"May 8, 2024",,Office Visit,1440029787,Dr. Olivia Young,Z00.00,well child visit,AETNA INC,"$1,416.93",PAID,2024-05-19T08:16:16Z
EPIC_NORTH,E9032476,ST BRENDAN MED CTR,EN1006280,Mei,Young,1964-11-12,F,53276,(262) 555-0149,2024-07-06,2024-07-06,ER,1229836956,"Nelson, Joshua",R51.9,severe headache,Uninsured,$ 1265.5,Paid in Full,2024-07-21T15:33:18Z
EPIC_NORTH,E7056322,LAKESHORE GENERAL HOSPITAL,EN1007467,Ethan,White,1955-07-02,M,53281,(920) 555-0140,2023-03-03,2023-03-03T00:00:00,ER,1447294053,Dr. Samuel Peterson,N18.6,dialysis follow-up,MCR,"$2,065.37",PAID,2023-03-06T13:13:26Z
EPIC_NORTH,E1775234,Lakeshore General Hospital,EN1006637,Sandra,Wright,1980-05-19T00:00:00,F,54181,(262) 555-0145,2023-02-03,2023-02-05,inpatient admission,1139986982,"Schmidt, Anthony",I5022,shortness of breath and leg swelling for several days,SELFPAY,"$13,216.41",PAID,2023-02-20T12:21:40Z
EPIC_NORTH,E4887653,Maple Grove Pediatrics,EN1003304,Rajesh,Nguyen,2013-05-16,M,53103,(920) 555-0141,04/25/2023,2023-04-25,Telehealth,1615846452,"O'Brien, Nancy",r50.9,abdominal pain since morning,BadgerCare Plus,$263.42,Paid,2023-05-13T16:59:38Z
EPIC_NORTH,E7969478,St Brendan Medical Center,EN1008447,Emily,Davis,1970-09-03T00:00:00,F,53160,(414) 555-0133,2024-03-25,03/27/2024,IN-PATIENT,1939494823,"Jackson, William",N18.6,dialysis follow-up,CIGNA HEALTH,48388.80,Paid in Full,2024-04-15T08:40:25Z
EPIC_NORTH,E8786408,Lakeshore Gen Hosp,EN1008323,Priya,Young,01/08/1969,F,54139,(920) 555-0179,05/19/2024,"May 20, 2024",EMERGENCY DEPT,1447294053,Dr. Samuel Peterson,J44.1,productive cough with low oxygen readings at home,BCBS,875.93,PAID,2024-05-31T13:23:54Z
EPIC_NORTH,E5857799,Lakeshore General Hospital,EN1000217,Minh,Nguyen,8/6/1976,M,53777,(920) 555-0114,"Aug 26, 2024",,Out Patient,1778486484,"Thomas, Emily", Z00.00 ,annual physical,Blue Cross Blue Shield,$199.09,Paid in Full,2024-09-02T19:01:01Z
EPIC_NORTH,E1648045,Lakeshore General Hospital,EN1004792,Carlos,Hansen,"Sep 30, 1959",M,53707,(920) 555-0198,2023-04-10,04/22/2023,inpatient admission,1472671472,"King, Mei",E11.65,diabetic follow-up and medication refill,Aetna,"15,902.86 USD",Paid in Full,2023-04-23T02:34:59Z
EPIC_NORTH,E2140064,Saint Brendan Medical Center,EN1000551,Ashley,Schultz,1970-12-25T00:00:00,F,53226,(262) 555-0115,6/10/2023,06/11/2023,Emergency Room,1860320807,"Schultz, Rebecca",E11.65,numbness in both feet,AETNA INC,$962.36,Paid,2023-06-30T14:56:05Z
EPIC_NORTH,E1324465,St. Brendan's Medical Center,EN1007999,Carlos L,Lopez,1977-08-27,M,53701,(920) 555-0144,2024-11-02,,Out Patient,1682052588,Dr. James Wright,I10,hypertension follow-up,Tricare,283.90 USD,PAID,2024-11-08T06:20:10Z
EPIC_NORTH,E2888375,Lakeshore General Hospital,EN1000725,Matthew,Taylor,1965-12-22,M,53110,(414) 555-0100,12/15/2023,12/25/2023,INPT,1440029787,Dr. Olivia Young,N17.9,"very little urine output, nausea",BCBS,$ 82583,Paid in Full,2024-01-08T11:43:08Z
EPIC_NORTH,E1663250,St. Brendan Medical Center,EN1006312,Hannah,Mueller,1991-08-03,F,54142,(262) 555-0107,09/28/2024,10/6/2024,IP,1939494823,"Jackson, William",J45.901,wheezing at night,CIGNA HEALTH,"USD 49,758.66",Paid,2024-10-11T05:44:37Z
EPIC_NORTH,E3716170,Lakeshore Gen Hosp,EN1003429,Mei,Lopez,"Sep 18, 1974",F,53793,(920) 555-0198,03/31/2024,03/30/2024,Emergency,1809320819,"Nguyen, Chloe", J18.9 ,burning on urination,CIGNA HEALTH,669.37,Paid in Full,2024-04-10T04:33:52Z
EPIC_NORTH,E8552691,St. Brendan's Medical Center,EN1006280,Mei,Young,1964-11-12,F,53276,(262) 555-0149,"Jul 2, 2024",7/3/2024,ER,1229836956,"Nelson, Joshua",J44.1,productive cough with low oxygen readings at home,self-pay,"2,746.07 USD",Rejected,2024-07-14T09:21:43Z
EPIC_NORTH,E7124689,Lakeshore General Hospital,EN1005145,Robert,Kim,05/21/1967,M,53136,(262) 555-0185,2024-07-27,7/27/2024,Office Visit,1452059979,Dr. Thomas Williams,Z23 - Encounter for immunization,annual physical,CIGNA HEALTH,USD 644.44,Paid,2024-08-12T15:08:29Z
EPIC_NORTH,E4807211,Lakeshore General Hospital,EN1000761,Mary,Lee,1971-07-11,F,53749,(608) 555-0196,"Dec 5, 2023",12/12/2023,Inpatient,1787680457,Dr. Lisa Moore,J44.1,productive cough with low oxygen readings at home,BCBS,"$28,264.52  ",Paid,2023-12-13T05:46:01Z
EPIC_NORTH,E1319354,lakeshore general hospital ,EN1003380,Brian,Rodriguez,1948-02-19,M,53212,(262) 555-0118,2023-05-05,2023-05-05,Emergency Room,1447294053,"Peterson, Samuel",s06.0x0a,twisted ankle playing basketball,State Medicaid Plan,"4,041.35 USD",Paid in Full,2023-05-24T21:22:04Z
EPIC_NORTH,E3638391,Lakeshore General Hospital,EN1007221,Aaron,Rodriguez,"Jun 4, 1959",M,54104,(608) 555-0117,2024-06-02,06/05/2024,IN-PATIENT,1701079810,"Hall, Linda", E11.65 ,confusion with very high glucose,UHC,"USD 11,703.85",Paid,2024-06-17T09:14:10Z
EPIC_NORTH,E7542508,St. Brendan's Medical Center,EN1002274,Daniel,Larson,1939-12-19,M,54376,(414) 555-0109,2024-02-06,02/06/2024,Emergency,1028382228,"Wilson, Chloe",R10.9,severe headache,Medicare,$ 7149.63,Paid,2024-02-24T00:28:30Z
EPIC_NORTH,E2687167,Maple Grove Pediatrics,EN1006187,Sofia,Kim,09/16/2015,F,53113,(920) 555-0177,2024-07-15,2024-07-15,OP,1541465906,"Johnson, Samuel",z00.129,flu shot,UHC,$806.43,Paid in Full,2024-08-08T12:18:23Z
EPIC_NORTH,E6090288,St. Brendan Medical Center,EN1001221,Samuel,Young,1/11/1982,M,53796,(262) 555-0123,"Mar 1, 2024",,OP,1642524775,"Hall, Sarah", R10.9 ,chest pain,Cigna,"$1,069.93",Closed - Paid,2024-03-04T18:27:55Z
EPIC_NORTH,E1460219,Maple Grove Pediatrics ,EN1001837,Andrew,Martin,2015-11-29,M,53716,(414) 555-0192,2/10/2023,02/10/2023,Office Visit,1541465906,Dr. Samuel Johnson,"J06.9 - Acute upper respiratory infection, unspecified",fever and cough,UHC,$121.94,PAID,2023-02-19T12:07:09Z
EPIC_NORTH,E7583649,LAKESHORE GENERAL HOSPITAL,EN1006424,Elizabeth,Larson,"Jan 18, 1958",F,53710,(608) 555-0110,09/02/2023,2023-09-04,INPT,1440029787,Dr. Olivia Young,I50.9,"worsening breathlessness on exertion, weight up 3 kg",MEDICAID,"$29,601.64",Paid in Full,2023-09-12T16:18:39Z
EPIC_NORTH,E6624627,Lakeshore General Hospital,EN1001432,Aaron,Van Dyke,05/29/1971,M,53788,(920) 555-0127,2024-05-12,2024-05-24,Inpatient,1536455680,"Kowalski, Noah",J44.1,productive cough with low oxygen readings at home,UHC,"$28,718.50",Paid,2024-06-11T16:31:21Z
EPIC_NORTH,E8143766,Lakeshore General Hospital,EN1007536,Jessica,Lopez,4/18/1976,F,53251,(608) 555-0109,"Feb 9, 2023",02/09/2023,ED,1447294053,Dr. Samuel Peterson,J44.1,increased cough and wheezing,TRICARE,"$3,577.06",Rejected,2023-03-03T14:00:43Z
EPIC_NORTH,E8207432,Lakeshore General Hospital,EN1003288,Robert,Lee,"Apr 5, 1967",M,54173,(920) 555-0155,1/21/2023,1/21/2023,Clinic Visit,1440029787,Dr. Olivia Young,I4891,crushing chest pain spreading to left arm,Cigna,158.24,PAID,2023-01-24T07:16:29Z
EPIC_NORTH,E2728594,LAKESHORE GENERAL HOSPITAL,EN1008225,Matthew,Harris,1968-07-30,M,53718,(262) 555-0122,07/31/2023,2023-07-31,Emergency Room,1871689760,Dr. Ashley Walker,S93.401A,twisted ankle playing basketball,N/A,"USD 11,924.92",Closed - Paid,2023-08-10T06:05:39Z
EPIC_NORTH,E8430543,Lakeshore Gen Hosp,EN1002704,Mary,Miller,1951-04-02,F,53213,(262) 555-0145,2024-07-01,2024-07-07,Inpatient,1139986982,"Schmidt, Anthony",I50.9,shortness of breath and leg swelling for several days,MEDICARE PART A,"$69,376.04",Closed - Paid,2024-07-23T09:48:19Z
EPIC_NORTH,E9004029,St. Brendan's Medical Center,EN1007446,Priya,Williams,1985-04-15,F,53198,(920) 555-0100,2024-07-27,2024-07-27,Emergency,1028382228,"Wilson, Chloe",R10.9,severe headache,IA Medicaid,$10.75K,Closed - Paid,2024-07-31T12:07:42Z
EPIC_NORTH,E5092919,Lakeshore General Hospital,EN1006555,Jennifer,Kowalski,1988-09-26,F,53153,(262) 555-0178,05/21/2023,"May 21, 2023",OP,1984162291,"Hansen, Brian",I5022,"heart failure follow-up, fluid tablets review",SELFPAY,"$1,051.03  ",PAID,2023-06-11T07:36:04Z
EPIC_NORTH,E1878965,St. Brendan Medical Center,EN1004215,Priya,Patel,08/05/1951,F,53216,(414) 555-0191,01/21/2024,,Office Visit,1682052588,"Wright, James",R10.9,chest pain,UHC,$250.24,PAID,2024-02-07T13:32:50Z
EPIC_NORTH,E7303586,Lakeshore General,EN1005182,Matthew,Schultz,02/09/1950,M,53157,(608) 555-0105,2/7/2024,02/12/2024,IP,1536455680,"Kowalski, Noah",A41.9,sore throat and fever,MEDICARE PART A,"$70,842.78",Closed - Paid,2024-02-21T21:04:57Z
EPIC_NORTH,E4119712,Lakeshore Gen Hosp,EN1008313,Anthony,Olson,11/19/1954,M,54151,(608) 555-0145,11/2/2024,2024-11-12,IP,1309114175,Dr. Hannah King,J44.1,"COPD review, breathing stable",Medicare,"12,327.05 USD",Closed - Paid,2024-12-02T06:50:28Z
EPIC_NORTH,E8882161,St. Brendan Medical Center,EN1004139,Omar,O'Brien,2/21/1957,M,53156,(262) 555-0146,"Oct 16, 2024",10/23/2024,Inpatient,1771884131,"Thompson, Karen",A41.9,fever and cough,UHC,"$25,468.86",CANCELLED,2024-11-06T06:31:05Z
EPIC_NORTH,E6487961,Lakeshore General Hospital,EN1003996,Jennifer,Nelson,1933-07-20,F,53189,(608) 555-0174,11/24/2023,2023-11-25,Observation,1536455680,"Kowalski, Noah",I50.9,shortness of breath and leg swelling for several days,MCR,$ 4955.87,PAID,2023-12-16T22:35:11Z
EPIC_NORTH,E8972045,LAKESHORE GENERAL HOSPITAL,EN1003221,Steven,Lopez,1981-12-04,M,53731,(262) 555-0140,"Sep 24, 2023",2023-09-24,Obs Stay,1139986982,"Schmidt, Anthony",N39.0,cold symptoms for a week,State Medicaid Plan,"6,128.80 USD",Paid,2023-10-15T08:16:44Z
EPIC_NORTH,E2457624,Lakeshore General Hospital,EN1001425,Fatima,Garcia-Lopez,1937-01-19,F,53794,(608) 555-0176,2023-06-01,6/3/2023,OBS,1536455680,Dr. Noah Kowalski,R10.9,fever for two days,Medicaid,$ 7003.47,Paid,2023-06-18T21:20:36Z
EPIC_NORTH,E3381381,St. Brendan Medical Center,EN1008203,Susan,Moore,1964-05-18,F,53777,(414) 555-0194,"Sep 6, 2023",09/16/2023,IN-PATIENT,1836016109,"Martinez, Michelle",n18.6,"missed dialysis session, feeling weak",SELFPAY,"$40,658.12",PAID,2023-09-29T10:28:02Z
EPIC_NORTH,E4600918,Lakeshore General Hospital,EN1000857,Joseph,Wright,"Jun 9, 1986",M,53202,(608) 555-0116,2023-09-16,2023-09-16,Out Patient,1787680457,"Moore, Lisa", Z23 ,flu shot,Cigna,$285.45,CANCELLED,2023-09-21T23:28:24Z
EPIC_NORTH,E6729035,Lakeshore General Hospital,EN1005406,Michael,Kowalski,1973-01-01,M,54128,(608) 555-0132,04/19/2023,,OP,1701079810,"Hall, Linda",I48.91,palpitations and dizziness,Blue Cross Blue Shield,443.00,Paid,2023-05-01T12:54:24Z
EPIC_NORTH,E1641480,Lakeshore General Hospital,EN1000019,Rebecca,Rodriguez,"Jan 31, 1973",F,53213,(920) 555-0111,2023-12-08,12/09/2023,EMERGENCY DEPT,1871689760,"Walker, Ashley",E11.65,confusion with very high glucose,TRICARE,"$1,780.78",Closed - Paid,2023-12-27T09:47:48Z
EPIC_NORTH,E9888787,Lakeshore General,EN1001019,Joshua,Harris,1980-12-28,M,52052,(319) 555-0169,9/25/2023,09/25/2023,Emergency,1871689760,"Walker, Ashley",UNKNOWN,dialysis follow-up,CIGNA HEALTH,$ 6784.28,Paid,2023-10-06T16:26:56Z
EPIC_NORTH,E1748285,LAKESHORE GENERAL HOSPITAL,EN1000329,William,Harris,09/11/1967,M,54180,(414) 555-0153,2023-05-07,05/08/2023,Emergency Room,1871689760,"Walker, Ashley",E1165,numbness in both feet,Aetna,$ 8563.29,Paid in Full,2023-05-11T14:29:59Z
EPIC_NORTH,E9129037,ST BRENDAN MED CTR,EN1003545,William,Williams,1986-11-03,M,52445,(319) 555-0181,02/08/2024,2024-02-08,OP,1939494823,"Jackson, William",Z23,well child visit,Cigna,1158.26,Paid in Full,2024-02-25T21:35:55Z
EPIC_NORTH,E3475815,St Brendan Medical Center,EN1004139,Omar,O'Brien,2/21/1957,M,53156,(262) 555-0146,"Aug 7, 2024",08/12/2024,INPT,1939494823,"Jackson, William",J189,fever and cough,Blue Cross Blue Shield,9789.85,PAID,2024-08-17T01:07:30Z
EPIC_NORTH,E1799789,Lakeshore General Hospital,EN1000857,Joseph,Wright,06/09/1986,M,53202,(608) 555-0116,"Jul 17, 2024",2024-07-17,Out Patient,1701079810,Dr. Linda Hall,N184,"missed dialysis session, feeling weak",UnitedHealthcare,$380.46,PAID,2024-07-18T12:04:51Z
EPIC_NORTH,E8046303,St. Brendan Medical Center,EN1005596,Hannah,Kowalski,1955-06-12,F,53216,(920) 555-0146,2023-04-15,,Office Visit,1939494823,"Jackson, William",Z00.00,well child visit,Medicare,$ 127.41,Closed - Paid,2023-04-16T18:51:22Z
EPIC_NORTH,E3866173,St. Brendan Medical Center,EN1000860,Linda,Young,1943-06-24,F,53792,(920) 555-0109,2024-08-16T00:00:00,2024-08-16,Emergency,1229836956,"Nelson, Joshua",J18.9,sore throat and fever,BCBS,3181.12,Paid in Full,2024-08-18T02:44:18Z
EPIC_NORTH,E4276885,St. Brendan Medical Center,EN1006312,Hannah,Mueller,08/03/1991,F,54142,(262) 555-0107,2024-05-10,2024-05-14T00:00:00,IN-PATIENT,1682052588,Dr. James Wright,J45.901,"chest tightness, inhaler not helping",CIGNA HEALTH,"8,171.08 USD",Rejected,2024-06-03T21:14:28Z
EPIC_NORTH,E7263890,lakeshore general hospital ,EN1005111,William,Jones,2/7/1975,M,54392,(608) 555-0197,10/28/2024,10/28/2024,OP,1472671472,"Olson, Mei",I50.32,shortness of breath and leg swelling for several days,UHC,627.58 USD,Paid in Full,2024-11-07T05:23:49Z
EPIC_NORTH,E3048583,St. Brendan Medical Center,EN1001682,Robert,Hoffman,"Jan 25, 1961",M,52082,(563) 555-0160,"Jan 9, 2024",1/9/2024,Office Visit,1939494823,"Jackson, William",N18.6,kidney function review,SELFPAY,1742.90,Closed - Paid,2024-01-31T23:29:49Z
EPIC_NORTH,E2516948,Lakeshore General,EN1003025,Sandra,Lopez,1929-11-04,F,54364,(608) 555-0147,03/27/2023,03/27/2023,Emergency Room,1809320819,"Nguyen, Chloe",I50.22,"worsening breathlessness on exertion, weight up 3 kg",Medicare,$3.75K,Rejected,2023-03-28T20:25:06Z
EPIC_NORTH,E9279918,lakeshore general hospital ,EN1007324,Kevin,Peterson,"Nov 5, 1974",M,53148,(608) 555-0135,00/00/0000,,Out Patient,1440029787,"Young, Olivia",n18.4,"missed dialysis session, feeling weak",UnitedHealthcare,$504.22,Closed - Paid,2023-06-08T12:26:46Z
EPIC_NORTH,E7186379,Lakeshore Gen Hosp,EN1002533,Mark,Garcia-Lopez,11/07/1964,M,53267,(414) 555-0159,04/05/2023,,OP,1701079810,"Hall, Linda",M5450,knee pain worse on stairs,Blue Cross Blue Shield,609.83,Rejected,2023-04-06T23:32:03Z
EPIC_NORTH,E3529572,St. Brendan Medical Center,EN1001333,Susan,Lee,1985-07-19T00:00:00,F,54309,(262) 555-0159,"Jun 28, 2024","Jun 28, 2024",Obs Stay,1682052588,"Wright, James", E11.65 ,high blood sugar readings at home,BCBS,"5,796.06 USD",PAID,2024-07-11T23:58:16Z
EPIC_NORTH,E8098473,Lakeshore General,EN1001038,Ethan,Johnson,1966-11-05,M,53280,(920) 555-0178,"Aug 19, 2023",2023-08-27T00:00:00,Inpatient,1787680457,"Moore, Lisa",I50.9,"unable to lie flat at night, ankle edema",AETNA INC,"$10,625.95",Closed - Paid,2023-09-15T08:06:12Z
EPIC_NORTH,E4426799,Lakeshore General Hospital,EN1006789,Noah,Wagner,1965-10-31,M,53220,(414) 555-0130,"Jan 9, 2024",01/09/2024,Office Visit,1787680457,"Moore, Lisa",E11.22,fatigue and excessive thirst,Medicare,362.59 USD,PAID,2024-01-27T06:13:26Z
EPIC_NORTH,E8420126,Saint Brendan Medical Center,EN1001500,Rajesh,Rodriguez,1963-02-18,M,52049,(319) 555-0190,2023-06-27T00:00:00,06/29/2023,OBS,1642524775,"Hall, Sarah",I48.91,crushing chest pain spreading to left arm,TRICARE,"$9,586.74",Paid in Full,2023-07-24T10:48:37Z
EPIC_NORTH,E6974940,Maple Grove Pediatrics,EN1002882,Rajesh,Lee,2006-09-17,M,53774,(920) 555-0129,09/17/2023,2023-09-17T00:00:00,Outpatient,1895579906,"Davis, Thomas",Z23,well child visit,CIGNA HEALTH,$210.89,Paid,2023-09-29T21:55:05Z
EPIC_NORTH,E1731840,TEST FACILITY - DO NOT USE,EN1008717,Zztest,Epic,01/01/1980,F,53200,(414) 555-0100,02/22/2024,02/22/2024,Out Patient,1787680457,"Moore, Lisa",M54.50,low back pain after lifting,Blue Cross Blue Shield,377.44 USD,Paid in Full,2024-03-03T09:45:34Z
EPIC_NORTH,E4463664,St Brendan Medical Center,EN1004320,Mei,White,6/14/1961,F,53152,(608) 555-0195,9/13/2024,2024-09-14,Observation,1008754750,"Hoffman, Katherine",J44.1,increased cough and wheezing,UnitedHealthcare,$ 3777.55,PAID,2024-09-27T18:00:53Z
EPIC_NORTH,E3472931,Lakeshore General Hospital,EN1003227,Omar,Brown,11/15/1962,M,54157,(262) 555-0102,2023-04-29,04/29/2023,ED,1871689760,Dr. Ashley Walker,S52.501A,twisted ankle playing basketball,AETNA INC,"USD 3,217.00",Closed - Paid,2023-05-23T20:54:54Z
EPIC_NORTH,E5095238,Lakeshore Gen Hosp,EN1000932,Maria,Anderson,3/9/1961,F,53249,(414) 555-0105,07/01/2023,07/03/2023,Observation,1536455680,"Kowalski, Noah",E1165,fatigue and excessive thirst,Aetna,"$5,378.82",Paid in Full,2023-07-05T05:56:12Z
EPIC_NORTH,E8234651,Maple Grove Pediatric Clinic,EN1007531,Samuel,Lopez,11/11/2020,M,54163,(608) 555-0177,2024-10-26,2024-10-26,Out Patient,1541465906,"Johnson, Samuel",Z23,well child visit,TRICARE,$378.82,Paid,2024-11-16T11:40:31Z
EPIC_NORTH,E2541210,St. Brendan's Medical Center,EN1006754,Chloe,Young,"Apr 9, 1954",F,53725,(608) 555-0181,2024-03-10,2024-03-10,ER,1860320807,Dr. Rebecca Schultz,j18.9,burning on urination,MEDICARE PART A,"6,115.01 USD",PAID,2024-03-31T08:08:23Z
EPIC_NORTH,E4532815,lakeshore general hospital ,EN1004137,Samuel,Anderson,08/01/1976,M,54306,(414) 555-0135,9/10/2023,,Out Patient,1701079810,Dr. Linda Hall,Z23,well child visit,Cigna,$280.33,Closed - Paid,2023-09-25T14:23:09Z
EPIC_NORTH,E1035123,Maple Grove Pediatrics,EN1000447,Olivia,Clark,06/29/2009,F,54359,(414) 555-0177,2024-07-18,2024-07-18,Out Patient,1541465906,"Johnson, Samuel",Z23,flu shot,Aetna,203.14,Rejected,2024-08-03T08:47:00Z
EPIC_NORTH,E5974131,St Brendan Medical Center,EN1007446,Priya,Williams,1985-04-15,F,53198,(920) 555-0100,11/19/2023,11/21/2023,Obs Stay,1008754750,Dr. Katherine Hoffman, I10 ,hypertension follow-up,IA Medicaid,$ 4230.64,PAID,2023-11-29T01:55:13Z
EPIC_NORTH,E5230981,Lakeshore Gen Hosp,EN1003312,Emily,Olson,04/09/2006,F,53256,(920) 555-0152,4/21/2023,04/29/2023,IN-PATIENT,,Dr. Hannah King,I639,sudden weakness on one side,BCBS,25501.02,Closed - Paid,2023-05-11T10:48:13Z
EPIC_NORTH,E9934938,Lakeshore General Hospital,EN1007371,Ethan E,King,02/17/1961,M,53113,(608) 555-0178,2023-01-11,01/11/2023,Office Visit,1984162291,"Hansen, Brian",N18.6,swelling and reduced urine output,AETNA INC,"$1,175.64",Closed - Paid,2023-02-01T08:42:14Z
EPIC_NORTH,E4858644,Lakeshore General Hospital,EN1005406,Michael,Kowalski,01/01/1973,M,54128,(608) 555-0132,01/04/2023,2023-01-04,ED,1871689760,"Walker, Ashley",J18.9,cold symptoms for a week,CIGNA HEALTH,"$4,385.66",Denied,2023-01-06T03:12:20Z
EPIC_NORTH,E4885588,Lakeshore General Hospital,EN1004371,Katherine,Harris,"Jan 22, 1960",F,53106,(920) 555-0135,05/28/2024,,OP,1778486484,Dr. Emily Thomas,N18.6,swelling and reduced urine output,Cigna,204.29 USD,Paid,2024-06-19T01:16:11Z
EPIC_NORTH,E1221987,Lakeshore General,EN1003221,Steven,Lopez,1981-12-04T00:00:00,M,53731,(262) 555-0140,2023-07-15T00:00:00,07/23/2023,IP,1701079810,Dr. Linda Hall,J44.1,productive cough with low oxygen readings at home,State Medicaid Plan,$ 13160.81,Closed - Paid,2023-07-25T03:29:19Z
EPIC_NORTH,E5565448,LAKESHORE GENERAL HOSPITAL,EN1001432,Aaron,Van Dyke,"May 29, 1971",M,53788,(920) 555-0127,03/05/2023,2023-03-05T00:00:00,OBS,1440029787,Dr. Olivia Young,R07.9,severe headache,BCBS,3552.34,Paid in Full,2023-03-11T11:10:02Z
EPIC_NORTH,E1021828,Lakeshore General Hospital,EN1000707,Aaron,Hansen,2006-06-26,M,53256,(414) 555-0125,2023-08-19,08/19/2023,Emergency,1809320819,"Nguyen, Chloe",S52.501A,"fell on outstretched hand, wrist pain",CIGNA HEALTH,"$8,118.70",Paid,2023-09-02T22:15:03Z
EPIC_NORTH,E6923558,lakeshore general hospital ,EN1001521,Omar,Becker,1954-08-11,M,53173,(414) 555-0147,05/21/2024,5/23/2024,OBS,1536455680,"Kowalski, Noah",R10.9,fever for two days,MCR,3920.66,Closed - Paid,2024-05-28T08:42:37Z
EPIC_NORTH,E1615698,St. Brendan Medical Center,EN1002671,Jacob,Clark,1951-12-20,M,53117,(920) 555-0164,"Aug 24, 2023",08/25/2023,OBS,1771884131,"Thompson, Karen",I10,headache with elevated blood pressure,Medicare - Part B,"$3,261.79",Paid,2023-08-26T09:18:19Z
EPIC_NORTH,E6154902,Lakeshore General Hospital,EN1007902,Thomas,Nelson,1971-04-12,M,54115,(608) 555-0186,2024-03-11,2024-03-13,OBS,1787680457,Dr. Lisa Moore, I10 ,blood pressure check,MEDICAID,3557.84,Paid in Full,2024-04-04T03:37:23Z
EPIC_NORTH,E3319700,Lakeshore General Hospital,EN1008035,Hannah,Nguyen,"Feb 2, 1943",F,53110,(920) 555-0137,2024-10-26,2024-11-03T00:00:00,INPT,1778486484,Dr. Emily Thomas,I48.91,crushing chest pain spreading to left arm,MEDICARE PART A,39305.26,PAID,2024-11-04T00:39:01Z
EPIC_NORTH,E3386106,Lakeshore General Hospital,EN1004100,Sandra,Johnson,1985-08-01,F,53169,(920) 555-0141,12/15/2023,"Dec 15, 2023",OP,1472671472,Dr. Mei King,J44.9,productive cough with low oxygen readings at home,Aetna,USD 828.82,VOIDED,2023-12-31T17:31:47Z
EPIC_NORTH,E6652305,Lakeshore Gen Hosp,EN1008225,Matthew,Harris,07/30/1968,M,53718,(262) 555-0122,02/17/2024,2024-02-17,Outpatient,1701079810,"Hall, Linda",Z00.00,well child visit,State Medicaid Plan,263.00,Paid in Full,2024-02-25T06:34:52Z
EPIC_NORTH,E2597662,St. Brendan's Medical Center,EN1008613,Samuel,Martinez,7/27/1961,M,52470,(563) 555-0165,2023-07-16,07/18/2023,INPT,1008754750,"Hoffman, Katherine",A41.9,fever and cough,State Medicaid Plan,$43.27K,DENIED,2023-08-06T00:13:22Z
EPIC_NORTH,E3145629,Lakeshore General Hospital,EN1006555,Jennifer,Kowalski,09/26/1988,F,53153,(262) 555-0178,2024-02-15,"Feb 15, 2024",ED,1809320819,Dr. Chloe Nguyen,R51.9,chest pain,Self Pay,1083.75,Closed - Paid,2024-03-09T09:28:59Z
EPIC_NORTH,E2546395,Lakeshore General Hospital,EN1004606,Tyler,Garcia-Lopez,08/01/1975,M,53276,(920) 555-0199,2024-05-09,05/08/2024,Emergency,1809320819,Dr. Chloe Nguyen, S93.401A ,"fell on outstretched hand, wrist pain",BCBS,"8,425.36 USD",Closed - Paid,2024-05-26T17:52:13Z
EPIC_NORTH,E3547542,Lakeshore General Hospital,EN1005919,Rebecca,Johnson,1966-01-08T00:00:00,F,54111,(920) 555-0149,08/17/2023,,OP,1984162291,Dr. Brian Hansen,I50.22 - Chronic systolic (congestive) heart failure,"unable to lie flat at night, ankle edema",Cigna,"$1,203.87  ",DENIED,2023-08-27T21:28:00Z
EPIC_NORTH,E6482759,St. Brendan Medical Center,EN1001726,Omar,Thompson,03/19/1971,M,54393,(920) 555-0119,2023-07-13,2023-07-13,Emergency,1028382228,Dr. Chloe Wilson,R10.9,chest pain,CIGNA HEALTH,"$2,546.44  ",Paid,2023-07-24T12:17:38Z
EPIC_NORTH,E9995734,Lakeshore General Hospital,EN1000159,Noah,Novak,1958-11-17,M,53787,(262) 555-0122,2023-05-06,5/9/2023,inpatient admission,1536455680,Dr. Noah Kowalski,I48.91,palpitations and dizziness,MEDICARE PART A,22517.05,Closed - Paid,2023-05-15T19:17:38Z
EPIC_NORTH,E1332775,Maple Grove Pediatrics ,EN1002809,David,Hernandez,"Jun 14, 2021",M,53798,(262) 555-0168,05/01/2024,,OP,1895579906,"Davis, Thomas",N/A,burning on urination,BCBS,$ 2227.33,Paid in Full,2024-05-04T19:24:59Z
EPIC_NORTH,E1953927,Lakeshore General Hospital,EN1000402,James,Novak,01/29/1948,M,53193,(414) 555-0184,05/24/2023,2023-06-04T00:00:00,IP,1472671472,Dr. Mei King,I48.91,palpitations and dizziness,Medicare - Part B,"$25,993.51",Paid,2023-06-05T10:20:32Z
EPIC_NORTH,E2109143,Lakeshore General Hospital,EN1003889,Carlos,Harris,12/11/1946,M,53154,(262) 555-0124,2023-07-03,7/8/2023,IP,1452059979,"Williams, Thomas","J18.9 - Pneumonia, unspecified organism",sore throat and fever,Medicare,"USD 59,898.44",Denied,2023-07-17T21:52:56Z
EPIC_NORTH,E1357389,Lakeshore General Hospital,EN1003288,Robert,Lee,1967-04-05,M,54173,(920) 555-0155,2023-08-29,08/29/2023,ER,1447294053,"Peterson, Samuel",S52.501A,twisted ankle playing basketball,UnitedHealthcare,3561.32,PAID,2023-09-18T21:49:39Z
EPIC_NORTH,E6108066,Lakeshore General,EN1000857,Joseph,Wright,06/09/1986,M,53202,(608) 555-0116,2024-08-27,2024-09-02T00:00:00,inpatient admission,1472671472,"Olson, Mei",N18.6,kidney function review,AETNA INC,$ 16619.66,PAID,2024-09-16T23:16:13Z
EPIC_NORTH,E9641111,lakeshore general hospital ,EN1004100,Sandra,Johnson,1985-08-01,F,53169,(920) 555-0141,2024-10-04,2024-10-12,INPT,1787680457,Dr. Lisa Moore,I21.9,crushing chest pain spreading to left arm,Cigna,$16.11K,PAID,2024-10-15T10:43:08Z
EPIC_NORTH,E3790803,Saint Brendan Medical Center,EN1002193,Omar,Garcia,1991-02-14,M,53271,(414) 555-0139,2024-09-05,2024-09-09,inpatient admission,1105218543,"Young, Tyler",J45901,asthma flare after a cold,BCBS,$ 9112.76,PAID,2024-10-03T19:35:07Z
EPIC_NORTH,E6487009,LAKESHORE GENERAL HOSPITAL,EN1003602,Olivia,Mueller,"Nov 20, 1969",F,54123,(414) 555-0182,2023-07-22,2023-07-22,ER,1809320819,"Nguyen, Chloe",I50.22 - Chronic systolic (congestive) heart failure,"unable to lie flat at night, ankle edema",BCBS,1286.97,Closed - Paid,2023-08-12T12:14:43Z
EPIC_NORTH,E1704593,ST BRENDAN MED CTR,EN1002193,Omar,Garcia,1991-02-14,M,53271,(414) 555-0139,10/08/2024,,Out Patient,1682052588,"Wright, James", Z23 ,flu shot,Blue Cross Blue Shield,156.70,Paid in Full,2024-10-14T08:58:28Z
EPIC_NORTH,E9614736,St. Brendan Medical Center,EN1005314,Michelle,Jackson,07/01/1968,F,53129,(920) 555-0184,2024-05-18,2024-05-22,IP,1682052588,"Wright, James",A41.9,fever and cough,AETNA INC,"$60,812.34",Paid in Full,2024-06-15T12:57:08Z
EPIC_NORTH,E2648133,Maple Grove Pediatrics ,EN1005867,Ana,Van Dyke,"Oct 19, 2018",F,53754,(608) 555-0128,2023-09-15,,Out Patient,1410646008,"Hernandez, Matthew",Z00.129,flu shot,UnitedHealthcare,USD 899.10,PAID,2023-09-29T08:34:24Z
EPIC_NORTH,E5725508,St. Brendan Medical Center,EN1006079,Emily,Lopez,1979-05-22,F,53795,(920) 555-0107,"Nov 29, 2024","Dec 4, 2024",inpatient admission,1682052588,Dr. James Wright,I50.22 - Chronic systolic (congestive) heart failure,"heart failure follow-up, fluid tablets review",Cigna,"$17,135.72",Submitted,2024-12-22T23:11:58Z
EPIC_NORTH,E2454407,St. Brendan Medical Center,EN1007024,Kevin,Peterson,02/16/1941,M,53772,(414) 555-0135,2024-02-29,02/29/2024,EMERGENCY DEPT,1860320807,Dr. Rebecca Schultz,S93401A,"fell on outstretched hand, wrist pain",MCR,"$1,469.24  ",Closed - Paid,2024-03-23T21:56:51Z
EPIC_NORTH,E2809683,Maple Grove Pediatrics,EN1001075,Emily,Nguyen,03/30/2008,F,53262,(920) 555-0127,10/25/2024,2024-10-25,Video Visit,1541465906,"Johnson, Samuel", R50.9 ,chest pain,MEDICAID,$106.91,Closed - Paid,2024-10-30T02:39:41Z
EPIC_NORTH,E8800160,Lakeshore Gen Hosp,EN1001947,Patricia,Nelson,"Dec 9, 1964",F,54183,(920) 555-0145,07/23/2023,2023-07-23,Emergency,1871689760,Dr. Ashley Walker,I50.9,"worsening breathlessness on exertion, weight up 3 kg",BCBS,$ 6710.74,Paid,2023-08-17T23:36:39Z
EPIC_NORTH,E1794959,St. Brendan Medical Center,EN1000561,Minh,Martin,06/11/1965,M,54311,(608) 555-0183,2024-06-27,7/3/2024,IP,1642524775,"Hall, Sarah",n18.6,kidney function review,TRICARE,"$64,992.31",PAID,2024-07-27T05:04:20Z
EPIC_NORTH,E3561512,Maple Grove Pediatrics,EN1001888,Sofia,Hall,,F,54143,(920) 555-0116,9/12/2024,,Virtual,1895579906,Dr. Thomas Davis, R50.9 ,fever for two days,MEDICAID,$75.78,PAID,2024-09-22T07:49:09Z
EPIC_NORTH,E1239708,Maple Grove Pediatrics,EN1001888,Sofia,Hall,,F,54143,(920) 555-0116,07/17/2024,2024-07-17,OP,1895579906,"Davis, Thomas",Z23,flu shot,IA Medicaid,$ 143.73,Closed - Paid,2024-07-21T14:39:23Z
EPIC_NORTH,E7459237,Lakeshore General Hospital,EN1001775,Noah,Brown,1985-04-28,M,53231,(262) 555-0151,"Apr 20, 2024",4/20/2024,EMERGENCY DEPT,1809320819,"Nguyen, Chloe",R10.9,abdominal pain since morning,AETNA INC,1019.65,Paid,2024-05-08T11:30:33Z
EPIC_NORTH,E5528842,Lakeshore General Hospital,EN1007467,Ethan,White,1955-07-02,M,53281,(920) 555-0140,2024-06-05,06/12/2024,Inpatient,1452059979,"Williams, Thomas",N186,dialysis follow-up,MEDICARE PART A,"$40,203.99  ",PAID,2024-06-22T15:10:34Z
EPIC_NORTH,E5510006,St. Brendan Medical Center,EN1005883,David,Garcia-Lopez,1973-08-12T00:00:00,M,53147,(920) 555-0108,05/12/2023,5/12/2023,OBS,1771884131,"Thompson, Karen",R079,chest pain,AETNA INC,$ 7255.16,Closed - Paid,2023-05-27T05:49:08Z
EPIC_NORTH,E5287058,Lakeshore General Hospital,EN1008235,Laura,White,06/10/1965,F,54315,(608) 555-0103,12/28/2023,,Out Patient,1984162291,"Hansen, Brian",I10,hypertension follow-up,Aetna,"$2,314.54",PAID,2024-01-18T17:22:25Z
EPIC_NORTH,E6325068,Lakeshore General Hospital,EN1007148,Brian,Lopez,07/25/1976,M,54354,(608) 555-0104,9/27/2024,09/27/2024,Observation,1309114175,Dr. Hannah King,I10,blood pressure check,MEDICAID,"$5,781.43",Denied,2024-10-12T12:32:58Z
EPIC_NORTH,E8635156,LAKESHORE GENERAL HOSPITAL,EN1008492,Steven,Smith,1980-12-26,M,53716,(414) 555-0126,09/13/2023,9/13/2023,OP,1701079810,"Hall, Linda",R10.9,fever for two days,Medicare,$280.44,Paid,2023-09-18T02:06:57Z
EPIC_NORTH,E4580367,St. Brendan's Medical Center,EN1006107,Andrew,Novak,1983-08-10T00:00:00,M,54181,(608) 555-0137,2024-05-05,2024-05-05T00:00:00,Emergency,1229836956,"Nelson, Joshua",N39.0,cold symptoms for a week,UnitedHealthcare,"8,499.27 USD",Closed - Paid,2024-05-29T04:42:24Z
EPIC_NORTH,E3892865,Lakeshore General Hospital,EN1000895,Luis,Hernandez,1960-05-14,M,53128,(608) 555-0180,2023-07-20,2023-07-20,Emergency Room,1871689760,"Walker, Ashley",i50.22,"heart failure follow-up, fluid tablets review",Aetna,"$2,422.85  ",Paid in Full,2023-07-23T12:40:28Z
EPIC_NORTH,E8986607,Saint Brendan Medical Center,EN1002064,Minh,Kim,7/26/1953,M,54193,(262) 555-0190,2024-04-09,04/11/2024,Obs Stay,1682052588,"Wright, James",R10.9,chest pain,MEDICARE PART A,9538.76,DENIED,2024-05-06T13:34:21Z
EPIC_NORTH,E7230616,Lakeshore General Hospital,EN1005577,Joseph,Jackson,1960-09-27,M,53152,(920) 555-0142,2024-08-18,2024-08-18,Out Patient,1787680457,"Moore, Lisa",i48.91,palpitations and dizziness,Aetna,$123.55,Paid in Full,2024-08-21T22:56:21Z
EPIC_NORTH,E1252379,lakeshore general hospital ,EN1003328,Susan,Moore,1930-07-14T00:00:00,F,53761,(920) 555-0118,2023-09-18,2023-09-29,inpatient admission,1701079810,"Hall, Linda",I63.9,slurred speech and facial droop,AETNA INC,$ 64414.61,Closed - Paid,2023-10-05T05:32:05Z
EPIC_NORTH,E3822198,Lakeshore General Hospital,EN1006195,Andrew,Walker,1966-02-14,M,54166,(920) 555-0130,2024-06-02,2024-06-02,Emergency Room,1809320819,Dr. Chloe Nguyen,N18.6,"missed dialysis session, feeling weak",BCBS,3868.90,Rejected,2024-06-19T23:14:32Z
EPIC_NORTH,E3999273,Lakeshore General Hospital,EN1004497,Rajesh,Kim,5/14/1992,M,54158,(414) 555-0181,03/07/2023,2023-03-07,ER,1809320819,Dr. Chloe Nguyen,N39.0,fever and cough,Self Pay,"1,131.49 USD",PAID,2023-03-19T07:42:44Z
EPIC_NORTH,E5657322,Lakeshore General Hospital,EN1004669,Maria,Wagner,1938-01-27,F,53233,(262) 555-0126,7/18/2023,"Jul 19, 2023",Emergency Room,1871689760,Dr. Ashley Walker,S52.501A,head injury after a fall,MCR,"$5,093.94  ",Paid in Full,2023-07-29T09:40:28Z
EPIC_NORTH,E1384373,St. Brendan Medical Center,EN1006548,Kevin,Wagner,1987-03-17,M,53254,(262) 555-0114,"Mar 29, 2023","Mar 29, 2023",ED,1229836956,"Nelson, Joshua",E11.65,numbness in both feet,Cigna,2381.71,Paid,2023-04-05T19:12:45Z
EPIC_NORTH,E3025133,Maple Grove Pediatrics,EN1001888,Sofia,Hall,,F,54143,(920) 555-0116,2024-07-23,07/23/2024,Outpatient,1541465906,"Johnson, Samuel",Z23,flu shot,IA Medicaid,$ 543.08,PAID,2024-08-16T05:04:07Z
EPIC_NORTH,E1855416,Lakeshore General Hospital,EN1001269,Paul M,Rodriguez,1973-04-02T00:00:00,M,53209,(414) 555-0156,1/29/2023,,Out Patient,1778486484,Dr. Emily Thomas,Z23,annual physical,Aetna,1666.37,Closed - Paid,2023-02-22T00:59:26Z
EPIC_NORTH,E9457554,St. Brendan Medical Center,EN1003497,Mary,Moore,01/27/1954,F,52006,(563) 555-0124,8/30/2024,2024-08-30,ED,1028382228,Dr. Chloe Wilson,i10,blood pressure check,CIGNA HEALTH,"$3,060.93",Paid in Full,2024-09-13T04:35:46Z
EPIC_NORTH,E6509893,St. Brendan's Medical Center,EN1006825,Carlos,Johnson,1967-03-05,M,53258,(920) 555-0106,2023-01-01T00:00:00,1/1/2023,EMERGENCY DEPT,1229836956,"Nelson, Joshua",n18.6,swelling and reduced urine output,CIGNA HEALTH,5489.69,Paid in Full,2023-01-03T22:51:32Z
EPIC_NORTH,E7976301,Maple Grove Pediatric Clinic,EN1004759,Anthony,Novak,2013-05-03,M,53712,(608) 555-0157,02/28/2023,,Clinic Visit,1410646008,"Hernandez, Matthew",J02.9,confusion and high fever,MEDICAID,$1.69K,PAID,2023-03-13T07:09:41Z
EPIC_NORTH,E4675424,St. Brendan Medical Center,EN1002993,Hannah,Jensen,1963-07-31,F,53156,(920) 555-0128,2023-09-20,9/26/2023,IN-PATIENT,1682052588,"Wright, James",I50.9,"heart failure follow-up, fluid tablets review",Workers Comp,"$35,031.07",Paid,2023-10-21T04:46:05Z
EPIC_NORTH,E1136557,LAKESHORE GENERAL HOSPITAL,EN1001432,Aaron,Van Dyke,1971-05-29,M,53788,(920) 555-0127,2023-06-17,2023-06-28,INPT,1536455680,"Kowalski, Noah",A41.9,fever and cough,Aetna,"91,812.42 USD",PAID,2023-07-13T10:55:27Z
EPIC_NORTH,E7010877,Saint Brendan Medical Center,EN1006706,Thomas,White,1980-10-13,M,53104,(608) 555-0180,2024-08-04,2024-08-14,IP,1642524775,"Hall, Sarah",N17.9,"very little urine output, nausea",State Medicaid Plan,83087.16,Paid,2024-08-30T11:53:20Z
EPIC_NORTH,E3855517,MAPLE GROVE PEDS,EN1002882,Rajesh,Lee,"Sep 17, 2006",M,53774,(920) 555-0129,2/29/2024,02/29/2024,Clinic Visit,1410646008,"Hernandez, Matthew",R50.9,chest pain,UHC,"$1,426.72  ",Paid in Full,2024-03-20T19:12:59Z
EPIC_NORTH,E8727880,Lakeshore General,EN1008235,Laura,White,06/10/1965,F,54315,(608) 555-0103,08/16/2023,2023-08-16,,1139986982,Dr. Anthony Schmidt,I10,headache with elevated blood pressure,Aetna,16584.81,Paid,2023-08-28T08:18:07Z
EPIC_NORTH,E3343550,Lakeshore General Hospital,EN1004355,Luis,Novak,11/19/1971,M,53797,(920) 555-0138,2023-05-01,2023-05-01T00:00:00,Emergency,1871689760,"Walker, Ashley",R10.9 - Unspecified abdominal pain,severe headache,Uninsured,"2,128.11 USD",Denied,2023-05-07T12:42:04Z
EPIC_NORTH,E3819470,St. Brendan's Medical Center,EN1002828,Jessica,Wagner,02/15/1944,F,54348,(262) 555-0121,2023-10-16T00:00:00,"Oct 16, 2023",Emergency,1028382228,Dr. Chloe Wilson, I50.22 ,"worsening breathlessness on exertion, weight up 3 kg",MEDICARE PART A,$ 6546.27,Paid,2023-10-31T21:52:36Z
EPIC_NORTH,E2763885,Lakeshore General Hospital,EN1006195,Andrew,Walker,02/14/1966,M,54166,(920) 555-0130,2023-10-12,10/14/2023,Observation,1440029787,"Young, Olivia", N18.6 ,kidney function review,BCBS,"$9,801.44",Closed - Paid,2023-11-03T05:00:32Z
EPIC_NORTH,E5052747,Saint Brendan Medical Center,EN1007446,Priya,Williams,1985-04-15,F,53198,(920) 555-0100,2023-07-15,2023-07-16T00:00:00,Emergency Room,1028382228,Dr. Chloe Wilson,I10,blood pressure check,Medicaid,4612.34,Paid in Full,2023-07-19T10:09:22Z
EPIC_NORTH,E9738122,ST BRENDAN MED CTR,EN1002857,Barbara,Wagner,07/17/1948,F,52426,(563) 555-0156,2023-07-15T00:00:00,,OP,1771884131,Dr. Karen Thompson,Z23,well child visit,MCR,268.95,Paid in Full,2023-07-19T08:14:29Z
EPIC_NORTH,E9209670,Lakeshore General Hospital,EN1002944,Karen,Peterson,03/26/1972,F,53201,(262) 555-0173,9/30/2023,,Clinic Visit,1787680457,"Moore, Lisa",Z23,well child visit,Blue Cross Blue Shield,126.33,Rejected,2023-10-24T12:03:57Z
EPIC_NORTH,E7745173,Lakeshore Gen Hosp,EN1003260,Jacob,Jackson,1972-04-05,M,53236,(262) 555-0162,2023-03-17,2023-03-18,OBS,1139986982,"Schmidt, Anthony",N18.6,dialysis follow-up,AETNA INC,$ 4964.76,Paid,2023-03-26T20:47:15Z
EPIC_NORTH,E2832331,Lakeshore General Hospital,EN1004194,Kevin,Taylor,1949-02-16,M,54144,(608) 555-0118,12/04/2023,"Dec 4, 2023",Emergency Room,1809320819,"Nguyen, Chloe",G47.33,chest pain,TRICARE,"$9,631.46",Paid in Full,2023-12-16T18:44:05Z
EPIC_NORTH,E6139485,St. Brendan Medical Center,EN1001595,Aaron,Johnson,10/1/1993,M,54370,(608) 555-0152,5/6/2024,05/07/2024,Observation,1642524775,"Hall, Sarah",R07.9,fever for two days,BadgerCare Plus,"$5,731.86",Denied,2024-05-08T17:06:29Z
EPIC_NORTH,E3198414,ST BRENDAN MED CTR,EN1003692,Mary,Thompson,05/12/1955,F,54383,(262) 555-0134,"Apr 11, 2023",2023-04-11,Emergency Room,1860320807,"Schultz, Rebecca",R51.9,abdominal pain since morning,Medicare - Part B,"$8,886.26",Paid in Full,2023-04-13T00:48:23Z
EPIC_NORTH,E9541509,Lakeshore General,EN1006587,PRIYA,MOORE,10/4/1948,F,54391,(920) 555-0128,2023-03-02,"Mar 2, 2023",Observation,1472671472,"King, Mei",N186,dialysis follow-up,UnitedHealthcare,"$3,471.11  ",Paid,2023-03-19T20:14:57Z
EPIC_NORTH,E2893427,Lakeshore General,EN1000477,Rajesh,Jones,5/17/1988,M,54194,(920) 555-0104,2024-07-04,2024-07-16,INPT,1139986982,Dr. Anthony Schmidt,I50.22,"unable to lie flat at night, ankle edema",CIGNA HEALTH,"$11,442.90",Rejected,2024-07-27T21:16:09Z
EPIC_NORTH,E4160354,Lakeshore General Hospital,EN1003478,Linda,Young,1997-05-16,F,54332,(262) 555-0159,"May 13, 2024",2024-05-13T00:00:00,ER,1871689760,"Walker, Ashley",J18.9,cold symptoms for a week,Blue Cross Blue Shield,$6.93K,Paid in Full,2024-05-17T01:16:25Z
EPIC_NORTH,E6009266,ST BRENDAN MED CTR,EN1005596,Hannah,Kowalski,06/12/1955,F,53216,(920) 555-0146,12/17/2023,2023-12-17T00:00:00,ED,1229836956,"Nelson, Joshua",R51.9,fever for two days,MEDICARE PART A,"$2,395.80",Paid,2024-01-10T07:07:52Z
EPIC_NORTH,E8065023,ST BRENDAN MED CTR,EN1005067,Paul,Moore,10/23/1953,M,53143,(414) 555-0130,08/12/2024,2024-08-13,Emergency Room,1229836956,Dr. Joshua Nelson,S52.501A,"fell on outstretched hand, wrist pain",MCR,"USD 7,831.78",Rejected,2024-08-22T04:41:32Z
EPIC_NORTH,E7167943,Maple Grove Pediatrics,EN1000764,Barbara,Garcia,2017-06-10,F,53753,(920) 555-0105,2023-02-20,,Office Visit,1615846452,"O'Brien, Nancy",J06.9,cold symptoms for a week,Medicaid,310.68,Paid in Full,2023-03-14T14:21:21Z
EPIC_NORTH,E9592113,Lakeshore General Hospital,EN1004100,Sandra,Johnson,1985-08-01,F,53169,(920) 555-0141,05/15/2024,,Clinic Visit,1778486484,"Thomas, Emily", J44.9 ,increased cough and wheezing,Cigna,"$2,337.61",PAID,2024-05-19T04:29:29Z
EPIC_NORTH,E9985367,Lakeshore General Hospital,EN1005919,Rebecca,Johnson,1966-01-08T00:00:00,F,54111,(920) 555-0149,04/05/2023,,Outpatient,1440029787,"Young, Olivia",I48.91,palpitations and dizziness,UHC,"$1,588.10",Closed - Paid,2023-04-11T08:25:40Z
EPIC_NORTH,E6353880,Maple Grove Pediatrics,EN1005423,Nancy,Davis,02/28/2017,F,53160,(414) 555-0183,2024-07-29,,OP,1541465906,"Johnson, Samuel",Z00.129,annual physical,MEDICAID,$541.62  ,DENIED,2024-08-04T23:29:17Z
EPIC_NORTH,E1321887,Lakeshore General Hospital,EN1001639,David,Brown,1930-04-10,M,54347,(262) 555-0163,3/28/2024,03/28/2024,Emergency Room,1447294053,Dr. Samuel Peterson,R07.9,severe headache,Medicare - Part B,"$3,680.19",DENIED,2024-04-21T16:04:33Z
EPIC_NORTH,E4226471,Lakeshore General Hospital,EN1007902,Thomas,Nelson,1971-04-12,M,54115,(608) 555-0186,07/30/2024,2024-07-31,EMERGENCY DEPT,1447294053,"Peterson, Samuel",I10,hypertension follow-up,IA Medicaid,$ 3752.67,Paid in Full,2024-08-10T17:24:19Z
EPIC_NORTH,E7286947,Lakeshore General,EN1005268,Joseph,Hoffman,12/28/1983,M,54120,(414) 555-0151,3/12/2024,2024-03-24,INPT,1452059979,"Williams, Thomas",a41.9,burning on urination,UHC,13022.76,DENIED,2024-04-14T07:47:18Z
EPIC_NORTH,E5573554,Lakeshore Gen Hosp,EN1006555,Jennifer,Kowalski,1988-09-26,F,53153,(262) 555-0178,"Sep 11, 2024",2024-09-11T00:00:00,ER,1860320807,"Schultz, Rebecca",S52501A,head injury after a fall,Uninsured,$600.11,Closed - Paid,2024-09-12T09:52:33Z
EPIC_NORTH,E2427695,lakeshore general hospital ,EN1005406,Michael,Kowalski,1973-01-01T00:00:00,M,54128,(608) 555-0132,2024-06-14,06/26/2024,IN-PATIENT,1701079810,Dr. Linda Hall,I50.9,"unable to lie flat at night, ankle edema",UnitedHealthcare,"$59,130.33  ",PAID,2024-07-12T22:06:06Z
EPIC_NORTH,E2507285,St. Brendan Medical Center,EN1008447,Emily,Davis,09/03/1970,F,53160,(414) 555-0133,2024-01-03,2024-01-03,EMERGENCY DEPT,1860320807,"Schultz, Rebecca", J18.9 ,sore throat and fever,CIGNA HEALTH,1275.03,Rejected,2024-01-07T18:11:57Z
EPIC_NORTH,E4533717,Lakeshore Gen Hosp,EN1006333,Ryan,Schultz,1959-06-01T00:00:00,M,54174,(262) 555-0181,2023-12-22,,Outpatient,1984162291,"Hansen, Brian",I50.22,shortness of breath and leg swelling for several days,Cigna,837.46,Closed - Paid,2024-01-08T15:59:43Z
EPIC_NORTH,E5799969,St Brendan Medical Center,EN1000378,Olivia,Novak,1991-05-18T00:00:00,F,53746,(414) 555-0152,11/23/2023,2023-11-24,Inpatient,1682052588,Dr. James Wright,I48.91,palpitations and dizziness,Cigna,"$80,020.63",Closed - Paid,2023-12-14T07:41:06Z
EPIC_NORTH,E8123035,Lakeshore General,EN1000725,Matthew,Taylor,1965-12-22,M,53110,(414) 555-0100,02/05/2023,2023-02-06,EMERGENCY DEPT,1447294053,"Peterson, Samuel",N39.0,burning on urination,Cigna,1053.01,Rejected,2023-02-25T11:41:22Z
EPIC_NORTH,E5311117,Lakeshore General,EN1003773,Priya,Hansen,"Sep 7, 1945",F,54103,(262) 555-0157,2023-03-08,"Mar 11, 2023",Inpatient,1778486484,"Thomas, Emily", A41.9 ,fever and cough,,$ 28319.43,Paid in Full,2023-04-05T14:15:44Z
EPIC_NORTH,E2524954,Lakeshore General,EN1003889,Carlos,Harris,1946-12-11,M,53154,(262) 555-0124,2023-07-15T00:00:00,07/25/2023,Inpatient,1309114175,"King, Hannah",E11.65,high blood sugar readings at home,Medicare,"12,438.09 USD",Closed - Paid,2023-08-05T09:10:54Z
EPIC_NORTH,E6711177,Maple Grove Pediatrics,EN1004424,Daniel,Taylor,1/6/2007,M,54190,(262) 555-0186,2024-09-27,2024-09-27,Office Visit,1895579906,"Davis, Thomas",J06.9,confusion and high fever,Aetna,"USD 1,273.40",Closed - Paid,2024-10-13T07:15:14Z
EPIC_NORTH,E5637307,Lakeshore General Hospital,EN1007837,Matthew,O'Brien,2005-12-08,M,54187,(608) 555-0111,2023-03-13T00:00:00,2023-03-13,ED,1871689760,"Walker, Ashley",J45.901,"chest tightness, inhaler not helping",Tricare,"$3,853.75",PAID,2023-03-21T08:57:38Z
EPIC_NORTH,E7706623,Lakeshore General Hospital,EN1000217,Minh,Nguyen,1976-08-06T00:00:00,M,53777,(920) 555-0114,09/16/2024,2024-09-16T00:00:00,EMERGENCY DEPT,1860320807,"Schultz, Rebecca",N18.6,dialysis follow-up,BCBS,"$1,337.95",Paid,2024-09-25T05:32:55Z
EPIC_NORTH,E5722023,Lakeshore General Hospital,EN1007772,Emily,Wagner,8/26/1998,F,53772,(608) 555-0194,01/09/2023,1/19/2023,inpatient admission,1778486484,"Thomas, Emily",J18.9,fever and cough,Aetna,"$20,581.08",Closed - Paid,2023-01-24T22:19:58Z
EPIC_NORTH,E7824966,St Brendan Medical Center,EN1004916,Elizabeth,Williams,"Feb 24, 1979",F,53272,(414) 555-0186,2024-06-03,06/07/2024,INPT,1682052588,"Wright, James",E11.65,numbness in both feet,UHC,"USD 37,476.44",Closed - Paid,2024-06-25T05:57:21Z
EPIC_NORTH,E1359708,lakeshore general hospital ,EN1004251,Sarah,Schmidt,1964-05-25,F,53706,(414) 555-0118,"Feb 4, 2024",2/14/2024,INPT,1309114175,Dr. Hannah King, N17.9 ,"very little urine output, nausea",Aetna,"$8,056.85",Cancelled,2024-02-18T08:36:38Z
EPIC_NORTH,E1836474,Lakeshore General Hospital,EN1006424,Elizabeth,Larson,1958-01-18T00:00:00,F,53710,(608) 555-0110,2023-03-22,2023-03-31,INPT,1440029787,"Young, Olivia",I50.9,"unable to lie flat at night, ankle edema",BadgerCare Plus,"$47,424.51",Closed - Paid,2023-04-07T16:37:11Z
EPIC_NORTH,E9585619,Maple Grove Pediatrics,EN1003157,David,O'Brien,2019-11-30,M,53114,(608) 555-0144,2024-02-11,2024-02-11,OP,1615846452,"O'Brien, Nancy",J06.9,sore throat and fever,BadgerCare Plus,$216.96,Paid in Full,2024-02-16T02:05:24Z
EPIC_NORTH,E9953345,Lakeshore General Hospital,EN1006789,Noah,Wagner,10/31/1965,M,53220,(414) 555-0130,8/15/2023,"Aug 22, 2023",Inpatient,1309114175,Dr. Hannah King,J44.1,productive cough with low oxygen readings at home,Medicare - Part B,39840.32,PAID,2023-08-30T10:03:29Z
EPIC_NORTH,E7746726,LAKESHORE GENERAL HOSPITAL,EN1001947,Patricia,Nelson,1964-12-09,F,54183,(920) 555-0145,2023-01-04,,Outpatient,1778486484,"Thomas, Emily",I50.32,"heart failure follow-up, fluid tablets review",UHC,$246.06,Paid in Full,2023-01-08T16:20:30Z
EPIC_NORTH,E2139709,Lakeshore Gen Hosp,EN1001302,Chloe,Thompson,02/22/1968,F,53293,(262) 555-0127,2024-06-16,06/26/2024,Inpatient,1536455680,"Kowalski, Noah",A41.9,confusion and high fever,Aetna,60844.50,Paid in Full,2024-07-16T21:16:30Z
EPIC_NORTH,E8512475,Lakeshore Gen Hosp,EN1007249,Ana,Hall,01/19/1961,F,54341,(262) 555-0109,2024-08-07T00:00:00,08/08/2024,inpatient admission,1552182481,Dr. Nancy Kowalski,E11.65,high blood sugar readings at home,CIGNA HEALTH,21757.72,Paid,2024-08-23T10:22:49Z
EPIC_NORTH,E8476105,St. Brendan Medical Center,EN1004884,Joshua,Jones,1969-05-22,M,53118,(262) 555-0112,7/28/2024,2024-08-06,IP,1008754750,Dr. Katherine Hoffman,E11.65,diabetic follow-up and medication refill,BCBS,"USD 17,782.68",PAID,2024-08-30T02:48:24Z
EPIC_NORTH,E5663930,St. Brendan's Medical Center,EN1008370,Rebecca,Taylor,1957-10-18T00:00:00,F,53187,(414) 555-0119,2023-06-26,06/27/2023,Emergency Room,1860320807,"Schultz, Rebecca",S06.0X0A,twisted ankle playing basketball,Medicare,"$1,196.51",Paid in Full,2023-06-29T13:49:12Z
EPIC_NORTH,E6792631,Maple Grove Pediatrics,EN1006684,Steven,Wright,2018-01-03,M,53283,(262) 555-0177,2023-06-11,,Outpatient,1410646008,"Hernandez, Matthew",J06.9,burning on urination,Medicaid,"$2,004.72",Paid in Full,2023-06-12T02:51:53Z
EPIC_NORTH,E2844765,Maple Grove Pediatric Clinic,EN1004015,Daniel,Johnson,2006-12-30,M,54108,(262) 555-0134,08/29/2024,08/29/2024,Clinic Visit,1410646008,"Hernandez, Matthew",Z00.129,annual physical,CIGNA HEALTH,$145.24  ,Closed - Paid,2024-09-21T11:07:45Z
EPIC_NORTH,E2971419,Maple Grove Pediatric Clinic,EN1000764,Barbara,Garcia,2017-06-10,F,53753,(920) 555-0105,2023-12-15T00:00:00,12/15/2023,Office Visit,1895579906,"Davis, Thomas",Z23,flu shot,MEDICAID,"USD 2,440.52",Rejected,2023-12-26T10:30:39Z
EPIC_NORTH,E2498195,Maple Grove Pediatrics,EN1000974,Samuel,Lopez,04/26/2021,M,53727,(920) 555-0126,2023-11-27,2023-11-27,OP,1410646008,"Hernandez, Matthew",Z23,well child visit,Aetna,$157.75,Paid in Full,2023-11-30T05:24:46Z
EPIC_NORTH,E2015854,Lakeshore General Hospital,EN1008415,Linda,Wilson,1984-05-12,F,54151,(608) 555-0110,2024-01-28,02/01/2024,Inpatient,1536455680,Dr. Noah Kowalski,J44.1,increased cough and wheezing,MEDICAID,"$15,819.71",Void,2024-02-20T22:20:47Z
EPIC_NORTH,E4993425,Lakeshore General Hospital,EN1000761,Mary,Lee,1971-07-11,F,53749,(608) 555-0196,2024-10-27,2024-10-28,EMERGENCY DEPT,1860320807,"Schultz, Rebecca",J44.1,increased cough and wheezing,Blue Cross Blue Shield,5000.01,Closed - Paid,2024-10-31T09:54:34Z
EPIC_NORTH,E3140819,Lakeshore General Hospital,EN1002533,Mark,Garcia-Lopez,11/7/1964,M,53267,(414) 555-0159,2023-09-23T00:00:00,2023-10-02,IP,1309114175,"King, Hannah",I21.9,crushing chest pain spreading to left arm,Aetna,"USD 39,104.74",Paid,2023-10-03T18:50:46Z
EPIC_NORTH,E4423063,ST BRENDAN MED CTR,EN1005481,Laura,Mueller,01/05/1975,F,53751,(414) 555-0191,00/00/0000,2023-06-24,inpatient admission,1642524775,Dr. Sarah Hall,I5022,"unable to lie flat at night, ankle edema",BCBS,71528.59,Closed - Paid,2023-07-02T04:52:04Z
EPIC_NORTH,E5402486,TEST FACILITY - DO NOT USE,EN1008703,Test,Patient,01/01/1980,F,53200,(414) 555-0100,08/01/2024,08/01/2024,Clinic Visit,1440029787,Dr. Olivia Young, Z23 ,annual physical,Aetna,$332.98,Closed - Paid,2024-08-06T21:15:09Z
EPIC_NORTH,E6758898,St. Brendan Medical Center,EN1003692,Mary,Thompson,1955-05-12,F,54383,(262) 555-0134,"Oct 13, 2023",,Outpatient,1682052588,Dr. James Wright,I48.91,crushing chest pain spreading to left arm,Medicare - Part B,638.78,Closed - Paid,2023-11-05T15:08:57Z
EPIC_NORTH,E9070953,Maple Grove Pediatrics,EN1001759,Katherine,White,2021-08-16,F,54306,(608) 555-0135,08/28/2023,,Clinic Visit,1895579906,"Davis, Thomas",J02.9,burning on urination,CIGNA HEALTH,USD 140.40,Denied,2023-09-16T08:50:55Z
EPIC_NORTH,E3865284,St. Brendan Medical Center,EN1007184,William L,Nguyen,1962-07-08T00:00:00,M,52407,(319) 555-0183,"Mar 24, 2024",2024-03-24,Office Visit,1771884131,Dr. Karen Thompson,R10.9,abdominal pain since morning - callback (319) 555-0183,Medicaid,$194.16,Paid,2024-04-13T14:24:47Z
EPIC_NORTH,E4796654,Lakeshore General Hospital,EN1003126,Ashley,HARRIS,5/19/1950,F,53273,(920) 555-0188,2023-03-12T00:00:00,03/12/2023,Clinic Visit,1472671472,"King, Mei",M54.50,low back pain after lifting,Medicare - Part B,490.87 USD,Paid,2023-03-30T15:02:27Z
EPIC_NORTH,E5474318,Lakeshore Gen Hosp,EN1000895,Luis,Hernandez,05/14/1960,M,53128,(608) 555-0180,2023-01-17,,Outpatient,1440029787,"Young, Olivia",M54.50,joint stiffness in the morning,AETNA INC,$179.20,Paid in Full,2023-02-07T10:50:43Z
EPIC_NORTH,E4232605,Maple Grove Pediatrics,EN1004311,Joseph,Jensen,01/10/2011,M,53251,(414) 555-0129,"May 7, 2023",,OP,1410646008,Dr. Matthew Hernandez,J06.9,confusion and high fever,IA Medicaid,$927.83,Closed - Paid,2023-05-10T15:29:07Z
EPIC_NORTH,E3028232,St. Brendan Medical Center,EN1004211,Samuel,Johnson,1988-05-07,M,53737,(920) 555-0108,2024-02-16,02/18/2024,OBS,1682052588,"Wright, James",J44.1,increased cough and wheezing,MEDICAID,"$3,789.49",PAID,2024-03-08T00:09:19Z
EPIC_NORTH,E2225232,Lakeshore General Hospital,EN1000428,Chloe,Wagner,12/03/1981,F,52474,(319) 555-0172,11/9/2023,2023-11-09,OP,1440029787,"Young, Olivia", I50.32 ,"unable to lie flat at night, ankle edema",Cigna,"1,190.29 USD",Paid,2023-12-01T09:06:16Z
EPIC_NORTH,E1689751,Saint Brendan Medical Center,EN1008203,Susan,Moore,1964-05-18,F,53777,(414) 555-0194,"Jul 6, 2024",7/14/2024,Inpatient,1105218543,Dr. Tyler Young,N18.6,kidney function review,SELFPAY,$ 10605.37,Closed - Paid,2024-07-30T22:36:46Z
EPIC_NORTH,E6761770,St. Brendan Medical Center,EN1002671,Jacob,Clark,12/20/1951,M,53117,(920) 555-0164,2024-11-07,2024-11-07,Emergency,1229836956,Dr. Joshua Nelson,I10,hypertension follow-up,Medicare - Part B,"$4,732.20",Paid in Full,2024-11-16T13:30:24Z
EPIC_NORTH,E7028718,St. Brendan Medical Center,EN1002268,Luis,Van Dyke,11/19/1956,M,53101,(262) 555-0140,09/30/2024,2024-10-06,inpatient admission,1771884131,Dr. Karen Thompson,I10,blood pressure check,Cigna,"$27,156.71",PAID,2024-10-17T13:27:14Z
EPIC_NORTH,E6962762,St. Brendan Medical Center,EN1001521,Omar,Becker,08/11/1954,M,53173,(414) 555-0147,2023-02-22T00:00:00,2023-02-27,Inpatient,1939494823,"Jackson, William",J44.1,"short of breath, using rescue inhaler more often",Medicare,10859.71,PAID,2023-03-09T02:29:55Z
EPIC_NORTH,E2506547,St. Brendan Medical Center,EN1001333,Susan,Lee,1985-07-19,F,54309,(262) 555-0159,12/22/2023,12/22/2023,ED,1028382228,Dr. Chloe Wilson,E1165,numbness in both feet,Aetna,"$6,991.36",Paid,2024-01-03T01:21:17Z
EPIC_NORTH,E6461649,ST BRENDAN MED CTR,EN1001983,Michelle,LARSON,2/2/1944,F,53736,(608) 555-0163,10/30/2024,,Clinic Visit,1771884131,Dr. Karen Thompson,J44.9,increased cough and wheezing,MEDICARE PART A,"$1,142.76",Paid,2024-11-12T19:03:16Z
EPIC_NORTH,E4598157,ST BRENDAN MED CTR,EN1002805,Emily,Jensen,1958-11-16T00:00:00,F,53296,(608) 555-0181,03/19/2023,3/22/2023,INPT,1939494823,Dr. William Jackson,"I21.9 - Acute myocardial infarction, unspecified",palpitations and dizziness,MCR,"$11,203.71",PAID,2023-04-05T23:38:37Z
EPIC_NORTH,E7736315,Lakeshore General Hospital,EN1001639,David,Brown,1930-04-10,M,54347,(262) 555-0163,2023-08-25,2023-08-25T00:00:00,ED,1871689760,"Walker, Ashley",R51.9,fever for two days,Medicare - Part B,"$10,633.80",Paid,2023-09-14T04:22:01Z
EPIC_NORTH,E5205423,Maple Grove Pediatrics,EN1006187,Sofia,Kim,09/16/2015,F,53113,(920) 555-0177,"Nov 10, 2024",,Out Patient,1895579906,"Davis, Thomas", J06.9 ,burning on urination,AETNA INC,528.50,Paid in Full,2024-11-17T17:49:59Z
EPIC_NORTH,E5004023,Lakeshore General Hospital,EN1002704,Mary,Miller,04/02/1951,F,53213,(262) 555-0145,2023-08-20,2023-08-20T00:00:00,Office Visit,1452059979,"Williams, Thomas",I5022,"worsening breathlessness on exertion, weight up 3 kg",Medicare,884.45,Paid,2023-08-30T18:51:39Z
EPIC_NORTH,E9711915,Lakeshore General Hospital,EN1008634,William,Miller,1982-03-14,M,53154,(608) 555-0138,"Sep 30, 2024",2024-10-01,IP,1139986982,"Schmidt, Anthony",E11.65,fatigue and excessive thirst,AETNA INC,"$36,106.57",Paid,2024-10-23T06:13:45Z
EPIC_NORTH,E5974467,Saint Brendan Medical Center,EN1002614,Nancy,Olson,07/22/1959,F,53726,(608) 555-0165,2024-03-02,3/2/2024,Outpatient,1105218543,Dr. Tyler Young,Z23,annual physical,Medicare,$689.04,Closed - Paid,2024-03-27T16:53:20Z
EPIC_NORTH,E6035201,Lakeshore Gen Hosp,EN1001947,Patricia,Nelson,1964-12-09,F,54183,(920) 555-0145,2023-12-09,2023-12-09T00:00:00,Emergency,1871689760,"Walker, Ashley",R51.9,chest pain,BCBS,USD 758.41,Closed - Paid,2023-12-24T15:20:15Z
EPIC_NORTH,E1080316,Lakeshore General Hospital,EN1008625,Ana,Brown,1947-11-15T00:00:00,F,53157,(262) 555-0104,06/19/2023,2023-06-19T00:00:00,ED,1447294053,"Peterson, Samuel",I50.9,"heart failure follow-up, fluid tablets review",Medicare,"$2,695.97",CANCELLED,2023-07-13T02:28:33Z
EPIC_NORTH,E2902966,Lakeshore General Hospital,EN1001302,Chloe,Thompson,02/22/1968,F,53293,(262) 555-0127,2023-03-13T00:00:00,2023-03-13,OBS,1536455680,"Kowalski, Noah",r10.9,severe headache,Blue Cross Blue Shield,"$14,171.39",Closed - Paid,2023-03-22T19:02:59Z
EPIC_NORTH,E7626357,Lakeshore General,EN1007150,Ana,Walker,5/31/1955,F,53205,(262) 555-0182,2024-10-19,,Outpatient,1701079810,"Hall, Linda",Z23,annual physical,MEDICARE PART A,$630.71  ,Closed - Paid,2024-11-11T02:10:01Z
EPIC_NORTH,E2722610,St. Brendan Medical Center,EN1000320,Joshua,Walker,1996-08-25,M,54320,(920) 555-0165,"Oct 8, 2023",2023-10-08,Office Visit,1166323372,LOCUM PROVIDER,R109,chest pain,CIGNA HEALTH,153.21,Denied,2023-10-09T16:08:48Z
EPIC_NORTH,E9408214,St. Brendan Medical Center,EN1005521,Olivia,Hoffman,2/20/1962,F,53749,(414) 555-0104,2024-09-06,,Clinic Visit,1642524775,Dr. Sarah Hall,M54.50,joint stiffness in the morning,SELFPAY,187.17,Paid,2024-09-28T13:08:15Z
EPIC_NORTH,E6005217,St. Brendan Medical Center,EN1000840,Anthony,Becker,1958-01-12T00:00:00,M,54393,(608) 555-0182,11/22/2023,11/22/2023,ER,1028382228,Dr. Chloe Wilson,R51.9,severe headache,BadgerCare Plus,$941.64,Paid in Full,2023-11-23T23:39:05Z
EPIC_NORTH,E1687248,Maple Grove Pediatrics,EN1003731,Noah,Kim,2023-02-19,M,53710,(414) 555-0145,2023-03-01,,Virtual,1541465906,"Johnson, Samuel", J06.9 ,sore throat and fever,CIGNA HEALTH,$67.82,PAID,2023-03-13T02:46:49Z
EPIC_NORTH,E5496551,Lakeshore Gen Hosp,EN1002704,Mary,Miller,04/02/1951,F,53213,(262) 555-0145,2023-07-05,07/13/2023,INPT,1778486484,"Thomas, Emily",I50.9,"heart failure follow-up, fluid tablets review",MEDICARE PART A,"$15,243.18",Paid in Full,2023-07-31T01:07:20Z
EPIC_NORTH,E8129864,Lakeshore Gen Hosp,EN1008634,William,Miller,03/14/1982,M,53154,(608) 555-0138,2024-02-05,02/09/2024,Inpatient,1139986982,Dr. Anthony Schmidt,E11.65 - Type 2 diabetes mellitus with hyperglycemia,numbness in both feet,AETNA INC,16893.83,PAID,2024-02-24T11:27:08Z
EPIC_NORTH,E3180038,St. Brendan Medical Center,EN1000840,Anthony,Becker,"Jan 12, 1958",M,54393,(608) 555-0182,"Jan 30, 2023",01/30/2023,Outpatient,1105218543,Dr. Tyler Young,I4891,palpitations and dizziness,IA Medicaid,$ 2114.93,CANCELLED,2023-02-16T16:49:09Z
EPIC_NORTH,E9145136,Maple Grove Pediatrics,EN1002431,Sarah,Schultz,2016-10-08,F,54104,(608) 555-0123,07/15/2023,2023-07-15,Office Visit,1615846452,"O'Brien, Nancy",J02.9,burning on urination,Blue Cross Blue Shield,206.49,Closed - Paid,2023-08-01T10:03:42Z
EPIC_NORTH,E8992946,St. Brendan Medical Center,EN1007446,Priya,Williams,1985-04-15T00:00:00,F,53198,(920) 555-0100,2024-09-04,09/11/2024,Inpatient,1939494823,Dr. William Jackson,N17.9,"very little urine output, nausea",State Medicaid Plan,$ 60848.27,Closed - Paid,2024-10-04T05:29:50Z
EPIC_NORTH,E5369746,St. Brendan Medical Center,EN1000007,Susan,Johnson,12/17/1931,F,54118,(262) 555-0136,02/10/2024,,OP,1771884131,"Thompson, Karen",M54.50,low back pain after lifting,Medicare,254.39,PAID,2024-02-24T14:42:57Z
EPIC_NORTH,E3721405,Lakeshore General Hospital,EN1005424,Ryan,Nguyen,1991-10-03,M,53702,(262) 555-0109,2024-04-23,2024-04-25,OBS,1536455680,Dr. Noah Kowalski,R07.9,fever for two days,MCR,"$13,580.84",Paid in Full,2024-05-04T02:03:07Z
EPIC_NORTH,E1712160,Lakeshore General Hospital,EN1000940,Mark,Smith,"Apr 24, 1969",M,53191,(414) 555-0110,02/20/2024,,Outpatient,1701079810,Dr. Linda Hall,N18.4,kidney function review,State Medicaid Plan,$1.19K,Paid,2024-03-07T21:50:14Z
EPIC_NORTH,E1328262,Maple Grove Pediatrics,EN1008172,Matthew,Rodriguez,2011-04-07T00:00:00,M,53264,(262) 555-0145,04/29/2024,,Clinic Visit,1615846452,Dr. Nancy O'Brien,Z00129,flu shot,Medicaid,$373.44,Paid in Full,2024-05-19T19:15:21Z
EPIC_NORTH,E8121008,Lakeshore Gen Hosp,EN1000180,Jennifer,Patel,"Dec 17, 1948",F,54143,(262) 555-0110,02/04/2023,,Clinic Visit,1701079810,Dr. Linda Hall,R10.9,chest pain,Medicare - Part B,926.80,Paid in Full,2023-02-13T22:33:59Z
EPIC_NORTH,E4782581,St. Brendan Medical Center,EN1006213,Andrew,Martin,1996-07-04,M,53721,(920) 555-0151,2023-08-03,08/15/2023,inpatient admission,1642524775,"Hall, Sarah",J45901,"chest tightness, inhaler not helping",N/A,"USD 16,151.64",PAID,2023-08-19T17:54:27Z
EPIC_NORTH,E4923359,St. Brendan Medical Center,EN1003169,William,Kim,02/01/1947,M,54105,(608) 555-0197,2023-07-01,2023-07-01,Office Visit,1939494823,"Jackson, William",N18.6,swelling and reduced urine output,Medicare - Part B,1360.05,Closed - Paid,2023-07-18T06:38:34Z
EPIC_NORTH,E9515888,Lakeshore General Hospital,EN1000857,Joseph,Wright,06/09/1986,M,53202,(608) 555-0116,2024-10-12T00:00:00,10/16/2024,Inpatient,1452059979,Dr. Thomas Williams,N18.6,swelling and reduced urine output,BCBS,,Closed - Paid,2024-11-09T22:58:43Z
EPIC_NORTH,E6280176,Lakeshore General Hospital,EN1000940,Mark,Smith,4/24/1969,M,53191,(414) 555-0110,2023-05-10,2023-05-10,EMERGENCY DEPT,1871689760,"Walker, Ashley",N186,"missed dialysis session, feeling weak",IA Medicaid,"1,566.94 USD",Closed - Paid,2023-05-25T01:53:18Z
EPIC_NORTH,E8616228,lakeshore general hospital ,EN1000329,William,Harris,9/11/1967,M,54180,(414) 555-0153,2024-08-18,8/18/2024,Emergency,1871689760,"Walker, Ashley",J18.9,confusion and high fever,UnitedHealthcare,822.63,Paid,2024-09-01T21:40:01Z
EPIC_NORTH,E2467894,St Brendan Medical Center,EN1006143,James,Wright,1944-09-01,M,54388,(262) 555-0137,06/12/2024,06/16/2024,inpatient admission,1642524775,"Hall, Sarah",I21.9,palpitations and dizziness,MEDICARE PART A,"$71,484.60",Closed - Paid,2024-06-20T20:10:01Z
EPIC_NORTH,E8447299,Lakeshore General Hospital,EN1001521,Omar,Becker,1954-08-11,M,53173,(414) 555-0147,2023-11-17T00:00:00,,Office Visit,1452059979,"Williams, Thomas",J44.9,"COPD review, breathing stable",MCR,"1,100.00 USD",Paid,2023-11-23T15:26:36Z
EPIC_NORTH,E7127859,St. Brendan Medical Center,EN1004215,Priya,Patel,08/05/1951,F,53216,(414) 555-0191,"Dec 29, 2023",2023-12-30,Observation,1836016109,"Martinez, Michelle","N39.0 - Urinary tract infection, site not specified",burning on urination,UnitedHealthcare,"12,094.10 USD",PAID,2024-01-11T22:30:43Z
EPIC_NORTH,E3754203,Maple Grove Pediatrics,EN1005072,Karen,Novak,08/10/2012,F,54356,(608) 555-0188,08/03/2024,,OP,1895579906,"Davis, Thomas",R50.9,fever for two days,CIGNA HEALTH,$200.64,Closed - Paid,2024-08-07T18:16:52Z
EPIC_NORTH,E3531671,Lakeshore General Hospital,EN1003770,Rajesh,WAGNER,1973-09-17,M,53763,(262) 555-0108,10/01/2023,2023-10-01,Emergency,1447294053,Dr. Samuel Peterson,I10,hypertension follow-up,MEDICAID,"$8,595.29",Paid in Full,2023-10-11T04:26:25Z
EPIC_NORTH,E7066620,Lakeshore General Hospital,EN1007707,Laura,Larson,04/24/1972,F,52455,(319) 555-0113,2024-05-20,2024-05-20,Office Visit,1701079810,Dr. Linda Hall,i10,headache with elevated blood pressure,CIGNA HEALTH,$283.36,Paid,2024-05-23T12:32:34Z
EPIC_NORTH,E5615911,Saint Brendan Medical Center,EN1004139,Omar,O'Brien,"Feb 21, 1957",M,53156,(262) 555-0146,11/23/2024,12/1/2024,INPT,1682052588,Dr. James Wright,N186,kidney function review,Cigna,"19,403.04 USD",Pending,2024-12-12T01:07:41Z
EPIC_NORTH,E5359844,Saint Brendan Medical Center,EN1002064,Minh,Kim,7/26/1953,M,54193,(262) 555-0190,8/27/2024,2024-08-27,ED,1028382228,"Wilson, Chloe",S93.401A,head injury after a fall,Medicare,"$2,308.64",Closed - Paid,2024-09-19T13:40:59Z
EPIC_NORTH,E2294730,Lakeshore General Hospital,EN1007330,Noah,Hansen,1960-08-18,M,53213,(414) 555-0193,2/1/2023,02/10/2023,IP,1472671472,"King, Mei",I509,shortness of breath and leg swelling for several days,IA Medicaid,"9,457.53 USD",PAID,2023-02-26T01:46:59Z
EPIC_NORTH,E8128329,St. Brendan Medical Center,EN1008040,Brian,King,1976-09-25T00:00:00,M,53728,(414) 555-0194,2024-06-04T00:00:00,,Clinic Visit,1682052588,"Wright, James",I48.91,crushing chest pain spreading to left arm,UHC,$245.91,PAID,2024-06-10T23:17:04Z
EPIC_NORTH,E1145731,Maple Grove Pediatric Clinic,EN1004854,Joshua,Garcia-Lopez,2010-12-20T00:00:00,M,54381,(920) 555-0169,2023-12-21,,Clinic Visit,1895579906,Dr. Thomas Davis,J02.9,fever and cough,UHC,410.13,Paid,2024-01-03T09:47:59Z
EPIC_NORTH,E9597020,St. Brendan Medical Center,EN1006706,Thomas,White,1980-10-13,M,53104,(608) 555-0180,11/14/2024,2024-11-21,IP,1129110288,"Jensen, Susan",E1165,numbness in both feet,State Medicaid Plan,"USD 68,279.87",Paid,2024-12-03T23:13:08Z
EPIC_NORTH,E2800814,St Brendan Medical Center,EN1007053,James,Davis,05/23/1967,M,54146,(920) 555-0192,"Mar 14, 2024",2024-03-14T00:00:00,ED,1860320807,"Schultz, Rebecca",S93.401A,twisted ankle playing basketball,CIGNA HEALTH,$1.50K,Closed - Paid,2024-03-19T00:21:58Z
EPIC_NORTH,E4101067,Lakeshore General Hospital,EN1006587,PRIYA,MOORE,1948-10-04,F,54391,(920) 555-0128,2024-11-21,2024-11-21,Emergency,1447294053,"Peterson, Samuel",I10,headache with elevated blood pressure,AETNA INC,$676.62,VOIDED,2024-11-23T13:38:12Z
EPIC_NORTH,E7537020,Lakeshore General,EN1006878,Priya,Wilson,1933-07-28,F,53222,(920) 555-0103,07/14/2023,"Jul 14, 2023",OBS,1787680457,"Moore, Lisa",N390,confusion and high fever,Medicare,"$15,616.19",Paid,2023-08-06T19:35:33Z
EPIC_NORTH,E4751500,Maple Grove Pediatrics,EN1001631,Jacob,Schmidt,2013-12-18,M,53296,(920) 555-0122,08/25/2024,,Outpatient,1410646008,"Hernandez, Matthew",R50.9,abdominal pain since morning,BadgerCare Plus,"$1,237.95",Paid,2024-09-06T11:20:17Z
EPIC_NORTH,E2560358,Lakeshore General Hospital,EN1000725,Matthew,Taylor,12/22/1965,M,53110,(414) 555-0100,2023-09-25,09/25/2023,OP,1701079810,"Hall, Linda",n18.4,"missed dialysis session, feeling weak",CIGNA HEALTH,429.15,Rejected,2023-10-20T05:29:19Z
EPIC_NORTH,E6794694,St. Brendan Medical Center,EN1004215,Priya,Patel,08/05/1951,F,53216,(414) 555-0191,2023-04-04,2023-04-05,OBS,1642524775,Dr. Sarah Hall,E11.65,diabetic follow-up and medication refill,Aetna,"USD 3,226.32",Paid in Full,2023-04-30T20:00:40Z
EPIC_NORTH,E1025018,Lakeshore General Hospital,EN1002304,Emily,Van Dyke,1947-11-25,F,54186,(262) 555-0164,07/23/2024,2024-07-23,ED,1871689760,"Walker, Ashley",R51.9,chest pain,MCR,"$3,331.40",Paid,2024-07-26T07:19:13Z
EPIC_NORTH,E5705434,Maple Grove Pediatrics,EN1005926,Sarah,Hansen,2014-03-05,F,53733,(920) 555-0141,6/10/2023,,Office Visit,1541465906,"Johnson, Samuel","J06.9 - Acute upper respiratory infection, unspecified",cold symptoms for a week,Medicaid,"$2,349.63",Paid in Full,2023-06-28T22:35:13Z
EPIC_NORTH,E7325841,St. Brendan Medical Center,EN1005207,Sandra,Peterson,01/09/1934,F,54176,(262) 555-0138,2024-02-21,2024-02-21,Emergency,1028382228,"Wilson, Chloe",R07.9,chest pain,Medicare,"USD 4,468.37",PAID,2024-02-25T16:10:27Z
EPIC_NORTH,E3149786,St. Brendan's Medical Center,EN1000115,Ashley,Taylor,1973-05-30,F,53201,(920) 555-0149,2023-12-01,2023-12-02T00:00:00,Emergency,1229836956,"Nelson, Joshua",S060X0A,"fell on outstretched hand, wrist pain",Blue Cross Blue Shield,"$4,000.25",Closed - Paid,2023-12-26T18:37:48Z
EPIC_NORTH,E4852833,Lakeshore General Hospital,EN1000535,Laura,Nguyen,8/15/1976,F,53124,(608) 555-0197,2024-10-06,2024-10-10,Inpatient,1701079810,Dr. Linda Hall,A41.9,cold symptoms for a week,Cigna,10150.58,Closed - Paid,2024-10-30T23:23:53Z
EPIC_NORTH,E7173964,lakeshore general hospital ,EN1003312,Emily,Olson,2006-04-09,F,53256,(920) 555-0152,04/21/2023,2023-04-21,OP,1452059979,Dr. Thomas Williams,Z23 - Encounter for immunization,flu shot,UnitedHealthcare,"USD 1,397.10",DENIED,2023-05-10T13:33:54Z
EPIC_NORTH,E8207596,Saint Brendan Medical Center,EN1005481,Laura,Mueller,1975-01-05,F,53751,(414) 555-0191,04/20/2024,2024-04-21,inpatient admission,1642524775,Dr. Sarah Hall,I50.22 - Chronic systolic (congestive) heart failure,"unable to lie flat at night, ankle edema",BCBS,"$14,456.48",Paid in Full,2024-04-23T19:16:45Z
EPIC_NORTH,E1008942,Lakeshore General Hospital,EN1004371,Katherine,Harris,1/22/1960,F,53106,(920) 555-0135,2024-10-28,2024-10-28,Clinic Visit,1440029787,Dr. Olivia Young,R10.9,severe headache,UnitedHealthcare,512.47,Void,2024-11-21T10:29:37Z
EPIC_NORTH,E4936286,LAKESHORE GENERAL HOSPITAL,EN1004100,Sandra,Johnson,1985-08-01,F,53169,(920) 555-0141,2024-11-20,2024-11-20T00:00:00,ER,1447294053,Dr. Samuel Peterson,J44.1,"short of breath, using rescue inhaler more often",Cigna,"$1,737.07",PAID,2024-12-15T15:21:12Z
EPIC_NORTH,E8496382,Lakeshore General Hospital,EN1002157,Ana,Jones,2/26/1973,F,54161,(414) 555-0199,2024-06-01T00:00:00,,Office Visit,1472671472,"King, Mei",Z23,annual physical,UHC,$703.46,PAID,2024-06-04T02:02:46Z
EPIC_NORTH,E5874244,Lakeshore General Hospital,EN1003602,Olivia,Mueller,11/20/1969,F,54123,(414) 555-0182,12/08/2023,12/10/2023,Obs Stay,1536455680,"Kowalski, Noah",I48.91,crushing chest pain spreading to left arm,UHC,$8.36K,Closed - Paid,2023-12-11T22:06:03Z
EPIC_NORTH,E9571877,Lakeshore General Hospital,EN1000270,Noah,Jackson,12/26/1983,M,54398,(920) 555-0193,2023-09-29,10/1/2023,Obs Stay,1472671472,"King, Mei",n39.0,sore throat and fever,Cigna,"$8,310.26  ",Paid in Full,2023-10-22T15:56:13Z
EPIC_NORTH,E8873463,Lakeshore General Hospital,EN1003941,Mary,Martin,2/25/1974,F,54113,(262) 555-0176,2024-02-25,2/27/2024,OBS,1139986982,"Schmidt, Anthony", R10.9 ,fever for two days,UnitedHealthcare,"$17,057.54",PAID,2024-03-19T03:42:55Z
EPIC_NORTH,E3751169,St. Brendan Medical Center,EN1001983,Michelle,LARSON,2/2/1944,F,53736,(608) 555-0163,2023-10-03,2023-10-04,ED,1860320807,"Schultz, Rebecca",J44.1,increased cough and wheezing,Medicare - Part B,"$3,735.57",Closed - Paid,2023-10-16T21:11:57Z
EPIC_NORTH,E2920156,Lakeshore General Hospital,EN1000086,Joshua,Jensen,1962-07-23T00:00:00,M,54121,(608) 555-0163,5/7/2023,2023-05-08,Obs Stay,1440029787,"Young, Olivia",i48.91,palpitations and dizziness,Blue Cross Blue Shield,"$17,146.11",Closed - Paid,2023-06-02T17:53:17Z
EPIC_NORTH,E8441275,Maple Grove Pediatrics ,EN1000447,Olivia,Clark,2009-06-29T00:00:00,F,54359,(414) 555-0177,2023-12-22,2023-12-22,Clinic Visit,1410646008,"Hernandez, Matthew",Z23,annual physical,BCBS,$162.02,PAID,2024-01-09T10:09:26Z
EPIC_NORTH,E1072561,Maple Grove Pediatrics,EN1007939,Patricia,Johnson,"Aug 27, 2006",F,54163,(414) 555-0197,01/06/2024,,Outpatient,1895579906,Dr. Thomas Davis,J06.9,sore throat and fever,UHC,685.14,PAID,2024-01-28T20:08:56Z
EPIC_NORTH,E1627041,St. Brendan Medical Center,EN1002778,James,Becker,1964-04-20,M,53772,(608) 555-0144,05/04/2023,05/05/2023,ER,1860320807,"Schultz, Rebecca",N39.0,burning on urination,Medicaid,$2.85K,Paid in Full,2023-05-19T18:50:32Z
EPIC_NORTH,E2653133,Lakeshore General Hospital,EN1003227,Omar,Brown,11/15/1962,M,54157,(262) 555-0102,07/20/2023,07/24/2023,Inpatient,1778486484,"Thomas, Emily",A419,fever and cough,UHC,32465.77,Closed - Paid,2023-07-31T21:03:03Z
EPIC_NORTH,E9176645,Lakeshore General Hospital,EN1000828,Laura,Wilson,"Nov 25, 1947",F,53170,(414) 555-0117,03/06/2024,"Mar 14, 2024",Inpatient,1472671472,Dr. Mei King,I10,headache with elevated blood pressure,MEDICARE PART A,9872.48,Paid in Full,2024-03-15T03:17:25Z
EPIC_NORTH,E5970796,Saint Brendan Medical Center,EN1007965,Fatima,Anderson,1970-02-22T00:00:00,F,53753,(414) 555-0170,03/20/2023,,OP,1771884131,Dr. Karen Thompson,E11.22,confusion with very high glucose,Blue Cross Blue Shield,$139.23,PAID,2023-04-01T06:00:50Z
EPIC_NORTH,E4537574,Lakeshore General Hospital,EN1006865,Ana,White,"Dec 13, 1986",F,53738,(920) 555-0123,2024-09-24T00:00:00,09/24/2024,ED,1871689760,"Walker, Ashley",N39.0,sore throat and fever,Aetna,"$2,045.27",Paid,2024-10-12T09:16:09Z
EPIC_NORTH,E8656307,St. Brendan Medical Center,EN1002268,Luis,Van Dyke,11/19/1956,M,53101,(262) 555-0140,04/07/2024,,Out Patient,1642524775,Dr. Sarah Hall,N18.4,swelling and reduced urine output,Blue Cross Blue Shield,$ 826.82,Rejected,2024-04-08T18:45:11Z
EPIC_NORTH,E8101402,Lakeshore General Hospital,EN1001459,Linda,Walker,1960-06-08T00:00:00,F,53161,(920) 555-0157,2023-03-22,2023-03-28,Inpatient,1778486484,Dr. Emily Thomas,I639,slurred speech and facial droop,UHC,"$55,402.58",Closed - Paid,2023-03-29T09:58:14Z
EPIC_NORTH,E5467506,Lakeshore Gen Hosp,EN1007330,Noah,Hansen,1960-08-18T00:00:00,M,53213,(414) 555-0193,"Oct 8, 2024",10/8/2024,Office Visit,1984162291,"Hansen, Brian",I50.22,shortness of breath and leg swelling for several days,MEDICAID,$216.92,Closed - Paid,2024-10-16T09:54:49Z
EPIC_NORTH,E7629632,ST BRENDAN MED CTR,EN1005406,Michael,Kowalski,1973-01-01,M,54128,(608) 555-0132,05/17/2023,2023-05-27,IP,1771884131,"Thompson, Karen",J441,increased cough and wheezing,Cigna,$ 11318.82,Paid in Full,2023-06-16T13:25:20Z
EPIC_NORTH,E5244981,Maple Grove Pediatric Clinic,EN1006915,Robert,Schultz,2011-09-25,M,53750,(920) 555-0170,2023-02-26,2023-02-26T00:00:00,Video Visit,1541465906,"Johnson, Samuel", R50.9 ,severe headache,Blue Cross Blue Shield,$75.21,Paid in Full,2023-03-02T03:18:26Z
EPIC_NORTH,E3969962,Maple Grove Pediatrics,EN1002129,Grace,Wright,2014-06-28T00:00:00,F,53226,(262) 555-0130,"Apr 24, 2024",,OP,1410646008,"Hernandez, Matthew",Z00.129,flu shot,State Medicaid Plan,593.44,PAID,2024-05-11T03:10:02Z
EPIC_NORTH,E1536793,Lakeshore General Hospital,EN1005963,Katherine,Wagner,11/25/1954,F,54145,(608) 555-0156,02/21/2024,2024-02-23,OBS,NPI-178768,Dr. Lisa Moore,I50.9,shortness of breath and leg swelling for several days,Medicare,"$3,827.88",Paid in Full,2024-03-09T09:47:46Z
EPIC_NORTH,E9686925,Lakeshore General Hospital,EN1004669,Maria,Wagner,1938-01-27,F,53233,(262) 555-0126,2023-08-21,"Aug 21, 2023",Outpatient,1472671472,"King, Mei",z23,flu shot,Medicare,689.02,Closed - Paid,2023-09-03T13:03:04Z
EPIC_NORTH,E9428944,St Brendan Medical Center,EN1008482,Rajesh,Mueller,11/21/1989,M,53718,(414) 555-0163,2023-03-24,03/25/2023,Emergency Room,1860320807,Dr. Rebecca Schultz,R07.9,severe headache,AETNA INC,"$3,499.85",Closed - Paid,2023-04-02T05:49:22Z
EPIC_NORTH,E3087266,St. Brendan Medical Center,EN1006483,Daniel,Novak,1977-05-25,M,54131,(414) 555-0133,"Mar 15, 2023",03/16/2023,IN-PATIENT,1642524775,"Hall, Sarah",I50.9,"worsening breathlessness on exertion, weight up 3 kg",UHC,"USD 26,342.03",Paid,2023-03-18T15:43:49Z
EPIC_NORTH,E6779430,St. Brendan Medical Center,EN1004320,Mei,White,1961-06-14,F,53152,(608) 555-0195,01/28/2023,2023-02-03,IN-PATIENT,1642524775,"Hall, Sarah",J44.1,increased cough and wheezing,BCBS,44543.47,Rejected,2023-02-23T18:15:17Z
EPIC_NORTH,E8683443,Maple Grove Pediatrics,EN1005599,Katherine,Moore,2011-11-14,F,54345,(262) 555-0194,10/27/2024,"Oct 27, 2024",Outpatient,1410646008,"Hernandez, Matthew",Z23,well child visit,BadgerCare Plus,$179.25,Paid,2024-11-03T03:19:39Z
EPIC_NORTH,E4062864,Maple Grove Pediatrics ,EN1008387,Ryan,Moore,06/16/2011,M,53126,(608) 555-0184,7/16/2023,,Office Visit,1410646008,Dr. Matthew Hernandez,J06.9,cold symptoms for a week,MEDICAID,$1.75K,Paid,2023-07-27T05:47:11Z
EPIC_NORTH,E5696818,Lakeshore General,EN1001432,Aaron,Van Dyke,1971-05-29,M,53788,(920) 555-0127,2023-08-24,2023-08-27,IN-PATIENT,1536455680,"Kowalski, Noah",J441,"COPD review, breathing stable",Aetna,"$90,228.97",PAID,2023-09-20T09:48:03Z
EPIC_NORTH,E3509297,Lakeshore General,EN1008035,Hannah,Nguyen,2/2/1943,F,53110,(920) 555-0137,2024-04-17,04/17/2024,EMERGENCY DEPT,1809320819,"Nguyen, Chloe",J44.1,productive cough with low oxygen readings at home,Medicare,"$5,255.43",Paid,2024-04-19T08:47:56Z
EPIC_NORTH,E5258747,St. Brendan Medical Center,EN1004916,Elizabeth,Williams,1979-02-24,F,53272,(414) 555-0186,07/01/2023,2023-07-09,INPT,1771884131,"Thompson, Karen",E11.65,confusion with very high glucose,Cigna,"$78,364.06",Closed - Paid,2023-07-29T07:50:15Z
EPIC_NORTH,E2763641,lakeshore general hospital ,EN1004907,Margaret,Becker,1970-07-01,F,54336,(262) 555-0130,2023-07-31,07/31/2023,Office Visit,1787680457,Dr. Lisa Moore,I10,headache with elevated blood pressure,Medicare - Part B,"$1,438.81",Paid,2023-08-14T14:45:22Z
EPIC_NORTH,E4054325,lakeshore general hospital ,EN1001726,Omar,Thompson,1971-03-19,M,54393,(920) 555-0119,2024-08-27,09/05/2024,IP,1472671472,"Olson, Mei",I10,hypertension follow-up,CIGNA HEALTH,$ 13446.69,Paid in Full,2024-09-24T17:14:34Z
EPIC_NORTH,E2719692,ST BRENDAN MED CTR,EN1000570,Linda,Kowalski,3/6/1972,F,54152,(262) 555-0169,"May 27, 2023",5/27/2023,Clinic Visit,1771884131,Dr. Karen Thompson,M54.50,knee pain worse on stairs,Aetna,2308.16,Paid,2023-06-05T01:05:49Z
EPIC_NORTH,E8522417,St. Brendan Medical Center,EN1007184,William L,Nguyen,1962-07-08,M,52407,(319) 555-0183,2023-06-23,2023-06-24,IN-PATIENT,1836016109,"Martinez, Michelle",J44.1,increased cough and wheezing,Medicaid,"$10,429.25  ",Paid,2023-06-27T15:00:36Z
EPIC_NORTH,E7250964,Lakeshore General Hospital,EN1002361,Sarah,Walker,9/29/1989,F,53169,(262) 555-0186,09/04/2023,09/04/2023,ER,1871689760,Dr. Ashley Walker, J18.9 ,burning on urination,AETNA INC,"$2,603.77",Closed - Paid,2023-09-25T04:34:19Z
EPIC_NORTH,E7071468,St. Brendan's Medical Center,EN1000007,Susan,Johnson,12/17/1931,F,54118,(262) 555-0136,2024-01-22,2024-02-01T00:00:00,IN-PATIENT,1682052588,"Wright, James",I63.9,slurred speech and facial droop,MEDICARE PART A,"39,510.80 USD",Paid in Full,2024-02-05T09:44:59Z
EPIC_NORTH,E4179156,St. Brendan Medical Center,EN1008091,Fatima,Peterson,2005-12-07,F,54356,(262) 555-0124,2023-10-14,10/14/2023,Emergency Room,1229836956,"Nelson, Joshua","N39.0 - Urinary tract infection, site not specified",fever and cough,Uninsured,"$3,401.53",PAID,2023-10-28T14:51:42Z
EPIC_NORTH,E4591487,St. Brendan Medical Center,EN1001629,Sandra,Jackson,1961-06-24,F,53736,(608) 555-0170,2024-01-16,2024-01-23,inpatient admission,1836016109,"Martinez, Michelle",N179,"very little urine output, nausea",State Medicaid Plan,$ 45561.74,Closed - Paid,2024-01-25T14:56:01Z
EPIC_NORTH,E7869431,Lakeshore General Hospital,EN1004371,Katherine,Harris,1/22/1960,F,53106,(920) 555-0135,10/20/2023,10/20/2023,ER,1809320819,"Nguyen, Chloe",E11.65,confusion with very high glucose,Blue Cross Blue Shield,"$2,211.91  ",Closed - Paid,2023-11-02T17:36:51Z
EPIC_NORTH,E3377126,St. Brendan Medical Center,EN1006706,Thomas,White,1980-10-13,M,53104,(608) 555-0180,2024-09-16,2024-09-16,ED,1028382228,Dr. Chloe Wilson,I50.9,"worsening breathlessness on exertion, weight up 3 kg",MEDICAID,"$4,613.14",Rejected,2024-10-08T05:53:45Z
EPIC_NORTH,E7441258,St. Brendan's Medical Center,EN1004884,Joshua,Jones,1969-05-22,M,53118,(262) 555-0112,09/21/2023,2023-09-22,Obs Stay,1008754750,Dr. Katherine Hoffman,R07.9,severe headache,Blue Cross Blue Shield,"$4,628.43",Closed - Paid,2023-10-10T17:29:12Z
EPIC_NORTH,E7863594,Lakeshore General,EN1001038,Ethan,Johnson,1966-11-05,M,53280,(920) 555-0178,06/05/2024,06/14/2024,Inpatient,1440029787,Dr. Olivia Young,N18.6,dialysis follow-up,Aetna,"$60,402.92",Closed - Paid,2024-06-16T04:49:18Z
EPIC_NORTH,E1348191,Lakeshore Gen Hosp,EN1005831,Richard,King,1987-07-12,M,53747,(608) 555-0148,2024-09-02T00:00:00,2024-09-12,IN-PATIENT,1552182481,Dr. Nancy Kowalski,I10,headache with elevated blood pressure,BCBS,"$87,256.60  ",Paid,2024-09-18T11:01:07Z
EPIC_NORTH,E2746819,Lakeshore General Hospital,EN1008114,James,Kim,"Aug 9, 1961",M,54110,(920) 555-0170,2023-09-27,09/27/2023,Clinic Visit,,"Thomas, Emily",I50.22,"unable to lie flat at night, ankle edema",Blue Cross Blue Shield,USD 333.00,Closed - Paid,2023-10-21T15:06:33Z
EPIC_NORTH,E1327734,Lakeshore General Hospital,EN1001521,Omar,Becker,1954-08-11,M,53173,(414) 555-0147,06/06/2023,06/07/2023,OBS,1139986982,Dr. Anthony Schmidt,J441,"short of breath, using rescue inhaler more often",MCR,$6.34K,Paid in Full,2023-06-16T07:20:41Z
EPIC_NORTH,E6962209,St. Brendan Medical Center,EN1003582,Karen,Novak,1978-12-04,F,53282,(262) 555-0151,10/30/2024,2024-10-30T00:00:00,EMERGENCY DEPT,1229836956,Dr. Joshua Nelson,"S93.401A - Sprain of unspecified ligament of right ankle, initial encounter",twisted ankle playing basketball,CIGNA HEALTH,"2,352.66 USD",Paid,2024-11-02T13:37:54Z
EPIC_NORTH,E9004018,Lakeshore General Hospital,EN1005424,Ryan,Nguyen,10/03/1991,M,53702,(262) 555-0109,2024-03-28,"Mar 28, 2024",,1778486484,"Thomas, Emily",m54.50,knee pain worse on stairs,Medicare - Part B,$777.88,DENIED,2024-04-17T13:02:26Z
EPIC_NORTH,E2271696,Maple Grove Pediatric Clinic,EN1000474,Linda,Van Dyke,"Oct 14, 2006",F,54106,(262) 555-0116,8/2/2023,8/2/2023,TELEMED,1895579906,Dr. Thomas Davis,"R50.9 - Fever, unspecified",abdominal pain since morning,State Medicaid Plan,94.99,PAID,2023-08-04T04:28:31Z
EPIC_NORTH,E3841839,St. Brendan Medical Center,EN1006312,Hannah,Mueller,1991-08-03,F,54142,(262) 555-0107,09/30/2024,09/30/2024,Office Visit,1642524775,"Hall, Sarah",J45.909,wheezing at night,CIGNA HEALTH,$358.46,Paid in Full,2024-10-25T22:49:23Z
EPIC_NORTH,E8982459,St. Brendan Medical Center,EN1000144,THOMAS,WALKER,1/25/1963,M,52482,(563) 555-0159,2/14/2024,2024-02-24,IP,1008754750,"Hoffman, Katherine",A41.9,cold symptoms for a week,State Medicaid Plan,94163.72,Closed - Paid,2024-03-16T23:10:37Z
EPIC_NORTH,E9832623,Maple Grove Pediatrics ,EN1002449,Daniel,Williams,"Aug 20, 2020",M,53794,(608) 555-0163,2024-02-29,2024-02-29,OP,1615846452,"O'Brien, Nancy",J029,cold symptoms for a week,BCBS,"$1,896.35",DENIED,2024-03-02T08:05:38Z
EPIC_NORTH,E3100190,Saint Brendan Medical Center,EN1005728,Patricia,Harris,11/23/1971,F,53726,(920) 555-0116,2023-12-05T00:00:00,,Out Patient,1682052588,"Wright, James",Z23 - Encounter for immunization,well child visit,Cigna,1643.25,PAID,2023-12-27T06:29:04Z
EPIC_NORTH,E7507756,St. Brendan Medical Center,EN1007856,Ashley,Novak,1945-07-15,F,54127,(262) 555-0199,2023-05-21,05/21/2023,EMERGENCY DEPT,1028382228,Dr. Chloe Wilson,N18.6,"missed dialysis session, feeling weak",Medicare,"$6,815.92",DENIED,2023-05-22T12:21:59Z
EPIC_NORTH,E6420046,St. Brendan's Medical Center,EN1004139,Omar,O'Brien,02/21/1957,M,53156,(262) 555-0146,2/12/2023,2023-02-19T00:00:00,inpatient admission,1105218543,Dr. Tyler Young,N18.6,swelling and reduced urine output,BCBS,74881.19,Paid,2023-02-27T17:06:18Z
EPIC_NORTH,E6267788,Lakeshore General Hospital,EN1004371,Katherine,Harris,01/22/1960,F,53106,(920) 555-0135,11/21/2023,"Dec 1, 2023",INPT,1472671472,"King, Mei",n18.6,kidney function review,CIGNA HEALTH,"$13,745.16",PAID,2023-12-16T00:05:54Z
EPIC_NORTH,E5640774,Saint Brendan Medical Center,EN1003901,Carlos,Smith,1984-03-30,M,54149,(608) 555-0152,2024-06-28,"Jun 28, 2024",Emergency Room,1229836956,"Nelson, Joshua",J44.1,productive cough with low oxygen readings at home,Blue Cross Blue Shield,"$6,659.52",PAID,2024-07-15T22:00:14Z
EPIC_NORTH,E9934961,Lakeshore General Hospital,EN1000477,Rajesh,Jones,5/17/1988,M,54194,(920) 555-0104,2024-09-03,2024-09-11,inpatient admission,1472671472,Dr. Mei Olson,I509,"heart failure follow-up, fluid tablets review",UHC,"35,937.16 USD",DENIED,2024-09-12T12:42:28Z
EPIC_NORTH,E5249009,St Brendan Medical Center,EN1007511,Minh,Nguyen,1990-08-02,M,54343,(608) 555-0107,09/24/2023,09/27/2023,IP,1008754750,Dr. Katherine Hoffman,A41.9,cold symptoms for a week,TRICARE,"$31,206.10  ",Rejected,2023-10-22T15:26:34Z
EPIC_NORTH,E5584137,Lakeshore General Hospital,EN1006878,Priya,Wilson,1933-07-28T00:00:00,F,53222,(920) 555-0103,2023-05-30,2023-05-30,EMERGENCY DEPT,1447294053,"Peterson, Samuel",R10.9 - Unspecified abdominal pain,chest pain,MCR,754.89,Paid in Full,2023-06-21T22:50:18Z
EPIC_NORTH,E9349968,Lakeshore General,EN1001459,Linda,Walker,1960-06-08,F,53161,(920) 555-0157,2024-05-23,2024-05-23T00:00:00,ER,1447294053,Dr. Samuel Peterson,R07.9,severe headache,BCBS,1051.31,PAID,2024-05-30T05:58:52Z
EPIC_NORTH,E1947725,Saint Brendan Medical Center,EN1000986,JACOB,CLARK,08/11/1964,M,52402,(319) 555-0173,"Jul 24, 2023",08/02/2023,IP,1008754750,"Hoffman, Katherine",E11.65,high blood sugar readings at home,BCBS,61755.94,Paid in Full,2023-08-24T10:04:05Z
EPIC_NORTH,E3462441,Lakeshore General Hospital,EN1004606,Tyler,Garcia-Lopez,1975-08-01,M,53276,(920) 555-0199,11/28/2023,12/05/2023,INPT,1536455680,Dr. Noah Kowalski,A41.9,sore throat and fever,AETNA INC,"$17,266.43",DENIED,2023-12-10T10:58:32Z
EPIC_NORTH,E6059212,St. Brendan Medical Center,EN1005481,Laura,Mueller,1975-01-05,F,53751,(414) 555-0191,"Dec 30, 2023",,OP,1771884131,Dr. Karen Thompson,I48.91,palpitations and dizziness,UnitedHealthcare,"USD 1,223.77",Closed - Paid,2024-01-11T01:48:42Z
EPIC_NORTH,E7277980,St. Brendan's Medical Center,EN1006706,Thomas,White,1980-10-13,M,53104,(608) 555-0180,05/17/2023,05/24/2023,INPT,1642524775,Dr. Sarah Hall,I50.9,"heart failure follow-up, fluid tablets review",IA Medicaid,48118.82,PAID,2023-06-16T13:22:22Z
EPIC_NORTH,E1551173,Lakeshore General Hospital,EN1005268,Joseph,Hoffman,1983-12-28,M,54120,(414) 555-0151,"Jan 9, 2023",,Office Visit,1778486484,"Thomas, Emily",Z00.00,flu shot,CIGNA HEALTH,"USD 1,670.05",Closed - Paid,2023-01-19T06:27:40Z
EPIC_NORTH,E2855509,Lakeshore General Hospital,EN1001302,Chloe,Thompson,"Feb 22, 1968",F,53293,(262) 555-0127,2024-02-17,02/20/2024,IP,1778486484,Dr. Emily Thomas,E11.65,diabetic follow-up and medication refill,BCBS,"USD 19,492.99",Paid in Full,2024-03-15T04:54:37Z
EPIC_NORTH,E3913864,St. Brendan Medical Center,EN1008447,Emily,Davis,"Sep 3, 1970",F,53160,(414) 555-0133,2024-09-22,2024-09-29,IN-PATIENT,1836016109,"Schmidt, Michelle",A419,burning on urination,UnitedHealthcare,"$31,728.25  ",Paid,2024-10-04T15:40:28Z
EPIC_NORTH,E2885288,Lakeshore General Hospital,EN1004100,Sandra,Johnson,1985-08-01,F,53169,(920) 555-0141,2023-03-13,2023-03-21,INPT,1452059979,Dr. Thomas Williams,J44.1 - Chronic obstructive pulmonary disease with (acute) exacerbation,increased cough and wheezing,Aetna,"$72,852.99",VOIDED,2023-04-04T07:44:32Z
EPIC_NORTH,E2107082,ST BRENDAN MED CTR,EN1003545,William,Williams,1986-11-03T00:00:00,M,52445,(319) 555-0181,2024-09-29,2024-09-29T00:00:00,EMERGENCY DEPT,1028382228,Dr. Chloe Wilson,N18.6,swelling and reduced urine output,UHC,5454.53,Closed - Paid,2024-10-23T08:03:19Z
EPIC_NORTH,E3214356,lakeshore general hospital ,EN1004845,Sofia,Garcia-Lopez,8/16/1991,F,54354,(414) 555-0106,"Apr 9, 2024",2024-04-09,ER,1447294053,Dr. Samuel Peterson,S93.401A,"fell on outstretched hand, wrist pain",Cigna,$4.57K,Denied,2024-04-20T22:46:37Z
EPIC_NORTH,E6546795,Lakeshore General Hospital,EN1000332,Ana,Wright,1960-04-30,F,54312,(414) 555-0124,2023-03-03,2023-03-11T00:00:00,IN-PATIENT,1139986982,"Schmidt, Anthony",J18.9,cold symptoms for a week,AETNA INC,"$26,498.12",Closed - Paid,2023-03-17T13:22:53Z
EPIC_NORTH,E9137490,Lakeshore General Hospital,EN1000932,Maria,Anderson,1961-03-09,F,53249,(414) 555-0105,2023-09-26,"Sep 26, 2023",ED,1311592129,,E11.65,diabetic follow-up and medication refill,Aetna,5297.31,Paid,2023-10-18T16:25:14Z
EPIC_NORTH,E3627101,St. Brendan Medical Center,EN1006548,Kevin,Wagner,03/17/1987,M,53254,(262) 555-0114,"Oct 17, 2023",10/19/2023,OBS,1642524775,"Hall, Sarah",E11.65,numbness in both feet,Aetna,$4.53K,Rejected,2023-11-01T17:57:19Z
EPIC_NORTH,E9419659,Saint Brendan Medical Center,EN1002828,Jessica,Wagner,2/15/1944,F,54348,(262) 555-0121,2024-10-14,2024-10-18T00:00:00,IP,1105218543,Dr. Tyler Young, I50.22 ,"worsening breathlessness on exertion, weight up 3 kg",Medicare,54024.11,Closed - Paid,2024-10-30T10:20:32Z
EPIC_NORTH,E9700345,Lakeshore General Hospital,EN1004770,Sandra,Schultz,1959-06-05,F,53209,(608) 555-0172,"Nov 9, 2024",11/09/2024,EMERGENCY DEPT,1871689760,Dr. Ashley Walker,S06.0X0A,"fell on outstretched hand, wrist pain",MCR,$643.61,PAID,2024-11-21T00:23:57Z
EPIC_NORTH,E5906596,Lakeshore General Hospital,EN1003889,Carlos,Harris,12/11/1946,M,53154,(262) 555-0124,01/22/2023,2023-01-24,IN-PATIENT,1139986982,Dr. Anthony Schmidt, I63.9 ,slurred speech and facial droop,Medicare - Part B,"$52,842.28",Closed - Paid,2023-02-06T08:20:14Z
EPIC_NORTH,E1112042,Lakeshore General Hospital,EN1006333,Ryan,Schultz,06/01/1959,M,54174,(262) 555-0181,05/03/2024,05/14/2024,inpatient admission,1787680457,"Moore, Lisa",I50.9,"heart failure follow-up, fluid tablets review",AETNA INC,"28,116.38 USD",Closed - Paid,2024-06-06T02:55:56Z
EPIC_NORTH,E3661689,Lakeshore General Hospital,EN1000940,Mark,Smith,"Apr 24, 1969",M,53191,(414) 555-0110,2024-09-09,09/11/2024,Obs Stay,1778486484,"Thomas, Emily",N18.6,"missed dialysis session, feeling weak",IA Medicaid,"$3,076.56",Paid,2024-09-14T19:49:40Z
EPIC_NORTH,E4903470,Lakeshore General,EN1005488,Joshua,Brown,"Aug 31, 2000",M,53201,(262) 555-0136,01/08/2023,2023-01-19,IP,1787680457,"Moore, Lisa",J45.901,asthma flare after a cold,TRICARE,,PAID,2023-01-21T17:38:44Z
EPIC_NORTH,E7810269,Lakeshore General Hospital,EN1001947,Patricia,Nelson,12/09/1964,F,54183,(920) 555-0145,"Jun 24, 2024","Jun 29, 2024",IP,1778486484,"Thomas, Emily",I50.22,"unable to lie flat at night, ankle edema",AETNA INC,"$91,831.57  ",Closed - Paid,2024-07-08T16:49:21Z
EPIC_NORTH,E2303548,lakeshore general hospital ,EN1008625,Ana,Brown,"Nov 15, 1947",F,53157,(262) 555-0104,09/22/2024,9/22/2024,Obs Stay,1139986982,"Schmidt, Anthony",N39.0,confusion and high fever,MCR,"$5,058.26",Paid in Full,2024-09-24T08:16:14Z
EPIC_NORTH,E7586435,St. Brendan Medical Center,EN1004480,Brian,Martinez,1988-03-29,M,54318,(262) 555-0177,2024-07-08,2024-07-09,OBS,1771884131,Dr. Karen Thompson,R10.9,fever for two days,BCBS,16253.87,Paid,2024-08-02T13:55:07Z
EPIC_NORTH,E7970001,ST BRENDAN MED CTR,EN1006280,Mei,Young,1964-11-12,F,53276,(262) 555-0149,2023-03-22,2023-03-22,Emergency,1860320807,Dr. Rebecca Schultz,J44.1,"COPD review, breathing stable",SELFPAY,USD 857.35,Closed - Paid,2023-03-29T16:03:25Z
EPIC_NORTH,E3291291,MAPLE GROVE PEDS,EN1005683,Daniel,Thomas,2023-02-09,M,53275,(920) 555-0181,08/13/2024,,Telehealth,1541465906,Dr. Samuel Johnson,R509,severe headache,Blue Cross Blue Shield,$336.32,Paid in Full,2024-09-03T21:58:24Z
EPIC_NORTH,E4608439,Lakeshore General Hospital,EN1000932,Maria,Anderson,1961-03-09,F,53249,(414) 555-0105,11/16/2023,11/16/2023,ED,1871689760,Dr. Ashley Walker,J18.9,sore throat and fever,CIGNA HEALTH,$709.30,Paid,2023-11-17T13:57:44Z
EPIC_NORTH,E8006052,LAKESHORE GENERAL HOSPITAL,EN1006637,Sandra,Wright,05/19/1980,F,54181,(262) 555-0145,"Feb 23, 2023",02/23/2023,EMERGENCY DEPT,1871689760,"Walker, Ashley",I50.9,"worsening breathlessness on exertion, weight up 3 kg",,1389.53,Closed - Paid,2023-03-14T14:42:18Z
EPIC_NORTH,E7492813,Maple Grove Pediatrics ,EN1001518,Paul,King,03/01/2007,M,53134,(920) 555-0135,07/17/2023,,Clinic Visit,1410646008,"Hernandez, Matthew",J06.9,burning on urination,Workers Comp,USD 176.69,Closed - Paid,2023-07-21T22:10:00Z
EPIC_NORTH,E2303199,St. Brendan Medical Center,EN1000007,Susan,Johnson,"Dec 17, 1931",F,54118,(262) 555-0136,05/19/2024,2024-05-20,EMERGENCY DEPT,1229836956,"Nelson, Joshua",R07.9,abdominal pain since morning,MCR,$623.51,PAID,2024-06-06T11:46:00Z
EPIC_NORTH,E4161546,Lakeshore General Hospital,EN1006789,Noah,Wagner,10/31/1965,M,53220,(414) 555-0130,"Oct 1, 2024",10/2/2024,Emergency Room,1860320807,"Schultz, Rebecca",N39.0,cold symptoms for a week,MEDICARE PART A,$6.10K,Paid in Full,2024-10-23T13:09:28Z
EPIC_NORTH,E5317104,lakeshore general hospital ,EN1005878,Margaret,Schmidt,"Jun 3, 1958",F,54315,(608) 555-0175,2023-10-03,10/03/2023,Office Visit,1984162291,"Hansen, Brian",I48.91,palpitations and dizziness,MCR,507.19,Paid in Full,2023-10-18T03:49:31Z
EPIC_NORTH,E8322577,Lakeshore General Hospital,EN1003773,Priya,Hansen,1945-09-07,F,54103,(262) 555-0157,7/12/2023,2023-07-12,EMERGENCY DEPT,1447294053,"Peterson, Samuel",J44.1,"short of breath, using rescue inhaler more often",MEDICARE PART A,"7,946.99 USD",Paid,2023-07-22T12:08:55Z
EPIC_NORTH,E8613412,St. Brendan Medical Center,EN1007872,Jacob,Van Dyke,1966-04-02,M,54367,(414) 555-0109,04/19/2024,"Apr 19, 2024",Clinic Visit,1105218543,"Young, Tyler",I48.91,crushing chest pain spreading to left arm,Blue Cross Blue Shield,$815.44,PAID,2024-04-21T13:20:17Z
EPIC_NORTH,E6799462,Lakeshore General,EN1008035,Hannah,Nguyen,02/02/1943,F,53110,(920) 555-0137,2023-12-31,1/6/2024,Inpatient,1139986982,"Schmidt, Anthony",A41.9,confusion and high fever,Medicare,"$17,950.16  ",Denied,2024-01-24T14:54:10Z
EPIC_NORTH,E1427914,lakeshore general hospital ,EN1000477,Rajesh,Jones,05/17/1988,M,54194,(920) 555-0104,2024-10-10,10/22/2024,INPT,1440029787,"Young, Olivia",I50.22,"heart failure follow-up, fluid tablets review",Blue Cross Blue Shield,54053.93,Paid in Full,2024-11-06T14:13:43Z
EPIC_NORTH,E3607723,Lakeshore General Hospital,EN1004907,Margaret,Becker,1970-07-01,F,54336,(262) 555-0130,2024-07-30T00:00:00,,OP,1440029787,"Young, Olivia",I10,headache with elevated blood pressure,Medicare,733.54,Paid in Full,2024-08-20T06:39:20Z
EPIC_NORTH,E5519231,Saint Brendan Medical Center,EN1008390,Lisa,Martinez,1977-04-27,F,54326,(262) 555-0157,2024-04-29,2024-04-29,ER,NPI-122983,Dr. Joshua Nelson,R079,abdominal pain since morning,BadgerCare Plus,"$1,314.86",Closed - Paid,2024-05-24T04:44:09Z
EPIC_NORTH,E2587226,Lakeshore General,EN1003937,Barbara,Miller,1975-10-02,F,61046,(815) 555-0194,07/30/2023,2023-08-05T00:00:00,IN-PATIENT,1536455680,"Kowalski, Noah",J18.9,burning on urination,Tricare,$ 51566.43,PAID,2023-08-24T08:34:24Z
EPIC_NORTH,E6886352,St. Brendan Medical Center,EN1005168,Luis,Johnson,5/15/1978,M,53782,(608) 555-0197,"Jul 21, 2024",,OP,1682052588,"Wright, James",m54.50,joint stiffness in the morning,Aetna,1930.66,Closed - Paid,2024-07-22T19:57:47Z
EPIC_NORTH,E7351619,St. Brendan's Medical Center,EN1008581,Jessica,Wagner,1984-08-06,F,53756,(262) 555-0139,2023-11-30T00:00:00,,OP,1939494823,"Jackson, William",Z23,flu shot,Tricare,USD 648.06,Paid in Full,2023-12-08T12:08:21Z
EPIC_NORTH,E2543782,Saint Brendan Medical Center,EN1003724,Priya,Hoffman,"Dec 16, 1950",F,53730,(262) 555-0145,2023-09-06,2023-09-07T00:00:00,Emergency,1229836956,Dr. Joshua Nelson, S52.501A ,head injury after a fall,AETNA INC,"2,665.32 USD",Paid,2023-09-28T17:04:29Z
EPIC_NORTH,E4119267,Lakeshore General,EN1003959,Anthony,Lopez,01/15/1951,M,54347,(608) 555-0154,2023-07-16,07/23/2023,Inpatient,1701079810,"Hall, Linda",N17.9,"very little urine output, nausea",Medicare,9234.40,Paid,2023-08-05T11:36:20Z
EPIC_NORTH,E9602578,St. Brendan Medical Center,EN1005728,Patricia,Harris,"Nov 23, 1971",F,53726,(920) 555-0116,01/11/2024,2024-01-11,Emergency Room,1028382228,"Wilson, Chloe",J44.1 - Chronic obstructive pulmonary disease with (acute) exacerbation,productive cough with low oxygen readings at home,Aetna,$ 8038.86,Closed - Paid,2024-01-31T00:14:52Z
EPIC_NORTH,E8784200,Maple Grove Pediatrics,EN1004696,Linda,Martin,02/17/2019,F,53798,(262) 555-0120,"Aug 22, 2024",,Telehealth,1410646008,"Hernandez, Matthew",R50.9,abdominal pain since morning,BCBS,USD 106.90,DENIED,2024-09-11T02:53:09Z
EPIC_NORTH,E6874762,ST BRENDAN MED CTR,EN1005481,Laura,Mueller,1975-01-05,F,53751,(414) 555-0191,2024-02-02,2024-02-11,inpatient admission,1836016109,"Martinez, Michelle",I50.22,"unable to lie flat at night, ankle edema",BCBS,"$10,720.01",Closed - Paid,2024-02-21T14:27:12Z
EPIC_NORTH,E7543833,ST BRENDAN MED CTR,EN1003086,Joseph,Kowalski,09/19/1977,M,53108,(262) 555-0199,2023-10-15,10/25/2023,IN-PATIENT,1771884131,Dr. Karen Thompson,n17.9,"very little urine output, nausea",CIGNA HEALTH,$ 47222.7,Closed - Paid,2023-11-10T10:42:38Z
EPIC_NORTH,E5883569,Maple Grove Pediatric Clinic,EN1004447,Ryan,Clark,07/04/2010,M,53186,(262) 555-0193,11/20/2024,,Out Patient,1410646008,"Hernandez, Matthew", J06.9 ,confusion and high fever,AETNA INC,414.81,Closed - Paid,2024-11-22T22:23:46Z
EPIC_NORTH,E6100621,Lakeshore General Hospital,EN1003260,Jacob,Jackson,1972-04-05,M,53236,(262) 555-0162,2024-10-03T00:00:00,2024-10-07,IP,1552182481,Dr. Nancy Kowalski,I21.9,crushing chest pain spreading to left arm,AETNA INC,14876.03,Paid in Full,2024-11-01T20:44:43Z
EPIC_NORTH,E3924393,St. Brendan Medical Center,EN1004480,Brian,Martinez,1988-03-29T00:00:00,M,54318,(262) 555-0177,2024-04-06,"Apr 8, 2024",INPT,1682052588,Dr. James Wright,i48.91,crushing chest pain spreading to left arm,Cigna,"30,412.73 USD",Paid in Full,2024-04-12T17:13:35Z
EPIC_NORTH,E2639763,St. Brendan Medical Center,EN1004884,Joshua,Jones,1969-05-22,M,53118,(262) 555-0112,2024-07-05,2024-07-07T00:00:00,INPT,1642524775,Dr. Sarah Hall,J18.9,confusion and high fever,UHC,47535.59,Paid in Full,2024-07-29T16:35:31Z
EPIC_NORTH,E7094594,Saint Brendan Medical Center,EN1005029,Hannah,Moore,04/23/1948,F,54166,(920) 555-0163,5/14/2024,2024-05-14,OP,1682052588,Dr. James Wright,E109,high blood sugar readings at home,MEDICARE PART A,PENDING,PAID,2024-06-05T12:09:28Z
EPIC_NORTH,E7839327,Lakeshore General Hospital,EN1005488,Joshua,Brown,2000-08-31,M,53201,(262) 555-0136,"Mar 2, 2024",2024-03-02,ER,1447294053,Dr. Samuel Peterson, J45.901 ,wheezing at night,TRICARE,"$1,573.45",Paid in Full,2024-03-19T09:51:29Z
EPIC_NORTH,E9873275,St Brendan Medical Center,EN1007999,Carlos L,Lopez,1977-08-27,M,53701,(920) 555-0144,2024-03-10T00:00:00,,Outpatient,1771884131,"Thompson, Karen",I10,blood pressure check,TRICARE,928.67,Closed - Paid,2024-03-20T19:36:34Z
EPIC_NORTH,E4802405,St. Brendan Medical Center,EN1007731,Ethan,Anderson,3/27/1967,M,53118,(920) 555-0104,03/19/2023,03/20/2023,IP,1682052588,"Wright, James", J44.1 ,productive cough with low oxygen readings at home,Blue Cross Blue Shield,"$15,993.84",Paid in Full,2023-04-09T21:48:34Z
EPIC_NORTH,E2491276,ST BRENDAN MED CTR,EN1008260,Ethan,Patel,1970-05-03,M,53164,(920) 555-0112,2024-03-30T00:00:00,2024-04-09,IN-PATIENT,1771884131,"Thompson, Karen",E11.65,confusion with very high glucose,MEDICARE PART A,"$27,644.38",PAID,2024-05-04T21:36:15Z
EPIC_NORTH,E2103519,St. Brendan Medical Center,EN1008203,Susan,Moore,1964-05-18,F,53777,(414) 555-0194,2023-08-20,08/20/2023,ED,1028382228,Dr. Chloe Wilson,S06.0X0A,"fell on outstretched hand, wrist pain",Self Pay,USD 866.09,DENIED,2023-08-23T16:16:27Z
EPIC_NORTH,E1134119,Lakeshore Gen Hosp,EN1003260,Jacob,Jackson,04/05/1972,M,53236,(262) 555-0162,2023-07-06T00:00:00,2023-07-06,OBS,1440029787,"Young, Olivia",N18.6,swelling and reduced urine output,CIGNA HEALTH,"$12,605.91",Paid in Full,2023-07-07T00:25:36Z
EPIC_NORTH,E7144004,Lakeshore General Hospital,EN1006637,Sandra,Wright,1980-05-19,F,54181,(262) 555-0145,09/08/2023,2023-09-20,IN-PATIENT,1787680457,Dr. Lisa Moore,J44.1 - Chronic obstructive pulmonary disease with (acute) exacerbation,productive cough with low oxygen readings at home,Uninsured,35710.59,PAID,2023-10-06T07:02:05Z
EPIC_NORTH,E3347874,St. Brendan Medical Center,EN1002788,SAMUEL,OLSON,1972-07-19,M,54353,(262) 555-0110,2024-08-04T00:00:00,2024-08-08,IP,1129110288,Dr. Susan Jensen,J44.1,"COPD review, breathing stable",IA Medicaid,"$86,717.87",Paid in Full,2024-08-20T03:00:20Z
EPIC_NORTH,E2501228,Maple Grove Pediatrics ,EN1007587,Noah,Wright,2016-10-09,M,54326,(414) 555-0194,02/25/2023,,Outpatient,1541465906,"Johnson, Samuel",R50.9,abdominal pain since morning,BCBS,$297.03,Paid in Full,2023-03-18T21:35:58Z
EPIC_NORTH,E8134203,Lakeshore General Hospital,EN1002102,Luis,Lewis,10/02/1971,M,53252,(608) 555-0142,2023-04-24T00:00:00,2023-04-24,Clinic Visit,1701079810,"Hall, Linda",I48.91,crushing chest pain spreading to left arm,UnitedHealthcare,"$1,611.12",Paid,2023-04-30T08:53:03Z
EPIC_NORTH,E9227003,Lakeshore General Hospital,EN1006999,Richard,Johnson,08/14/1966,M,53109,(262) 555-0178,2023-04-02,2023-04-02,EMERGENCY DEPT,1447294053,Dr. Samuel Peterson,R51.9,severe headache,UnitedHealthcare,7212.38,Paid in Full,2023-04-08T15:46:28Z
EPIC_NORTH,E5765656,ST BRENDAN MED CTR,EN1008581,Jessica,Wagner,08/06/1984,F,53756,(262) 555-0139,2023-11-11,11/11/2023,Emergency Room,1860320807,"Schultz, Rebecca",I10,hypertension follow-up,Workers Comp,,Paid,2023-12-02T04:31:10Z
EPIC_NORTH,E3710407,Lakeshore General Hospital,EN1001432,Aaron,Van Dyke,"May 29, 1971",M,53788,(920) 555-0127,2023-08-10T00:00:00,2023-08-16,inpatient admission,1452059979,Dr. Thomas Williams,j44.1,"COPD review, breathing stable",UnitedHealthcare,"$10,956.69",PAID,2023-09-10T17:54:33Z
EPIC_NORTH,E6183055,St. Brendan Medical Center,EN1007299,Aaron,O'Brien,"Mar 24, 1962",M,54314,(920) 555-0125,07/03/2024,07/03/2024,Observation,1008754750,"Hoffman, Katherine",I50.22,"worsening breathlessness on exertion, weight up 3 kg",CIGNA HEALTH,11219.16,Paid,2024-07-23T12:43:31Z
EPIC_NORTH,E7293682,St. Brendan Medical Center,EN1007965,Fatima,Anderson,"Feb 22, 1970",F,53753,(414) 555-0170,"Feb 4, 2023",2023-02-11T00:00:00,INPT,1105218543,"Young, Tyler",E11.65,numbness in both feet,Blue Cross Blue Shield,"$86,871.72",Closed - Paid,2023-02-18T11:21:15Z
EPIC_NORTH,E7046277,Maple Grove Pediatrics,EN1006060,Katherine,Lewis,12/18/2006,F,53126,(920) 555-0112,2024-10-16,2024-10-16,Out Patient,1541465906,Dr. Samuel Johnson,J06.9,confusion and high fever - callback (920) 555-0112,UHC,$179.13,Paid,2024-10-29T10:25:51Z
EPIC_NORTH,E4175648,Maple Grove Pediatrics,EN1005599,Katherine,Moore,2011-11-14,F,54345,(262) 555-0194,1/14/2024,1/14/2024,TELEMED,1615846452,"O'Brien, Nancy",R50.9,abdominal pain since morning,IA Medicaid,$164.36  ,PAID,2024-01-28T00:43:05Z
EPIC_NORTH,E4693216,Lakeshore General Hospital,EN1007655,ETHAN,NGUYEN,1958-04-22,M,53118,(608) 555-0143,09/15/2023,2023-09-27,IP,1701079810,"Hall, Linda",E11.65 - Type 2 diabetes mellitus with hyperglycemia,numbness in both feet,MEDICARE PART A,"33,511.79 USD",Void,2023-10-18T22:42:09Z
EPIC_NORTH,E5107266,St. Brendan Medical Center,EN1003086,Joseph,Kowalski,1977-09-19T00:00:00,M,53108,(262) 555-0199,2023-08-15,08/15/2023,Emergency Room,1028382228,"Wilson, Chloe",I50.22,"heart failure follow-up, fluid tablets review",UnitedHealthcare,2964.56,Closed - Paid,2023-08-30T12:13:45Z
EPIC_NORTH,E7427221,Maple Grove Pediatrics,EN1007070,Robert,King,08/18/2017,M,53258,(920) 555-0179,5/16/2023,2023-05-16,Out Patient,1410646008,Dr. Matthew Hernandez,R50.9,chest pain,State Medicaid Plan,$ 428.17,Paid,2023-05-23T12:31:24Z
EPIC_NORTH,E1058039,Lakeshore General Hospital,EN1000857,Joseph,Wright,1986-06-09,M,53202,(608) 555-0116,2024-08-21,2024-08-25T00:00:00,inpatient admission,1309114175,"King, Hannah",J18.9,confusion and high fever,Aetna,"$48,095.23",Closed - Paid,2024-09-17T11:21:03Z
EPIC_NORTH,E3926292,Maple Grove Pediatric Clinic,EN1005072,Karen,Novak,2012-08-10,F,54356,(608) 555-0188,"Nov 29, 2024",11/29/2024,Office Visit,1541465906,"Johnson, Samuel", R50.9 ,fever for two days,BCBS,USD 317.82,SUBMITTED,2024-12-16T06:28:00Z
EPIC_NORTH,E3834395,lakeshore general hospital ,EN1000180,Jennifer,Patel,1948-12-17,F,54143,(262) 555-0110,11/29/2023,12/09/2023,inpatient admission,1440029787,"Young, Olivia",a41.9,sore throat and fever,Medicare - Part B,"USD 14,883.32",Closed - Paid,2024-01-02T17:57:02Z
EPIC_NORTH,E1227492,Lakeshore Gen Hosp,EN1007249,Ana,Hall,01/19/1961,F,54341,(262) 555-0109,2023-09-16,2023-09-16,Office Visit,1787680457,Dr. Lisa Moore, E11.9 ,numbness in both feet,UHC,"1,490.86 USD",Paid,2023-10-09T23:26:25Z
EPIC_NORTH,E6206266,Maple Grove Pediatrics,EN1008647,Mary,Harris,2016-12-23,F,53701,(920) 555-0183,2023-11-21T00:00:00,,Office Visit,1615846452,Dr. Nancy O'Brien,Z23 - Encounter for immunization,annual physical,UHC,247.89,Cancelled,2023-11-29T00:28:47Z
EPIC_NORTH,E1415066,Lakeshore General Hospital,EN1005792,Patricia,O'Brien,"Jan 24, 1954",F,54357,(608) 555-0156,2023-08-03T00:00:00,,OP,1472671472,Dr. Mei King,Z23,annual physical,Medicare,413.01,Rejected,2023-08-12T21:41:48Z
EPIC_NORTH,E3698825,Lakeshore General Hospital,EN1000019,Rebecca,Rodriguez,1973-01-31,F,53213,(920) 555-0111,2024-03-05,2024-03-05,Out Patient,1984162291,"Hansen, Brian",Z0000,annual physical,Workers Comp,$144.02,Paid in Full,2024-03-09T00:11:24Z
EPIC_NORTH,E2094270,LAKESHORE GENERAL HOSPITAL,EN1004543,Chloe,Martinez,03/29/1943,F,53734,(608) 555-0166,09/14/2023,9/14/2023,ED,1447294053,Dr. Samuel Peterson,S06.0X0A,twisted ankle playing basketball,Medicare - Part B,"$2,269.03",Paid,2023-09-23T09:36:23Z
EPIC_NORTH,E7641087,Maple Grove Pediatrics,EN1002325,Brian,Moore,2010-09-24,M,53281,(920) 555-0166,11/04/2024,,Office Visit,1541465906,"Johnson, Samuel", Z23 ,annual physical,BadgerCare Plus,$417.81,Paid,2024-11-14T00:05:29Z
EPIC_NORTH,E9471317,St. Brendan Medical Center,EN1002225,Mei,Kowalski,,F,53274,(920) 555-0134,2023-02-05,02/06/2023,Emergency Room,1028382228,Dr. Chloe Wilson,R10.9,chest pain,UnitedHealthcare,3497.40,PAID,2023-03-03T19:03:25Z
EPIC_NORTH,E1590744,Lakeshore General,EN1000761,Mary,Lee,1971-07-11,F,53749,(608) 555-0196,2024-08-30T00:00:00,08/30/2024,OBS,1787680457,Dr. Lisa Moore,R07.9,severe headache,Cigna,"$4,554.90",Paid,2024-09-13T17:16:58Z
EPIC_NORTH,E8639958,St. Brendan Medical Center,EN1003901,Carlos,Smith,1984-03-30,M,54149,(608) 555-0152,2024-05-05,2024-05-05,Office Visit,1771884131,Dr. Karen Thompson,I48.91 - Unspecified atrial fibrillation,palpitations and dizziness,UHC,#VALUE!,PAID,2024-05-28T12:29:26Z
EPIC_NORTH,E8396754,St. Brendan's Medical Center,EN1003126,Ashley,HARRIS,1950-05-19,F,53273,(920) 555-0188,05/13/2023,2023-05-20T00:00:00,IN-PATIENT,1771884131,Dr. Karen Thompson,J44.1,increased cough and wheezing,Medicare,#VALUE!,Closed - Paid,2023-06-13T19:41:21Z
EPIC_NORTH,E3358059,lakeshore general hospital ,EN1000477,Rajesh,Jones,05/17/1988,M,54194,(920) 555-0104,05/15/2023,05/15/2023,Outpatient,1701079810,"Hall, Linda",E1122,numbness in both feet,Aetna,1318.97,PAID,2023-06-04T01:37:01Z
EPIC_NORTH,E2135420,Lakeshore General Hospital,EN1006789,Noah,Wagner,1965-10-31,M,53220,(414) 555-0130,2023-09-16,9/18/2023,OBS,1472671472,Dr. Mei King,N39.0,confusion and high fever,MEDICARE PART A,"$6,350.54",Paid,2023-10-13T14:23:02Z
EPIC_NORTH,E7434457,Lakeshore General,EN1005235,Joseph,Young,7/29/1970,M,54171,(414) 555-0156,2024-04-20,2024-04-29,IN-PATIENT,1452059979,"Williams, Thomas",I50.22 - Chronic systolic (congestive) heart failure,"worsening breathlessness on exertion, weight up 3 kg",Aetna,"$18,590.74",PAID,2024-05-22T07:22:59Z
EPIC_NORTH,E2798430,St. Brendan Medical Center,EN1005398,Ethan,Johnson,1974-05-23,M,54335,(414) 555-0173,"Feb 16, 2024",2024-02-24,Inpatient,1836016109,"Martinez, Michelle",J44.1 - Chronic obstructive pulmonary disease with (acute) exacerbation,productive cough with low oxygen readings at home,BadgerCare Plus,"$22,416.88",PAID,2024-02-26T13:33:14Z
EPIC_NORTH,E6309214,Maple Grove Pediatrics,EN1008647,Mary,Harris,12/23/2016,F,53701,(920) 555-0183,8/14/2024,2024-08-14,Video Visit,1541465906,"Johnson, Samuel",j06.9,fever and cough,AETNA INC,110.10,Paid in Full,2024-08-22T03:48:18Z
EPIC_NORTH,E5273945,Lakeshore General,EN1000329,William,Harris,1967-09-11,M,54180,(414) 555-0153,2024-08-11,08/12/2024,Emergency,1447294053,"Peterson, Samuel",N39.0,fever and cough,CIGNA HEALTH,"$2,764.93",Paid,2024-09-03T13:16:08Z
EPIC_NORTH,E1716112,St. Brendan Medical Center,EN1004320,Mei,White,1961-06-14T00:00:00,F,53152,(608) 555-0195,2023-01-15,2023-01-18,inpatient admission,1105218543,"Young, Tyler",J44.1,productive cough with low oxygen readings at home,CIGNA HEALTH,"USD 11,045.47",Rejected,2023-02-04T10:37:00Z
EPIC_NORTH,E6100850,St. Brendan Medical Center,EN1007259,Susan,Mueller,1977-03-17,F,52006,(319) 555-0130,8/2/2024,2024-08-08,INPT,1939494823,"Jackson, William",N18.6,swelling and reduced urine output,UnitedHealthcare,20126.01,Paid,2024-08-31T08:33:46Z
EPIC_NORTH,E7419735,Lakeshore General Hospital,EN1004525,Sandra,Wilson,1950-05-29,F,53747,(262) 555-0128,08/20/2024,2024-08-20,Emergency Room,1347897138,LOCUM PROVIDER,S06.0X0A,twisted ankle playing basketball,MCR,"$8,766.20",CANCELLED,2024-09-10T17:18:57Z
EPIC_NORTH,E2751495,Lakeshore General Hospital,EN1007363,Sarah,Jackson,1948-12-22T00:00:00,F,54111,(414) 555-0135,06/20/2023,2023-06-21T00:00:00,IP,1536455680,"Kowalski, Noah",I10,headache with elevated blood pressure,Blue Cross Blue Shield,8793.32,Paid,2023-06-25T11:20:45Z
EPIC_NORTH,E3426335,St. Brendan Medical Center,EN1003086,Joseph,Kowalski,9/19/1977,M,53108,(262) 555-0199,06/27/2023,2023-06-29T00:00:00,INPT,1682052588,"Wright, James",i50.22,"worsening breathlessness on exertion, weight up 3 kg",UHC,"USD 41,524.91",Closed - Paid,2023-07-20T18:52:15Z
EPIC_NORTH,E3543316,St. Brendan Medical Center,EN1007795,Emily,Wright,09/05/1976,F,54153,(608) 555-0131,2024-06-13,2024-06-14,OBS,1836016109,"Martinez, Michelle",R07.9,severe headache,State Medicaid Plan,"USD 13,885.54",Paid,2024-07-07T05:12:11Z
EPIC_NORTH,E2543626,MAPLE GROVE PEDS,EN1005423,Nancy,Davis,2017-02-28,F,53160,(414) 555-0183,10/05/2023,2023-10-05,Telehealth,1541465906,Dr. Samuel Johnson,J06.9,burning on urination,BadgerCare Plus,107.57,Rejected,2023-10-18T18:10:49Z
EPIC_NORTH,E7688019,Maple Grove Pediatrics,EN1006187,Sofia,Kim,2015-09-16T00:00:00,F,53113,(920) 555-0177,11/8/2024,11/8/2024,OP,1541465906,"Johnson, Samuel", J02.9 ,cold symptoms for a week,UnitedHealthcare,$258.54,Closed - Paid,2024-12-01T08:26:53Z
EPIC_NORTH,E3740161,Lakeshore General,EN1004526,Samuel,Nelson,1990-08-15,M,53722,(920) 555-0130,07/23/2024,7/23/2024,ED,1860320807,Dr. Rebecca Schultz,S52.501A,head injury after a fall,Medicaid,"USD 1,177.39",Denied,2024-08-01T00:23:43Z
EPIC_NORTH,E9331867,St. Brendan Medical Center,EN1006611,ANA,PATEL,1976-05-15,F,53181,(262) 555-0137,2023-09-02T00:00:00,,Office Visit,1682052588,"Wright, James",M54.50,joint stiffness in the morning,MEDICAID,USD 450.36,Paid,2023-09-13T14:02:53Z
EPIC_NORTH,E6626644,lakeshore general hospital ,EN1000019,Rebecca,Rodriguez,"Jan 31, 1973",F,53213,(920) 555-0111,3/20/2023,2023-03-28,INPT,1787680457,Dr. Lisa Moore,e11.65,numbness in both feet,Tricare,17163.83,Paid in Full,2023-04-09T10:01:00Z
EPIC_NORTH,E6619618,Lakeshore Gen Hosp,EN1000086,Joshua,Jensen,"Jul 23, 1962",M,54121,(608) 555-0163,"Jun 12, 2024",2024-06-22,Inpatient,1472671472,"King, Mei",J189,cold symptoms for a week,CIGNA HEALTH,$ 42293.84,PAID,2024-07-13T06:25:01Z
EPIC_NORTH,E9096265,St. Brendan Medical Center,EN1003169,William,Kim,02/01/1947,M,54105,(608) 555-0197,2023-06-21,2023-06-22,Emergency,1860320807,"Schultz, Rebecca",N186,"missed dialysis session, feeling weak",Medicare,644.00 USD,Paid in Full,2023-07-06T11:51:26Z
EPIC_NORTH,E7417843,Lakeshore General Hospital,EN1001842,Matthew,Jackson,1997-12-31T00:00:00,M,54128,(262) 555-0119,02/28/2023,2023-02-28,Clinic Visit,1984162291,"Hansen, Brian",z00.00,flu shot,Workers Comp,$207.15,Paid,2023-03-17T21:46:40Z
EPIC_NORTH,E1010292,St. Brendan Medical Center,EN1002238,Samuel,Jensen,"Jul 20, 1988",M,53234,(262) 555-0129,2024-11-16,2024-11-17,ED,1028382228,"Wilson, Chloe",R07.9,abdominal pain since morning,BCBS,2195.64,DENIED,2024-12-03T18:16:56Z
EPIC_NORTH,E3346081,St. Brendan Medical Center,EN1007053,James,Davis,1967-05-23,M,54146,(920) 555-0192,2023-03-10,03/10/2023,Clinic Visit,1939494823,Dr. William Jackson,I10,headache with elevated blood pressure,Blue Cross Blue Shield,$127.95,Rejected,2023-03-19T08:23:15Z
EPIC_NORTH,E2593611,Lakeshore Gen Hosp,EN1003889,Carlos,Harris,"Dec 11, 1946",M,53154,(262) 555-0124,2023-06-24,2023-06-27T00:00:00,INPT,1440029787,Dr. Olivia Young,n18.6,dialysis follow-up,MCR,"$42,671.06",Paid in Full,2023-07-04T04:21:44Z
EPIC_NORTH,E9435643,ST BRENDAN MED CTR,EN1005993,Emily,Wright,"Aug 3, 1973",F,53269,(920) 555-0155,2023-05-10,2023-05-21T00:00:00,INPT,1771884131,Dr. Karen Thompson,E1165,high blood sugar readings at home,AETNA INC,"$20,421.65",Closed - Paid,2023-06-12T02:15:35Z
EPIC_NORTH,E5069493,Saint Brendan Medical Center,EN1003846,Noah,Van Dyke,06/02/1981,M,53295,(920) 555-0130,2024-07-06,2024-07-06,Emergency,1229836956,Dr. Joshua Nelson,J18.9,sore throat and fever,AETNA INC,$ 979.43,Closed - Paid,2024-07-30T03:32:56Z
EPIC_NORTH,E7809908,Maple Grove Pediatric Clinic,EN1000974,Samuel,Lopez,2021-04-26,M,53727,(920) 555-0126,2023-11-09T00:00:00,,Clinic Visit,1541465906,"Johnson, Samuel",J069,cold symptoms for a week,UHC,$990.12,Rejected,2023-12-02T00:39:24Z
EPIC_NORTH,E7299382,Lakeshore Gen Hosp,EN1003025,Sandra,Lopez,1929-11-04T00:00:00,F,54364,(608) 555-0147,2024-05-27,2024-05-28,Observation,1472671472,"King, Mei", N39.0 ,burning on urination,MCR,"$16,277.77",PAID,2024-06-05T16:06:12Z
EPIC_NORTH,E6495907,Maple Grove Pediatrics,EN1003733,Elizabeth,Brown,06/08/2007,F,53737,(608) 555-0161,2023-06-11,2023-06-11,Virtual,1895579906,"Davis, Thomas",R50.9,chest pain,Medicaid,73.49,Paid,2023-06-22T23:58:42Z
EPIC_NORTH,E5622839,Maple Grove Pediatrics,EN1005072,Karen,Novak,2012-08-10,F,54356,(608) 555-0188,2023-05-04,,Out Patient,1615846452,"O'Brien, Nancy",Z00.129,annual physical,UHC,1263.42,PAID,2023-05-23T15:08:53Z
EPIC_NORTH,E2718851,lakeshore general hospital ,EN1000828,Laura,Wilson,1947-11-25,F,53170,(414) 555-0117,2023-10-19,10/23/2023,inpatient admission,1778486484,"Thomas, Emily",A41.9,fever and cough,Medicare - Part B,13100.78,Paid in Full,2023-10-25T06:36:17Z
EPIC_NORTH,E2087019,St. Brendan Medical Center,EN1000048,Sarah,Johnson,1965-09-21,F,53177,(608) 555-0167,2024-11-19,2024-11-19,Observation,1771884131,Dr. Karen Thompson,I10,headache with elevated blood pressure,Blue Cross Blue Shield,"$9,984.22",Paid in Full,2024-12-14T14:05:20Z
EPIC_NORTH,E2403946,Lakeshore Gen Hosp,EN1000329,William,Harris,09/11/1967,M,54180,(414) 555-0153,4/9/2024,2024-04-11,Obs Stay,1536455680,"Kowalski, Noah",E1165,confusion with very high glucose,BCBS,"USD 14,152.06",PAID,2024-04-24T01:51:06Z
EPIC_NORTH,E5667383,Lakeshore Gen Hosp,EN1006333,Ryan,Schultz,1959-06-01,M,54174,(262) 555-0181,11/29/2024,12/07/2024,Inpatient,1440029787,"Young, Olivia",I50.22,"worsening breathlessness on exertion, weight up 3 kg",CIGNA HEALTH,$10.58K,Pending,2024-12-16T20:18:50Z
EPIC_NORTH,E2707736,St. Brendan Medical Center,EN1004320,Mei,White,1961-06-14,F,53152,(608) 555-0195,03/09/2023,03/13/2023,IN-PATIENT,1771884131,"Thompson, Karen",J44.1,"COPD review, breathing stable",CIGNA HEALTH,"$35,972.37",PAID,2023-04-02T08:50:36Z
EPIC_NORTH,E1688362,LAKESHORE GENERAL HOSPITAL,EN1007249,Ana,Hall,01/19/1961,F,54341,(262) 555-0109,09/08/2024,2024-09-11,IP,1536455680,"Kowalski, Noah",E11.65,fatigue and excessive thirst,Blue Cross Blue Shield,19454.49,Closed - Paid,2024-09-24T04:08:23Z
EPIC_NORTH,E1820504,Maple Grove Pediatrics,EN1008066,Ethan,Hernandez,2020-10-28,M,54326,(920) 555-0185,08/19/2023,,Office Visit,1615846452,Dr. Nancy O'Brien,J06.9,cold symptoms for a week,Aetna,952.23,Paid,2023-08-24T20:08:07Z
EPIC_NORTH,E2596800,Lakeshore Gen Hosp,EN1000286,Margaret,Peterson,1998-03-05,F,54148,(262) 555-0195,2024-09-22,09/22/2024,ED,1447294053,"Peterson, Samuel",S060X0A,twisted ankle playing basketball,AETNA INC,"USD 1,285.37",Paid in Full,2024-09-25T11:34:32Z
EPIC_NORTH,E5295323,Maple Grove Pediatric Clinic,EN1006060,Katherine,Lewis,12/18/2006,F,53126,(920) 555-0112,2024-02-05,"Feb 5, 2024",Office Visit,1410646008,"Hernandez, Matthew",J06.9,cold symptoms for a week,BCBS,$838.25  ,Paid,2024-02-27T06:42:54Z
EPIC_NORTH,E2822850,Lakeshore General Hospital,EN1001432,Aaron,Van Dyke,1971-05-29,M,53788,(920) 555-0127,2023-06-25T00:00:00,,OP,1440029787,"Young, Olivia",R10.9,chest pain,AETNA INC,$646.88,PAID,2023-07-10T23:29:51Z
EPIC_NORTH,E2813606,Lakeshore Gen Hosp,EN1006195,Andrew,Walker,1966-02-14,M,54166,(920) 555-0130,2024-03-20T00:00:00,2024-03-29T00:00:00,IP,1701079810,Dr. Linda Hall,E1165,fatigue and excessive thirst,Blue Cross Blue Shield,$ 40953.78,PAID,2024-04-21T01:38:39Z
EPIC_NORTH,E6203005,St. Brendan Medical Center,EN1002095,Elizabeth,Jackson,01/30/1965,F,54175,(262) 555-0196,2024-11-04,11/5/2024,Emergency,1229836956,Dr. Joshua Nelson,S52.501A,head injury after a fall,UnitedHealthcare,"$1,498.91",Paid in Full,2024-11-14T19:23:41Z
EPIC_NORTH,E5543032,lakeshore general hospital ,EN1004845,Sofia,Garcia-Lopez,08/16/1991,F,54354,(414) 555-0106,02/03/2024,2024-02-03T00:00:00,OP,1701079810,"Hall, Linda",I48.91,palpitations and dizziness,UnitedHealthcare,139.43,Rejected,2024-02-04T12:06:42Z
EPIC_NORTH,E6130675,Lakeshore General Hospital,EN1003996,Jennifer,Nelson,07/20/1933,F,53189,(608) 555-0174,2024-02-17,2024-02-23,Inpatient,1778486484,"Thomas, Emily",I50.22,"unable to lie flat at night, ankle edema",MCR,"$9,546.61",VOIDED,2024-03-02T09:51:51Z
EPIC_NORTH,E9437116,St Brendan Medical Center,EN1002497,Brian,Hall,02/06/2002,M,53710,(608) 555-0109,2023-04-06,"Apr 6, 2023",Observation,1771884131,"Thompson, Karen",n39.0,cold symptoms for a week,BCBS,$ 7151.61,Closed - Paid,2023-04-12T17:10:46Z
EPIC_NORTH,E2360175,LAKESHORE GENERAL HOSPITAL,EN1005268,Joseph,Hoffman,"Dec 28, 1983",M,54120,(414) 555-0151,2024-05-05T00:00:00,05/05/2024,Out Patient,1452059979,"Williams, Thomas",I10,headache with elevated blood pressure,Aetna,$ 212.35,Paid,2024-05-28T06:23:11Z
EPIC_NORTH,E8836767,St. Brendan Medical Center,EN1000830,Margaret,Nelson,1962-04-20,F,53284,(608) 555-0101,2023-04-24,"Apr 26, 2023",Inpatient,1939494823,"Jackson, William",N17.9,"very little urine output, nausea",self-pay,"$9,336.68  ",Denied,2023-05-07T10:44:21Z
EPIC_NORTH,E7627717,Lakeshore General Hospital,EN1000402,James,Novak,1/29/1948,M,53193,(414) 555-0184,01/16/2024,01/22/2024,IP,1472671472,"King, Mei",N17.9,"very little urine output, nausea",Medicare,"$14,882.82  ",Closed - Paid,2024-02-07T14:51:14Z
EPIC_NORTH,E9234637,Lakeshore Gen Hosp,EN1007249,Ana,Hall,1961-01-19,F,54341,(262) 555-0109,09/25/2023,09/25/2023,OP,1787680457,Dr. Lisa Moore,E11.9,numbness in both feet,CIGNA HEALTH,227.51,Closed - Paid,2023-10-08T00:24:39Z
EPIC_NORTH,E7420216,Lakeshore General Hospital,EN1001432,Aaron,Van Dyke,5/29/1971,M,53788,(920) 555-0127,10/15/2024,10/18/2024,inpatient admission,1309114175,"King, Hannah",J18.9,confusion and high fever,N/A,"USD 66,321.35",Paid,2024-10-24T11:23:29Z
EPIC_NORTH,E2818119,Lakeshore General Hospital,EN1007275,Katherine,White,12/3/1990,F,54119,(262) 555-0198,2023-10-23,11/01/2023,INPT,1472671472,"King, Mei",A41.9,burning on urination,UHC,"$11,883.95",Closed - Paid,2023-11-05T09:53:02Z
EPIC_NORTH,E8458442,St. Brendan Medical Center,EN1007299,Aaron,O'Brien,03/24/1962,M,54314,(920) 555-0125,6/1/2024,2024-06-02,Obs Stay,1771884131,"Thompson, Karen",I50.9,"unable to lie flat at night, ankle edema",CIGNA HEALTH,6967.68,DENIED,2024-06-16T06:46:42Z
EPIC_NORTH,E8038456,Lakeshore General Hospital,EN1007150,Ana,Walker,1955-05-31,F,53205,(262) 555-0182,08/11/2024,,OP,1701079810,Dr. Linda Hall,N18.4,swelling and reduced urine output,Medicare - Part B,267.41 USD,Closed - Paid,2024-08-23T07:49:26Z
EPIC_NORTH,E7367121,Maple Grove Pediatrics,EN1003157,David,O'Brien,11/30/2019,M,53114,(608) 555-0144,03/28/2023,,Out Patient,1410646008,"Hernandez, Matthew",J02.9,fever and cough,IA Medicaid,$382.57,Paid in Full,2023-04-12T19:50:51Z
EPIC_NORTH,E2268024,St Brendan Medical Center,EN1006719,Karen,Kim,1954-02-20T00:00:00,F,52400,(563) 555-0103,2024-01-31,2024-01-31,ED,1028382228,Dr. Chloe Wilson,S06.0X0A,twisted ankle playing basketball,Medicare - Part B,"$1,181.67  ",Paid,2024-02-10T00:50:27Z
EPIC_NORTH,E6282959,Saint Brendan Medical Center,EN1006079,Emily,Lopez,5/22/1979,F,53795,(920) 555-0107,2023-09-13,09/14/2023,inpatient admission,1682052588,"Wright, James",I50.9,"worsening breathlessness on exertion, weight up 3 kg",Aetna,"42,008.87 USD",Closed - Paid,2023-09-23T13:07:49Z
EPIC_NORTH,E4260995,Lakeshore General Hospital,EN1000477,Rajesh,Jones,"May 17, 1988",M,54194,(920) 555-0104,8/7/2023,2023-08-07,EMERGENCY DEPT,1809320819,"Nguyen, Chloe",e11.65,fatigue and excessive thirst,Blue Cross Blue Shield,6191.42,Paid in Full,2023-08-10T18:45:35Z
EPIC_NORTH,E8369282,Lakeshore General Hospital,EN1001673,Joshua,Moore,05/26/1984,M,54346,(920) 555-0153,2024-06-02,2024-06-08,inpatient admission,1787680457,"Moore, Lisa",I50.22,shortness of breath and leg swelling for several days,Medicaid,,Closed - Paid,2024-06-24T05:31:42Z
EPIC_NORTH,E8945038,St. Brendan's Medical Center,EN1002671,Jacob,Clark,12/20/1951,M,53117,(920) 555-0164,2024-05-02,"May 7, 2024",inpatient admission,1939494823,"Jackson, William",A41.9,cold symptoms for a week,Medicare - Part B,10828.55,Paid in Full,2024-05-12T10:55:42Z
EPIC_NORTH,E8275301,ST BRENDAN MED CTR,EN1003901,Carlos,Smith,3/30/1984,M,54149,(608) 555-0152,"Feb 12, 2023",02/14/2023,Observation,1642524775,Dr. Sarah Hall, J44.1 ,"short of breath, using rescue inhaler more often",CIGNA HEALTH,see itemized bill,Cancelled,2023-03-01T19:49:42Z
EPIC_NORTH,E3411661,Lakeshore General Hospital,EN1000217,Minh,Nguyen,08/06/1976,M,53777,(920) 555-0114,"Aug 20, 2024",08/28/2024,IN-PATIENT,1472671472,"Olson, Mei",N18.6 - End stage renal disease,swelling and reduced urine output,Cigna,21011.65,PAID,2024-08-29T08:21:55Z
EPIC_NORTH,E9199099,ST BRENDAN MED CTR,EN1004053,Elizabeth,Nelson,12/20/1945,F,53706,(414) 555-0102,"Sep 10, 2023",2023-09-17,IN-PATIENT,1105218543,"Young, Tyler", J44.1 ,productive cough with low oxygen readings at home,Medicare,74645.36,Paid,2023-09-28T13:08:03Z
EPIC_NORTH,E1097755,Maple Grove Pediatric Clinic,EN1002145,Karen,Martinez,2008-01-03,F,54390,(414) 555-0186,09/10/2023,,OP,1615846452,Dr. Nancy O'Brien,J06.9,fever and cough,UnitedHealthcare,$873.88  ,Closed - Paid,2023-09-28T00:02:46Z
EPIC_NORTH,E3099494,MAPLE GROVE PEDS,EN1004953,Tyler,Lewis,2020-05-30,M,53746,(262) 555-0137,08/09/2023,"Aug 9, 2023",OP,1410646008,"Hernandez, Matthew", Z00.129 ,annual physical,TRICARE,"USD 2,286.95",Paid,2023-08-17T06:11:36Z
EPIC_NORTH,E4631697,Lakeshore General Hospital,EN1003998,Steven,Hoffman,8/2/1956,M,53256,(608) 555-0164,"May 30, 2023",05/30/2023,ED,1447294053,"Peterson, Samuel",N39.0,cold symptoms for a week,UnitedHealthcare,"USD 7,002.66",Paid in Full,2023-06-14T20:36:41Z
EPIC_NORTH,E2615443,St. Brendan Medical Center,EN1008040,Brian,King,09/25/1976,M,53728,(414) 555-0194,"Dec 28, 2023",2023-12-28,Emergency Room,1028382228,Dr. Chloe Wilson,I50.22,"heart failure follow-up, fluid tablets review",BCBS,"USD 6,275.59",Paid in Full,2024-01-08T18:32:28Z
EPIC_NORTH,E8389712,St Brendan Medical Center,EN1002614,Nancy,Olson,"Jul 22, 1959",F,53726,(608) 555-0165,2024-03-02T00:00:00,"Mar 3, 2024",Emergency Room,1860320807,Dr. Rebecca Schultz,"S93.401A - Sprain of unspecified ligament of right ankle, initial encounter",head injury after a fall,MEDICARE PART A,785.17 USD,Paid in Full,2024-03-24T16:11:30Z
EPIC_NORTH,E4051655,Lakeshore General Hospital,EN1004907,Margaret,Becker,1970-07-01T00:00:00,F,54336,(262) 555-0130,2024-03-01,03/08/2024,Inpatient,1701079810,Dr. Linda Hall, A41.9 ,sore throat and fever,Medicare - Part B,"USD 10,180.37",Paid in Full,2024-03-14T15:15:59Z
EPIC_NORTH,E7631946,LAKESHORE GENERAL HOSPITAL,EN1007150,Ana,Walker,"May 31, 1955",F,53205,(262) 555-0182,4/13/2023,"Apr 14, 2023",EMERGENCY DEPT,1871689760,"Walker, Ashley",N18.6,kidney function review,MEDICARE PART A,"USD 1,124.77",Paid,2023-05-09T08:37:16Z
EPIC_NORTH,E2416774,ST BRENDAN MED CTR,EN1005337,Rebecca,Kim,1991-09-02T00:00:00,F,53753,(920) 555-0140,2023-06-19T00:00:00,2023-06-22,Inpatient,1008754750,Dr. Katherine Hoffman, N17.9 ,"very little urine output, nausea",Tricare,58929.77,Closed - Paid,2023-07-03T05:19:42Z
EPIC_NORTH,E8085849,St. Brendan Medical Center,EN1003582,Karen,Novak,1978-12-04,F,53282,(262) 555-0151,06/20/2024,06/21/2024,ER,1860320807,"Schultz, Rebecca",R519,abdominal pain since morning,Aetna,"$3,281.69  ",Paid in Full,2024-07-03T20:55:13Z
EPIC_NORTH,E1979176,lakeshore general hospital ,EN1005488,Joshua,Brown,2000-08-31,M,53201,(262) 555-0136,10/25/2023,"Oct 25, 2023",Emergency Room,1871689760,"Walker, Ashley",J45.901,asthma flare after a cold,TRICARE,$966.80,Paid,2023-11-19T10:26:36Z
EPIC_NORTH,E4600103,St. Brendan Medical Center,EN1006414,DANIEL,GARCIA-LOPEZ,1965-09-06,M,54302,(608) 555-0160,"Jul 23, 2024",07/30/2024,inpatient admission,1771884131,Dr. Karen Thompson,I50.9,shortness of breath and leg swelling for several days,UHC,9068.23,PAID,2024-08-14T01:27:14Z
EPIC_NORTH,E8302058,Maple Grove Pediatrics,EN1007939,Patricia,Johnson,"Aug 27, 2006",F,54163,(414) 555-0197,2024-06-17,,Video Visit,NPI-141064,Dr. Matthew Hernandez,R50.9,fever for two days,Aetna,130.36,Closed - Paid,2024-07-10T21:17:13Z
EPIC_NORTH,E5452132,St. Brendan Medical Center,EN1006754,Chloe,Young,4/9/1954,F,53725,(608) 555-0181,2023-07-27,2023-07-30,Inpatient,1682052588,Dr. James Wright,J18.9,sore throat and fever,Medicare - Part B,$26.03K,Paid,2023-08-16T01:32:30Z
EPIC_NORTH,E7113874,Lakeshore General Hospital,EN1006637,Sandra,Wright,05/19/1980,F,54181,(262) 555-0145,09/23/2024,09/24/2024,ED,1447294053,Dr. Samuel Peterson,J44.1,"COPD review, breathing stable",SELFPAY,$ 959.89,Void,2024-09-29T09:19:37Z
EPIC_NORTH,E4785753,Lakeshore General Hospital,EN1003221,Steven,Lopez,12/04/1981,M,53731,(262) 555-0140,2024-01-11,2024-01-13T00:00:00,IN-PATIENT,1309114175,Dr. Hannah King,J44.1,"COPD review, breathing stable",MEDICAID,37322.03,Closed - Paid,2024-01-16T00:00:45Z
EPIC_NORTH,E9277157,ST BRENDAN MED CTR,EN1000320,Joshua,Walker,8/25/1996,M,54320,(920) 555-0165,09/24/2024,2024-09-26,inpatient admission,1642524775,Dr. Sarah Hall,A41.9,sore throat and fever,UHC,87951.08,PAID,2024-10-19T11:17:34Z
EPIC_NORTH,E5971807,lakeshore general hospital ,EN1003562,Priya,Lee,02/11/1959,F,54387,(414) 555-0143,2023-04-16,2023-04-16,Emergency Room,1447294053,Dr. Samuel Peterson,I10,headache with elevated blood pressure,MCR,906.71,Rejected,2023-05-07T03:51:36Z
EPIC_NORTH,E7071281,Lakeshore General,EN1007731,Ethan,Anderson,"Mar 27, 1967",M,53118,(920) 555-0104,06/07/2023,2023-06-07T00:00:00,ER,1871689760,"Walker, Ashley",J44.1,"COPD review, breathing stable",,1429.60,PAID,2023-07-02T14:02:39Z
EPIC_NORTH,E6720893,St. Brendan Medical Center,EN1003497,Mary,Moore,01/27/1954,F,52006,(563) 555-0124,01/02/2024,"Jan 2, 2024",Outpatient,1642524775,"Hall, Sarah",N18.4,kidney function review,UHC,1319.77,DENIED,2024-01-20T15:09:44Z
EPIC_NORTH,E4053663,St. Brendan Medical Center,EN1001726,Omar,Thompson,03/19/1971,M,54393,(920) 555-0119,2023-10-24,11/04/2023,Inpatient,1939494823,"Jackson, William",A41.9,sore throat and fever,CIGNA HEALTH,"93,316.62 USD",Denied,2023-11-23T12:14:38Z
EPIC_NORTH,E5797991,Lakeshore Gen Hosp,EN1000895,Luis,Hernandez,05/14/1960,M,53128,(608) 555-0180,"Jul 7, 2023",2023-07-08,ER,1809320819,Dr. Chloe Nguyen,N39.0,cold symptoms for a week,Cigna,$1.33K,Closed - Paid,2023-07-20T01:49:42Z
EPIC_NORTH,E4237484,Lakeshore General Hospital,EN1003206,Ryan,Van Dyke,05/25/1996,M,53289,(608) 555-0159,06/06/2023,2023-06-06T00:00:00,Emergency,1871689760,Dr. Ashley Walker,J18.9,fever and cough,BCBS,1112.72,PAID,2023-06-22T19:11:24Z
EPIC_NORTH,E1721204,St. Brendan Medical Center,EN1004139,Omar,O'Brien,1957-02-21,M,53156,(262) 555-0146,2024-08-09,"Aug 17, 2024",inpatient admission,1008754750,"Hoffman, Katherine",A41.9,confusion and high fever,Aetna,"$60,635.18",Paid in Full,2024-09-05T19:04:44Z
EPIC_NORTH,E4058363,Lakeshore Gen Hosp,EN1006555,Jennifer,Kowalski,9/26/1988,F,53153,(262) 555-0178,2023-01-12,01/12/2023,ED,1447294053,Dr. Samuel Peterson,i50.22,shortness of breath and leg swelling for several days,self-pay,"USD 1,578.25",Paid,2023-01-15T06:03:02Z
EPIC_NORTH,E3626395,lakeshore general hospital ,EN1002361,Sarah,Walker,"Sep 29, 1989",F,53169,(262) 555-0186,"Nov 29, 2023",12/01/2023,Inpatient,1701079810,"Hall, Linda",i63.9,pt Sarah Walker reports sudden weakness on one side,AETNA INC,"USD 13,236.38",Closed - Paid,2023-12-16T05:24:07Z
EPIC_NORTH,E1219839,St. Brendan Medical Center,EN1007446,Priya,Williams,1985-04-15,F,53198,(920) 555-0100,2024-06-15,06/16/2024,ER,1229836956,"Nelson, Joshua",I10,blood pressure check,MEDICAID,"USD 2,354.82",Paid,2024-06-24T05:23:46Z
EPIC_NORTH,E3576491,lakeshore general hospital ,EN1007259,Susan,Mueller,03/17/1977,F,52006,(319) 555-0130,2024-02-19,02/25/2024,Inpatient,1472671472,"King, Mei",I48.91,palpitations and dizziness,UHC,$20.61K,PAID,2024-03-20T14:57:54Z
EPIC_NORTH,E9688646,Maple Grove Pediatrics,EN1002882,Rajesh,Lee,2006-09-17,M,53774,(920) 555-0129,2024-01-15,,Out Patient,1615846452,"O'Brien, Nancy",R509,chest pain,AETNA INC,531.17 USD,PAID,2024-02-06T02:56:51Z
EPIC_NORTH,E7398023,Lakeshore General Hospital,EN1004251,Sarah,Schmidt,"May 25, 1964",F,53706,(414) 555-0118,"Apr 8, 2023",4/9/2023,OBS,1536455680,"Kowalski, Noah",I10,hypertension follow-up,CIGNA HEALTH,3244.33,Paid in Full,2023-04-18T22:48:55Z
EPIC_NORTH,E3012899,Lakeshore General Hospital,EN1008634,William,Miller,1982-03-14T00:00:00,M,53154,(608) 555-0138,06/24/2024,07/06/2024,Inpatient,1787680457,"Moore, Lisa",n18.6,dialysis follow-up,Aetna,"$25,142.83",PAID,2024-07-07T10:25:38Z
EPIC_NORTH,E8023072,Maple Grove Pediatrics,EN1004759,Anthony,Novak,"May 3, 2013",M,53712,(608) 555-0157,03/21/2024,,Telehealth,1541465906,"Johnson, Samuel",j06.9,sore throat and fever,MEDICAID,$91.86  ,Closed - Paid,2024-03-31T02:27:29Z
EPIC_NORTH,E9279362,Lakeshore Gen Hosp,EN1002407,Jacob,Taylor,1956-12-22,M,53158,(920) 555-0183,02/11/2023,"Feb 16, 2023",inpatient admission,1778486484,"Thomas, Emily",I63.9,sudden weakness on one side,Medicare - Part B,"USD 38,734.83",Paid,2023-03-02T09:50:01Z
EPIC_NORTH,E1792838,lakeshore general hospital ,EN1004962,Nancy,Larson,"Jul 1, 1962",F,54392,(608) 555-0150,07/29/2023,2023-07-29,Office Visit,1440029787,Dr. Olivia Young,Z00.00,well child visit,IA Medicaid,$246.37,PAID,2023-08-08T18:33:27Z
EPIC_NORTH,E3195150,Lakeshore General Hospital,EN1001214,Paul,Thompson,10/17/1977,M,53118,(262) 555-0159,2024-08-19,,Outpatient,1787680457,"Moore, Lisa",Z00.00,annual physical,Aetna,"2,066.21 USD",Paid,2024-08-22T15:01:29Z
EPIC_NORTH,E7538453,Lakeshore General Hospital,EN1005406,Michael,Kowalski,1973-01-01,M,54128,(608) 555-0132,2024-09-12,,Office Visit,1452059979,"Williams, Thomas",I50.32,shortness of breath and leg swelling for several days,Blue Cross Blue Shield,412.82 USD,DENIED,2024-09-21T00:20:38Z
EPIC_NORTH,E9110950,Lakeshore General Hospital,EN1005963,Katherine,Wagner,11/25/1954,F,54145,(608) 555-0156,"May 17, 2023","May 17, 2023",Emergency,1809320819,"Nguyen, Chloe",J189,burning on urination,Medicare,"USD 2,628.47",PAID,2023-05-19T06:38:31Z
EPIC_NORTH,E7746783,Lakeshore General Hospital,EN1001920,Paul,Lewis,2005-11-12T00:00:00,M,53100,(262) 555-0190,2023-02-17T00:00:00,02/17/2023,Out Patient,1452059979,"Williams, Thomas",m54.50,low back pain after lifting,Aetna,"$1,720.75",Paid,2023-02-20T21:20:09Z
EPIC_NORTH,E3015725,Lakeshore General Hospital,EN1001234,Maria,Peterson,01/22/1983,F,53220,(262) 555-0180,06/18/2023,2023-06-18,Emergency,1447294053,Dr. Samuel Peterson,S93.401A,twisted ankle playing basketball,IA Medicaid,"$6,720.79",Paid,2023-07-10T07:58:15Z
EPIC_NORTH,E2583873,LAKESHORE GENERAL HOSPITAL,EN1001038,Ethan,Johnson,11/05/1966,M,53280,(920) 555-0178,2023-07-10,07/15/2023,inpatient admission,1778486484,"Thomas, Emily",I48.91 - Unspecified atrial fibrillation,palpitations and dizziness,Cigna,62332.08,Paid in Full,2023-07-17T05:15:45Z
EPIC_NORTH,E3190646,Lakeshore General Hospital,EN1005919,Rebecca,Johnson,01/08/1966,F,54111,(920) 555-0149,"Sep 10, 2023",2023-09-10T00:00:00,Outpatient,1452059979,Dr. Thomas Williams,Z00.00,annual physical,Cigna,$234.75,VOIDED,2023-09-11T08:03:05Z
EPIC_NORTH,E6164562,Lakeshore General Hospital,EN1006789,Noah,Wagner,10/31/1965,M,53220,(414) 555-0130,2024-02-22,02/22/2024,ED,1447294053,"Peterson, Samuel",J44.1,"short of breath, using rescue inhaler more often",MEDICARE PART A,"$5,234.41",Closed - Paid,2024-02-24T03:24:08Z
EPIC_NORTH,E5483257,St. Brendan Medical Center,EN1008482,Rajesh,Mueller,1989-11-21,M,53718,(414) 555-0163,2023-09-26T00:00:00,2023-09-26,Out Patient,1682052588,"Wright, James",R109,severe headache,UnitedHealthcare,$340.86,Paid,2023-10-05T10:06:12Z
EPIC_NORTH,E4765832,St. Brendan Medical Center,EN1008581,Jessica,Wagner,"Aug 6, 1984",F,53756,(262) 555-0139,6/13/2024,06/21/2024,inpatient admission,1105218543,"Young, Tyler",I10,hypertension follow-up,Workers Comp,85332.24,Paid,2024-06-30T12:21:06Z
EPIC_NORTH,E5442535,Lakeshore General Hospital,EN1008625,Ana,Brown,1947-11-15,F,53157,(262) 555-0104,04/11/2023,2023-04-11,ED,1447294053,"Peterson, Samuel",I50.9,shortness of breath and leg swelling for several days,Medicare - Part B,6255.32,Paid in Full,2023-05-04T04:27:43Z
EPIC_NORTH,E6828562,Maple Grove Pediatrics,EN1006684,Steven,Wright,01/03/2018,M,53283,(262) 555-0177,09/15/2023,,Telehealth,1541465906,"Johnson, Samuel","J06.9 - Acute upper respiratory infection, unspecified",burning on urination,BadgerCare Plus,344.39,Paid,2023-09-18T07:54:23Z
EPIC_NORTH,E7244643,ST BRENDAN MED CTR,EN1004704,Andrew,Harris,1953-09-16,M,53225,(920) 555-0196,12/07/2023,12/07/2023,Obs Stay,1682052588,"Wright, James",I48.91,crushing chest pain spreading to left arm,MEDICARE PART A,"$7,193.92  ",PAID,2023-12-11T07:59:48Z
EPIC_NORTH,E9945904,St. Brendan's Medical Center,EN1003497,Mary,Moore,1954-01-27,F,52006,(563) 555-0124,2023-12-30,12/30/2023,Emergency Room,1028382221,"Wilson, Chloe",J18.9,cold symptoms for a week,UnitedHealthcare,"$6,394.29  ",Closed - Paid,2024-01-12T02:48:35Z
EPIC_NORTH,E6314919,lakeshore general hospital ,EN1008260,Ethan,Patel,"May 3, 1970",M,53164,(920) 555-0112,2024-06-28,,Office Visit,1701079810,Dr. Linda Hall,E11.9 - Type 2 diabetes mellitus without complications,numbness in both feet,MCR,1182.73,Paid,2024-06-29T15:22:23Z
EPIC_NORTH,E6942126,Lakeshore General Hospital,EN1001639,David,Brown,04/10/1930,M,54347,(262) 555-0163,2023-01-28T00:00:00,01/29/2023,ED,1447294053,Dr. Samuel Peterson,R519,fever for two days,MEDICARE PART A,"$1,713.91  ",Closed - Paid,2023-02-09T21:51:23Z
EPIC_NORTH,E1341690,lakeshore general hospital ,EN1007372,Kevin L,Miller,"Mar 11, 1943",M,53142,(262) 555-0145,2024-03-29,2024-04-06,Inpatient,1139986982,"Schmidt, Anthony",I10,blood pressure check,Medicaid,"$15,675.87",Paid,2024-04-15T16:25:47Z
EPIC_NORTH,E1253036,Lakeshore Gen Hosp,EN1002033,Minh,Martinez,1956-01-21T00:00:00,M,52052,(563) 555-0111,2023-12-09T00:00:00,12/17/2023,IN-PATIENT,1536455680,Dr. Noah Kowalski,J44.1 - Chronic obstructive pulmonary disease with (acute) exacerbation,increased cough and wheezing,Medicare,$90.11K,Paid in Full,2024-01-03T02:26:52Z
EPIC_NORTH,E4552215,St. Brendan Medical Center,EN1001629,Sandra,Jackson,6/24/1961,F,53736,(608) 555-0170,2024-01-31,02/08/2024,Inpatient,1008754750,"Hoffman, Katherine",I10,headache with elevated blood pressure,State Medicaid Plan,45183.06,Paid in Full,2024-02-14T18:11:34Z
EPIC_NORTH,E6167813,LAKESHORE GENERAL HOSPITAL,EN1005398,Ethan,Johnson,1974-05-23,M,54335,(414) 555-0173,2024-02-28,3/7/2024,IN-PATIENT,1452059979,Dr. Thomas Williams,E11.65,numbness in both feet,BadgerCare Plus,"$10,144.43",Paid in Full,2024-03-28T20:30:03Z
EPIC_NORTH,E1879282,Lakeshore General Hospital,EN1003562,Priya,Lee,1959-02-11,F,54387,(414) 555-0143,03/12/2024,,Out Patient,1701079810,Dr. Linda Hall,I10,blood pressure check,Medicare,$656.79,Closed - Paid,2024-04-01T08:30:21Z
EPIC_NORTH,E6946305,Lakeshore General Hospital,EN1000019,Rebecca,Rodriguez,1973-01-31,F,53213,(920) 555-0111,2023-05-23,"May 23, 2023",ER,1809320819,"Nguyen, Chloe",E11.65,confusion with very high glucose,Tricare,"$9,235.62",Paid in Full,2023-06-03T21:13:37Z
EPIC_NORTH,E1861704,Maple Grove Pediatrics,EN1007210,Karen,Taylor,2024-02-26,F,53746,(262) 555-0157,2024-11-18,11/18/2024,Outpatient,1410646008,"Hernandez, Matthew",G47.33,cold symptoms for a week,Cigna,$365.92  ,Rejected,2024-12-02T00:31:54Z
EPIC_NORTH,E1330163,Lakeshore General Hospital,EN1008225,Matthew,Harris,1968-07-30,M,53718,(262) 555-0122,2023-06-24,2023-06-25T00:00:00,EMERGENCY DEPT,1871689760,Dr. Ashley Walker,J18.9,burning on urination,IA Medicaid,"USD 5,719.79",Paid in Full,2023-07-04T23:11:33Z
EPIC_NORTH,E8409592,Lakeshore General Hospital,EN1002788,SAMUEL,OLSON,1972-07-19,M,54353,(262) 555-0110,2024-08-31,2024-09-04T00:00:00,INPT,1440029787,"Young, Olivia",J44.1,"COPD review, breathing stable",Medicaid,"29,793.24 USD",PAID,2024-09-23T08:56:06Z
EPIC_NORTH,E4054729,Lakeshore General Hospital,EN1001740,Chloe,Jones,05/20/1965,F,53786,(414) 555-0192,2023-10-19,10/19/2023,OTHER,1984162291,Dr. Brian Hansen,N18.6,swelling and reduced urine output,Blue Cross Blue Shield,$653.82  ,Paid,2023-11-10T19:25:26Z
EPIC_NORTH,E4734939,St. Brendan Medical Center,EN1003656,Rajesh,Davis,1929-12-18,M,53172,(920) 555-0182,2023-05-27,,Office Visit,1939494823,"Jackson, William",R10.9,severe headache,MEDICARE PART A,USD 146.79,Denied,2023-06-07T01:39:31Z
